update,timesteps,episodes,mean_reward,mean_score,mean_stage,mean_length,policy_loss,value_loss,entropy,learning_rate,explained_var,mean_start_stage,start_stage_t1_frac,start_stage_t2_frac,start_stage_t3_frac,start_stage_t4_frac,eval_mean_reward,eval_mean_score,eval_mean_max_stage,eval_mean_length,eval_over_max_rate
2202,9019392,1,76820.37726200993,45030.29437922079,7.0,5536.0,-0.0003362851957717794,15329.370993614197,0.9196160978171974,6.4660039680000004e-06,0.96569145,1.0,1.0,0.0,0.0,0.0,,,,,
2203,9023488,1,76820.37726200993,45030.29437922079,7.0,5536.0,-0.0002525785857869778,15157.230132102966,0.8930397604126483,6.464398336000001e-06,0.97693104,1.0,1.0,0.0,0.0,0.0,,,,,
2204,9027584,2,129475.10591524938,73995.8385664296,9.0,7740.0,-0.00014351573463500245,30378.16696214676,0.8178828526288271,6.462792704000001e-06,0.9748769,1.0,1.0,0.0,0.0,0.0,,,,,
2205,9031680,2,129475.10591524938,73995.8385664296,9.0,7740.0,-0.00029468346110661514,14372.678617715836,0.8361613367451355,6.461187072000001e-06,0.960154,1.0,1.0,0.0,0.0,0.0,,,,,
2206,9035776,3,135102.36271162122,76816.92297220528,9.333333333333334,7842.333333333333,-0.00021810121961607365,25649.675940036774,0.7806513144169003,6.45958144e-06,0.9762524,1.3333333333333333,0.6666666666666666,0.3333333333333333,0.0,0.0,,,,,
2207,9039872,4,127221.84395668113,71874.70481709464,10.25,6881.5,-0.00021681867474399041,56580.15144491196,0.8297587395645678,6.457975808e-06,0.9697734,3.5,0.5,0.25,0.0,0.25,,,,,
2208,9043968,5,106176.5663121511,60099.46261322056,9.6,5807.2,-0.0013655025950356503,8688.366986632347,0.9323016019770876,6.456370176e-06,0.952427,4.0,0.4,0.2,0.0,0.4,,,,,
2209,9048064,8,80998.58370326483,46116.9493289557,10.125,4531.5,-6.52032531434088e-05,84423.60816955566,0.8550397814251482,6.4547645440000006e-06,0.8567959,5.875,0.25,0.25,0.0,0.5,,,,,
2210,9052160,8,80998.58370326483,46116.9493289557,10.125,4531.5,-0.0004918156691928743,10111.504933834076,0.8268548346823081,6.453158912e-06,0.9347873,5.875,0.25,0.25,0.0,0.5,,,,,
2211,9056256,9,78622.1947022904,44975.43699970364,9.666666666666666,4572.0,-0.00034210016201541293,15328.126366615295,0.8218235332751647,6.451553280000001e-06,0.9758194,5.333333333333333,0.3333333333333333,0.2222222222222222,0.0,0.4444444444444444,,,,,
2212,9060352,10,84692.51668047212,48328.00330047193,9.8,4775.3,-0.00013926714382250793,40530.858404159546,0.7829036589246243,6.449947648000001e-06,0.9708767,5.3,0.3,0.2,0.1,0.4,,,,,
2213,9064448,11,86068.51144704357,48984.449980447585,10.090909090909092,4688.0,-0.00011828455353679601,47752.03428411484,0.7830215985886753,6.4483420160000005e-06,0.9692886,5.7272727272727275,0.2727272727272727,0.18181818181818182,0.09090909090909091,0.45454545454545453,,,,,
2214,9068544,12,84123.68977120944,47950.309943473876,9.916666666666666,4610.5,-0.00018455109420756344,21204.420706272125,0.8810875157359987,6.446736384e-06,0.92784876,5.666666666666667,0.25,0.16666666666666666,0.16666666666666666,0.4166666666666667,,,,,
2215,9072640,13,80752.83593351656,46092.02628901606,9.538461538461538,4510.461538461538,-0.00019438788422121434,16340.372027397156,0.8127201731549576,6.445130752e-06,0.9605624,5.384615384615385,0.23076923076923078,0.23076923076923078,0.15384615384615385,0.38461538461538464,,,,,
2216,9076736,13,80752.83593351656,46092.02628901606,9.538461538461538,4510.461538461538,-0.00014893050138198305,27920.739558696747,0.7961366552626714,6.44352512e-06,0.9785728,5.384615384615385,0.23076923076923078,0.23076923076923078,0.15384615384615385,0.38461538461538464,,,,,
2217,9080832,14,92787.81209566393,52635.90414488843,9.857142857142858,4920.428571428572,-7.955644196044886e-05,139455.26263332367,0.8529029556084424,6.441919488e-06,0.9513503,5.357142857142857,0.21428571428571427,0.21428571428571427,0.21428571428571427,0.35714285714285715,,,,,
2218,9084928,14,92787.81209566393,52635.90414488843,9.857142857142858,4920.428571428572,-0.000250151217187522,13043.416949272156,0.8662651726044714,6.440313856000001e-06,0.9712717,5.357142857142857,0.21428571428571427,0.21428571428571427,0.21428571428571427,0.35714285714285715,,,,,
2219,9089024,15,95499.38040135268,54170.82264556851,9.866666666666667,5053.466666666666,-0.0001360152273264248,40904.455857753754,0.8203973090276122,6.438708224000001e-06,0.9741189,5.2,0.2,0.26666666666666666,0.2,0.3333333333333333,,,,,
2220,9093120,15,95499.38040135268,54170.82264556851,9.866666666666667,5053.466666666666,-0.0002070224491035333,47597.12845039368,0.8370952206896618,6.437102592000001e-06,0.964186,5.2,0.2,0.26666666666666666,0.2,0.3333333333333333,,,,,
2221,9097216,17,98339.52183074215,55716.52591258202,10.235294117647058,4990.764705882353,-0.0001528604407212697,191453.3523492813,0.8057656277669594,6.4354969600000005e-06,0.95104015,5.647058823529412,0.17647058823529413,0.23529411764705882,0.17647058823529413,0.4117647058823529,,,,,
2222,9101312,17,98339.52183074215,55716.52591258202,10.235294117647058,4990.764705882353,-0.0009938512230291963,6615.570779085159,0.8041784086963162,6.433891328e-06,0.9748509,5.647058823529412,0.17647058823529413,0.23529411764705882,0.17647058823529413,0.4117647058823529,,,,,
2223,9105408,18,99906.9371358545,56614.67278969879,10.166666666666666,5146.777777777777,-0.00020441073047550162,38077.26902580261,0.8304301300086081,6.432285696e-06,0.9451747,5.388888888888889,0.2222222222222222,0.2222222222222222,0.16666666666666666,0.3888888888888889,,,,,
2224,9109504,20,91437.80886720322,51954.98468795619,9.8,4759.6,-0.0002017240331042558,22993.04824066162,0.8587489114142954,6.430680064000001e-06,0.5939597,5.45,0.2,0.2,0.2,0.4,,,,,
2225,9113600,20,91437.80886720322,51954.98468795619,9.8,4759.6,-0.0007009583723629476,26348.56714963913,0.8044394610915333,6.429074432e-06,0.95298964,5.45,0.2,0.2,0.2,0.4,106761.40942271474,60331.26621818731,10.3,5377.133333333333,0.43333333333333335
2226,9117696,21,94593.64403551875,53633.11022103948,9.80952380952381,4967.857142857143,-0.00040152126530301757,16517.625101327896,0.8274225388886407,6.427468800000001e-06,0.9674348,5.238095238095238,0.23809523809523808,0.19047619047619047,0.19047619047619047,0.38095238095238093,,,,,
2227,9121792,21,94593.64403551875,53633.11022103948,9.80952380952381,4967.857142857143,-0.0003284325957793044,16022.270873069763,0.8107692411867902,6.425863168000001e-06,0.96621615,5.238095238095238,0.23809523809523808,0.19047619047619047,0.19047619047619047,0.38095238095238093,,,,,
2228,9125888,22,96780.89117486548,54893.553779081296,9.818181818181818,5094.909090909091,-0.000387754267649143,16238.520197629929,0.8619446338852867,6.424257536000001e-06,0.978384,5.090909090909091,0.22727272727272727,0.22727272727272727,0.18181818181818182,0.36363636363636365,,,,,
2229,9129984,22,96780.89117486548,54893.553779081296,9.818181818181818,5094.909090909091,-0.0005090798276796704,9818.653548240662,0.886740472051315,6.422651904e-06,0.97731096,5.090909090909091,0.22727272727272727,0.22727272727272727,0.18181818181818182,0.36363636363636365,,,,,
2230,9134080,23,98196.39878094947,55656.53724360848,9.782608695652174,5220.391304347826,-0.0001419985910615651,21776.673503398895,0.8614401493687183,6.421046272e-06,0.9752902,4.913043478260869,0.2608695652173913,0.21739130434782608,0.17391304347826086,0.34782608695652173,,,,,
2231,9138176,23,98196.39878094947,55656.53724360848,9.782608695652174,5220.391304347826,-0.0001342116120213177,115418.65699291229,0.8230245270533487,6.41944064e-06,0.9760785,4.913043478260869,0.2608695652173913,0.21739130434782608,0.17391304347826086,0.34782608695652173,,,,,
2232,9142272,24,107228.51080315874,60480.15045926501,10.083333333333334,5438.833333333333,-0.00022450025880971225,430399.7033004761,0.8343721148557961,6.417835008e-06,0.9387917,5.041666666666667,0.25,0.20833333333333334,0.16666666666666666,0.375,,,,,
2233,9146368,24,107228.51080315874,60480.15045926501,10.083333333333334,5438.833333333333,-0.0007061531077852123,10115.364996433258,0.8765515474369749,6.416229376e-06,0.95226306,5.041666666666667,0.25,0.20833333333333334,0.16666666666666666,0.375,,,,,
2234,9150464,24,107228.51080315874,60480.15045926501,10.083333333333334,5438.833333333333,-0.00016085160677903332,36787.95677137375,0.8521087282570079,6.414623744e-06,0.9572479,5.041666666666667,0.25,0.20833333333333334,0.16666666666666666,0.375,,,,,
2235,9154560,25,109033.72976453384,61541.641137708546,10.08,5572.32,-0.0005756893087891513,11013.404668092728,0.8630425566807389,6.413018112000001e-06,0.908115,4.88,0.28,0.2,0.16,0.36,,,,,
2236,9158656,26,107976.57193416,60960.14756373976,9.961538461538462,5586.7692307692305,-0.0003324608005641494,22199.48517036438,0.8422328345477581,6.4114124800000005e-06,0.9799965,4.730769230769231,0.3076923076923077,0.19230769230769232,0.15384615384615385,0.34615384615384615,,,,,
2237,9162752,28,102681.6146995173,58053.27147932152,10.071428571428571,5317.678571428572,-8.95609500730643e-05,87878.8192396164,0.8849830764811486,6.409806848e-06,0.6353817,5.142857142857143,0.2857142857142857,0.17857142857142858,0.14285714285714285,0.39285714285714285,,,,,
2238,9166848,29,102744.45327786617,58125.83743848699,10.03448275862069,5333.448275862069,-0.00033278186856477987,15915.497303009033,0.8779451256850734,6.408201216e-06,0.9652072,5.068965517241379,0.27586206896551724,0.20689655172413793,0.13793103448275862,0.3793103448275862,,,,,
2239,9170944,30,102431.8875067657,57920.8478971657,10.0,5317.533333333334,-0.00026134217478102073,47298.677652835846,0.7977686366066337,6.406595584000001e-06,0.9086696,5.066666666666666,0.26666666666666666,0.2,0.16666666666666666,0.36666666666666664,,,,,
2240,9175040,31,100315.74522369065,56772.571250524714,9.903225806451612,5222.451612903225,-0.00045414347914629616,15306.491076231003,0.8344372615683824,6.4049899520000005e-06,0.9505631,5.064516129032258,0.25806451612903225,0.1935483870967742,0.1935483870967742,0.3548387096774194,,,,,
2241,9179136,31,100315.74522369065,56772.571250524714,9.903225806451612,5222.451612903225,-0.00019839156789203116,24337.666841983795,0.824621427571401,6.403384320000001e-06,0.9585912,5.064516129032258,0.25806451612903225,0.1935483870967742,0.1935483870967742,0.3548387096774194,,,,,
2242,9183232,33,99599.93381962825,56377.160073579034,9.93939393939394,5190.393939393939,-0.00010418991223559715,32238.970636367798,0.8328325089532882,6.401778688000001e-06,0.97087836,5.121212121212121,0.24242424242424243,0.21212121212121213,0.18181818181818182,0.36363636363636365,,,,,
2243,9187328,34,97147.48303009506,55020.24389187149,9.823529411764707,5074.5,-0.0003363930354680633,26119.474040985107,0.8532234790036455,6.400173056000001e-06,0.96682936,5.117647058823529,0.23529411764705882,0.20588235294117646,0.20588235294117646,0.35294117647058826,,,,,
2244,9191424,34,97147.48303009506,55020.24389187149,9.823529411764707,5074.5,-5.9525968026719056e-05,104727.1431722641,0.7389578274451196,6.3985674240000004e-06,0.95660096,5.117647058823529,0.23529411764705882,0.20588235294117646,0.20588235294117646,0.35294117647058826,,,,,
2245,9195520,36,99233.63444375063,56106.14633716834,9.86111111111111,5085.527777777777,-8.747819083509967e-05,155094.26007843018,0.8058583431411535,6.396961792e-06,0.95462155,5.166666666666667,0.2222222222222222,0.19444444444444445,0.19444444444444445,0.3888888888888889,,,,,
2246,9199616,37,97738.05482094208,55299.92711192174,9.81081081081081,5017.810810810811,-0.0003419269569349126,9243.30384016037,0.8565625182818621,6.39535616e-06,0.9531154,5.1891891891891895,0.21621621621621623,0.1891891891891892,0.1891891891891892,0.40540540540540543,,,,,
2247,9203712,38,97395.66569339846,55122.71123972448,9.736842105263158,5047.973684210527,-0.0003012167262568255,41220.33019924164,0.8315862691961229,6.393750528000001e-06,0.83967793,5.078947368421052,0.23684210526315788,0.18421052631578946,0.18421052631578946,0.39473684210526316,,,,,
2248,9207808,38,97395.66569339846,55122.71123972448,9.736842105263158,5047.973684210527,-8.450341738353018e-05,119399.15587806702,0.7639195891097188,6.392144896e-06,0.9628255,5.078947368421052,0.23684210526315788,0.18421052631578946,0.18421052631578946,0.39473684210526316,,,,,
2249,9211904,39,100400.48414471782,56696.4394710486,9.897435897435898,5091.692307692308,-0.00011679904764605453,248891.33591270447,0.8216976025141776,6.390539264e-06,0.92889464,5.205128205128205,0.23076923076923078,0.1794871794871795,0.1794871794871795,0.41025641025641024,,,,,
2250,9216000,40,100618.42759998134,56803.313904921386,9.925,5088.9,-0.0002724726982705761,29828.825008392334,0.7766782102407888,6.388933632000001e-06,0.9646711,5.25,0.225,0.175,0.175,0.425,116123.83447113317,64956.127124637445,10.533333333333333,5636.0,0.4666666666666667
2251,9220096,41,99698.72171118992,56301.26060281977,9.829268292682928,5088.024390243902,-0.0006731883131578797,10245.479508161545,0.8582005297066644,6.387328000000001e-06,0.9622982,5.146341463414634,0.24390243902439024,0.17073170731707318,0.17073170731707318,0.4146341463414634,,,,,
2252,9224192,41,99698.72171118992,56301.26060281977,9.829268292682928,5088.024390243902,-0.0003518337762216106,9914.2980093956,0.8578092270763591,6.385722368e-06,0.967494,5.146341463414634,0.24390243902439024,0.17073170731707318,0.17073170731707318,0.4146341463414634,,,,,
2253,9228288,41,99698.72171118992,56301.26060281977,9.829268292682928,5088.024390243902,-0.00015014532073109876,19729.035993099213,0.7640865558059886,6.384116736e-06,0.9792195,5.146341463414634,0.24390243902439024,0.17073170731707318,0.17073170731707318,0.4146341463414634,,,,,
2254,9232384,44,97155.2448521071,54909.27847347599,9.727272727272727,4995.681818181818,-0.00023557622807857115,26843.28529071808,0.8432223559357226,6.382511104e-06,0.9423396,5.136363636363637,0.25,0.1590909090909091,0.1590909090909091,0.4318181818181818,,,,,
2255,9236480,47,91522.23785231635,51826.0079850326,9.48936170212766,4733.744680851064,-0.0002896872219935176,14086.028897762299,0.8641383514041081,6.380905472e-06,0.95717955,5.170212765957447,0.23404255319148937,0.1702127659574468,0.14893617021276595,0.44680851063829785,,,,,
2256,9240576,48,90867.86672782263,51498.6884854608,9.458333333333334,4711.916666666667,-0.00015082229583640583,21880.184217453003,0.9150156057439744,6.379299840000001e-06,0.95137745,5.166666666666667,0.22916666666666666,0.16666666666666666,0.16666666666666666,0.4375,,,,,
2257,9244672,48,90867.86672782263,51498.6884854608,9.458333333333334,4711.916666666667,-0.00016999453691823874,38518.22664165497,0.7666644001146778,6.377694208e-06,0.9675924,5.166666666666667,0.22916666666666666,0.16666666666666666,0.16666666666666666,0.4375,,,,,
2258,9248768,49,92181.04372337738,52237.261813893645,9.489795918367347,4768.734693877551,-0.00047454109517275356,8912.252739191055,0.822805933188647,6.376088576000001e-06,0.9671082,5.142857142857143,0.22448979591836735,0.16326530612244897,0.1836734693877551,0.42857142857142855,,,,,
2259,9252864,49,92181.04372337738,52237.261813893645,9.489795918367347,4768.734693877551,-0.00011962725693592802,46213.87817430496,0.7767046368680894,6.3744829440000005e-06,0.96429515,5.142857142857143,0.22448979591836735,0.16326530612244897,0.1836734693877551,0.42857142857142855,,,,,
2260,9256960,50,93700.80497651543,53074.55258523899,9.52,4836.76,-0.00034377493921056157,9357.684011816978,0.8329773967852816,6.372877312e-06,0.9331926,5.1,0.22,0.18,0.18,0.42,,,,,
2261,9261056,51,93016.09150042423,52733.52791765802,9.450980392156863,4840.686274509804,-0.0002926823290181346,19109.144102334976,0.8812244965229183,6.37127168e-06,0.95961547,5.019607843137255,0.23529411764705882,0.17647058823529413,0.17647058823529413,0.4117647058823529,,,,,
2262,9265152,52,93055.9701599502,52777.69916148829,9.442307692307692,4844.807692307692,-0.00043310307410138194,13930.641586780548,0.8987619952531531,6.369666048000001e-06,0.9792234,5.0,0.23076923076923078,0.17307692307692307,0.19230769230769232,0.40384615384615385,,,,,
2263,9269248,52,93055.9701599502,52777.69916148829,9.442307692307692,4844.807692307692,-0.00025112172079388984,23549.857923030853,0.7619951874949038,6.3680604160000005e-06,0.97389215,5.0,0.23076923076923078,0.17307692307692307,0.19230769230769232,0.40384615384615385,,,,,
2264,9273344,54,92245.19081318511,52336.33161314571,9.38888888888889,4808.648148148148,-0.0002954875926661771,15590.049721240997,0.8976250691339374,6.366454784000001e-06,0.947125,4.981481481481482,0.2222222222222222,0.16666666666666666,0.2222222222222222,0.3888888888888889,,,,,
2265,9277440,54,92245.19081318511,52336.33161314571,9.38888888888889,4808.648148148148,-0.00016726550165913068,26789.509262561798,0.816098342067562,6.364849152000001e-06,0.9812372,4.981481481481482,0.2222222222222222,0.16666666666666666,0.2222222222222222,0.3888888888888889,,,,,
2266,9281536,56,92660.15713938996,52528.62147543817,9.339285714285714,4807.482142857143,-0.00015263782916008495,85504.87845611572,0.9281823607161641,6.363243520000001e-06,0.88609654,4.946428571428571,0.21428571428571427,0.17857142857142858,0.21428571428571427,0.39285714285714285,,,,,
2267,9285632,56,92660.15713938996,52528.62147543817,9.339285714285714,4807.482142857143,-0.0001785518561518984,23295.62919998169,0.847971428418532,6.3616378880000004e-06,0.9695021,4.946428571428571,0.21428571428571427,0.17857142857142858,0.21428571428571427,0.39285714285714285,,,,,
2268,9289728,57,93170.51431698748,52855.05342412488,9.350877192982455,4837.210526315789,-0.00022093972802395,22157.58182144165,0.871701515163295,6.360032256e-06,0.9617539,4.9298245614035086,0.21052631578947367,0.17543859649122806,0.22807017543859648,0.38596491228070173,,,,,
2269,9293824,57,93170.51431698748,52855.05342412488,9.350877192982455,4837.210526315789,-0.0001407882973580854,35728.52654457092,0.7957670086761937,6.358426624e-06,0.97662073,4.9298245614035086,0.21052631578947367,0.17543859649122806,0.22807017543859648,0.38596491228070173,,,,,
2270,9297920,58,94217.80969709897,53417.51940019958,9.379310344827585,4879.3448275862065,-0.00038769862294429913,12767.603904485703,0.8695008131908253,6.356820992e-06,0.9674874,4.913793103448276,0.20689655172413793,0.1724137931034483,0.2413793103448276,0.3793103448275862,,,,,
2271,9302016,59,94876.25293481525,53820.855396836254,9.389830508474576,4919.067796610169,-0.00027414427404437447,23360.32892179489,0.7967659126734361,6.35521536e-06,0.9648376,4.88135593220339,0.2033898305084746,0.1864406779661017,0.23728813559322035,0.3728813559322034,,,,,
2272,9306112,59,94876.25293481525,53820.855396836254,9.389830508474576,4919.067796610169,-0.000154104498506058,164461.23641204834,0.7792757179122418,6.353609728e-06,0.9716277,4.88135593220339,0.2033898305084746,0.1864406779661017,0.23728813559322035,0.3728813559322034,,,,,
2273,9310208,60,97273.10597943046,55049.873253839294,9.516666666666667,4958.266666666666,-0.00019502981285768328,305848.5133037567,0.7937645178753883,6.352004096000001e-06,0.9358232,4.983333333333333,0.2,0.18333333333333332,0.23333333333333334,0.38333333333333336,,,,,
2274,9314304,61,96100.37265837478,54389.362689944894,9.426229508196721,4916.786885245901,-0.0005208813759054465,5387.508942365646,0.88354484050069,6.350398464000001e-06,0.93253756,4.934426229508197,0.19672131147540983,0.19672131147540983,0.22950819672131148,0.3770491803278688,,,,,
2275,9318400,62,95312.39727244603,53938.96969026695,9.35483870967742,4899.564516129032,-0.0012782697840520996,6272.352359056473,0.8505169845884666,6.348792832e-06,0.97333676,4.870967741935484,0.20967741935483872,0.1935483870967742,0.22580645161290322,0.3709677419354839,104360.7664259365,58857.322087625944,10.133333333333333,5161.066666666667,0.36666666666666664
2276,9322496,62,95312.39727244603,53938.96969026695,9.35483870967742,4899.564516129032,-0.0003156878738082014,20571.253871917725,0.7919471558416262,6.3471872e-06,0.9771325,4.870967741935484,0.20967741935483872,0.1935483870967742,0.22580645161290322,0.3709677419354839,,,,,
2277,9326592,66,92219.2308407763,52210.41503759267,9.257575757575758,4769.681818181818,-0.00020240736739651766,39981.369383096695,0.9164019173476845,6.345581568000001e-06,0.4583423,4.909090909090909,0.19696969696969696,0.21212121212121213,0.22727272727272727,0.36363636363636365,,,,,
2278,9330688,66,92219.2308407763,52210.41503759267,9.257575757575758,4769.681818181818,-0.0003096033524343511,12417.23151230812,0.9314246460562572,6.3439759360000005e-06,0.9291084,4.909090909090909,0.19696969696969696,0.21212121212121213,0.22727272727272727,0.36363636363636365,,,,,
2279,9334784,68,91952.1391198454,52065.81732405948,9.294117647058824,4755.117647058823,-0.00014868950893287547,62414.18767929077,0.7963086243253201,6.342370304000001e-06,0.96094084,4.955882352941177,0.19117647058823528,0.22058823529411764,0.22058823529411764,0.36764705882352944,,,,,
2280,9338880,69,91237.2259567784,51678.44034098382,9.231884057971014,4742.36231884058,-0.0005134312377776951,7605.647310137749,0.9617977204034105,6.340764672000001e-06,0.9506101,4.898550724637682,0.2028985507246377,0.21739130434782608,0.21739130434782608,0.36231884057971014,,,,,
2281,9342976,70,90861.38141917111,51490.823271089204,9.2,4739.471428571429,-0.0003145307691738708,14920.466223239899,0.8222917516250163,6.339159040000001e-06,0.92266047,4.871428571428571,0.2,0.22857142857142856,0.21428571428571427,0.35714285714285715,,,,,
2282,9347072,71,91234.2717653634,51698.34332220963,9.295774647887324,4727.183098591549,-7.073562710502301e-05,255413.4202709198,0.8286980779375881,6.3375534080000005e-06,0.94897556,4.985915492957746,0.19718309859154928,0.22535211267605634,0.2112676056338028,0.36619718309859156,,,,,
2283,9351168,72,90567.64647517115,51337.70427841538,9.25,4704.194444444444,-0.0004747182101709768,10542.920048952103,0.8150241217808798,6.335947776e-06,0.9532423,4.958333333333333,0.19444444444444445,0.2361111111111111,0.20833333333333334,0.3611111111111111,,,,,
2284,9355264,72,90567.64647517115,51337.70427841538,9.25,4704.194444444444,-0.0004974135845259298,8440.359331846237,0.8868575193919241,6.334342144e-06,0.98313516,4.958333333333333,0.19444444444444445,0.2361111111111111,0.20833333333333334,0.3611111111111111,,,,,
2285,9359360,72,90567.64647517115,51337.70427841538,9.25,4704.194444444444,-0.00018032394837064203,38660.00894641876,0.7979993488406762,6.332736512e-06,0.975514,4.958333333333333,0.19444444444444445,0.2361111111111111,0.20833333333333334,0.3611111111111111,,,,,
2286,9363456,73,93008.78769137038,52687.065706810805,9.315068493150685,4801.246575342466,-8.839120710035786e-05,122956.5497636795,0.7836782633094117,6.3311308800000005e-06,0.9630596,4.931506849315069,0.1917808219178082,0.2465753424657534,0.2054794520547945,0.3561643835616438,,,,,
2287,9367552,74,92479.3919115515,52399.718752516805,9.324324324324325,4773.22972972973,-0.00029751958300039405,11876.670172214508,0.891879650298506,6.329525248e-06,0.97743654,4.972972972972973,0.1891891891891892,0.24324324324324326,0.20270270270270271,0.36486486486486486,,,,,
2288,9371648,75,91840.34350425632,52067.4372804852,9.266666666666667,4764.093333333333,-0.00013924099948781077,68483.77489852905,0.8542267109733075,6.327919616000001e-06,0.9581807,4.92,0.2,0.24,0.2,0.36,,,,,
2289,9375744,78,89998.00647611626,51021.25793426774,9.26923076923077,4662.5,-0.00028070977714378387,78414.55066156387,0.895120826549828,6.326313984000001e-06,0.9340943,5.0256410256410255,0.19230769230769232,0.24358974358974358,0.19230769230769232,0.3717948717948718,,,,,
2290,9379840,79,89401.73223650508,50673.441990350344,9.341772151898734,4623.101265822785,-0.00016846721155161504,117925.24985551834,0.8717235253425315,6.324708352e-06,0.9702855,5.139240506329114,0.189873417721519,0.24050632911392406,0.189873417721519,0.379746835443038,,,,,
2291,9383936,79,89401.73223650508,50673.441990350344,9.341772151898734,4623.101265822785,-0.00013989609578857198,167221.3135356903,0.766265140613541,6.32310272e-06,0.97043085,5.139240506329114,0.189873417721519,0.24050632911392406,0.189873417721519,0.379746835443038,,,,,
2292,9388032,80,91627.40625617991,51879.197223316536,9.425,4679.5125,-0.0001427753159077838,139526.37019753456,0.9030307602370158,6.321497088e-06,0.93752795,5.175,0.1875,0.2375,0.1875,0.3875,,,,,
2293,9392128,82,89936.3117562231,50943.42917326592,9.390243902439025,4616.463414634146,-0.0004200335561108659,10878.322026729584,0.8874847824918106,6.319891456e-06,0.87949014,5.195121951219512,0.1951219512195122,0.23170731707317074,0.18292682926829268,0.3902439024390244,,,,,
2294,9396224,83,89552.21341459858,50744.00669330178,9.349397590361447,4617.192771084337,-0.0002467275407980196,17101.08626627922,0.8839526482624933,6.318285824e-06,0.9148267,5.144578313253012,0.20481927710843373,0.2289156626506024,0.18072289156626506,0.3855421686746988,,,,,
2295,9400320,84,88825.74277368715,50351.84276350816,9.285714285714286,4599.226190476191,-0.0009350949449071777,3328.9336730241776,0.8180212386650965,6.316680192e-06,0.9634932,5.095238095238095,0.21428571428571427,0.2261904761904762,0.17857142857142858,0.38095238095238093,,,,,
2296,9404416,85,88468.46258565816,50161.438598699286,9.24705882352941,4599.4,-0.0002792430605040863,31420.904469013214,0.8635711543029174,6.315074560000001e-06,0.957757,5.047058823529412,0.2235294117647059,0.2235294117647059,0.17647058823529413,0.3764705882352941,,,,,
2297,9408512,85,88468.46258565816,50161.438598699286,9.24705882352941,4599.4,-0.00017223006125277607,84757.0250749588,0.7083266251720488,6.3134689280000006e-06,0.96769345,5.047058823529412,0.2235294117647059,0.2235294117647059,0.17647058823529413,0.3764705882352941,,,,,
2298,9412608,87,89139.2308887626,50487.96837499085,9.298850574712644,4597.862068965517,-0.000347976178090903,87583.76395535469,0.8757215444929898,6.311863296e-06,0.9588097,5.114942528735632,0.21839080459770116,0.21839080459770116,0.1724137931034483,0.39080459770114945,,,,,
2299,9416704,87,89139.2308887626,50487.96837499085,9.298850574712644,4597.862068965517,-0.0003917888825526461,15038.884485244751,0.8077914852183312,6.310257664e-06,0.9657733,5.114942528735632,0.21839080459770116,0.21839080459770116,0.1724137931034483,0.39080459770114945,,,,,
2300,9420800,88,90032.01406510649,50985.357004591635,9.318181818181818,4638.511363636364,-0.00015391827037092298,31029.073267936707,0.7760863187722862,6.308652032000001e-06,0.9742332,5.090909090909091,0.2159090909090909,0.22727272727272727,0.17045454545454544,0.38636363636363635,146743.42946590288,81043.8286758999,11.3,6478.8,0.5666666666666667
2301,9424896,88,90032.01406510649,50985.357004591635,9.318181818181818,4638.511363636364,-0.00018072619241138455,22014.552396774292,0.8103736452758312,6.3070464000000005e-06,0.97820324,5.090909090909091,0.2159090909090909,0.22727272727272727,0.17045454545454544,0.38636363636363635,,,,,
2302,9428992,89,90560.98419056452,51280.67348328214,9.337078651685394,4656.213483146067,-0.0002732027310230478,19295.396962165833,0.7962651414563879,6.305440768e-06,0.977805,5.089887640449438,0.21348314606741572,0.2247191011235955,0.1797752808988764,0.38202247191011235,,,,,
2303,9433088,91,89721.33215168538,50827.39932128086,9.351648351648352,4621.747252747253,-0.00019006901129614562,66725.66997766495,0.8476931895129383,6.303835136000001e-06,0.94372773,5.131868131868132,0.2087912087912088,0.23076923076923078,0.17582417582417584,0.38461538461538464,,,,,
2304,9437184,92,89578.62976160427,50745.15146971783,9.33695652173913,4619.630434782609,-0.0004473526987567311,10736.213160991669,0.8804621171439067,6.302229504000001e-06,0.9779057,5.119565217391305,0.20652173913043478,0.22826086956521738,0.18478260869565216,0.3804347826086957,,,,,
2305,9441280,92,89578.62976160427,50745.15146971783,9.33695652173913,4619.630434782609,-0.0007093378117133398,7108.090152025223,0.8295468688011169,6.3006238720000005e-06,0.96204805,5.119565217391305,0.20652173913043478,0.22826086956521738,0.18478260869565216,0.3804347826086957,,,,,
2306,9445376,94,88998.54952944827,50444.57150376018,9.26595744680851,4618.68085106383,-0.00014361463217937853,30870.296728610992,0.8278064588084817,6.29901824e-06,0.94101506,5.042553191489362,0.2127659574468085,0.23404255319148937,0.18085106382978725,0.3723404255319149,,,,,
2307,9449472,94,88998.54952944827,50444.57150376018,9.26595744680851,4618.68085106383,-0.00021031152209616266,14577.075987100601,0.8556658292654902,6.297412608e-06,0.9735637,5.042553191489362,0.2127659574468085,0.23404255319148937,0.18085106382978725,0.3723404255319149,,,,,
2308,9453568,94,88998.54952944827,50444.57150376018,9.26595744680851,4618.68085106383,-0.0001073494468073477,45222.047355651855,0.8209400519262999,6.295806976e-06,0.9748001,5.042553191489362,0.2127659574468085,0.23404255319148937,0.18085106382978725,0.3723404255319149,,,,,
2309,9457664,95,90377.54820043674,51204.976246277525,9.305263157894737,4668.7052631578945,-0.00029094288083797437,38356.25337553024,0.8399413584265858,6.2942013440000004e-06,0.9699269,5.031578947368421,0.21052631578947367,0.23157894736842105,0.18947368421052632,0.3684210526315789,,,,,
2310,9461760,95,90377.54820043674,51204.976246277525,9.305263157894737,4668.7052631578945,-0.0004551335796350031,21625.315160751343,0.8558887438848615,6.292595712e-06,0.96332556,5.031578947368421,0.21052631578947367,0.23157894736842105,0.18947368421052632,0.3684210526315789,,,,,
2311,9465856,96,91940.16769776055,52065.94790167251,9.34375,4735.40625,-0.00016226845582423266,76312.6343421936,0.8010335069848225,6.290990080000001e-06,0.9706377,5.0,0.20833333333333334,0.23958333333333334,0.1875,0.3645833333333333,,,,,
2312,9469952,96,91940.16769776055,52065.94790167251,9.34375,4735.40625,-0.00023989215969777433,36422.243352890015,0.8577415840700269,6.289384448000001e-06,0.97563213,5.0,0.20833333333333334,0.23958333333333334,0.1875,0.3645833333333333,,,,,
2313,9474048,98,91816.08293449614,52008.67016853053,9.346938775510203,4715.969387755102,-0.00032631853900966235,40463.16705942154,0.8795914781512693,6.287778816e-06,0.9704436,5.020408163265306,0.20408163265306123,0.23469387755102042,0.19387755102040816,0.3673469387755102,,,,,
2314,9478144,99,91418.61891446951,51795.70968877003,9.313131313131313,4708.757575757576,-0.0003531386737449793,18137.967119693756,0.9155319506535307,6.286173184e-06,0.9087892,4.98989898989899,0.20202020202020202,0.24242424242424243,0.1919191919191919,0.36363636363636365,,,,,
2315,9482240,99,91418.61891446951,51795.70968877003,9.313131313131313,4708.757575757576,-0.00018617856130731525,26395.87348842621,0.7713915247004479,6.284567552000001e-06,0.9786222,4.98989898989899,0.20202020202020202,0.24242424242424243,0.1919191919191919,0.36363636363636365,,,,,
2316,9486336,100,92297.33320605865,52261.081329986395,9.34,4740.56,-0.00023121282265492482,32970.29403924942,0.7980514897499233,6.28296192e-06,0.9742414,4.99,0.2,0.24,0.2,0.36,,,,,
2317,9490432,102,90258.35174756909,51119.358223566196,9.27,4634.47,-0.0001944153118529357,20435.1682369709,0.8886107399594039,6.281356288000001e-06,0.8876875,5.04,0.19,0.24,0.2,0.37,,,,,
2318,9494528,103,89127.05596953571,50481.13901999745,9.21,4585.29,-0.0005125019142724341,31526.17330145836,0.8283890368184075,6.279750656000001e-06,0.96577233,5.03,0.2,0.23,0.2,0.37,,,,,
2319,9498624,105,88667.50769573377,50258.613238582686,9.19,4583.76,-0.00016660009805491427,38484.72719049454,0.9076056552585214,6.278145024000001e-06,0.6691169,5.01,0.2,0.24,0.2,0.36,,,,,
2320,9502720,107,87763.48653878497,49736.84087919869,9.2,4531.57,-0.0003972603881265968,14405.524562120438,0.9013418745016679,6.2765393920000006e-06,0.9287383,5.07,0.2,0.23,0.2,0.37,,,,,
2321,9506816,107,87763.48653878497,49736.84087919869,9.2,4531.57,-0.0007033832880551927,9295.402269124985,0.9116876315092668,6.27493376e-06,0.9742276,5.07,0.2,0.23,0.2,0.37,,,,,
2322,9510912,108,89537.57598410003,50728.77592079094,9.18,4623.13,-0.00013821909760736162,74783.05579805374,0.8616925291717052,6.273328128e-06,0.947692,4.96,0.2,0.24,0.2,0.36,,,,,
2323,9515008,108,89537.57598410003,50728.77592079094,9.18,4623.13,-7.12917299097171e-05,289308.9274482727,0.7764013775158674,6.271722496e-06,0.9450223,4.96,0.2,0.24,0.2,0.36,,,,,
2324,9519104,109,90928.88111531956,51445.42015766831,9.29,4633.1,-0.0002414303953628405,174532.76095867157,0.85617278853897,6.2701168640000005e-06,0.9375338,5.07,0.19,0.24,0.2,0.37,,,,,
2325,9523200,110,90119.42032626508,50995.876395431216,9.24,4611.39,-0.00022770015038986458,20810.814695119858,0.8892508817370981,6.268511232e-06,0.73614264,5.04,0.19,0.25,0.19,0.37,102575.2152423489,57966.2014287359,9.966666666666667,5022.666666666667,0.4666666666666667
2326,9527296,110,90119.42032626508,50995.876395431216,9.24,4611.39,-0.00016483126273669768,24868.85023999214,0.7969700549729168,6.266905600000001e-06,0.9710311,5.04,0.19,0.25,0.19,0.37,,,,,
2327,9531392,111,91167.73946391886,51590.89826207199,9.23,4670.13,-0.00014341109454107936,48393.95564413071,0.8541669794358313,6.265299968000001e-06,0.97408354,4.96,0.19,0.26,0.19,0.36,,,,,
2328,9535488,111,91167.73946391886,51590.89826207199,9.23,4670.13,-0.000489359115363186,24605.329860448837,0.8805103172780946,6.2636943360000005e-06,0.97526175,4.96,0.19,0.26,0.19,0.36,,,,,
2329,9539584,111,91167.73946391886,51590.89826207199,9.23,4670.13,-8.317727588291746e-05,71796.08436155319,0.782725388999097,6.262088704e-06,0.97830725,4.96,0.19,0.26,0.19,0.36,,,,,
2330,9543680,112,93660.18959581165,52934.17912492427,9.3,4757.74,-0.0001196406374219805,131274.39148283005,0.8225843999534845,6.260483072e-06,0.9568315,4.94,0.19,0.27,0.18,0.36,,,,,
2331,9547776,113,93711.06645400722,52966.717712155565,9.34,4747.41,-0.0009794961333682295,10133.938190102577,0.8242852273397148,6.25887744e-06,0.94940937,4.99,0.19,0.26,0.18,0.37,,,,,
2332,9551872,114,92001.03947597399,52045.25162186753,9.27,4702.26,-0.00025066793841688195,19599.802065372467,0.8257521921768785,6.2572718080000004e-06,0.9621333,4.95,0.2,0.26,0.17,0.37,,,,,
2333,9555968,115,91784.22663975004,51918.23949716374,9.29,4677.98,-0.0001344100401183823,54282.52102470398,0.7715035007568076,6.255666176e-06,0.9676105,5.0,0.2,0.25,0.17,0.38,,,,,
2334,9560064,115,91784.22663975004,51918.23949716374,9.29,4677.98,-0.0007485546266252641,11433.906371355057,0.7446853362489492,6.254060544000001e-06,0.9639773,5.0,0.2,0.25,0.17,0.38,,,,,
2335,9564160,115,91784.22663975004,51918.23949716374,9.29,4677.98,-0.0003093087807428674,32147.012150287628,0.825245451531373,6.252454912000001e-06,0.97519934,5.0,0.2,0.25,0.17,0.38,,,,,
2336,9568256,116,92292.35731388882,52173.41488388347,9.28,4718.77,-6.580758235941175e-05,184891.60908222198,0.7450219099409878,6.25084928e-06,0.90257084,4.95,0.2,0.26,0.17,0.37,,,,,
2337,9572352,116,92292.35731388882,52173.41488388347,9.28,4718.77,-0.0002083029739878839,26402.586693286896,0.7860376472817734,6.249243648e-06,0.96986586,4.95,0.2,0.26,0.17,0.37,,,,,
2338,9576448,118,93012.73494517455,52549.11009363307,9.36,4720.3,-9.007606513478095e-05,83332.69214439392,0.7746530295116827,6.247638016e-06,0.9629863,5.04,0.19,0.26,0.17,0.38,,,,,
2339,9580544,118,93012.73494517455,52549.11009363307,9.36,4720.3,-0.00045865998708904954,7087.197103500366,0.8467143109301105,6.246032384000001e-06,0.9361606,5.04,0.19,0.26,0.17,0.38,,,,,
2340,9584640,119,93961.59227727598,53078.51898289399,9.37,4776.02,-0.0004120095718462835,16795.507541537285,0.7951600271044299,6.244426752e-06,0.9761296,4.98,0.2,0.26,0.17,0.37,,,,,
2341,9588736,119,93961.59227727598,53078.51898289399,9.37,4776.02,-0.000413768163525674,10590.205978631973,0.7963622660608962,6.242821120000001e-06,0.9742196,4.98,0.2,0.26,0.17,0.37,,,,,
2342,9592832,120,94727.69063367986,53501.55815130905,9.39,4827.03,-0.0007286009122253745,3628.1826888918877,0.8443195472937077,6.241215488000001e-06,0.951422,4.94,0.21,0.26,0.16,0.37,,,,,
2343,9596928,120,94727.69063367986,53501.55815130905,9.39,4827.03,-0.0002774187014438212,16813.983449459076,0.7810417733853683,6.2396098560000005e-06,0.9830001,4.94,0.21,0.26,0.16,0.37,,,,,
2344,9601024,120,94727.69063367986,53501.55815130905,9.39,4827.03,-9.60557645157678e-05,93535.43820095062,0.7900787955150008,6.238004224e-06,0.9642103,4.94,0.21,0.26,0.16,0.37,,,,,
2345,9605120,122,94656.72241803678,53426.653877607605,9.43,4791.57,-0.00019555016024241922,59534.80958557129,0.8125974505674094,6.236398592e-06,0.9645564,5.02,0.21,0.25,0.16,0.38,,,,,
2346,9609216,123,94143.56500267496,53157.61177713773,9.41,4767.2,-0.0006599618845939403,8263.890690922737,0.7753181934822351,6.23479296e-06,0.957636,5.02,0.21,0.25,0.16,0.38,,,,,
2347,9613312,124,91326.04608647297,51629.671464470775,9.28,4693.85,-0.0005841297715960536,6654.400632381439,0.8450654374901205,6.2331873280000005e-06,0.9440387,4.95,0.22,0.25,0.16,0.37,,,,,
2348,9617408,125,90891.08046020137,51381.183115548665,9.27,4666.27,-0.0002766134741705173,30360.307651281357,0.7729325671680272,6.231581696e-06,0.95654714,4.97,0.21,0.26,0.16,0.37,,,,,
2349,9621504,126,90098.21305980042,50937.06493666894,9.25,4611.59,-0.00041000663941304083,5547.78687787056,0.8877583291614428,6.229976064000001e-06,0.93937796,5.01,0.2,0.26,0.17,0.37,,,,,
2350,9625600,127,90070.31971616083,50931.39644447328,9.2,4631.75,-0.00010288498651789268,50196.020592689514,0.7934956102399155,6.228370432000001e-06,0.9722548,4.93,0.21,0.26,0.17,0.36,92559.29165480769,52296.87980645739,9.733333333333333,4759.166666666667,0.36666666666666664
2351,9629696,128,91559.57641776254,51709.985231280625,9.23,4676.19,-0.00011486569019325543,110108.29990148544,0.7694697132101282,6.2267648000000005e-06,0.9690717,4.92,0.21,0.26,0.17,0.36,,,,,
2352,9633792,129,91120.21613075462,51464.051448471546,9.2,4667.82,-0.0004972813303538715,10584.58498120308,0.8916557363700122,6.225159168e-06,0.9623342,4.9,0.22,0.25,0.17,0.36,,,,,
2353,9637888,131,90494.65613947893,51144.357269583576,9.17,4641.24,-0.00042602591929608025,13821.953962087631,0.8974537249887362,6.223553536000001e-06,0.9549323,4.89,0.22,0.26,0.15,0.37,,,,,
2354,9641984,132,88828.46849723112,50211.48574148987,9.13,4560.57,-0.00015267928029061295,10491.525480270386,0.8289924302371219,6.221947904e-06,0.7682984,4.94,0.22,0.25,0.15,0.38,,,,,
2355,9646080,132,88828.46849723112,50211.48574148987,9.13,4560.57,-0.00026464444454177283,18404.15003824234,0.8272827414330095,6.220342272e-06,0.98191786,4.94,0.22,0.25,0.15,0.38,,,,,
2356,9650176,134,90467.16163799725,51121.72682241032,9.16,4647.4,-9.113904252444627e-05,35194.03092622757,0.9341376777738333,6.218736640000001e-06,0.94276446,4.88,0.23,0.25,0.14,0.38,,,,,
2357,9654272,135,88797.52191924072,50245.210916499615,9.1,4606.13,-0.00038286488597805146,27207.36636352539,0.8542893984122202,6.217131008e-06,0.9447237,4.86,0.23,0.25,0.15,0.37,,,,,
2358,9658368,136,89336.70437924725,50532.26866717332,9.15,4622.39,-0.00014153857227938715,29440.50619983673,0.8090848618885502,6.215525376000001e-06,0.9760667,4.89,0.23,0.25,0.15,0.37,,,,,
2359,9662464,136,89336.70437924725,50532.26866717332,9.15,4622.39,-0.00048324873387173284,10125.759090662003,0.7888590431539342,6.213919744e-06,0.9683776,4.89,0.23,0.25,0.15,0.37,,,,,
2360,9666560,137,89917.05682364877,50860.12366733147,9.15,4664.55,-0.00022575086677534273,22939.605453014374,0.837657343945466,6.212314112e-06,0.9764727,4.84,0.24,0.25,0.15,0.36,,,,,
2361,9670656,137,89917.05682364877,50860.12366733147,9.15,4664.55,-0.0001329102506133495,73533.96379566193,0.7601039526052773,6.21070848e-06,0.96595114,4.84,0.24,0.25,0.15,0.36,,,,,
2362,9674752,138,91335.24905672908,51623.613279938436,9.22,4689.48,-0.00023528396741312463,47423.38441205025,0.8311702574137598,6.2091028480000006e-06,0.9707646,4.89,0.23,0.25,0.15,0.37,,,,,
2363,9678848,140,89042.28438686831,50413.84493031761,9.13,4637.09,-0.0002143569281543023,24167.637984275818,0.8592650376958773,6.207497216e-06,0.9541146,4.84,0.23,0.26,0.15,0.36,,,,,
2364,9682944,142,86904.68698603367,49224.61613803291,9.12,4506.87,-0.0011851803574245423,5250.0617817640305,0.925810846616514,6.205891584000001e-06,0.9791876,4.97,0.21,0.26,0.16,0.37,,,,,
2365,9687040,143,87612.97932859689,49628.6054446087,9.13,4552.68,-0.00027765173763327766,17152.04656791687,0.8763683257857338,6.204285952000001e-06,0.81046253,4.93,0.21,0.27,0.16,0.36,,,,,
2366,9691136,145,87911.93122972963,49794.10639446999,9.1,4577.44,-0.0002994595906784525,16296.692827939987,0.9001267974963412,6.2026803200000005e-06,0.9663574,4.87,0.22,0.27,0.16,0.35,,,,,
2367,9695232,145,87911.93122972963,49794.10639446999,9.1,4577.44,-0.0007825762440916151,9995.433865308762,0.8359415805898607,6.201074688e-06,0.95633817,4.87,0.22,0.27,0.16,0.35,,,,,
2368,9699328,146,88655.58068053942,50218.77712433182,9.14,4627.69,-0.00043597500916803256,21420.406569957733,0.8495642942143604,6.199469056e-06,0.95744634,4.85,0.23,0.26,0.16,0.35,,,,,
2369,9703424,147,89364.54602818577,50613.83555465614,9.15,4664.2,-0.00044733711729350034,12201.533483505249,0.8481704010628164,6.197863424e-06,0.9727629,4.82,0.23,0.26,0.17,0.34,,,,,
2370,9707520,148,89596.08341049543,50728.61104981401,9.15,4676.71,-0.000397219244405278,16277.091649532318,0.8562149903737009,6.1962577920000005e-06,0.97238815,4.8,0.23,0.27,0.16,0.34,,,,,
2371,9711616,148,89596.08341049543,50728.61104981401,9.15,4676.71,-0.0008709219500815379,12838.119078874588,0.8254084717482328,6.19465216e-06,0.9778316,4.8,0.23,0.27,0.16,0.34,,,,,
2372,9715712,148,89596.08341049543,50728.61104981401,9.15,4676.71,-0.0002683484235603828,29490.91364812851,0.7715873057022691,6.193046528e-06,0.9836889,4.8,0.23,0.27,0.16,0.34,,,,,
2373,9719808,150,88826.98561510725,50319.23192377006,9.16,4647.52,-0.0001841066186898388,49306.26428890228,0.8355358719127253,6.191440896000001e-06,0.95520645,4.84,0.24,0.26,0.15,0.35,,,,,
2374,9723904,152,88678.9722706051,50178.63680737258,9.19,4599.25,-0.0004386000937302015,91650.76736021042,0.8635603326838464,6.1898352640000005e-06,0.972504,4.93,0.23,0.26,0.15,0.36,,,,,
2375,9728000,152,88678.9722706051,50178.63680737258,9.19,4599.25,-0.0001454551756978617,24741.53233242035,0.8728670077398419,6.188229632e-06,0.979725,4.93,0.23,0.26,0.15,0.36,119160.2144257023,66720.0237459363,10.466666666666667,5647.466666666666,0.5666666666666667
2376,9732096,152,88678.9722706051,50178.63680737258,9.19,4599.25,-9.283751205657609e-05,77119.75410747528,0.7999310299055651,6.186624e-06,0.9681133,4.93,0.23,0.26,0.15,0.36,,,,,
2377,9736192,153,89952.74994694395,50869.41430213782,9.23,4636.78,-0.000362995674549893,64784.095683693886,0.8678199138958007,6.185018368000001e-06,0.97147363,4.93,0.23,0.26,0.15,0.36,,,,,
2378,9740288,153,89952.74994694395,50869.41430213782,9.23,4636.78,-0.00019238915729147266,15921.577420711517,0.8201433982467279,6.183412736e-06,0.9559696,4.93,0.23,0.26,0.15,0.36,,,,,
2379,9744384,155,89125.05448941326,50451.200011192916,9.28,4629.69,-0.00017803915761760436,22190.669122457504,0.895133201032877,6.181807104e-06,0.95898044,4.98,0.24,0.26,0.14,0.36,,,,,
2380,9748480,158,87048.85640633664,49292.514903702104,9.23,4537.97,-0.0002257525457025622,15039.254359483719,0.9010469543281943,6.180201472e-06,0.95007986,5.03,0.24,0.25,0.14,0.37,,,,,
2381,9752576,158,87048.85640633664,49292.514903702104,9.23,4537.97,-0.0004204969764032285,11373.64454460144,0.8771617363672704,6.178595840000001e-06,0.967707,5.03,0.24,0.25,0.14,0.37,,,,,
2382,9756672,160,84297.06039297562,47805.14884885731,9.06,4460.2,-0.00014092323726799805,32338.217345237732,0.8720565664116293,6.176990208e-06,0.7688786,4.93,0.25,0.25,0.14,0.36,,,,,
2383,9760768,161,84262.73407573446,47797.51336547673,9.06,4457.94,-0.0002624873577588005,12772.197781682014,0.849060534266755,6.175384576000001e-06,0.9436464,4.93,0.25,0.25,0.14,0.36,,,,,
2384,9764864,163,82846.87252289269,47005.831710365776,9.0,4383.12,-0.0003853868638543645,20168.751234054565,0.8807224341435358,6.173778944e-06,0.9563133,4.95,0.24,0.26,0.14,0.36,,,,,
2385,9768960,165,83975.98812254578,47667.48947979144,9.03,4430.63,-8.165651888702996e-05,57255.817061424255,0.8627170847030357,6.1721733120000006e-06,0.9442436,4.93,0.24,0.25,0.15,0.36,,,,,
2386,9773056,166,84057.88400791882,47682.33597897568,9.09,4431.57,-0.000564224034860672,10578.351373910904,0.8454395113512874,6.17056768e-06,0.9539371,4.99,0.24,0.25,0.14,0.37,,,,,
2387,9777152,167,83802.72436703858,47527.68086775984,9.08,4417.0,-0.0004319541058066534,20274.139478445053,0.8237991875503212,6.168962048000001e-06,0.9776557,5.0,0.24,0.25,0.14,0.37,,,,,
2388,9781248,168,84837.13076811169,48098.17295580423,9.07,4465.39,-0.00013642291924043093,43933.561964035034,0.7516902007628232,6.167356416000001e-06,0.9705288,4.94,0.24,0.25,0.15,0.36,,,,,
2389,9785344,168,84837.13076811169,48098.17295580423,9.07,4465.39,-0.0006003884527672199,6566.617867708206,0.8455478908726946,6.1657507840000005e-06,0.96296763,4.94,0.24,0.25,0.15,0.36,,,,,
2390,9789440,169,85672.92330717796,48559.963896048896,9.11,4504.63,-0.00032449050740979146,23886.76512527466,0.7807467698585242,6.164145152e-06,0.9688559,4.94,0.24,0.25,0.15,0.36,,,,,
2391,9793536,169,85672.92330717796,48559.963896048896,9.11,4504.63,-0.00011451298632891849,52228.147389411926,0.8115246251691133,6.16253952e-06,0.9663994,4.94,0.24,0.25,0.15,0.36,,,,,
2392,9797632,170,86716.1181771348,49113.75858832459,9.17,4524.77,-0.00018159612864110386,53160.11194181442,0.812859516008757,6.160933888000001e-06,0.9742472,4.98,0.24,0.24,0.15,0.37,,,,,
2393,9801728,171,85960.27519032042,48698.96775748779,9.06,4523.32,-0.0009369118188260472,6445.060788154602,0.8734113612445071,6.1593282560000005e-06,0.9537032,4.86,0.25,0.24,0.15,0.36,,,,,
2394,9805824,172,86314.94593292435,48906.07588152532,9.07,4551.72,-0.00028788738381990697,18322.071605682373,0.919475274742581,6.157722624e-06,0.954464,4.84,0.26,0.23,0.15,0.36,,,,,
2395,9809920,173,84243.6688791425,47778.169484207174,9.01,4470.99,-0.0006192438695507008,16111.491243600845,0.8103718548081815,6.156116992e-06,0.95939654,4.86,0.26,0.22,0.16,0.36,,,,,
2396,9814016,173,84243.6688791425,47778.169484207174,9.01,4470.99,-0.0006483795250460389,7559.277559876442,0.8458533397642896,6.154511360000001e-06,0.9724461,4.86,0.26,0.22,0.16,0.36,,,,,
2397,9818112,173,84243.6688791425,47778.169484207174,9.01,4470.99,-0.0001822220483518322,24611.947075366974,0.7769374478375539,6.1529057280000004e-06,0.9819486,4.86,0.26,0.22,0.16,0.36,,,,,
2398,9822208,175,85809.85519904143,48606.48715817121,9.09,4531.34,-9.843703628575895e-05,72787.72478580475,0.8570984032703564,6.151300096e-06,0.94393003,4.88,0.26,0.22,0.16,0.36,,,,,
2399,9826304,175,85809.85519904143,48606.48715817121,9.09,4531.34,-0.0005709000197384739,5619.659337878227,0.8175365959759802,6.149694464e-06,0.96214944,4.88,0.26,0.22,0.16,0.36,,,,,
2400,9830400,177,85536.1760026256,48460.72332923503,8.94,4559.06,-0.0008429181934843655,8480.37108874321,0.904604351031594,6.148088832000001e-06,0.6908331,4.7,0.27,0.23,0.16,0.34,109205.16826789784,60829.372371633515,9.933333333333334,5071.466666666666,0.4666666666666667
2401,9834496,179,85267.60643284138,48345.237080583516,8.85,4560.41,-0.0005164976710148039,9631.868703961372,0.9365119435824454,6.1464832e-06,0.88109684,4.6,0.28,0.22,0.17,0.33,,,,,
2402,9838592,179,85267.60643284138,48345.237080583516,8.85,4560.41,-0.0003268960836066981,8751.342855811119,0.8096660814480856,6.144877568e-06,0.96029705,4.6,0.28,0.22,0.17,0.33,,,,,
2403,9842688,179,85267.60643284138,48345.237080583516,8.85,4560.41,-0.00015598305071762297,21056.2192363739,0.8181256136158481,6.143271936e-06,0.9844623,4.6,0.28,0.22,0.17,0.33,,,,,
2404,9846784,180,84731.28877576899,48069.012920411995,8.81,4577.1,-0.0003566026566659275,11164.70996248722,0.9261340514058247,6.141666304000001e-06,0.9766455,4.53,0.29,0.22,0.17,0.32,,,,,
2405,9850880,181,85300.8114026256,48398.00573807261,8.84,4604.34,-0.0003082023595197825,14521.371308803558,0.7582750958390534,6.140060672e-06,0.9715552,4.53,0.29,0.22,0.17,0.32,,,,,
2406,9854976,181,85300.8114026256,48398.00573807261,8.84,4604.34,-0.00044879088090965524,6221.896069288254,0.8446242848876864,6.138455040000001e-06,0.9708589,4.53,0.29,0.22,0.17,0.32,,,,,
2407,9859072,182,86560.13504403971,49108.18153970878,8.82,4681.99,-0.00035749668586504413,13002.72014284134,0.8674871064722538,6.136849408000001e-06,0.9705075,4.43,0.3,0.22,0.17,0.31,,,,,
2408,9863168,183,86907.74561434546,49300.605414584505,8.85,4685.22,-0.0003754186018340988,25479.647645950317,0.8313212973298505,6.1352437760000005e-06,0.96452296,4.46,0.29,0.22,0.18,0.31,,,,,
2409,9867264,184,87077.44275294355,49364.08402535452,8.94,4673.4,-0.0003081416762142908,33329.54822063446,0.8474341733381152,6.133638144e-06,0.9428818,4.57,0.28,0.22,0.18,0.32,,,,,
2410,9871360,185,87181.54544530035,49437.87252910803,8.95,4678.41,-0.00031753573603054974,17648.584524154663,0.8591925952350721,6.132032512e-06,0.9567732,4.58,0.27,0.23,0.18,0.32,,,,,
2411,9875456,185,87181.54544530035,49437.87252910803,8.95,4678.41,-0.0001251187022717204,37187.7031378746,0.8143542079487815,6.130426880000001e-06,0.9791829,4.58,0.27,0.23,0.18,0.32,,,,,
2412,9879552,185,87181.54544530035,49437.87252910803,8.95,4678.41,-0.0003857155961668468,314968.8053379059,0.8031494795577601,6.1288212480000005e-06,0.958761,4.58,0.27,0.23,0.18,0.32,,,,,
2413,9883648,186,88450.53398575958,50144.33163213673,8.97,4719.37,-0.00014217107673175633,216330.56553077698,0.8130146405892447,6.127215616e-06,0.93056375,4.56,0.27,0.23,0.18,0.32,,,,,
2414,9887744,186,88450.53398575958,50144.33163213673,8.97,4719.37,-0.00011822374654002488,29861.23127412796,0.8744617034681141,6.125609984e-06,0.9721166,4.56,0.27,0.23,0.18,0.32,,,,,
2415,9891840,187,89759.93652981472,50861.00539647704,9.0,4776.07,-0.0002948680248664459,28145.620718717575,0.8769652579212561,6.124004352000001e-06,0.9498861,4.53,0.27,0.23,0.19,0.31,,,,,
2416,9895936,188,89188.91022282839,50540.33702808249,8.98,4757.06,-0.0002976846844831016,16198.778295755386,0.8329687147634104,6.1223987200000005e-06,0.96785504,4.53,0.27,0.23,0.19,0.31,,,,,
2417,9900032,189,88296.71105273355,50043.01125763067,8.93,4728.76,-0.00014651904439233476,19317.540051221848,0.8932414380833507,6.120793088e-06,0.9256749,4.51,0.27,0.24,0.18,0.31,,,,,
2418,9904128,190,88566.60597216839,50203.04999018368,8.97,4723.2,-0.00018013038970821071,45610.031270504,0.8403936952818185,6.119187456e-06,0.9653801,4.56,0.27,0.23,0.18,0.32,,,,,
2419,9908224,190,88566.60597216839,50203.04999018368,8.97,4723.2,-0.0002636915132825379,16099.986505627632,0.8221291414229199,6.117581824000001e-06,0.9674219,4.56,0.27,0.23,0.18,0.32,,,,,
2420,9912320,192,89035.83002598936,50445.68417478389,8.94,4757.48,-0.0001867880164354574,88550.2804479599,0.8388190035475418,6.1159761920000004e-06,0.83099633,4.5,0.27,0.24,0.17,0.32,,,,,
2421,9916416,193,88073.9261281606,49893.445392294154,8.96,4696.3,-0.0006118645524111344,5422.856573700905,0.8666095788357779,6.11437056e-06,0.96671414,4.59,0.26,0.24,0.17,0.33,,,,,
2422,9920512,193,88073.9261281606,49893.445392294154,8.96,4696.3,-0.00028576912609423744,25939.717586040497,0.8744233949109912,6.112764928e-06,0.9646421,4.59,0.26,0.24,0.17,0.33,,,,,
2423,9924608,194,89691.89470707111,50786.12449804045,9.03,4773.49,-0.00018733190881903283,29795.98069858551,0.8254540243651718,6.111159296000001e-06,0.9586397,4.58,0.27,0.23,0.17,0.33,,,,,
2424,9928704,195,88356.7361540295,50054.11246153862,8.98,4733.17,-0.00017871593081508763,14646.319130897522,0.7650034016696736,6.109553664e-06,0.96445143,4.57,0.27,0.24,0.16,0.33,,,,,
2425,9932800,197,84901.63570916602,48148.111567389176,8.84,4599.83,-0.00027294033498037606,16798.190296173096,0.9129602776374668,6.107948032000001e-06,0.89767474,4.57,0.27,0.23,0.17,0.33,131590.6437457315,73366.23585320622,11.0,6099.6,0.6666666666666666
2426,9936896,197,84901.63570916602,48148.111567389176,8.84,4599.83,-0.0003694751449074829,8769.109676241875,0.8605418044608086,6.106342400000001e-06,0.9778665,4.57,0.27,0.23,0.17,0.33,,,,,
2427,9940992,197,84901.63570916602,48148.111567389176,8.84,4599.83,-0.00020139466323598754,38773.52310180664,0.8348235554294661,6.1047367680000006e-06,0.973568,4.57,0.27,0.23,0.17,0.33,,,,,
2428,9945088,198,86968.68061560711,49268.67448020294,8.91,4686.32,-0.0001515869462309638,58700.758474349976,0.8473508998285979,6.103131136e-06,0.9546244,4.56,0.27,0.24,0.16,0.33,,,,,
2429,9949184,200,85508.29389446277,48472.80673239499,8.84,4628.43,-0.0002116347013725317,13091.136817932129,0.7901640795171261,6.101525504e-06,0.30984104,4.55,0.28,0.23,0.16,0.33,,,,,
2430,9953280,201,85510.13108892665,48468.01659633987,8.84,4629.37,-0.0006754284568160074,5042.91823387146,0.9276763804955408,6.099919872000001e-06,0.9556059,4.55,0.28,0.23,0.16,0.33,,,,,
2431,9957376,201,85510.13108892665,48468.01659633987,8.84,4629.37,-0.00038075694101280533,21632.54735136032,0.8001791139831766,6.0983142400000005e-06,0.97232026,4.55,0.28,0.23,0.16,0.33,,,,,
2432,9961472,203,86810.55885517651,49195.40944810401,8.97,4667.17,-0.00014047338845557533,46690.85279893875,0.8466105466941372,6.096708608e-06,0.9521346,4.64,0.27,0.23,0.17,0.33,,,,,
2433,9965568,205,86647.81327258186,49093.66650073922,8.94,4653.51,-0.0002820527406584006,14584.502567052841,0.879353282507509,6.095102976e-06,0.9354161,4.62,0.27,0.22,0.18,0.33,,,,,
2434,9969664,205,86647.81327258186,49093.66650073922,8.94,4653.51,-0.0004753841749334242,15576.366126298904,0.8385354769416153,6.093497344000001e-06,0.98188967,4.62,0.27,0.22,0.18,0.33,,,,,
2435,9973760,206,87754.5950408937,49704.35083461125,8.97,4706.98,-0.00023719788077869453,24682.223555088043,0.8213078152621165,6.0918917120000005e-06,0.95037127,4.6,0.27,0.22,0.19,0.32,,,,,
2436,9977856,206,87754.5950408937,49704.35083461125,8.97,4706.98,-0.00010865231888601556,41455.99370479584,0.7704702168703079,6.09028608e-06,0.97487986,4.6,0.27,0.22,0.19,0.32,,,,,
2437,9981952,207,89517.49850103538,50705.086549993415,8.95,4784.98,-0.0003044504537683679,27749.96512031555,0.779205166734755,6.088680448e-06,0.9769637,4.5,0.27,0.22,0.2,0.31,,,,,
2438,9986048,208,89382.49346453875,50615.77375341593,8.97,4754.66,-0.00011437941975600552,67705.57551670074,0.7917658106889576,6.087074816000001e-06,0.9718272,4.55,0.27,0.21,0.2,0.32,,,,,
2439,9990144,208,89382.49346453875,50615.77375341593,8.97,4754.66,-0.0001764422850101255,44911.60798454285,0.8087547071045265,6.0854691840000005e-06,0.97916013,4.55,0.27,0.21,0.2,0.32,,,,,
2440,9994240,209,89211.85600110237,50539.38123198819,8.94,4760.62,-0.00032036580705607776,86722.74499416351,0.8167789884610102,6.083863552e-06,0.97672266,4.51,0.27,0.21,0.2,0.32,,,,,
2441,9998336,209,89211.85600110237,50539.38123198819,8.94,4760.62,-0.00035295350244268775,18939.713290452957,0.8756749659078196,6.08225792e-06,0.9685526,4.51,0.27,0.21,0.2,0.32,,,,,
2442,10002432,209,89211.85600110237,50539.38123198819,8.94,4760.62,-0.00019389547196624335,36035.905378341675,0.7528085776139051,6.080652288000001e-06,0.98010546,4.51,0.27,0.21,0.2,0.32,,,,,
2443,10006528,210,90758.68488932386,51401.50251876856,9.0,4825.21,-0.0001508760451542912,69391.23376655579,0.8481213932391256,6.079046656e-06,0.96779996,4.5,0.28,0.2,0.2,0.32,,,,,
2444,10010624,213,86168.52494715518,48873.21529634643,8.99,4632.46,-0.0004585924707498634,14442.768282413483,0.8766444766661152,6.077441024e-06,0.89372844,4.7,0.28,0.18,0.2,0.34,,,,,
2445,10014720,213,86168.52494715518,48873.21529634643,8.99,4632.46,-0.00041279508877778426,9809.995096683502,0.8378936982480809,6.075835392000001e-06,0.9764763,4.7,0.28,0.18,0.2,0.34,,,,,
2446,10018816,213,86168.52494715518,48873.21529634643,8.99,4632.46,-0.00012989147944608703,47744.92148590088,0.8371244429145008,6.074229760000001e-06,0.97015125,4.7,0.28,0.18,0.2,0.34,,,,,
2447,10022912,216,83942.93265138939,47675.00444497108,8.94,4538.02,-0.00020824015700782184,40068.47937440872,0.9229667413746938,6.072624128e-06,0.95969653,4.75,0.28,0.17,0.2,0.35,,,,,
2448,10027008,216,83942.93265138939,47675.00444497108,8.94,4538.02,-0.00014699582425237168,18421.053117752075,0.825988394790329,6.071018496e-06,0.97847694,4.75,0.28,0.17,0.2,0.35,,,,,
2449,10031104,218,83933.78588658557,47686.21909956161,8.85,4551.01,-0.00015971305401762947,44070.07878780365,0.8226908692158759,6.069412864000001e-06,0.9429325,4.64,0.28,0.17,0.21,0.34,,,,,
2450,10035200,218,83933.78588658557,47686.21909956161,8.85,4551.01,-0.0006560323790836264,9421.94019985199,0.8216560233850032,6.0678072320000006e-06,0.9546442,4.64,0.28,0.17,0.21,0.34,109765.98710934752,61455.043959099305,10.166666666666666,5240.233333333334,0.43333333333333335
2451,10039296,219,83496.1197072447,47447.35758863375,8.83,4531.86,-0.0005544055111386115,11082.827375173569,0.8412104335147887,6.0662016e-06,0.93318266,4.64,0.28,0.17,0.21,0.34,,,,,
2452,10043392,219,83496.1197072447,47447.35758863375,8.83,4531.86,-0.0005280951891108998,17546.10879135132,0.7508950086776167,6.064595968e-06,0.96691275,4.64,0.28,0.17,0.21,0.34,,,,,
2453,10047488,221,81446.25928402267,46326.67110417259,8.77,4448.62,-0.00023191874788608402,15429.756987333298,0.8964264504611492,6.062990336000001e-06,0.951799,4.67,0.27,0.17,0.22,0.34,,,,,
2454,10051584,222,82045.94083267196,46672.274931294436,8.78,4475.37,-0.0001190564953503781,39556.12011432648,0.8464906708104536,6.0613847040000005e-06,0.9354752,4.66,0.27,0.17,0.22,0.34,,,,,
2455,10055680,223,81749.51120684539,46501.72705190601,8.77,4456.65,-0.0003023459184987587,39183.663940906525,0.8591625521657988,6.059779072e-06,0.6061915,4.68,0.26,0.18,0.22,0.34,,,,,
2456,10059776,223,81749.51120684539,46501.72705190601,8.77,4456.65,-0.0003956354994443245,10016.856719732285,0.8924226785311475,6.05817344e-06,0.9587607,4.68,0.26,0.18,0.22,0.34,,,,,
2457,10063872,223,81749.51120684539,46501.72705190601,8.77,4456.65,-0.00011214710502827074,27947.14155101776,0.7767896958393976,6.056567808000001e-06,0.9713535,4.68,0.26,0.18,0.22,0.34,,,,,
2458,10067968,224,83511.14288568805,47493.54470966068,8.85,4531.6,-0.00026872821763390675,15182.155033826828,0.8302357627544552,6.0549621760000005e-06,0.9705931,4.68,0.26,0.18,0.22,0.34,,,,,
2459,10072064,224,83511.14288568805,47493.54470966068,8.85,4531.6,-0.0003796452811002382,15842.804272890091,0.8555605410365388,6.053356544e-06,0.98193824,4.68,0.26,0.18,0.22,0.34,,,,,
2460,10076160,224,83511.14288568805,47493.54470966068,8.85,4531.6,-0.00016011373645596905,79590.37126159668,0.8152487223269418,6.051750912e-06,0.96462595,4.68,0.26,0.18,0.22,0.34,,,,,
2461,10080256,224,83511.14288568805,47493.54470966068,8.85,4531.6,-0.00012815379068342736,232914.95593452454,0.7907130230451003,6.05014528e-06,0.9575789,4.68,0.26,0.18,0.22,0.34,,,,,
2462,10084352,225,86546.8752659287,49110.057969106616,8.93,4635.34,-0.00040358525984629523,170646.3739913702,0.8263861373998225,6.0485396480000004e-06,0.9267123,4.66,0.27,0.17,0.22,0.34,,,,,
2463,10088448,225,86546.8752659287,49110.057969106616,8.93,4635.34,-0.0003478365470073186,25636.418416023254,0.7605480743804947,6.046934016e-06,0.9749369,4.66,0.27,0.17,0.22,0.34,,,,,
2464,10092544,226,88661.7218566469,50286.34323792947,9.0,4736.97,-0.0002015833420045965,34479.77985572815,0.7599243898876011,6.045328384000001e-06,0.9873055,4.62,0.28,0.17,0.21,0.34,,,,,
2465,10096640,227,88584.29145346666,50266.17849931281,9.06,4710.78,-0.0002943540403066436,41849.377628326416,0.8314279743935913,6.043722752e-06,0.9531237,4.71,0.27,0.17,0.21,0.35,,,,,
2466,10100736,227,88584.29145346666,50266.17849931281,9.06,4710.78,-5.145231625647284e-05,69557.50795936584,0.7887566136196256,6.04211712e-06,0.96691656,4.71,0.27,0.17,0.21,0.35,,,,,
2467,10104832,228,88822.93791649329,50428.30504753195,9.03,4736.71,-0.0005068478276371025,13088.641693234444,0.8546114967903122,6.040511488e-06,0.9327234,4.65,0.27,0.17,0.22,0.34,,,,,
2468,10108928,228,88822.93791649329,50428.30504753195,9.03,4736.71,-0.00028669259563685046,9866.536809206009,0.8506840716581792,6.038905856000001e-06,0.985854,4.65,0.27,0.17,0.22,0.34,,,,,
2469,10113024,229,89816.95315526777,50962.27387640478,9.07,4779.3,-0.0004679724952438846,21402.158378124237,0.8894706462742761,6.037300224000001e-06,0.9214984,4.65,0.27,0.17,0.22,0.34,,,,,
2470,10117120,229,89816.95315526777,50962.27387640478,9.07,4779.3,-0.00038266446608758997,16254.042841434479,0.7586432138923556,6.035694592e-06,0.9684583,4.65,0.27,0.17,0.22,0.34,,,,,
2471,10121216,230,90876.98664182905,51528.61155464242,9.08,4839.16,-0.0003087867826252477,18074.598034620285,0.8088316009379923,6.03408896e-06,0.98068166,4.59,0.28,0.17,0.22,0.33,,,,,
2472,10125312,230,90876.98664182905,51528.61155464242,9.08,4839.16,-0.00016054942352639046,21996.647356510162,0.866576790693216,6.032483328000001e-06,0.97534865,4.59,0.28,0.17,0.22,0.33,,,,,
2473,10129408,231,92678.35832032835,52517.906693934085,9.16,4914.06,-0.000239137784774357,31821.44956922531,0.7719538429519162,6.0308776960000006e-06,0.97753096,4.6,0.28,0.17,0.22,0.33,,,,,
2474,10133504,231,92678.35832032835,52517.906693934085,9.16,4914.06,-0.00022122020527604036,18343.099784851074,0.8381895716302097,6.029272064e-06,0.9731053,4.6,0.28,0.17,0.22,0.33,,,,,
2475,10137600,232,93664.65462618961,53080.50366611413,9.18,4965.67,-0.00045847177989344345,13078.848920822144,0.9134070497239009,6.027666432e-06,0.950466,4.56,0.28,0.18,0.22,0.32,98640.44441462988,55566.53051027679,9.9,4935.033333333334,0.3333333333333333
2476,10141696,232,93664.65462618961,53080.50366611413,9.18,4965.67,-0.0006734006447004504,15625.433792591095,0.8060650589177385,6.026060800000001e-06,0.97189176,4.56,0.28,0.18,0.22,0.32,,,,,
2477,10145792,232,93664.65462618961,53080.50366611413,9.18,4965.67,-9.924844925990328e-05,52526.80655956268,0.7807656861841679,6.0244551680000005e-06,0.97157913,4.56,0.28,0.18,0.22,0.32,,,,,
2478,10149888,233,94972.15975764015,53783.64425288396,9.22,5006.22,-0.0003440226228121901,67667.36772680283,0.7773618967039511,6.022849536e-06,0.97956604,4.56,0.28,0.18,0.22,0.32,,,,,
2479,10153984,233,94972.15975764015,53783.64425288396,9.22,5006.22,-0.0003138238316751085,12797.007762432098,0.8754166262224317,6.021243904e-06,0.9751851,4.56,0.28,0.18,0.22,0.32,,,,,
2480,10158080,233,94972.15975764015,53783.64425288396,9.22,5006.22,-0.0001611442567082122,41816.56281042099,0.8249187431065366,6.019638272e-06,0.98356164,4.56,0.28,0.18,0.22,0.32,,,,,
2481,10162176,234,97495.22194067921,55183.373302266235,9.27,5118.43,-0.00023573557336931117,74517.72359609604,0.8420240373816341,6.0180326400000005e-06,0.9740481,4.49,0.29,0.18,0.22,0.31,,,,,
2482,10166272,236,96502.13394557712,54641.258314058054,9.17,5089.64,-0.0001949843024249276,15698.343831777573,0.8329800788778812,6.016427008e-06,0.92418325,4.41,0.3,0.18,0.22,0.3,,,,,
2483,10170368,236,96502.13394557712,54641.258314058054,9.17,5089.64,-0.00030262611426223884,25410.816586494446,0.881774456705898,6.014821376000001e-06,0.9646157,4.41,0.3,0.18,0.22,0.3,,,,,
2484,10174464,238,94501.29941465559,53532.01910178666,9.08,5015.01,-0.00064642151028238,8811.472407579422,0.8963885668199509,6.013215744e-06,0.83328426,4.4,0.29,0.19,0.23,0.29,,,,,
2485,10178560,240,94063.55090792367,53276.32627093915,8.99,4994.8,-0.0005869733731742599,14770.809555888176,0.8727932506008074,6.0116101120000004e-06,0.88962233,4.33,0.29,0.2,0.23,0.28,,,,,
2486,10182656,241,94666.02267129633,53607.70703782274,8.96,5028.66,-0.0007116230099200038,18752.50103211403,0.8475642738630995,6.01000448e-06,0.9362515,4.26,0.29,0.21,0.23,0.27,,,,,
2487,10186752,242,95472.45462614243,54074.69769002584,9.0,5069.12,-0.00022250808024182334,24472.342367887497,0.8286682716570795,6.008398848000001e-06,0.9589466,4.26,0.29,0.21,0.23,0.27,,,,,
2488,10190848,245,94498.1658077244,53548.32181123016,9.01,4994.69,-9.421885715710232e-05,50222.31927680969,0.8953641961561516,6.006793216000001e-06,0.94901603,4.35,0.28,0.21,0.23,0.28,,,,,
2489,10194944,245,94498.1658077244,53548.32181123016,9.01,4994.69,-0.00036286743761593243,9013.709306955338,0.8199089493136853,6.005187584e-06,0.9661128,4.35,0.28,0.21,0.23,0.28,,,,,
2490,10199040,245,94498.1658077244,53548.32181123016,9.01,4994.69,-6.0153446611366235e-05,32509.373339414597,0.7825700110988691,6.003581952e-06,0.9769726,4.35,0.28,0.21,0.23,0.28,,,,,
2491,10203136,245,94498.1658077244,53548.32181123016,9.01,4994.69,-0.00021059684877400286,90005.21080970764,0.7068403231678531,6.001976320000001e-06,0.9806104,4.35,0.28,0.21,0.23,0.28,,,,,
2492,10207232,246,96706.7051451958,54708.28488546193,9.08,5074.32,-9.54835222728434e-05,31374.077966451645,0.7918718089349568,6.000370688000001e-06,0.95603305,4.35,0.28,0.21,0.23,0.28,,,,,
2493,10211328,247,96792.58105820503,54754.29070527668,9.1,5074.89,-0.0007512084266636521,12671.765296459198,0.837181085604243,5.998765056e-06,0.6819012,4.38,0.28,0.21,0.22,0.29,,,,,
2494,10215424,249,94349.74144019351,53403.34387946066,8.98,4969.83,-0.0003026079966730322,23468.560752868652,0.8567588140722364,5.997159424e-06,0.95930153,4.37,0.28,0.21,0.22,0.29,,,,,
2495,10219520,250,94660.55881500298,53553.76082241065,8.97,4983.48,-0.0006200078278197907,10629.492268443108,0.8284441150026396,5.995553792000001e-06,0.89316183,4.35,0.28,0.21,0.22,0.29,,,,,
2496,10223616,251,94169.76565812476,53289.89001710916,8.9,4996.32,-0.00045760734246869106,15469.331377029419,0.8409044279251248,5.9939481600000005e-06,0.9689794,4.26,0.29,0.21,0.22,0.28,,,,,
2497,10227712,252,95230.08602053832,53888.89605578857,8.98,5034.15,-0.0001584927213116316,46930.459247112274,0.8282555047189817,5.992342528e-06,0.97366637,4.3,0.29,0.21,0.21,0.29,,,,,
2498,10231808,253,93082.93093868552,52709.917060197695,8.89,4965.16,-0.0003388262339285575,9764.779192209244,0.8950191140174866,5.990736896e-06,0.9546477,4.28,0.29,0.22,0.2,0.29,,,,,
2499,10235904,253,93082.93093868552,52709.917060197695,8.89,4965.16,-0.00048082004377647536,13353.040280342102,0.8095100179780275,5.989131264e-06,0.9793855,4.28,0.29,0.22,0.2,0.29,,,,,
2500,10240000,255,93262.17368017159,52801.28840684264,8.79,4965.52,-0.00018318617367185652,16267.903357863426,0.9350400221301243,5.9875256320000005e-06,0.9556643,4.18,0.28,0.24,0.2,0.28,127939.71359482633,71260.20049586389,10.733333333333333,5885.366666666667,0.5666666666666667
2501,10244096,256,93297.0497388873,52822.2260590225,8.78,4973.84,-0.0006029250798746943,9040.499706983566,0.8795849734451622,5.98592e-06,0.9550405,4.15,0.29,0.24,0.19,0.28,,,,,
2502,10248192,256,93297.0497388873,52822.2260590225,8.78,4973.84,-0.0004761295776916086,8552.963986873627,0.902774510672316,5.984314368000001e-06,0.94538885,4.15,0.29,0.24,0.19,0.28,,,,,
2503,10252288,256,93297.0497388873,52822.2260590225,8.78,4973.84,-0.00026308476299163885,33480.59784078598,0.8224841632181779,5.982708736e-06,0.97404844,4.15,0.29,0.24,0.19,0.28,,,,,
2504,10256384,256,93297.0497388873,52822.2260590225,8.78,4973.84,-0.0001499540485383477,100034.25322628021,0.795331101398915,5.9811031040000005e-06,0.96916693,4.15,0.29,0.24,0.19,0.28,,,,,
2505,10260480,257,96032.25104407569,54295.81706625955,8.86,5093.02,-0.00020622769898182014,235861.34393119812,0.7997788571519777,5.979497472e-06,0.95991194,4.11,0.3,0.24,0.18,0.28,,,,,
2506,10264576,258,97590.55965778668,55136.519624735156,8.97,5132.49,-0.00032315143835148774,172920.47305583954,0.9195928018307313,5.977891840000001e-06,0.9509358,4.18,0.3,0.24,0.18,0.28,,,,,
2507,10268672,258,97590.55965778668,55136.519624735156,8.97,5132.49,-0.0003896146317856619,38236.28587436676,0.8233027143869549,5.976286208000001e-06,0.9722861,4.18,0.3,0.24,0.18,0.28,,,,,
2508,10272768,259,98688.70809431688,55741.49669326017,9.02,5158.14,-0.00013365664017328527,52538.83641529083,0.848309604334645,5.9746805760000004e-06,0.95936614,4.2,0.3,0.23,0.19,0.28,,,,,
2509,10276864,259,98688.70809431688,55741.49669326017,9.02,5158.14,-0.00019907736759705585,49799.41600370407,0.7415124758845195,5.973074944e-06,0.9705574,4.2,0.3,0.23,0.19,0.28,,,,,
2510,10280960,260,101279.55030989651,57139.35933198423,9.14,5256.15,-0.0002520431271477719,113506.75118780136,0.7810403680196032,5.971469312000001e-06,0.97018003,4.23,0.29,0.23,0.2,0.28,,,,,
2511,10285056,261,101343.09565105417,57172.73270703656,9.14,5262.91,-0.0005736173570767278,9248.159467458725,0.8665446805534884,5.969863680000001e-06,0.96745694,4.22,0.3,0.22,0.2,0.28,,,,,
2512,10289152,261,101343.09565105417,57172.73270703656,9.14,5262.91,-0.0004202903464829433,16599.564868211746,0.8256355631165206,5.968258048e-06,0.9833827,4.22,0.3,0.22,0.2,0.28,,,,,
2513,10293248,263,102912.44522289275,58042.163124222505,9.24,5313.79,-0.0001294698940910166,74648.5254573822,0.8825807541143149,5.966652416e-06,0.94601846,4.28,0.3,0.2,0.21,0.29,,,,,
2514,10297344,263,102912.44522289275,58042.163124222505,9.24,5313.79,-0.00011856792843900621,245791.0498905182,0.7765490197343752,5.965046784e-06,0.96194637,4.28,0.3,0.2,0.21,0.29,,,,,
2515,10301440,264,103687.36165374592,58456.57965708081,9.32,5319.2,-8.651913276480627e-05,226327.1127319336,0.8195806071162224,5.9634411520000006e-06,0.940817,4.36,0.3,0.2,0.2,0.3,,,,,
2516,10305536,264,103687.36165374592,58456.57965708081,9.32,5319.2,-0.0002447352944727754,191946.33204078674,0.8025868270779029,5.96183552e-06,0.96402025,4.36,0.3,0.2,0.2,0.3,,,,,
2517,10309632,265,105945.83303841564,59641.23100144892,9.38,5388.69,-0.0001575585101818433,143646.75153398514,0.8635627937037498,5.960229888e-06,0.954238,4.36,0.3,0.2,0.2,0.3,,,,,
2518,10313728,266,106803.89216387086,60151.679014957044,9.36,5434.3,-0.00021789501442981418,28513.79586648941,0.8358912934781983,5.958624256e-06,0.9483483,4.29,0.3,0.2,0.21,0.29,,,,,
2519,10317824,266,106803.89216387086,60151.679014957044,9.36,5434.3,-0.0007541332347500429,7637.492941498756,0.8336941476445645,5.9570186240000005e-06,0.96980226,4.29,0.3,0.2,0.21,0.29,,,,,
2520,10321920,266,106803.89216387086,60151.679014957044,9.36,5434.3,-0.00030384315323317423,37715.72322225571,0.820653393981047,5.955412992e-06,0.9710274,4.29,0.3,0.2,0.21,0.29,,,,,
2521,10326016,268,106455.83764978606,59964.39298847092,9.38,5421.12,-0.0002512748269509757,24255.330840826035,0.8385895993560553,5.95380736e-06,0.9772119,4.32,0.3,0.2,0.2,0.3,,,,,
2522,10330112,268,106455.83764978606,59964.39298847092,9.38,5421.12,-0.0007295951845662785,20854.505952596664,0.8400244837393984,5.952201728e-06,0.96859103,4.32,0.3,0.2,0.2,0.3,,,,,
2523,10334208,269,107286.5477893817,60421.7714063425,9.41,5447.22,-7.946821096993517e-05,47061.3297495842,0.797314245137386,5.9505960960000005e-06,0.97581714,4.33,0.29,0.21,0.2,0.3,,,,,
2524,10338304,270,106028.03015762189,59744.68847355405,9.33,5419.51,-0.00032302294494002126,11298.335144281387,0.8384420035872608,5.948990464e-06,0.92032933,4.27,0.3,0.21,0.2,0.29,,,,,
2525,10342400,271,105934.72279605448,59700.80592549505,9.41,5396.79,-0.00026192247969447635,34650.621851444244,0.8821883441414684,5.947384832000001e-06,0.95432925,4.38,0.29,0.21,0.2,0.3,113403.28729968023,63439.54125364928,10.366666666666667,5406.9,0.4666666666666667
2526,10346496,272,106110.18917718582,59795.589263584596,9.42,5399.89,-0.0003878505613101879,11466.803907871246,0.8522241236642003,5.945779200000001e-06,0.96901256,4.39,0.28,0.22,0.2,0.3,,,,,
2527,10350592,272,106110.18917718582,59795.589263584596,9.42,5399.89,-0.0005725402752432274,12968.485185146332,0.889030895428732,5.9441735680000005e-06,0.96927977,4.39,0.28,0.22,0.2,0.3,,,,,
2528,10354688,272,106110.18917718582,59795.589263584596,9.42,5399.89,-0.0002186912406614283,22549.40452671051,0.841053624637425,5.942567936e-06,0.98173153,4.39,0.28,0.22,0.2,0.3,,,,,
2529,10358784,274,106026.98530913258,59751.03082052089,9.47,5380.24,-0.00010667718925105873,87157.35494947433,0.8514647961128503,5.940962304000001e-06,0.97323805,4.45,0.28,0.22,0.19,0.31,,,,,
2530,10362880,274,106026.98530913258,59751.03082052089,9.47,5380.24,-0.0012548639315355103,13847.147297382355,0.8593660579062998,5.939356672000001e-06,0.97343326,4.45,0.28,0.22,0.19,0.31,,,,,
2531,10366976,275,107216.51769204093,60426.28472252667,9.46,5448.45,-6.527960977109615e-05,56765.27561855316,0.8301886821864173,5.93775104e-06,0.9197595,4.37,0.28,0.23,0.19,0.3,,,,,
2532,10371072,276,106610.34942678105,60084.33402035093,9.43,5403.93,-0.0009071303720702417,8032.737661242485,0.8750585803063586,5.936145408e-06,0.9482872,4.39,0.27,0.24,0.19,0.3,,,,,
2533,10375168,279,106882.1827237133,60229.11791521273,9.47,5412.41,-0.00017493360246589873,11902.099017858505,0.8775231307372451,5.934539776e-06,0.92277485,4.43,0.26,0.24,0.19,0.31,,,,,
2534,10379264,280,105033.27638912619,59221.456395310306,9.4,5331.15,-0.0002138684576493688,19026.78068780899,0.8533915828447789,5.932934144000001e-06,0.9333391,4.45,0.25,0.25,0.19,0.31,,,,,
2535,10383360,282,104054.59542391068,58656.40026272831,9.4,5252.16,-0.0001867833980213618,25097.337925434113,0.8649314244976267,5.931328512e-06,0.96941316,4.54,0.23,0.25,0.2,0.32,,,,,
2536,10387456,282,104054.59542391068,58656.40026272831,9.4,5252.16,-0.0007081831245159265,3957.4345541000366,0.8499996809987351,5.92972288e-06,0.96821064,4.54,0.23,0.25,0.2,0.32,,,,,
2537,10391552,283,103770.3510302466,58492.585272951685,9.37,5254.7,-8.805718425719533e-05,50155.67369556427,0.846464614616707,5.928117248e-06,0.949313,4.51,0.24,0.25,0.19,0.32,,,,,
2538,10395648,285,104262.76849409645,58768.32550124187,9.39,5250.9,-0.00015771695780131267,97488.12734794617,0.8346899319440126,5.9265116160000006e-06,0.9507512,4.54,0.24,0.24,0.19,0.33,,,,,
2539,10399744,285,104262.76849409645,58768.32550124187,9.39,5250.9,-0.0005780615229014074,8961.767888307571,0.7754160995827988,5.924905984e-06,0.9681115,4.54,0.24,0.24,0.19,0.33,,,,,
2540,10403840,286,101923.84711346321,57533.94602611585,9.3,5208.14,-0.00016165303168236278,26300.023238658905,0.8431928594363853,5.923300352e-06,0.96359235,4.48,0.25,0.24,0.19,0.32,,,,,
2541,10407936,288,100613.16006573591,56785.359978107874,9.34,5126.93,-0.00028930917324032634,80385.45346164703,0.7973242009757087,5.92169472e-06,0.96409523,4.61,0.25,0.23,0.18,0.34,,,,,
2542,10412032,291,98146.0860577525,55417.48448225347,9.26,5012.24,-0.0003664743471745169,12303.269698143005,0.8980454045813531,5.9200890880000005e-06,0.8286115,4.65,0.26,0.21,0.19,0.34,,,,,
2543,10416128,291,98146.0860577525,55417.48448225347,9.26,5012.24,-0.0008173359397005697,6415.841046571732,0.9053057000273839,5.918483456e-06,0.96546483,4.65,0.26,0.21,0.19,0.34,,,,,
2544,10420224,291,98146.0860577525,55417.48448225347,9.26,5012.24,-0.00012142991909058765,29680.930841445923,0.8331524457316846,5.916877824000001e-06,0.9703383,4.65,0.26,0.21,0.19,0.34,,,,,
2545,10424320,292,100327.87295142502,56617.804487438385,9.3,5114.9,-0.00028198531254020054,47707.106011390686,0.8259987345663831,5.915272192000001e-06,0.9783584,4.58,0.27,0.21,0.19,0.33,,,,,
2546,10428416,293,100676.90765072935,56800.501397158616,9.26,5136.68,-0.0006074210796214174,15098.766622543335,0.9195985748665407,5.9136665600000005e-06,0.8858053,4.52,0.27,0.21,0.2,0.32,,,,,
2547,10432512,293,100676.90765072935,56800.501397158616,9.26,5136.68,-0.00021755160196335055,22472.859914064407,0.8588313518557698,5.912060928e-06,0.9660679,4.52,0.27,0.21,0.2,0.32,,,,,
2548,10436608,295,99775.14460864238,56290.52083463322,9.29,5076.99,-2.325594050489599e-05,138214.99541664124,0.811233852407895,5.910455296000001e-06,0.8170916,4.62,0.26,0.21,0.2,0.33,,,,,
2549,10440704,296,99700.71656831964,56236.23990251782,9.32,5066.15,-0.0006147702279122313,5699.573398113251,0.8422459423309192,5.908849664000001e-06,0.9758282,4.66,0.26,0.21,0.19,0.34,,,,,
2550,10444800,297,100230.09908897584,56556.338001889206,9.32,5109.07,-0.00035622028372017667,15204.057176589966,0.9385518335038796,5.9072440320000004e-06,0.90934587,4.61,0.27,0.21,0.19,0.33,134994.2353706706,74721.65268776462,11.0,6170.066666666667,0.5
2551,10448896,300,97576.34110728813,55129.41399099919,9.27,4992.47,-0.00021763157565146685,20281.01956796646,0.9760605209739879,5.9056384e-06,0.8986363,4.67,0.26,0.21,0.19,0.34,,,,,
2552,10452992,302,96092.33939430949,54319.3649587827,9.22,4929.64,-0.0002746104410107364,15984.746646165848,0.8656959687359631,5.904032768e-06,0.93669444,4.68,0.25,0.23,0.18,0.34,,,,,
2553,10457088,303,96321.47989472575,54461.587759534916,9.14,4951.38,-0.00038579656575166155,10673.860935926437,0.8722971836104989,5.902427136000001e-06,0.8556467,4.58,0.25,0.24,0.18,0.33,,,,,
2554,10461184,304,96432.81512397021,54523.47395815979,9.11,4965.92,-0.00023668599715165328,15540.09301662445,0.9530437850626186,5.900821504e-06,0.96188086,4.53,0.25,0.25,0.18,0.32,,,,,
2555,10465280,304,96432.81512397021,54523.47395815979,9.11,4965.92,-0.00022822111168352421,55006.284620285034,0.8121756121981889,5.899215872e-06,0.9714316,4.53,0.25,0.25,0.18,0.32,,,,,
2556,10469376,304,96432.81512397021,54523.47395815979,9.11,4965.92,-0.00022760030242352514,501186.1780128479,0.7534530555130914,5.89761024e-06,0.9312955,4.53,0.25,0.25,0.18,0.32,,,,,
2557,10473472,306,98766.22508015182,55761.81771870294,9.19,5024.91,-0.00020820569534407696,37662.67905473709,0.9210218095686287,5.896004608000001e-06,0.9159645,4.56,0.25,0.25,0.17,0.33,,,,,
2558,10477568,307,96978.98748037124,54776.84091144886,9.16,4950.24,-0.0007533960488217417,6992.0052444934845,0.9019561271416023,5.894398976e-06,0.97128725,4.61,0.25,0.25,0.16,0.34,,,,,
2559,10481664,308,96060.01812493442,54282.27637770422,9.1,4937.45,-0.0003945211065001786,11909.665157556534,0.843933202791959,5.892793344e-06,0.94361126,4.56,0.25,0.26,0.16,0.33,,,,,
2560,10485760,310,92983.68130344745,52590.19618808188,9.0,4818.87,-0.0003563203772500856,13414.802051663399,0.9033975191414356,5.891187712e-06,0.9815209,4.58,0.24,0.27,0.16,0.33,,,,,
2561,10489856,311,92498.43069805956,52338.69959801034,8.93,4821.67,-0.00018456068937666714,16477.946227788925,0.8954060468822718,5.8895820800000005e-06,0.80742824,4.5,0.25,0.27,0.16,0.32,,,,,
2562,10493952,313,93153.16308232742,52693.534561755994,8.82,4854.96,-0.0002584747089713346,17449.516159534454,0.90545233420562,5.887976448e-06,0.93150854,4.35,0.25,0.27,0.18,0.3,,,,,
2563,10498048,313,93153.16308232742,52693.534561755994,8.82,4854.96,-0.00019840974300677772,21037.76928949356,0.7580607592826709,5.886370816000001e-06,0.9648598,4.35,0.25,0.27,0.18,0.3,,,,,
2564,10502144,315,91791.45568055335,51951.874380179725,8.81,4790.67,-0.00040491062827641144,30505.152438163757,0.871490110643208,5.884765184000001e-06,0.9249779,4.41,0.24,0.27,0.19,0.3,,,,,
2565,10506240,315,91791.45568055335,51951.874380179725,8.81,4790.67,-9.626161954656709e-05,65898.81841850281,0.8022427430842072,5.8831595520000005e-06,0.9677556,4.41,0.24,0.27,0.19,0.3,,,,,
2566,10510336,317,92183.00758433546,52166.98319945021,8.83,4800.43,-0.00039422929603460943,57185.861664772034,0.8779545894358307,5.88155392e-06,0.942122,4.43,0.24,0.27,0.18,0.31,,,,,
2567,10514432,320,90363.52277199274,51146.235546734504,8.85,4700.35,-0.0004198648730380228,10369.812933444977,0.8825289425440133,5.879948288e-06,0.96581835,4.56,0.23,0.27,0.18,0.32,,,,,
2568,10518528,321,89978.39315127188,50948.83245125749,8.86,4677.81,-0.0003653781395769329,18455.990854263306,0.8217456907732412,5.878342656000001e-06,0.955681,4.59,0.23,0.27,0.17,0.33,,,,,
2569,10522624,322,90417.37772771348,51204.08628629698,8.85,4702.31,-6.382633182511199e-05,51825.00117683411,0.8886889086570591,5.8767370240000005e-06,0.96976554,4.55,0.23,0.27,0.18,0.32,,,,,
2570,10526720,323,91230.93628332157,51632.66249358997,8.92,4714.81,-0.0001214513413287932,97151.98508262634,0.8858251018682495,5.875131392e-06,0.9469626,4.61,0.23,0.26,0.18,0.33,,,,,
2571,10530816,324,90145.09344291133,51027.28685243582,8.91,4652.06,-0.00015253656420100015,28875.367706298828,0.8745588879100978,5.87352576e-06,0.9693228,4.67,0.22,0.26,0.18,0.34,,,,,
2572,10534912,324,90145.09344291133,51027.28685243582,8.91,4652.06,-0.00042782554646692006,14868.567020893097,0.8392694320064038,5.871920128000001e-06,0.97058713,4.67,0.22,0.26,0.18,0.34,,,,,
2573,10539008,326,85586.28263451759,48552.51473646268,8.77,4471.31,-0.0001189411268569529,40496.01168823242,0.8848657484631985,5.8703144960000004e-06,0.97309935,4.72,0.2,0.27,0.19,0.34,,,,,
2574,10543104,327,85648.48368698753,48561.34784315187,8.77,4472.15,-0.00028978139380342327,35864.77028465271,0.7949339068727568,5.868708864e-06,0.97586375,4.72,0.2,0.27,0.19,0.34,,,,,
2575,10547200,327,85648.48368698753,48561.34784315187,8.77,4472.15,-0.0004228042280374211,22448.508758306503,0.7956972362007946,5.867103232e-06,0.9700512,4.72,0.2,0.27,0.19,0.34,97371.98832141777,54695.74721895062,9.633333333333333,4767.633333333333,0.43333333333333335
2576,10551296,329,84041.81241241292,47686.06840470963,8.7,4395.63,-0.0001768028751030215,33227.73724985123,0.8512328371871263,5.865497600000001e-06,0.96921724,4.72,0.19,0.28,0.19,0.34,,,,,
2577,10555392,330,82791.79277740457,47000.47276523726,8.66,4328.17,-0.0008730209483474027,4953.989506721497,0.8461188055807725,5.863891968e-06,0.9530884,4.75,0.18,0.28,0.2,0.34,,,,,
2578,10559488,330,82791.79277740457,47000.47276523726,8.66,4328.17,-0.0004626869958883617,19333.32508468628,0.8599075324600562,5.862286336e-06,0.9696795,4.75,0.18,0.28,0.2,0.34,,,,,
2579,10563584,330,82791.79277740457,47000.47276523726,8.66,4328.17,-9.06308396224631e-05,65161.5177693367,0.7790778679773211,5.860680704e-06,0.9744708,4.75,0.18,0.28,0.2,0.34,,,,,
2580,10567680,332,82484.64578208924,46809.57657467472,8.66,4310.85,-0.00016986372884275625,22341.44460630417,0.8657320651691407,5.8590750720000006e-06,0.9210528,4.77,0.19,0.26,0.2,0.35,,,,,
2581,10571776,333,80355.98136694933,45672.86172037607,8.59,4237.69,-0.0002700547811400611,14005.171779632568,0.8846367113292217,5.85746944e-06,0.93714863,4.77,0.19,0.26,0.2,0.35,,,,,
2582,10575872,333,80355.98136694933,45672.86172037607,8.59,4237.69,-0.00011638488467724528,72906.36700153351,0.7947298360522836,5.855863808000001e-06,0.97424877,4.77,0.19,0.26,0.2,0.35,,,,,
2583,10579968,335,78930.95373192798,44849.602139773975,8.62,4146.68,-0.00035236008534411667,23962.869349956512,0.9578322025481611,5.854258176000001e-06,0.9429392,4.91,0.17,0.26,0.2,0.37,,,,,
2584,10584064,336,79379.77255392782,45103.586587163525,8.63,4180.43,-0.0003185125497111585,8692.961391091347,0.8326169045176357,5.8526525440000005e-06,0.9388945,4.88,0.18,0.26,0.19,0.37,,,,,
2585,10588160,337,78811.0287230349,44790.42027978884,8.59,4164.4,-0.00033479916555734235,8813.686312913895,0.8313049172284082,5.851046912e-06,0.9427664,4.85,0.19,0.26,0.18,0.37,,,,,
2586,10592256,337,78811.0287230349,44790.42027978884,8.59,4164.4,-0.0006198076262080576,12523.389132976532,0.8080995221389458,5.84944128e-06,0.9689441,4.85,0.19,0.26,0.18,0.37,,,,,
2587,10596352,338,79318.49269370077,45080.7243973153,8.62,4192.62,-0.0011271831244812347,6035.173047184944,0.8958094280678779,5.847835648000001e-06,0.9478389,4.85,0.19,0.26,0.18,0.37,,,,,
2588,10600448,338,79318.49269370077,45080.7243973153,8.62,4192.62,-0.00019758383132284507,14250.430656671524,0.8345629876712337,5.8462300160000005e-06,0.9747845,4.85,0.19,0.26,0.18,0.37,,,,,
2589,10604544,340,80601.68345489896,45812.57964834877,8.72,4249.22,-0.00034222733665956184,15619.463714838028,0.8624684674432501,5.844624384e-06,0.95446163,4.9,0.19,0.25,0.18,0.38,,,,,
2590,10608640,341,80180.51382797697,45576.23385544345,8.71,4225.67,-0.0005117636756040156,6221.234487533569,0.9149577524513006,5.843018752e-06,0.9338557,4.92,0.19,0.24,0.19,0.38,,,,,
2591,10612736,341,80180.51382797697,45576.23385544345,8.71,4225.67,-0.00031583773852617014,20593.834039211273,0.8852515000617132,5.841413120000001e-06,0.9816545,4.92,0.19,0.24,0.19,0.38,,,,,
2592,10616832,342,81384.27256920646,46238.552228047476,8.74,4283.7,-0.0002457830687490059,24493.839180469513,0.8618589220568538,5.8398074880000005e-06,0.9750102,4.89,0.19,0.25,0.18,0.38,,,,,
2593,10620928,343,81629.13089724329,46365.129464270125,8.69,4321.19,-0.00015320027341658715,19583.441966295242,0.8862733109854162,5.838201856e-06,0.9466451,4.8,0.2,0.25,0.18,0.37,,,,,
2594,10625024,345,81751.26583115854,46418.94348506916,8.71,4327.78,-0.0002258293434351799,8694.841876149178,0.9271242421818897,5.836596224e-06,0.8067983,4.81,0.2,0.25,0.18,0.37,,,,,
2595,10629120,345,81751.26583115854,46418.94348506916,8.71,4327.78,-0.00044387824527802877,9716.459149956703,0.8883740723831579,5.834990592000001e-06,0.9722847,4.81,0.2,0.25,0.18,0.37,,,,,
2596,10633216,345,81751.26583115854,46418.94348506916,8.71,4327.78,-0.00010255880079057533,31314.17854166031,0.7277536562178284,5.83338496e-06,0.9756239,4.81,0.2,0.25,0.18,0.37,,,,,
2597,10637312,347,80703.94075339087,45881.23298941974,8.67,4293.53,-0.0002459524639562005,32550.457696437836,0.8795718158362433,5.831779328e-06,0.9731165,4.79,0.2,0.25,0.19,0.36,,,,,
2598,10641408,347,80703.94075339087,45881.23298941974,8.67,4293.53,-0.0016706739388610004,8407.730246186256,0.8841903429711238,5.830173696e-06,0.96435636,4.79,0.2,0.25,0.19,0.36,,,,,
2599,10645504,347,80703.94075339087,45881.23298941974,8.67,4293.53,-0.00021022913460910786,20322.519357919693,0.8076081838225946,5.828568064000001e-06,0.98350203,4.79,0.2,0.25,0.19,0.36,,,,,
2600,10649600,348,82359.21109169541,46806.68009477143,8.74,4359.93,-0.00013057829710305668,33550.2913608551,0.7854221776360646,5.826962432e-06,0.96636724,4.79,0.2,0.25,0.19,0.36,133172.27429287613,74731.99565731155,11.2,6284.066666666667,0.6666666666666666
2601,10653696,348,82359.21109169541,46806.68009477143,8.74,4359.93,-0.0001214658041135408,30151.868179798126,0.7801331660011783,5.825356800000001e-06,0.97231096,4.79,0.2,0.25,0.19,0.36,,,,,
2602,10657792,350,83697.79731862864,47536.7945256004,8.82,4416.37,-0.000179960119567113,49921.288248062134,0.8108815398300067,5.823751168000001e-06,0.9680448,4.81,0.2,0.25,0.19,0.36,,,,,
2603,10661888,352,82104.34381013505,46666.86443452591,8.76,4339.1,-0.0002867654839064926,14929.642015457153,0.8903770545730367,5.822145536e-06,0.94759864,4.83,0.19,0.25,0.2,0.36,,,,,
2604,10665984,353,82514.67766443681,46895.18058147048,8.8,4346.52,-0.0002307146478415234,27906.56400489807,0.8605679984902963,5.820539904e-06,0.95371187,4.86,0.19,0.24,0.21,0.36,,,,,
2605,10670080,353,82514.67766443681,46895.18058147048,8.8,4346.52,-0.00023732065892545506,14401.474009752274,0.8671690231421962,5.818934272e-06,0.96673405,4.86,0.19,0.24,0.21,0.36,,,,,
2606,10674176,353,82514.67766443681,46895.18058147048,8.8,4346.52,-0.0001525702500657644,42124.03247356415,0.7615353772416711,5.817328640000001e-06,0.9781756,4.86,0.19,0.24,0.21,0.36,,,,,
2607,10678272,355,83143.05743182571,47218.60317489609,8.82,4367.9,-0.00026213711316813715,19075.355815172195,0.9500389971071854,5.8157230080000005e-06,0.93450236,4.86,0.19,0.23,0.22,0.36,,,,,
2608,10682368,356,83903.27176444637,47640.52382509304,8.86,4392.99,-0.00011281206025159918,21731.829221487045,0.7893272493965924,5.814117376e-06,0.9786814,4.88,0.18,0.24,0.22,0.36,,,,,
2609,10686464,356,83903.27176444637,47640.52382509304,8.86,4392.99,-0.00041720002900547115,11759.449041366577,0.8508236960042268,5.812511744e-06,0.9755931,4.88,0.18,0.24,0.22,0.36,,,,,
2610,10690560,357,82368.58129727426,46823.607515436204,8.82,4330.51,-0.00016089677865238627,14118.978780508041,0.8270449582487345,5.810906112000001e-06,0.9730753,4.9,0.17,0.25,0.22,0.36,,,,,
2611,10694656,357,82368.58129727426,46823.607515436204,8.82,4330.51,-0.0010144017960556084,4313.869794130325,0.8228719977196306,5.8093004800000005e-06,0.9738073,4.9,0.17,0.25,0.22,0.36,,,,,
2612,10698752,358,82282.3683807284,46812.18797441322,8.75,4370.47,-0.00013797266728943214,32425.582164764404,0.8019446622347459,5.807694848e-06,0.9738592,4.78,0.18,0.25,0.22,0.35,,,,,
2613,10702848,359,81632.15787819552,46418.484562659,8.8,4325.03,-0.00014497549545922084,499595.73414993286,0.7593839345499873,5.806089216e-06,0.9270011,4.88,0.18,0.25,0.21,0.36,,,,,
2614,10706944,359,81632.15787819552,46418.484562659,8.8,4325.03,-0.0004303544510548818,10356.175662755966,0.8634813101962209,5.804483584000001e-06,0.9795872,4.88,0.18,0.25,0.21,0.36,,,,,
2615,10711040,359,81632.15787819552,46418.484562659,8.8,4325.03,-0.00014995482888480183,38608.92575836182,0.8112994369585067,5.8028779520000004e-06,0.9737111,4.88,0.18,0.25,0.21,0.36,,,,,
2616,10715136,361,81274.19992304611,46238.275716846445,8.78,4319.24,-0.0001761425992299337,70723.64986181259,0.8451132832560688,5.80127232e-06,0.88865435,4.87,0.18,0.26,0.2,0.36,,,,,
2617,10719232,362,79728.31085965366,45396.430745795275,8.73,4259.32,-0.0003754069066417287,20840.839527606964,0.8305936985416338,5.799666688e-06,0.94780976,4.87,0.18,0.26,0.2,0.36,,,,,
2618,10723328,362,79728.31085965366,45396.430745795275,8.73,4259.32,-0.0003216428203813848,9766.733126282692,0.8533336470136419,5.798061056000001e-06,0.9664178,4.87,0.18,0.26,0.2,0.36,,,,,
2619,10727424,363,80680.81195058468,45944.38491747975,8.75,4320.92,-0.00026817803700396325,18590.607624053955,0.9289581965422258,5.796455424e-06,0.9551766,4.82,0.19,0.26,0.2,0.35,,,,,
2620,10731520,363,80680.81195058468,45944.38491747975,8.75,4320.92,-0.00029796471608278807,25040.607764720917,0.7895309928571805,5.794849792e-06,0.9787683,4.82,0.19,0.26,0.2,0.35,,,,,
2621,10735616,365,78377.55710660465,44729.21472630091,8.58,4281.91,-0.00037009110837971093,24577.099537611008,0.8450944756623358,5.793244160000001e-06,0.9817866,4.67,0.19,0.27,0.21,0.33,,,,,
2622,10739712,366,77854.80961173706,44428.4664305719,8.55,4260.1,-0.0002222171751782298,12883.234875440598,0.8734777848003432,5.791638528e-06,0.95703495,4.66,0.19,0.28,0.2,0.33,,,,,
2623,10743808,366,77854.80961173706,44428.4664305719,8.55,4260.1,-0.0001735871901473729,21177.829897880554,0.9017833495745435,5.790032896e-06,0.97233397,4.66,0.19,0.28,0.2,0.33,,,,,
2624,10747904,367,77395.21402713016,44160.944790553425,8.54,4233.22,-0.00019784912092291052,21665.87158894539,0.8533510166453198,5.788427264e-06,0.980047,4.68,0.19,0.27,0.21,0.33,,,,,
2625,10752000,368,78224.47368459255,44654.86274040407,8.54,4275.21,-0.00022351419102051295,23287.82869052887,0.8356052606832236,5.786821632000001e-06,0.9724883,4.63,0.19,0.27,0.22,0.32,134791.07393380548,75049.18117465217,10.966666666666667,6090.466666666666,0.6
2626,10756096,369,76443.05771337064,43672.41240193532,8.48,4192.91,-0.00018383491260465235,22501.207878112793,0.7900452881585807,5.7852160000000005e-06,0.97145015,4.65,0.19,0.26,0.23,0.32,,,,,
2627,10760192,370,77334.33298517826,44165.6056366491,8.55,4211.34,-0.0003465607533144066,21451.626957416534,0.8834867866244167,5.783610368e-06,0.9852885,4.71,0.18,0.26,0.23,0.33,,,,,
2628,10764288,373,74309.85794246032,42431.34141661534,8.41,4072.19,-0.00014966219532652758,30736.668984413147,0.9711813181638718,5.782004736e-06,0.9197533,4.72,0.18,0.25,0.24,0.33,,,,,
2629,10768384,374,74110.77763936493,42292.123317990714,8.35,4068.57,-0.00045679552567889914,9014.780814528465,0.9140344936167821,5.780399104000001e-06,0.8936018,4.67,0.18,0.25,0.24,0.33,,,,,
2630,10772480,375,73350.76715409209,41869.11700763069,8.32,4035.99,-0.00015657703806937207,233658.9953918457,0.7825294834328815,5.7787934720000005e-06,0.9404329,4.67,0.18,0.25,0.24,0.33,,,,,
2631,10776576,376,75552.56112355663,43059.230034645036,8.48,4091.2,-0.00010505088334866741,715022.6333656311,0.7670271195238456,5.77718784e-06,0.9107686,4.78,0.18,0.24,0.24,0.34,,,,,
2632,10780672,376,75552.56112355663,43059.230034645036,8.48,4091.2,-0.0008038165810830833,6194.585970520973,0.8301152433268726,5.775582208e-06,0.9760993,4.78,0.18,0.24,0.24,0.34,,,,,
2633,10784768,377,76251.08266776637,43452.91397842649,8.51,4122.69,-0.00013498974476533476,41656.39579343796,0.7513513405574486,5.773976576000001e-06,0.9713902,4.77,0.19,0.23,0.24,0.34,,,,,
2634,10788864,378,76463.40030220035,43581.84675573839,8.54,4135.49,-0.0001119065409511677,42933.53014230728,0.9082937354687601,5.7723709440000005e-06,0.89516944,4.79,0.19,0.23,0.23,0.35,,,,,
2635,10792960,378,76463.40030220035,43581.84675573839,8.54,4135.49,-0.00010522858246986289,69095.14169311523,0.8100805073045194,5.770765312e-06,0.97082895,4.79,0.19,0.23,0.23,0.35,,,,,
2636,10797056,379,78908.3688670839,44904.41754822663,8.63,4217.64,-9.607631363905966e-05,167406.0573091507,0.8286803019000217,5.76915968e-06,0.94332415,4.8,0.19,0.23,0.23,0.35,,,,,
2637,10801152,379,78908.3688670839,44904.41754822663,8.63,4217.64,-0.00013695307006855728,28475.335166454315,0.8264733193209395,5.767554048000001e-06,0.9737949,4.8,0.19,0.23,0.23,0.35,,,,,
2638,10805248,381,79199.41476669308,45038.244480220106,8.64,4234.42,-0.0003192864505763282,12764.962777614594,0.9065005354350433,5.7659484160000004e-06,0.92155063,4.79,0.19,0.23,0.23,0.35,,,,,
2639,10809344,381,79199.41476669308,45038.244480220106,8.64,4234.42,-0.0005931980413151905,3398.488463640213,0.8610270139761269,5.764342784e-06,0.97097486,4.79,0.19,0.23,0.23,0.35,,,,,
2640,10813440,381,79199.41476669308,45038.244480220106,8.64,4234.42,-0.0003761042216865462,34336.0271320343,0.8288638920057565,5.762737152e-06,0.9674202,4.79,0.19,0.23,0.23,0.35,,,,,
2641,10817536,381,79199.41476669308,45038.244480220106,8.64,4234.42,-0.00012769429667969234,53197.62347364426,0.7383955176919699,5.76113152e-06,0.9733578,4.79,0.19,0.23,0.23,0.35,,,,,
2642,10821632,382,82779.89045222013,46956.80753163584,8.73,4377.48,-0.0004245655536578852,254804.84946155548,0.8121984300669283,5.759525888e-06,0.95743376,4.74,0.2,0.23,0.23,0.34,,,,,
2643,10825728,384,81066.71073581013,46024.058745451075,8.64,4311.77,-0.0007079992265062174,7635.193974375725,0.9305944994557649,5.757920256e-06,0.9586422,4.71,0.19,0.24,0.24,0.33,,,,,
2644,10829824,384,81066.71073581013,46024.058745451075,8.64,4311.77,-0.00022036021073290613,18209.25845861435,0.8280039026867598,5.756314624000001e-06,0.9831234,4.71,0.19,0.24,0.24,0.33,,,,,
2645,10833920,386,81280.1833927423,46102.74982197767,8.7,4293.51,-0.00017786433272704016,28224.15621137619,0.8967934293905273,5.754708992000001e-06,0.94664294,4.79,0.18,0.24,0.24,0.34,,,,,
2646,10838016,387,80409.01516929336,45648.21073352952,8.62,4282.87,-0.00014336394633573946,131764.2023601532,0.8301591848721728,5.75310336e-06,0.9514381,4.71,0.19,0.24,0.24,0.33,,,,,
2647,10842112,388,82535.24996429235,46767.2765097325,8.69,4337.09,-0.00015303648160625016,527130.5468082428,0.7692738729529083,5.751497728e-06,0.94081044,4.73,0.19,0.24,0.24,0.33,,,,,
2648,10846208,389,82940.28416158387,46992.48387340742,8.64,4370.85,-0.00045821770072507206,7644.844528913498,0.8090304702054709,5.749892096000001e-06,0.93644965,4.64,0.2,0.24,0.24,0.32,,,,,
2649,10850304,390,83675.15104786254,47394.09162593037,8.73,4385.86,-0.00012656198850891087,71889.47938728333,0.8057289307471365,5.7482864640000005e-06,0.96332973,4.72,0.19,0.24,0.24,0.33,,,,,
2650,10854400,390,83675.15104786254,47394.09162593037,8.73,4385.86,-0.00014072075464355294,16049.569347143173,0.8489886544412002,5.746680832e-06,0.9756309,4.72,0.19,0.24,0.24,0.33,106933.04638221557,59548.712266192495,9.866666666666667,5049.4,0.43333333333333335
2651,10858496,391,85271.70357436422,48281.312169351724,8.79,4459.9,-0.00011518083192640916,38892.95656681061,0.9112279209075496,5.7450752e-06,0.9726462,4.7,0.19,0.25,0.23,0.33,,,,,
2652,10862592,392,83348.19542457606,47256.4209751051,8.74,4374.09,-0.00025920938060153276,20421.171753644943,0.8004994842922315,5.743469568000001e-06,0.95220304,4.74,0.18,0.25,0.24,0.33,,,,,
2653,10866688,392,83348.19542457606,47256.4209751051,8.74,4374.09,-0.00043890530105272774,27539.942768096924,0.8229364913422614,5.7418639360000005e-06,0.96868336,4.74,0.18,0.25,0.24,0.33,,,,,
2654,10870784,392,83348.19542457606,47256.4209751051,8.74,4374.09,-0.00020615132598322816,44690.96822834015,0.8032849443843588,5.740258304e-06,0.9872949,4.74,0.18,0.25,0.24,0.33,,,,,
2655,10874880,393,85322.71783840767,48345.62198341808,8.81,4453.25,-0.00030655026694148546,28861.564898967743,0.8509633220965043,5.738652672e-06,0.8937496,4.73,0.18,0.26,0.23,0.33,,,,,
2656,10878976,394,84735.13686702139,48034.42015902426,8.78,4437.28,-0.00029038962657068623,25975.194355249405,0.7849389346083626,5.73704704e-06,0.93710434,4.71,0.19,0.25,0.23,0.33,,,,,
2657,10883072,395,85379.08326455549,48403.51204500849,8.76,4466.2,-8.895524297258817e-05,42684.830855846405,0.8321310225874186,5.7354414080000005e-06,0.9641533,4.65,0.19,0.25,0.24,0.32,,,,,
2658,10887168,395,85379.08326455549,48403.51204500849,8.76,4466.2,-0.0002840388942786376,11607.037985086441,0.8674618401564658,5.733835776e-06,0.94247943,4.65,0.19,0.25,0.24,0.32,,,,,
2659,10891264,395,85379.08326455549,48403.51204500849,8.76,4466.2,-0.0004562884241749998,20543.16512823105,0.8617897068616003,5.732230144e-06,0.98227036,4.65,0.19,0.25,0.24,0.32,,,,,
2660,10895360,397,86671.08028592594,49104.77722665055,8.86,4509.29,-0.00027916061821997573,38549.53853273392,0.8127102211583406,5.730624512e-06,0.929916,4.71,0.18,0.26,0.24,0.32,,,,,
2661,10899456,398,86576.41969509517,49053.77900795819,8.85,4507.15,-0.00013664879224961624,44295.44530200958,0.8133753590518609,5.72901888e-06,0.94647104,4.7,0.19,0.25,0.24,0.32,,,,,
2662,10903552,399,87522.92650289193,49580.409006234615,8.94,4538.64,-0.0003073135658269166,25993.825322389603,0.8328081091167405,5.727413248e-06,0.9767289,4.76,0.19,0.25,0.23,0.33,,,,,
2663,10907648,401,87997.19315656256,49811.2328457658,8.97,4570.48,-0.00019921452258131467,17746.328237771988,0.8498963548336178,5.725807616000001e-06,0.9238558,4.76,0.2,0.24,0.23,0.33,,,,,
2664,10911744,402,87948.46464271644,49772.653744093666,8.98,4564.18,-0.0005212797450440121,2927.4363087415695,0.8916397168068215,5.724201984000001e-06,0.97303283,4.78,0.2,0.23,0.24,0.33,,,,,
2665,10915840,403,88541.86482304387,50094.134352519904,9.01,4602.2,-0.00024153384219971485,17423.765483140945,0.8533919110195711,5.722596352e-06,0.9056208,4.77,0.21,0.22,0.24,0.33,,,,,
2666,10919936,403,88541.86482304387,50094.134352519904,9.01,4602.2,-0.000627711886409088,5477.662300348282,0.8503405783558264,5.72099072e-06,0.9730816,4.77,0.21,0.22,0.24,0.33,,,,,
2667,10924032,403,88541.86482304387,50094.134352519904,9.01,4602.2,-0.00020407156989676878,31312.157885551453,0.7991480710916221,5.719385088000001e-06,0.97550887,4.77,0.21,0.22,0.24,0.33,,,,,
2668,10928128,405,86676.50072875248,49133.15230560294,9.0,4565.01,-0.00019868936396960635,38297.1816072464,0.8746893232455477,5.7177794560000006e-06,0.92845774,4.79,0.22,0.21,0.24,0.33,,,,,
2669,10932224,405,86676.50072875248,49133.15230560294,9.0,4565.01,-0.00023564208186144242,15969.32479929924,0.8111311750253662,5.716173824e-06,0.96455336,4.79,0.22,0.21,0.24,0.33,,,,,
2670,10936320,406,88186.33410986119,49941.89660007523,9.04,4631.9,-0.00011854892454721266,53519.99365901947,0.772398209082894,5.714568192e-06,0.9716363,4.76,0.22,0.22,0.23,0.33,,,,,
2671,10940416,406,88186.33410986119,49941.89660007523,9.04,4631.9,-0.0003231776918255491,10561.980499982834,0.8682107962667942,5.712962560000001e-06,0.9736015,4.76,0.22,0.22,0.23,0.33,,,,,
2672,10944512,407,89366.55593386192,50593.90869555742,9.05,4685.0,-0.00015113954032131005,20522.43414902687,0.7955459490185603,5.7113569280000005e-06,0.97794443,4.71,0.22,0.22,0.24,0.32,,,,,
2673,10948608,408,88946.64581778404,50361.46044753213,9.04,4657.26,-0.00034603573476488236,12054.149335622787,0.8505275336792693,5.709751296e-06,0.97512823,4.73,0.22,0.21,0.25,0.32,,,,,
2674,10952704,408,88946.64581778404,50361.46044753213,9.04,4657.26,-9.358859597341507e-05,38445.11165571213,0.7849881850415841,5.708145664e-06,0.9770819,4.73,0.22,0.21,0.25,0.32,,,,,
2675,10956800,409,90147.78789503053,51015.50774360055,9.08,4702.14,-0.00024432477039226796,12405.696845531464,0.8709441194077954,5.706540032e-06,0.9831591,4.73,0.22,0.21,0.25,0.32,135840.6464504057,75505.94524361924,11.0,6130.833333333333,0.6
2676,10960896,409,90147.78789503053,51015.50774360055,9.08,4702.14,-0.0008749281732889358,19450.210629463196,0.8272418997948989,5.7049344000000005e-06,0.97267264,4.73,0.22,0.21,0.25,0.32,,,,,
2677,10964992,409,90147.78789503053,51015.50774360055,9.08,4702.14,-0.00010601272924759542,58671.33071947098,0.7831851529190317,5.703328768e-06,0.9667608,4.73,0.22,0.21,0.25,0.32,,,,,
2678,10969088,410,92302.2107331995,52211.54315630609,9.12,4808.82,-0.00032769243989605457,23874.950049877167,0.896325449924916,5.701723136e-06,0.9635427,4.66,0.23,0.21,0.25,0.31,,,,,
2679,10973184,411,93685.0604657688,52963.460866394664,9.2,4838.7,-0.0005060176345068612,68179.96254062653,0.7459905734285712,5.700117504e-06,0.9763227,4.71,0.22,0.21,0.25,0.32,,,,,
2680,10977280,411,93685.0604657688,52963.460866394664,9.2,4838.7,-0.0005212258711253526,4967.991114139557,0.9080733641749248,5.6985118720000004e-06,0.9662228,4.71,0.22,0.21,0.25,0.32,,,,,
2681,10981376,411,93685.0604657688,52963.460866394664,9.2,4838.7,-0.00017969115287996829,27906.59148788452,0.8084115565288812,5.69690624e-06,0.96936756,4.71,0.22,0.21,0.25,0.32,,,,,
2682,10985472,412,95543.07303915986,53976.82678378351,9.25,4922.64,-9.173194666800555e-05,70776.7459115982,0.7856526717077941,5.695300608000001e-06,0.97410905,4.68,0.23,0.21,0.24,0.32,,,,,
2683,10989568,413,95557.23136963656,53992.913273883525,9.35,4924.03,-0.0001356195571133867,106018.65518093109,0.8568563284352422,5.693694976000001e-06,0.9732328,4.78,0.23,0.21,0.23,0.33,,,,,
2684,10993664,415,95515.65865738402,53951.91604600412,9.37,4909.09,-0.0001065519008989213,40799.767179489136,0.8852534871548414,5.692089344e-06,0.93914396,4.82,0.23,0.21,0.22,0.34,,,,,
2685,10997760,416,95127.49860011182,53730.45587286825,9.37,4889.04,-0.00010218562510999618,68723.19685721397,0.8111364492215216,5.690483712e-06,0.9689099,4.84,0.23,0.21,0.22,0.34,,,,,
2686,11001856,416,95127.49860011182,53730.45587286825,9.37,4889.04,-0.00031701311127108056,8892.613409996033,0.7452709366334602,5.688878080000001e-06,0.97847277,4.84,0.23,0.21,0.22,0.34,,,,,
2687,11005952,417,96632.22498145732,54557.55580985834,9.39,4969.61,-9.694694199424703e-05,35660.26779937744,0.8811693327734247,5.687272448000001e-06,0.9554211,4.77,0.24,0.21,0.22,0.33,,,,,
2688,11010048,419,96454.8302945241,54457.66767594555,9.42,4942.53,-0.00017670434681349434,77030.3032040596,0.8527583897812292,5.685666816e-06,0.95209193,4.84,0.23,0.21,0.22,0.34,,,,,
2689,11014144,419,96454.8302945241,54457.66767594555,9.42,4942.53,-0.00044534369590110146,11556.584859132767,0.9054765050532296,5.684061184e-06,0.9644095,4.84,0.23,0.21,0.22,0.34,,,,,
2690,11018240,420,97674.51925541711,55137.9629608373,9.43,5014.0,-0.00025395711691089673,17621.056092500687,0.821550729451701,5.682455552000001e-06,0.9636518,4.77,0.24,0.21,0.22,0.33,,,,,
2691,11022336,421,98611.4454393238,55656.44064270137,9.44,5068.96,-0.00036373003968037665,17103.55947971344,0.7942836021538824,5.6808499200000006e-06,0.97183377,4.72,0.24,0.22,0.22,0.32,,,,,
2692,11026432,422,97817.4571933459,55208.073046240825,9.39,5039.2,-0.0010464162878633942,3773.6722024679184,0.904170750756748,5.679244288e-06,0.9613951,4.7,0.24,0.23,0.21,0.32,,,,,
2693,11030528,422,97817.4571933459,55208.073046240825,9.39,5039.2,-0.0004940340395478415,6637.609336137772,0.8544896302046254,5.677638656e-06,0.9856083,4.7,0.24,0.23,0.21,0.32,,,,,
2694,11034624,423,98296.14530838885,55505.380093616644,9.37,5085.39,-0.00014962246768845944,21584.683767557144,0.8236851209076121,5.676033024e-06,0.97529835,4.62,0.25,0.23,0.21,0.31,,,,,
2695,11038720,423,98296.14530838885,55505.380093616644,9.37,5085.39,-0.0003963324734286289,9196.31749868393,0.8838660964975134,5.6744273920000005e-06,0.9684277,4.62,0.25,0.23,0.21,0.31,,,,,
2696,11042816,424,98246.71179455414,55488.21153135946,9.34,5102.97,-0.000331982808347675,14567.176558971405,0.8257253556512296,5.67282176e-06,0.9513486,4.57,0.25,0.24,0.21,0.3,,,,,
2697,11046912,426,97173.6552889544,54904.06217654489,9.27,5076.1,-0.001112850620302197,7374.725520372391,0.9341597408056259,5.671216128e-06,0.89289486,4.52,0.27,0.23,0.2,0.3,,,,,
2698,11051008,426,97173.6552889544,54904.06217654489,9.27,5076.1,-0.00045899277392891236,11061.114723920822,0.8450099781621248,5.669610496e-06,0.9815609,4.52,0.27,0.23,0.2,0.3,,,,,
2699,11055104,427,97840.2789791499,55276.73179384185,9.25,5115.53,-0.0003477563222986646,17801.35949063301,0.864648281945847,5.6680048640000005e-06,0.9731624,4.46,0.27,0.23,0.21,0.29,,,,,
2700,11059200,429,97049.42321348676,54838.43099148961,9.22,5085.68,-0.00017736001245793886,19049.598878145218,0.8942444445565343,5.666399232e-06,0.9631945,4.46,0.27,0.24,0.2,0.29,105371.25214260854,59635.17083575275,10.233333333333333,5313.433333333333,0.4
2701,11063296,430,97564.1172476035,55113.593818265756,9.26,5105.07,-6.03112248427351e-05,69416.57574415207,0.8353309123776853,5.664793600000001e-06,0.92456704,4.49,0.27,0.24,0.19,0.3,,,,,
2702,11067392,431,95698.61807269319,54097.13357796869,9.26,5008.41,-0.0001424622896593064,65343.72747325897,0.7863430646248162,5.663187968000001e-06,0.9671435,4.59,0.26,0.24,0.19,0.31,,,,,
2703,11071488,432,96740.67731289781,54673.86290865767,9.29,5052.71,-2.6411573344375938e-05,135480.2679014206,0.8908183799358085,5.6615823360000004e-06,0.8411521,4.58,0.26,0.24,0.19,0.31,,,,,
2704,11075584,432,96740.67731289781,54673.86290865767,9.29,5052.71,-7.669489559702924e-05,43299.73978805542,0.7808857052586973,5.659976704e-06,0.9760015,4.58,0.26,0.24,0.19,0.31,,,,,
2705,11079680,433,98327.51245352492,55486.07378572288,9.37,5078.78,-0.00021269102762744296,156651.5173177719,0.7335570430150256,5.658371072000001e-06,0.95413,4.65,0.25,0.24,0.19,0.32,,,,,
2706,11083776,433,98327.51245352492,55486.07378572288,9.37,5078.78,-0.0008464524926239392,3029.127745270729,0.834522522171028,5.656765440000001e-06,0.9781427,4.65,0.25,0.24,0.19,0.32,,,,,
2707,11087872,434,98008.25624555367,55338.45566951626,9.32,5096.13,-0.00022811291864854866,15597.494475245476,0.9072151447180659,5.655159808e-06,0.96118414,4.57,0.26,0.24,0.19,0.31,,,,,
2708,11091968,434,98008.25624555367,55338.45566951626,9.32,5096.13,-0.002073677183034306,6859.44234752655,0.8372751703718677,5.653554176e-06,0.9822849,4.57,0.26,0.24,0.19,0.31,,,,,
2709,11096064,435,98719.24576741243,55758.52402945,9.32,5145.64,-0.0001182102132588625,20106.389796733856,0.8812358235009015,5.651948544e-06,0.9795278,4.51,0.27,0.24,0.19,0.3,,,,,
2710,11100160,436,99234.95632162486,56041.8375677691,9.38,5143.11,-0.00019295500351290684,29476.083666563034,0.845149765489623,5.650342912000001e-06,0.9775493,4.58,0.26,0.24,0.19,0.31,,,,,
2711,11104256,436,99234.95632162486,56041.8375677691,9.38,5143.11,-0.0002507388508092845,12585.277213096619,0.7939273335505277,5.64873728e-06,0.9757431,4.58,0.26,0.24,0.19,0.31,,,,,
2712,11108352,438,99495.55754134824,56205.54178610874,9.38,5144.48,-0.0002233897130281548,14697.796678304672,0.8738843211904168,5.647131648e-06,0.97118646,4.58,0.26,0.24,0.19,0.31,,,,,
2713,11112448,439,98433.5850877885,55586.58920343369,9.34,5094.95,-0.00043732043195632286,10715.342570066452,0.9541568108834326,5.645526016e-06,0.9543219,4.59,0.26,0.24,0.19,0.31,,,,,
2714,11116544,440,99358.05117404826,56108.00845391441,9.36,5136.06,-9.263597894459963e-05,37846.77730321884,0.78343263536226,5.6439203840000005e-06,0.9584193,4.57,0.26,0.24,0.19,0.31,,,,,
2715,11120640,443,97012.59450313429,54760.92825555605,9.46,4993.2,-0.00018587625891086645,39640.72059440613,0.9340024339035153,5.642314752e-06,0.96846163,4.82,0.25,0.23,0.18,0.34,,,,,
2716,11124736,444,96997.71897109883,54754.02228460112,9.48,4991.8,-0.0006391782262653578,7686.371626853943,0.868325169547461,5.64070912e-06,0.9671284,4.84,0.25,0.23,0.18,0.34,,,,,
2717,11128832,445,97616.84414194206,55109.39503034008,9.51,5029.91,-0.0006586844128833036,7027.568164467812,0.8234965674346313,5.639103488e-06,0.959685,4.83,0.25,0.23,0.18,0.34,,,,,
2718,11132928,446,96471.96108315271,54491.33406883601,9.47,4984.54,-0.00044878891867483617,14281.591067194939,0.8572863121517003,5.6374978560000005e-06,0.9687223,4.83,0.25,0.23,0.18,0.34,,,,,
2719,11137024,446,96471.96108315271,54491.33406883601,9.47,4984.54,-0.00052750591567019,9298.129675388336,0.8370014616521075,5.635892224e-06,0.97999936,4.83,0.25,0.23,0.18,0.34,,,,,
2720,11141120,447,97659.32534698608,55128.57217487877,9.5,5040.86,-0.00022723017173120752,39134.9728102684,0.8170945019228384,5.634286592000001e-06,0.9635287,4.81,0.25,0.24,0.17,0.34,,,,,
2721,11145216,447,97659.32534698608,55128.57217487877,9.5,5040.86,-0.0005470968926601927,2490.5419796705246,0.81997017248068,5.632680960000001e-06,0.97033244,4.81,0.25,0.24,0.17,0.34,,,,,
2722,11149312,447,97659.32534698608,55128.57217487877,9.5,5040.86,-0.0004606662519108795,21085.099364757538,0.8302404545247555,5.6310753280000005e-06,0.9744168,4.81,0.25,0.24,0.17,0.34,,,,,
2723,11153408,448,98019.40325270953,55318.516322112504,9.51,5054.2,-0.00012254481680429308,78071.8784198761,0.8513618948636577,5.629469696e-06,0.97176695,4.81,0.25,0.24,0.17,0.34,,,,,
2724,11157504,448,98019.40325270953,55318.516322112504,9.51,5054.2,-0.0007491765991289867,8196.87785756588,0.8662043580552563,5.627864064000001e-06,0.9687135,4.81,0.25,0.24,0.17,0.34,,,,,
2725,11161600,448,98019.40325270953,55318.516322112504,9.51,5054.2,-0.00025140545676549664,20207.610206842422,0.7442684943089262,5.626258432000001e-06,0.9835032,4.81,0.25,0.24,0.17,0.34,120853.71389323838,67779.92592111957,10.6,5705.233333333334,0.4
2726,11165696,448,98019.40325270953,55318.516322112504,9.51,5054.2,-0.0001888666520244442,100161.18120384216,0.7384309022454545,5.6246528000000004e-06,0.97867846,4.81,0.25,0.24,0.17,0.34,,,,,
2727,11169792,449,100157.28373235796,56472.49873350414,9.57,5129.93,-0.00020288316318328725,85104.87573075294,0.8874568123137578,5.623047168e-06,0.95477676,4.79,0.26,0.23,0.17,0.34,,,,,
2728,11173888,451,99818.71862551478,56304.94792115064,9.49,5142.5,-0.0001944728228409076,26279.78687429428,0.8433685350464657,5.621441536e-06,0.96725476,4.69,0.27,0.23,0.18,0.32,,,,,
2729,11177984,452,100438.16590205273,56650.12350048959,9.55,5160.05,-0.00014338684968606685,54914.138906002045,0.8369728247635067,5.619835904000001e-06,0.9716802,4.74,0.27,0.23,0.17,0.33,,,,,
2730,11182080,452,100438.16590205273,56650.12350048959,9.55,5160.05,-0.0016001628409867408,12304.976401090622,0.9347394244978204,5.618230272e-06,0.980962,4.74,0.27,0.23,0.17,0.33,,,,,
2731,11186176,452,100438.16590205273,56650.12350048959,9.55,5160.05,-0.0001283221754420083,39578.74413871765,0.7880306839942932,5.61662464e-06,0.9805823,4.74,0.27,0.23,0.17,0.33,,,,,
2732,11190272,453,102791.007567536,57931.68478554597,9.61,5250.16,-0.00012508574945968576,148018.39633846283,0.7957740187412128,5.615019008e-06,0.9695247,4.71,0.27,0.24,0.16,0.33,,,,,
2733,11194368,456,99857.46984819275,56311.8435389003,9.56,5116.38,-0.00021882836881559342,25689.188432216644,0.9330180713441223,5.6134133760000006e-06,0.8969717,4.8,0.27,0.23,0.15,0.35,,,,,
2734,11198464,457,98902.62912942682,55782.292390962975,9.51,5080.84,-0.0004000251065008342,6827.533686995506,0.8687675591791049,5.611807744e-06,0.92314744,4.78,0.28,0.22,0.15,0.35,,,,,
2735,11202560,457,98902.62912942682,55782.292390962975,9.51,5080.84,-0.00020937561748723965,15374.284319400787,0.8667156678857282,5.610202112e-06,0.9777302,4.78,0.28,0.22,0.15,0.35,,,,,
2736,11206656,458,98332.43908396797,55468.849944114314,9.5,5046.25,-0.000508931334479712,12082.940624952316,0.7494188265409321,5.60859648e-06,0.89058375,4.81,0.27,0.22,0.16,0.35,,,,,
2737,11210752,459,97821.63596051086,55221.29613842134,9.39,5068.53,-0.00038561031624340103,14565.504852175713,0.8176766639808193,5.6069908480000005e-06,0.96151453,4.67,0.28,0.22,0.16,0.34,,,,,
2738,11214848,459,97821.63596051086,55221.29613842134,9.39,5068.53,-0.00032811431992740836,8019.065383315086,0.8043656799709424,5.605385216e-06,0.97000754,4.67,0.28,0.22,0.16,0.34,,,,,
2739,11218944,460,96658.83511080773,54603.17634411705,9.35,5034.21,-0.0001365871648886241,29589.611914157867,0.8731802217662334,5.603779584000001e-06,0.9820098,4.65,0.29,0.21,0.16,0.34,,,,,
2740,11223040,461,98132.76302905839,55399.44188011374,9.46,5072.57,-0.00010746492989710532,103346.34162044525,0.8012263564160094,5.602173952000001e-06,0.97259533,4.73,0.28,0.21,0.16,0.35,,,,,
2741,11227136,461,98132.76302905839,55399.44188011374,9.46,5072.57,-0.0001054897511494346,33931.38222074509,0.8110353691736236,5.6005683200000005e-06,0.981344,4.73,0.28,0.21,0.16,0.35,,,,,
2742,11231232,462,99875.14424778953,56328.12683363758,9.53,5126.89,-0.00017370253772241995,178721.10593032837,0.8040236554807052,5.598962688e-06,0.9607157,4.76,0.28,0.21,0.15,0.36,,,,,
2743,11235328,462,99875.14424778953,56328.12683363758,9.53,5126.89,-0.0012019583300570957,6740.721829533577,0.8492404777789488,5.597357056000001e-06,0.9407238,4.76,0.28,0.21,0.15,0.36,,,,,
2744,11239424,463,99947.7531960789,56344.98495540573,9.53,5129.04,-0.00015041612914501457,15759.60308790207,0.8228085823357105,5.595751424000001e-06,0.9335917,4.76,0.28,0.21,0.15,0.36,,,,,
2745,11243520,463,99947.7531960789,56344.98495540573,9.53,5129.04,-9.418963145435555e-05,26485.810191631317,0.870243422454223,5.5941457920000005e-06,0.83434594,4.76,0.28,0.21,0.15,0.36,,,,,
2746,11247616,464,99135.77458641265,55906.940208655455,9.49,5116.23,-0.0003280316368545755,11187.978154420853,0.8106298295315355,5.59254016e-06,0.9665831,4.73,0.29,0.21,0.14,0.36,,,,,
2747,11251712,466,99358.4347627852,56039.62060337257,9.54,5130.08,-0.00025377793372172164,13307.571722745895,0.8294915929436684,5.590934528e-06,0.90995014,4.77,0.3,0.19,0.14,0.37,,,,,
2748,11255808,466,99358.4347627852,56039.62060337257,9.54,5130.08,-0.00016952909390965942,56294.78819179535,0.7617599286604673,5.589328896000001e-06,0.977685,4.77,0.3,0.19,0.14,0.37,,,,,
2749,11259904,467,99497.77178904768,56090.45214728911,9.57,5118.22,-0.0001981695259019034,72023.83604812622,0.8834044282557443,5.587723264e-06,0.9615239,4.82,0.3,0.19,0.13,0.38,,,,,
2750,11264000,469,99219.19851965894,55931.52426752066,9.58,5104.47,-0.00015733348664070945,30940.588976860046,0.8405773938866332,5.586117632e-06,0.9772728,4.85,0.3,0.2,0.11,0.39,118481.06713114744,66454.98359836554,10.566666666666666,5632.233333333334,0.5666666666666667
2751,11268096,470,97977.30208642602,55233.112394078526,9.48,5061.99,-0.0003765866695175646,5797.913765788078,0.8952507367357612,5.584512e-06,0.9413127,4.79,0.31,0.2,0.11,0.38,,,,,
2752,11272192,470,97977.30208642602,55233.112394078526,9.48,5061.99,-0.0001834100867199595,24029.99750685692,0.8444458339363337,5.582906368000001e-06,0.95920324,4.79,0.31,0.2,0.11,0.38,,,,,
2753,11276288,472,98906.30520638125,55783.23065718885,9.58,5111.21,-0.0002972040551867394,19890.449425458908,0.8996030980488285,5.581300736e-06,0.96243066,4.84,0.31,0.2,0.11,0.38,,,,,
2754,11280384,472,98906.30520638125,55783.23065718885,9.58,5111.21,-0.00025919512518157717,23070.234484672546,0.8213815863709897,5.579695104e-06,0.9483427,4.84,0.31,0.2,0.11,0.38,,,,,
2755,11284480,473,100062.50187985798,56431.125139648764,9.62,5174.1,-0.00011442908180470113,25464.149533748627,0.8388043126324192,5.578089472e-06,0.9632168,4.81,0.31,0.21,0.1,0.38,,,,,
2756,11288576,474,101050.3390452691,57000.88306281988,9.66,5217.72,-0.0005370077451516408,15388.551074504852,0.8913088425761089,5.5764838400000006e-06,0.9732418,4.8,0.31,0.21,0.11,0.37,,,,,
2757,11292672,474,101050.3390452691,57000.88306281988,9.66,5217.72,-0.00014248833213059697,21585.379486083984,0.7745480105513707,5.574878208e-06,0.97700864,4.8,0.31,0.21,0.11,0.37,,,,,
2758,11296768,474,101050.3390452691,57000.88306281988,9.66,5217.72,-0.00013054975715931505,109620.18964719772,0.8294120323844254,5.573272576000001e-06,0.97521526,4.8,0.31,0.21,0.11,0.37,,,,,
2759,11300864,477,99219.58138119747,56005.806319868934,9.63,5137.66,-0.00024292700254591182,22439.568155288696,0.8915439809206873,5.571666944e-06,0.8665678,4.86,0.3,0.2,0.12,0.38,,,,,
2760,11304960,477,99219.58138119747,56005.806319868934,9.63,5137.66,-0.00017243355796381366,16446.09993672371,0.8719427338801324,5.5700613120000005e-06,0.96742135,4.86,0.3,0.2,0.12,0.38,,,,,
2761,11309056,478,100211.6837519658,56551.25028427445,9.65,5194.23,-6.380921058735112e-05,40696.00677585602,0.8554787724278867,5.56845568e-06,0.9522018,4.82,0.3,0.21,0.12,0.37,,,,,
2762,11313152,479,98632.05443873908,55702.22699638686,9.62,5142.44,-0.00013773752471024636,29404.67420578003,0.921785649494268,5.566850048e-06,0.9382481,4.84,0.3,0.21,0.12,0.37,,,,,
2763,11317248,479,98632.05443873908,55702.22699638686,9.62,5142.44,-0.00021793640189571306,30218.07921075821,0.8674725476885214,5.565244416000001e-06,0.97321177,4.84,0.3,0.21,0.12,0.37,,,,,
2764,11321344,480,99634.34040485736,56245.32875375983,9.65,5184.72,-0.0002798960904328851,25281.01521396637,0.8475955337053165,5.5636387840000005e-06,0.9841443,4.83,0.3,0.21,0.12,0.37,,,,,
2765,11325440,480,99634.34040485736,56245.32875375983,9.65,5184.72,-0.0003684699277073378,15739.190888166428,0.7978571233106777,5.562033152e-06,0.9577402,4.83,0.3,0.21,0.12,0.37,,,,,
2766,11329536,481,99931.04451168189,56441.676654104915,9.66,5204.04,-0.0012092248407498118,4466.826027393341,0.8481779315043241,5.56042752e-06,0.95259225,4.81,0.3,0.22,0.11,0.37,,,,,
2767,11333632,482,96615.62143447335,54668.26616121954,9.55,5088.77,-0.0001626193552510813,26700.12060689926,0.8294169926084578,5.558821888000001e-06,0.97286636,4.81,0.3,0.22,0.11,0.37,,,,,
2768,11337728,482,96615.62143447335,54668.26616121954,9.55,5088.77,-0.00020149607007624581,146706.22887516022,0.6965579068055376,5.5572162560000004e-06,0.97565496,4.81,0.3,0.22,0.11,0.37,,,,,
2769,11341824,483,98776.85298911748,55815.067996007056,9.65,5137.78,-0.0004429680093380739,122181.76094579697,0.8890774246538058,5.555610624e-06,0.9550251,4.87,0.3,0.21,0.11,0.38,,,,,
2770,11345920,484,99859.12029571591,56426.45125249986,9.7,5187.54,-0.00018554551570559852,23819.17054605484,0.7862937239697203,5.554004992e-06,0.97069514,4.87,0.3,0.21,0.11,0.38,,,,,
2771,11350016,487,98831.4957309963,55851.77446362103,9.58,5138.23,-0.00041130305089609465,9902.4743642807,0.8881966274930164,5.552399360000001e-06,0.9342488,4.8,0.29,0.23,0.11,0.37,,,,,
2772,11354112,490,95961.96719547422,54336.28107510549,9.45,5047.29,-0.0001576692657181411,20493.785212516785,0.8516340352362022,5.550793728e-06,0.94137996,4.76,0.28,0.23,0.12,0.37,,,,,
2773,11358208,490,95961.96719547422,54336.28107510549,9.45,5047.29,-0.0009651249747548718,7270.700744628906,0.8786816727370024,5.549188096e-06,0.9649722,4.76,0.28,0.23,0.12,0.37,,,,,
2774,11362304,490,95961.96719547422,54336.28107510549,9.45,5047.29,-0.00010832335237864754,22297.809745788574,0.75073677895125,5.547582464e-06,0.9782533,4.76,0.28,0.23,0.12,0.37,,,,,
2775,11366400,492,95765.56335740801,54210.52393643672,9.44,5040.74,-0.00016229477841989137,29109.527539253235,0.9003878537332639,5.545976832000001e-06,0.9627012,4.76,0.28,0.23,0.11,0.38,141172.28967828077,78799.38028751929,11.266666666666667,6408.333333333333,0.6
2776,11370496,492,95765.56335740801,54210.52393643672,9.44,5040.74,-0.0001945571075339103,30591.924011707306,0.9095411077141762,5.5443712e-06,0.9712768,4.76,0.28,0.23,0.11,0.38,,,,,
2777,11374592,493,94944.78777878318,53760.72774311973,9.43,4999.67,-0.00022582034125662176,38311.19576215744,0.882954839267768,5.542765568000001e-06,0.9664569,4.79,0.28,0.22,0.11,0.39,,,,,
2778,11378688,495,94458.9993843806,53488.19181667578,9.46,4960.87,-0.0002884127106881351,18632.559766292572,0.8074436538154259,5.541159936e-06,0.979796,4.87,0.27,0.22,0.11,0.4,,,,,
2779,11382784,496,92536.56452848339,52409.332850844265,9.37,4876.37,-0.0006399936373782111,10717.455958127975,0.8600768571486697,5.539554304e-06,0.93785155,4.87,0.27,0.22,0.11,0.4,,,,,
2780,11386880,496,92536.56452848339,52409.332850844265,9.37,4876.37,-0.00010220950753137004,38827.52592611313,0.8214400777360424,5.537948672e-06,0.9779534,4.87,0.27,0.22,0.11,0.4,,,,,
2781,11390976,497,94389.48991854668,53447.01957643585,9.36,4959.92,-0.00016861798030731734,37141.237243652344,0.8217445615446195,5.53634304e-06,0.9792072,4.77,0.27,0.23,0.11,0.39,,,,,
2782,11395072,497,94389.48991854668,53447.01957643585,9.36,4959.92,-0.00021217957691987976,18636.83041381836,0.8579164155526087,5.534737408000001e-06,0.9457315,4.77,0.27,0.23,0.11,0.39,,,,,
2783,11399168,498,94959.80815074936,53757.54783991673,9.39,4988.16,-0.0004842764383283793,6878.046369791031,0.8735703724669293,5.5331317760000005e-06,0.961191,4.77,0.27,0.23,0.11,0.39,,,,,
2784,11403264,498,94959.80815074936,53757.54783991673,9.39,4988.16,-0.00013148294237907976,10694.283812761307,0.820409118081443,5.531526144e-06,0.98514754,4.77,0.27,0.23,0.11,0.39,,,,,
2785,11407360,498,94959.80815074936,53757.54783991673,9.39,4988.16,-0.00019289525243948447,38569.456579208374,0.8166406134841964,5.529920512e-06,0.97426575,4.77,0.27,0.23,0.11,0.39,,,,,
2786,11411456,501,95772.05453993386,54193.27205987966,9.38,5021.46,-2.485005825292319e-05,188538.64363574982,0.8707748504821211,5.528314880000001e-06,0.7646733,4.73,0.27,0.23,0.11,0.39,,,,,
2787,11415552,501,95772.05453993386,54193.27205987966,9.38,5021.46,-0.0005452255927593797,7318.633488416672,0.8176811477169394,5.5267092480000005e-06,0.9730529,4.73,0.27,0.23,0.11,0.39,,,,,
2788,11419648,502,97391.38950583203,55101.686105524714,9.43,5103.76,-0.0001045379012794001,41898.05339670181,0.8054291360313073,5.525103616e-06,0.9580566,4.69,0.28,0.23,0.1,0.39,,,,,
2789,11423744,503,96810.95633563657,54765.63277212201,9.43,5058.21,-0.0002869401732823462,17939.781581044197,0.8282570904120803,5.523497984e-06,0.9142839,4.74,0.27,0.23,0.1,0.4,,,,,
2790,11427840,504,95712.48205763359,54166.42541384052,9.39,5015.04,-0.0002205818036600249,12938.347889661789,0.840042493888177,5.521892352000001e-06,0.92374146,4.74,0.27,0.23,0.1,0.4,,,,,
2791,11431936,504,95712.48205763359,54166.42541384052,9.39,5015.04,-0.0005002376528864261,4911.307218194008,0.8245278155663982,5.5202867200000004e-06,0.9683809,4.74,0.27,0.23,0.1,0.4,,,,,
2792,11436032,505,96451.7740419557,54586.55603323231,9.36,5065.5,-0.0003513506280796719,25605.23166322708,0.8926552238408476,5.518681088e-06,0.96884644,4.65,0.28,0.23,0.1,0.39,,,,,
2793,11440128,506,94984.31328647982,53773.8777569301,9.32,4999.36,-0.0005771015094069298,3516.2512640953064,0.8833290244219825,5.517075456e-06,0.97050875,4.68,0.28,0.22,0.11,0.39,,,,,
2794,11444224,507,94981.25300126203,53785.96977879722,9.31,5017.14,-0.00013953854067949578,21336.411470890045,0.9366850575897843,5.515469824000001e-06,0.967877,4.65,0.29,0.22,0.1,0.39,,,,,
2795,11448320,507,94981.25300126203,53785.96977879722,9.31,5017.14,-0.0007689095446039573,6424.578742861748,0.8211873497348279,5.513864192e-06,0.9518562,4.65,0.29,0.22,0.1,0.39,,,,,
2796,11452416,508,95839.89619181653,54269.86930355137,9.34,5062.46,-0.00018537701635068515,32363.288558483124,0.8491410163696855,5.512258560000001e-06,0.97534037,4.63,0.29,0.23,0.09,0.39,,,,,
2797,11456512,508,95839.89619181653,54269.86930355137,9.34,5062.46,-0.00011965066551056225,64835.577854156494,0.7946051780600101,5.510652928e-06,0.97453976,4.63,0.29,0.23,0.09,0.39,,,,,
2798,11460608,510,93219.362760494,52805.087450593805,9.35,4922.41,-0.0006127740880401689,11911.428032398224,0.8773019606014714,5.509047296e-06,0.9546926,4.79,0.28,0.22,0.09,0.41,,,,,
2799,11464704,510,93219.362760494,52805.087450593805,9.35,4922.41,-0.00029329495737329125,36264.248953819275,0.8513669008389115,5.507441664e-06,0.9715218,4.79,0.28,0.22,0.09,0.41,,,,,
2800,11468800,510,93219.362760494,52805.087450593805,9.35,4922.41,-0.00023990824229258578,94615.45955944061,0.8210946797626093,5.505836032e-06,0.97243154,4.79,0.28,0.22,0.09,0.41,120518.87440192584,67431.32357768697,10.566666666666666,5649.733333333334,0.5
2801,11472896,512,92688.89303536333,52461.043416345616,9.3,4871.86,-0.0003307542274342268,360844.505777359,0.7924604911822826,5.504230400000001e-06,0.9514675,4.8,0.27,0.22,0.11,0.4,,,,,
2802,11476992,513,92935.10053204902,52593.80170509471,9.24,4885.36,-0.00024425289575447096,23297.810253858566,0.8942392842145637,5.5026247680000005e-06,0.93140376,4.73,0.27,0.22,0.11,0.4,,,,,
2803,11481088,513,92935.10053204902,52593.80170509471,9.24,4885.36,-0.0001231351216119947,33681.550463199615,0.7896133048925549,5.501019136e-06,0.9800028,4.73,0.27,0.22,0.11,0.4,,,,,
2804,11485184,514,93870.07853318125,53116.61702871521,9.22,4941.37,-0.00013620742174680345,37460.35503864288,0.837329542497173,5.499413504e-06,0.9766106,4.65,0.27,0.23,0.11,0.39,,,,,
2805,11489280,515,94181.13149935495,53287.17103763896,9.21,4960.2,-7.816456036380259e-05,29978.413965702057,0.8255437067709863,5.497807872000001e-06,0.71504104,4.62,0.27,0.23,0.12,0.38,,,,,
2806,11493376,515,94181.13149935495,53287.17103763896,9.21,4960.2,-0.00023489272825827356,20607.803721904755,0.8069767993874848,5.4962022400000005e-06,0.9580836,4.62,0.27,0.23,0.12,0.38,,,,,
2807,11497472,515,94181.13149935495,53287.17103763896,9.21,4960.2,-0.00011688720587699208,43958.99625682831,0.7619366878643632,5.494596608e-06,0.97409517,4.62,0.27,0.23,0.12,0.38,,,,,
2808,11501568,516,95513.76009078283,54009.23370772956,9.22,5029.23,-0.0002603834727779031,104761.13404464722,0.8409151686355472,5.492990976e-06,0.96818876,4.55,0.28,0.23,0.12,0.37,,,,,
2809,11505664,517,94223.15026844224,53281.60797258789,9.16,4963.91,-0.0017450527075197897,3653.636955976486,0.8359625529265031,5.491385344000001e-06,0.9722559,4.56,0.27,0.24,0.12,0.37,,,,,
2810,11509760,517,94223.15026844224,53281.60797258789,9.16,4963.91,-0.00028635527269216254,18442.398190259933,0.8290388372261077,5.4897797120000005e-06,0.9792166,4.56,0.27,0.24,0.12,0.37,,,,,
2811,11513856,518,96724.84768829489,54654.83308721902,9.22,5078.69,-0.00011427199387981091,86662.33404159546,0.8158055283129215,5.48817408e-06,0.9665851,4.5,0.28,0.24,0.12,0.36,,,,,
2812,11517952,518,96724.84768829489,54654.83308721902,9.22,5078.69,-0.0007000472169238492,8690.532326936722,0.8303363586310297,5.486568448e-06,0.98016834,4.5,0.28,0.24,0.12,0.36,,,,,
2813,11522048,519,97065.75248790049,54846.11836154572,9.16,5105.33,-0.00041737120409379713,10434.002555847168,0.8434871870558709,5.484962816000001e-06,0.86478746,4.41,0.28,0.24,0.13,0.35,,,,,
2814,11526144,521,95916.73669931671,54223.863029011205,9.18,5034.82,-0.00013133765423845034,37216.26359939575,0.8238999854074791,5.483357184e-06,0.94810855,4.51,0.27,0.24,0.13,0.36,,,,,
2815,11530240,522,96152.75137708052,54370.8528573059,9.2,5045.76,-0.00020774266977241496,10214.600299239159,0.7859598075738177,5.481751552e-06,0.94963706,4.52,0.27,0.23,0.14,0.36,,,,,
2816,11534336,522,96152.75137708052,54370.8528573059,9.2,5045.76,-0.0007975054140842985,10500.131128787994,0.8224984100088477,5.48014592e-06,0.9694649,4.52,0.27,0.23,0.14,0.36,,,,,
2817,11538432,522,96152.75137708052,54370.8528573059,9.2,5045.76,-0.00013542429587687366,26564.263097286224,0.7581563359126449,5.478540288e-06,0.9806606,4.52,0.27,0.23,0.14,0.36,,,,,
2818,11542528,523,96951.612208236,54788.72038665521,9.22,5074.93,-3.529394052748103e-05,142294.66156959534,0.8176716204034165,5.476934656e-06,0.9307404,4.52,0.27,0.23,0.14,0.36,,,,,
2819,11546624,525,96586.2129032616,54575.63686004675,9.27,5032.17,-0.00023479542505810969,30632.777198314667,0.838057586341165,5.475329024e-06,0.96720314,4.62,0.26,0.23,0.14,0.37,,,,,
2820,11550720,526,96574.22239414284,54579.321421103894,9.29,5023.86,-0.0011726970351446653,10169.378622412682,0.8488757545128465,5.473723392000001e-06,0.9634403,4.65,0.25,0.23,0.15,0.37,,,,,
2821,11554816,526,96574.22239414284,54579.321421103894,9.29,5023.86,-0.0006070484541851329,14092.909154891968,0.8169163462007418,5.4721177600000006e-06,0.97886723,4.65,0.25,0.23,0.15,0.37,,,,,
2822,11558912,526,96574.22239414284,54579.321421103894,9.29,5023.86,-9.104078526434023e-05,31284.56891965866,0.7510472439462319,5.470512128e-06,0.9857982,4.65,0.25,0.23,0.15,0.37,,,,,
2823,11563008,527,98205.66272966306,55464.65261797448,9.33,5095.49,-0.00019871726726705674,106969.66154432297,0.8373331967741251,5.468906496e-06,0.96620405,4.62,0.26,0.23,0.14,0.37,,,,,
2824,11567104,528,97573.5127732711,55111.447359686485,9.28,5069.77,-0.0005410777303040959,7229.618309259415,0.8955267640994862,5.467300864000001e-06,0.8835961,4.6,0.27,0.22,0.14,0.37,,,,,
2825,11571200,529,98427.76653244298,55607.937942782344,9.32,5124.82,-0.0003128072366962442,18111.552691221237,0.7812519111903384,5.4656952320000005e-06,0.97032803,4.58,0.28,0.21,0.14,0.37,101892.54312148406,57442.43051977178,10.066666666666666,5131.233333333334,0.4666666666666667
2826,11575296,529,98427.76653244298,55607.937942782344,9.32,5124.82,-0.00014992966498539317,37529.078206539154,0.8213099231943488,5.4640896e-06,0.96567404,4.58,0.28,0.21,0.14,0.37,,,,,
2827,11579392,530,98626.22638776034,55723.937782234854,9.33,5128.7,-0.0003516943306749454,12048.3419110775,0.8233786857454106,5.462483968e-06,0.9779784,4.58,0.28,0.21,0.14,0.37,,,,,
2828,11583488,531,99411.34636771218,56146.44322323087,9.31,5170.64,-0.0002325033419765532,29963.64292359352,0.7924261490115896,5.460878336000001e-06,0.97652376,4.52,0.28,0.21,0.15,0.36,,,,,
2829,11587584,532,99193.79391800977,56035.492919439006,9.3,5162.13,-0.00017232887057616608,29381.975116729736,0.821742347208783,5.4592727040000005e-06,0.9753458,4.51,0.28,0.21,0.16,0.35,,,,,
2830,11591680,533,96902.88956732009,54803.20901423509,9.24,5084.64,-0.0009075860534721869,5361.2153787612915,0.8509564942214638,5.457667072e-06,0.9662901,4.52,0.28,0.21,0.16,0.35,,,,,
2831,11595776,533,96902.88956732009,54803.20901423509,9.24,5084.64,-8.87338565007667e-05,33563.059163570404,0.7721019126474857,5.45606144e-06,0.97792476,4.52,0.28,0.21,0.16,0.35,,,,,
2832,11599872,534,97405.9430119599,55065.982029537336,9.26,5100.12,-0.0005671601920766989,5583.98603284359,0.8666983230505139,5.454455808000001e-06,0.95722026,4.53,0.27,0.22,0.16,0.35,,,,,
2833,11603968,535,97177.334544257,54925.78072344805,9.25,5091.06,-0.0003432116427575238,21810.758764982224,0.8678707396611571,5.4528501760000004e-06,0.95906514,4.53,0.27,0.22,0.16,0.35,,,,,
2834,11608064,536,96307.88149501623,54441.35869732472,9.17,5071.53,-0.0004550854082481237,14551.981392860413,0.925767392036505,5.451244544e-06,0.9573051,4.47,0.27,0.23,0.16,0.34,,,,,
2835,11612160,536,96307.88149501623,54441.35869732472,9.17,5071.53,-0.0001553036581753986,24064.44342803955,0.7597801473457366,5.449638912e-06,0.98320293,4.47,0.27,0.23,0.16,0.34,,,,,
2836,11616256,537,96824.0454879975,54693.93991855007,9.19,5078.29,-0.00035927559747506166,15153.976641178131,0.812207522103563,5.44803328e-06,0.9706076,4.49,0.27,0.22,0.17,0.34,,,,,
2837,11620352,537,96824.0454879975,54693.93991855007,9.19,5078.29,-0.00018550669392425334,15382.483446836472,0.7728101022075862,5.446427648e-06,0.9840789,4.49,0.27,0.22,0.17,0.34,,,,,
2838,11624448,538,98906.76810104265,55819.651488774245,9.29,5169.65,-0.00016327287630701903,31938.202436447144,0.7901128898374736,5.444822016e-06,0.97973967,4.5,0.26,0.23,0.17,0.34,,,,,
2839,11628544,539,98515.53460233394,55628.15172259617,9.35,5137.19,-0.00021422239387902664,39364.627700805664,0.8540250688092783,5.443216384000001e-06,0.9636208,4.59,0.26,0.22,0.17,0.35,,,,,
2840,11632640,540,98492.76748766477,55612.36603213383,9.33,5149.42,-0.0003954432568207267,15176.842913627625,0.8144835669081658,5.441610752000001e-06,0.9786589,4.55,0.26,0.23,0.17,0.34,,,,,
2841,11636736,540,98492.76748766477,55612.36603213383,9.33,5149.42,-0.0005766665217379341,7436.863701343536,0.8602577552665025,5.44000512e-06,0.97525775,4.55,0.26,0.23,0.17,0.34,,,,,
2842,11640832,541,99155.48545392051,56002.45705888777,9.31,5201.42,-0.00024143652262864634,23281.104773521423,0.8290112381801009,5.438399488e-06,0.9684086,4.47,0.27,0.23,0.17,0.33,,,,,
2843,11644928,541,99155.48545392051,56002.45705888777,9.31,5201.42,-9.347518607683014e-05,66916.5334148407,0.8337780346628278,5.436793856000001e-06,0.9685739,4.47,0.27,0.23,0.17,0.33,,,,,
2844,11649024,543,101449.66303784885,57273.93347521858,9.31,5285.66,-0.00013121298616169952,81846.94448661804,0.8818249014439061,5.4351882240000006e-06,0.9546323,4.39,0.27,0.23,0.17,0.33,,,,,
2845,11653120,543,101449.66303784885,57273.93347521858,9.31,5285.66,-0.0006556597327289637,4681.904083967209,0.8371686519822106,5.433582592e-06,0.9700017,4.39,0.27,0.23,0.17,0.33,,,,,
2846,11657216,545,101793.72994964452,57469.031125895024,9.26,5309.4,-0.0003294778543931898,18829.21458864212,0.9342698130058125,5.43197696e-06,0.960516,4.31,0.28,0.23,0.17,0.32,,,,,
2847,11661312,546,101876.01655198354,57509.99342571466,9.3,5287.73,-9.233065884473035e-05,48079.65234851837,0.7965031032217667,5.430371328000001e-06,0.97422487,4.38,0.27,0.23,0.17,0.33,,,,,
2848,11665408,547,100313.05632002758,56663.64459476864,9.22,5223.71,-0.0003523511240928201,11172.379167556763,0.8546171352500096,5.4287656960000005e-06,0.7425422,4.36,0.28,0.22,0.17,0.33,,,,,
2849,11669504,547,100313.05632002758,56663.64459476864,9.22,5223.71,-0.00026667906786315143,12971.90122795105,0.8957747499225661,5.427160064e-06,0.96325696,4.36,0.28,0.22,0.17,0.33,,,,,
2850,11673600,548,99329.53925197596,56138.56710217826,9.19,5190.48,-0.00021807685516250785,23172.220773220062,0.8940597785403952,5.425554432e-06,0.9615629,4.36,0.28,0.22,0.17,0.33,135875.98405370474,75377.08474988621,10.933333333333334,6076.766666666666,0.5333333333333333
2851,11677696,549,96799.96716894982,54788.558138859764,9.12,5095.97,-0.00021485485194716603,15558.489850997925,0.8300842064199969,5.4239488e-06,0.95954037,4.39,0.27,0.22,0.18,0.33,,,,,
2852,11681792,549,96799.96716894982,54788.558138859764,9.12,5095.97,-0.0001248530797965941,17181.673365831375,0.8366860168753192,5.4223431680000005e-06,0.98205763,4.39,0.27,0.22,0.18,0.33,,,,,
2853,11685888,550,98298.09669860922,55607.81150042252,9.19,5136.31,-0.00015391739361803047,56176.61701107025,0.8459629869321361,5.420737536e-06,0.9791672,4.43,0.26,0.22,0.19,0.33,,,,,
2854,11689984,552,97891.17169989113,55394.61226056899,9.22,5118.88,-0.0002371735017732135,45657.13460302353,0.8158190192189068,5.419131904e-06,0.96828717,4.47,0.26,0.22,0.18,0.34,,,,,
2855,11694080,553,95608.83641924322,54165.05813118001,9.15,5043.43,-0.0001580854586791247,20026.81830430031,0.8310117175569758,5.417526272e-06,0.95995593,4.48,0.26,0.22,0.18,0.34,,,,,
2856,11698176,554,95719.46509880437,54254.71520761629,9.13,5050.93,-0.00039274224855034845,11807.40918970108,0.895569292944856,5.4159206400000004e-06,0.9324672,4.45,0.26,0.22,0.18,0.34,,,,,
2857,11702272,554,95719.46509880437,54254.71520761629,9.13,5050.93,-0.00032582135645498056,7653.152138948441,0.8051663944497705,5.414315008e-06,0.9781744,4.45,0.26,0.22,0.18,0.34,,,,,
2858,11706368,555,97560.56676972659,55279.39921604558,9.18,5150.46,-0.00016179301928787027,36018.43184232712,0.7532996110385284,5.412709376000001e-06,0.97602016,4.4,0.27,0.22,0.18,0.33,,,,,
2859,11710464,555,97560.56676972659,55279.39921604558,9.18,5150.46,-0.0011135449130961206,7810.132397055626,0.861908653518185,5.411103744000001e-06,0.96869934,4.4,0.27,0.22,0.18,0.33,,,,,
2860,11714560,556,98366.45118525857,55723.89507609696,9.21,5192.72,-0.0003213555810361868,26274.873297214508,0.8724041391396895,5.409498112e-06,0.9266194,4.39,0.27,0.22,0.18,0.33,,,,,
2861,11718656,557,98294.36554982154,55681.28831316708,9.22,5182.25,-0.0004314712878112914,17560.42477965355,0.8864027468953282,5.40789248e-06,0.9539466,4.42,0.26,0.22,0.19,0.33,,,,,
2862,11722752,558,98251.9053797605,55647.685805606394,9.23,5172.67,-0.0006352400077958009,16587.091171503067,0.8999458085745573,5.406286848000001e-06,0.9740698,4.44,0.26,0.22,0.18,0.34,,,,,
2863,11726848,558,98251.9053797605,55647.685805606394,9.23,5172.67,-0.00035538251540856436,17246.437960147858,0.8094520941376686,5.404681216000001e-06,0.9713931,4.44,0.26,0.22,0.18,0.34,,,,,
2864,11730944,561,96272.36176673448,54559.71408003158,9.19,5083.72,-0.00021558761181950103,16973.464643716812,0.8807153403759003,5.403075584e-06,0.9767211,4.49,0.25,0.22,0.18,0.35,,,,,
2865,11735040,561,96272.36176673448,54559.71408003158,9.19,5083.72,-0.0004308790503273485,9001.400094509125,0.8065423507941887,5.401469952e-06,0.9687477,4.49,0.25,0.22,0.18,0.35,,,,,
2866,11739136,563,93935.03945557534,53295.54005505288,9.13,4996.84,-0.00010325888797524385,19831.032715320587,0.8419486925704405,5.399864320000001e-06,0.91455674,4.51,0.24,0.23,0.18,0.35,,,,,
2867,11743232,563,93935.03945557534,53295.54005505288,9.13,4996.84,-0.0005699571001969161,11897.509518146515,0.9124284579884261,5.3982586880000005e-06,0.96035814,4.51,0.24,0.23,0.18,0.35,,,,,
2868,11747328,563,93935.03945557534,53295.54005505288,9.13,4996.84,-0.00012006144879705971,27604.671471595764,0.8137243220116943,5.396653056e-06,0.9828516,4.51,0.24,0.23,0.18,0.35,,,,,
2869,11751424,564,95386.0992396273,54081.05946306289,9.18,5045.74,-6.814729931647889e-05,67716.70191860199,0.7728281456511468,5.395047424e-06,0.96899414,4.51,0.24,0.23,0.18,0.35,,,,,
2870,11755520,565,95174.59342907509,53956.728426300564,9.23,5011.57,-6.850776935607428e-05,50621.30644607544,0.823773019365035,5.393441792e-06,0.97745645,4.6,0.23,0.23,0.18,0.36,,,,,
2871,11759616,565,95174.59342907509,53956.728426300564,9.23,5011.57,-0.0001161586133093806,90370.3814125061,0.7883606470422819,5.3918361600000005e-06,0.9753071,4.6,0.23,0.23,0.18,0.36,,,,,
2872,11763712,567,95677.64702117137,54229.12242971943,9.27,5032.91,-2.9667746275663376e-05,205744.4149608612,0.8958109316881746,5.390230528e-06,0.702981,4.62,0.23,0.23,0.18,0.36,,,,,
2873,11767808,567,95677.64702117137,54229.12242971943,9.27,5032.91,-0.0001064629450411303,40297.134761333466,0.8103111289674416,5.388624896e-06,0.9727542,4.62,0.23,0.23,0.18,0.36,,,,,
2874,11771904,568,97757.61740839783,55345.342139077846,9.35,5100.45,-0.00012925457485835068,117070.10925579071,0.7941281738458201,5.387019264e-06,0.9321686,4.64,0.23,0.22,0.19,0.36,,,,,
2875,11776000,569,97712.06813341321,55314.948357651265,9.31,5110.52,-0.0004264822991899564,9381.998822689056,0.8423224568832666,5.3854136320000005e-06,0.93283284,4.59,0.23,0.23,0.19,0.35,124802.66281937037,69423.35874122921,10.633333333333333,5768.8,0.5666666666666667
2876,11780096,570,98308.5890015252,55660.31639639811,9.37,5137.05,-0.00024102316638163757,22693.422683000565,0.9061410805443302,5.383808e-06,0.9526876,4.62,0.22,0.23,0.2,0.35,,,,,
2877,11784192,570,98308.5890015252,55660.31639639811,9.37,5137.05,-0.00020688221957243513,20812.28249979019,0.824162270873785,5.382202368000001e-06,0.95927596,4.62,0.22,0.23,0.2,0.35,,,,,
2878,11788288,571,97980.38550240106,55469.53789689369,9.36,5118.01,-0.0001554036675770476,24408.54306793213,0.8015800146386027,5.380596736e-06,0.97228444,4.63,0.21,0.24,0.2,0.35,,,,,
2879,11792384,571,97980.38550240106,55469.53789689369,9.36,5118.01,-0.00011667209946608637,35950.01026344299,0.7767343907617033,5.3789911040000004e-06,0.96693265,4.63,0.21,0.24,0.2,0.35,,,,,
2880,11796480,572,99653.95397548696,56397.16996703048,9.33,5187.91,-0.00029096064281475265,33634.93282580376,0.8598305025370792,5.377385472e-06,0.96930504,4.53,0.21,0.24,0.21,0.34,,,,,
2881,11800576,573,99964.52460470541,56559.39263710056,9.35,5188.91,-0.00011809189345513005,35375.81918144226,0.862348897382617,5.375779840000001e-06,0.9750393,4.55,0.21,0.23,0.22,0.34,,,,,
2882,11804672,575,96664.31294906234,54739.86981806435,9.22,5058.93,-0.0005063744356448296,8862.669081449509,0.9236603425815701,5.374174208000001e-06,0.9452949,4.55,0.21,0.23,0.22,0.34,,,,,
2883,11808768,575,96664.31294906234,54739.86981806435,9.22,5058.93,-0.00023460201191483065,11963.73201417923,0.7706228120950982,5.372568576e-06,0.9618433,4.55,0.21,0.23,0.22,0.34,,,,,
2884,11812864,577,98170.41338955138,55566.96584093401,9.22,5138.06,-0.00018465776156517677,24723.51832461357,0.8322955963667482,5.370962944e-06,0.9676581,4.46,0.22,0.23,0.22,0.33,,,,,
2885,11816960,577,98170.41338955138,55566.96584093401,9.22,5138.06,-0.0007245303049785434,9708.84374666214,0.8596829291200265,5.369357312000001e-06,0.9793631,4.46,0.22,0.23,0.22,0.33,,,,,
2886,11821056,577,98170.41338955138,55566.96584093401,9.22,5138.06,-0.00024406544525845675,40248.57024145126,0.8150063412031159,5.3677516800000006e-06,0.9739013,4.46,0.22,0.23,0.22,0.33,,,,,
2887,11825152,578,98861.50151450366,55958.86332643397,9.25,5153.78,-0.0006218930575414561,16805.55227315426,0.8844116202089936,5.366146048e-06,0.9790436,4.47,0.22,0.23,0.22,0.33,,,,,
2888,11829248,580,96933.21068272552,54903.656308128324,9.15,5090.09,-0.0002846981806214899,22452.739010334015,0.9063004966592416,5.364540416e-06,0.9407801,4.43,0.23,0.22,0.22,0.33,,,,,
2889,11833344,582,96065.18316398407,54419.634701941235,9.18,5025.82,-0.00012099661853426369,30507.145112991333,0.9097112773451954,5.362934784e-06,0.8952707,4.54,0.22,0.21,0.22,0.35,,,,,
2890,11837440,582,96065.18316398407,54419.634701941235,9.18,5025.82,-0.00015448170961462893,16427.634860515594,0.84022613579873,5.3613291520000005e-06,0.97200155,4.54,0.22,0.21,0.22,0.35,,,,,
2891,11841536,583,95301.36153110156,54056.21024884244,9.14,5026.95,-8.452614747511689e-05,45698.092222213745,0.8092276906827465,5.35972352e-06,0.96817654,4.49,0.22,0.22,0.22,0.34,,,,,
2892,11845632,584,94542.84561151717,53630.902026789634,9.15,4990.48,-0.00031334948107542004,14895.969797730446,0.8792857930529863,5.358117888e-06,0.96722466,4.54,0.22,0.22,0.21,0.35,,,,,
2893,11849728,585,94623.59844897801,53674.96803873652,9.15,4998.79,-0.0004600481770467013,5378.016654849052,0.8508621823275462,5.356512256e-06,0.9702079,4.53,0.22,0.22,0.21,0.35,,,,,
2894,11853824,585,94623.59844897801,53674.96803873652,9.15,4998.79,-0.0005441467583295889,7732.296262025833,0.880440802895464,5.3549066240000005e-06,0.98637104,4.53,0.22,0.22,0.21,0.35,,,,,
2895,11857920,586,96447.17901232048,54687.00601709987,9.24,5093.39,-0.0001462636992073385,36482.651812553406,0.8214627217967063,5.353300992e-06,0.97028655,4.52,0.23,0.21,0.21,0.35,,,,,
2896,11862016,587,96676.98935715735,54816.16707146964,9.32,5097.39,-0.00019756781512114685,85546.88702011108,0.882168183918111,5.351695360000001e-06,0.9609489,4.6,0.23,0.21,0.21,0.35,,,,,
2897,11866112,587,96676.98935715735,54816.16707146964,9.32,5097.39,-0.00018799656209012028,38123.279420375824,0.8168963245116174,5.350089728e-06,0.9797944,4.6,0.23,0.21,0.21,0.35,,,,,
2898,11870208,589,98435.13030686317,55733.73782776954,9.42,5151.74,-0.00010829205893969629,91019.49075222015,0.8712148721097037,5.3484840960000005e-06,0.9623515,4.65,0.23,0.21,0.2,0.36,,,,,
2899,11874304,590,99232.86651458034,56185.77404261024,9.44,5195.99,-0.00017979702624870697,15849.153763055801,0.8089464128715917,5.346878464e-06,0.96954554,4.62,0.23,0.22,0.2,0.35,,,,,
2900,11878400,591,97940.02665671143,55472.73971382061,9.38,5148.21,-0.00015573608561680885,22921.841603040695,0.8836254586931318,5.345272832000001e-06,0.6552516,4.61,0.24,0.21,0.2,0.35,96984.10161268828,55052.78784724177,9.933333333333334,4859.566666666667,0.5333333333333333
2901,11882496,591,97940.02665671143,55472.73971382061,9.38,5148.21,-0.00019893999751730007,14744.693928718567,0.8097741816891357,5.343667200000001e-06,0.984183,4.61,0.24,0.21,0.2,0.35,,,,,
2902,11886592,592,98809.55371969972,55946.17276116827,9.42,5180.74,-0.00026030490198536427,23169.597739219666,0.9013027050532401,5.342061568e-06,0.814373,4.62,0.24,0.21,0.2,0.35,,,,,
2903,11890688,592,98809.55371969972,55946.17276116827,9.42,5180.74,-0.00011941172942897538,25235.107382774353,0.8588227733271196,5.340455936e-06,0.9727879,4.62,0.24,0.21,0.2,0.35,,,,,
2904,11894784,594,97854.12370450777,55414.511899780344,9.33,5166.62,-0.0002888681410695426,19456.23629307747,0.875820534536615,5.338850304e-06,0.97213763,4.54,0.25,0.22,0.19,0.34,,,,,
2905,11898880,594,97854.12370450777,55414.511899780344,9.33,5166.62,-0.00022366628581949044,145658.9381942749,0.8524492364376783,5.337244672000001e-06,0.9768841,4.54,0.25,0.22,0.19,0.34,,,,,
2906,11902976,595,99284.94537965128,56191.42200564619,9.39,5210.2,-0.000185994520506938,28153.41113138199,0.8104080890771002,5.33563904e-06,0.86847174,4.56,0.25,0.22,0.19,0.34,,,,,
2907,11907072,595,99284.94537965128,56191.42200564619,9.39,5210.2,-0.00010895626837736927,20766.662909030914,0.7699255790794268,5.334033408e-06,0.97920775,4.56,0.25,0.22,0.19,0.34,,,,,
2908,11911168,597,99111.41900337394,56098.35553759888,9.41,5214.6,-0.00022333263495966094,15406.191457033157,0.854333349969238,5.332427776e-06,0.97395873,4.58,0.25,0.21,0.2,0.34,,,,,
2909,11915264,597,99111.41900337394,56098.35553759888,9.41,5214.6,-0.0006181799435580615,7096.945485830307,0.8214728872990236,5.3308221440000006e-06,0.9538113,4.58,0.25,0.21,0.2,0.34,,,,,
2910,11919360,598,99101.52800435238,56094.7760956043,9.41,5212.81,-0.0001674754239502363,83757.26826572418,0.8231986633036286,5.329216512e-06,0.97035986,4.58,0.25,0.21,0.2,0.34,,,,,
2911,11923456,599,98134.61163124222,55538.36564216013,9.44,5140.0,-8.196625367418164e-05,219684.5555820465,0.7970127740409225,5.32761088e-06,0.946905,4.69,0.24,0.21,0.2,0.35,,,,,
2912,11927552,600,98376.54540423196,55683.28500327417,9.41,5163.75,-0.0002062776493403362,26486.25685930252,0.8977633902104571,5.326005248e-06,0.9623004,4.63,0.25,0.21,0.2,0.34,,,,,
2913,11931648,601,99042.80911054403,56052.27403799442,9.41,5189.73,-0.0003598327330109896,14333.997675180435,0.7949587606126443,5.3243996160000005e-06,0.96519774,4.6,0.25,0.21,0.2,0.34,,,,,
2914,11935744,602,98066.63446014053,55507.14387749408,9.38,5143.12,-0.0004447236115083797,12183.155476093292,0.8909415605012327,5.322793984e-06,0.9792056,4.62,0.24,0.22,0.2,0.34,,,,,
2915,11939840,602,98066.63446014053,55507.14387749408,9.38,5143.12,-0.00015179435740719782,32896.09262275696,0.7915772551205009,5.321188352000001e-06,0.9712995,4.62,0.24,0.22,0.2,0.34,,,,,
2916,11943936,604,98658.19586736968,55828.901819839266,9.49,5149.64,-8.93799151526764e-05,39387.12629985809,0.8031294253887609,5.31958272e-06,0.9343516,4.73,0.23,0.22,0.21,0.34,,,,,
2917,11948032,606,98113.86651891448,55516.429910430255,9.56,5103.3,-0.00013546828904509312,29239.055350780487,0.8541750797303393,5.3179770880000005e-06,0.9555801,4.86,0.22,0.22,0.2,0.36,,,,,
2918,11952128,606,98113.86651891448,55516.429910430255,9.56,5103.3,-0.0003308794093754841,8635.918308973312,0.8706813412718475,5.316371456e-06,0.9630127,4.86,0.22,0.22,0.2,0.36,,,,,
2919,11956224,606,98113.86651891448,55516.429910430255,9.56,5103.3,-0.0002327877409697976,36878.1195268631,0.8252736610593274,5.314765824000001e-06,0.9788464,4.86,0.22,0.22,0.2,0.36,,,,,
2920,11960320,608,98206.06144994004,55553.55986024049,9.57,5091.11,-0.00015052724211273016,39359.53068161011,0.8912218406330794,5.313160192000001e-06,0.9635215,4.89,0.22,0.21,0.21,0.36,,,,,
2921,11964416,608,98206.06144994004,55553.55986024049,9.57,5091.11,-0.0014622044373027165,3934.7424095869064,0.8549294408876449,5.3115545600000004e-06,0.9758928,4.89,0.22,0.21,0.21,0.36,,,,,
2922,11968512,609,97319.21636109105,55072.04271316912,9.5,5083.23,-0.0005054588928032899,4125.064945220947,0.8730147507740185,5.309948928e-06,0.9642227,4.82,0.23,0.21,0.21,0.35,,,,,
2923,11972608,609,97319.21636109105,55072.04271316912,9.5,5083.23,-0.0001242772264049563,18023.80345606804,0.8043039755430073,5.308343296e-06,0.982875,4.82,0.23,0.21,0.21,0.35,,,,,
2924,11976704,612,95285.45261192061,54013.98605230322,9.38,5040.92,-0.00022231886396184564,24260.95392346382,0.8974025724455714,5.306737664000001e-06,0.93413377,4.73,0.23,0.22,0.21,0.34,,,,,
2925,11980800,612,95285.45261192061,54013.98605230322,9.38,5040.92,-0.00015723908018117072,20311.915644168854,0.8021536344895139,5.305132032e-06,0.9794269,4.73,0.23,0.22,0.21,0.34,82233.46885002803,46809.17690395584,9.366666666666667,4378.866666666667,0.3333333333333333
2926,11984896,613,96896.56443068263,54904.11565010417,9.43,5098.32,-0.00015470832022401737,62743.95156955719,0.8058151007862762,5.3035264e-06,0.9720202,4.72,0.23,0.22,0.21,0.34,,,,,
2927,11988992,613,96896.56443068263,54904.11565010417,9.43,5098.32,-0.00030184106708475156,6927.93713259697,0.8554487654473633,5.301920768e-06,0.9662833,4.72,0.23,0.22,0.21,0.34,,,,,
2928,11993088,614,95636.36435750485,54228.59608554957,9.38,5056.92,-0.00010057242343464168,51085.11087465286,0.8101301469141617,5.300315136000001e-06,0.94907355,4.7,0.24,0.21,0.21,0.34,,,,,
2929,11997184,615,96443.01510758977,54662.60951255073,9.44,5078.58,-0.00016823751366246142,18089.245461940765,0.824937506695278,5.298709504e-06,0.9738446,4.74,0.24,0.21,0.2,0.35,,,,,
2930,12001280,615,96443.01510758977,54662.60951255073,9.44,5078.58,-0.0001840271015680628,22680.98158431053,0.8403305561514571,5.297103872e-06,0.9633831,4.74,0.24,0.21,0.2,0.35,,,,,
2931,12005376,615,96443.01510758977,54662.60951255073,9.44,5078.58,-8.41214809952362e-05,57818.04391384125,0.7725670407526195,5.29549824e-06,0.9766694,4.74,0.24,0.21,0.2,0.35,,,,,
2932,12009472,616,96815.36909366175,54850.0786767886,9.45,5082.85,-0.00012216996947245207,120290.06536006927,0.7539075696840882,5.2938926080000005e-06,0.9671048,4.75,0.23,0.22,0.2,0.35,,,,,
2933,12013568,617,97461.85523547213,55230.509964800134,9.51,5100.91,-0.0001457337739338982,20425.884959697723,0.81473086879123,5.292286976e-06,0.9744343,4.79,0.23,0.21,0.2,0.36,,,,,
2934,12017664,619,94822.2797176983,53805.42065196821,9.52,4985.36,-0.00020294889145588968,20743.219973802567,0.8093115527881309,5.290681344000001e-06,0.91332686,4.92,0.22,0.22,0.19,0.37,,,,,
2935,12021760,620,94915.85080701836,53851.303526143965,9.54,4979.55,-0.0001792384955479065,26231.257871627808,0.8907642038539052,5.289075712e-06,0.9729413,4.95,0.22,0.21,0.2,0.37,,,,,
2936,12025856,620,94915.85080701836,53851.303526143965,9.54,4979.55,-0.00013113138356857235,28750.99829864502,0.8376783397980034,5.2874700800000005e-06,0.9748927,4.95,0.22,0.21,0.2,0.37,,,,,
2937,12029952,621,96590.14009679321,54725.91082799916,9.55,5043.99,-9.40623813221464e-05,81910.77760124207,0.8309689396992326,5.285864448e-06,0.95386755,4.9,0.22,0.21,0.2,0.37,,,,,
2938,12034048,622,96100.15866055468,54435.08568328617,9.61,5012.84,-0.00039383785133395577,6236.915495991707,0.8670479577267542,5.284258816000001e-06,0.9408956,4.99,0.22,0.21,0.19,0.38,,,,,
2939,12038144,623,94763.03044044907,53714.627459570955,9.57,4964.58,-0.0001268849237021641,23431.78326511383,0.7675933042773977,5.282653184000001e-06,0.9738591,4.99,0.22,0.21,0.19,0.38,,,,,
2940,12042240,623,94763.03044044907,53714.627459570955,9.57,4964.58,-0.0003891788492182968,6637.119752049446,0.8972958645317703,5.2810475520000005e-06,0.9800081,4.99,0.22,0.21,0.19,0.38,,,,,
2941,12046336,624,95755.25893140523,54262.88923821591,9.55,5023.7,-0.00011994229862466455,41897.868475914,0.7494691092288122,5.27944192e-06,0.973825,4.91,0.22,0.22,0.19,0.37,,,,,
2942,12050432,625,96113.0556415079,54456.161865443166,9.62,5025.4,-8.422765131399501e-05,39130.87209701538,0.8373699081130326,5.277836288e-06,0.9566842,4.98,0.22,0.21,0.19,0.38,,,,,
2943,12054528,626,96651.35304390658,54761.51187094342,9.65,5049.21,-0.00020823632257815916,19252.583398103714,0.8432768285274506,5.276230656000001e-06,0.9644222,4.99,0.22,0.21,0.19,0.38,,,,,
2944,12058624,628,94498.51236711185,53554.844314999646,9.65,4935.36,-9.66960251389537e-05,101185.83312034607,0.8745311457896605,5.2746250240000004e-06,0.94328713,5.11,0.2,0.22,0.19,0.39,,,,,
2945,12062720,629,93817.61514711932,53167.96885607347,9.61,4899.0,-0.0010858264095077175,5504.92431974411,0.8752747691469267,5.273019392e-06,0.87997794,5.11,0.2,0.22,0.19,0.39,,,,,
2946,12066816,629,93817.61514711932,53167.96885607347,9.61,4899.0,-0.000288366273707652,11312.284610509872,0.8544501955620944,5.27141376e-06,0.9691827,5.11,0.2,0.22,0.19,0.39,,,,,
2947,12070912,629,93817.61514711932,53167.96885607347,9.61,4899.0,-0.00011853207251988351,38903.5998749733,0.7565040673362091,5.269808128000001e-06,0.9684149,5.11,0.2,0.22,0.19,0.39,,,,,
2948,12075008,630,95174.80270182775,53934.78576898414,9.63,4968.48,-0.0002761741397989681,38380.77414035797,0.87363204814028,5.268202496e-06,0.9723774,5.06,0.2,0.23,0.19,0.38,,,,,
2949,12079104,631,94477.03370896462,53561.98024556241,9.6,4944.9,-0.0001518878107162891,19653.983918190002,0.8090317744063213,5.266596864e-06,0.97541755,5.05,0.2,0.23,0.19,0.38,,,,,
2950,12083200,633,94980.5606271016,53823.89682836535,9.64,4949.78,-8.581282236264087e-05,127235.82751846313,0.9188226171536371,5.264991232e-06,0.9617682,5.09,0.2,0.23,0.18,0.39,109813.6369401874,61444.32355538496,10.233333333333333,5282.766666666666,0.4666666666666667
2951,12087296,635,93157.86298984596,52842.09443538393,9.64,4843.45,-0.00016662004236422945,63071.7773065567,0.8112219718750566,5.2633856000000006e-06,0.9442327,5.2,0.19,0.23,0.18,0.4,,,,,
2952,12091392,635,93157.86298984596,52842.09443538393,9.64,4843.45,-0.000561815419132472,7248.570957183838,0.8959036445012316,5.261779968e-06,0.9644517,5.2,0.19,0.23,0.18,0.4,,,,,
2953,12095488,635,93157.86298984596,52842.09443538393,9.64,4843.45,-0.000122788504086202,17949.072977542877,0.793664259603247,5.260174336e-06,0.97908187,5.2,0.19,0.23,0.18,0.4,,,,,
2954,12099584,636,94753.55968959363,53720.841277563304,9.71,4915.48,-7.951753013912821e-05,29266.127223968506,0.8052938829641789,5.258568704e-06,0.87584263,5.2,0.19,0.23,0.18,0.4,,,,,
2955,12103680,638,91625.50476258273,52022.03032043317,9.58,4786.52,-0.00028642884262808366,12025.491641998291,0.8412994254613295,5.2569630720000005e-06,0.9738299,5.19,0.19,0.24,0.17,0.4,,,,,
2956,12107776,639,91489.47712867761,51936.21604715201,9.48,4795.62,-0.0003161604668093787,14072.779178142548,0.8379675520118326,5.25535744e-06,0.91341853,5.08,0.2,0.24,0.17,0.39,,,,,
2957,12111872,640,91235.70508384862,51803.33343694532,9.47,4785.67,-0.0003089971505687572,6101.224695324898,0.8470958011457697,5.253751808e-06,0.9795447,5.08,0.2,0.24,0.17,0.39,,,,,
2958,12115968,640,91235.70508384862,51803.33343694532,9.47,4785.67,-0.0004365152726677479,8621.818457841873,0.795406270888634,5.252146176000001e-06,0.9696011,5.08,0.2,0.24,0.17,0.39,,,,,
2959,12120064,641,91540.59666349112,51957.27317458711,9.48,4796.88,-0.00016005131510610227,22995.642978429794,0.7700308123603463,5.2505405440000005e-06,0.98009497,5.08,0.2,0.24,0.17,0.39,,,,,
2960,12124160,642,90115.71224971114,51183.432337654725,9.39,4765.4,-0.0012385494219415705,4606.69915163517,0.884864826221019,5.248934912e-06,0.96597105,5.01,0.21,0.24,0.17,0.38,,,,,
2961,12128256,642,90115.71224971114,51183.432337654725,9.39,4765.4,-0.0010764089747681282,8417.301587581635,0.8533566854894161,5.24732928e-06,0.95313126,5.01,0.21,0.24,0.17,0.38,,,,,
2962,12132352,642,90115.71224971114,51183.432337654725,9.39,4765.4,-0.00020381002286740113,31504.589434862137,0.7854587599867955,5.245723648000001e-06,0.98509705,5.01,0.21,0.24,0.17,0.38,,,,,
2963,12136448,645,90897.04298853819,51615.89062650292,9.41,4792.86,-0.00013537667837226763,54381.53732919693,0.9689520637039095,5.2441180160000005e-06,0.9461237,5.0,0.21,0.23,0.18,0.38,,,,,
2964,12140544,645,90897.04298853819,51615.89062650292,9.41,4792.86,-0.0006723322121615638,7519.728674888611,0.8511222857050598,5.242512384e-06,0.9642029,5.0,0.21,0.23,0.18,0.38,,,,,
2965,12144640,646,90844.01068704414,51588.24793272994,9.37,4817.03,-0.00027268552730674855,12157.447092056274,0.8005677839973941,5.240906752e-06,0.96765625,4.93,0.22,0.23,0.18,0.37,,,,,
2966,12148736,646,90844.01068704414,51588.24793272994,9.37,4817.03,-0.00023494791730627185,20825.523200035095,0.8005156348226592,5.239301120000001e-06,0.9821442,4.93,0.22,0.23,0.18,0.37,,,,,
2967,12152832,647,92049.45269611327,52250.257244607405,9.45,4858.89,-0.0001581024880579207,25134.55559015274,0.8464200665475801,5.237695488e-06,0.96020246,4.97,0.21,0.23,0.19,0.37,,,,,
2968,12156928,648,91372.0169980594,51872.42967491338,9.44,4814.55,-0.00026666641042538686,20041.32915019989,0.8814625483937562,5.236089856e-06,0.9668987,5.01,0.2,0.23,0.2,0.37,,,,,
2969,12161024,649,91059.15525459946,51679.29786800812,9.41,4805.58,-0.00012792873530997895,20728.59348678589,0.8484660621033981,5.234484224e-06,0.98061746,4.98,0.21,0.23,0.19,0.37,,,,,
2970,12165120,652,89799.75981535668,50965.35477191851,9.39,4758.36,-0.0002490707283868687,32174.17282962799,0.9200645301025361,5.232878592000001e-06,0.97505057,5.01,0.21,0.23,0.19,0.37,,,,,
2971,12169216,654,89206.13086582861,50606.84539882411,9.39,4728.05,-0.00023206985497381538,13182.669268369675,0.8127015588106588,5.23127296e-06,0.94746464,5.03,0.22,0.22,0.19,0.37,,,,,
2972,12173312,654,89206.13086582861,50606.84539882411,9.39,4728.05,-7.815821027179481e-05,33015.05861854553,0.7879189607920125,5.229667328e-06,0.97858083,5.03,0.22,0.22,0.19,0.37,,,,,
2973,12177408,655,89617.4607825297,50805.4578008263,9.42,4711.82,-0.00016916005097300513,91838.26266479492,0.8256810618331656,5.228061696e-06,0.9741938,5.08,0.21,0.22,0.19,0.38,,,,,
2974,12181504,655,89617.4607825297,50805.4578008263,9.42,4711.82,-0.0006125098616394098,9034.959980010986,0.8277113373624161,5.226456064e-06,0.96447814,5.08,0.21,0.22,0.19,0.38,,,,,
2975,12185600,656,89446.8000006948,50715.259613641014,9.42,4698.34,-0.0003397563755243027,13372.778984308243,0.8687746754148975,5.224850432e-06,0.9797313,5.09,0.21,0.22,0.19,0.38,127484.72201206308,70411.03002682286,10.466666666666667,5703.066666666667,0.5
2976,12189696,657,89450.99283518702,50717.931122148744,9.42,4698.66,-0.00022988990349404048,22802.3792719841,0.8886123152915388,5.2232448e-06,0.8873982,5.09,0.21,0.22,0.19,0.38,,,,,
2977,12193792,657,89450.99283518702,50717.931122148744,9.42,4698.66,-0.00013251124073576648,19652.528086423874,0.7611080522183329,5.221639168000001e-06,0.98353064,5.09,0.21,0.22,0.19,0.38,,,,,
2978,12197888,658,90941.45502370727,51533.72374131427,9.45,4765.78,-0.00012392953431117348,45358.30911922455,0.8391035676468164,5.2200335360000005e-06,0.9837264,5.05,0.21,0.23,0.19,0.37,,,,,
2979,12201984,659,90652.76761153658,51369.26470007532,9.46,4736.12,-0.00010607108379190322,31763.357800006866,0.8281971117248759,5.218427904e-06,0.97002906,5.1,0.2,0.23,0.19,0.38,,,,,
2980,12206080,660,91121.3498047914,51647.749467361755,9.47,4759.17,-0.00023083481937646866,15445.297959566116,0.8504621989559382,5.216822272e-06,0.9699858,5.09,0.2,0.23,0.19,0.38,,,,,
2981,12210176,661,91074.72529350928,51620.60721763513,9.43,4771.01,-0.0002823619870468974,7629.92272734642,0.817486860556528,5.215216640000001e-06,0.934274,5.03,0.21,0.23,0.19,0.37,,,,,
2982,12214272,661,91074.72529350928,51620.60721763513,9.43,4771.01,-0.00017201732225657906,23831.604244470596,0.8797582425177097,5.2136110080000005e-06,0.97306883,5.03,0.21,0.23,0.19,0.37,,,,,
2983,12218368,661,91074.72529350928,51620.60721763513,9.43,4771.01,-7.302365520445164e-05,60263.58152961731,0.7749755064724013,5.212005376e-06,0.97647214,5.03,0.21,0.23,0.19,0.37,,,,,
2984,12222464,663,92699.69784497771,52520.93462150533,9.45,4832.55,-0.000232591575695551,12628.971693277359,0.9047208491247147,5.210399744e-06,0.9253013,4.99,0.21,0.23,0.2,0.36,,,,,
2985,12226560,663,92699.69784497771,52520.93462150533,9.45,4832.55,-0.0003016652426595101,17243.54468846321,0.8343169870786369,5.208794112000001e-06,0.9537137,4.99,0.21,0.23,0.2,0.36,,,,,
2986,12230656,665,90561.25325029828,51352.285525082945,9.3,4764.13,-0.00020686769676103722,69460.70431089401,0.8922045098152012,5.2071884800000004e-06,0.96112484,4.91,0.21,0.24,0.2,0.35,,,,,
2987,12234752,665,90561.25325029828,51352.285525082945,9.3,4764.13,-8.475429604004603e-05,379612.2746181488,0.8307040868094191,5.205582848e-06,0.9423291,4.91,0.21,0.24,0.2,0.35,,,,,
2988,12238848,666,90580.10493734587,51313.87552830786,9.33,4749.54,-7.245368578878697e-05,28949.998642921448,0.8155308986315504,5.203977216e-06,0.9599047,4.96,0.21,0.24,0.2,0.35,,,,,
2989,12242944,667,92345.42162923707,52281.99083440641,9.35,4809.41,-8.988460558612132e-05,90696.10256290436,0.765124486759305,5.202371584000001e-06,0.97591513,4.92,0.21,0.24,0.2,0.35,,,,,
2990,12247040,669,89918.34945612993,50946.17516009615,9.37,4705.93,-0.00019127547875541495,23260.13463830948,0.849539102986455,5.200765952e-06,0.9798139,5.04,0.21,0.23,0.19,0.37,,,,,
2991,12251136,669,89918.34945612993,50946.17516009615,9.37,4705.93,-0.0001006000329653034,279560.53334236145,0.8012520873453468,5.19916032e-06,0.9573191,5.04,0.21,0.23,0.19,0.37,,,,,
2992,12255232,672,88684.7696184094,50220.78728645973,9.36,4604.44,-0.00044129902744316496,180696.93935203552,0.9113528915913776,5.197554688e-06,0.92750514,5.14,0.21,0.23,0.17,0.39,,,,,
2993,12259328,672,88684.7696184094,50220.78728645973,9.36,4604.44,-0.00012133216114307288,31521.834570884705,0.772674250183627,5.195949056e-06,0.9745965,5.14,0.21,0.23,0.17,0.39,,,,,
2994,12263424,674,88710.62209845953,50254.5906815167,9.38,4611.39,-0.0001710529668343952,17024.466651916504,0.9351085441885516,5.194343424e-06,0.9831433,5.15,0.21,0.24,0.15,0.4,,,,,
2995,12267520,675,89022.20158759331,50437.25581400807,9.39,4632.11,-0.0005570391276705777,12163.080182433128,0.8848342821002007,5.192737792e-06,0.9740743,5.14,0.21,0.25,0.14,0.4,,,,,
2996,12271616,677,87815.75480603326,49758.412195546356,9.38,4571.21,-0.0004234634488966549,6931.579121828079,0.8677805361803621,5.191132160000001e-06,0.9391503,5.19,0.2,0.26,0.14,0.4,,,,,
2997,12275712,677,87815.75480603326,49758.412195546356,9.38,4571.21,-0.0003377030479896348,4179.983712792397,0.8446665341034532,5.189526528e-06,0.98987645,5.19,0.2,0.26,0.14,0.4,,,,,
2998,12279808,679,86461.17788950702,49011.72591678829,9.32,4524.97,-0.0003315128869871842,12545.340150117874,0.9469295842573047,5.187920896e-06,0.9203026,5.18,0.2,0.26,0.14,0.4,,,,,
2999,12283904,679,86461.17788950702,49011.72591678829,9.32,4524.97,-0.000837843640056235,6893.429047465324,0.8683222427498549,5.186315264e-06,0.95243037,5.18,0.2,0.26,0.14,0.4,,,,,
3000,12288000,679,86461.17788950702,49011.72591678829,9.32,4524.97,-0.00013809051324642496,20743.772376537323,0.7820043378742412,5.184709632000001e-06,0.980105,5.18,0.2,0.26,0.14,0.4,118881.25277238649,66354.38386815818,10.366666666666667,5485.466666666666,0.5333333333333333
3001,12292096,680,87753.77696681833,49736.72192081735,9.35,4595.8,-0.00036127446674072416,15214.866691946983,0.8641843922669068,5.1831040000000005e-06,0.9586691,5.13,0.21,0.26,0.14,0.39,,,,,
3002,12296192,682,88008.53604085617,49887.38979111737,9.33,4616.83,-0.00010555839935477707,18374.39847421646,0.9083639027085155,5.181498368e-06,0.9413218,5.08,0.21,0.27,0.14,0.38,,,,,
3003,12300288,683,86457.60134490652,49006.13576516588,9.27,4553.16,-6.528999256261159e-05,75891.55624485016,0.7672063857316971,5.179892736e-06,0.9676799,5.09,0.21,0.26,0.15,0.38,,,,,
3004,12304384,686,85398.53308361815,48430.043886815765,9.36,4458.86,-0.00011095027002738789,125074.6575307846,0.8453019674634561,5.178287104000001e-06,0.96185136,5.28,0.2,0.25,0.15,0.4,,,,,
3005,12308480,687,85583.84563341056,48518.771021901826,9.31,4471.31,-0.00013406973812379874,35464.90306043625,0.8377710304921493,5.1766814720000005e-06,0.93042237,5.22,0.2,0.25,0.15,0.4,,,,,
3006,12312576,688,83883.35434039643,47607.98061325208,9.24,4421.68,-0.00041785902249102946,14560.612162590027,0.8362547433935106,5.17507584e-06,0.9648694,5.19,0.2,0.26,0.15,0.39,,,,,
3007,12316672,690,83815.94323777404,47555.01473908435,9.19,4418.99,-0.0001486492055846611,20323.147429466248,0.9422974379267544,5.173470208e-06,0.925058,5.15,0.2,0.26,0.15,0.39,,,,,
3008,12320768,690,83815.94323777404,47555.01473908435,9.19,4418.99,-0.00013254097666504094,26572.20105600357,0.764400772866793,5.171864576000001e-06,0.9786472,5.15,0.2,0.26,0.15,0.39,,,,,
3009,12324864,691,84568.83972483635,47986.01174556061,9.25,4433.3,-0.00013347112962946994,43250.31926822662,0.8510764535749331,5.1702589440000004e-06,0.959998,5.2,0.19,0.26,0.15,0.4,,,,,
3010,12328960,691,84568.83972483635,47986.01174556061,9.25,4433.3,-0.00032370983353757765,147298.67293167114,0.7421175456838682,5.168653312e-06,0.9714768,5.2,0.19,0.26,0.15,0.4,,,,,
3011,12333056,692,86229.05612354461,48859.86507962391,9.3,4478.56,-0.0003568642559912405,117697.99977135658,0.897058742470108,5.16704768e-06,0.96197313,5.21,0.19,0.26,0.15,0.4,,,,,
3012,12337152,692,86229.05612354461,48859.86507962391,9.3,4478.56,-0.00016280533236567862,20059.419061660767,0.7970305893104523,5.165442048e-06,0.953794,5.21,0.19,0.26,0.15,0.4,,,,,
3013,12341248,693,85964.91963664175,48711.52293129401,9.29,4468.86,-0.00015982015338522615,23477.205417394638,0.8412714131409302,5.163836416e-06,0.9678564,5.21,0.19,0.26,0.15,0.4,,,,,
3014,12345344,694,86570.7579162242,49052.45005789698,9.33,4503.85,-0.00026358949617133476,18036.84068965912,0.8459697087528184,5.162230784e-06,0.9601618,5.21,0.19,0.26,0.15,0.4,,,,,
3015,12349440,694,86570.7579162242,49052.45005789698,9.33,4503.85,-0.0005317457216733601,5162.680194854736,0.8954378075432032,5.160625152000001e-06,0.9702894,5.21,0.19,0.26,0.15,0.4,,,,,
3016,12353536,695,86523.89651334246,49061.28216587662,9.28,4533.27,-0.00015838957551750354,28734.231966018677,0.7975714921485633,5.15901952e-06,0.9737128,5.12,0.19,0.27,0.15,0.39,,,,,
3017,12357632,696,85617.92385038688,48573.33320651437,9.3,4474.91,-0.0001453501608921215,40665.6618039608,0.8431484902976081,5.157413888e-06,0.97294104,5.2,0.19,0.26,0.15,0.4,,,,,
3018,12361728,699,83239.12994370444,47290.63020836483,9.18,4389.94,-0.0003487377616693266,10896.957841157913,0.9002840883331373,5.155808256e-06,0.93835413,5.16,0.19,0.26,0.14,0.41,,,,,
3019,12365824,699,83239.12994370444,47290.63020836483,9.18,4389.94,-0.0004273259783076355,6587.305680990219,0.8322681423742324,5.154202624000001e-06,0.97032076,5.16,0.19,0.26,0.14,0.41,,,,,
3020,12369920,700,83779.9750570855,47599.33077236602,9.21,4424.09,-0.00030004282780282665,14296.22277188301,0.8688844139687717,5.1525969920000005e-06,0.9481298,5.16,0.19,0.26,0.14,0.41,,,,,
3021,12374016,700,83779.9750570855,47599.33077236602,9.21,4424.09,-0.0003562032743502641,10978.671657085419,0.8378855362534523,5.15099136e-06,0.97757554,5.16,0.19,0.26,0.14,0.41,,,,,
3022,12378112,701,84344.961004633,47902.72628690974,9.2,4467.56,-0.00039238962017407175,10814.92762374878,0.7523080332903191,5.149385728e-06,0.97834677,5.1,0.2,0.26,0.14,0.4,,,,,
3023,12382208,701,84344.961004633,47902.72628690974,9.2,4467.56,-0.0007918724877526984,10347.420973300934,0.8471352943452075,5.147780096000001e-06,0.9779393,5.1,0.2,0.26,0.14,0.4,,,,,
3024,12386304,701,84344.961004633,47902.72628690974,9.2,4467.56,-0.0004211748037050711,24392.596257686615,0.8321889211656526,5.1461744640000005e-06,0.98805016,5.1,0.2,0.26,0.14,0.4,,,,,
3025,12390400,703,84519.87255944214,47977.8109522147,9.19,4470.91,-0.0005175808491912903,35671.544647693634,0.9204577743075788,5.144568832e-06,0.9774405,5.09,0.21,0.25,0.14,0.4,103058.89933250862,57688.712729230705,9.9,4967.233333333334,0.4666666666666667
3026,12394496,704,85172.03561364023,48351.061404869964,9.12,4515.91,-0.00025586272658983944,18324.315269231796,0.8423387025250122,5.1429632e-06,0.95046085,4.97,0.21,0.26,0.14,0.39,,,,,
3027,12398592,704,85172.03561364023,48351.061404869964,9.12,4515.91,-0.0003093384839303326,5575.55339205265,0.7969021113822237,5.141357568e-06,0.96121144,4.97,0.21,0.26,0.14,0.39,,,,,
3028,12402688,705,85009.93491049422,48272.87548003039,9.08,4528.05,-0.0004003896819995134,15980.865173578262,0.8239304174203426,5.1397519360000005e-06,0.93663216,4.91,0.22,0.26,0.14,0.38,,,,,
3029,12406784,706,86350.21855008736,49025.22525539136,9.06,4596.25,-0.00021228468904155307,20402.50614118576,0.7859629758168012,5.138146304e-06,0.96746844,4.82,0.22,0.27,0.14,0.37,,,,,
3030,12410880,706,86350.21855008736,49025.22525539136,9.06,4596.25,-0.0007194110739874304,10098.973776102066,0.8876791530055925,5.136540672e-06,0.97176737,4.82,0.22,0.27,0.14,0.37,,,,,
3031,12414976,706,86350.21855008736,49025.22525539136,9.06,4596.25,-0.00011486700168461539,30744.465584754944,0.775710268644616,5.13493504e-06,0.97649026,4.82,0.22,0.27,0.14,0.37,,,,,
3032,12419072,707,86245.64248330577,48962.89210559211,9.06,4582.77,-0.00015985933532647323,15721.267748117447,0.824521534377709,5.133329408e-06,0.9815947,4.83,0.21,0.28,0.14,0.37,,,,,
3033,12423168,707,86245.64248330577,48962.89210559211,9.06,4582.77,-0.0003315005396871129,15789.806089639664,0.7867870944319293,5.131723776e-06,0.9781226,4.83,0.21,0.28,0.14,0.37,,,,,
3034,12427264,707,86245.64248330577,48962.89210559211,9.06,4582.77,-9.434855746803805e-05,92673.31564044952,0.8026191788958386,5.130118144000001e-06,0.963156,4.83,0.21,0.28,0.14,0.37,,,,,
3035,12431360,708,88389.52551802833,50128.75842807838,9.12,4676.16,-0.00033829691074060975,20315.652864694595,0.8382435187231749,5.128512512e-06,0.88608885,4.8,0.21,0.29,0.13,0.37,,,,,
3036,12435456,710,87404.80851227298,49577.95933909306,9.14,4610.08,-0.00014880984599585645,32828.2297539711,0.8288629375165328,5.12690688e-06,0.9683144,4.89,0.2,0.29,0.13,0.38,,,,,
3037,12439552,712,87574.58778982308,49699.25408551359,9.19,4625.29,-0.0002753402350208489,11781.086854457855,0.8862364731030539,5.125301248e-06,0.92070067,4.92,0.21,0.29,0.11,0.39,,,,,
3038,12443648,714,85639.83301040856,48616.00215614255,9.18,4535.96,-0.00017900763668876607,19721.256642103195,0.9113483745604753,5.123695616000001e-06,0.9505979,5.01,0.2,0.29,0.11,0.4,,,,,
3039,12447744,714,85639.83301040856,48616.00215614255,9.18,4535.96,-0.0003244985418859869,7770.4791576862335,0.855566124082543,5.1220899840000006e-06,0.97730446,5.01,0.2,0.29,0.11,0.4,,,,,
3040,12451840,716,82738.04792356136,47063.4364291556,9.12,4438.45,-0.00014373953990798327,38309.06569671631,0.8398572548758239,5.120484352e-06,0.9629928,5.04,0.2,0.29,0.11,0.4,,,,,
3041,12455936,716,82738.04792356136,47063.4364291556,9.12,4438.45,-0.00045995447362656705,18576.22186112404,0.7968578442232683,5.11887872e-06,0.9598508,5.04,0.2,0.29,0.11,0.4,,,,,
3042,12460032,717,83254.82608418462,47337.91128271465,9.13,4464.94,-0.00016322117517120205,15541.620746135712,0.8806051660794765,5.117273088000001e-06,0.98384196,5.03,0.2,0.29,0.12,0.39,,,,,
3043,12464128,717,83254.82608418462,47337.91128271465,9.13,4464.94,-0.00044469819840742275,10160.929577350616,0.8459511278197169,5.1156674560000005e-06,0.97803104,5.03,0.2,0.29,0.12,0.39,,,,,
3044,12468224,718,84087.9822887878,47778.429370012294,9.16,4501.37,-8.231605170294642e-05,45332.75067138672,0.8856961800483987,5.114061824e-06,0.96123385,5.02,0.2,0.29,0.12,0.39,,,,,
3045,12472320,718,84087.9822887878,47778.429370012294,9.16,4501.37,-0.00014401909720618278,154156.2211751938,0.7963207844877616,5.112456192e-06,0.9607183,5.02,0.2,0.29,0.12,0.39,,,,,
3046,12476416,719,85667.0038421285,48641.15212664192,9.15,4554.29,-0.0009295073205066728,6633.8660225868225,0.8153429488884285,5.11085056e-06,0.94922113,4.96,0.2,0.29,0.12,0.39,,,,,
3047,12480512,720,85681.02510672483,48658.46977194421,9.13,4574.19,-0.00043285941046633525,6929.725392103195,0.912736767437309,5.1092449280000005e-06,0.9704799,4.92,0.21,0.29,0.11,0.39,,,,,
3048,12484608,720,85681.02510672483,48658.46977194421,9.13,4574.19,-0.00012285652269383718,16900.260907173157,0.7957254295470193,5.107639296e-06,0.9772948,4.92,0.21,0.29,0.11,0.39,,,,,
3049,12488704,722,84921.2546714668,48276.95269652698,9.01,4566.72,-0.000393009035178693,17077.684705018997,0.8975386397214606,5.106033664e-06,0.900305,4.8,0.21,0.3,0.12,0.37,,,,,
3050,12492800,722,84921.2546714668,48276.95269652698,9.01,4566.72,-0.00035854483758157585,20180.732949733734,0.8041366728721187,5.104428032e-06,0.9792283,4.8,0.21,0.3,0.12,0.37,96391.70585313071,54313.79462888999,9.666666666666666,4783.566666666667,0.4666666666666667
3051,12496896,723,84791.21027923068,48203.347723257284,9.01,4554.27,-0.00046547081547032576,6352.1042004823685,0.8957344273803756,5.1028224000000004e-06,0.968621,4.82,0.2,0.31,0.12,0.37,,,,,
3052,12500992,725,83298.5459012146,47379.069826745355,8.94,4500.41,-0.00014705174362461548,21326.65354847908,0.8632534601492807,5.101216768e-06,0.97109735,4.8,0.2,0.31,0.12,0.37,,,,,
3053,12505088,725,83298.5459012146,47379.069826745355,8.94,4500.41,-0.00014870237646391615,39207.426669597626,0.8624167039524764,5.099611136000001e-06,0.9827038,4.8,0.2,0.31,0.12,0.37,,,,,
3054,12509184,726,85148.43084180242,48354.38784956935,9.0,4553.7,-0.0001312935610258137,174873.67382240295,0.8487160735530779,5.098005504e-06,0.95703995,4.81,0.2,0.31,0.11,0.38,,,,,
3055,12513280,726,85148.43084180242,48354.38784956935,9.0,4553.7,-0.000527620915818261,5566.845856666565,0.8727392531000078,5.0963998719999996e-06,0.97898436,4.81,0.2,0.31,0.11,0.38,,,,,
3056,12517376,727,86013.97253989895,48841.00928836871,9.05,4602.74,-0.00040221672043116996,13354.608360648155,0.8656441391212866,5.094794240000001e-06,0.9212906,4.81,0.2,0.31,0.11,0.38,,,,,
3057,12521472,727,86013.97253989895,48841.00928836871,9.05,4602.74,-0.0003776785133595695,18294.66076898575,0.8123035886092111,5.093188608000001e-06,0.9621075,4.81,0.2,0.31,0.11,0.38,,,,,
3058,12525568,727,86013.97253989895,48841.00928836871,9.05,4602.74,-0.00010801021926454268,46916.31186103821,0.8055303724249825,5.091582976000001e-06,0.97747463,4.81,0.2,0.31,0.11,0.38,,,,,
3059,12529664,728,87634.27752912497,49741.71667150614,9.04,4686.26,-0.0002529158764446038,40833.18578529358,0.8663661760510877,5.089977344e-06,0.96821105,4.71,0.2,0.32,0.11,0.37,,,,,
3060,12533760,728,87634.27752912497,49741.71667150614,9.04,4686.26,-0.0004579754950100323,17420.785361766815,0.8128869172651321,5.088371712000001e-06,0.97575223,4.71,0.2,0.32,0.11,0.37,,,,,
3061,12537856,728,87634.27752912497,49741.71667150614,9.04,4686.26,-0.00015672729387006257,65691.57830619812,0.8226836653193459,5.086766080000001e-06,0.9708984,4.71,0.2,0.32,0.11,0.37,,,,,
3062,12541952,730,87752.80195751599,49772.99494871082,9.04,4690.11,-0.00033693019304337213,42255.351544857025,0.8502267721341923,5.0851604480000006e-06,0.9718606,4.7,0.21,0.31,0.11,0.37,,,,,
3063,12546048,730,87752.80195751599,49772.99494871082,9.04,4690.11,-0.0003187591373716714,10733.316147565842,0.888494249433279,5.083554816e-06,0.9471928,4.7,0.21,0.31,0.11,0.37,,,,,
3064,12550144,731,88275.10982005997,50064.45285139517,9.05,4723.55,-0.00014446899149334058,12658.141979455948,0.7969222920946777,5.081949184e-06,0.98222136,4.67,0.22,0.31,0.1,0.37,,,,,
3065,12554240,731,88275.10982005997,50064.45285139517,9.05,4723.55,-0.00037788512236147653,15306.97700214386,0.7852333716582507,5.080343552000001e-06,0.9634408,4.67,0.22,0.31,0.1,0.37,,,,,
3066,12558336,735,87302.60808285169,49477.24220784279,8.9,4706.85,-0.0001986974439205369,15247.283616542816,0.9214600457344204,5.0787379200000005e-06,0.9518069,4.54,0.22,0.31,0.12,0.35,,,,,
3067,12562432,735,87302.60808285169,49477.24220784279,8.9,4706.85,-6.499386108771432e-05,47400.588492393494,0.7505420582601801,5.077132288e-06,0.9758334,4.54,0.22,0.31,0.12,0.35,,,,,
3068,12566528,735,87302.60808285169,49477.24220784279,8.9,4706.85,-3.1297372515837196e-05,309391.2011861801,0.7764799402793869,5.075526656e-06,0.95041776,4.54,0.22,0.31,0.12,0.35,,,,,
3069,12570624,736,88291.92806083176,49956.20283631828,8.95,4707.45,-0.00031411420786753297,11711.02425312996,0.845920976717025,5.073921024000001e-06,0.7991472,4.6,0.22,0.3,0.12,0.36,,,,,
3070,12574720,738,88028.6812180815,49808.23549022894,8.93,4701.56,-0.00024909008607210126,9001.631164073944,0.7987709819572046,5.0723153920000005e-06,0.95144266,4.59,0.23,0.29,0.12,0.36,,,,,
3071,12578816,738,88028.6812180815,49808.23549022894,8.93,4701.56,-0.00014900657242833404,22401.105845928192,0.8021107200765982,5.07070976e-06,0.97021985,4.59,0.23,0.29,0.12,0.36,,,,,
3072,12582912,738,88028.6812180815,49808.23549022894,8.93,4701.56,-0.00016029332527978113,56891.216146469116,0.7812431993661448,5.069104128e-06,0.975409,4.59,0.23,0.29,0.12,0.36,,,,,
3073,12587008,741,88520.14567216947,50074.449166318474,9.0,4677.75,-8.083407283265842e-05,80812.26321744919,0.9413824300281703,5.067498496000001e-06,0.93652654,4.7,0.21,0.29,0.13,0.37,,,,,
3074,12591104,741,88520.14567216947,50074.449166318474,9.0,4677.75,-0.00014225825725588948,96216.26552295685,0.7818356474163011,5.0658928640000004e-06,0.976814,4.7,0.21,0.29,0.13,0.37,,,,,
3075,12595200,744,87435.47624072978,49481.66820224219,9.09,4588.69,-9.606707862985786e-05,102345.94528961182,0.8967427198076621,5.064287232e-06,0.9112258,4.9,0.19,0.29,0.12,0.4,101087.6203664062,57103.58201802786,10.033333333333333,5074.933333333333,0.36666666666666664
3076,12599296,746,86882.52797009204,49130.2929768135,9.14,4540.84,-6.361092346196529e-05,80633.29294776917,0.8706504163565114,5.0626816e-06,0.93329304,5.01,0.18,0.29,0.12,0.41,,,,,
3077,12603392,747,86163.98920171327,48727.774753479825,9.15,4504.57,-4.543062823358923e-05,46985.877393722534,0.8421895477222279,5.061075968000001e-06,0.97056854,5.06,0.18,0.29,0.11,0.42,,,,,
3078,12607488,748,86656.35405964968,48968.85934605652,9.19,4510.95,-0.0001630650967854308,43363.838537693024,0.8354208844248205,5.059470336e-06,0.9582521,5.1,0.18,0.29,0.1,0.43,,,,,
3079,12611584,749,86887.74570745399,49107.08868298511,9.21,4516.65,-0.00018484018619346898,22484.174367427826,0.7768912543542683,5.057864704e-06,0.9237237,5.12,0.17,0.3,0.1,0.43,,,,,
3080,12615680,750,86262.7873142777,48748.57870281595,9.16,4504.14,-0.00016262216377072036,23596.947115898132,0.8884194877464324,5.056259072e-06,0.92861,5.08,0.17,0.31,0.1,0.42,,,,,
3081,12619776,751,86926.31163203552,49123.612066462294,9.1,4540.35,-0.00010498796473257244,69208.5163936615,0.8504734493326396,5.05465344e-06,0.960186,4.98,0.17,0.31,0.11,0.41,,,,,
3082,12623872,752,87972.77682143956,49690.26004671805,9.19,4572.25,-0.0003883754843627685,48766.0968747139,0.8283609561622143,5.053047808e-06,0.961099,5.04,0.17,0.31,0.1,0.42,,,,,
3083,12627968,753,88405.21240255338,49932.88870806192,9.22,4591.09,-0.0002030611385634984,26482.823600769043,0.8963361593196169,5.051442176e-06,0.9600162,5.06,0.16,0.32,0.1,0.42,,,,,
3084,12632064,754,88745.53404804811,50140.34366194634,9.17,4620.71,-0.0002714141974138329,9567.808247089386,0.8929209624184296,5.049836544e-06,0.9274038,4.98,0.16,0.33,0.1,0.41,,,,,
3085,12636160,754,88745.53404804811,50140.34366194634,9.17,4620.71,-0.00023390858586935792,13100.178056955338,0.8177628580015153,5.048230912e-06,0.9566225,4.98,0.16,0.33,0.1,0.41,,,,,
3086,12640256,755,87444.1963465054,49452.549493113955,9.11,4595.66,-0.0002605632780614542,9740.006656646729,0.8063520835712552,5.04662528e-06,0.9504965,4.94,0.16,0.34,0.1,0.4,,,,,
3087,12644352,756,87295.04040291211,49366.98292215418,9.1,4592.05,-0.00030163867813826073,24352.572018384933,0.8354348493739963,5.045019648e-06,0.9703513,4.93,0.16,0.34,0.1,0.4,,,,,
3088,12648448,756,87295.04040291211,49366.98292215418,9.1,4592.05,-9.117791023527388e-05,37639.80022287369,0.7884175510844216,5.043414016e-06,0.9834995,4.93,0.16,0.34,0.1,0.4,,,,,
3089,12652544,758,86902.20306470983,49120.1844131419,9.17,4550.57,-3.343360003782436e-05,197152.775598526,0.8104009254602715,5.041808384e-06,0.873843,5.05,0.16,0.33,0.09,0.42,,,,,
3090,12656640,760,85938.46018047849,48579.765550273136,9.06,4523.74,-0.0003354126984049799,9472.46426665783,0.8905602884478867,5.040202752000001e-06,0.91318077,4.96,0.17,0.34,0.09,0.4,,,,,
3091,12660736,761,86568.29461544036,48892.96717001667,9.14,4524.95,-8.320030701725045e-05,84511.97082614899,0.8203865786781535,5.03859712e-06,0.96154225,5.05,0.16,0.34,0.09,0.41,,,,,
3092,12664832,762,84358.59183648646,47689.89753024922,9.05,4434.27,-0.00031799568023416214,13244.913623571396,0.8730527487350628,5.036991488e-06,0.9351648,5.05,0.16,0.34,0.09,0.41,,,,,
3093,12668928,762,84358.59183648646,47689.89753024922,9.05,4434.27,-0.00011724524210876552,16453.66471529007,0.7227124150376767,5.035385856e-06,0.98292965,5.05,0.16,0.34,0.09,0.41,,,,,
3094,12673024,762,84358.59183648646,47689.89753024922,9.05,4434.27,-0.00011320124758640304,123672.72391986847,0.7344211803283542,5.033780224000001e-06,0.97222865,5.05,0.16,0.34,0.09,0.41,,,,,
3095,12677120,763,86776.4624244078,48982.83505087558,9.13,4524.09,-0.0005513610490197607,5087.309116840363,0.8880773421842605,5.032174592000001e-06,0.96123624,5.04,0.16,0.35,0.08,0.41,,,,,
3096,12681216,764,86652.21514095507,48913.09173470698,9.13,4513.36,-8.958355374488747e-05,60843.81787252426,0.8773943937849253,5.030568960000001e-06,0.96829385,5.05,0.15,0.36,0.08,0.41,,,,,
3097,12685312,765,88041.93119883593,49651.77383738138,9.25,4549.74,-0.00018241307316202438,155283.48658275604,0.8102210065117106,5.0289633280000004e-06,0.9526518,5.14,0.15,0.35,0.08,0.42,,,,,
3098,12689408,765,88041.93119883593,49651.77383738138,9.25,4549.74,-0.00020282777768443339,18588.451610565186,0.7867026852909476,5.027357695999999e-06,0.97785777,5.14,0.15,0.35,0.08,0.42,,,,,
3099,12693504,766,87305.58259319692,49321.37247744086,9.18,4560.73,-8.815611636237008e-05,53671.90576338768,0.8163442539516836,5.025752064000001e-06,0.8482635,5.05,0.15,0.36,0.08,0.41,,,,,
3100,12697600,766,87305.58259319692,49321.37247744086,9.18,4560.73,-0.00032181022561417194,14218.180931329727,0.7972024994669482,5.024146432000001e-06,0.97568953,5.05,0.15,0.36,0.08,0.41,125688.95062046498,69512.7693713949,10.666666666666666,5817.333333333333,0.5666666666666667
3101,12701696,767,86458.82057854252,48901.0321016165,9.12,4562.71,-0.00010108902688443777,33294.34579229355,0.8720112493028864,5.0225408e-06,0.85474455,4.98,0.16,0.36,0.08,0.4,,,,,
3102,12705792,767,86458.82057854252,48901.0321016165,9.12,4562.71,-0.00021517354798561428,34814.15205144882,0.7541913115419447,5.020935168e-06,0.9757335,4.98,0.16,0.36,0.08,0.4,,,,,
3103,12709888,768,87687.83802271856,49581.40060087064,9.14,4624.36,-0.0001473287111366517,17227.654493808746,0.8695826212642714,5.019329536000001e-06,0.959612,4.94,0.16,0.37,0.08,0.39,,,,,
3104,12713984,769,89054.54007946746,50348.75211686211,9.12,4685.04,-9.975704051612411e-05,107230.42454814911,0.815262813353911,5.0177239040000006e-06,0.88550514,4.86,0.16,0.37,0.09,0.38,,,,,
3105,12718080,772,87095.47610196556,49292.10439141782,9.04,4637.31,-0.0001694454185781069,16250.31112575531,0.8937639688374475,5.016118272e-06,0.9363505,4.83,0.16,0.37,0.09,0.38,,,,,
3106,12722176,773,86084.33924824966,48726.53769270784,8.98,4603.09,-0.000654808440231136,2601.988266646862,0.8793098699534312,5.01451264e-06,0.96251845,4.81,0.17,0.36,0.09,0.38,,,,,
3107,12726272,773,86084.33924824966,48726.53769270784,8.98,4603.09,-0.0006279472490859916,7795.749688863754,0.8474078242434189,5.012907008000001e-06,0.9669591,4.81,0.17,0.36,0.09,0.38,,,,,
3108,12730368,773,86084.33924824966,48726.53769270784,8.98,4603.09,-9.084344128496014e-05,37762.78930854797,0.7656047237105668,5.0113013760000005e-06,0.97369343,4.81,0.17,0.36,0.09,0.38,,,,,
3109,12734464,774,87942.1362145002,49758.83707746767,9.02,4693.66,-0.00011728968820534647,32610.623827457428,0.8524875839939341,5.009695744e-06,0.97669864,4.75,0.18,0.36,0.09,0.37,,,,,
3110,12738560,777,87987.62009510184,49750.51345914926,9.03,4673.71,-0.00023503542342950823,16446.405026435852,0.9799758978188038,5.008090112e-06,0.96560913,4.79,0.18,0.34,0.1,0.38,,,,,
3111,12742656,778,87915.5235593804,49707.48076156078,9.04,4655.76,-0.00010534067223488819,32928.939203739166,0.9682226029690355,5.006484480000001e-06,0.955088,4.82,0.17,0.34,0.11,0.38,,,,,
3112,12746752,779,88495.26738542932,50028.54650383347,9.09,4669.4,-0.00017002463937387802,32204.360663414,0.8592932915780693,5.0048788480000005e-06,0.9633523,4.86,0.17,0.33,0.11,0.39,,,,,
3113,12750848,782,86311.07511018887,48768.962605339795,9.06,4540.29,-0.00013124308497936,21653.548478603363,0.9708497499814257,5.003273216e-06,0.97024554,4.97,0.16,0.32,0.12,0.4,,,,,
3114,12754944,782,86311.07511018887,48768.962605339795,9.06,4540.29,-6.729420601914171e-05,119328.65982437134,0.8217788047622889,5.001667584e-06,0.9660906,4.97,0.16,0.32,0.12,0.4,,,,,
3115,12759040,783,87844.66404716682,49616.806191356925,9.14,4586.42,-9.294210940424819e-05,97701.73920249939,0.7873563505709171,5.000061952000001e-06,0.9325803,5.01,0.16,0.32,0.11,0.41,,,,,
3116,12763136,783,87844.66404716682,49616.806191356925,9.14,4586.42,-3.0061164579819888e-05,423015.9343910217,0.7241206109756604,4.9984563200000005e-06,0.9331798,5.01,0.16,0.32,0.11,0.41,,,,,
3117,12767232,784,89187.6045327641,50304.71831042124,9.17,4624.2,-0.0004850340792472707,14399.804149389267,0.9111190891126171,4.996850688e-06,0.95772105,5.01,0.16,0.32,0.11,0.41,,,,,
3118,12771328,785,90215.55422102152,50861.6834711768,9.13,4682.98,-9.315473471360747e-05,39756.66973114014,0.8007469809381291,4.995245056e-06,0.9647813,4.9,0.16,0.33,0.11,0.4,,,,,
3119,12775424,785,90215.55422102152,50861.6834711768,9.13,4682.98,-9.929922543960856e-05,59060.06948041916,0.7856442765332758,4.993639424e-06,0.97189087,4.9,0.16,0.33,0.11,0.4,,,,,
3120,12779520,786,91405.17518840516,51510.83971137829,9.16,4728.58,-0.0004484433138713939,12070.925698041916,0.8228789188433439,4.992033792e-06,0.89193046,4.89,0.16,0.33,0.11,0.4,,,,,
3121,12783616,787,91872.42112373441,51793.72444462337,9.14,4771.97,-6.120643593021668e-05,56937.6829161644,0.8509725397452712,4.99042816e-06,0.77836955,4.82,0.17,0.33,0.11,0.39,,,,,
3122,12787712,789,90991.6591826085,51307.2565781011,9.2,4720.08,-0.00018498431927582715,66817.98234415054,0.8942491343477741,4.988822528e-06,0.65134287,4.94,0.17,0.31,0.12,0.4,,,,,
3123,12791808,789,90991.6591826085,51307.2565781011,9.2,4720.08,-0.0002991476958413841,4990.965455532074,0.8336131727555767,4.987216896e-06,0.9853563,4.94,0.17,0.31,0.12,0.4,,,,,
3124,12795904,790,92139.72910450218,51978.48557824482,9.21,4786.44,-0.00022998735948931426,26316.57287120819,0.8537922838004306,4.985611264e-06,0.95822227,4.87,0.18,0.31,0.12,0.39,,,,,
3125,12800000,790,92139.72910450218,51978.48557824482,9.21,4786.44,-0.00019952164620917756,33573.8675532341,0.7789138484513387,4.984005632e-06,0.9663312,4.87,0.18,0.31,0.12,0.39,141926.40884951534,78756.71392880235,11.166666666666666,6258.433333333333,0.6
3126,12804096,791,92678.27479868295,52237.89247040071,9.21,4816.18,-2.7812451662612148e-05,247586.2543811798,0.8284426775062457,4.9824e-06,0.781118,4.84,0.18,0.32,0.12,0.38,,,,,
3127,12808192,791,92678.27479868295,52237.89247040071,9.21,4816.18,-0.0002339538491469284,12285.382397890091,0.9048638755921274,4.980794368e-06,0.98021144,4.84,0.18,0.32,0.12,0.38,,,,,
3128,12812288,792,91451.67803634262,51612.54180181807,9.16,4796.58,-0.0002005989936151309,15554.808866262436,0.8212858961196616,4.979188736e-06,0.98187214,4.8,0.18,0.32,0.13,0.37,,,,,
3129,12816384,793,90295.06958513898,50980.021014363294,9.11,4742.45,-8.900560533220414e-05,40529.24340248108,0.8030560272745788,4.977583104e-06,0.9563878,4.8,0.18,0.32,0.13,0.37,,,,,
3130,12820480,795,89008.55733167168,50236.608059632454,9.12,4651.32,-0.00015745007021905622,24379.723304986954,0.8349747395841405,4.975977472e-06,0.7718254,4.92,0.17,0.31,0.13,0.39,,,,,
3131,12824576,795,89008.55733167168,50236.608059632454,9.12,4651.32,-0.0004803750834980747,13027.653025627136,0.8606004532193765,4.97437184e-06,0.96930164,4.92,0.17,0.31,0.13,0.39,,,,,
3132,12828672,795,89008.55733167168,50236.608059632454,9.12,4651.32,-0.00019318522663525073,56586.07176685333,0.8216329814167693,4.972766208000001e-06,0.9648756,4.92,0.17,0.31,0.13,0.39,,,,,
3133,12832768,796,91794.97856687504,51727.175759143065,9.15,4773.44,-0.00017440406918467488,190855.5342311859,0.8068364707287401,4.971160576000001e-06,0.9572675,4.83,0.18,0.31,0.13,0.38,,,,,
3134,12836864,797,91652.1587421765,51643.481151828404,9.14,4764.7,-0.0004194905050098896,4476.775501728058,0.9479266138514504,4.969554944000001e-06,0.9540254,4.83,0.18,0.31,0.13,0.38,,,,,
3135,12840960,797,91652.1587421765,51643.481151828404,9.14,4764.7,-0.00020865789701929316,14112.828438520432,0.8852449411060661,4.967949312e-06,0.97038,4.83,0.18,0.31,0.13,0.38,,,,,
3136,12845056,799,92542.61604088261,52145.34208898856,9.12,4821.74,-0.0002562382678661379,37315.21361589432,0.8387209823122248,4.966343679999999e-06,0.39007837,4.75,0.19,0.31,0.14,0.36,,,,,
3137,12849152,799,92542.61604088261,52145.34208898856,9.12,4821.74,-0.0001597025002411101,16095.221592664719,0.7949773946311325,4.964738048000001e-06,0.9606426,4.75,0.19,0.31,0.14,0.36,,,,,
3138,12853248,800,92964.10132733853,52375.94945488818,9.14,4835.12,-0.0002660872269188985,18224.375431776047,0.8571600037394091,4.963132416000001e-06,0.9817244,4.75,0.19,0.31,0.14,0.36,,,,,
3139,12857344,800,92964.10132733853,52375.94945488818,9.14,4835.12,-0.000226664852561953,44665.32566070557,0.7962282028747723,4.9615267840000004e-06,0.9755562,4.75,0.19,0.31,0.14,0.36,,,,,
3140,12861440,801,93452.49277079133,52645.45490350068,9.18,4831.59,-8.733699542062823e-05,55912.763773441315,0.8879403154132888,4.959921152e-06,0.9356799,4.81,0.18,0.31,0.14,0.37,,,,,
3141,12865536,803,91519.22884636317,51606.0476485299,9.09,4764.65,-0.00021375862843342475,13724.805637836456,0.9279656109865755,4.958315520000001e-06,0.9156775,4.78,0.18,0.32,0.13,0.37,,,,,
3142,12869632,804,91586.04609348683,51642.47723200668,9.13,4748.18,-0.00010105299043061677,37033.184653759,0.8902247322257608,4.956709888000001e-06,0.9712096,4.84,0.18,0.31,0.13,0.38,,,,,
3143,12873728,804,91586.04609348683,51642.47723200668,9.13,4748.18,-0.0004544385228655301,14054.451225042343,0.8551619886420667,4.955104256e-06,0.9573308,4.84,0.18,0.31,0.13,0.38,,,,,
3144,12877824,806,90765.8266273674,51188.11745823966,9.08,4712.86,-0.00011318237920932006,15230.883178949356,0.7963016523281112,4.953498624e-06,0.92805445,4.82,0.19,0.3,0.13,0.38,,,,,
3145,12881920,806,90765.8266273674,51188.11745823966,9.08,4712.86,-0.00011308001739962492,26810.108166217804,0.7962363254046068,4.951892992000001e-06,0.95084864,4.82,0.19,0.3,0.13,0.38,,,,,
3146,12886016,808,87850.95310534831,49593.47241699486,9.06,4570.88,-8.129071647999808e-05,126308.13669776917,0.8154620367567986,4.950287360000001e-06,0.96101266,4.94,0.19,0.28,0.14,0.39,,,,,
3147,12890112,808,87850.95310534831,49593.47241699486,9.06,4570.88,-0.00039802824812795734,11064.635039567947,0.8930558543652296,4.948681728e-06,0.9688789,4.94,0.19,0.28,0.14,0.39,,,,,
3148,12894208,809,87600.05792682011,49458.7620773338,9.04,4572.14,-9.199965825246181e-05,52540.00884628296,0.8067720780381933,4.947076096e-06,0.96863776,4.92,0.2,0.27,0.14,0.39,,,,,
3149,12898304,810,88842.8474703117,50133.98503016928,9.08,4615.74,-0.00015761475060571684,44784.174773693085,0.8701432780362666,4.945470464000001e-06,0.955244,4.92,0.2,0.27,0.14,0.39,,,,,
3150,12902400,810,88842.8474703117,50133.98503016928,9.08,4615.74,-0.00010545096120040398,28537.572852134705,0.8012009147787467,4.9438648320000005e-06,0.9752909,4.92,0.2,0.27,0.14,0.39,96388.86852232773,54336.363388881764,9.766666666666667,4851.666666666667,0.4666666666666667
3151,12906496,811,90460.8817877117,51008.22806927005,9.08,4691.31,-0.00018291773722012294,27199.08126783371,0.8301972772460431,4.9422592e-06,0.98005486,4.85,0.2,0.27,0.15,0.38,,,,,
3152,12910592,812,90859.46330635848,51215.66982837606,9.13,4694.96,-0.00015426591266987089,13380.411319971085,0.8314261070918292,4.940653568e-06,0.9668261,4.9,0.19,0.27,0.15,0.39,,,,,
3153,12914688,812,90859.46330635848,51215.66982837606,9.13,4694.96,-0.00011816292317234911,16133.34008550644,0.7822495412547141,4.939047936e-06,0.97511685,4.9,0.19,0.27,0.15,0.39,,,,,
3154,12918784,813,91450.64950589668,51549.90874667046,9.13,4737.81,-0.0002466950127200107,16300.37041091919,0.803583185072057,4.9374423040000005e-06,0.9660207,4.85,0.2,0.27,0.15,0.38,,,,,
3155,12922880,814,92000.03338416918,51870.12648848759,9.09,4779.4,-0.00034599952141434187,13963.123270988464,0.8514811766799539,4.935836672e-06,0.9407709,4.76,0.21,0.27,0.15,0.37,,,,,
3156,12926976,817,89809.58184734965,50657.88212991553,9.05,4673.46,-0.0001747565547702834,50209.15584754944,0.9118332694051787,4.93423104e-06,0.9171636,4.83,0.21,0.26,0.15,0.38,,,,,
3157,12931072,817,89809.58184734965,50657.88212991553,9.05,4673.46,-0.00021069143258500844,14027.46161532402,0.8186807940946892,4.932625408e-06,0.9528611,4.83,0.21,0.26,0.15,0.38,,,,,
3158,12935168,818,89660.70360069857,50583.773892528734,9.04,4673.66,-4.260786136001116e-05,26496.840000391006,0.7795690022176132,4.9310197760000005e-06,0.92861736,4.82,0.22,0.25,0.15,0.38,,,,,
3159,12939264,818,89660.70360069857,50583.773892528734,9.04,4673.66,-7.63449888836476e-05,30422.548424243927,0.8833124303491786,4.929414144e-06,0.97733337,4.82,0.22,0.25,0.15,0.38,,,,,
3160,12943360,819,90402.19252416216,50961.52179577915,9.04,4706.63,-7.311836816370487e-05,145956.4984474182,0.7809237049659714,4.927808512e-06,0.95585245,4.79,0.22,0.25,0.15,0.38,,,,,
3161,12947456,819,90402.19252416216,50961.52179577915,9.04,4706.63,-0.0014496260200758115,5446.490829229355,0.863143187831156,4.92620288e-06,0.9512909,4.79,0.22,0.25,0.15,0.38,,,,,
3162,12951552,819,90402.19252416216,50961.52179577915,9.04,4706.63,-0.00032835705042089103,25276.861742258072,0.7430610575247556,4.9245972480000004e-06,0.96894705,4.79,0.22,0.25,0.15,0.38,,,,,
3163,12955648,820,91082.65804966353,51334.47558215785,9.07,4731.33,-0.0005018121519242413,5768.027307391167,0.8799835077952594,4.922991616e-06,0.95189434,4.79,0.22,0.25,0.15,0.38,,,,,
3164,12959744,821,90461.47581749706,50985.57005373442,9.03,4710.77,-0.00017002313506964128,15927.289628982544,0.8794678534613922,4.921385984e-06,0.97099173,4.77,0.23,0.24,0.15,0.38,,,,,
3165,12963840,822,91087.09891005578,51346.20428607662,9.07,4738.66,-0.00018973106307385024,21111.81166791916,0.8695572981378064,4.919780352e-06,0.96152,4.78,0.23,0.24,0.15,0.38,,,,,
3166,12967936,822,91087.09891005578,51346.20428607662,9.07,4738.66,-0.00018699581141845556,31332.61898803711,0.8254055650904775,4.91817472e-06,0.96832263,4.78,0.23,0.24,0.15,0.38,,,,,
3167,12972032,822,91087.09891005578,51346.20428607662,9.07,4738.66,-0.00034005087218247354,101616.7329545021,0.7759322208585218,4.916569088e-06,0.970148,4.78,0.23,0.24,0.15,0.38,,,,,
3168,12976128,824,92072.13713134814,51828.23133044511,9.1,4746.65,-0.0005142844356669229,7217.791973590851,0.8663734397850931,4.914963456e-06,0.8908265,4.81,0.23,0.23,0.16,0.38,,,,,
3169,12980224,824,92072.13713134814,51828.23133044511,9.1,4746.65,-0.0001499174231867073,32608.995562553406,0.820788471144624,4.913357824e-06,0.96351117,4.81,0.23,0.23,0.16,0.38,,,,,
3170,12984320,826,91118.50924230373,51346.31058533227,9.04,4744.28,-0.0001330581740148773,26365.203480243683,0.9055004442343488,4.9117521919999995e-06,0.9341527,4.75,0.23,0.24,0.16,0.37,,,,,
3171,12988416,826,91118.50924230373,51346.31058533227,9.04,4744.28,-0.0005624764353342471,4285.148608207703,0.8196054698200896,4.910146560000001e-06,0.98354197,4.75,0.23,0.24,0.16,0.37,,,,,
3172,12992512,829,86380.03982341288,48756.12302763031,9.03,4522.18,-8.603367132309359e-05,113360.3153758049,0.8946387391770259,4.908540928000001e-06,0.92731506,4.96,0.23,0.22,0.16,0.39,,,,,
3173,12996608,829,86380.03982341288,48756.12302763031,9.03,4522.18,-0.00022851826997793978,13303.234991312027,0.840901700197719,4.906935296e-06,0.9696056,4.96,0.23,0.22,0.16,0.39,,,,,
3174,13000704,830,87056.52387412531,49140.312011831884,9.07,4556.46,-0.0003313072047603782,9625.814550638199,0.8802966040093452,4.9053296639999995e-06,0.93652934,4.97,0.22,0.23,0.16,0.39,,,,,
3175,13004800,830,87056.52387412531,49140.312011831884,9.07,4556.46,-0.00010072424629470333,28254.025849819183,0.7987016239203513,4.903724032000001e-06,0.971638,4.97,0.22,0.23,0.16,0.39,108414.74804700694,61058.23247778313,10.266666666666667,5268.033333333334,0.5333333333333333
3176,13008896,832,87245.79281108412,49218.734941848954,9.15,4529.43,-9.34545460040681e-05,77559.54145336151,0.8096654363907874,4.902118400000001e-06,0.96477115,5.08,0.21,0.23,0.16,0.4,,,,,
3177,13012992,832,87245.79281108412,49218.734941848954,9.15,4529.43,-0.0013889966921851737,11492.279693365097,0.9045099191134796,4.9005127680000005e-06,0.9699088,5.08,0.21,0.23,0.16,0.4,,,,,
3178,13017088,832,87245.79281108412,49218.734941848954,9.15,4529.43,-0.0001165229896287201,23045.070911884308,0.7718734667869285,4.898907136e-06,0.9776734,5.08,0.21,0.23,0.16,0.4,,,,,
3179,13021184,833,89634.08740483648,50548.921066166666,9.21,4636.48,-9.532575768389506e-05,61118.083984375,0.871500545181334,4.897301504000001e-06,0.97408515,5.03,0.21,0.24,0.16,0.39,,,,,
3180,13025280,834,90536.22186583912,51066.55946845152,9.25,4682.33,-0.00013445546392176766,27329.733189821243,0.8207758370554075,4.895695872000001e-06,0.96898365,5.02,0.21,0.24,0.16,0.39,,,,,
3181,13029376,834,90536.22186583912,51066.55946845152,9.25,4682.33,-0.0008624769343441585,4497.936079144478,0.8619729737984017,4.8940902400000005e-06,0.9768987,5.02,0.21,0.24,0.16,0.39,,,,,
3182,13033472,836,88184.85043766203,49843.69088945713,9.15,4628.35,-0.00030182751652318984,17558.45566856861,0.8706775802420452,4.892484608e-06,0.8861202,4.96,0.22,0.24,0.15,0.39,,,,,
3183,13037568,837,88292.47467203393,49915.82360890289,9.16,4633.31,-0.000334281907271361,16479.306735754013,0.950477164471522,4.890878976000001e-06,0.95542234,4.96,0.22,0.24,0.15,0.39,,,,,
3184,13041664,837,88292.47467203393,49915.82360890289,9.16,4633.31,-0.00015019202874100301,18866.52238035202,0.8444466681685299,4.889273344000001e-06,0.97089297,4.96,0.22,0.24,0.15,0.39,,,,,
3185,13045760,837,88292.47467203393,49915.82360890289,9.16,4633.31,-0.00020383636365295388,60810.99062538147,0.8055493315914646,4.887667712e-06,0.9789051,4.96,0.22,0.24,0.15,0.39,,,,,
3186,13049856,838,90970.43975382975,51399.01889329796,9.27,4745.87,-6.141310041130055e-05,108739.83576774597,0.7919420764083043,4.88606208e-06,0.96644545,4.96,0.22,0.24,0.15,0.39,,,,,
3187,13053952,838,90970.43975382975,51399.01889329796,9.27,4745.87,-0.00015664834063500166,260909.50417613983,0.7560847890563309,4.884456448e-06,0.9646667,4.96,0.22,0.24,0.15,0.39,,,,,
3188,13058048,839,91081.63985372546,51397.646795579254,9.3,4718.07,-6.280585785134463e-05,272304.12841558456,0.8383745887549594,4.882850816000001e-06,0.83264875,5.03,0.22,0.23,0.15,0.4,,,,,
3189,13062144,839,91081.63985372546,51397.646795579254,9.3,4718.07,-0.00023656667508475948,13749.753149032593,0.8210307573899627,4.881245184e-06,0.9373961,5.03,0.22,0.23,0.15,0.4,,,,,
3190,13066240,840,92042.50389523915,51949.069979052336,9.33,4778.66,-0.00019612615960795665,20374.510757923126,0.7723888148320839,4.879639552e-06,0.95246893,4.99,0.23,0.23,0.14,0.4,,,,,
3191,13070336,841,92954.64778958904,52440.36006378145,9.34,4826.73,-7.649255712749436e-05,119885.39463043213,0.8071107513969764,4.87803392e-06,0.803767,4.95,0.23,0.24,0.14,0.39,,,,,
3192,13074432,841,92954.64778958904,52440.36006378145,9.34,4826.73,-0.00025782845659705345,6868.717509388924,0.856595991877839,4.8764282880000006e-06,0.9534346,4.95,0.23,0.24,0.14,0.39,,,,,
3193,13078528,841,92954.64778958904,52440.36006378145,9.34,4826.73,-0.00021392167400335893,32432.974856853485,0.7713166509056464,4.874822656e-06,0.97619313,4.95,0.23,0.24,0.14,0.39,,,,,
3194,13082624,842,93536.97095243057,52758.37589343727,9.31,4883.74,-0.0001740705847623758,22348.5340321064,0.9305954211158678,4.873217024e-06,0.9452462,4.86,0.24,0.24,0.14,0.38,,,,,
3195,13086720,842,93536.97095243057,52758.37589343727,9.31,4883.74,-0.00024327811479452066,19856.07458472252,0.8208737772656605,4.871611392e-06,0.9364306,4.86,0.24,0.24,0.14,0.38,,,,,
3196,13090816,844,94778.17332270913,53429.39176120822,9.33,4952.9,-0.00015950610031723045,18361.850125789642,0.9268872730899602,4.8700057600000005e-06,0.9747312,4.8,0.25,0.24,0.14,0.37,,,,,
3197,13094912,844,94778.17332270913,53429.39176120822,9.33,4952.9,-0.00032902968814596534,8794.80405819416,0.8759385768789798,4.868400128e-06,0.9735772,4.8,0.25,0.24,0.14,0.37,,,,,
3198,13099008,844,94778.17332270913,53429.39176120822,9.33,4952.9,-0.0002565582053648541,17467.13833141327,0.8162393701495603,4.866794496e-06,0.9849608,4.8,0.25,0.24,0.14,0.37,,,,,
3199,13103104,844,94778.17332270913,53429.39176120822,9.33,4952.9,-5.359666101867333e-05,179390.8922100067,0.7250781925395131,4.865188864e-06,0.9646117,4.8,0.25,0.24,0.14,0.37,,,,,
3200,13107200,845,97648.87506347403,55019.957549756735,9.35,5081.02,-0.00012543025331979152,28252.29244184494,0.8439645966282114,4.8635832320000005e-06,0.97604334,4.69,0.26,0.24,0.14,0.36,155021.53192910954,85941.65799507624,11.566666666666666,6738.9,0.6666666666666666
3201,13111296,847,97935.74165780518,55194.11929744264,9.36,5090.43,-0.0001858083633123897,36266.83359622955,0.8850264361826703,4.8619776e-06,0.93875676,4.69,0.26,0.24,0.14,0.36,,,,,
3202,13115392,850,95927.23692300661,54081.43538469495,9.24,5010.5,-5.689409363185405e-05,97159.50693750381,0.9235587619477883,4.860371968e-06,0.6195477,4.65,0.26,0.23,0.16,0.35,,,,,
3203,13119488,850,95927.23692300661,54081.43538469495,9.24,5010.5,-0.00029761170480924193,6758.158161878586,0.7719806189415976,4.858766336e-06,0.9610385,4.65,0.26,0.23,0.16,0.35,,,,,
3204,13123584,850,95927.23692300661,54081.43538469495,9.24,5010.5,-0.00023414477436745074,22199.690722942352,0.7923095338046551,4.857160704e-06,0.976776,4.65,0.26,0.23,0.16,0.35,,,,,
3205,13127680,851,97381.45231037865,54879.42205862496,9.28,5079.15,-0.00015713802895334084,37145.31362891197,0.8282856092555448,4.855555072e-06,0.959979,4.62,0.27,0.23,0.15,0.35,,,,,
3206,13131776,851,97381.45231037865,54879.42205862496,9.28,5079.15,-0.0005180081052458263,11045.942878007889,0.8424330516718328,4.85394944e-06,0.977098,4.62,0.27,0.23,0.15,0.35,,,,,
3207,13135872,851,97381.45231037865,54879.42205862496,9.28,5079.15,-5.313644624038716e-05,43593.60940217972,0.7741562580922619,4.852343808e-06,0.9750041,4.62,0.27,0.23,0.15,0.35,,,,,
3208,13139968,851,97381.45231037865,54879.42205862496,9.28,5079.15,-6.207412980074878e-05,200878.687582016,0.7526509916642681,4.8507381759999996e-06,0.9503286,4.62,0.27,0.23,0.15,0.35,,,,,
3209,13144064,853,98823.46678631316,55646.71462729767,9.27,5136.92,-0.0002561728579166811,14889.617410898209,0.9265899407910183,4.849132544000001e-06,0.93957764,4.55,0.28,0.22,0.15,0.35,,,,,
3210,13148160,853,98823.46678631316,55646.71462729767,9.27,5136.92,-0.00011497917057567975,19403.203909873962,0.8027020894223824,4.847526912e-06,0.98555845,4.55,0.28,0.22,0.15,0.35,,,,,
3211,13152256,854,100662.99168773349,56639.02885439367,9.35,5197.89,-0.0001084145642380463,60762.12137937546,0.7956326138228178,4.84592128e-06,0.9685066,4.57,0.28,0.21,0.16,0.35,,,,,
3212,13156352,855,100077.54172570858,56317.6737113489,9.34,5160.02,-0.0003280538476246875,8954.87484073639,0.8811506238998845,4.8443156479999995e-06,0.91383445,4.6,0.28,0.2,0.17,0.35,,,,,
3213,13160448,856,99920.1573464547,56230.65435938097,9.33,5157.89,-0.0002393589466009871,17909.115356445312,0.8318560058251023,4.842710016000001e-06,0.9209217,4.59,0.29,0.19,0.17,0.35,,,,,
3214,13164544,857,98853.63800392166,55666.718336893784,9.29,5129.95,-0.00010757976815511938,23228.56070804596,0.839625152759254,4.841104384000001e-06,0.97129595,4.57,0.29,0.19,0.18,0.34,,,,,
3215,13168640,858,99102.17565442975,55812.778416301924,9.26,5143.46,-9.791927732294425e-05,237570.40120697021,0.7970864956732839,4.8394987520000006e-06,0.93476224,4.53,0.29,0.19,0.18,0.34,,,,,
3216,13172736,860,100093.33244082643,56306.98495862729,9.46,5148.03,-8.747909123485442e-05,179011.2933497429,0.858192790299654,4.83789312e-06,0.9278501,4.74,0.28,0.18,0.18,0.36,,,,,
3217,13176832,861,99502.65703633234,56029.58332786071,9.42,5136.12,-7.115631433407543e-05,43110.15360832214,0.8639057258842513,4.836287488000001e-06,0.96344656,4.71,0.28,0.18,0.18,0.36,,,,,
3218,13180928,862,100882.55123292089,56785.62556660145,9.51,5180.21,-6.857294647488743e-05,71982.62406921387,0.8162158820778131,4.834681856000001e-06,0.96916866,4.76,0.28,0.17,0.18,0.37,,,,,
3219,13185024,862,100882.55123292089,56785.62556660145,9.51,5180.21,-0.0002974562939925818,8957.985851049423,0.7915214208187535,4.8330762240000005e-06,0.974863,4.76,0.28,0.17,0.18,0.37,,,,,
3220,13189120,862,100882.55123292089,56785.62556660145,9.51,5180.21,-9.26485326999682e-05,30118.26819372177,0.8078551982762292,4.831470592e-06,0.9787149,4.76,0.28,0.17,0.18,0.37,,,,,
3221,13193216,865,98222.53631798478,55350.49705917926,9.42,5093.41,-4.341015937825432e-05,136157.42366600037,0.8781671309843659,4.829864960000001e-06,0.8377635,4.76,0.29,0.15,0.19,0.37,,,,,
3222,13197312,865,98222.53631798478,55350.49705917926,9.42,5093.41,-0.0002586769160188851,11100.680725574493,0.7909557360690087,4.828259328000001e-06,0.97774017,4.76,0.29,0.15,0.19,0.37,,,,,
3223,13201408,867,97297.1813163709,54796.09826752749,9.42,5031.5,-6.732375823048642e-05,27160.97884607315,0.878751767333597,4.8266536960000005e-06,0.975019,4.82,0.28,0.15,0.19,0.38,,,,,
3224,13205504,868,95717.63211136904,53897.923327883516,9.44,4953.44,-0.0004294094833312556,7158.4600257873535,0.8513662883779034,4.825048064e-06,0.9610213,4.92,0.28,0.14,0.19,0.39,,,,,
3225,13209600,868,95717.63211136904,53897.923327883516,9.44,4953.44,-0.00017040679085766897,29263.420384407043,0.8634638475487009,4.823442432e-06,0.9746028,4.92,0.28,0.14,0.19,0.39,118358.79113371792,66088.29941314596,10.533333333333333,5603.5,0.36666666666666664
3226,13213696,868,95717.63211136904,53897.923327883516,9.44,4953.44,-0.0001144549732998712,109888.25082492828,0.7902863902272657,4.821836800000001e-06,0.97133356,4.92,0.28,0.14,0.19,0.39,,,,,
3227,13217792,870,97568.43760664384,54909.40500681539,9.58,5010.96,-9.299717567046173e-05,129855.20983791351,0.8533579546492547,4.8202311680000004e-06,0.9563334,5.0,0.28,0.14,0.18,0.4,,,,,
3228,13221888,870,97568.43760664384,54909.40500681539,9.58,5010.96,-0.00016055732157838065,6971.0246641635895,0.8014737188350409,4.818625536e-06,0.97457135,5.0,0.28,0.14,0.18,0.4,,,,,
3229,13225984,871,98706.08889085706,55555.677334474094,9.58,5077.18,-8.188333595171571e-05,37793.39409017563,0.8244303573155776,4.817019904e-06,0.9691816,4.92,0.29,0.14,0.18,0.39,,,,,
3230,13230080,873,99105.43227314953,55780.470708574845,9.61,5091.53,-0.00016015835717553273,15185.13897395134,0.8904823400080204,4.815414272000001e-06,0.83940005,4.93,0.29,0.14,0.18,0.39,,,,,
3231,13234176,873,99105.43227314953,55780.470708574845,9.61,5091.53,-0.0007179803478720714,5023.296246767044,0.816557738929987,4.81380864e-06,0.9730558,4.93,0.29,0.14,0.18,0.39,,,,,
3232,13238272,874,97810.7257937111,55072.263124743455,9.56,5045.78,-0.00013026525266468525,117835.23890542984,0.8162751352647319,4.812203008e-06,0.96433306,4.93,0.29,0.14,0.18,0.39,,,,,
3233,13242368,876,97874.4348310662,55099.532176935725,9.55,5041.44,-9.642206168791745e-05,40416.84128904343,0.9341492488747463,4.810597376e-06,0.76189363,4.93,0.29,0.14,0.19,0.38,,,,,
3234,13246464,877,98210.23544344552,55297.49848602194,9.56,5068.15,-0.0005752913057222031,5533.703317165375,0.9107279038289562,4.808991744000001e-06,0.9523417,4.91,0.29,0.15,0.18,0.38,,,,,
3235,13250560,877,98210.23544344552,55297.49848602194,9.56,5068.15,-0.0004887878058070783,17355.30775499344,0.7945061645004898,4.807386112e-06,0.9709793,4.91,0.29,0.15,0.18,0.38,,,,,
3236,13254656,877,98210.23544344552,55297.49848602194,9.56,5068.15,-9.556049917591736e-05,61777.35120677948,0.7635906658833846,4.80578048e-06,0.9488177,4.91,0.29,0.15,0.18,0.38,,,,,
3237,13258752,879,99056.05227850961,55759.76004394223,9.55,5114.4,-0.00016819230950204656,37256.34313797951,0.9324565612478182,4.804174848e-06,0.96683,4.85,0.3,0.16,0.17,0.37,,,,,
3238,13262848,880,99535.4443814297,56047.29416107176,9.58,5135.99,-0.00010155634572583949,35019.62532234192,0.8284732474712655,4.8025692160000005e-06,0.9577264,4.86,0.3,0.16,0.17,0.37,,,,,
3239,13266944,881,100276.48026301195,56481.98062417341,9.55,5189.62,-0.00013495409257302526,15700.90542793274,0.8773090470349416,4.800963584e-06,0.9624518,4.77,0.31,0.16,0.17,0.36,,,,,
3240,13271040,881,100276.48026301195,56481.98062417341,9.55,5189.62,-0.000316891489092086,7514.115510702133,0.847807229263708,4.799357952e-06,0.9654984,4.77,0.31,0.16,0.17,0.36,,,,,
3241,13275136,881,100276.48026301195,56481.98062417341,9.55,5189.62,-0.0001432109384040814,20063.19007539749,0.8169138438533992,4.79775232e-06,0.9815281,4.77,0.31,0.16,0.17,0.36,,,,,
3242,13279232,882,102479.36510762293,57701.91187217346,9.63,5298.07,-6.264339754125103e-05,54626.43578052521,0.8515808304073289,4.796146688e-06,0.9442254,4.74,0.32,0.16,0.16,0.36,,,,,
3243,13283328,882,102479.36510762293,57701.91187217346,9.63,5298.07,-0.00016263007364614168,20212.466331720352,0.7731691033113748,4.794541056e-06,0.9556252,4.74,0.32,0.16,0.16,0.36,,,,,
3244,13287424,883,102072.15496696152,57479.49172502773,9.59,5305.36,-8.733846516406629e-05,39229.570638656616,0.7431398038752377,4.792935424e-06,0.95693475,4.68,0.32,0.17,0.16,0.35,,,,,
3245,13291520,883,102072.15496696152,57479.49172502773,9.59,5305.36,-0.00021024785201007035,9281.553408384323,0.8609668157296255,4.791329792e-06,0.971446,4.68,0.32,0.17,0.16,0.35,,,,,
3246,13295616,885,99102.61927068028,55893.14311160623,9.5,5222.53,-8.916500428313157e-05,30589.154608488083,0.8686994353774935,4.78972416e-06,0.8576948,4.67,0.33,0.16,0.16,0.35,,,,,
3247,13299712,886,98808.69787128201,55767.68958596532,9.46,5232.68,-0.000244425229539047,20331.505717754364,0.8313255942193791,4.788118528e-06,0.9730042,4.61,0.33,0.17,0.16,0.34,,,,,
3248,13303808,886,98808.69787128201,55767.68958596532,9.46,5232.68,-0.00015151742536545498,16462.567683696747,0.8053553295321763,4.786512896e-06,0.95961535,4.61,0.33,0.17,0.16,0.34,,,,,
3249,13307904,887,98387.78084598576,55525.88590014047,9.45,5203.53,-0.00010828450922417687,23577.29774093628,0.8324395585805178,4.784907264e-06,0.9772748,4.63,0.32,0.18,0.16,0.34,,,,,
3250,13312000,889,99160.73497810407,55951.13972337043,9.48,5232.27,-0.0001439269235561369,22246.517451763153,0.9119910290464759,4.783301632e-06,0.98070085,4.63,0.32,0.18,0.15,0.35,130442.60443950215,72458.05392249269,10.866666666666667,6001.233333333334,0.5333333333333333
3251,13316096,890,98825.71984349556,55753.61488096997,9.5,5195.81,-0.00017117744027927984,40751.055812358856,0.8394883614964783,4.781696000000001e-06,0.96283925,4.7,0.31,0.18,0.15,0.36,,,,,
3252,13320192,890,98825.71984349556,55753.61488096997,9.5,5195.81,-0.00014730338807567023,17038.04986000061,0.7799863599939272,4.780090368000001e-06,0.98554343,4.7,0.31,0.18,0.15,0.36,,,,,
3253,13324288,891,99090.73357161433,55916.02434584058,9.52,5192.21,-7.879588793002767e-05,65516.737901210785,0.8212786295916885,4.778484736000001e-06,0.9605008,4.72,0.31,0.17,0.16,0.36,,,,,
3254,13328384,892,98173.85081029053,55401.73511109766,9.48,5156.0,-0.000216351536437287,12894.534359455109,0.9189456102903932,4.7768791039999995e-06,0.96099305,4.71,0.31,0.18,0.15,0.36,,,,,
3255,13332480,893,98690.1240357608,55687.72233834162,9.51,5176.92,-0.0001423806152160978,21129.035940170288,0.8087362557416782,4.775273472000001e-06,0.97192943,4.72,0.31,0.18,0.15,0.36,,,,,
3256,13336576,893,98690.1240357608,55687.72233834162,9.51,5176.92,-0.00012389268158585764,29253.947754859924,0.8686576943146065,4.773667840000001e-06,0.96402574,4.72,0.31,0.18,0.15,0.36,,,,,
3257,13340672,893,98690.1240357608,55687.72233834162,9.51,5176.92,-9.145946660282789e-05,44871.78764343262,0.7876286297105253,4.7720622080000006e-06,0.97228414,4.72,0.31,0.18,0.15,0.36,,,,,
3258,13344768,894,99850.82381081233,56329.63774042175,9.52,5237.75,-0.00033097388495662017,17700.70485317707,0.8513909054454416,4.770456576e-06,0.95521903,4.66,0.31,0.19,0.15,0.35,,,,,
3259,13348864,894,99850.82381081233,56329.63774042175,9.52,5237.75,-0.0001830783839977812,24943.992473602295,0.8310007336549461,4.768850944e-06,0.9673464,4.66,0.31,0.19,0.15,0.35,,,,,
3260,13352960,897,97474.58915138298,55085.1425729312,9.55,5141.1,-0.00014610362268285826,24984.45403122902,0.8290096268756315,4.767245312000001e-06,0.88176495,4.78,0.3,0.19,0.15,0.36,,,,,
3261,13357056,897,97474.58915138298,55085.1425729312,9.55,5141.1,-0.00034472217339498457,13060.145679712296,0.9240245934342965,4.7656396800000005e-06,0.9724816,4.78,0.3,0.19,0.15,0.36,,,,,
3262,13361152,897,97474.58915138298,55085.1425729312,9.55,5141.1,-0.00024417414442723384,38534.118337631226,0.7915633504744619,4.764034048e-06,0.97707,4.78,0.3,0.19,0.15,0.36,,,,,
3263,13365248,898,99205.39695445444,56034.154116101294,9.6,5216.11,-9.467002928431612e-05,56604.51737737656,0.8186434835661203,4.762428416e-06,0.96405286,4.75,0.31,0.19,0.14,0.36,,,,,
3264,13369344,898,99205.39695445444,56034.154116101294,9.6,5216.11,-0.00012004295786027797,46343.07038974762,0.7626003302866593,4.760822784000001e-06,0.97989476,4.75,0.31,0.19,0.14,0.36,,,,,
3265,13373440,900,99378.96556633107,56098.68140098809,9.67,5187.82,-0.00048054852049972396,5388.6191120147705,0.8833888589870185,4.7592171520000005e-06,0.8978855,4.86,0.29,0.19,0.14,0.38,,,,,
3266,13377536,900,99378.96556633107,56098.68140098809,9.67,5187.82,-0.00036797708708036225,11153.727461338043,0.9141091159544885,4.75761152e-06,0.98511404,4.86,0.29,0.19,0.14,0.38,,,,,
3267,13381632,902,99186.73437626295,55998.263262300876,9.69,5193.04,-0.00020686935567937326,18838.53407382965,0.8557924709748477,4.756005888e-06,0.97128534,4.87,0.29,0.19,0.14,0.38,,,,,
3268,13385728,902,99186.73437626295,55998.263262300876,9.69,5193.04,-0.0004626197246579977,11861.07055401802,0.8489459379343316,4.754400256000001e-06,0.9500199,4.87,0.29,0.19,0.14,0.38,,,,,
3269,13389824,904,99315.95986212339,56077.22069542061,9.73,5209.81,-0.00011232702399865957,23300.6437997818,0.7892116665607318,4.7527946240000005e-06,0.9644143,4.89,0.3,0.18,0.14,0.38,,,,,
3270,13393920,906,99092.61128284257,55929.22985202647,9.85,5164.65,-5.525494270841591e-05,57838.43059921265,0.842330145649612,4.751188992e-06,0.9688108,5.07,0.28,0.18,0.14,0.4,,,,,
3271,13398016,906,99092.61128284257,55929.22985202647,9.85,5164.65,-4.513287785812281e-05,548687.1707630157,0.8360736022004858,4.74958336e-06,0.93471086,5.07,0.28,0.18,0.14,0.4,,,,,
3272,13402112,907,100063.4381728557,56408.67629164204,9.95,5168.5,-0.000287633980406099,304431.70888757706,0.8132200717227533,4.747977728000001e-06,0.9041456,5.18,0.28,0.18,0.13,0.41,,,,,
3273,13406208,907,100063.4381728557,56408.67629164204,9.95,5168.5,-0.0002870020889531588,8748.419488430023,0.7703510673018172,4.746372096e-06,0.970218,5.18,0.28,0.18,0.13,0.41,,,,,
3274,13410304,908,100869.89490426001,56874.2492736064,9.91,5230.31,-0.0001726911532387021,24423.46684730053,0.8867783732712269,4.744766464e-06,0.9765738,5.07,0.29,0.18,0.13,0.4,,,,,
3275,13414400,909,100727.11287781055,56782.5801225864,9.91,5215.79,-0.00019737088041438255,16608.081804037094,0.8845790253253654,4.743160832e-06,0.8927042,5.09,0.28,0.19,0.13,0.4,107807.87004304845,60438.398067770555,10.133333333333333,5216.266666666666,0.36666666666666664
3276,13418496,909,100727.11287781055,56782.5801225864,9.91,5215.79,-0.00024719197244849056,8493.978750824928,0.8875669145490974,4.7415552e-06,0.98367196,5.09,0.28,0.19,0.13,0.4,,,,,
3277,13422592,909,100727.11287781055,56782.5801225864,9.91,5215.79,-8.633429570181761e-05,37628.91546344757,0.734465102548711,4.739949568e-06,0.97320724,5.09,0.28,0.19,0.13,0.4,,,,,
3278,13426688,910,102300.95480208911,57658.21622728195,9.92,5296.41,-0.0001162671615020372,109412.98637914658,0.8109792306786403,4.738343936e-06,0.97458893,5.01,0.29,0.19,0.13,0.39,,,,,
3279,13430784,910,102300.95480208911,57658.21622728195,9.92,5296.41,-0.0001607039521331899,18408.66886281967,0.793284239131026,4.736738304e-06,0.94932544,5.01,0.29,0.19,0.13,0.39,,,,,
3280,13434880,911,101646.29995356305,57305.82920990259,9.89,5279.62,-5.153858364792541e-05,223865.09373664856,0.800735717639327,4.735132672e-06,0.8238729,4.99,0.29,0.2,0.12,0.39,,,,,
3281,13438976,913,100422.45896479946,56652.38812025636,9.83,5216.17,-0.0001220856456711772,23220.01949119568,0.8512643307913095,4.73352704e-06,0.9090132,5.0,0.28,0.21,0.12,0.39,,,,,
3282,13443072,913,100422.45896479946,56652.38812025636,9.83,5216.17,-0.0004149639389652293,20027.512890338898,0.8258325728820637,4.731921408e-06,0.9685811,5.0,0.28,0.21,0.12,0.39,,,,,
3283,13447168,914,101088.26078567216,57013.277339638444,9.87,5232.15,-4.664690186473308e-05,70510.56279945374,0.8751947886776179,4.730315776e-06,0.90886366,5.03,0.27,0.21,0.13,0.39,,,,,
3284,13451264,915,101453.23808338332,57188.42943142584,9.93,5235.6,-0.0001945970579981804,17007.46438717842,0.8539140791399404,4.728710144e-06,0.8082132,5.09,0.27,0.21,0.12,0.4,,,,,
3285,13455360,915,101453.23808338332,57188.42943142584,9.93,5235.6,-0.0001930252860802284,11892.307593345642,0.7849000407150015,4.727104512e-06,0.98072445,5.09,0.27,0.21,0.12,0.4,,,,,
3286,13459456,916,103301.61116502348,58216.863982033516,9.94,5333.17,-0.0001379543291477603,31369.855964183807,0.8051419749390334,4.72549888e-06,0.9688361,5.0,0.28,0.21,0.12,0.39,,,,,
3287,13463552,917,103829.10303554336,58490.690807482824,9.92,5359.9,-2.681638034118805e-05,86174.3206744194,0.8020135073456913,4.723893248e-06,0.8705092,4.96,0.28,0.21,0.12,0.39,,,,,
3288,13467648,917,103829.10303554336,58490.690807482824,9.92,5359.9,-5.154668906470761e-05,22850.02249479294,0.8022254867246374,4.722287616e-06,0.97338915,4.96,0.28,0.21,0.12,0.39,,,,,
3289,13471744,920,100541.1887375254,56686.65350675905,9.85,5191.32,-5.589673401118489e-05,78583.79703140259,0.8741063085617498,4.720681984000001e-06,0.9431569,5.06,0.26,0.22,0.13,0.39,,,,,
3290,13475840,920,100541.1887375254,56686.65350675905,9.85,5191.32,-5.064655124442652e-05,219054.3616962433,0.8546450118301436,4.719076352000001e-06,0.95420355,5.06,0.26,0.22,0.13,0.39,,,,,
3291,13479936,921,101923.4932651326,57428.07469749565,9.96,5205.34,-6.89287953719031e-05,138485.49127197266,0.8077777951257303,4.717470720000001e-06,0.9347482,5.16,0.25,0.22,0.13,0.4,,,,,
3292,13484032,921,101923.4932651326,57428.07469749565,9.96,5205.34,-0.00011729821380868088,55886.536244392395,0.7472988874651492,4.715865088e-06,0.9789546,5.16,0.25,0.22,0.13,0.4,,,,,
3293,13488128,922,102846.95099350237,57914.97223841964,9.99,5236.1,-0.00017702327568258625,21748.107138633728,0.8951308325631544,4.714259455999999e-06,0.97115296,5.16,0.25,0.22,0.13,0.4,,,,,
3294,13492224,924,101524.5385558558,57211.95547645432,9.98,5186.12,-0.00015138622438826133,29631.171315193176,0.9214793837163597,4.712653824000001e-06,0.9518533,5.2,0.25,0.21,0.13,0.41,,,,,
3295,13496320,924,101524.5385558558,57211.95547645432,9.98,5186.12,-0.0003966854346799664,9639.088663816452,0.8434989342931658,4.711048192000001e-06,0.961081,5.2,0.25,0.21,0.13,0.41,,,,,
3296,13500416,925,100931.79744816334,56891.54540699929,9.96,5160.7,-0.00016886818957573269,13717.14695084095,0.8832368953153491,4.70944256e-06,0.92954695,5.2,0.25,0.21,0.13,0.41,,,,,
3297,13504512,925,100931.79744816334,56891.54540699929,9.96,5160.7,-0.00012752912607538747,12623.032184123993,0.8084854779299349,4.707836928e-06,0.9815577,5.2,0.25,0.21,0.13,0.41,,,,,
3298,13508608,925,100931.79744816334,56891.54540699929,9.96,5160.7,-0.00015886877190496307,32781.97732067108,0.7244960047537461,4.706231296000001e-06,0.979418,5.2,0.25,0.21,0.13,0.41,,,,,
3299,13512704,926,103143.1358113296,58118.19464834744,10.02,5262.09,-0.0001414204089087434,39892.45099759102,0.8563750013709068,4.704625664000001e-06,0.96356446,5.15,0.26,0.21,0.13,0.4,,,,,
3300,13516800,928,102895.38811857338,57970.69245383453,9.94,5260.82,-6.364295950334053e-05,89314.61249637604,0.8552999598905444,4.703020032e-06,0.76869416,5.08,0.26,0.21,0.13,0.4,103704.23742203185,58241.36446444979,9.966666666666667,5095.8,0.43333333333333335
3301,13520896,929,103419.3104621572,58265.15456326479,9.89,5297.98,-0.00030204004542611074,10236.961244344711,0.8856355379102752,4.7014144e-06,0.9432149,4.99,0.26,0.22,0.13,0.39,,,,,
3302,13524992,930,102483.18216322274,57737.1933229535,9.94,5239.74,-0.0003961717557103839,6056.704819083214,0.9053403140278533,4.699808768000001e-06,0.9606837,5.1,0.26,0.21,0.13,0.4,,,,,
3303,13529088,931,100878.03749186808,56868.676048049994,9.88,5191.18,-6.25952625341597e-05,56238.077944755554,0.8119681837270036,4.6982031360000005e-06,0.92434794,5.09,0.27,0.2,0.13,0.4,,,,,
3304,13533184,932,101322.95458951728,57148.37844565566,9.85,5216.84,-0.0005161922572369804,7334.96552503109,0.8601889228448272,4.696597504e-06,0.94961035,5.04,0.27,0.2,0.13,0.4,,,,,
3305,13537280,933,99659.87351651271,56245.48406693503,9.79,5161.56,-0.00030218010215321556,12292.27154827118,0.814925363752991,4.694991872e-06,0.9626148,5.03,0.28,0.19,0.13,0.4,,,,,
3306,13541376,933,99659.87351651271,56245.48406693503,9.79,5161.56,-0.0002756867997959489,18382.991462230682,0.7804314972599968,4.693386240000001e-06,0.9732319,5.03,0.28,0.19,0.13,0.4,,,,,
3307,13545472,934,100417.5993876169,56664.40223660959,9.81,5195.02,-7.97716083980049e-05,41875.034463882446,0.7416351814754307,4.6917806080000005e-06,0.9638148,5.01,0.28,0.2,0.12,0.4,,,,,
3308,13549568,934,100417.5993876169,56664.40223660959,9.81,5195.02,-0.0005532903742277995,12674.901715755463,0.8471650625579059,4.690174976e-06,0.976885,5.01,0.28,0.2,0.12,0.4,,,,,
3309,13553664,935,101194.39385833031,57107.60677874484,9.85,5220.72,-0.00012200338005641242,25730.258327007294,0.9275386347435415,4.688569344e-06,0.97588575,5.02,0.27,0.21,0.12,0.4,,,,,
3310,13557760,935,101194.39385833031,57107.60677874484,9.85,5220.72,-0.00010084850873681717,20906.345862865448,0.8768428781768307,4.686963712e-06,0.979959,5.02,0.27,0.21,0.12,0.4,,,,,
3311,13561856,936,102721.43681019284,57940.00322149899,9.9,5288.86,-0.000107076741187484,19648.174055337906,0.8350051579764113,4.6853580800000005e-06,0.96959805,5.0,0.27,0.21,0.13,0.39,,,,,
3312,13565952,938,100076.93665119514,56473.496071036934,9.79,5178.98,-0.00015340745812864043,13980.30919790268,0.8175631262129173,4.683752448e-06,0.9500889,5.0,0.27,0.21,0.13,0.39,,,,,
3313,13570048,938,100076.93665119514,56473.496071036934,9.79,5178.98,-0.0003238057397538796,7320.100288271904,0.8252279838779941,4.682146816e-06,0.96797156,5.0,0.27,0.21,0.13,0.39,,,,,
3314,13574144,940,96947.16618828614,54800.79075984484,9.71,5078.2,-0.0002744703033386031,27403.616455078125,0.8453086409717798,4.680541184e-06,0.9623034,5.01,0.27,0.21,0.13,0.39,,,,,
3315,13578240,940,96947.16618828614,54800.79075984484,9.71,5078.2,-6.457564813899808e-05,101995.55595397949,0.828500785632059,4.6789355520000004e-06,0.97343564,5.01,0.27,0.21,0.13,0.39,,,,,
3316,13582336,941,98671.26160014927,55710.90099774117,9.78,5109.79,-9.974489330488723e-05,196534.89390707016,0.851971028954722,4.67732992e-06,0.9602694,5.05,0.27,0.2,0.13,0.4,,,,,
3317,13586432,942,97661.13303593242,55185.4926244661,9.75,5065.3,-8.036383042053785e-05,45630.39769554138,0.9845009504351765,4.675724288e-06,0.8755205,5.06,0.26,0.21,0.13,0.4,,,,,
3318,13590528,942,97661.13303593242,55185.4926244661,9.75,5065.3,-0.00026378181519248756,12220.738274812698,0.8460724852047861,4.674118656e-06,0.9803004,5.06,0.26,0.21,0.13,0.4,,,,,
3319,13594624,942,97661.13303593242,55185.4926244661,9.75,5065.3,-7.10238427927834e-05,107109.74470949173,0.7789109927834943,4.672513024e-06,0.97378033,5.06,0.26,0.21,0.13,0.4,,,,,
3320,13598720,943,98754.99968069918,55765.999251730296,9.8,5071.57,-3.773739717871649e-05,207810.19408988953,0.8469669830519706,4.670907392e-06,0.9207235,5.11,0.25,0.21,0.13,0.41,,,,,
3321,13602816,944,99797.94515203846,56341.76684886586,9.86,5102.28,-0.00012786912066076184,80433.53378772736,0.8244317254284397,4.66930176e-06,0.94547,5.14,0.25,0.21,0.13,0.41,,,,,
3322,13606912,944,99797.94515203846,56341.76684886586,9.86,5102.28,-0.00036805613126489334,16429.04946732521,0.8367873918032274,4.667696128e-06,0.9857744,5.14,0.25,0.21,0.13,0.41,,,,,
3323,13611008,946,97498.20380099509,55069.66135123662,9.76,5016.52,-7.14217703716713e-05,54771.08544921875,0.9164995450992137,4.666090496e-06,0.9536693,5.12,0.24,0.22,0.14,0.4,,,,,
3324,13615104,946,97498.20380099509,55069.66135123662,9.76,5016.52,-4.453980909602251e-05,50489.575892448425,0.8763119478244334,4.664484864e-06,0.9623475,5.12,0.24,0.22,0.14,0.4,,,,,
3325,13619200,948,98602.1037706685,55663.32156241495,9.85,5046.48,-6.477047190855956e-05,51965.31004905701,0.817352069192566,4.662879232e-06,0.9266276,5.19,0.24,0.21,0.14,0.41,119724.32171224919,66937.5077024637,10.566666666666666,5686.933333333333,0.5666666666666667
3326,13623296,948,98602.1037706685,55663.32156241495,9.85,5046.48,-0.001496011356721283,5460.695514798164,0.9401010930305347,4.6612736e-06,0.9726656,5.19,0.24,0.21,0.14,0.41,,,,,
3327,13627392,948,98602.1037706685,55663.32156241495,9.85,5046.48,-0.00010302634473191574,31046.776812553406,0.8269660830264911,4.659667968000001e-06,0.9754315,5.19,0.24,0.21,0.14,0.41,,,,,
3328,13631488,949,100426.66327282148,56678.99042606692,9.92,5140.55,-0.00023858322492742445,7452.44623708725,0.795352298184298,4.658062336000001e-06,0.94175047,5.16,0.25,0.21,0.13,0.41,,,,,
3329,13635584,951,99276.54809604387,56067.68311120174,9.86,5101.44,-0.0002664866415216238,16123.511981964111,0.838269893778488,4.656456704e-06,0.94550925,5.14,0.25,0.22,0.12,0.41,,,,,
3330,13639680,951,99276.54809604387,56067.68311120174,9.86,5101.44,-0.0006453404521380435,5698.329912662506,0.8498894076328725,4.654851072e-06,0.9779819,5.14,0.25,0.22,0.12,0.41,,,,,
3331,13643776,952,97026.51982946802,54879.10323116605,9.8,5020.87,-0.00017679442134976853,21419.451228141785,0.8278940512100235,4.6532454399999994e-06,0.95786715,5.16,0.24,0.23,0.12,0.41,,,,,
3332,13647872,953,97383.81432080368,55095.700871390814,9.79,5053.36,-0.0003163394139846787,6734.701009511948,0.8719067347701639,4.651639808000001e-06,0.9624982,5.11,0.25,0.23,0.12,0.4,,,,,
3333,13651968,954,95637.26465188606,54137.240889880784,9.71,4998.33,-0.00035840366581396665,9418.115314006805,0.8882447127252817,4.650034176000001e-06,0.95934737,5.08,0.26,0.23,0.11,0.4,,,,,
3334,13656064,954,95637.26465188606,54137.240889880784,9.71,4998.33,-9.576989941706415e-05,26886.320765018463,0.7491267340956256,4.6484285440000005e-06,0.9862967,5.08,0.26,0.23,0.11,0.4,,,,,
3335,13660160,955,97285.81513497356,55037.39281084285,9.77,5056.82,-0.0001426210528734373,61483.41823005676,0.8173488358734176,4.646822912e-06,0.9772976,5.08,0.26,0.23,0.11,0.4,,,,,
3336,13664256,956,97230.56901334526,54982.288271181715,9.83,5027.18,-0.0005465618860398536,28660.42160177231,0.8605281719937921,4.645217280000001e-06,0.97777486,5.18,0.25,0.23,0.11,0.41,,,,,
3337,13668352,956,97230.56901334526,54982.288271181715,9.83,5027.18,-0.00017631970331422053,13956.41564154625,0.7908400796586648,4.643611648000001e-06,0.9812553,5.18,0.25,0.23,0.11,0.41,,,,,
3338,13672448,957,98038.5635795908,55449.13444613733,9.85,5070.1,-6.398833284038119e-05,45567.002950668335,0.8047235360136256,4.642006016e-06,0.9765428,5.15,0.26,0.23,0.1,0.41,,,,,
3339,13676544,958,99124.65540303268,56028.03967697645,9.9,5100.26,-5.0080274377251044e-05,104946.32645225525,0.7653255602344871,4.640400384e-06,0.97356105,5.17,0.26,0.23,0.1,0.41,,,,,
3340,13680640,960,97897.41701509187,55410.77484648838,9.72,5078.48,-0.0003166823980791378,7641.690758466721,0.8922177943168208,4.638794752000001e-06,0.8579276,5.0,0.26,0.24,0.1,0.4,,,,,
3341,13684736,961,97722.46633526823,55300.91904826486,9.67,5081.69,-0.00028217102408234496,6253.853563427925,0.8487280594417825,4.637189120000001e-06,0.9109484,4.94,0.27,0.24,0.1,0.39,,,,,
3342,13688832,961,97722.46633526823,55300.91904826486,9.67,5081.69,-0.0002148813091480406,10898.9969997406,0.7986941371345893,4.635583488e-06,0.9769365,4.94,0.27,0.24,0.1,0.39,,,,,
3343,13692928,962,97999.81375061882,55468.835460534225,9.65,5119.26,-5.2779896577703767e-05,32831.368381500244,0.8503697764826939,4.633977856e-06,0.9733199,4.87,0.28,0.24,0.1,0.38,,,,,
3344,13697024,963,96444.9508987553,54606.70846711203,9.58,5049.41,-0.0007293642611330142,4056.483317553997,0.886589094880037,4.632372224000001e-06,0.95516664,4.87,0.28,0.24,0.1,0.38,,,,,
3345,13701120,963,96444.9508987553,54606.70846711203,9.58,5049.41,-0.00019452742617431795,19239.801253318787,0.828712529502809,4.6307665920000006e-06,0.9679189,4.87,0.28,0.24,0.1,0.38,,,,,
3346,13705216,964,98209.17403848993,55587.681636241374,9.64,5136.0,-9.714748557598796e-05,19408.20303106308,0.7413569046184421,4.62916096e-06,0.985841,4.83,0.29,0.24,0.09,0.38,,,,,
3347,13709312,964,98209.17403848993,55587.681636241374,9.64,5136.0,-0.00022359707145369612,5980.743210554123,0.8260679120430723,4.627555328e-06,0.97936946,4.83,0.29,0.24,0.09,0.38,,,,,
3348,13713408,965,99220.82994826783,56181.14978671966,9.63,5193.3,-8.285900185001083e-05,41192.82639312744,0.8226954308338463,4.625949696e-06,0.9623298,4.75,0.29,0.25,0.09,0.37,,,,,
3349,13717504,965,99220.82994826783,56181.14978671966,9.63,5193.3,-0.00010463079343026038,62564.72223854065,0.7590363695053384,4.6243440640000005e-06,0.9762785,4.75,0.29,0.25,0.09,0.37,,,,,
3350,13721600,969,96399.39711543897,54667.156832536886,9.52,5055.88,-0.00018598302358441288,56686.76582574844,0.8688851173501462,4.622738432e-06,0.97218806,4.78,0.29,0.24,0.09,0.38,84767.9666187761,48168.28304776016,9.3,4328.266666666666,0.4
3351,13725696,970,96984.31824049704,54998.263853775534,9.52,5079.67,-0.00012865016833529808,69376.76028108597,0.8799729507882148,4.6211328e-06,0.96178824,4.76,0.29,0.24,0.09,0.38,,,,,
3352,13729792,971,95996.31004736367,54441.940423157874,9.47,5027.7,-0.0005923430871916935,5038.437969923019,0.8411523225950077,4.619527168e-06,0.95634973,4.77,0.28,0.25,0.09,0.38,,,,,
3353,13733888,971,95996.31004736367,54441.940423157874,9.47,5027.7,-0.00026364211953477934,24619.053106307983,0.8513706027297303,4.6179215360000005e-06,0.97250277,4.77,0.28,0.25,0.09,0.38,,,,,
3354,13737984,972,97022.061025209,55008.70898471288,9.47,5092.65,-0.0003513284354994539,19945.239844322205,0.8820227318210527,4.616315904e-06,0.94175625,4.7,0.29,0.25,0.09,0.37,,,,,
3355,13742080,973,97412.35271285674,55244.48496680411,9.49,5118.37,-0.00024611752905912,14997.202255487442,0.8833856306737289,4.614710272e-06,0.94477797,4.7,0.29,0.25,0.09,0.37,,,,,
3356,13746176,973,97412.35271285674,55244.48496680411,9.49,5118.37,-8.898454143491108e-05,23860.8981757164,0.8104746020399034,4.61310464e-06,0.97955763,4.7,0.29,0.25,0.09,0.37,,,,,
3357,13750272,974,97915.1017318606,55500.34572639159,9.53,5117.23,-4.0451050153933465e-05,125753.38819122314,0.8211541024502367,4.6114990080000004e-06,0.8184517,4.75,0.28,0.25,0.09,0.38,,,,,
3358,13754368,975,98423.19936500816,55809.14661730468,9.49,5149.64,-0.00017145950096164597,48646.02340602875,0.7799051676411182,4.609893376e-06,0.96561426,4.67,0.28,0.25,0.1,0.37,,,,,
3359,13758464,977,98375.76350643525,55782.635468305874,9.54,5142.94,-7.808277496224036e-05,33635.04138278961,0.9389926777221262,4.608287744e-06,0.8513552,4.73,0.28,0.25,0.09,0.38,,,,,
3360,13762560,978,96321.25892190542,54645.10418295042,9.54,5042.32,-0.00010738113269326277,59869.503539562225,0.8238477535778657,4.606682112e-06,0.93562,4.84,0.27,0.25,0.09,0.39,,,,,
3361,13766656,979,96473.38551247538,54737.93054342748,9.54,5058.07,-0.0006106576502133976,9020.236488819122,0.8734976567793638,4.60507648e-06,0.9001503,4.82,0.28,0.24,0.09,0.39,,,,,
3362,13770752,979,96473.38551247538,54737.93054342748,9.54,5058.07,-0.00022403354159905575,15121.453521728516,0.7915364038199186,4.603470848e-06,0.97323895,4.82,0.28,0.24,0.09,0.39,,,,,
3363,13774848,979,96473.38551247538,54737.93054342748,9.54,5058.07,-0.00011697769878082909,56841.11282157898,0.7866081889951602,4.601865216e-06,0.97470593,4.82,0.28,0.24,0.09,0.39,,,,,
3364,13778944,980,99305.00869504461,56255.38431964714,9.59,5178.03,-8.486417118547251e-05,149510.7533454895,0.8112612271215767,4.600259584e-06,0.9669206,4.75,0.29,0.24,0.09,0.38,,,,,
3365,13783040,981,99367.81022712078,56256.64924643417,9.67,5148.64,-8.009495650185272e-05,142850.73995494843,0.8130726631497964,4.5986539519999995e-06,0.9519577,4.87,0.28,0.24,0.09,0.39,,,,,
3366,13787136,984,95389.70221189661,54060.26528251331,9.59,4931.93,-8.704614810994826e-05,33309.809953689575,0.9299763710005209,4.59704832e-06,0.9496046,5.02,0.26,0.24,0.09,0.41,,,,,
3367,13791232,985,95764.41601568794,54274.779726942994,9.57,4950.53,-0.0006098710819060216,12166.77374947071,0.9078675881028175,4.595442688e-06,0.9524076,4.98,0.26,0.24,0.09,0.41,,,,,
3368,13795328,985,95764.41601568794,54274.779726942994,9.57,4950.53,-0.00020705257520603482,12287.262734174728,0.8083862754283473,4.593837056e-06,0.97639006,4.98,0.26,0.24,0.09,0.41,,,,,
3369,13799424,986,96430.96092095214,54621.15017468739,9.59,4982.91,-9.193924779538065e-05,38640.45108985901,0.8204186452785507,4.5922314239999995e-06,0.96618664,4.97,0.27,0.23,0.09,0.41,,,,,
3370,13803520,987,97103.71537176918,54968.46335799523,9.65,4991.7,-6.45614009044948e-05,83661.63905334473,0.7975334965158254,4.590625792000001e-06,0.9609949,5.03,0.27,0.22,0.09,0.42,,,,,
3371,13807616,989,96327.2498882628,54557.870592991145,9.57,4961.86,-0.00013908729852118995,24882.14504289627,0.8681320827454329,4.589020160000001e-06,0.9077634,4.98,0.27,0.22,0.09,0.42,,,,,
3372,13811712,989,96327.2498882628,54557.870592991145,9.57,4961.86,-0.00031242108252627077,10143.042573451996,0.8338214455870911,4.5874145280000005e-06,0.97508216,4.98,0.27,0.22,0.09,0.42,,,,,
3373,13815808,990,96508.61729926916,54656.059779143216,9.54,4996.39,-9.012535338115413e-05,66531.07464790344,0.7910694403108209,4.5858088959999994e-06,0.7612835,4.91,0.28,0.22,0.09,0.41,,,,,
3374,13819904,990,96508.61729926916,54656.059779143216,9.54,4996.39,-0.00017156895228254143,25938.010189533234,0.807142109493725,4.584203264000001e-06,0.9602104,4.91,0.28,0.22,0.09,0.41,,,,,
3375,13824000,991,95907.4287473361,54336.24847101207,9.51,4988.71,-0.00012531632728496334,22199.970977306366,0.8561085265828297,4.582597632000001e-06,0.963334,4.88,0.28,0.23,0.08,0.41,92466.5552048569,52444.4890710089,9.7,4733.866666666667,0.36666666666666664
3376,13828096,992,96339.94269330033,54591.949196089416,9.53,5009.56,-9.278442939830711e-05,20745.76148366928,0.905636610230431,4.5809920000000005e-06,0.9706279,4.88,0.28,0.23,0.08,0.41,,,,,
3377,13832192,992,96339.94269330033,54591.949196089416,9.53,5009.56,-0.00011897546573891304,36115.283133268356,0.8266551374690607,4.579386368e-06,0.9748296,4.88,0.28,0.23,0.08,0.41,,,,,
3378,13836288,993,97237.87916166753,55066.83226808446,9.58,5030.4,-0.00023278273238247493,57467.31638431549,0.8756123434286565,4.577780736000001e-06,0.9457158,4.92,0.28,0.22,0.08,0.42,,,,,
3379,13840384,993,97237.87916166753,55066.83226808446,9.58,5030.4,-7.928665763756726e-05,41898.02037477493,0.762061255867593,4.576175104000001e-06,0.96576345,4.92,0.28,0.22,0.08,0.42,,,,,
3380,13844480,995,95990.88000802696,54343.8590282666,9.56,4937.7,-0.00029487820484064287,63718.22091674805,0.8253296810435131,4.5745694720000004e-06,0.9725929,5.0,0.27,0.21,0.09,0.43,,,,,
3381,13848576,996,96295.79326237348,54516.11388634285,9.47,4966.96,-0.0005424801784101874,12818.129803419113,0.8677530334098265,4.57296384e-06,0.831429,4.88,0.28,0.21,0.09,0.42,,,,,
3382,13852672,997,96393.93484914856,54567.08151855803,9.43,4985.21,-0.00013345883508009138,18589.299787044525,0.8425109150120988,4.571358208e-06,0.9504843,4.82,0.29,0.21,0.09,0.41,,,,,
3383,13856768,998,95091.15059461712,53854.507631913846,9.4,4924.15,-7.615744289068971e-05,19931.157912254333,0.8362726492341608,4.569752576000001e-06,0.9773343,4.85,0.28,0.21,0.1,0.41,,,,,
3384,13860864,999,93925.04313997705,53233.37911459963,9.33,4896.28,-0.00022181578242452815,11328.626663923264,0.8476141676073894,4.568146944e-06,0.9169657,4.8,0.29,0.21,0.1,0.4,,,,,
3385,13864960,999,93925.04313997705,53233.37911459963,9.33,4896.28,-0.00018457895566825755,22422.284327030182,0.8072293126024306,4.566541312e-06,0.97689694,4.8,0.29,0.21,0.1,0.4,,,,,
3386,13869056,1000,95133.78039821301,53913.64737148295,9.36,4952.5,-0.00026539542341197375,22037.437966823578,0.8240697460714728,4.56493568e-06,0.9714497,4.77,0.29,0.21,0.11,0.39,,,,,
3387,13873152,1001,95007.5811200488,53863.56417869609,9.36,4942.27,-0.00014520015156449517,23845.588666915894,0.814796527614817,4.563330048000001e-06,0.97691137,4.78,0.28,0.22,0.11,0.39,,,,,
3388,13877248,1002,94615.11291682463,53623.62558451803,9.3,4928.27,-0.0002915489176302799,12719.081532478333,0.9125777774024755,4.561724416e-06,0.9784278,4.73,0.28,0.23,0.11,0.38,,,,,
3389,13881344,1002,94615.11291682463,53623.62558451803,9.3,4928.27,-8.61158605403034e-05,42686.885726451874,0.7109737904975191,4.560118784e-06,0.9799845,4.73,0.28,0.23,0.11,0.38,,,,,
3390,13885440,1003,95919.87752655687,54301.69083063247,9.35,4954.39,-0.0001044321743393084,97877.1728515625,0.761717093992047,4.558513152e-06,0.9541663,4.77,0.27,0.23,0.12,0.38,,,,,
3391,13889536,1003,95919.87752655687,54301.69083063247,9.35,4954.39,-0.0004805412536370568,6082.104686975479,0.8187691348139197,4.5569075200000005e-06,0.9769596,4.77,0.27,0.23,0.12,0.38,,,,,
3392,13893632,1004,96709.35908904806,54724.870282798074,9.31,5005.15,-0.0004686080392275471,5980.760952234268,0.875831863260828,4.555301888e-06,0.91229427,4.67,0.28,0.23,0.12,0.37,,,,,
3393,13897728,1004,96709.35908904806,54724.870282798074,9.31,5005.15,-0.00013020906681049382,26153.405695438385,0.7624124110443518,4.553696256e-06,0.9702435,4.67,0.28,0.23,0.12,0.37,,,,,
3394,13901824,1005,97267.62696211315,55049.2301704849,9.29,5051.76,-0.00010409172773506725,27537.4753613472,0.914009394007735,4.552090624e-06,0.96997684,4.59,0.29,0.23,0.12,0.36,,,,,
3395,13905920,1005,97267.62696211315,55049.2301704849,9.29,5051.76,-9.796063932299148e-05,29869.62375164032,0.7700930894352496,4.5504849920000005e-06,0.98255444,4.59,0.29,0.23,0.12,0.36,,,,,
3396,13910016,1006,99497.28518200478,56268.89722708731,9.31,5145.63,-0.00010637840023264289,57841.58495807648,0.7810910348780453,4.54887936e-06,0.9587147,4.52,0.29,0.23,0.13,0.35,,,,,
3397,13914112,1007,98297.49793104205,55669.38331316058,9.22,5126.89,-6.703305734845344e-05,42877.991042137146,0.8650364552158862,4.547273728e-06,0.97211474,4.44,0.29,0.23,0.13,0.35,,,,,
3398,13918208,1009,97503.87506713769,55212.94757162361,9.25,5055.61,-6.214311315488885e-05,71210.1350774765,0.8554295038338751,4.545668096e-06,0.94628173,4.55,0.28,0.22,0.13,0.37,,,,,
3399,13922304,1009,97503.87506713769,55212.94757162361,9.25,5055.61,-0.0005132992982908036,9118.575248837471,0.8854552464326844,4.544062464e-06,0.97301745,4.55,0.28,0.22,0.13,0.37,,,,,
3400,13926400,1010,95744.35185904382,54269.731892978285,9.2,4989.69,-0.00011793605972343357,23953.97611474991,0.8903543229680508,4.542456832e-06,0.9385459,4.56,0.27,0.23,0.13,0.37,123885.14965056698,68739.29570016712,10.466666666666667,5637.766666666666,0.5666666666666667
3401,13930496,1010,95744.35185904382,54269.731892978285,9.2,4989.69,-0.0003162176490150159,19236.15613245964,0.881971767754294,4.5408512e-06,0.9756566,4.56,0.27,0.23,0.13,0.37,,,,,
3402,13934592,1012,95515.69789173704,54124.231511054386,9.23,4967.76,-9.207871426042402e-05,29396.60389995575,0.8537938663503155,4.539245568e-06,0.9664743,4.61,0.27,0.23,0.13,0.37,,,,,
3403,13938688,1013,95786.1333131475,54298.52752385115,9.25,4989.44,-0.00041043029705178924,11917.209400177002,0.8727192746009678,4.5376399359999996e-06,0.9355645,4.6,0.28,0.22,0.13,0.37,,,,,
3404,13942784,1014,94704.1390896868,53706.29149889105,9.19,4946.05,-0.0005887684546905803,3153.841576218605,0.8873026197543368,4.536034304e-06,0.96699166,4.58,0.28,0.23,0.12,0.37,,,,,
3405,13946880,1015,95212.66902327657,54026.382509119576,9.16,4990.68,-0.00028478616832217085,20469.557772636414,0.7735204079654068,4.534428672e-06,0.97112036,4.49,0.29,0.23,0.12,0.36,,,,,
3406,13950976,1015,95212.66902327657,54026.382509119576,9.16,4990.68,-0.00023659268481424078,23544.986841201782,0.7588948049815372,4.53282304e-06,0.9653893,4.49,0.29,0.23,0.12,0.36,,,,,
3407,13955072,1016,94784.69296609951,53783.99482642499,9.16,4955.03,-0.00012249364590388723,22289.067249298096,0.7671187908854336,4.5312174079999995e-06,0.97755396,4.53,0.28,0.23,0.13,0.36,,,,,
3408,13959168,1016,94784.69296609951,53783.99482642499,9.16,4955.03,-0.00040870369048207067,5332.09782910347,0.8535007440950722,4.529611776000001e-06,0.97906226,4.53,0.28,0.23,0.13,0.36,,,,,
3409,13963264,1016,94784.69296609951,53783.99482642499,9.16,4955.03,-0.00013283467887958977,29676.468502998352,0.7898699481738731,4.528006144000001e-06,0.97971034,4.53,0.28,0.23,0.13,0.36,,,,,
3410,13967360,1018,94659.82654640205,53715.694120943605,9.19,4957.29,-6.804393979109591e-05,60502.09016942978,0.8465335156070068,4.5264005120000006e-06,0.97314626,4.55,0.29,0.23,0.12,0.36,,,,,
3411,13971456,1018,94659.82654640205,53715.694120943605,9.19,4957.29,-0.00017035994824254885,41636.83754348755,0.7778297413606197,4.5247948799999995e-06,0.97865343,4.55,0.29,0.23,0.12,0.36,,,,,
3412,13975552,1019,96357.71511010974,54652.09009372705,9.29,5021.86,-0.0003251657199143665,32553.566045999527,0.8286705492064357,4.523189248000001e-06,0.9774862,4.59,0.29,0.22,0.12,0.37,,,,,
3413,13979648,1019,96357.71511010974,54652.09009372705,9.29,5021.86,-0.00014408183596970048,8516.31611251831,0.8740890275221318,4.521583616000001e-06,0.9856205,4.59,0.29,0.22,0.12,0.37,,,,,
3414,13983744,1020,98455.15888573008,55824.500254866936,9.3,5126.27,-9.849045818555169e-05,43434.466279029846,0.8428178270114586,4.5199779840000005e-06,0.97708744,4.49,0.3,0.22,0.12,0.36,,,,,
3415,13987840,1021,96694.66549010822,54856.51717839414,9.2,5078.12,-0.0002393214872427052,40935.828244924545,0.8771609789691865,4.518372352e-06,0.5782121,4.44,0.3,0.22,0.12,0.36,,,,,
3416,13991936,1021,96694.66549010822,54856.51717839414,9.2,5078.12,-0.00020466034766286612,16913.942737817764,0.844394875341095,4.51676672e-06,0.97196585,4.44,0.3,0.22,0.12,0.36,,,,,
3417,13996032,1022,96505.83129601604,54773.87833195087,9.18,5091.24,-6.525630942633143e-05,40861.96966338158,0.8129236933309585,4.515161088000001e-06,0.9559825,4.4,0.31,0.22,0.11,0.36,,,,,
3418,14000128,1023,95909.8971767768,54468.27089398585,9.18,5065.53,-0.0001956823498403537,13653.230311870575,0.8680913029238582,4.5135554560000005e-06,0.9811066,4.43,0.31,0.22,0.1,0.37,,,,,
3419,14004224,1024,96851.41488776292,55009.22253317705,9.19,5125.61,-0.00017243428919755388,22482.205409765244,0.8476934548234567,4.511949824e-06,0.97320944,4.37,0.32,0.22,0.1,0.36,,,,,
3420,14008320,1024,96851.41488776292,55009.22253317705,9.19,5125.61,-0.00012083024739695247,28256.904323101044,0.7850486708339304,4.510344192e-06,0.9805346,4.37,0.32,0.22,0.1,0.36,,,,,
3421,14012416,1026,94975.3419355559,53953.79658032557,9.15,5016.8,-0.00011274072676314972,32768.44073629379,0.8364990944974124,4.508738560000001e-06,0.97533333,4.45,0.31,0.21,0.11,0.37,,,,,
3422,14016512,1027,95554.83728856342,54268.21454102399,9.22,5008.93,-6.905014015501365e-05,75720.80466508865,0.787323942175135,4.5071329280000005e-06,0.9709733,4.53,0.3,0.21,0.11,0.38,,,,,
3423,14020608,1028,95587.67924069247,54288.80891635834,9.18,5022.25,-0.0002254918381368043,9306.988103628159,0.8451132494956255,4.505527296e-06,0.845545,4.47,0.31,0.21,0.11,0.37,,,,,
3424,14024704,1029,95830.61571316738,54424.77293432531,9.19,5037.27,-0.00016331816914316732,8868.88709974289,0.7773047157097608,4.503921664e-06,0.95952684,4.46,0.32,0.2,0.11,0.37,,,,,
3425,14028800,1031,95712.40032101334,54342.29923649628,9.22,5010.41,-7.776046913932078e-06,327929.00725746155,0.8451659368583933,4.502316032000001e-06,0.8212079,4.53,0.31,0.2,0.11,0.38,104357.4713238741,58334.06575512804,9.933333333333334,5057.0,0.5333333333333333
3426,14032896,1031,95712.40032101334,54342.29923649628,9.22,5010.41,-0.0004914860328426585,5228.0719220638275,0.8307561348192394,4.5007104e-06,0.96941406,4.53,0.31,0.2,0.11,0.38,,,,,
3427,14036992,1031,95712.40032101334,54342.29923649628,9.22,5010.41,-0.0001120919332606718,14559.735436916351,0.7678884227061644,4.499104768e-06,0.9783163,4.53,0.31,0.2,0.11,0.38,,,,,
3428,14041088,1032,97447.6244347842,55268.844065594494,9.25,5093.88,-0.00014512040615954902,39669.79664373398,0.8394547548377886,4.497499136e-06,0.9676734,4.47,0.32,0.2,0.11,0.37,,,,,
3429,14045184,1032,97447.6244347842,55268.844065594494,9.25,5093.88,-0.0003464256715233205,6283.905264616013,0.7869187642354518,4.495893504000001e-06,0.9723671,4.47,0.32,0.2,0.11,0.37,,,,,
3430,14049280,1032,97447.6244347842,55268.844065594494,9.25,5093.88,-8.040147440624423e-05,34246.363580703735,0.7435626598307863,4.494287872e-06,0.973301,4.47,0.32,0.2,0.11,0.37,,,,,
3431,14053376,1034,97157.39000597452,55080.98032776272,9.22,5083.94,-0.00014803164413024206,12144.14848291874,0.9257708884542808,4.49268224e-06,0.8583965,4.46,0.33,0.19,0.11,0.37,,,,,
3432,14057472,1035,96614.27815880394,54768.51402523135,9.21,5055.1,-0.00017046723132807529,17172.288505792618,0.8435826445929706,4.491076608e-06,0.96057355,4.49,0.33,0.18,0.12,0.37,,,,,
3433,14061568,1035,96614.27815880394,54768.51402523135,9.21,5055.1,-0.0003150748016196303,4831.752676725388,0.9063879897585139,4.4894709760000006e-06,0.9786404,4.49,0.33,0.18,0.12,0.37,,,,,
3434,14065664,1036,96317.70184655448,54628.80622596331,9.19,5059.57,-0.0002521723981772084,13582.304487228394,0.8788709093350917,4.487865344e-06,0.9756388,4.46,0.34,0.18,0.11,0.37,,,,,
3435,14069760,1038,96207.31437283181,54574.122408031246,9.22,5039.58,-0.00017256887895200634,21510.544040441513,0.8465340317925438,4.486259712e-06,0.9486679,4.51,0.33,0.17,0.13,0.37,,,,,
3436,14073856,1038,96207.31437283181,54574.122408031246,9.22,5039.58,-5.463403795147315e-05,218552.29298210144,0.7764185614651069,4.48465408e-06,0.9497778,4.51,0.33,0.17,0.13,0.37,,,,,
3437,14077952,1039,97073.47838941056,55014.701620235835,9.31,5039.4,-0.000308067925288924,5495.749787211418,0.847945494344458,4.483048448e-06,0.98137015,4.61,0.32,0.17,0.13,0.38,,,,,
3438,14082048,1040,97912.33616690386,55502.42003488651,9.28,5091.06,-0.00019818494729406666,14910.830139160156,0.8734685837989673,4.481442816e-06,0.96694356,4.53,0.32,0.18,0.13,0.37,,,,,
3439,14086144,1040,97912.33616690386,55502.42003488651,9.28,5091.06,-5.3317549827625044e-05,68462.03766441345,0.7705646879039705,4.479837184e-06,0.9667767,4.53,0.32,0.18,0.13,0.37,,,,,
3440,14090240,1044,92268.67666484065,52412.65477545493,9.11,4895.69,-0.00018613392057886813,10740.222141742706,0.9080229469109327,4.478231552e-06,0.9335024,4.56,0.32,0.17,0.14,0.37,,,,,
3441,14094336,1044,92268.67666484065,52412.65477545493,9.11,4895.69,-0.0006834809587417112,13982.101814985275,0.8914486600551754,4.47662592e-06,0.97796357,4.56,0.32,0.17,0.14,0.37,,,,,
3442,14098432,1045,91947.22780658024,52255.31150845307,9.1,4885.9,-9.032160050992388e-06,201099.69505882263,0.8121381087694317,4.475020288e-06,0.80989075,4.56,0.32,0.17,0.14,0.37,,,,,
3443,14102528,1045,91947.22780658024,52255.31150845307,9.1,4885.9,-9.027085798152257e-05,59089.80270862579,0.7873563535977155,4.473414656e-06,0.9729545,4.56,0.32,0.17,0.14,0.37,,,,,
3444,14106624,1046,93556.22967585422,53131.52844757228,9.19,4938.99,-0.0001411952998751076,60396.7935795784,0.8730405315291137,4.471809024e-06,0.96649843,4.6,0.32,0.17,0.13,0.38,,,,,
3445,14110720,1046,93556.22967585422,53131.52844757228,9.19,4938.99,-9.195740767609095e-05,51502.89337730408,0.8025009882403538,4.470203392e-06,0.97509253,4.6,0.32,0.17,0.13,0.38,,,,,
3446,14114816,1046,93556.22967585422,53131.52844757228,9.19,4938.99,-7.340915271925041e-05,266919.69909477234,0.8286534085636958,4.468597760000001e-06,0.96283364,4.6,0.32,0.17,0.13,0.38,,,,,
3447,14118912,1047,95419.39555012909,54118.81879401793,9.24,4991.91,-4.395983251015423e-05,77163.46140766144,0.7881171558983624,4.466992128000001e-06,0.9758565,4.6,0.32,0.17,0.13,0.38,,,,,
3448,14123008,1048,96918.54306923892,54899.09039472986,9.27,5036.5,-0.00014391721470019547,166324.76346349716,0.7862469395622611,4.465386496e-06,0.93891364,4.59,0.32,0.17,0.13,0.38,,,,,
3449,14127104,1048,96918.54306923892,54899.09039472986,9.27,5036.5,-0.0005587211689999094,6848.550981640816,0.843465659650974,4.4637808639999996e-06,0.9787297,4.59,0.32,0.17,0.13,0.38,,,,,
3450,14131200,1049,96592.28845272082,54724.10378096736,9.26,5024.87,-0.00012141970728407614,23132.56677865982,0.7829617909155786,4.462175232000001e-06,0.97240674,4.59,0.32,0.17,0.13,0.38,106469.82125949551,59948.70995267787,10.066666666666666,5136.966666666666,0.5666666666666667
3451,14135296,1049,96592.28845272082,54724.10378096736,9.26,5024.87,-0.00028790891337848734,10059.983318328857,0.830422229715623,4.460569600000001e-06,0.96307623,4.59,0.32,0.17,0.13,0.38,,,,,
3452,14139392,1050,97240.84936190252,55089.47853170934,9.28,5059.38,-0.00011421865292504663,31647.77444791794,0.8027573659783229,4.458963968000001e-06,0.97141546,4.57,0.33,0.16,0.13,0.38,,,,,
3453,14143488,1051,97298.64776757258,55116.476622966016,9.3,5054.57,-0.00017376556934323162,14888.091065883636,0.8941452881554142,4.457358336e-06,0.94568783,4.59,0.32,0.17,0.13,0.38,,,,,
3454,14147584,1052,97464.76645224096,55181.32747826039,9.31,5052.99,-0.00025759031814232003,25161.282977104187,0.8640149522107095,4.455752704e-06,0.9779111,4.6,0.32,0.16,0.14,0.38,,,,,
3455,14151680,1053,97425.25922262302,55151.043771996854,9.39,5030.97,-6.338974071695702e-05,72059.23702049255,0.8906490304507315,4.454147072000001e-06,0.94239956,4.71,0.31,0.16,0.14,0.39,,,,,
3456,14155776,1054,97844.79644159426,55407.3727206919,9.44,5035.38,-0.00023996397794689983,20427.323384046555,0.8327995287254453,4.4525414400000005e-06,0.96965694,4.76,0.3,0.16,0.14,0.4,,,,,
3457,14159872,1054,97844.79644159426,55407.3727206919,9.44,5035.38,-8.625774717074819e-05,25013.57269001007,0.8632007281994447,4.450935808e-06,0.96785617,4.76,0.3,0.16,0.14,0.4,,,,,
3458,14163968,1056,96387.6179702457,54615.48408086476,9.35,5005.0,-0.0007497865317418473,5466.538487434387,0.8134382547577843,4.449330176e-06,0.9834195,4.69,0.31,0.16,0.13,0.4,,,,,
3459,14168064,1058,93619.46788363911,53093.22320815691,9.26,4908.16,-4.437572624738095e-05,64524.48961877823,0.867759472806938,4.447724544000001e-06,0.81640136,4.7,0.31,0.16,0.13,0.4,,,,,
3460,14172160,1059,93679.66136383818,53125.183131167905,9.3,4904.47,-0.00021065341752546374,9029.5462641716,0.8766167265130207,4.4461189120000005e-06,0.90575176,4.75,0.31,0.15,0.13,0.41,,,,,
3461,14176256,1059,93679.66136383818,53125.183131167905,9.3,4904.47,-5.6593906265334226e-05,30567.58531522751,0.7797351523768157,4.44451328e-06,0.96669376,4.75,0.31,0.15,0.13,0.41,,,,,
3462,14180352,1061,95212.32591811566,53981.10819068951,9.37,4982.04,-0.0001333912296104245,28520.368422985077,0.8841343717649579,4.442907648e-06,0.9461848,4.74,0.31,0.15,0.14,0.4,,,,,
3463,14184448,1061,95212.32591811566,53981.10819068951,9.37,4982.04,-0.0001158032628154615,12653.069517850876,0.8348259228514507,4.441302016000001e-06,0.9738504,4.74,0.31,0.15,0.14,0.4,,,,,
3464,14188544,1064,92428.1404656314,52406.58694591516,9.36,4832.76,-0.00010189350177824963,92163.06605291367,0.9022812717594206,4.4396963840000005e-06,0.94201434,4.9,0.28,0.16,0.15,0.41,,,,,
3465,14192640,1064,92428.1404656314,52406.58694591516,9.36,4832.76,-0.00012200728451716714,491815.8901453018,0.8402955988422036,4.438090752e-06,0.94624096,4.9,0.28,0.16,0.15,0.41,,,,,
3466,14196736,1066,91131.61754634352,51625.032407781444,9.4,4750.66,-0.0003709992379299365,9469.199142694473,0.9335372112691402,4.43648512e-06,0.8907106,5.04,0.28,0.15,0.15,0.42,,,,,
3467,14200832,1067,91442.93647199636,51793.20763911214,9.42,4777.95,-5.5895905461511575e-05,37342.19164657593,0.8647310524247587,4.434879488000001e-06,0.97633445,5.03,0.29,0.14,0.15,0.42,,,,,
3468,14204928,1068,92577.85555386385,52434.81996556305,9.4,4824.83,-9.355278734801686e-05,16878.054400920868,0.7745405450696126,4.4332738560000004e-06,0.9793276,4.96,0.29,0.14,0.15,0.42,,,,,
3469,14209024,1069,93644.4907605082,53025.993230563356,9.45,4868.83,-0.00030539439285348635,25966.79688024521,0.8206514088669792,4.431668224e-06,0.951359,4.97,0.29,0.14,0.15,0.42,,,,,
3470,14213120,1070,93213.42330540177,52793.53458666575,9.38,4871.0,-0.00019351991795701906,21977.41897702217,0.8052266739541665,4.430062592e-06,0.9654963,4.89,0.29,0.15,0.15,0.41,,,,,
3471,14217216,1070,93213.42330540177,52793.53458666575,9.38,4871.0,-0.00012885062278655823,177709.24885749817,0.8213971264194697,4.42845696e-06,0.9629405,4.89,0.29,0.15,0.15,0.41,,,,,
3472,14221312,1071,95729.29389753699,54120.151538947466,9.51,4936.58,-3.57236326635757e-05,555336.7173194885,0.7934535634703934,4.426851328e-06,0.86952513,4.97,0.29,0.14,0.15,0.42,,,,,
3473,14225408,1071,95729.29389753699,54120.151538947466,9.51,4936.58,-5.7487688536639325e-05,74708.04001903534,0.817265487741679,4.425245696e-06,0.9713059,4.97,0.29,0.14,0.15,0.42,,,,,
3474,14229504,1071,95729.29389753699,54120.151538947466,9.51,4936.58,-0.0001588186132721603,165709.50481796265,0.77011012902949,4.423640064e-06,0.9688722,4.97,0.29,0.14,0.15,0.42,,,,,
3475,14233600,1072,97036.56373903537,54802.77653418777,9.57,4942.78,-0.00019966810395999346,44742.454778671265,0.8163947713328525,4.422034432e-06,0.94193035,5.03,0.28,0.14,0.15,0.43,115519.63924090304,64820.65012379141,10.5,5519.766666666666,0.4666666666666667
3476,14237696,1073,97659.3618069084,55118.799021836174,9.6,4956.49,-0.00028780442880815826,31957.21529817581,0.7621402000077069,4.4204288e-06,0.9670418,5.05,0.27,0.15,0.15,0.43,,,,,
3477,14241792,1073,97659.3618069084,55118.799021836174,9.6,4956.49,-0.0003058452793993638,5744.201389074326,0.7937974180094898,4.418823168e-06,0.9612905,5.05,0.27,0.15,0.15,0.43,,,,,
3478,14245888,1074,97112.6958077273,54828.62173733595,9.56,4952.1,-0.00011212581193831284,28765.502456188202,0.8623527144081891,4.417217536e-06,0.96722126,5.0,0.28,0.15,0.15,0.42,,,,,
3479,14249984,1075,96917.90954314651,54705.49474862584,9.57,4937.62,-0.00013154890257283114,18799.217881202698,0.8177303313277662,4.415611904e-06,0.97186536,5.03,0.28,0.15,0.14,0.43,,,,,
3480,14254080,1075,96917.90954314651,54705.49474862584,9.57,4937.62,-0.00045259789203555556,6162.702118396759,0.8314456236548722,4.414006272e-06,0.9864181,5.03,0.28,0.15,0.14,0.43,,,,,
3481,14258176,1076,98323.30679867731,55516.55018077974,9.57,5017.72,-0.0001673589813435683,39190.07020711899,0.8223099558381364,4.41240064e-06,0.89846677,4.94,0.29,0.15,0.14,0.42,,,,,
3482,14262272,1077,98627.91203577213,55687.44952865646,9.58,5038.97,-0.00015969626838341355,18894.354150772095,0.820073987590149,4.410795008e-06,0.964002,4.92,0.3,0.14,0.14,0.42,,,,,
3483,14266368,1078,98995.65336637275,55879.0173282769,9.53,5062.33,-0.0001306563844991615,17498.814320087433,0.8001027465797961,4.409189376e-06,0.9701301,4.84,0.3,0.14,0.15,0.41,,,,,
3484,14270464,1079,99306.72718797845,56033.76178041297,9.58,5057.0,-0.00014293893946160097,15975.304239749908,0.8369348519481719,4.407583744000001e-06,0.97823566,4.9,0.29,0.14,0.15,0.42,,,,,
3485,14274560,1079,99306.72718797845,56033.76178041297,9.58,5057.0,-0.000155404713950702,13481.44430732727,0.898486427613534,4.405978112e-06,0.9772429,4.9,0.29,0.14,0.15,0.42,,,,,
3486,14278656,1079,99306.72718797845,56033.76178041297,9.58,5057.0,-6.158210180728929e-05,22149.910944461823,0.734992744284682,4.40437248e-06,0.9833103,4.9,0.29,0.14,0.15,0.42,,,,,
3487,14282752,1080,97738.90540085608,55200.842468555784,9.54,5002.89,-0.00028615111477847677,8059.612779378891,0.9124157154001296,4.402766848e-06,0.9161862,4.91,0.28,0.15,0.15,0.42,,,,,
3488,14286848,1082,97323.55856648527,54984.427046789555,9.45,5015.26,-0.00017837392624642234,9545.867846369743,0.8879003084730357,4.401161215999999e-06,0.9549954,4.8,0.29,0.15,0.15,0.41,,,,,
3489,14290944,1083,97341.8983726391,54985.36700026748,9.38,5032.16,-0.000291208918497432,7005.742552995682,0.8941730407532305,4.399555584000001e-06,0.86835384,4.71,0.3,0.15,0.15,0.4,,,,,
3490,14295040,1083,97341.8983726391,54985.36700026748,9.38,5032.16,-0.00016635892916383455,19443.128707170486,0.7841214053332806,4.397949952000001e-06,0.954422,4.71,0.3,0.15,0.15,0.4,,,,,
3491,14299136,1084,98286.79503210881,55515.66521684555,9.43,5088.51,-0.000548828897990461,7614.6297644376755,0.9210156833287328,4.39634432e-06,0.9483761,4.7,0.3,0.15,0.15,0.4,,,,,
3492,14303232,1084,98286.79503210881,55515.66521684555,9.43,5088.51,-0.00011074585472670151,34707.359344005585,0.7326803498435766,4.394738687999999e-06,0.9665103,4.7,0.3,0.15,0.15,0.4,,,,,
3493,14307328,1085,99387.36350590576,56121.97975298566,9.45,5149.2,-9.052292443811893e-05,28818.23025083542,0.8472056698519737,4.393133056000001e-06,0.96310973,4.66,0.3,0.16,0.15,0.39,,,,,
3494,14311424,1087,97448.39844563525,55062.66633402558,9.41,5053.71,-0.0001284767349716276,17106.886368989944,0.8402120462851599,4.391527424000001e-06,0.9643733,4.71,0.29,0.16,0.15,0.4,,,,,
3495,14315520,1088,97560.84767799039,55124.849713351156,9.38,5072.06,-0.0002587571125332033,7499.193314313889,0.8606380432611331,4.389921792e-06,0.9336713,4.66,0.3,0.16,0.15,0.39,,,,,
3496,14319616,1089,98125.82426999611,55438.79691299244,9.37,5111.76,-9.666906771599315e-05,61881.52354717255,0.8014553035609424,4.38831616e-06,0.9758099,4.6,0.31,0.16,0.15,0.38,,,,,
3497,14323712,1090,97752.08497824226,55230.63972511774,9.41,5066.23,-0.00038090500493126456,6853.427293777466,0.9354611248709261,4.386710528000001e-06,0.9640171,4.69,0.3,0.16,0.15,0.39,,,,,
3498,14327808,1091,97640.51909565566,55173.99600598981,9.41,5057.72,-0.00011301874565106118,22615.59228181839,0.7905491159763187,4.3851048960000006e-06,0.97585523,4.7,0.3,0.16,0.15,0.39,,,,,
3499,14331904,1094,93062.483520679,52646.766988014715,9.22,4880.35,-0.00014188852946972474,20110.112885951996,0.9949679417768493,4.383499264e-06,0.72083294,4.69,0.31,0.15,0.14,0.4,,,,,
3500,14336000,1095,94037.49534957323,53206.02606315073,9.25,4931.72,-0.00017414952344552148,18042.198215961456,0.7775830306345597,4.381893632e-06,0.97610146,4.67,0.31,0.15,0.15,0.39,126312.48762332887,70375.08839948826,10.8,5854.233333333334,0.5333333333333333
3501,14340096,1095,94037.49534957323,53206.02606315073,9.25,4931.72,-9.78797488642158e-05,30840.53782892227,0.8550728377886117,4.380288000000001e-06,0.95339924,4.67,0.31,0.15,0.15,0.39,,,,,
3502,14344192,1096,94637.81404439027,53549.48933323851,9.3,4949.06,-9.492141907685436e-05,35849.582483291626,0.8428300449158996,4.3786823680000005e-06,0.9683537,4.7,0.3,0.15,0.16,0.39,,,,,
3503,14348288,1097,96005.30606304092,54298.732751589305,9.39,4981.81,-2.6157616957789287e-05,115873.46090698242,0.7981402594596148,4.377076736e-06,0.9371524,4.76,0.29,0.15,0.16,0.4,,,,,
3504,14352384,1098,95282.70647549749,53889.09352425676,9.45,4939.3,-8.260997492470779e-05,136038.0366077423,0.8296501482836902,4.375471104e-06,0.9341204,4.87,0.29,0.15,0.15,0.41,,,,,
3505,14356480,1099,95503.24141005795,54001.695507370474,9.47,4940.41,-0.0007150394421842066,7256.126233458519,0.8934965034713969,4.373865472e-06,0.9756518,4.89,0.28,0.16,0.15,0.41,,,,,
3506,14360576,1099,95503.24141005795,54001.695507370474,9.47,4940.41,-4.1116926695394795e-05,31747.292758464813,0.8130014040507376,4.3722598400000005e-06,0.97971886,4.89,0.28,0.16,0.15,0.41,,,,,
3507,14364672,1100,96638.79541840416,54616.07706572042,9.5,4984.83,-6.878313251945656e-05,76419.8543176651,0.8188728934619576,4.370654208e-06,0.9669305,4.88,0.28,0.17,0.14,0.41,,,,,
3508,14368768,1102,95972.04857939025,54251.720097914906,9.49,4945.7,-0.00017705452955851797,17614.89141178131,0.8952215837780386,4.369048576e-06,0.9583471,4.91,0.28,0.15,0.16,0.41,,,,,
3509,14372864,1102,95972.04857939025,54251.720097914906,9.49,4945.7,-0.00037900344159425003,6540.881450414658,0.8633347807917744,4.367442944e-06,0.9797497,4.91,0.28,0.15,0.16,0.41,,,,,
3510,14376960,1103,94167.56405441437,53294.59401078798,9.42,4894.97,-0.0004160097732892609,10604.722189068794,0.8689670612802729,4.3658373120000004e-06,0.92586917,4.88,0.28,0.16,0.15,0.41,,,,,
3511,14381056,1104,94122.64237438553,53276.332979283754,9.42,4891.53,-0.00016770118872955209,20263.28292655945,0.8723796793492511,4.36423168e-06,0.966213,4.88,0.28,0.16,0.15,0.41,,,,,
3512,14385152,1104,94122.64237438553,53276.332979283754,9.42,4891.53,-8.34084530652035e-05,33560.78069067001,0.8179755636956543,4.362626048e-06,0.9800673,4.88,0.28,0.16,0.15,0.41,,,,,
3513,14389248,1105,94415.86178365735,53409.60703096539,9.45,4877.4,-5.3112590649107005e-05,67545.20587801933,0.8800774891860783,4.361020416e-06,0.83331513,4.94,0.27,0.16,0.15,0.42,,,,,
3514,14393344,1107,92104.77866738806,52126.81290127511,9.36,4797.56,-0.0002920629590335011,10664.197824716568,0.8522845807019621,4.359414784e-06,0.9636731,4.92,0.28,0.16,0.14,0.42,,,,,
3515,14397440,1107,92104.77866738806,52126.81290127511,9.36,4797.56,-0.00010289497186022345,21042.754699468613,0.7711990724783391,4.357809152e-06,0.97666603,4.92,0.28,0.16,0.14,0.42,,,,,
3516,14401536,1109,92383.35671702068,52293.66187677732,9.33,4829.07,-0.00013415545708994614,19730.858082294464,0.7995891337050125,4.35620352e-06,0.9634232,4.85,0.28,0.17,0.15,0.4,,,,,
3517,14405632,1109,92383.35671702068,52293.66187677732,9.33,4829.07,-0.0004426633531693369,2601.5421355962753,0.901885918690823,4.354597888e-06,0.9831315,4.85,0.28,0.17,0.15,0.4,,,,,
3518,14409728,1110,92556.23631089293,52380.713901702635,9.33,4845.7,-4.9822081564343534e-05,107308.21276950836,0.8438021836336702,4.352992256e-06,0.8494952,4.84,0.29,0.16,0.15,0.4,,,,,
3519,14413824,1110,92556.23631089293,52380.713901702635,9.33,4845.7,-0.00032734381420596037,10357.416196346283,0.840872366563417,4.351386624e-06,0.95898706,4.84,0.29,0.16,0.15,0.4,,,,,
3520,14417920,1110,92556.23631089293,52380.713901702635,9.33,4845.7,-6.676907105429564e-05,39608.2919960022,0.754333951510489,4.349780992e-06,0.9258783,4.84,0.29,0.16,0.15,0.4,,,,,
3521,14422016,1111,92472.7680655361,52329.637298581525,9.32,4854.17,-0.0006844467588962289,5093.337460160255,0.8458790238946676,4.34817536e-06,0.9467993,4.82,0.3,0.15,0.15,0.4,,,,,
3522,14426112,1111,92472.7680655361,52329.637298581525,9.32,4854.17,-7.912648106866982e-05,31608.771934986115,0.8621721268864349,4.346569728000001e-06,0.96745545,4.82,0.3,0.15,0.15,0.4,,,,,
3523,14430208,1113,93876.82028362968,53098.158299779876,9.32,4916.49,-0.0002051743595075095,21223.601314544678,0.863448534742929,4.344964096e-06,0.9703787,4.76,0.3,0.15,0.16,0.39,,,,,
3524,14434304,1113,93876.82028362968,53098.158299779876,9.32,4916.49,-0.00017946529987966642,19516.603446006775,0.8690743524348363,4.343358464e-06,0.93198377,4.76,0.3,0.15,0.16,0.39,,,,,
3525,14438400,1113,93876.82028362968,53098.158299779876,9.32,4916.49,-0.00010921989360213047,24876.9511013031,0.7444487069733441,4.341752832e-06,0.98168355,4.76,0.3,0.15,0.16,0.39,102460.25186633886,57596.218531134895,9.833333333333334,4908.466666666666,0.43333333333333335
3526,14442496,1114,95792.0296234544,54152.81558994092,9.4,5002.25,-4.5763104481011396e-05,245251.10917282104,0.8381091192131862,4.3401471999999994e-06,0.9432767,4.75,0.31,0.14,0.16,0.39,,,,,
3527,14446592,1115,95682.43543364844,54076.49627014425,9.46,4967.57,-0.0001649646437726915,12545.199454545975,0.8309589071432129,4.338541568000001e-06,0.9600594,4.86,0.3,0.14,0.16,0.4,,,,,
3528,14450688,1117,92382.4937221734,52252.58876296287,9.36,4834.53,-0.00021745822596130893,16132.013972520828,0.8139501342084259,4.336935936000001e-06,0.8388283,4.89,0.3,0.14,0.15,0.41,,,,,
3529,14454784,1117,92382.4937221734,52252.58876296287,9.36,4834.53,-0.00025961904430005234,11992.739543914795,0.8552497691707686,4.3353303040000005e-06,0.9718941,4.89,0.3,0.14,0.15,0.41,,,,,
3530,14458880,1117,92382.4937221734,52252.58876296287,9.36,4834.53,-8.78959326655604e-05,35911.39156103134,0.8149242659565061,4.333724671999999e-06,0.97759,4.89,0.3,0.14,0.15,0.41,,,,,
3531,14462976,1117,92382.4937221734,52252.58876296287,9.36,4834.53,-5.008172411180567e-05,160339.47324323654,0.7160267005674541,4.332119040000001e-06,0.9734314,4.89,0.3,0.14,0.15,0.41,,,,,
3532,14467072,1119,94414.83901532346,53350.79122546999,9.36,4924.96,-0.00023079363927536178,146878.39723539352,0.9026234911289066,4.330513408000001e-06,0.94472957,4.8,0.31,0.14,0.15,0.4,,,,,
3533,14471168,1119,94414.83901532346,53350.79122546999,9.36,4924.96,-0.000456351832326618,9286.34544634819,0.8319834175053984,4.3289077760000004e-06,0.9707829,4.8,0.31,0.14,0.15,0.4,,,,,
3534,14475264,1119,94414.83901532346,53350.79122546999,9.36,4924.96,-5.807498655485688e-05,35343.41006708145,0.7548444611020386,4.327302144e-06,0.9784361,4.8,0.31,0.14,0.15,0.4,,,,,
3535,14479360,1120,94157.54082197296,53200.98234893376,9.35,4917.25,-4.634366268874146e-05,94247.87017822266,0.8946345893200487,4.325696512000001e-06,0.712042,4.8,0.31,0.14,0.15,0.4,,,,,
3536,14483456,1120,94157.54082197296,53200.98234893376,9.35,4917.25,-0.00011672858454403467,43597.38188505173,0.7413136794930324,4.324090880000001e-06,0.9635781,4.8,0.31,0.14,0.15,0.4,,,,,
3537,14487552,1122,94630.41574035218,53449.96713454162,9.41,4922.54,-0.00019225800861022435,19055.808471918106,0.8889034206513315,4.322485248e-06,0.9719189,4.86,0.3,0.15,0.15,0.4,,,,,
3538,14491648,1122,94630.41574035218,53449.96713454162,9.41,4922.54,-0.0004900557705695974,18760.47744345665,0.856192659237422,4.320879616e-06,0.9702451,4.86,0.3,0.15,0.15,0.4,,,,,
3539,14495744,1123,95821.11881283848,54107.77210322296,9.42,4982.39,-6.98530707268219e-05,42037.18321228027,0.7930001236964017,4.319273984000001e-06,0.9760072,4.8,0.3,0.16,0.15,0.39,,,,,
3540,14499840,1124,95657.97153064483,53992.160019147916,9.5,4941.39,-0.00012299562877160497,206238.87203121185,0.8300939783221111,4.3176683520000006e-06,0.9516641,4.93,0.29,0.16,0.15,0.4,,,,,
3541,14503936,1125,94649.48174029915,53440.72210351327,9.42,4922.11,-0.00026519826860749163,9056.987632989883,0.8729426690842956,4.31606272e-06,0.88264245,4.87,0.3,0.16,0.15,0.39,,,,,
3542,14508032,1125,94649.48174029915,53440.72210351327,9.42,4922.11,-0.00019040525330638047,20218.323870182037,0.7759071767795831,4.314457088e-06,0.9694767,4.87,0.3,0.16,0.15,0.39,,,,,
3543,14512128,1126,96221.06776639874,54309.59391585715,9.48,4995.39,-7.972333128236642e-05,28514.856534957886,0.8199109244160354,4.312851456e-06,0.96767837,4.85,0.3,0.17,0.14,0.39,,,,,
3544,14516224,1126,96221.06776639874,54309.59391585715,9.48,4995.39,-0.0001909204092953587,20985.84981918335,0.8203215864486992,4.3112458240000005e-06,0.95152944,4.85,0.3,0.17,0.14,0.39,,,,,
3545,14520320,1127,95837.73461666111,54107.73397963335,9.42,5010.92,-5.842428254254628e-05,23853.888840198517,0.8554260414093733,4.309640192e-06,0.96268433,4.77,0.31,0.17,0.14,0.38,,,,,
3546,14524416,1128,96488.72037169285,54451.03609221668,9.48,5024.8,-0.0001149526278823032,28442.307320594788,0.9090450657531619,4.30803456e-06,0.9647402,4.82,0.3,0.17,0.14,0.39,,,,,
3547,14528512,1130,96317.413972639,54378.295710124185,9.44,5005.34,-0.00010406718683952931,40265.426943302155,0.8897453405661508,4.306428928e-06,0.9565697,4.8,0.29,0.18,0.14,0.39,,,,,
3548,14532608,1131,96813.23062962854,54655.76780198595,9.43,5022.39,-0.00015962284123816062,33460.36408615112,0.8561576374340802,4.3048232960000005e-06,0.9659106,4.77,0.29,0.18,0.14,0.39,,,,,
3549,14536704,1131,96813.23062962854,54655.76780198595,9.43,5022.39,-0.00014706038837175583,13922.009226799011,0.8421067870222032,4.303217664e-06,0.9828058,4.77,0.29,0.18,0.14,0.39,,,,,
3550,14540800,1132,95985.5534904802,54234.740041688776,9.41,4985.59,-4.7106075726333074e-05,36132.92830848694,0.8225932327331975,4.301612032e-06,0.97902775,4.78,0.28,0.19,0.14,0.39,100263.37901209219,56093.05705838814,9.733333333333333,4826.666666666667,0.43333333333333335
3551,14544896,1133,94985.74151375829,53683.76651954764,9.41,4923.8,-0.00010188084456785873,37003.910474300385,0.828644560649991,4.3000064e-06,0.82337517,4.85,0.27,0.19,0.14,0.4,,,,,
3552,14548992,1134,95124.14506730941,53770.339744465666,9.42,4934.26,-0.00019530289682734292,12576.170203924179,0.8813554868102074,4.2984007680000005e-06,0.9034183,4.85,0.27,0.19,0.14,0.4,,,,,
3553,14553088,1136,93973.23258872787,53128.67830085495,9.37,4877.72,-7.949969949549995e-05,20862.81521463394,0.8718985486775637,4.296795136e-06,0.9667339,4.86,0.27,0.19,0.13,0.41,,,,,
3554,14557184,1136,93973.23258872787,53128.67830085495,9.37,4877.72,-0.0004979089262633352,5547.578686118126,0.9034985102480277,4.295189504e-06,0.9819232,4.86,0.27,0.19,0.13,0.41,,,,,
3555,14561280,1138,94089.5753537881,53182.87828852871,9.34,4903.95,-0.00030064678139751777,6513.150827050209,0.9161560543579981,4.293583872e-06,0.91211796,4.8,0.28,0.2,0.11,0.41,,,,,
3556,14565376,1138,94089.5753537881,53182.87828852871,9.34,4903.95,-0.00018912349150923546,13496.441294908524,0.9074415219947696,4.29197824e-06,0.9746714,4.8,0.28,0.2,0.11,0.41,,,,,
3557,14569472,1139,94355.77684143184,53363.96165664551,9.3,4944.22,-9.479567461312399e-05,24210.49170398712,0.7680877608945593,4.290372608e-06,0.9751556,4.71,0.28,0.21,0.11,0.4,,,,,
3558,14573568,1140,94274.48529453977,53319.084556351576,9.33,4924.27,-9.555684118822683e-05,36087.99630975723,0.9302350503858179,4.288766976e-06,0.95662034,4.76,0.28,0.2,0.11,0.41,,,,,
3559,14577664,1141,92932.48305835541,52578.09635496052,9.25,4878.74,-0.0007283115191967227,6505.713002443314,0.9100126239936799,4.287161344e-06,0.96466994,4.72,0.28,0.21,0.11,0.4,,,,,
3560,14581760,1143,93838.24164317308,53072.60067709216,9.33,4934.9,-0.00024869122353265993,9686.032172679901,0.8813451286405325,4.2855557119999995e-06,0.9730981,4.74,0.29,0.21,0.1,0.4,,,,,
3561,14585856,1144,94184.6773061216,53271.1480409698,9.26,4962.73,-0.0001890586136141792,16951.93404817581,0.8687143659917638,4.28395008e-06,0.7292392,4.64,0.29,0.22,0.1,0.39,,,,,
3562,14589952,1145,93531.87995045658,52903.78766543538,9.3,4911.04,-0.00010096410733240191,196507.99541568756,0.8258873813319951,4.282344448e-06,0.95561796,4.74,0.29,0.21,0.1,0.4,,,,,
3563,14594048,1146,92151.02103724383,52170.32258201303,9.2,4881.7,-0.00015008016998763196,19888.208042621613,0.891620435169898,4.280738816e-06,0.9430594,4.66,0.3,0.21,0.1,0.39,,,,,
3564,14598144,1147,89722.32134006219,50869.22218931194,9.13,4806.51,-0.00013333317292563152,74483.3767375946,0.8686963800573722,4.2791331839999995e-06,0.972269,4.66,0.3,0.21,0.1,0.39,,,,,
3565,14602240,1148,89408.05149149294,50716.008807517945,9.14,4791.06,-0.00015294073273253161,191083.4217953682,0.7891471399925649,4.277527552000001e-06,0.9550518,4.68,0.3,0.21,0.1,0.39,,,,,
3566,14606336,1148,89408.05149149294,50716.008807517945,9.14,4791.06,-0.0002445929849272943,5134.811696171761,0.8112657975871116,4.275921920000001e-06,0.97966677,4.68,0.3,0.21,0.1,0.39,,,,,
3567,14610432,1148,89408.05149149294,50716.008807517945,9.14,4791.06,-6.259661495278124e-05,55979.40405845642,0.808374420623295,4.274316288e-06,0.9598009,4.68,0.3,0.21,0.1,0.39,,,,,
3568,14614528,1149,89715.09239269122,50875.61837775843,9.15,4802.86,-0.0002987542829941958,12228.006537675858,0.8463493632152677,4.2727106559999995e-06,0.9164622,4.68,0.3,0.21,0.1,0.39,,,,,
3569,14618624,1150,89418.27803474004,50705.12090691228,9.14,4788.09,-0.00011940383137698518,10425.703042030334,0.8045437218388543,4.271105024000001e-06,0.9770855,4.69,0.29,0.22,0.1,0.39,,,,,
3570,14622720,1150,89418.27803474004,50705.12090691228,9.14,4788.09,-0.00015720327792223543,26059.447639465332,0.8026347944978625,4.269499392000001e-06,0.9716473,4.69,0.29,0.22,0.1,0.39,,,,,
3571,14626816,1150,89418.27803474004,50705.12090691228,9.14,4788.09,-0.00011081487173214555,72865.72135066986,0.7782718417001888,4.2678937600000005e-06,0.98169225,4.69,0.29,0.22,0.1,0.39,,,,,
3572,14630912,1151,92586.27717495471,52411.071666305295,9.25,4895.26,-2.9030396035523154e-05,339797.60889434814,0.7782960224431008,4.266288128e-06,0.91953677,4.7,0.29,0.21,0.11,0.39,,,,,
3573,14635008,1152,91900.2440457777,52043.89278428565,9.22,4869.39,-9.748832417244557e-05,20190.276795864105,0.8105215484974906,4.264682496000001e-06,0.94259834,4.69,0.29,0.22,0.1,0.39,,,,,
3574,14639104,1153,92168.5699175747,52191.10818951772,9.16,4894.63,-0.0004107511413167231,13062.009997606277,0.9508888046257198,4.263076864000001e-06,0.96881014,4.6,0.29,0.23,0.1,0.38,,,,,
3575,14643200,1153,92168.5699175747,52191.10818951772,9.16,4894.63,-0.00022381338203558698,8822.094364881516,0.8707136882003397,4.2614712320000004e-06,0.98054475,4.6,0.29,0.23,0.1,0.38,129083.81349254808,72013.62746327285,10.9,6034.866666666667,0.6
3576,14647296,1153,92168.5699175747,52191.10818951772,9.16,4894.63,-9.331329329143045e-05,27368.88539648056,0.7768409845884889,4.2598656e-06,0.97725075,4.6,0.29,0.23,0.1,0.38,,,,,
3577,14651392,1155,92388.31993421218,52295.8972509347,9.16,4901.2,-0.00012662645985983545,24003.9475812912,0.9213945759693161,4.258259968e-06,0.9516852,4.6,0.28,0.24,0.11,0.37,,,,,
3578,14655488,1156,92632.3832184584,52469.831892949864,9.19,4913.41,-0.00016101465553219896,21925.231246948242,0.9200226527173072,4.256654336000001e-06,0.95637935,4.62,0.28,0.24,0.11,0.37,,,,,
3579,14659584,1158,92613.77272116295,52459.588843162404,9.12,4913.03,-0.00016955815863184398,25934.30476284027,0.8517195219174027,4.255048704e-06,0.9556535,4.55,0.28,0.24,0.12,0.36,,,,,
3580,14663680,1159,93589.4509681794,52988.31309254878,9.17,4941.89,-7.271615231729811e-05,64398.804555892944,0.7393413379322737,4.253443072e-06,0.9762446,4.57,0.28,0.24,0.12,0.36,,,,,
3581,14667776,1159,93589.4509681794,52988.31309254878,9.17,4941.89,-0.00021141368870303268,9568.319100379944,0.8177786802407354,4.25183744e-06,0.95745724,4.57,0.28,0.24,0.12,0.36,,,,,
3582,14671872,1159,93589.4509681794,52988.31309254878,9.17,4941.89,-7.349643965426367e-05,22830.89554834366,0.7931761819636449,4.250231808000001e-06,0.9772631,4.57,0.28,0.24,0.12,0.36,,,,,
3583,14675968,1160,94816.16701104138,53647.237909321935,9.21,4981.81,-0.00012626466195797548,47663.683614254,0.7699978554155678,4.248626176e-06,0.97886264,4.57,0.28,0.24,0.12,0.36,,,,,
3584,14680064,1161,94413.07774820013,53419.92876177458,9.17,4966.78,-0.0004233998088238877,5546.772375822067,0.8806183346314356,4.247020544e-06,0.92348295,4.54,0.28,0.25,0.11,0.36,,,,,
3585,14684160,1162,93959.53565437245,53177.549667948115,9.14,4952.0,-0.00015634531337127555,16632.750205039978,0.9539555001538247,4.245414912e-06,0.95407236,4.52,0.29,0.24,0.11,0.36,,,,,
3586,14688256,1162,93959.53565437245,53177.549667948115,9.14,4952.0,-5.1038283345405944e-05,45778.25021266937,0.7553046328248456,4.2438092800000006e-06,0.9833059,4.52,0.29,0.24,0.11,0.36,,,,,
3587,14692352,1163,95560.38521888507,54085.2717213081,9.15,5020.73,-0.00021994900998834055,9162.390496253967,0.8608781873481348,4.242203648e-06,0.97070074,4.46,0.29,0.24,0.12,0.35,,,,,
3588,14696448,1164,96033.88802452822,54354.364238797614,9.16,5050.67,-0.0001242484231624985,19588.523158550262,0.8247261511860415,4.240598016e-06,0.9808562,4.44,0.29,0.25,0.11,0.35,,,,,
3589,14700544,1165,95352.786877391,54048.72524914038,9.09,5050.46,-0.00016245424194494262,19916.96159505844,0.8307229976635426,4.238992384e-06,0.9732262,4.36,0.29,0.25,0.11,0.35,,,,,
3590,14704640,1167,95506.4097257929,54114.39772133336,9.11,5055.89,-0.00010710877722885925,193490.15808963776,0.8325228174217045,4.2373867520000005e-06,0.9542537,4.37,0.29,0.25,0.11,0.35,,,,,
3591,14708736,1168,95300.97108973823,53954.01624220631,9.16,5037.73,-2.8014721465297043e-05,311531.20625448227,0.8991195219568908,4.23578112e-06,0.42364103,4.45,0.29,0.25,0.11,0.35,,,,,
3592,14712832,1168,95300.97108973823,53954.01624220631,9.16,5037.73,-8.845819684211165e-05,18867.646069049835,0.8041161489672959,4.234175488e-06,0.9485316,4.45,0.29,0.25,0.11,0.35,,,,,
3593,14716928,1169,96066.92805845011,54375.817017095025,9.16,5088.85,-7.43357068131445e-05,39526.12201833725,0.7766283871605992,4.232569856e-06,0.97079635,4.39,0.3,0.25,0.11,0.34,,,,,
3594,14721024,1170,96170.24775357071,54407.968975391144,9.16,5096.82,-0.00039295180795306806,8247.926740407944,0.8918928280472755,4.230964224e-06,0.93340844,4.38,0.31,0.24,0.11,0.34,,,,,
3595,14725120,1170,96170.24775357071,54407.968975391144,9.16,5096.82,-4.367552537587471e-05,112018.9512348175,0.8238814184442163,4.229358592e-06,0.96244454,4.38,0.31,0.24,0.11,0.34,,,,,
3596,14729216,1172,92514.63559248998,52450.97933699745,9.12,4982.2,-5.2035373300896026e-05,152714.1581478119,0.8593551806407049,4.22775296e-06,0.95518714,4.45,0.31,0.24,0.11,0.34,,,,,
3597,14733312,1173,91511.67257135635,51903.43341054943,9.07,4946.11,-0.00022016101320332382,7199.729681253433,0.9577961277682334,4.226147328e-06,0.95350695,4.43,0.32,0.23,0.11,0.34,,,,,
3598,14737408,1175,90445.82872290329,51347.984120452384,9.1,4888.88,-6.087689325795509e-05,72902.51011228561,0.8729695570655167,4.224541696e-06,0.9608966,4.52,0.31,0.23,0.12,0.34,,,,,
3599,14741504,1175,90445.82872290329,51347.984120452384,9.1,4888.88,-0.0008147763473971281,6668.101551532745,0.8381264647468925,4.222936064e-06,0.9734106,4.52,0.31,0.23,0.12,0.34,,,,,
3600,14745600,1175,90445.82872290329,51347.984120452384,9.1,4888.88,-0.0007146024390749517,23377.99756860733,0.8669811158906668,4.221330432e-06,0.9791293,4.52,0.31,0.23,0.12,0.34,143342.09478702428,79692.1502438347,11.366666666666667,6532.166666666667,0.6333333333333333
3601,14749696,1177,89817.97878653574,50957.74359899918,9.15,4843.4,-0.0007355527795880334,4123.038687348366,0.9043563670711592,4.2197248e-06,0.96011066,4.63,0.3,0.23,0.12,0.35,,,,,
3602,14753792,1177,89817.97878653574,50957.74359899918,9.15,4843.4,-0.0001702489644230809,23064.04301714897,0.7627746677026153,4.2181191679999996e-06,0.9625618,4.63,0.3,0.23,0.12,0.35,,,,,
3603,14757888,1177,89817.97878653574,50957.74359899918,9.15,4843.4,-5.3365165513241664e-05,71084.26518726349,0.7975284839048982,4.216513536000001e-06,0.98007804,4.63,0.3,0.23,0.12,0.35,,,,,
3604,14761984,1179,91636.37403571652,51970.91462921594,9.2,4923.15,-5.74969599256292e-05,108074.2400150299,0.832778426236473,4.214907904e-06,0.9383205,4.6,0.31,0.23,0.11,0.35,,,,,
3605,14766080,1179,91636.37403571652,51970.91462921594,9.2,4923.15,-0.000360336061930866,8494.360085964203,0.8289512314368039,4.213302272e-06,0.9585454,4.6,0.31,0.23,0.11,0.35,,,,,
3606,14770176,1179,91636.37403571652,51970.91462921594,9.2,4923.15,-5.862729267391842e-05,25503.767862319946,0.7507043752120808,4.2116966399999995e-06,0.9813416,4.6,0.31,0.23,0.11,0.35,,,,,
3607,14774272,1180,91903.37345961524,52124.1219653604,9.21,4932.12,-0.00012764450366375968,52430.7380027771,0.8815895955776796,4.210091008000001e-06,0.9655342,4.6,0.31,0.23,0.11,0.35,,,,,
3608,14778368,1180,91903.37345961524,52124.1219653604,9.21,4932.12,-9.175464037980419e-05,17381.318660736084,0.7405072789406404,4.208485376000001e-06,0.98646045,4.6,0.31,0.23,0.11,0.35,,,,,
3609,14782464,1181,93324.14699255627,52888.140358155804,9.27,4966.58,-0.00010323484457330778,83704.28331518173,0.8377638052916154,4.2068797440000005e-06,0.96703035,4.63,0.3,0.23,0.12,0.35,,,,,
3610,14786560,1182,93395.1470266866,52929.31521549457,9.24,4971.68,-0.0007732430058240425,3509.96244764328,0.8894382823491469,4.205274112e-06,0.95287573,4.59,0.3,0.24,0.12,0.34,,,,,
3611,14790656,1183,93657.93010106687,53089.12260460338,9.26,4987.08,-0.0001437306509615155,6030.896625518799,0.9047914856346324,4.203668479999999e-06,0.9577878,4.59,0.3,0.24,0.12,0.34,,,,,
3612,14794752,1183,93657.93010106687,53089.12260460338,9.26,4987.08,-0.0001481683248130139,9235.325039625168,0.8913739473791793,4.202062848000001e-06,0.98215705,4.59,0.3,0.24,0.12,0.34,,,,,
3613,14798848,1184,94461.10035230876,53537.03172614684,9.29,5020.56,-0.00012899755438411376,23950.760594844818,0.803405130514875,4.2004572160000005e-06,0.9740036,4.58,0.31,0.23,0.12,0.34,,,,,
3614,14802944,1185,93418.82590099433,52960.37439816947,9.24,4978.07,-0.0003302910645288648,8497.371304988861,0.8633299220819026,4.198851584e-06,0.9383356,4.57,0.32,0.22,0.12,0.34,,,,,
3615,14807040,1185,93418.82590099433,52960.37439816947,9.24,4978.07,-0.00022768517374061048,13310.109100103378,0.9014030523831025,4.197245952e-06,0.96964335,4.57,0.32,0.22,0.12,0.34,,,,,
3616,14811136,1186,93375.6465590833,52963.8988473626,9.22,4993.53,-0.0002175766639993526,17404.48155617714,0.8456911633256823,4.195640320000001e-06,0.9615723,4.53,0.32,0.23,0.12,0.33,,,,,
3617,14815232,1187,94596.15034347372,53643.7290309833,9.24,5046.5,-0.0002610340634419117,16137.344591140747,0.8819141063140705,4.1940346880000005e-06,0.9633469,4.5,0.32,0.23,0.12,0.33,,,,,
3618,14819328,1187,94596.15034347372,53643.7290309833,9.24,5046.5,-0.00018450417701387778,10852.158567667007,0.8499018382281065,4.192429056e-06,0.97457725,4.5,0.32,0.23,0.12,0.33,,,,,
3619,14823424,1188,95768.77899067188,54291.13154541121,9.3,5099.62,-8.13439219200518e-05,40963.38835144043,0.8671260193223134,4.190823424e-06,0.9694351,4.5,0.32,0.23,0.12,0.33,,,,,
3620,14827520,1189,96252.85427462116,54535.93236524925,9.38,5090.35,-9.468806547374697e-05,71325.10383224487,0.8020755925681442,4.189217792000001e-06,0.9706408,4.6,0.31,0.23,0.12,0.34,,,,,
3621,14831616,1189,96252.85427462116,54535.93236524925,9.38,5090.35,-0.00034478879842936294,16078.945986509323,0.8577465621056035,4.1876121600000004e-06,0.9642479,4.6,0.31,0.23,0.12,0.34,,,,,
3622,14835712,1191,95531.0389939351,54120.37862667236,9.34,5077.65,-0.00017205728363478556,19483.83224630356,0.8853348379489034,4.186006528e-06,0.9783933,4.57,0.32,0.22,0.12,0.34,,,,,
3623,14839808,1191,95531.0389939351,54120.37862667236,9.34,5077.65,-0.00023097101438906975,18577.17923307419,0.8545825049513951,4.184400896e-06,0.97921014,4.57,0.32,0.22,0.12,0.34,,,,,
3624,14843904,1193,96964.98684415716,54891.86574842502,9.41,5132.15,-0.00013894857420382323,46679.60589313507,0.7799113765358925,4.182795264000001e-06,0.9284807,4.59,0.31,0.22,0.13,0.34,,,,,
3625,14848000,1193,96964.98684415716,54891.86574842502,9.41,5132.15,-6.604031523238518e-05,273676.55689430237,0.7781195254065096,4.181189632e-06,0.96072984,4.59,0.31,0.22,0.13,0.34,116149.42890195202,65264.42579547632,10.433333333333334,5519.9,0.5666666666666667
3626,14852096,1194,98512.93606534027,55725.27332890227,9.51,5176.8,-0.00023746504848531913,5333.405450940132,0.8771190617699176,4.179584e-06,0.94338465,4.65,0.31,0.22,0.13,0.34,,,,,
3627,14856192,1194,98512.93606534027,55725.27332890227,9.51,5176.8,-6.499704613815993e-05,21762.90522646904,0.8242168597644195,4.177978368e-06,0.96529204,4.65,0.31,0.22,0.13,0.34,,,,,
3628,14860288,1196,98351.15259899174,55666.54813285528,9.56,5173.73,-6.640179799433099e-05,67011.75590705872,0.8427468943409622,4.1763727360000006e-06,0.95734435,4.7,0.32,0.22,0.11,0.35,,,,,
3629,14864384,1197,97607.92489571404,55256.94673958284,9.53,5152.91,-0.00014567699872714002,23856.82357597351,0.8186396221863106,4.174767104e-06,0.9727589,4.69,0.32,0.22,0.11,0.35,,,,,
3630,14868480,1197,97607.92489571404,55256.94673958284,9.53,5152.91,-9.401517763762968e-05,16488.586585760117,0.8109677889151499,4.173161472e-06,0.9724591,4.69,0.32,0.22,0.11,0.35,,,,,
3631,14872576,1198,98874.69579747943,55963.686010605226,9.48,5225.49,-0.0002010101634368766,19149.537821769714,0.8207995655247942,4.17155584e-06,0.9833617,4.56,0.32,0.23,0.11,0.34,,,,,
3632,14876672,1198,98874.69579747943,55963.686010605226,9.48,5225.49,-0.00032604809075564845,35170.62771606445,0.8096478406805545,4.169950208e-06,0.967237,4.56,0.32,0.23,0.11,0.34,,,,,
3633,14880768,1200,97774.12237040402,55355.87332375205,9.46,5168.18,-0.00011825812180177309,32097.508010864258,0.7894240274326876,4.168344576e-06,0.97727394,4.6,0.32,0.21,0.13,0.34,,,,,
3634,14884864,1200,97774.12237040402,55355.87332375205,9.46,5168.18,-0.0003816725075012073,6993.837541937828,0.9033982334658504,4.166738944e-06,0.954702,4.6,0.32,0.21,0.13,0.34,,,,,
3635,14888960,1201,97843.81350778378,55409.77733983673,9.45,5185.18,-0.000309840303089004,4080.644340991974,0.8706421134993434,4.165133312e-06,0.92669946,4.57,0.33,0.21,0.12,0.34,,,,,
3636,14893056,1202,98720.50059666287,55908.306808327754,9.48,5245.29,-0.00020693933947768528,18801.437891483307,0.8717346265912056,4.16352768e-06,0.95965385,4.54,0.34,0.21,0.11,0.34,,,,,
3637,14897152,1202,98720.50059666287,55908.306808327754,9.48,5245.29,-9.503712499281392e-05,130333.0636510849,0.8340514238225296,4.161922048e-06,0.9659757,4.54,0.34,0.21,0.11,0.34,,,,,
3638,14901248,1203,99521.95116907154,56325.23778635622,9.57,5242.02,-0.0002101301497532404,114764.837941885,0.8781552952714264,4.160316416e-06,0.9417957,4.64,0.34,0.2,0.11,0.35,,,,,
3639,14905344,1203,99521.95116907154,56325.23778635622,9.57,5242.02,-0.00015017118312243838,19590.463708877563,0.8274545621825382,4.158710784e-06,0.9833989,4.64,0.34,0.2,0.11,0.35,,,,,
3640,14909440,1204,101421.45233683022,57364.73484826078,9.64,5301.51,-4.182623706583399e-05,125923.42477035522,0.80909023352433,4.157105152e-06,0.96006507,4.66,0.33,0.21,0.11,0.35,,,,,
3641,14913536,1204,101421.45233683022,57364.73484826078,9.64,5301.51,-0.00020896082605759148,12387.589182376862,0.8338067085715011,4.155499520000001e-06,0.95849764,4.66,0.33,0.21,0.11,0.35,,,,,
3642,14917632,1205,100732.5482816449,56998.29507654722,9.6,5291.91,-0.0003602147462515859,11577.275197505951,0.9160319368820637,4.153893888e-06,0.9657947,4.62,0.33,0.22,0.11,0.34,,,,,
3643,14921728,1206,100328.78659360552,56761.20411620891,9.58,5263.8,-0.000439870737864112,3735.14264857769,0.9353993003023788,4.152288256e-06,0.9669597,4.63,0.32,0.23,0.11,0.34,,,,,
3644,14925824,1207,101499.28632466993,57439.358368034314,9.59,5336.56,-0.00017312398722424405,19401.06587123871,0.8445311737013981,4.1506826239999996e-06,0.9745158,4.56,0.33,0.23,0.11,0.33,,,,,
3645,14929920,1209,100131.33117357155,56695.25318321097,9.57,5266.92,-0.00019171285930497106,28717.98787879944,0.8604216685052961,4.149076992000001e-06,0.9426702,4.62,0.33,0.22,0.11,0.34,,,,,
3646,14934016,1212,96146.14389334891,54485.040265046184,9.49,5047.7,-0.00019921061539207585,13537.045529603958,0.9056820240803063,4.147471360000001e-06,0.95810646,4.77,0.3,0.23,0.11,0.36,,,,,
3647,14938112,1212,96146.14389334891,54485.040265046184,9.49,5047.7,-0.00033044699193851557,10462.362339258194,0.848759991931729,4.145865728000001e-06,0.96745384,4.77,0.3,0.23,0.11,0.36,,,,,
3648,14942208,1212,96146.14389334891,54485.040265046184,9.49,5047.7,-0.00010638593903422588,28701.450705051422,0.8281974018318579,4.144260096e-06,0.97809565,4.77,0.3,0.23,0.11,0.36,,,,,
3649,14946304,1216,94261.23143381698,53412.388934820534,9.44,4967.6,-4.611041731550358e-05,70625.48711204529,0.8838353914907202,4.142654463999999e-06,0.89261824,4.81,0.29,0.24,0.1,0.37,,,,,
3650,14950400,1216,94261.23143381698,53412.388934820534,9.44,4967.6,-4.159707168582827e-05,108864.74756145477,0.7835120944073424,4.141048832000001e-06,0.96900845,4.81,0.29,0.24,0.1,0.37,92985.27563085445,52153.07351055949,9.666666666666666,4746.666666666667,0.3333333333333333
3651,14954496,1217,96818.37655084947,54738.04013699575,9.52,5045.06,-2.803422830766067e-05,264034.22494506836,0.8034552736207843,4.1394432000000006e-06,0.9055823,4.82,0.29,0.24,0.1,0.37,,,,,
3652,14958592,1217,96818.37655084947,54738.04013699575,9.52,5045.06,-0.00014612820450565778,55106.69014835358,0.7565244099823758,4.137837568e-06,0.9812571,4.82,0.29,0.24,0.1,0.37,,,,,
3653,14962688,1219,94612.03750682743,53545.563379613195,9.45,4948.39,-0.0002101424033753574,18213.89249777794,0.9226607729215175,4.136231936e-06,0.81708944,4.85,0.28,0.24,0.11,0.37,,,,,
3654,14966784,1220,93710.87167349661,53051.13285493615,9.42,4908.98,-5.572620011662366e-05,44863.9082069397,0.8158881505951285,4.134626304000001e-06,0.92155087,4.86,0.27,0.25,0.11,0.37,,,,,
3655,14970880,1220,93710.87167349661,53051.13285493615,9.42,4908.98,-9.32039965846343e-05,33386.05359315872,0.8171854236861691,4.1330206720000005e-06,0.9739772,4.86,0.27,0.25,0.11,0.37,,,,,
3656,14974976,1223,91396.44997939117,51749.51112122035,9.4,4790.81,-9.839016274781898e-05,45393.79634332657,0.9178445738507435,4.13141504e-06,0.9751859,4.96,0.27,0.23,0.11,0.39,,,,,
3657,14979072,1225,90741.01986590507,51396.89826789107,9.31,4772.64,-0.0002494307245797245,14809.453106880188,0.8780139040900394,4.129809408e-06,0.94003505,4.88,0.26,0.24,0.12,0.38,,,,,
3658,14983168,1225,90741.01986590507,51396.89826789107,9.31,4772.64,-4.790298771695234e-05,63665.02689695358,0.8078201230382547,4.128203776000001e-06,0.96645117,4.88,0.26,0.24,0.12,0.38,,,,,
3659,14987264,1227,89987.31037608167,50963.50614561166,9.34,4705.33,-0.00010794228728627786,33560.00268363953,0.857414246769622,4.1265981440000005e-06,0.95206165,4.99,0.25,0.23,0.12,0.4,,,,,
3660,14991360,1227,89987.31037608167,50963.50614561166,9.34,4705.33,-6.989035773585783e-05,22004.24980354309,0.8361260597594082,4.124992512e-06,0.9748895,4.99,0.25,0.23,0.12,0.4,,,,,
3661,14995456,1228,90688.87673751988,51366.408216379685,9.36,4731.61,-9.294477968069259e-05,35048.81200695038,0.8078373165335506,4.12338688e-06,0.98274255,4.98,0.25,0.23,0.13,0.39,,,,,
3662,14999552,1229,90166.35915030444,51068.447752258275,9.31,4729.98,-0.0002805248986987863,12372.120785236359,0.813371732714586,4.121781248000001e-06,0.92784685,4.93,0.26,0.23,0.13,0.38,,,,,
3663,15003648,1231,90065.61216584116,50985.585659522,9.35,4733.53,-0.0001982619623959181,13016.67909169197,0.8893262643832713,4.1201756160000004e-06,0.9500295,4.97,0.26,0.23,0.13,0.38,,,,,
3664,15007744,1233,88186.28408967672,49933.68132098098,9.27,4654.56,-0.00016176001918211114,9663.664030313492,0.9275695638498291,4.118569984e-06,0.93423533,4.97,0.26,0.23,0.13,0.38,,,,,
3665,15011840,1233,88186.28408967672,49933.68132098098,9.27,4654.56,-0.0006624814104725374,20438.207805156708,0.8553921369602904,4.116964352e-06,0.9768739,4.97,0.26,0.23,0.13,0.38,,,,,
3666,15015936,1235,89404.58049980775,50611.21377009537,9.41,4667.07,-8.982470626506256e-05,72085.13055992126,0.778648788225837,4.11535872e-06,0.9655938,5.1,0.24,0.23,0.14,0.39,,,,,
3667,15020032,1237,88384.46270342477,50053.9529735249,9.45,4602.82,-0.00010729458881542087,41594.02207374573,0.856754397158511,4.113753088e-06,0.8948555,5.21,0.23,0.23,0.14,0.4,,,,,
3668,15024128,1238,89378.61335402986,50597.434817628426,9.52,4636.67,-7.248879592225421e-05,35222.59459924698,0.8834086050046608,4.112147456e-06,0.97000915,5.25,0.23,0.22,0.14,0.41,,,,,
3669,15028224,1238,89378.61335402986,50597.434817628426,9.52,4636.67,-0.0001607866579433903,22617.87111377716,0.8008755488554016,4.110541824e-06,0.9520116,5.25,0.23,0.22,0.14,0.41,,,,,
3670,15032320,1239,88825.0716775425,50289.875028843555,9.5,4615.03,-0.0002007730508921668,19575.76738333702,0.8794850577833131,4.108936192e-06,0.97003573,5.25,0.23,0.22,0.14,0.41,,,,,
3671,15036416,1241,88270.77983011286,49968.115714558546,9.43,4603.27,-0.00022597422321268823,9181.52454662323,0.862089833477512,4.10733056e-06,0.9718343,5.19,0.23,0.23,0.14,0.4,,,,,
3672,15040512,1241,88270.77983011286,49968.115714558546,9.43,4603.27,-9.636797221901361e-05,63017.47963619232,0.7755348193459213,4.105724928e-06,0.97308344,5.19,0.23,0.23,0.14,0.4,,,,,
3673,15044608,1242,89044.73429973789,50386.45636485779,9.49,4600.07,-0.0005728188498324016,46060.003635048866,0.8102860981598496,4.104119296e-06,0.9803188,5.26,0.22,0.23,0.14,0.41,,,,,
3674,15048704,1242,89044.73429973789,50386.45636485779,9.49,4600.07,-0.00010642111465131165,32671.65779209137,0.8523243687814102,4.102513664e-06,0.95564586,5.26,0.22,0.23,0.14,0.41,,,,,
3675,15052800,1243,90557.79233436947,51238.59312460686,9.46,4684.91,-0.00026296815940440865,10370.920437574387,0.9062588209053501,4.100908032e-06,0.9752427,5.14,0.23,0.23,0.14,0.4,88191.65342612196,49745.543742810936,9.433333333333334,4501.1,0.3333333333333333
3676,15056896,1243,90557.79233436947,51238.59312460686,9.46,4684.91,-0.000504381934661069,11281.333155632019,0.7872223077574745,4.0993024e-06,0.9764176,5.14,0.23,0.23,0.14,0.4,,,,,
3677,15060992,1243,90557.79233436947,51238.59312460686,9.46,4684.91,-3.8997051888145506e-05,50871.80502796173,0.8042980015743524,4.097696768e-06,0.9770314,5.14,0.23,0.23,0.14,0.4,,,,,
3678,15065088,1244,92290.46063144879,52192.58918444708,9.53,4760.81,-0.00022316309696179815,12257.667572259903,0.8563096004072577,4.096091136e-06,0.95600903,5.13,0.24,0.22,0.14,0.4,,,,,
3679,15069184,1246,91799.27768014304,51915.4274168826,9.48,4750.37,-0.00013854065036866814,24204.947552204132,0.849508952582255,4.094485504e-06,0.9476182,5.09,0.23,0.23,0.14,0.4,,,,,
3680,15073280,1248,90341.08768318947,51158.5014644255,9.36,4725.25,-0.00017327356908936054,13467.286569595337,0.8558130231685936,4.092879872e-06,0.9326172,4.99,0.23,0.24,0.15,0.38,,,,,
3681,15077376,1249,88679.21887357699,50227.20645223178,9.31,4636.43,-0.00032115303292812314,4596.463834762573,0.8885021610185504,4.09127424e-06,0.9480842,5.03,0.22,0.24,0.16,0.38,,,,,
3682,15081472,1250,88310.8682807105,50022.11641085107,9.29,4624.68,-0.00016891199265955947,10846.295275449753,0.8071265376638621,4.089668608e-06,0.97608685,5.02,0.23,0.23,0.16,0.38,,,,,
3683,15085568,1250,88310.8682807105,50022.11641085107,9.29,4624.68,-0.00012950737800565548,7564.835216999054,0.78246333100833,4.088062975999999e-06,0.9719442,5.02,0.23,0.23,0.16,0.38,,,,,
3684,15089664,1251,85923.14566371005,48749.404908155884,9.21,4566.65,-0.0007134201277949614,9577.634395718575,0.8858614597702399,4.086457344000001e-06,0.97265655,4.99,0.24,0.23,0.15,0.38,,,,,
3685,15093760,1251,85923.14566371005,48749.404908155884,9.21,4566.65,-0.0001131697290475131,26578.233246803284,0.809233685489744,4.084851712000001e-06,0.9727142,4.99,0.24,0.23,0.15,0.38,,,,,
3686,15097856,1253,86498.51938788513,49068.90933936201,9.29,4583.78,-4.90745333081577e-05,48176.60932445526,0.8859614403918386,4.08324608e-06,0.9391383,5.06,0.24,0.22,0.15,0.39,,,,,
3687,15101952,1253,86498.51938788513,49068.90933936201,9.29,4583.78,-0.0003882374458044069,8706.94124186039,0.8616708561312407,4.081640447999999e-06,0.9655346,5.06,0.24,0.22,0.15,0.39,,,,,
3688,15106048,1254,85951.70480579283,48771.333107257764,9.27,4562.88,-8.847223580232821e-05,58672.54547786713,0.8100682030199096,4.080034816000001e-06,0.9683795,5.06,0.24,0.22,0.15,0.39,,,,,
3689,15110144,1255,86216.58767851966,48872.03979320526,9.33,4560.26,-0.0001596631600477849,61494.69577050209,0.8402120026294142,4.078429184000001e-06,0.9519045,5.13,0.24,0.22,0.14,0.4,,,,,
3690,15114240,1255,86216.58767851966,48872.03979320526,9.33,4560.26,-0.0001378281958750449,17474.99637079239,0.8574266274226829,4.076823552e-06,0.96793723,5.13,0.24,0.22,0.14,0.4,,,,,
3691,15118336,1256,88070.91012571653,49872.90162477562,9.34,4653.45,-6.722764192090835e-05,50703.38529968262,0.7842635958222672,4.07521792e-06,0.97717535,5.04,0.25,0.22,0.14,0.39,,,,,
3692,15122432,1258,88142.85041970358,49901.69880257794,9.45,4625.21,-0.00012633507321879733,120387.0799407959,0.8711717670084909,4.073612288000001e-06,0.9540527,5.18,0.24,0.22,0.13,0.41,,,,,
3693,15126528,1259,87785.02758332423,49705.41893289986,9.43,4617.67,-2.2518721380038187e-05,71707.9077796936,0.7986938752001151,4.0720066560000006e-06,0.93661034,5.17,0.24,0.22,0.13,0.41,,,,,
3694,15130624,1259,87785.02758332423,49705.41893289986,9.43,4617.67,-0.000138509394673747,28097.9496178627,0.7505843979306519,4.070401024e-06,0.97569555,5.17,0.24,0.22,0.13,0.41,,,,,
3695,15134720,1260,87101.99940759774,49319.318845728885,9.42,4576.72,-0.00014158972862787778,40198.134672641754,0.7526415477041155,4.068795392e-06,0.9639784,5.21,0.23,0.22,0.14,0.41,,,,,
3696,15138816,1260,87101.99940759774,49319.318845728885,9.42,4576.72,-0.00013104639765515458,28548.571956157684,0.7627897856291384,4.067189760000001e-06,0.9653901,5.21,0.23,0.22,0.14,0.41,,,,,
3697,15142912,1261,88557.46907645126,50117.75671937708,9.49,4635.99,-0.000159661435191083,20830.245911598206,0.784811497782357,4.0655841280000005e-06,0.9753556,5.22,0.23,0.22,0.14,0.41,,,,,
3698,15147008,1262,89040.36571625035,50393.178792677616,9.52,4656.15,-0.0003306728303869022,12607.879338026047,0.9080543912714347,4.063978496e-06,0.97026485,5.23,0.22,0.23,0.14,0.41,,,,,
3699,15151104,1262,89040.36571625035,50393.178792677616,9.52,4656.15,-0.0002829381755873328,4759.185338258743,0.9238309431821108,4.062372864e-06,0.98754436,5.23,0.22,0.23,0.14,0.41,,,,,
3700,15155200,1263,88606.89886663244,50160.27379251227,9.49,4658.06,-6.40817506791791e-05,37922.15654420853,0.8382295393384993,4.060767232e-06,0.9506159,5.2,0.22,0.24,0.13,0.41,122124.47828976823,67803.91757501286,10.633333333333333,5703.7,0.43333333333333335
3701,15159296,1267,87302.8471025648,49432.99354561334,9.51,4565.15,-4.988949694961775e-05,129337.03065681458,0.9031319305067882,4.0591616000000005e-06,0.93685967,5.32,0.21,0.24,0.13,0.42,,,,,
3702,15163392,1268,86476.66530118982,49013.12468025947,9.4,4543.83,-0.00011609108878474217,19942.865872859955,0.8868132742354646,4.057555968e-06,0.9762118,5.22,0.21,0.24,0.14,0.41,,,,,
3703,15167488,1269,85821.81699374948,48658.20091245326,9.4,4499.57,-0.00021294486032275017,19028.971765756607,0.9134005384985358,4.055950336e-06,0.9722644,5.27,0.2,0.24,0.14,0.42,,,,,
3704,15171584,1269,85821.81699374948,48658.20091245326,9.4,4499.57,-0.00017499784553365316,12907.307652950287,0.8226612262660637,4.054344704e-06,0.9729442,5.27,0.2,0.24,0.14,0.42,,,,,
3705,15175680,1271,85454.1339059435,48479.02294545928,9.43,4489.25,-8.286042975669261e-05,37931.48920249939,0.8345500756986439,4.0527390720000005e-06,0.9647637,5.3,0.19,0.25,0.14,0.42,,,,,
3706,15179776,1272,85087.3087875108,48269.17153641129,9.32,4478.77,-0.000939551209739875,4553.990946054459,0.9098644445184618,4.05113344e-06,0.9596658,5.2,0.19,0.26,0.14,0.41,,,,,
3707,15183872,1272,85087.3087875108,48269.17153641129,9.32,4478.77,-0.00029199401433288585,24209.267417430878,0.7856814955594018,4.049527808e-06,0.9705602,5.2,0.19,0.26,0.14,0.41,,,,,
3708,15187968,1273,86127.70064792644,48878.21213126002,9.37,4527.43,-5.407212665886618e-05,47985.329245090485,0.9345635971985757,4.047922176e-06,0.94800985,5.2,0.19,0.26,0.14,0.41,,,,,
3709,15192064,1274,86369.49174264092,49004.40217855357,9.38,4536.85,-0.0002536965566832805,8049.047557592392,0.8771482257870957,4.046316544e-06,0.98366386,5.2,0.19,0.26,0.14,0.41,,,,,
3710,15196160,1274,86369.49174264092,49004.40217855357,9.38,4536.85,-0.00014112639109953307,18540.330498218536,0.8478837788570672,4.044710912e-06,0.9720068,5.2,0.19,0.26,0.14,0.41,,,,,
3711,15200256,1275,87485.86425071167,49630.202351690416,9.34,4606.39,-9.950672210834455e-05,17704.957505702972,0.8074329702649266,4.04310528e-06,0.9803416,5.08,0.2,0.26,0.14,0.4,,,,,
3712,15204352,1275,87485.86425071167,49630.202351690416,9.34,4606.39,-7.312310663110111e-05,72849.22038841248,0.7970205052988604,4.041499648e-06,0.975142,5.08,0.2,0.26,0.14,0.4,,,,,
3713,15208448,1275,87485.86425071167,49630.202351690416,9.34,4606.39,-5.5696074923616834e-05,392571.8840408325,0.7413404247490689,4.039894016e-06,0.9527907,5.08,0.2,0.26,0.14,0.4,,,,,
3714,15212544,1276,89869.95282478831,50848.1288853602,9.42,4643.64,-0.00013503662739822175,219179.15523815155,0.8713317582150921,4.038288384e-06,0.93188167,5.14,0.19,0.26,0.14,0.41,,,,,
3715,15216640,1276,89869.95282478831,50848.1288853602,9.42,4643.64,-8.365465509996284e-05,24222.052295207977,0.7906704630004242,4.036682752e-06,0.98536384,5.14,0.19,0.26,0.14,0.41,,,,,
3716,15220736,1277,91703.55950883245,51868.53937722303,9.42,4724.69,-3.77044152628514e-05,74762.25506210327,0.8402896306943148,4.03507712e-06,0.9704592,5.06,0.19,0.26,0.15,0.4,,,,,
3717,15224832,1277,91703.55950883245,51868.53937722303,9.42,4724.69,-4.1606093873269856e-05,116368.60390663147,0.751321702147834,4.0334714879999995e-06,0.9718982,5.06,0.19,0.26,0.15,0.4,,,,,
3718,15228928,1278,91311.22593458556,51625.358690538684,9.44,4674.73,-9.862915248959325e-05,217207.81000185013,0.816765196621418,4.031865856e-06,0.9498657,5.14,0.18,0.26,0.15,0.41,,,,,
3719,15233024,1278,91311.22593458556,51625.358690538684,9.44,4674.73,-0.00015663247540942393,28032.42127752304,0.7898199234623462,4.030260224e-06,0.9774587,5.14,0.18,0.26,0.15,0.41,,,,,
3720,15237120,1279,93373.49284045579,52699.22115297642,9.49,4747.46,-8.905284903448774e-05,92814.56745767593,0.7817987251328304,4.028654592e-06,0.97810626,5.12,0.18,0.26,0.16,0.4,,,,,
3721,15241216,1281,89206.96796084061,50398.56622559323,9.46,4565.43,-0.00013456261149258353,47171.39788198471,0.9076483461540192,4.0270489599999995e-06,0.7864723,5.28,0.18,0.25,0.15,0.42,,,,,
3722,15245312,1283,89257.03778412128,50444.11460692842,9.49,4558.41,-0.00015267923208739376,17157.99790763855,0.8634036264847964,4.025443328000001e-06,0.9308509,5.32,0.17,0.25,0.16,0.42,,,,,
3723,15249408,1283,89257.03778412128,50444.11460692842,9.49,4558.41,-0.0002828158258125768,5016.987439751625,0.8906624529045075,4.023837696e-06,0.9784124,5.32,0.17,0.25,0.16,0.42,,,,,
3724,15253504,1283,89257.03778412128,50444.11460692842,9.49,4558.41,-6.194429897732334e-05,25380.333978652954,0.8421394176548347,4.022232064e-06,0.97664624,5.32,0.17,0.25,0.16,0.42,,,,,
3725,15257600,1283,89257.03778412128,50444.11460692842,9.49,4558.41,-6.947536985535407e-05,208875.2057762146,0.7576667069224641,4.020626431999999e-06,0.95764196,5.32,0.17,0.25,0.16,0.42,110065.22654304512,61534.226435455064,10.133333333333333,5258.5,0.4666666666666667
3726,15261696,1284,91114.62638953788,51431.96974599613,9.54,4614.47,-0.00021173403638385935,131395.9344983101,0.8250777688808739,4.019020800000001e-06,0.9521312,5.32,0.17,0.25,0.16,0.42,,,,,
3727,15265792,1284,91114.62638953788,51431.96974599613,9.54,4614.47,-0.00015434891429322306,15694.211751461029,0.7896346792113036,4.017415168000001e-06,0.9786143,5.32,0.17,0.25,0.16,0.42,,,,,
3728,15269888,1286,91660.09864324798,51715.97238485838,9.55,4622.09,-7.440139415848535e-05,21483.79605436325,0.8151095921639353,4.0158095360000004e-06,0.9681647,5.33,0.16,0.26,0.16,0.42,,,,,
3729,15273984,1286,91660.09864324798,51715.97238485838,9.55,4622.09,-0.00034305904318898683,8448.819339036942,0.7913190389517695,4.014203904e-06,0.9804893,5.33,0.16,0.26,0.16,0.42,,,,,
3730,15278080,1287,91652.53979542863,51710.885909880446,9.53,4638.06,-3.513282172207255e-05,43166.165090084076,0.8075877770315856,4.012598272000001e-06,0.91469,5.29,0.16,0.27,0.16,0.41,,,,,
3731,15282176,1288,90757.13779230317,51220.65447343613,9.49,4600.45,-0.00017779282643459737,19960.324416160583,0.9717683083144948,4.010992640000001e-06,0.9267173,5.29,0.16,0.27,0.16,0.41,,,,,
3732,15286272,1288,90757.13779230317,51220.65447343613,9.49,4600.45,-0.00019748182967305183,11001.907213926315,0.8505143112270162,4.009387008e-06,0.9686836,5.29,0.16,0.27,0.16,0.41,,,,,
3733,15290368,1290,89612.01421003212,50602.90435284933,9.42,4562.56,-9.440769099455792e-05,35193.16497421265,0.8169684134190902,4.007781376e-06,0.9561615,5.26,0.15,0.28,0.16,0.41,,,,,
3734,15294464,1290,89612.01421003212,50602.90435284933,9.42,4562.56,-0.000579474180995021,5426.3957624435425,0.8108201946597546,4.006175744000001e-06,0.97883457,5.26,0.15,0.28,0.16,0.41,,,,,
3735,15298560,1290,89612.01421003212,50602.90435284933,9.42,4562.56,-5.6551394663983956e-05,24668.35879802704,0.7825372553197667,4.004570112000001e-06,0.98073083,5.26,0.15,0.28,0.16,0.41,,,,,
3736,15302656,1291,91934.7856246604,51880.3181292243,9.46,4663.24,-0.00011088846622442361,54560.446467876434,0.8434187477687374,4.00296448e-06,0.9711716,5.2,0.15,0.29,0.16,0.4,,,,,
3737,15306752,1292,91080.95715202091,51418.4826671084,9.42,4638.67,-0.0001820722609409131,12465.860406398773,0.8324605495436117,4.001358848e-06,0.9732339,5.18,0.15,0.3,0.15,0.4,,,,,
3738,15310848,1292,91080.95715202091,51418.4826671084,9.42,4638.67,-0.0003835760544461664,8666.683701992035,0.915907351532951,3.999753216e-06,0.9526752,5.18,0.15,0.3,0.15,0.4,,,,,
3739,15314944,1295,89243.90182742006,50432.16467849953,9.41,4580.58,-0.00014239164011087269,20562.887239933014,0.8508314365753904,3.9981475840000006e-06,0.97114384,5.22,0.15,0.3,0.15,0.4,,,,,
3740,15319040,1295,89243.90182742006,50432.16467849953,9.41,4580.58,-0.00018097647171089193,11488.944178819656,0.8421370281139389,3.996541952e-06,0.97415566,5.22,0.15,0.3,0.15,0.4,,,,,
3741,15323136,1297,89140.67339165694,50350.917410934984,9.4,4577.99,-0.00010990436567226425,24301.37414264679,0.8664066250203177,3.99493632e-06,0.9346447,5.21,0.15,0.3,0.16,0.39,,,,,
3742,15327232,1298,88199.3714091594,49847.384129707374,9.36,4548.11,-0.0002472927526468993,13535.098262310028,0.866665133391507,3.993330688e-06,0.9592438,5.2,0.16,0.29,0.16,0.39,,,,,
3743,15331328,1300,86975.88258153552,49169.662822360726,9.36,4506.66,-0.0001802722308639204,19361.309572458267,0.8746087907347828,3.9917250560000005e-06,0.947148,5.24,0.16,0.3,0.14,0.4,,,,,
3744,15335424,1300,86975.88258153552,49169.662822360726,9.36,4506.66,-0.00023088412172000972,10973.968206167221,0.8390164488228038,3.990119424e-06,0.98640096,5.24,0.16,0.3,0.14,0.4,,,,,
3745,15339520,1301,87841.04107617786,49649.99107041825,9.42,4520.91,-7.738645581412129e-05,35605.017013549805,0.8860805928707123,3.988513792e-06,0.9633722,5.29,0.15,0.3,0.14,0.41,,,,,
3746,15343616,1301,87841.04107617786,49649.99107041825,9.42,4520.91,-0.0003221051138098119,4348.690452814102,0.8168562625069171,3.98690816e-06,0.9855528,5.29,0.15,0.3,0.14,0.41,,,,,
3747,15347712,1303,86587.8843841317,48980.53242656575,9.37,4482.05,-6.099956590333022e-05,34349.85154771805,0.8640006589703262,3.9853025280000005e-06,0.9669372,5.27,0.15,0.3,0.14,0.41,,,,,
3748,15351808,1303,86587.8843841317,48980.53242656575,9.37,4482.05,-6.585057690244867e-05,37317.566948890686,0.8140574819408357,3.983696896e-06,0.97847205,5.27,0.15,0.3,0.14,0.41,,,,,
3749,15355904,1305,85153.60312619255,48145.52218219691,9.32,4399.64,-8.5340067926154e-05,100705.56493330002,0.8265196544816718,3.982091264e-06,0.97868115,5.31,0.15,0.28,0.15,0.42,,,,,
3750,15360000,1308,84054.96989049976,47511.73892623533,9.3,4336.29,-0.000329314336340758,7147.912506103516,0.9071453523356467,3.980485632e-06,0.9290491,5.36,0.15,0.28,0.14,0.43,135336.65946898484,75201.73363027489,11.1,6220.033333333334,0.6
3751,15364096,1308,84054.96989049976,47511.73892623533,9.3,4336.29,-8.208007511711912e-05,25540.713532924652,0.873452493455261,3.9788800000000004e-06,0.956739,5.36,0.15,0.28,0.14,0.43,,,,,
3752,15368192,1309,84839.56150076892,47935.30043006831,9.3,4371.86,-0.00014719245245942147,11722.06448507309,0.8495854459470138,3.977274368e-06,0.98335874,5.32,0.15,0.28,0.15,0.42,,,,,
3753,15372288,1310,85461.45982263252,48266.030790747005,9.32,4404.74,-9.322252117272001e-05,25230.73115682602,0.7775301797082648,3.975668736e-06,0.9584866,5.31,0.15,0.28,0.15,0.42,,,,,
3754,15376384,1310,85461.45982263252,48266.030790747005,9.32,4404.74,-0.00013803070214635227,13719.878602981567,0.7747329085832462,3.974063104e-06,0.98472047,5.31,0.15,0.28,0.15,0.42,,,,,
3755,15380480,1312,87024.69731030498,49124.058528568225,9.44,4466.34,-9.043788486451376e-05,61966.95073223114,0.921147364191711,3.9724574719999995e-06,0.96138996,5.37,0.15,0.28,0.15,0.42,,,,,
3756,15384576,1314,85423.60580519924,48246.13532720576,9.41,4379.62,-0.00010424024458188796,24332.763058185577,0.8673594094580039,3.97085184e-06,0.6419879,5.43,0.14,0.28,0.15,0.43,,,,,
3757,15388672,1314,85423.60580519924,48246.13532720576,9.41,4379.62,-0.0002273894924655906,11165.773806810379,0.8648986651096493,3.969246208e-06,0.97714406,5.43,0.14,0.28,0.15,0.43,,,,,
3758,15392768,1315,86890.23665814455,49089.08037083558,9.48,4463.18,-9.34316130951629e-05,47587.43153619766,0.8295108764432371,3.967640576e-06,0.9261869,5.41,0.15,0.27,0.15,0.43,,,,,
3759,15396864,1315,86890.23665814455,49089.08037083558,9.48,4463.18,-0.00013027811201027362,30811.549409389496,0.9014792575035244,3.9660349439999995e-06,0.93993115,5.41,0.15,0.27,0.15,0.43,,,,,
3760,15400960,1317,85971.72036708791,48691.19319361828,9.36,4467.76,-6.22107781964587e-05,56911.15100669861,0.8599946385947987,3.964429312000001e-06,0.9532813,5.27,0.15,0.28,0.16,0.41,,,,,
3761,15405056,1318,85127.03047778462,48241.67887891027,9.32,4444.8,-0.0001077591732610017,21793.05711388588,0.8093306330265477,3.96282368e-06,0.9620406,5.25,0.15,0.28,0.16,0.41,,,,,
3762,15409152,1318,85127.03047778462,48241.67887891027,9.32,4444.8,-0.00017904149081005016,13279.437069416046,0.8175529061118141,3.961218048e-06,0.9600295,5.25,0.15,0.28,0.16,0.41,,,,,
3763,15413248,1319,86114.74540619279,48792.20374920761,9.35,4506.51,-7.248355086630909e-05,39024.37151622772,0.7914317530812696,3.9596124159999995e-06,0.9644749,5.21,0.16,0.28,0.15,0.41,,,,,
3764,15417344,1320,86124.25919876354,48785.58166534112,9.4,4481.15,-5.663873162120581e-05,74568.94004583359,0.8813345674425364,3.958006784000001e-06,0.8910842,5.29,0.16,0.27,0.15,0.42,,,,,
3765,15421440,1321,85183.44689004782,48273.385093988574,9.34,4459.86,-9.588928514858708e-05,17948.065741539,0.8307623845757917,3.956401152000001e-06,0.9509632,5.25,0.16,0.28,0.15,0.41,,,,,
3766,15425536,1321,85183.44689004782,48273.385093988574,9.34,4459.86,-0.00011332658687024377,23368.567668437958,0.8662856700830162,3.9547955200000005e-06,0.9847905,5.25,0.16,0.28,0.15,0.41,,,,,
3767,15429632,1322,87048.38074037427,49312.64831610151,9.34,4544.76,-0.0002967193477161345,18901.01774787903,0.8400265533709899,3.953189888e-06,0.9716012,5.17,0.16,0.28,0.16,0.4,,,,,
3768,15433728,1323,87243.7270561335,49435.775415678836,9.31,4570.09,-0.0004039524555992102,11031.23181605339,0.9348279100377113,3.951584256000001e-06,0.9489566,5.11,0.17,0.28,0.16,0.39,,,,,
3769,15437824,1323,87243.7270561335,49435.775415678836,9.31,4570.09,-0.00013269571445562178,10356.674314498901,0.8273806873476133,3.949978624000001e-06,0.96300256,5.11,0.17,0.28,0.16,0.39,,,,,
3770,15441920,1323,87243.7270561335,49435.775415678836,9.31,4570.09,-0.00014995292804087512,39054.152687072754,0.7657769193174317,3.9483729920000005e-06,0.97933525,5.11,0.17,0.28,0.16,0.39,,,,,
3771,15446016,1324,89361.20089288004,50607.6970351006,9.38,4674.74,-0.00012894007977592992,35307.1898059845,0.8126952614402398,3.94676736e-06,0.9786564,5.07,0.18,0.28,0.15,0.39,,,,,
3772,15450112,1325,90439.67309949282,51186.993429084316,9.44,4702.82,-8.305407209263649e-05,52653.4115114212,0.8289266276406124,3.945161728e-06,0.97353256,5.11,0.18,0.27,0.15,0.4,,,,,
3773,15454208,1326,89974.14480996503,50940.70133324034,9.41,4692.53,-8.214055378630292e-05,41551.446685791016,0.83956537139602,3.943556096000001e-06,0.96478903,5.09,0.18,0.27,0.15,0.4,,,,,
3774,15458304,1326,89974.14480996503,50940.70133324034,9.41,4692.53,-5.3363786719273776e-05,482399.04260253906,0.7874535318696871,3.941950464e-06,0.9419928,5.09,0.18,0.27,0.15,0.4,,,,,
3775,15462400,1328,90048.51844417016,50921.885504806225,9.42,4673.59,-0.00023408152082993183,7339.744758605957,0.8249000567011535,3.940344832e-06,0.86195177,5.12,0.18,0.28,0.14,0.4,114646.03890052853,64021.669612294565,10.3,5399.566666666667,0.43333333333333335
3776,15466496,1329,89590.54464580276,50652.97241880079,9.4,4639.92,-0.00012665971735259518,16307.266701936722,0.940617466927506,3.9387392e-06,0.7751757,5.14,0.17,0.29,0.14,0.4,,,,,
3777,15470592,1329,89590.54464580276,50652.97241880079,9.4,4639.92,-0.00035993555502500385,15080.716494321823,0.7586355704115704,3.937133568000001e-06,0.9816934,5.14,0.17,0.29,0.14,0.4,,,,,
3778,15474688,1330,91039.97758741869,51467.02447704211,9.38,4718.52,-0.00018559749514679424,13559.993394613266,0.8987467339029536,3.935527936e-06,0.9682897,5.03,0.18,0.29,0.14,0.39,,,,,
3779,15478784,1330,91039.97758741869,51467.02447704211,9.38,4718.52,-0.00011643031211860944,23054.892243862152,0.8028092479798943,3.933922304e-06,0.97110033,5.03,0.18,0.29,0.14,0.39,,,,,
3780,15482880,1330,91039.97758741869,51467.02447704211,9.38,4718.52,-0.0003171633925376227,53021.84805345535,0.7495186895830557,3.932316672e-06,0.9816305,5.03,0.18,0.29,0.14,0.39,,,,,
3781,15486976,1331,93481.41706536146,52770.12671550911,9.46,4811.2,-0.00020063478859810857,74448.80708217621,0.7861543109174818,3.9307110400000006e-06,0.9433436,5.02,0.18,0.29,0.14,0.39,,,,,
3782,15491072,1332,94095.35226512226,53112.83641509661,9.49,4841.59,-0.00017084297178371344,29778.208461284637,0.7542760730721056,3.929105408e-06,0.9408579,5.02,0.18,0.29,0.14,0.39,,,,,
3783,15495168,1332,94095.35226512226,53112.83641509661,9.49,4841.59,-0.00032983611799863866,5149.305532336235,0.8314431270118803,3.927499776e-06,0.95815146,5.02,0.18,0.29,0.14,0.39,,,,,
3784,15499264,1332,94095.35226512226,53112.83641509661,9.49,4841.59,-0.00011427495246607577,19168.98344898224,0.7880605538375676,3.925894144e-06,0.9816702,5.02,0.18,0.29,0.14,0.39,,,,,
3785,15503360,1333,95554.00889869528,53924.125321047,9.51,4921.24,-7.880762677814346e-05,28732.785250663757,0.812307509011589,3.9242885120000005e-06,0.9615509,4.95,0.19,0.29,0.14,0.38,,,,,
3786,15507456,1334,95111.22088195816,53673.6877518881,9.5,4903.27,-4.719863773061661e-05,106325.04091453552,0.8046401758911088,3.92268288e-06,0.9702302,4.96,0.19,0.29,0.13,0.39,,,,,
3787,15511552,1335,96486.41138783102,54379.970817592584,9.54,4943.3,-4.726306906377431e-05,221303.7847175598,0.7943309555994347,3.921077248e-06,0.93832177,4.97,0.19,0.29,0.13,0.39,,,,,
3788,15515648,1336,96821.44101379414,54565.21753177143,9.49,4965.21,-7.78823705331888e-05,25073.45664048195,0.8869310726877302,3.919471616e-06,0.74381566,4.9,0.19,0.29,0.14,0.38,,,,,
3789,15519744,1337,97375.41092034215,54866.784592415795,9.48,5005.18,-0.00031660908007324906,7015.060636043549,0.905725019867532,3.917865984e-06,0.9824024,4.84,0.2,0.29,0.14,0.37,,,,,
3790,15523840,1338,96314.43253559839,54280.409624783955,9.42,4964.06,-0.0005975478225082043,3646.1735129356384,0.8704093579435721,3.916260352e-06,0.96832395,4.82,0.2,0.29,0.15,0.36,,,,,
3791,15527936,1338,96314.43253559839,54280.409624783955,9.42,4964.06,-8.80151519595529e-05,35475.86113643646,0.8117018338525668,3.91465472e-06,0.9579163,4.82,0.2,0.29,0.15,0.36,,,,,
3792,15532032,1339,96685.66245985754,54485.70707405825,9.43,4987.83,-0.0002214190117229009,9289.055740118027,0.8282357695279643,3.913049088e-06,0.9804795,4.81,0.21,0.28,0.15,0.36,,,,,
3793,15536128,1339,96685.66245985754,54485.70707405825,9.43,4987.83,-0.00014292990090325475,17161.664625883102,0.8171299904352054,3.911443456e-06,0.98222166,4.81,0.21,0.28,0.15,0.36,,,,,
3794,15540224,1340,98820.23886620878,55682.58485417965,9.52,5075.86,-3.573109279386699e-05,100175.35327625275,0.7745891059748828,3.909837824e-06,0.96350914,4.81,0.21,0.28,0.15,0.36,,,,,
3795,15544320,1340,98820.23886620878,55682.58485417965,9.52,5075.86,-0.000711360066816269,5691.961607575417,0.8929987490409985,3.908232192e-06,0.96730953,4.81,0.21,0.28,0.15,0.36,,,,,
3796,15548416,1340,98820.23886620878,55682.58485417965,9.52,5075.86,-9.173101898340974e-05,28606.529601573944,0.7593017612816766,3.90662656e-06,0.97363544,4.81,0.21,0.28,0.15,0.36,,,,,
3797,15552512,1341,100813.5170258756,56770.58214010564,9.6,5165.16,-0.0001996525334106991,18243.755796194077,0.8144130674190819,3.9050209279999996e-06,0.9879795,4.8,0.22,0.27,0.15,0.36,,,,,
3798,15556608,1341,100813.5170258756,56770.58214010564,9.6,5165.16,-0.00017925843712873757,14374.475557804108,0.9080049389740452,3.903415296e-06,0.95803666,4.8,0.22,0.27,0.15,0.36,,,,,
3799,15560704,1342,100254.46477310594,56477.16420157025,9.55,5178.72,-7.498952982132323e-05,42774.00250482559,0.7999463807791471,3.901809664e-06,0.9660111,4.73,0.23,0.27,0.15,0.35,,,,,
3800,15564800,1343,99790.7841516986,56197.59457570475,9.59,5127.09,-0.00010562052739260253,100050.33624267578,0.8028458999469876,3.900204032e-06,0.9590179,4.83,0.22,0.27,0.15,0.36,123978.9188453029,68756.63509210796,10.433333333333334,5583.2,0.43333333333333335
3801,15568896,1343,99790.7841516986,56197.59457570475,9.59,5127.09,-0.0002413782185612945,22608.124584674835,0.8309629504801705,3.8985983999999995e-06,0.9318747,4.83,0.22,0.27,0.15,0.36,,,,,
3802,15572992,1344,98688.78436718517,55614.96956754567,9.55,5089.89,-0.00033313679523416795,7181.1741844415665,0.9074993614340201,3.896992768000001e-06,0.9649377,4.83,0.22,0.27,0.15,0.36,,,,,
3803,15577088,1345,98367.19978214084,55417.86691058763,9.53,5077.91,-0.0005458858436213632,9073.95496225357,0.9420720107154921,3.895387136000001e-06,0.9512727,4.82,0.22,0.27,0.15,0.36,,,,,
3804,15581184,1345,98367.19978214084,55417.86691058763,9.53,5077.91,-0.00010760216810012935,30342.66230726242,0.8701427108608186,3.8937815040000006e-06,0.9717086,4.82,0.22,0.27,0.15,0.36,,,,,
3805,15585280,1345,98367.19978214084,55417.86691058763,9.53,5077.91,-4.1759938540053554e-05,52626.4997177124,0.7671444589504972,3.8921758719999995e-06,0.97840106,4.82,0.22,0.27,0.15,0.36,,,,,
3806,15589376,1346,101085.92115862506,56912.303659563826,9.61,5191.97,-4.938498022966087e-05,74349.52436351776,0.8535862702410668,3.890570239999999e-06,0.9582928,4.78,0.22,0.28,0.15,0.35,,,,,
3807,15593472,1348,101414.68062678944,57076.21204655454,9.7,5183.77,-0.00010797938102768967,24714.749524831772,0.9170527618844062,3.888964608000001e-06,0.97956216,4.88,0.22,0.27,0.14,0.37,,,,,
3808,15597568,1348,101414.68062678944,57076.21204655454,9.7,5183.77,-0.00021262560221657623,16453.786076784134,0.7944011103827506,3.8873589760000005e-06,0.9722176,4.88,0.22,0.27,0.14,0.37,,,,,
3809,15601664,1348,101414.68062678944,57076.21204655454,9.7,5183.77,-0.0001047605892381398,60947.30903720856,0.7607139184838161,3.885753344e-06,0.97538114,4.88,0.22,0.27,0.14,0.37,,,,,
3810,15605760,1349,103347.94240082687,58145.69080788577,9.76,5272.68,-0.00017886035675473977,11769.72796034813,0.8419402108993381,3.884147712e-06,0.95519656,4.85,0.22,0.28,0.13,0.37,,,,,
3811,15609856,1350,103533.82206064407,58242.98426842447,9.77,5276.2,-2.7133691219205502e-05,89743.01029634476,0.8251305819721892,3.882542080000001e-06,0.8302639,4.86,0.21,0.29,0.13,0.37,,,,,
3812,15613952,1350,103533.82206064407,58242.98426842447,9.77,5276.2,-0.00011912296668015188,18158.433140277863,0.9080972840311006,3.8809364480000005e-06,0.96787053,4.86,0.21,0.29,0.13,0.37,,,,,
3813,15618048,1353,102053.14502795113,57397.19967892085,9.66,5210.24,-0.0001186459467135137,36598.29848408699,1.0055711660534143,3.879330816e-06,0.14073133,4.82,0.21,0.29,0.13,0.37,,,,,
3814,15622144,1355,100234.76150798667,56424.42299833794,9.51,5135.52,-0.00012851754217990674,17857.222113609314,0.9007328738225624,3.877725184e-06,0.9273341,4.74,0.21,0.29,0.14,0.36,,,,,
3815,15626240,1357,97640.54140423606,55006.23005200672,9.42,5024.15,-0.00026393748930786387,7172.776114821434,0.8857416985556483,3.876119552000001e-06,0.94637644,4.77,0.2,0.29,0.14,0.37,,,,,
3816,15630336,1357,97640.54140423606,55006.23005200672,9.42,5024.15,-0.00010064541493193246,19594.00322341919,0.837946217507124,3.8745139200000004e-06,0.97089094,4.77,0.2,0.29,0.14,0.37,,,,,
3817,15634432,1358,98903.81472109427,55717.06481718029,9.44,5099.83,-3.9247907807293814e-05,154269.8162126541,0.7845739704789594,3.872908288e-06,0.9496055,4.71,0.21,0.29,0.14,0.36,,,,,
3818,15638528,1359,99266.59554516562,55875.49145705182,9.48,5101.87,-8.062698907451704e-05,35994.975814819336,0.8064213606994599,3.871302656e-06,0.9263704,4.75,0.21,0.29,0.14,0.36,,,,,
3819,15642624,1359,99266.59554516562,55875.49145705182,9.48,5101.87,-7.006158193689771e-05,41965.345464229584,0.7808779042679816,3.869697024000001e-06,0.97669435,4.75,0.21,0.29,0.14,0.36,,,,,
3820,15646720,1361,97759.7173822626,55057.27629407675,9.43,5036.0,-0.0001677433683653362,9257.2659740448,0.8870944768423215,3.868091392e-06,0.9292487,4.77,0.21,0.28,0.15,0.36,,,,,
3821,15650816,1364,95696.70927876126,53919.99539692897,9.41,4926.91,-3.349301732669119e-05,263893.20173835754,0.8437882711878046,3.86648576e-06,0.9170862,4.86,0.22,0.26,0.15,0.37,,,,,
3822,15654912,1365,95880.88441125998,54018.16148846248,9.33,4945.76,-0.00036308711969468277,3999.273004055023,0.9141589226201177,3.864880128e-06,0.93158424,4.76,0.23,0.26,0.15,0.36,,,,,
3823,15659008,1366,96876.03963293949,54581.33063595076,9.38,5006.5,-0.00019439573406998534,19250.15150499344,0.7408748841844499,3.863274496e-06,0.95930344,4.74,0.24,0.25,0.15,0.36,,,,,
3824,15663104,1366,96876.03963293949,54581.33063595076,9.38,5006.5,-0.0008538243382645305,2921.1840801239014,0.9233952157665044,3.861668864e-06,0.9728132,4.74,0.24,0.25,0.15,0.36,,,,,
3825,15667200,1366,96876.03963293949,54581.33063595076,9.38,5006.5,-7.143057700886857e-05,24067.962465763092,0.8471747701987624,3.860063232e-06,0.9698808,4.74,0.24,0.25,0.15,0.36,93365.45406218145,52667.549034361655,9.733333333333333,4695.333333333333,0.43333333333333335
3826,15671296,1367,98119.65662842007,55283.87170814742,9.38,5083.43,-0.00017632059461902827,6937.784649729729,0.8815834278939292,3.8584576e-06,0.9358543,4.66,0.25,0.25,0.15,0.35,,,,,
3827,15675392,1368,99039.38305178103,55794.58686952447,9.41,5140.35,-0.000158084731992858,20604.370804071426,0.9014870250830427,3.856851968e-06,0.9618173,4.63,0.26,0.25,0.14,0.35,,,,,
3828,15679488,1368,99039.38305178103,55794.58686952447,9.41,5140.35,-6.211567824720987e-05,21362.174253940582,0.7795661132549867,3.855246336e-06,0.97507215,4.63,0.26,0.25,0.14,0.35,,,,,
3829,15683584,1368,99039.38305178103,55794.58686952447,9.41,5140.35,-4.522529252426466e-05,89014.95353794098,0.7506608737166971,3.853640704e-06,0.9708072,4.63,0.26,0.25,0.14,0.35,,,,,
3830,15687680,1369,100488.78579257801,56564.8454762297,9.44,5194.0,-0.00016992879318422638,47468.742429971695,0.8971133779268712,3.852035072e-06,0.969201,4.61,0.26,0.25,0.15,0.34,,,,,
3831,15691776,1369,100488.78579257801,56564.8454762297,9.44,5194.0,-0.00021913319278610288,14169.120554685593,0.7978797521209344,3.85042944e-06,0.9736041,4.61,0.26,0.25,0.15,0.34,,,,,
3832,15695872,1370,100334.25549221432,56479.59486753082,9.43,5196.13,-6.13512129348237e-05,29370.59991645813,0.8430376946926117,3.848823808e-06,0.96883607,4.6,0.27,0.24,0.15,0.34,,,,,
3833,15699968,1372,100756.06977859892,56763.06693681084,9.42,5219.25,-0.0002053201487797196,11991.901893854141,0.8638549729948863,3.847218176e-06,0.9643078,4.56,0.27,0.23,0.16,0.34,,,,,
3834,15704064,1373,100090.24308197302,56372.617935342125,9.39,5191.56,-0.00020769963066413766,17826.551362514496,0.8412286317907274,3.845612544e-06,0.9623666,4.56,0.27,0.23,0.16,0.34,,,,,
3835,15708160,1373,100090.24308197302,56372.617935342125,9.39,5191.56,-8.198906652978621e-05,23685.895624160767,0.7865837273420766,3.844006912e-06,0.98315036,4.56,0.27,0.23,0.16,0.34,,,,,
3836,15712256,1375,99467.96343982824,55983.06701815838,9.36,5144.65,-0.00018305516459804494,26250.683499097824,0.87131602386944,3.84240128e-06,0.9734601,4.59,0.26,0.24,0.15,0.35,,,,,
3837,15716352,1375,99467.96343982824,55983.06701815838,9.36,5144.65,-0.0001918918078445131,9350.718570232391,0.8079404667951167,3.840795648e-06,0.9555531,4.59,0.26,0.24,0.15,0.35,,,,,
3838,15720448,1376,96294.64245122409,54346.84646389769,9.25,5072.76,-0.00023007403979136143,15705.036847352982,0.8607552654575557,3.839190016e-06,0.96397614,4.53,0.27,0.24,0.15,0.34,,,,,
3839,15724544,1376,96294.64245122409,54346.84646389769,9.25,5072.76,-2.1345851564547047e-05,55828.82718849182,0.8351476703537628,3.837584384e-06,0.9560063,4.53,0.27,0.24,0.15,0.34,,,,,
3840,15728640,1377,96664.78772509091,54535.18910544013,9.26,5083.62,-0.00011000229642377235,39530.6799287796,0.8428764193085954,3.835978752000001e-06,0.97806674,4.53,0.27,0.24,0.15,0.34,,,,,
3841,15732736,1377,96664.78772509091,54535.18910544013,9.26,5083.62,-0.00010699591894081095,17017.796239376068,0.7909965891158208,3.834373120000001e-06,0.9860171,4.53,0.27,0.24,0.15,0.34,,,,,
3842,15736832,1378,95494.54506333922,53931.52773635279,9.2,5068.51,-0.00032074740647658473,16998.177385807037,0.8649512637639418,3.832767488e-06,0.95261174,4.48,0.27,0.24,0.16,0.33,,,,,
3843,15740928,1378,95494.54506333922,53931.52773635279,9.2,5068.51,-7.266363172675483e-05,47643.610053539276,0.7633857937762514,3.8311618559999995e-06,0.971342,4.48,0.27,0.24,0.16,0.33,,,,,
3844,15745024,1382,94760.31107622584,53551.15480718263,9.22,5030.98,-3.771308911382221e-05,73482.4541015625,0.888124028686434,3.829556223999999e-06,0.96175355,4.54,0.27,0.23,0.16,0.34,,,,,
3845,15749120,1382,94760.31107622584,53551.15480718263,9.22,5030.98,-0.0003849579697998706,2928.946833014488,0.8659455799497664,3.827950592000001e-06,0.97827667,4.54,0.27,0.23,0.16,0.34,,,,,
3846,15753216,1383,95576.98641871136,53992.9692475578,9.24,5081.95,-6.142978418210987e-05,14036.768315315247,0.8973666114034131,3.8263449600000006e-06,0.9819017,4.5,0.28,0.23,0.15,0.34,,,,,
3847,15757312,1383,95576.98641871136,53992.9692475578,9.24,5081.95,-8.406547476624837e-05,27468.30538892746,0.8246284093474969,3.824739328e-06,0.96690553,4.5,0.28,0.23,0.15,0.34,,,,,
3848,15761408,1384,93066.80733688606,52639.87584866924,9.17,4993.74,-0.0003197931291651912,10645.479548692703,0.9518270578701049,3.823133696e-06,0.94705594,4.52,0.27,0.24,0.15,0.34,,,,,
3849,15765504,1385,92788.77477648015,52485.09423000405,9.17,4971.44,-7.043844834697666e-05,47184.35390853882,0.7455626634182408,3.821528064000001e-06,0.976815,4.54,0.27,0.23,0.16,0.34,,,,,
3850,15769600,1385,92788.77477648015,52485.09423000405,9.17,4971.44,-0.0004197251473669894,5217.709900975227,0.887676925980486,3.8199224320000005e-06,0.9777692,4.54,0.27,0.23,0.16,0.34,137439.41869535728,76020.91023325751,10.9,6040.566666666667,0.5333333333333333
3851,15773696,1385,92788.77477648015,52485.09423000405,9.17,4971.44,-0.0003324828185213846,20793.453379631042,0.8897924381308258,3.8183168e-06,0.97779036,4.54,0.27,0.23,0.16,0.34,,,,,
3852,15777792,1385,92788.77477648015,52485.09423000405,9.17,4971.44,-9.11523716240481e-05,107433.70136547089,0.7752815615385771,3.816711168e-06,0.9713887,4.54,0.27,0.23,0.16,0.34,,,,,
3853,15781888,1386,95573.7747091896,54017.47113540939,9.28,5091.58,-0.0002489623593646684,83545.1481051445,0.8068104754202068,3.815105536000001e-06,-0.17744577,4.53,0.28,0.22,0.16,0.34,,,,,
3854,15785984,1387,94896.80196662871,53656.121077807344,9.25,5062.2,-0.00011376856946299085,18211.220331430435,0.8529309283476323,3.8134999040000005e-06,0.9354857,4.52,0.29,0.21,0.16,0.34,,,,,
3855,15790080,1388,95115.48508009041,53786.73640252936,9.27,5062.86,-4.666582935897168e-05,97034.93525600433,0.7949812702136114,3.8118942720000003e-06,0.94218516,4.54,0.28,0.22,0.16,0.34,,,,,
3856,15794176,1389,94599.00753074086,53490.89722693852,9.31,5017.44,-0.0003840039589704247,12700.561248779297,0.8158365044509992,3.81028864e-06,0.934539,4.63,0.28,0.21,0.16,0.35,,,,,
3857,15798272,1391,92778.31644795841,52487.99186011429,9.23,4958.13,-3.46686947523267e-05,60753.06400537491,0.8965162618551403,3.8086830080000007e-06,0.9555555,4.61,0.29,0.2,0.16,0.35,,,,,
3858,15802368,1393,91978.84935257936,52007.965959826055,9.36,4871.82,-9.851157392404275e-05,147876.9022846222,0.9085623401915655,3.8070773760000005e-06,0.95748305,4.84,0.28,0.19,0.16,0.37,,,,,
3859,15806464,1394,92082.26629760671,52064.70063185829,9.3,4880.52,-0.0001582853683430585,13059.132286787033,0.865221472340636,3.8054717440000002e-06,0.96607965,4.77,0.28,0.2,0.16,0.36,,,,,
3860,15810560,1395,93113.0735342834,52653.77538839677,9.27,4936.12,-0.00018894248933065683,28397.005742549896,0.8516469759633765,3.803866112e-06,0.97444504,4.68,0.28,0.21,0.16,0.35,,,,,
3861,15814656,1395,93113.0735342834,52653.77538839677,9.27,4936.12,-7.504197310481686e-05,49484.35831928253,0.788865934824571,3.80226048e-06,0.985057,4.68,0.28,0.21,0.16,0.35,,,,,
3862,15818752,1395,93113.0735342834,52653.77538839677,9.27,4936.12,-4.653014548239298e-05,284035.2336177826,0.7779625805560499,3.8006548480000004e-06,0.9479716,4.68,0.28,0.21,0.16,0.35,,,,,
3863,15822848,1398,94358.37127819868,53292.00603069105,9.25,4951.7,-0.00019130768669128884,11163.426599502563,0.8911881733220071,3.799049216e-06,0.81038034,4.66,0.28,0.21,0.15,0.36,,,,,
3864,15826944,1399,94346.92146376753,53293.33686941056,9.24,4961.31,-0.0001020250683723134,23556.92753982544,0.8841916235396639,3.797443584e-06,0.8529356,4.64,0.29,0.2,0.15,0.36,,,,,
3865,15831040,1400,94397.03999806328,53327.81764825844,9.24,4966.04,-0.00011772022753575584,40581.48827934265,0.888130952604115,3.7958379519999998e-06,0.6574091,4.64,0.29,0.2,0.15,0.36,,,,,
3866,15835136,1400,94397.03999806328,53327.81764825844,9.24,4966.04,-0.00015244693440763513,21007.65381717682,0.7700424018548802,3.7942323200000004e-06,0.970748,4.64,0.29,0.2,0.15,0.36,,,,,
3867,15839232,1402,93715.37281996678,52924.77879228964,9.18,4931.66,-6.520317583635915e-05,57940.5391368866,0.8703244114294648,3.792626688e-06,0.9695746,4.62,0.28,0.22,0.15,0.35,,,,,
3868,15843328,1403,94549.71554647869,53355.856320645886,9.21,4958.53,-3.946456854464486e-05,139068.9864730835,0.7833912417991087,3.791021056e-06,0.92868423,4.63,0.28,0.22,0.15,0.35,,,,,
3869,15847424,1403,94549.71554647869,53355.856320645886,9.21,4958.53,-9.763934031070676e-05,27650.772391319275,0.7390979381743819,3.7894154239999997e-06,0.97284025,4.63,0.28,0.22,0.15,0.35,,,,,
3870,15851520,1405,93838.94131224001,53011.533432576114,9.18,4958.31,-0.00012986167894268874,19236.404665470123,0.8762393669458106,3.7878097920000003e-06,0.9643421,4.59,0.28,0.23,0.15,0.34,,,,,
3871,15855616,1405,93838.94131224001,53011.533432576114,9.18,4958.31,-7.960402399476152e-05,23688.349025964737,0.8738192515447736,3.78620416e-06,0.9644978,4.59,0.28,0.23,0.15,0.34,,,,,
3872,15859712,1406,95479.13369548552,53924.4828007145,9.2,5025.87,-0.00011382940920157125,54433.556495666504,0.7706505889073014,3.784598528e-06,0.9804583,4.54,0.28,0.23,0.16,0.33,,,,,
3873,15863808,1408,96055.37509387478,54257.54985109291,9.34,5032.96,-5.956024870101828e-05,75550.82026290894,0.8880272331880406,3.7829928959999997e-06,0.93712103,4.68,0.27,0.22,0.16,0.35,,,,,
3874,15867904,1409,95647.96627833357,54018.9896803633,9.31,5023.05,-0.0001674250515861786,21512.798679351807,0.9071316219633445,3.7813872640000003e-06,0.9699249,4.66,0.27,0.23,0.15,0.35,,,,,
3875,15872000,1410,94837.8062890128,53576.16775609564,9.3,4974.85,-8.47273995532305e-05,25667.981731891632,0.897169365780428,3.779781632e-06,0.96971804,4.7,0.27,0.22,0.15,0.36,113334.62673467069,63662.3484014169,10.3,5379.366666666667,0.5
3876,15876096,1412,94220.8672205164,53249.074495209374,9.16,4961.89,-0.00014717264457431156,20240.59924030304,0.7914689868921414,3.778176e-06,0.97388595,4.57,0.27,0.22,0.17,0.34,,,,,
3877,15880192,1413,94647.2848024437,53477.90600697798,9.15,4989.58,-0.00046506317312378087,6292.143758535385,0.9089920545229688,3.7765703679999996e-06,0.97769326,4.53,0.27,0.23,0.17,0.33,,,,,
3878,15884288,1413,94647.2848024437,53477.90600697798,9.15,4989.58,-0.00018631987768458202,8284.980573177338,0.7683752961456776,3.7749647359999994e-06,0.9720797,4.53,0.27,0.23,0.17,0.33,,,,,
3879,15888384,1414,95948.54577208956,54199.276560483864,9.19,5052.72,-5.9048086768598296e-05,29941.242473125458,0.7819554191082716,3.773359104000001e-06,0.97613776,4.5,0.27,0.24,0.17,0.32,,,,,
3880,15892480,1415,95048.59559825558,53675.569578413124,9.2,4990.26,-5.0065423238265794e-05,75426.60993385315,0.8715038837399334,3.771753472e-06,0.962793,4.58,0.26,0.24,0.17,0.33,,,,,
3881,15896576,1415,95048.59559825558,53675.569578413124,9.2,4990.26,-0.00010277010551362764,245695.61419963837,0.7541354966815561,3.7701478399999996e-06,0.96243215,4.58,0.26,0.24,0.17,0.33,,,,,
3882,15900672,1416,95962.24193584295,54116.627560407054,9.26,4983.26,-0.00025551605904183816,169300.43497300148,0.810448711970821,3.7685422079999994e-06,0.94805187,4.66,0.26,0.23,0.17,0.34,,,,,
3883,15904768,1417,96593.1243015203,54479.861264884,9.28,5021.54,-0.00019506071294017602,17916.94387292862,0.8832120212027803,3.766936576000001e-06,0.9686018,4.63,0.26,0.24,0.16,0.34,,,,,
3884,15908864,1418,97315.55439109338,54877.09802525854,9.3,5050.9,-4.833780258195475e-05,41965.0325422287,0.798174315947108,3.7653309440000006e-06,0.97251594,4.62,0.26,0.24,0.17,0.33,,,,,
3885,15912960,1418,97315.55439109338,54877.09802525854,9.3,5050.9,-0.00028898753407702316,17122.19358563423,0.8440618580207229,3.7637253120000004e-06,0.97600734,4.62,0.26,0.24,0.17,0.33,,,,,
3886,15917056,1418,97315.55439109338,54877.09802525854,9.3,5050.9,-5.2197965487721376e-05,52713.53859710693,0.787436317303218,3.76211968e-06,0.9740057,4.62,0.26,0.24,0.17,0.33,,,,,
3887,15921152,1420,97899.73617857094,55206.18045403252,9.35,5056.49,-4.712079180535511e-05,137329.19755458832,0.8952407977776602,3.760514048000001e-06,0.94853544,4.67,0.25,0.24,0.18,0.33,,,,,
3888,15925248,1420,97899.73617857094,55206.18045403252,9.35,5056.49,-0.00014587113309971755,7674.749710559845,0.8387930870521814,3.7589084160000006e-06,0.97042733,4.67,0.25,0.24,0.18,0.33,,,,,
3889,15929344,1420,97899.73617857094,55206.18045403252,9.35,5056.49,-8.322041139763314e-05,24818.079659938812,0.8394215921871364,3.7573027840000004e-06,0.96607095,4.67,0.25,0.24,0.18,0.33,,,,,
3890,15933440,1420,97899.73617857094,55206.18045403252,9.35,5056.49,-0.00013263638265925692,104171.52185821533,0.7687915408750996,3.755697152e-06,0.97814435,4.67,0.25,0.24,0.18,0.33,,,,,
3891,15937536,1421,100267.19552766823,56477.78729727406,9.43,5149.08,-0.00034069981302309316,8308.41624379158,0.8785855054156855,3.7540915200000008e-06,0.9296374,4.66,0.26,0.23,0.18,0.33,,,,,
3892,15941632,1421,100267.19552766823,56477.78729727406,9.43,5149.08,-0.00020569589014485246,24692.300885677338,0.8057029938790947,3.7524858880000005e-06,0.9637721,4.66,0.26,0.23,0.18,0.33,,,,,
3893,15945728,1423,99808.28745847572,56248.81826493354,9.47,5130.01,-3.47077311744215e-05,51800.37786388397,0.8645108545897529,3.7508802560000003e-06,0.9398726,4.72,0.26,0.23,0.17,0.34,,,,,
3894,15949824,1424,98089.68483102186,55305.891058721325,9.4,5058.1,-0.000201251513317402,14120.38682603836,0.871941581601277,3.749274624e-06,0.9161378,4.72,0.26,0.23,0.17,0.34,,,,,
3895,15953920,1424,98089.68483102186,55305.891058721325,9.4,5058.1,-6.20296377746854e-05,35130.4651556015,0.8494888070272282,3.747668992e-06,0.9733556,4.72,0.26,0.23,0.17,0.34,,,,,
3896,15958016,1425,98059.01367725524,55288.76272367709,9.4,5057.39,-0.00011755242667277344,27879.9204621315,0.8147744833258912,3.7460633600000005e-06,0.9725182,4.72,0.26,0.23,0.17,0.34,,,,,
3897,15962112,1426,98135.20818044753,55331.69388215054,9.39,5066.6,-0.00020691578356490936,12856.313629746437,0.8836658212821931,3.7444577280000003e-06,0.9596379,4.7,0.26,0.23,0.18,0.33,,,,,
3898,15966208,1427,96669.15298449536,54586.680708736814,9.28,5054.58,-0.0003310988540761173,8235.798748970032,0.8332335611339658,3.742852096e-06,0.95596665,4.59,0.27,0.23,0.18,0.32,,,,,
3899,15970304,1427,96669.15298449536,54586.680708736814,9.28,5054.58,-0.00017289473362325225,9129.375173807144,0.8088870227802545,3.741246464e-06,0.9713492,4.59,0.27,0.23,0.18,0.32,,,,,
3900,15974400,1428,97881.13799218959,55251.11865517988,9.33,5116.49,-8.422111750405747e-05,29615.721107006073,0.809186834958382,3.7396408320000005e-06,0.9717579,4.58,0.28,0.22,0.18,0.32,127149.88077692197,71104.40828176742,10.933333333333334,6038.0,0.6
3901,15978496,1428,97881.13799218959,55251.11865517988,9.33,5116.49,-0.00035662701793626184,4938.687148094177,0.7752878576284274,3.7380352000000002e-06,0.97690874,4.58,0.28,0.22,0.18,0.32,,,,,
3902,15982592,1429,98685.92909303807,55720.939187592725,9.37,5165.96,-0.00019525203879311448,15434.882912158966,0.8296179991448298,3.736429568e-06,0.9637532,4.56,0.29,0.21,0.18,0.32,,,,,
3903,15986688,1431,94906.31135034913,53672.00911629856,9.23,5008.53,-0.00016704926656530006,13286.709297418594,0.8944045620737597,3.734823936e-06,0.946864,4.58,0.29,0.2,0.19,0.32,,,,,
3904,15990784,1431,94906.31135034913,53672.00911629856,9.23,5008.53,-0.0001925507422129158,15820.421106815338,0.8102282301988453,3.7332183040000004e-06,0.9695995,4.58,0.29,0.2,0.19,0.32,,,,,
3905,15994880,1434,92697.91445536305,52421.46996964624,9.17,4891.42,-0.00015823106150492094,14068.14764714241,0.8942573581589386,3.731612672e-06,0.96376586,4.65,0.28,0.21,0.19,0.32,,,,,
3906,15998976,1435,91469.76036926001,51791.5770173299,9.08,4877.6,-0.0003743095066965907,21394.930064678192,0.8243921337416396,3.73000704e-06,0.9647794,4.56,0.28,0.22,0.19,0.31,,,,,
3907,16003072,1437,90690.05168124041,51352.601120096435,9.14,4827.44,-0.00011647896099020727,12586.39378285408,0.8472560733789578,3.7284014079999998e-06,0.95662403,4.67,0.27,0.23,0.18,0.32,,,,,
3908,16007168,1437,90690.05168124041,51352.601120096435,9.14,4827.44,-0.00015014478412922472,24036.911946296692,0.7796959360130131,3.7267957760000004e-06,0.97453266,4.67,0.27,0.23,0.18,0.32,,,,,
3909,16011264,1437,90690.05168124041,51352.601120096435,9.14,4827.44,-6.724902777932584e-05,53961.15220069885,0.7452283257152885,3.725190144e-06,0.9809684,4.67,0.27,0.23,0.18,0.32,,,,,
3910,16015360,1439,91693.60629497009,51893.39142912521,9.23,4849.34,-5.3482820476347115e-05,57650.926672935486,0.9226027558324859,3.723584512e-06,0.9187262,4.75,0.26,0.24,0.17,0.33,,,,,
3911,16019456,1439,91693.60629497009,51893.39142912521,9.23,4849.34,-0.00014219793501979439,28387.897562265396,0.8840382905909792,3.7219788799999997e-06,0.96991163,4.75,0.26,0.24,0.17,0.33,,,,,
3912,16023552,1439,91693.60629497009,51893.39142912521,9.23,4849.34,-4.815717966266675e-05,70524.14252185822,0.7996996027650312,3.7203732479999995e-06,0.9756918,4.75,0.26,0.24,0.17,0.33,,,,,
3913,16027648,1441,90111.5220461636,50990.84351763874,9.18,4760.66,-0.0001222246210090816,65984.75431966782,0.8455158413853496,3.718767616e-06,0.95374316,4.8,0.25,0.23,0.19,0.33,,,,,
3914,16031744,1441,90111.5220461636,50990.84351763874,9.18,4760.66,-0.0006014551290718373,5273.578249812126,0.8615717061329633,3.717161984e-06,0.96387583,4.8,0.25,0.23,0.19,0.33,,,,,
3915,16035840,1442,89627.19069112599,50721.858006785355,9.16,4737.7,-0.000294924443551281,6675.540293335915,0.8922546664252877,3.7155563519999997e-06,0.9688601,4.8,0.25,0.23,0.19,0.33,,,,,
3916,16039936,1442,89627.19069112599,50721.858006785355,9.16,4737.7,-0.000202750625248882,12275.64794921875,0.8664890924701467,3.7139507199999995e-06,0.9790263,4.8,0.25,0.23,0.19,0.33,,,,,
3917,16044032,1443,89803.3150372357,50843.30484792366,9.11,4779.59,-8.258644720626762e-05,20869.83591556549,0.8779822317883372,3.712345088e-06,0.97936857,4.7,0.26,0.23,0.19,0.32,,,,,
3918,16048128,1443,89803.3150372357,50843.30484792366,9.11,4779.59,-0.0002022429725911934,47587.903118133545,0.7888122842414305,3.710739456e-06,0.9812903,4.7,0.26,0.23,0.19,0.32,,,,,
3919,16052224,1444,90797.75684145032,51373.08788272938,9.16,4790.87,-0.00010437688388265087,39837.96964740753,0.8637930797412992,3.7091338239999997e-06,0.9679332,4.74,0.25,0.23,0.2,0.32,,,,,
3920,16056320,1444,90797.75684145032,51373.08788272938,9.16,4790.87,-0.00012641930652534938,14082.968344449997,0.8447821221780032,3.7075281919999994e-06,0.9802573,4.74,0.25,0.23,0.2,0.32,,,,,
3921,16060416,1445,92103.56748456096,52112.695060149126,9.21,4852.22,-4.172115495748585e-05,47391.10401535034,0.8255240663420409,3.705922560000001e-06,0.9636625,4.73,0.26,0.22,0.2,0.32,,,,,
3922,16064512,1446,89582.64568852476,50742.93961098032,9.17,4743.59,-0.0002015515137827606,11190.874378919601,0.8564668422332034,3.7043169280000007e-06,0.9438254,4.8,0.26,0.21,0.2,0.33,,,,,
3923,16068608,1446,89582.64568852476,50742.93961098032,9.17,4743.59,-5.368289930629544e-05,36382.2865524292,0.7767273740610108,3.7027112960000005e-06,0.9650374,4.8,0.26,0.21,0.2,0.33,,,,,
3924,16072704,1448,90136.95378685523,51082.29168902836,9.09,4799.92,-0.00015111669927136973,20505.25263285637,0.815560482791625,3.7011056639999994e-06,0.97525126,4.65,0.27,0.22,0.2,0.31,,,,,
3925,16076800,1448,90136.95378685523,51082.29168902836,9.09,4799.92,-7.260887468873989e-05,46307.86145782471,0.737935189390555,3.699500032000001e-06,0.97620934,4.65,0.27,0.22,0.2,0.31,123533.18107175552,69174.61623749933,10.633333333333333,5762.433333333333,0.6
3926,16080896,1450,88736.32021296605,50297.71450872772,9.15,4704.11,-0.00018327867110201623,34074.17010450363,0.8791173517238349,3.6978944000000006e-06,0.9798891,4.81,0.27,0.2,0.2,0.33,,,,,
3927,16084992,1451,88620.29436507283,50242.52667293864,9.15,4697.53,-0.0001194943870359566,31526.863951206207,0.908623103867285,3.6962887680000004e-06,0.9309358,4.82,0.27,0.2,0.2,0.33,,,,,
3928,16089088,1452,88762.94254274109,50335.309157474134,9.16,4708.16,-0.00017161065625259653,11327.854221105576,0.8233179389499128,3.694683136e-06,0.93781215,4.82,0.27,0.2,0.2,0.33,,,,,
3929,16093184,1452,88762.94254274109,50335.309157474134,9.16,4708.16,-0.00023864411741669755,16216.516453742981,0.8322245328454301,3.693077504000001e-06,0.9752516,4.82,0.27,0.2,0.2,0.33,,,,,
3930,16097280,1455,89931.46338248614,50975.78097406406,9.32,4755.69,-0.000151957367961586,17997.33492088318,0.8344575214432552,3.6914718720000006e-06,0.97726387,4.93,0.27,0.2,0.19,0.34,,,,,
3931,16101376,1455,89931.46338248614,50975.78097406406,9.32,4755.69,-0.0003174374214722775,7422.9632999897,0.8329801558284089,3.6898662400000004e-06,0.9676914,4.93,0.27,0.2,0.19,0.34,,,,,
3932,16105472,1456,90500.5015821065,51281.65422899626,9.31,4797.47,-0.0002484503465893795,15192.15276169777,0.9061295663705096,3.688260608e-06,0.9593429,4.87,0.28,0.2,0.19,0.33,,,,,
3933,16109568,1457,91265.04865175433,51720.97820388626,9.29,4851.93,-0.0003316391494081472,11145.428302288055,0.8335061481921002,3.686654976e-06,0.9653326,4.79,0.29,0.2,0.19,0.32,,,,,
3934,16113664,1457,91265.04865175433,51720.97820388626,9.29,4851.93,-0.0001817821112126694,14469.934440612793,0.8488827168475837,3.6850493440000006e-06,0.9501383,4.79,0.29,0.2,0.19,0.32,,,,,
3935,16117760,1458,91258.02293907704,51719.79006207198,9.29,4852.09,-0.00011274836833763402,29954.25817155838,0.8421979466220364,3.6834437120000003e-06,0.93883383,4.79,0.29,0.2,0.19,0.32,,,,,
3936,16121856,1458,91258.02293907704,51719.79006207198,9.29,4852.09,-9.471929388382705e-05,15842.936730146408,0.7967112510232255,3.68183808e-06,0.959886,4.79,0.29,0.2,0.19,0.32,,,,,
3937,16125952,1458,91258.02293907704,51719.79006207198,9.29,4852.09,-3.55073298123898e-05,43816.06454086304,0.7632626906270161,3.680232448e-06,0.9769977,4.79,0.29,0.2,0.19,0.32,,,,,
3938,16130048,1459,93295.60249147756,52862.597540205534,9.29,4950.46,-6.631609721807763e-06,599547.699136734,0.7837643113452941,3.6786268160000005e-06,0.82445574,4.69,0.29,0.21,0.19,0.31,,,,,
3939,16134144,1460,91490.75360988715,51897.55687184486,9.24,4876.79,-0.00021001979348511668,9167.60490822792,0.8818227477604523,3.6770211840000003e-06,0.888558,4.71,0.29,0.21,0.18,0.32,,,,,
3940,16138240,1461,91956.78836734533,52154.56344841906,9.24,4914.03,-3.430543074500747e-05,79212.08810710907,0.9343059648526832,3.675415552e-06,0.7860578,4.67,0.3,0.21,0.17,0.32,,,,,
3941,16142336,1461,91956.78836734533,52154.56344841906,9.24,4914.03,-2.8502987333922647e-05,49961.932085990906,0.7775003515416756,3.67380992e-06,0.97305673,4.67,0.3,0.21,0.17,0.32,,,,,
3942,16146432,1461,91956.78836734533,52154.56344841906,9.24,4914.03,-5.458733539853711e-05,143721.31895446777,0.7183425115654245,3.6722042880000005e-06,0.9789231,4.67,0.3,0.21,0.17,0.32,,,,,
3943,16150528,1462,95062.31857189802,53797.67616692825,9.36,5008.0,-4.526619431999279e-05,155546.11734867096,0.8002862904686481,3.6705986560000003e-06,0.9561279,4.71,0.29,0.21,0.18,0.32,,,,,
3944,16154624,1463,96608.18543883823,54628.83535166042,9.41,5063.3,-0.00012612361024366692,58825.97509145737,0.7505525334272534,3.668993024e-06,0.97664094,4.71,0.29,0.21,0.18,0.32,,,,,
3945,16158720,1464,96242.10176854282,54414.060724913055,9.3,5074.62,-0.000225309014240338,16013.14341044426,0.9224632628029212,3.667387392e-06,0.96423215,4.58,0.3,0.21,0.18,0.31,,,,,
3946,16162816,1464,96242.10176854282,54414.060724913055,9.3,5074.62,-5.7887943512469064e-05,98074.35224056244,0.8275553600396961,3.6657817600000004e-06,0.9748605,4.58,0.3,0.21,0.18,0.31,,,,,
3947,16166912,1469,91682.99613988597,51851.40503950732,9.35,4805.49,-5.8100486057810485e-06,590733.6200489998,0.9861490905750543,3.6641761280000002e-06,-0.24953568,4.93,0.26,0.21,0.18,0.35,,,,,
3948,16171008,1470,90855.92489622712,51388.857450243784,9.32,4765.9,-0.00034269524894625647,20038.37091946602,0.8405032571172342,3.662570496e-06,0.9200746,4.94,0.25,0.22,0.18,0.35,,,,,
3949,16175104,1470,90855.92489622712,51388.857450243784,9.32,4765.9,-0.0004429891450854484,4600.704602241516,0.8657113976078108,3.6609648639999998e-06,0.9791993,4.94,0.25,0.22,0.18,0.35,,,,,
3950,16179200,1470,90855.92489622712,51388.857450243784,9.32,4765.9,-9.158077409665566e-05,22593.333837747574,0.7298659663647413,3.6593592319999996e-06,0.97456145,4.94,0.25,0.22,0.18,0.35,127056.03018144696,70797.41022762071,10.7,5899.233333333334,0.5666666666666667
3951,16183296,1470,90855.92489622712,51388.857450243784,9.32,4765.9,-4.6649043724755757e-05,107109.51327896118,0.8011076912516728,3.6577536e-06,0.96908236,4.94,0.25,0.22,0.18,0.35,,,,,
3952,16187392,1471,94115.95785948314,53122.546490006345,9.4,4893.54,-3.213860600226326e-05,222528.9237909317,0.757889524102211,3.656147968e-06,0.9474933,4.9,0.26,0.22,0.17,0.35,,,,,
3953,16191488,1471,94115.95785948314,53122.546490006345,9.4,4893.54,-0.0005870785025763325,5342.520181655884,0.8551211421145126,3.6545423359999997e-06,0.96505725,4.9,0.26,0.22,0.17,0.35,,,,,
3954,16195584,1471,94115.95785948314,53122.546490006345,9.4,4893.54,-9.356440750707407e-05,25314.211115837097,0.766020615468733,3.6529367039999995e-06,0.9812037,4.9,0.26,0.22,0.17,0.35,,,,,
3955,16199680,1471,94115.95785948314,53122.546490006345,9.4,4893.54,-3.630566243373323e-05,118694.20246315002,0.7353113435674459,3.651331072e-06,0.97083515,4.9,0.26,0.22,0.17,0.35,,,,,
3956,16203776,1473,96350.49677285306,54340.2052183755,9.43,4983.7,-0.0004204445231152931,9394.122796297073,0.8749068761244416,3.64972544e-06,0.8879484,4.84,0.27,0.22,0.17,0.34,,,,,
3957,16207872,1474,95783.63149127582,54047.13559585162,9.39,4974.92,-5.638076072500553e-05,20140.414572954178,0.8035597724374384,3.6481198079999997e-06,0.9583062,4.8,0.27,0.23,0.17,0.33,,,,,
3958,16211968,1474,95783.63149127582,54047.13559585162,9.39,4974.92,-0.0004105354410057771,16432.704886436462,0.8307210815837607,3.6465141759999995e-06,0.9702115,4.8,0.27,0.23,0.17,0.33,,,,,
3959,16216064,1474,95783.63149127582,54047.13559585162,9.39,4974.92,-0.00029782743877149187,37361.071022987366,0.7732069690246135,3.644908544000001e-06,0.9825566,4.8,0.27,0.23,0.17,0.33,,,,,
3960,16220160,1474,95783.63149127582,54047.13559585162,9.39,4974.92,-0.0001435905005564564,143450.4794306755,0.7054201791761443,3.6433029120000007e-06,0.97399414,4.8,0.27,0.23,0.17,0.33,,,,,
3961,16224256,1475,98792.69512771996,55669.154020244845,9.5,5086.87,-9.536083234706894e-05,22723.41431427002,0.8409549260977656,3.6416972800000005e-06,0.9779625,4.8,0.27,0.23,0.17,0.33,,,,,
3962,16228352,1476,99507.9625386076,56037.88161639002,9.56,5087.51,-0.00017498917532066116,57999.381340026855,0.8216754844179377,3.6400916479999994e-06,0.9786702,4.87,0.26,0.23,0.17,0.34,,,,,
3963,16232448,1477,97930.9224666211,55199.53658451801,9.52,5027.6,-0.00011105977500847075,23596.37951517105,0.8749105144524947,3.638486016000001e-06,0.93474126,4.89,0.26,0.23,0.16,0.35,,,,,
3964,16236544,1478,97457.4776989574,54944.57561612535,9.49,5024.44,-0.00018655632629815955,15701.742216587067,0.9084668126888573,3.6368803840000007e-06,0.9582634,4.86,0.27,0.23,0.15,0.35,,,,,
3965,16240640,1479,96131.7015104274,54209.51287372355,9.43,4986.27,-7.324423836507776e-05,55539.72550582886,0.8390726102516055,3.6352747520000005e-06,0.881033,4.84,0.27,0.24,0.14,0.35,,,,,
3966,16244736,1479,96131.7015104274,54209.51287372355,9.43,4986.27,-0.00036087777334614657,7774.307480573654,0.8395439861342311,3.6336691200000003e-06,0.97352487,4.84,0.27,0.24,0.14,0.35,,,,,
3967,16248832,1480,96999.96291863272,54722.76514299265,9.37,5044.39,-0.00011345699385856278,38054.5012588501,0.9020474622957408,3.632063488e-06,0.92706895,4.71,0.28,0.24,0.14,0.34,,,,,
3968,16252928,1481,96892.8283787828,54665.5732498815,9.33,5042.99,-8.248364247265272e-05,49065.41734313965,0.8588428929215297,3.6304578560000007e-06,0.97214806,4.67,0.28,0.24,0.14,0.34,,,,,
3969,16257024,1482,98037.05479445274,55300.370268875035,9.39,5086.27,-3.956688487960491e-05,58697.11226654053,0.779201140278019,3.6288522240000004e-06,0.954671,4.69,0.28,0.24,0.14,0.34,,,,,
3970,16261120,1483,97951.27855741924,55252.600598722405,9.41,5060.84,-8.909883763408288e-05,19657.140819072723,0.8682358432561159,3.6272465920000002e-06,0.97959316,4.74,0.27,0.24,0.14,0.35,,,,,
3971,16265216,1483,97951.27855741924,55252.600598722405,9.41,5060.84,-0.0001583842713444028,32733.71229314804,0.7597935929661617,3.62564096e-06,0.9827941,4.74,0.27,0.24,0.14,0.35,,,,,
3972,16269312,1484,99346.37371220726,55984.66864717791,9.46,5096.94,-4.953676034347154e-05,113366.1079378128,0.8338248959043995,3.6240353280000006e-06,0.964914,4.76,0.27,0.23,0.15,0.35,,,,,
3973,16273408,1486,95827.07603070584,54050.77343417841,9.37,4931.49,-4.330043975642184e-05,46685.398968696594,0.8524357014102861,3.6224296960000004e-06,0.9601035,4.84,0.26,0.23,0.15,0.36,,,,,
3974,16277504,1486,95827.07603070584,54050.77343417841,9.37,4931.49,-8.329652700922452e-05,35409.70606184006,0.7954644131241366,3.620824064e-06,0.9717022,4.84,0.26,0.23,0.15,0.36,,,,,
3975,16281600,1486,95827.07603070584,54050.77343417841,9.37,4931.49,-7.13803174221539e-05,122881.37205314636,0.7550819565076381,3.619218432e-06,0.97430253,4.84,0.26,0.23,0.15,0.36,79779.42433232811,45297.01846223305,9.2,4237.433333333333,0.4
3976,16285696,1487,98569.26233294993,55495.435279687954,9.47,5008.44,-0.00022542917031387333,196953.31108427048,0.865303189959377,3.6176128000000006e-06,0.957312,4.88,0.25,0.23,0.16,0.36,,,,,
3977,16289792,1488,97924.34687183995,55114.17007595049,9.42,4978.55,-0.00035614409353001975,19466.492208242416,0.9053880519932136,3.6160071680000004e-06,0.9787298,4.86,0.26,0.22,0.16,0.36,,,,,
3978,16293888,1489,98082.8743920748,55203.03408759012,9.38,4996.36,-0.00022232830997381825,3195.925826072693,0.8477784105343744,3.614401536e-06,0.9447923,4.8,0.26,0.22,0.17,0.35,,,,,
3979,16297984,1489,98082.8743920748,55203.03408759012,9.38,4996.36,-9.285182568419259e-05,26081.463163375854,0.7870402698172256,3.612795904e-06,0.9702583,4.8,0.26,0.22,0.17,0.35,,,,,
3980,16302080,1490,99388.63900062192,55939.82818785763,9.44,5053.68,-6.737232251907699e-05,28680.850516796112,0.8634274599608034,3.6111902720000005e-06,0.97637314,4.8,0.26,0.22,0.17,0.35,,,,,
3981,16306176,1490,99388.63900062192,55939.82818785763,9.44,5053.68,-3.722444580489537e-05,32603.516733646393,0.7463120726170018,3.6095846400000003e-06,0.97530395,4.8,0.26,0.22,0.17,0.35,,,,,
3982,16310272,1491,101025.84591359115,56829.8570808105,9.48,5122.45,-0.00018237026415590663,43482.57105207443,0.7743938370840624,3.607979008e-06,0.9798781,4.77,0.26,0.22,0.18,0.34,,,,,
3983,16314368,1492,100314.51512540196,56462.53385234727,9.38,5122.3,-0.0003124072609352879,8226.472707748413,0.8740695946617052,3.606373376e-06,0.9497948,4.66,0.27,0.22,0.18,0.33,,,,,
3984,16318464,1492,100314.51512540196,56462.53385234727,9.38,5122.3,-0.0004283653138372756,6101.382906198502,0.8375623484607786,3.6047677439999997e-06,0.9732373,4.66,0.27,0.22,0.18,0.33,,,,,
3985,16322560,1493,101505.22435736725,57140.69690916899,9.33,5193.67,-0.0001156367006842629,20620.199375629425,0.8292262348113582,3.6031621120000003e-06,0.96921235,4.53,0.28,0.22,0.18,0.32,,,,,
3986,16326656,1493,101505.22435736725,57140.69690916899,9.33,5193.67,-0.0001200470287585631,17982.85846877098,0.8244679684285074,3.60155648e-06,0.96332854,4.53,0.28,0.22,0.18,0.32,,,,,
3987,16330752,1494,102934.3448416165,57941.949672146126,9.39,5270.16,-0.00011915141203644453,17565.101076602936,0.8100755751365796,3.599950848e-06,0.9779639,4.51,0.29,0.21,0.18,0.32,,,,,
3988,16334848,1495,102326.32424445683,57586.74787850724,9.38,5235.97,-0.00011609426019276725,13657.56339764595,0.8588063437491655,3.5983452159999996e-06,0.93602866,4.54,0.29,0.2,0.18,0.33,,,,,
3989,16338944,1495,102326.32424445683,57586.74787850724,9.38,5235.97,-0.00017183005911647342,14805.027200460434,0.8096867119893432,3.5967395840000002e-06,0.9788493,4.54,0.29,0.2,0.18,0.33,,,,,
3990,16343040,1496,101191.45807544542,56995.12812879644,9.33,5230.05,-5.4436770369648e-05,41167.7173333168,0.8241321622626856,3.595133952e-06,0.9710193,4.48,0.3,0.2,0.18,0.32,,,,,
3991,16347136,1496,101191.45807544542,56995.12812879644,9.33,5230.05,-0.00015729682490928099,8669.025927305222,0.8270977698266506,3.59352832e-06,0.9649541,4.48,0.3,0.2,0.18,0.32,,,,,
3992,16351232,1496,101191.45807544542,56995.12812879644,9.33,5230.05,-7.363916211033938e-05,30230.35214948654,0.7512453574454412,3.5919226879999996e-06,0.98670936,4.48,0.3,0.2,0.18,0.32,,,,,
3993,16355328,1496,101191.45807544542,56995.12812879644,9.33,5230.05,-5.668908306688536e-05,123843.62561225891,0.7910011041676626,3.590317056e-06,0.96484846,4.48,0.3,0.2,0.18,0.32,,,,,
3994,16359424,1498,104556.75037788105,58803.34727759021,9.44,5360.64,-0.0002567931760495412,101326.64263153076,0.8668371133971959,3.588711424e-06,0.96838427,4.46,0.3,0.2,0.18,0.32,,,,,
3995,16363520,1498,104556.75037788105,58803.34727759021,9.44,5360.64,-0.0004801730319741182,7774.776020526886,0.8915217260364443,3.5871057919999998e-06,0.9823602,4.46,0.3,0.2,0.18,0.32,,,,,
3996,16367616,1499,104990.00016708663,59032.489533336535,9.46,5379.93,-3.7190089642535895e-05,29545.260469436646,0.8487269898178056,3.5855001599999995e-06,0.91630936,4.46,0.3,0.2,0.18,0.32,,,,,
3997,16371712,1500,106260.37162327711,59737.13181219299,9.46,5431.66,-0.0001321534873568453,36434.534757614136,0.7879323243396357,3.583894528000001e-06,0.9644918,4.4,0.3,0.2,0.19,0.31,,,,,
3998,16375808,1500,106260.37162327711,59737.13181219299,9.46,5431.66,-0.00011845786139019765,18392.594601154327,0.8278168629622087,3.582288896000001e-06,0.9780661,4.4,0.3,0.2,0.19,0.31,,,,,
3999,16379904,1501,105472.60403684698,59299.73849763428,9.44,5393.64,-0.00031921789559419267,12629.892166614532,0.9059622433269396,3.5806832639999997e-06,0.9650402,4.42,0.3,0.19,0.2,0.31,,,,,
4000,16384000,1501,105472.60403684698,59299.73849763428,9.44,5393.64,-5.719933506043162e-05,17204.790910243988,0.7835416477173567,3.5790776319999995e-06,0.9870363,4.42,0.3,0.19,0.2,0.31,109858.624755376,61466.73774238273,10.233333333333333,5325.733333333334,0.4
4001,16388096,1502,107471.44425507906,60413.489507633705,9.53,5487.12,-7.915982496342622e-05,34352.10269641876,0.8483246740652248,3.5774719999999993e-06,0.97320014,4.41,0.3,0.19,0.2,0.31,,,,,
4002,16392192,1503,106761.94296155332,60053.07688597601,9.47,5471.93,-0.00012471346963138785,10701.567527532578,0.8693071274319664,3.5758663680000008e-06,0.89929324,4.36,0.3,0.19,0.2,0.31,,,,,
4003,16396288,1503,106761.94296155332,60053.07688597601,9.47,5471.93,-0.0002651320201039198,18553.30209159851,0.8113775653764606,3.5742607360000005e-06,0.9762523,4.36,0.3,0.19,0.2,0.31,,,,,
4004,16400384,1504,107414.49936930729,60406.5245183233,9.48,5514.05,-7.038563944661291e-05,45474.67256593704,0.813011504127644,3.5726551040000003e-06,0.94459563,4.33,0.31,0.19,0.19,0.31,,,,,
4005,16404480,1505,107453.47290293034,60434.17082205065,9.51,5505.83,-4.0067784539132845e-05,48649.17991256714,0.8121680561453104,3.571049472e-06,0.955399,4.37,0.31,0.18,0.19,0.32,,,,,
4006,16408576,1508,106325.42567254597,59786.23997389852,9.47,5454.01,-7.292133068403928e-05,68689.28324890137,0.868132880423218,3.5694438400000007e-06,0.97169477,4.38,0.31,0.18,0.19,0.32,,,,,
4007,16412672,1510,105805.49780229884,59477.65591619819,9.48,5426.2,-0.0003905465819116216,5064.370398044586,0.8882737003732473,3.5678382080000005e-06,0.9694389,4.42,0.31,0.18,0.19,0.32,,,,,
4008,16416768,1510,105805.49780229884,59477.65591619819,9.48,5426.2,-0.0002478196765878238,12852.084237575531,0.8977415992412716,3.5662325760000003e-06,0.96854705,4.42,0.31,0.18,0.19,0.32,,,,,
4009,16420864,1511,105716.69901775513,59448.06518794699,9.47,5432.2,-0.00015465002707060194,15432.867146372795,0.910774263436906,3.564626944e-06,0.9670345,4.4,0.31,0.19,0.18,0.32,,,,,
4010,16424960,1511,105716.69901775513,59448.06518794699,9.47,5432.2,-0.0002403008697910991,20352.23472070694,0.8188839976210147,3.5630213120000007e-06,0.9659595,4.4,0.31,0.19,0.18,0.32,,,,,
4011,16429056,1512,107209.02770404951,60281.973366594386,9.53,5513.11,-0.00014068484051676933,15440.527342319489,0.8521151603199542,3.5614156800000005e-06,0.974766,4.37,0.32,0.19,0.17,0.32,,,,,
4012,16433152,1514,105702.57445363414,59441.966077657744,9.52,5446.7,-0.00019249866818427108,12516.044087171555,0.9133251488674432,3.5598100480000002e-06,0.91180766,4.43,0.33,0.17,0.17,0.33,,,,,
4013,16437248,1514,105702.57445363414,59441.966077657744,9.52,5446.7,-0.0003943863985114149,10296.785980701447,0.9164665271528065,3.558204416e-06,0.9750982,4.43,0.33,0.17,0.17,0.33,,,,,
4014,16441344,1516,103496.60786606981,58303.78160515657,9.4,5412.51,-9.11724519028212e-05,28297.681951522827,0.8426832436816767,3.5565987840000006e-06,0.9333106,4.33,0.34,0.17,0.17,0.32,,,,,
4015,16445440,1517,103289.65768657844,58181.48166652841,9.39,5400.17,-0.0001477963032812113,10343.396357536316,0.8267614650540054,3.5549931520000004e-06,0.93337566,4.34,0.34,0.17,0.17,0.32,,,,,
4016,16449536,1517,103289.65768657844,58181.48166652841,9.39,5400.17,-0.00011481615365482867,21096.981256484985,0.8000145624391735,3.55338752e-06,0.97837967,4.34,0.34,0.17,0.17,0.32,,,,,
4017,16453632,1518,103692.63941099813,58391.054290594744,9.39,5431.77,-6.617127019126201e-05,40011.519394397736,0.9116213833913207,3.551781888e-06,0.9737809,4.3,0.35,0.17,0.16,0.32,,,,,
4018,16457728,1519,102332.72122981252,57655.39700103379,9.37,5374.06,-0.00017999840565607883,18597.512762069702,0.8849901825888082,3.5501762559999997e-06,0.9741376,4.34,0.35,0.17,0.15,0.33,,,,,
4019,16461824,1520,102639.34834888163,57821.657667584426,9.32,5402.89,-9.49663781284471e-05,13374.878472089767,0.8367368755862117,3.5485706240000004e-06,0.9787946,4.26,0.35,0.17,0.16,0.32,,,,,
4020,16465920,1520,102639.34834888163,57821.657667584426,9.32,5402.89,-0.00021165749785723165,7847.547133207321,0.8138401417527348,3.546964992e-06,0.98089,4.26,0.35,0.17,0.16,0.32,,,,,
4021,16470016,1521,101502.83064322198,57223.43926656044,9.29,5360.98,-9.076775040739449e-05,32744.542921066284,0.7537284482968971,3.54535936e-06,0.9787123,4.27,0.34,0.18,0.16,0.32,,,,,
4022,16474112,1521,101502.83064322198,57223.43926656044,9.29,5360.98,-5.236611104919575e-05,45512.261659145355,0.7601876527769491,3.5437537279999997e-06,0.9754881,4.27,0.34,0.18,0.16,0.32,,,,,
4023,16478208,1522,100970.33751651544,56931.97997536485,9.3,5317.88,-0.0004486046491365414,4800.302185177803,0.9201410693349317,3.5421480960000003e-06,0.9567556,4.33,0.33,0.18,0.16,0.33,,,,,
4024,16482304,1524,100952.68252351237,56920.81104659442,9.25,5322.98,-0.0002228633820777759,8330.876856327057,0.848241058527492,3.540542464e-06,0.9653884,4.27,0.33,0.18,0.17,0.32,,,,,
4025,16486400,1525,100078.2680510862,56449.83943432307,9.19,5310.01,-3.3373653423041105e-05,31048.470814228058,0.8603738797828555,3.538936832e-06,0.8087718,4.22,0.34,0.18,0.17,0.31,129348.06161443437,72417.60109005087,11.0,6038.266666666666,0.5666666666666667
4026,16490496,1525,100078.2680510862,56449.83943432307,9.19,5310.01,-0.0001764033004292287,23070.080032348633,0.8406263119541109,3.5373311999999997e-06,0.9708913,4.22,0.34,0.18,0.17,0.31,,,,,
4027,16494592,1526,101263.7314618474,57096.2836574914,9.23,5353.33,-4.135498602408916e-05,55114.435742378235,0.7796578230336308,3.5357255680000003e-06,0.97655714,4.22,0.34,0.18,0.17,0.31,,,,,
4028,16498688,1526,101263.7314618474,57096.2836574914,9.23,5353.33,-0.0002926992401626194,8542.970867395401,0.7959444848820567,3.534119936e-06,0.95533013,4.22,0.34,0.18,0.17,0.31,,,,,
4029,16502784,1528,100071.16294312419,56455.129172973226,9.2,5288.17,-0.0001069895333785098,28369.633633613586,0.8299681359203532,3.532514304e-06,0.95715135,4.26,0.33,0.18,0.18,0.31,,,,,
4030,16506880,1528,100071.16294312419,56455.129172973226,9.2,5288.17,-0.0003566515842976514,4266.746843695641,0.8784701272379607,3.5309086719999996e-06,0.974215,4.26,0.33,0.18,0.18,0.31,,,,,
4031,16510976,1528,100071.16294312419,56455.129172973226,9.2,5288.17,-0.00019559606880648062,19386.703226566315,0.9085938583593816,3.5293030400000003e-06,0.97720265,4.26,0.33,0.18,0.18,0.31,,,,,
4032,16515072,1530,100835.76074979533,56870.6408659855,9.34,5302.04,-4.0100805563270114e-05,58921.45671272278,0.7944963702466339,3.527697408e-06,0.9649411,4.4,0.32,0.18,0.18,0.32,,,,,
4033,16519168,1531,101516.73434543962,57255.00577319568,9.41,5319.18,-0.00013367248175200075,46333.26090049744,0.7996060374425724,3.526091776e-06,0.96967113,4.45,0.32,0.18,0.17,0.33,,,,,
4034,16523264,1532,100942.60187518202,56934.96574578485,9.38,5297.61,-0.00014466971242654836,16970.85657930374,0.8949144009966403,3.5244861439999996e-06,0.9605599,4.44,0.32,0.18,0.17,0.33,,,,,
4035,16527360,1532,100942.60187518202,56934.96574578485,9.38,5297.61,-0.00013920832316216547,16019.400861740112,0.8261949144070968,3.522880512000001e-06,0.9880245,4.44,0.32,0.18,0.17,0.33,,,,,
4036,16531456,1533,102926.95358769783,58048.24552654944,9.4,5378.96,-6.18890808254946e-05,68426.63419151306,0.8034791374811903,3.52127488e-06,0.9630645,4.38,0.32,0.18,0.18,0.32,,,,,
4037,16535552,1533,102926.95358769783,58048.24552654944,9.4,5378.96,-9.205943297274644e-05,13131.611534357071,0.7620953823206946,3.5196692479999998e-06,0.97459954,4.38,0.32,0.18,0.18,0.32,,,,,
4038,16539648,1534,103795.24450355057,58531.72261738876,9.46,5427.23,-0.00012451789916667622,18155.411158561707,0.8837591427145526,3.5180636159999996e-06,0.9560372,4.39,0.32,0.18,0.18,0.32,,,,,
4039,16543744,1536,104078.89176453528,58680.95327816449,9.48,5422.6,-0.0001829991779231932,17148.61457014084,0.8411446282407269,3.5164579839999993e-06,0.98141754,4.42,0.32,0.17,0.19,0.32,,,,,
4040,16547840,1537,104075.28422301689,58690.25428731121,9.43,5424.8,-0.0004719263451988809,8739.946536898613,0.8815271067433059,3.514852352000001e-06,0.9353347,4.37,0.32,0.17,0.19,0.32,,,,,
4041,16551936,1540,99245.34167932335,56059.439068000625,9.18,5244.85,-0.0003985791827290086,5843.364183187485,0.9511061095399782,3.5132467200000006e-06,0.93553036,4.29,0.33,0.16,0.2,0.31,,,,,
4042,16556032,1540,99245.34167932335,56059.439068000625,9.18,5244.85,-0.00026935776713798987,12957.239789962769,0.8577838238561526,3.5116410880000004e-06,0.97301906,4.29,0.33,0.16,0.2,0.31,,,,,
4043,16560128,1541,100365.03888630075,56684.21880167382,9.22,5304.26,-5.459797648654785e-05,27136.67287158966,0.87289909995161,3.5100354559999993e-06,0.968614,4.26,0.34,0.16,0.19,0.31,,,,,
4044,16564224,1543,99075.06027786875,55956.132141811,9.17,5218.65,-0.00010055487291538157,19299.506511688232,0.8547864401480183,3.5084298240000008e-06,0.93005896,4.31,0.32,0.17,0.2,0.31,,,,,
4045,16568320,1543,99075.06027786875,55956.132141811,9.17,5218.65,-9.596808558853809e-05,16188.363291740417,0.8406706022797152,3.5068241920000005e-06,0.9845699,4.31,0.32,0.17,0.2,0.31,,,,,
4046,16572416,1544,98747.0263671,55776.40611889076,9.16,5210.93,-8.168464410118759e-05,59887.92604494095,0.9207454861607403,3.5052185600000003e-06,0.9607282,4.31,0.32,0.17,0.2,0.31,,,,,
4047,16576512,1546,97730.22581891822,55219.60073063552,9.16,5155.31,-7.02431780155166e-05,50707.85632801056,0.8405885150423273,3.503612928e-06,0.9515075,4.37,0.31,0.17,0.21,0.31,,,,,
4048,16580608,1546,97730.22581891822,55219.60073063552,9.16,5155.31,-0.00017759171441866783,24791.947635173798,0.8780420868424699,3.5020072960000007e-06,0.98535275,4.37,0.31,0.17,0.21,0.31,,,,,
4049,16584704,1547,97788.90974173942,55233.51449347207,9.18,5138.21,-5.262989361654036e-05,42295.86242437363,0.8542158105410635,3.5004016640000005e-06,0.9625084,4.42,0.3,0.17,0.21,0.32,,,,,
4050,16588800,1547,97788.90974173942,55233.51449347207,9.18,5138.21,-5.999810491630342e-05,29940.659613609314,0.8392944453516975,3.4987960320000003e-06,0.96309364,4.42,0.3,0.17,0.21,0.32,139320.27170678996,77071.14544314341,11.066666666666666,6212.266666666666,0.6
4051,16592896,1548,98501.35611326825,55639.06403946105,9.22,5177.11,-0.00024148953343683388,10150.75215625763,0.9192470324924216,3.4971904e-06,0.89797634,4.42,0.3,0.17,0.21,0.32,,,,,
4052,16596992,1548,98501.35611326825,55639.06403946105,9.22,5177.11,-9.257639067072887e-05,19780.591410160065,0.813074734644033,3.4955847680000007e-06,0.9787445,4.42,0.3,0.17,0.21,0.32,,,,,
4053,16601088,1549,98315.13548638273,55563.83946106278,9.19,5200.47,-0.00019528496432030806,8434.34499335289,0.7885315357707441,3.4939791360000005e-06,0.9675336,4.36,0.31,0.17,0.21,0.31,,,,,
4054,16605184,1549,98315.13548638273,55563.83946106278,9.19,5200.47,-0.0001577950442879228,6915.536591053009,0.7938933351542801,3.4923735040000002e-06,0.98998815,4.36,0.31,0.17,0.21,0.31,,,,,
4055,16609280,1551,99374.98376756965,56168.66094916343,9.17,5251.73,-4.1935002627724316e-05,40366.47099113464,0.8634126618271694,3.490767872e-06,0.96668446,4.28,0.32,0.16,0.21,0.31,,,,,
4056,16613376,1552,98996.82273995945,55948.792514382854,9.17,5220.53,-0.00019584756591939367,24141.25799560547,0.8714881233172491,3.48916224e-06,0.85167104,4.32,0.31,0.16,0.22,0.31,,,,,
4057,16617472,1552,98996.82273995945,55948.792514382854,9.17,5220.53,-5.2517265430651605e-05,27813.05051422119,0.7782314881915227,3.4875566080000004e-06,0.9797712,4.32,0.31,0.16,0.22,0.31,,,,,
4058,16621568,1553,99679.3594508685,56310.51936468408,9.19,5243.04,-9.29332945815986e-05,23063.99277329445,0.8442432010779157,3.485950976e-06,0.97048616,4.32,0.31,0.16,0.22,0.31,,,,,
4059,16625664,1554,100546.97258313851,56815.33987584545,9.16,5297.16,-0.00017580191524757538,16559.476976394653,0.9076529103331268,3.484345344e-06,0.9683577,4.23,0.31,0.17,0.22,0.3,,,,,
4060,16629760,1554,100546.97258313851,56815.33987584545,9.16,5297.16,-0.0005464769692480331,9237.109501600266,0.7988326451741159,3.4827397119999998e-06,0.9693024,4.23,0.31,0.17,0.22,0.3,,,,,
4061,16633856,1555,101553.97829668561,57388.09308708453,9.14,5361.07,-0.00018727060160017572,35031.5242729187,0.8241671076975763,3.4811340800000004e-06,0.9652789,4.14,0.32,0.17,0.22,0.29,,,,,
4062,16637952,1556,101503.17193508965,57326.9262269742,9.2,5329.89,-0.00014613563234888716,25135.76212668419,0.8480703725945204,3.479528448e-06,0.9841724,4.24,0.31,0.17,0.22,0.3,,,,,
4063,16642048,1557,101280.02343108637,57203.99084809053,9.19,5318.04,-0.0002243582403025357,8764.914296627045,0.8826608171220869,3.477922816e-06,0.95326227,4.24,0.31,0.17,0.22,0.3,,,,,
4064,16646144,1558,101030.1574611406,57041.49783905073,9.18,5301.06,-0.00010719121928559616,28779.41262626648,0.8141075791791081,3.4763171839999997e-06,0.9005563,4.25,0.3,0.18,0.22,0.3,,,,,
4065,16650240,1559,98662.8657336821,55768.43527005433,9.16,5195.05,-4.5027547457721084e-05,91236.67744255066,0.8274667422519997,3.4747115520000004e-06,0.9581193,4.33,0.3,0.17,0.22,0.31,,,,,
4066,16654336,1561,98946.51389340231,55917.77539703815,9.25,5187.01,-9.192356446874328e-05,35907.36668586731,0.854360489291139,3.47310592e-06,0.971515,4.43,0.29,0.17,0.22,0.32,,,,,
4067,16658432,1561,98946.51389340231,55917.77539703815,9.25,5187.01,-8.531753883289639e-05,17498.118711471558,0.914827240863815,3.471500288e-06,0.96676743,4.43,0.29,0.17,0.22,0.32,,,,,
4068,16662528,1562,96922.43685095884,54878.602343308215,9.19,5138.5,-7.479997839254793e-05,32488.43584060669,0.8892260267166421,3.4698946559999997e-06,0.9657179,4.41,0.29,0.18,0.21,0.32,,,,,
4069,16666624,1564,95111.88053642266,53867.036102359714,9.23,5056.14,-0.00019940852689614985,5752.020535826683,0.8738529660040513,3.4682890240000003e-06,0.96446514,4.54,0.28,0.18,0.21,0.33,,,,,
4070,16670720,1566,94453.92444423246,53572.25676593454,9.21,5057.03,-6.858136111986823e-05,29017.68062543869,0.8920037639327347,3.466683392e-06,0.9599084,4.5,0.29,0.18,0.2,0.33,,,,,
4071,16674816,1567,94992.2084792233,53883.75210697674,9.19,5097.91,-0.00019379475452296901,13338.029563903809,0.8179311315761879,3.46507776e-06,0.9490546,4.43,0.3,0.18,0.2,0.32,,,,,
4072,16678912,1567,94992.2084792233,53883.75210697674,9.19,5097.91,-0.000443014498159755,12012.67504811287,0.8821709313197061,3.4634721279999996e-06,0.9652581,4.43,0.3,0.18,0.2,0.32,,,,,
4073,16683008,1569,95932.95854769954,54430.01322660505,9.14,5161.37,-0.00015476941644010367,9903.953436374664,0.8725509271025658,3.4618664959999994e-06,0.97723883,4.31,0.31,0.18,0.2,0.31,,,,,
4074,16687104,1570,95893.52549846352,54415.76483788651,9.14,5157.75,-0.00018106131756212562,11583.590890407562,0.8300064830109477,3.460260864e-06,0.958048,4.31,0.31,0.18,0.2,0.31,,,,,
4075,16691200,1571,92456.39899492338,52562.582170953116,9.1,5016.07,-0.00018482179348211503,20947.9982817173,0.8636839238461107,3.458655232e-06,0.96816015,4.41,0.3,0.18,0.2,0.32,77043.49126443575,43764.59099642526,9.066666666666666,4154.1,0.23333333333333334
4076,16695296,1571,92456.39899492338,52562.582170953116,9.1,5016.07,-0.00013466253858496202,21857.405891895294,0.8791991557227448,3.4570495999999996e-06,0.96777505,4.41,0.3,0.18,0.2,0.32,,,,,
4077,16699392,1573,91308.83846428573,51932.94220301765,9.11,4969.05,-3.313474098831648e-05,44304.91123151779,0.8140646269312128,3.4554439679999994e-06,0.9568128,4.47,0.29,0.18,0.2,0.33,,,,,
4078,16703488,1573,91308.83846428573,51932.94220301765,9.11,4969.05,-0.0001491185439590481,5982.0111339092255,0.827380551956594,3.453838336000001e-06,0.9787391,4.47,0.29,0.18,0.2,0.33,,,,,
4079,16707584,1574,91967.28532112215,52292.870645422045,9.13,5003.74,-0.0002497272998880362,42428.29626083374,0.8034311872906983,3.4522327040000006e-06,0.9646908,4.46,0.29,0.18,0.2,0.33,,,,,
4080,16711680,1574,91967.28532112215,52292.870645422045,9.13,5003.74,-0.00015875620010774583,16652.715190410614,0.8742133346386254,3.4506270720000004e-06,0.97536737,4.46,0.29,0.18,0.2,0.33,,,,,
4081,16715776,1574,91967.28532112215,52292.870645422045,9.13,5003.74,-5.7742961871554144e-05,56448.23204040527,0.7494005034677684,3.4490214399999994e-06,0.97017986,4.46,0.29,0.18,0.2,0.33,,,,,
4082,16719872,1575,91010.3247212083,51793.889505546395,9.11,4968.31,-9.942957149178255e-05,60773.532861709595,0.8718677907017991,3.447415808000001e-06,0.96940887,4.48,0.29,0.17,0.21,0.33,,,,,
4083,16723968,1576,90438.59596730961,51451.635213206886,9.09,4951.39,-7.397278386633843e-05,111233.44639968872,0.8346662879921496,3.4458101760000006e-06,0.97108775,4.48,0.29,0.17,0.21,0.33,,,,,
4084,16728064,1577,91385.6670712582,51920.05594796258,9.16,4965.09,-0.00010691820625652326,214453.8180961609,0.8277974294032902,3.4442045440000004e-06,0.9552306,4.54,0.29,0.17,0.21,0.33,,,,,
4085,16732160,1577,91385.6670712582,51920.05594796258,9.16,4965.09,-0.0001979348271561321,10607.553371191025,0.8643337169196457,3.442598912e-06,0.98272413,4.54,0.29,0.17,0.21,0.33,,,,,
4086,16736256,1579,91594.71104426589,52042.4440236316,9.17,4949.89,-4.604363130056299e-05,55616.05027294159,0.8689091767882928,3.4409932800000008e-06,0.9491293,4.56,0.28,0.17,0.22,0.33,,,,,
4087,16740352,1580,90999.49828436022,51697.5503905812,9.22,4901.41,-0.0001448384018658544,37181.35636472702,0.8489079484716058,3.4393876480000006e-06,0.96516514,4.67,0.27,0.17,0.22,0.34,,,,,
4088,16744448,1581,91487.1039388288,51976.51359082119,9.21,4939.92,-0.00012823330871469807,24177.064512729645,0.8535416830563918,3.4377820160000003e-06,0.9540189,4.61,0.28,0.17,0.22,0.33,,,,,
4089,16748544,1582,91017.53715028746,51747.96298168503,9.19,4926.8,-0.00010231005853711395,19665.865533828735,0.8096927929436788,3.436176384e-06,0.9690757,4.6,0.28,0.17,0.22,0.33,,,,,
4090,16752640,1582,91017.53715028746,51747.96298168503,9.19,4926.8,-9.891487025015522e-05,20166.057689666748,0.8264491581358016,3.434570752e-06,0.9707957,4.6,0.28,0.17,0.22,0.33,,,,,
4091,16756736,1583,91977.44197918329,52266.338789679765,9.2,4987.2,-8.659956165502081e-05,26302.596247196198,0.7926701101241633,3.4329651200000005e-06,0.9769342,4.55,0.29,0.17,0.22,0.32,,,,,
4092,16760832,1584,89543.58989537589,50956.15858165627,9.08,4901.53,-0.00024530201153538655,5007.542188882828,0.7854912877082825,3.4313594880000003e-06,0.9580594,4.51,0.3,0.17,0.21,0.32,,,,,
4093,16764928,1585,89045.91202379318,50669.5642771577,9.01,4897.71,-0.00029028683638898656,9649.929933786392,0.8299182384507731,3.429753856e-06,0.9730162,4.44,0.3,0.18,0.21,0.31,,,,,
4094,16769024,1586,90163.9179897857,51300.22014140325,9.06,4958.88,-7.30376887077e-05,23730.044416427612,0.7982587028527632,3.428148224e-06,0.9667522,4.43,0.3,0.19,0.2,0.31,,,,,
4095,16773120,1586,90163.9179897857,51300.22014140325,9.06,4958.88,-0.00013354943075682968,20061.78543138504,0.8117252703523263,3.4265425920000005e-06,0.97969216,4.43,0.3,0.19,0.2,0.31,,,,,
4096,16777216,1588,88752.11495348206,50566.47300996419,9.1,4904.35,-7.599750642839354e-05,52729.26673460007,0.8467742047505453,3.4249369600000003e-06,0.984527,4.52,0.29,0.19,0.2,0.32,,,,,
4097,16781312,1589,88058.07749270726,50198.64316471749,9.04,4881.49,-0.00012403938853822183,8571.522133350372,0.874033990316093,3.423331328e-06,0.8820964,4.48,0.3,0.19,0.19,0.32,,,,,
4098,16785408,1589,88058.07749270726,50198.64316471749,9.04,4881.49,-0.00023924635024741292,12084.501373291016,0.7778636669972911,3.421725696e-06,0.97735214,4.48,0.3,0.19,0.19,0.32,,,,,
4099,16789504,1589,88058.07749270726,50198.64316471749,9.04,4881.49,-6.805969542256207e-05,32380.467649936676,0.737883816822432,3.4201200640000004e-06,0.9827947,4.48,0.3,0.19,0.19,0.32,,,,,
4100,16793600,1591,86571.58514937344,49373.51866174699,8.97,4811.09,-8.004825849639019e-05,23531.124197006226,0.8610073997406289,3.4185144320000002e-06,0.97117275,4.48,0.3,0.19,0.19,0.32,125290.49662546343,69798.50013289478,10.7,5806.433333333333,0.43333333333333335
4101,16797696,1592,87566.41657634213,49901.30530992574,9.04,4834.14,-2.6015988623839803e-05,125806.01280021667,0.8145267842337489,3.4169088e-06,0.9057426,4.54,0.29,0.19,0.19,0.33,,,,,
4102,16801792,1592,87566.41657634213,49901.30530992574,9.04,4834.14,-0.0002026764050242491,8794.96415758133,0.8137994316639379,3.4153031679999998e-06,0.97995436,4.54,0.29,0.19,0.19,0.33,,,,,
4103,16805888,1593,87848.03774563364,50063.49089155695,9.05,4847.02,-6.056106667529093e-05,22418.39343070984,0.838336328510195,3.4136975360000004e-06,0.97472924,4.54,0.29,0.19,0.19,0.33,,,,,
4104,16809984,1593,87848.03774563364,50063.49089155695,9.05,4847.02,-0.00017384669263265096,16845.952390670776,0.8584593660198152,3.412091904e-06,0.97602814,4.54,0.29,0.19,0.19,0.33,,,,,
4105,16814080,1594,87454.25791737397,49843.355137327526,9.04,4823.33,-4.316234753787285e-05,51040.36625957489,0.7845189035870135,3.410486272e-06,0.9044453,4.56,0.28,0.2,0.19,0.33,,,,,
4106,16818176,1594,87454.25791737397,49843.355137327526,9.04,4823.33,-7.190494125097757e-05,65983.43264007568,0.7475585334468633,3.4088806399999997e-06,0.963308,4.56,0.28,0.2,0.19,0.33,,,,,
4107,16822272,1595,88606.15608948423,50469.36395750031,9.08,4866.11,-7.889455901022302e-05,30768.291552066803,0.8613778073340654,3.4072750079999995e-06,0.94517225,4.56,0.28,0.2,0.19,0.33,,,,,
4108,16826368,1596,88142.41963514508,50208.510321504975,9.08,4830.05,-0.00023144729175328393,32371.566824436188,0.7627223088638857,3.405669376e-06,0.97728795,4.6,0.27,0.2,0.2,0.33,,,,,
4109,16830464,1596,88142.41963514508,50208.510321504975,9.08,4830.05,-7.393992382276338e-05,35616.320115566254,0.7679131279001012,3.404063744e-06,0.97752106,4.6,0.27,0.2,0.2,0.33,,,,,
4110,16834560,1597,86971.79503141875,49578.25575470313,9.06,4778.58,-5.1377699492149986e-05,99367.1791934967,0.8215003296500072,3.4024581119999997e-06,0.9511977,4.64,0.26,0.2,0.21,0.33,,,,,
4111,16838656,1597,86971.79503141875,49578.25575470313,9.06,4778.58,-0.00011572448784136213,23107.35809326172,0.8149611784610897,3.4008524799999995e-06,0.9797273,4.64,0.26,0.2,0.21,0.33,,,,,
4112,16842752,1597,86971.79503141875,49578.25575470313,9.06,4778.58,-3.458204355410999e-05,134443.302400589,0.7816183073446155,3.399246848e-06,0.964799,4.64,0.26,0.2,0.21,0.33,,,,,
4113,16846848,1600,87011.9076831803,49576.19549174007,9.1,4746.35,-0.00013636426228913479,21370.38978266716,0.9401943656848744,3.397641216e-06,0.93711317,4.72,0.25,0.2,0.21,0.34,,,,,
4114,16850944,1601,87167.50847908799,49656.53771410194,9.13,4739.75,-6.835338263044832e-05,48336.43273115158,0.8307062523672357,3.3960355839999997e-06,0.9728874,4.76,0.25,0.2,0.2,0.35,,,,,
4115,16855040,1601,87167.50847908799,49656.53771410194,9.13,4739.75,-6.392599698301638e-05,27096.295722961426,0.8448232959490269,3.3944299519999994e-06,0.9826501,4.76,0.25,0.2,0.2,0.35,,,,,
4116,16859136,1602,87591.92566606517,49861.39810119254,9.16,4727.35,-3.943929368688259e-05,214176.5627641678,0.7710933763301,3.392824320000001e-06,0.96106267,4.81,0.25,0.19,0.2,0.36,,,,,
4117,16863232,1602,87591.92566606517,49861.39810119254,9.16,4727.35,-0.0005550787773245247,4245.2549377679825,0.8364865480689332,3.3912186880000007e-06,0.97117513,4.81,0.25,0.19,0.2,0.36,,,,,
4118,16867328,1602,87591.92566606517,49861.39810119254,9.16,4727.35,-0.00012419254562701099,26259.977965831757,0.8186715992633253,3.3896130559999996e-06,0.97949535,4.81,0.25,0.19,0.2,0.36,,,,,
4119,16871424,1604,86841.22728593965,49464.58688739548,9.15,4694.22,-6.372412281052675e-05,43179.51104068756,0.8556219947058707,3.3880074239999994e-06,0.7769421,4.83,0.25,0.19,0.2,0.36,,,,,
4120,16875520,1604,86841.22728593965,49464.58688739548,9.15,4694.22,-5.651826359098777e-05,25706.379415035248,0.8873985456302762,3.386401792000001e-06,0.9758534,4.83,0.25,0.19,0.2,0.36,,,,,
4121,16879616,1605,88444.7340730471,50336.774050021915,9.19,4764.37,-3.144828042422887e-05,57226.784812927246,0.7690195003524423,3.3847961600000007e-06,0.9570307,4.8,0.25,0.2,0.2,0.35,,,,,
4122,16883712,1606,88355.89427993275,50290.344259541875,9.18,4766.39,-0.00011060441102017649,34427.529624938965,0.8274728105170652,3.3831905280000004e-06,0.9805132,4.79,0.25,0.2,0.2,0.35,,,,,
4123,16887808,1606,88355.89427993275,50290.344259541875,9.18,4766.39,-0.0002462818993080873,12012.640945672989,0.8437332389876246,3.3815848960000002e-06,0.9810554,4.79,0.25,0.2,0.2,0.35,,,,,
4124,16891904,1606,88355.89427993275,50290.344259541875,9.18,4766.39,-4.390525555209024e-05,46795.35912322998,0.8025335826678202,3.379979264e-06,0.97609776,4.79,0.25,0.2,0.2,0.35,,,,,
4125,16896000,1607,90123.94698120361,51257.24198558202,9.25,4841.87,-0.0003483816435618792,5620.9570924043655,0.8596596118295565,3.3783736320000006e-06,0.93764067,4.79,0.25,0.2,0.2,0.35,145121.29302404923,80552.17432793976,11.266666666666667,6402.0,0.5666666666666667
4126,16900096,1608,91326.19552011162,51952.21855282188,9.24,4916.72,-4.605735375662334e-05,38707.739832401276,0.8567207666346803,3.3767680000000004e-06,0.9578091,4.7,0.26,0.2,0.2,0.34,,,,,
4127,16904192,1609,91333.55407574958,51961.97066761004,9.18,4919.22,-0.00014984131667006295,13158.678893566132,0.9342548635322601,3.375162368e-06,0.9658948,4.64,0.26,0.2,0.21,0.33,,,,,
4128,16908288,1610,92209.83772696013,52462.21959394233,9.23,4946.98,-6.072622181818588e-05,45449.21496486664,0.8047670029336587,3.373556736e-06,0.9632695,4.66,0.26,0.19,0.22,0.33,,,,,
4129,16912384,1610,92209.83772696013,52462.21959394233,9.23,4946.98,-0.0001296774971706327,19807.023686408997,0.9118699731770903,3.3719511040000006e-06,0.9624051,4.66,0.26,0.19,0.22,0.33,,,,,
4130,16916480,1610,92209.83772696013,52462.21959394233,9.23,4946.98,-6.14431874055299e-05,45993.813329696655,0.7440220502903685,3.3703454720000004e-06,0.97136736,4.66,0.26,0.19,0.22,0.33,,,,,
4131,16920576,1612,91853.98567342866,52230.710839643965,9.26,4903.09,-0.00013819213381793816,18164.85652923584,0.8881347553106025,3.36873984e-06,0.95701,4.74,0.25,0.19,0.22,0.34,,,,,
4132,16924672,1612,91853.98567342866,52230.710839643965,9.26,4903.09,-7.611784076289041e-05,27213.7100315094,0.7710178965935484,3.367134208e-06,0.9829636,4.74,0.25,0.19,0.22,0.34,,,,,
4133,16928768,1612,91853.98567342866,52230.710839643965,9.26,4903.09,-7.152564012358198e-05,179298.43916511536,0.7159932177746668,3.3655285760000005e-06,0.96824956,4.74,0.25,0.19,0.22,0.34,,,,,
4134,16932864,1613,94787.47438289884,53805.50329156314,9.37,4988.35,-5.377969591791043e-05,137027.41050100327,0.7871828096685931,3.3639229440000003e-06,0.9519345,4.77,0.24,0.19,0.23,0.34,,,,,
4135,16936960,1613,94787.47438289884,53805.50329156314,9.37,4988.35,-7.948754500830546e-05,36316.87482070923,0.7206535695586354,3.362317312e-06,0.9879829,4.77,0.24,0.19,0.23,0.34,,,,,
4136,16941056,1615,96007.06249482789,54470.54173217501,9.4,5018.28,-0.00010268392725265585,40960.85331487656,0.841045017936267,3.36071168e-06,0.93899846,4.78,0.23,0.19,0.24,0.34,,,,,
4137,16945152,1616,96295.2132522971,54623.05839213832,9.36,5043.09,-0.00022100940714153694,8546.860969781876,0.8788493981119245,3.3591060480000005e-06,0.92574894,4.71,0.24,0.19,0.24,0.33,,,,,
4138,16949248,1616,96295.2132522971,54623.05839213832,9.36,5043.09,-8.74910292623099e-05,16694.283962726593,0.8043410170357674,3.3575004160000003e-06,0.9764722,4.71,0.24,0.19,0.24,0.33,,,,,
4139,16953344,1617,97275.77172364661,55168.379998927914,9.4,5089.9,-8.732208425499266e-05,22910.029358148575,0.7641258790390566,3.355894784e-06,0.9796881,4.7,0.24,0.19,0.24,0.33,,,,,
4140,16957440,1617,97275.77172364661,55168.379998927914,9.4,5089.9,-0.0002546450177760562,20311.648579597473,0.8459186011459678,3.354289152e-06,0.967468,4.7,0.24,0.19,0.24,0.33,,,,,
4141,16961536,1617,97275.77172364661,55168.379998927914,9.4,5089.9,-7.132339669624344e-05,52641.5500793457,0.7462781656067818,3.3526835200000005e-06,0.9729711,4.7,0.24,0.19,0.24,0.33,,,,,
4142,16965632,1618,97936.0048327642,55524.98217802255,9.42,5106.24,-6.002504233038053e-05,328002.2068605423,0.8261558337835595,3.3510778880000002e-06,0.9510698,4.71,0.23,0.2,0.24,0.33,,,,,
4143,16969728,1619,99963.61576179587,56518.62271102092,9.52,5145.98,-4.354479733592598e-05,1018795.6444892883,0.7825476815924048,3.349472256e-06,0.9060014,4.78,0.23,0.2,0.24,0.33,,,,,
4144,16973824,1620,99235.97710530912,56122.61096599207,9.47,5120.87,-9.005998072098009e-05,23717.213032007217,0.8429255015216768,3.347866624e-06,0.95579094,4.75,0.24,0.2,0.23,0.33,,,,,
4145,16977920,1621,98814.66838195387,55868.641033567794,9.5,5076.08,-3.9803277104510926e-05,108549.04224300385,0.7949128822656348,3.3462609919999996e-06,0.9712137,4.83,0.24,0.19,0.23,0.34,,,,,
4146,16982016,1621,98814.66838195387,55868.641033567794,9.5,5076.08,-0.00013188272623665398,11252.26447224617,0.8711435898439959,3.34465536e-06,0.972315,4.83,0.24,0.19,0.23,0.34,,,,,
4147,16986112,1623,98844.28770650804,55874.28898262373,9.54,5075.57,-8.146229538397165e-05,21835.619628429413,0.8156393303070217,3.343049728e-06,0.97365713,4.87,0.23,0.2,0.23,0.34,,,,,
4148,16990208,1626,96281.0203779091,54420.1473138643,9.53,4939.25,-9.544860949972644e-05,54234.24785852432,1.0047229484189302,3.3414440959999998e-06,0.953638,5.0,0.22,0.2,0.22,0.36,,,,,
4149,16994304,1628,95697.97982124837,54103.933604374404,9.6,4891.81,-3.080758688156493e-05,69917.977684021,0.798247228609398,3.3398384639999995e-06,0.9145802,5.13,0.21,0.2,0.21,0.38,,,,,
4150,16998400,1629,94332.23307410926,53332.53362491311,9.58,4815.07,-9.592039168637712e-05,20995.2346804142,0.916663681040518,3.338232832e-06,0.9210671,5.19,0.2,0.2,0.21,0.39,110874.71924709357,62176.93215104156,10.233333333333333,5273.466666666666,0.4666666666666667
4151,17002496,1630,94749.50493086068,53575.530478772715,9.49,4845.38,-0.0003882336950482568,7516.355751633644,0.8023661311017349,3.3366272e-06,0.9378329,5.07,0.2,0.21,0.21,0.38,,,,,
4152,17006592,1631,94316.34477713086,53342.74366301159,9.42,4851.07,-9.222540029441006e-05,19008.486077785492,0.8933737713377923,3.3350215679999997e-06,0.973861,4.99,0.21,0.21,0.21,0.37,,,,,
4153,17010688,1631,94316.34477713086,53342.74366301159,9.42,4851.07,-5.840091534992098e-05,69896.60311317444,0.793950981576927,3.3334159359999995e-06,0.97852063,4.99,0.21,0.21,0.21,0.37,,,,,
4154,17014784,1632,96347.7971710755,54428.435502623346,9.5,4913.54,-8.280762540380238e-05,56348.35737991333,0.8656713992822915,3.331810304000001e-06,0.96676165,5.02,0.21,0.2,0.22,0.37,,,,,
4155,17018880,1633,94666.47901330711,53516.81676284364,9.43,4852.38,-0.0004318326809880091,13750.663286924362,0.8510053863283247,3.330204672e-06,0.9610047,5.0,0.21,0.21,0.21,0.37,,,,,
4156,17022976,1633,94666.47901330711,53516.81676284364,9.43,4852.38,-0.0001586771395523101,23490.565558433533,0.8050058902008459,3.3285990399999997e-06,0.9774639,5.0,0.21,0.21,0.21,0.37,,,,,
4157,17027072,1635,93980.27879429398,53140.8265795919,9.42,4818.62,-0.00012581624196172925,10185.592228889465,0.7988751665689051,3.3269934079999995e-06,0.92269534,5.03,0.21,0.2,0.21,0.38,,,,,
4158,17031168,1635,93980.27879429398,53140.8265795919,9.42,4818.62,-0.00012016972414130578,20877.015995025635,0.8912466339534149,3.325387776000001e-06,0.96756154,5.03,0.21,0.2,0.21,0.38,,,,,
4159,17035264,1636,95177.38714509406,53823.2432644918,9.47,4889.29,-0.00014851935702608898,13944.722434520721,0.8904002961935475,3.3237821440000007e-06,0.96967703,5.0,0.22,0.2,0.2,0.38,,,,,
4160,17039360,1637,95923.01266867162,54246.418381314856,9.45,4942.05,-0.00020288061205064878,14039.447704553604,0.8415920748375356,3.3221765120000005e-06,0.9678936,4.92,0.23,0.2,0.2,0.37,,,,,
4161,17043456,1637,95923.01266867162,54246.418381314856,9.45,4942.05,-0.00021693062626582105,15124.634368658066,0.793868746724911,3.3205708800000003e-06,0.9615936,4.92,0.23,0.2,0.2,0.37,,,,,
4162,17047552,1637,95923.01266867162,54246.418381314856,9.45,4942.05,-5.284055259835441e-05,42373.12771606445,0.7641693084733561,3.318965247999999e-06,0.9791101,4.92,0.23,0.2,0.2,0.37,,,,,
4163,17051648,1639,97711.3718723739,55200.85450610106,9.53,5010.8,-0.00036783682480745483,14909.65591430664,0.8254615620244294,3.3173596160000007e-06,0.98112744,4.93,0.23,0.2,0.2,0.37,,,,,
4164,17055744,1640,98319.94332512948,55550.03017560256,9.55,5055.74,-0.0002478008491380024,15284.648404836655,0.8211903978371993,3.3157539840000005e-06,0.9484881,4.9,0.24,0.2,0.19,0.37,,,,,
4165,17059840,1640,98319.94332512948,55550.03017560256,9.55,5055.74,-0.00019787092242040671,7921.872573137283,0.8043080177158117,3.3141483520000002e-06,0.974685,4.9,0.24,0.2,0.19,0.37,,,,,
4166,17063936,1642,97333.92733384416,54998.25510287594,9.48,5014.8,-4.8765476094558835e-05,24185.399329662323,0.8997429342707619,3.31254272e-06,0.95338833,4.87,0.24,0.21,0.18,0.37,,,,,
4167,17068032,1644,96161.26711646076,54347.675610488855,9.49,4968.2,-0.00013298178419063333,29766.76195716858,0.787982112611644,3.3109370880000006e-06,0.9584912,4.92,0.24,0.21,0.17,0.38,,,,,
4168,17072128,1646,96189.7654688109,54339.69970527766,9.45,4955.26,-4.682694088842254e-05,55785.95840930939,0.8107264371355996,3.3093314560000004e-06,0.9754498,4.89,0.24,0.21,0.17,0.38,,,,,
4169,17076224,1647,94687.43987934265,53504.45797419671,9.48,4893.38,-2.690798373805592e-05,181515.20027065277,0.8175531239248812,3.307725824e-06,0.96439314,4.98,0.24,0.21,0.17,0.38,,,,,
4170,17080320,1648,94927.64419264211,53594.57547624566,9.55,4871.27,-0.0005811475039081415,7619.218990206718,0.8783277575857937,3.306120192e-06,0.9332759,5.08,0.24,0.2,0.17,0.39,,,,,
4171,17084416,1648,94927.64419264211,53594.57547624566,9.55,4871.27,-4.4813282329414506e-05,35537.16362333298,0.8399577361997217,3.3045145600000006e-06,0.9611991,5.08,0.24,0.2,0.17,0.39,,,,,
4172,17088512,1649,95248.6185469299,53761.50066862561,9.56,4883.52,-0.00016461185896332609,18438.3012444973,0.7984459919389337,3.3029089280000004e-06,0.9802645,5.08,0.24,0.2,0.17,0.39,,,,,
4173,17092608,1652,94090.8247695882,53129.35633403175,9.58,4820.19,-2.4367751393583603e-05,104983.13838863373,0.8540204522432759,3.301303296e-06,0.9514514,5.17,0.24,0.2,0.16,0.4,,,,,
4174,17096704,1653,92796.67184094565,52435.32392667979,9.54,4773.51,-7.373070548055694e-05,26380.886343955994,0.8472953597083688,3.299697664e-06,0.95981133,5.18,0.24,0.19,0.17,0.4,,,,,
4175,17100800,1653,92796.67184094565,52435.32392667979,9.54,4773.51,-8.551047358196229e-05,73179.0620212555,0.7630981699330732,3.2980920320000006e-06,0.97928596,5.18,0.24,0.19,0.17,0.4,100833.10734100085,56783.54674439871,9.9,4972.866666666667,0.4666666666666667
4176,17104896,1654,93589.60833173293,52822.030148768456,9.6,4774.33,-1.2812262866646051e-05,193989.68931007385,0.7881547786528245,3.2964864000000003e-06,0.8457604,5.25,0.24,0.18,0.17,0.41,,,,,
4177,17108992,1656,92906.79530300069,52455.86278723969,9.53,4733.63,-5.235902972344775e-05,25310.736926555634,0.827040643314831,3.294880768e-06,0.97025317,5.22,0.23,0.18,0.19,0.4,,,,,
4178,17113088,1656,92906.79530300069,52455.86278723969,9.53,4733.63,-0.0002447877213853644,9140.532330274582,0.8740814785705879,3.293275136e-06,0.97547674,5.22,0.23,0.18,0.19,0.4,,,,,
4179,17117184,1656,92906.79530300069,52455.86278723969,9.53,4733.63,-2.6899919248535298e-05,75220.76442718506,0.7840590249979869,3.2916695039999997e-06,0.95500153,5.22,0.23,0.18,0.19,0.4,,,,,
4180,17121280,1657,94065.59054629557,53095.03558928778,9.58,4776.07,-0.0005385836784626008,6043.854643344879,0.8703592690872028,3.2900638720000003e-06,0.95650744,5.23,0.22,0.19,0.19,0.4,,,,,
4181,17125376,1657,94065.59054629557,53095.03558928778,9.58,4776.07,-8.493911991536152e-05,26249.95617055893,0.8587573260301724,3.28845824e-06,0.97234607,5.23,0.22,0.19,0.19,0.4,,,,,
4182,17129472,1658,95226.94516099548,53746.50037629431,9.62,4823.95,-6.509616105176974e-05,57339.335280418396,0.8046864469069988,3.286852608e-06,0.9721478,5.22,0.23,0.18,0.19,0.4,,,,,
4183,17133568,1658,95226.94516099548,53746.50037629431,9.62,4823.95,-0.00012434489508450497,19000.177874088287,0.8570418965537101,3.2852469759999996e-06,0.98410654,5.22,0.23,0.18,0.19,0.4,,,,,
4184,17137664,1659,95755.40931145333,54035.57804160622,9.6,4856.32,-0.00015191211605269928,25694.002993106842,0.8570127326529473,3.2836413440000003e-06,0.9535266,5.17,0.23,0.18,0.2,0.39,,,,,
4185,17141760,1660,95689.5930853589,53989.640905161345,9.57,4872.0,-9.70704077190021e-05,15304.807464122772,0.901743333786726,3.282035712e-06,0.9493432,5.12,0.24,0.18,0.2,0.38,,,,,
4186,17145856,1662,94605.79906783282,53381.427473004784,9.42,4825.63,-0.0003562251131370431,7199.653218150139,0.9206473524682224,3.28043008e-06,0.9041325,5.01,0.24,0.19,0.2,0.37,,,,,
4187,17149952,1662,94605.79906783282,53381.427473004784,9.42,4825.63,-0.0002473153290338814,12126.197873592377,0.8301895280601457,3.2788244479999996e-06,0.9543842,5.01,0.24,0.19,0.2,0.37,,,,,
4188,17154048,1663,95345.21711395375,53810.41418530685,9.36,4880.21,-3.164411646139342e-05,43431.08725309372,0.8824718277901411,3.2772188160000002e-06,0.8878154,4.89,0.25,0.19,0.2,0.36,,,,,
4189,17158144,1663,95345.21711395375,53810.41418530685,9.36,4880.21,-4.378039375296794e-05,38629.5472741127,0.826903230859898,3.275613184e-06,0.9823019,4.89,0.25,0.19,0.2,0.36,,,,,
4190,17162240,1663,95345.21711395375,53810.41418530685,9.36,4880.21,-2.329436938453e-05,192436.29287528992,0.7674124122131616,3.2740075519999998e-06,0.9608797,4.89,0.25,0.19,0.2,0.36,,,,,
4191,17166336,1664,98542.1366739545,55553.84856744798,9.43,4993.58,-3.844803632091498e-05,142394.39728021622,0.8263163376832381,3.2724019199999996e-06,0.94601244,4.85,0.25,0.19,0.21,0.35,,,,,
4192,17170432,1665,99000.44598908568,55814.87460396471,9.46,5003.58,-9.790518561203498e-05,25022.814383745193,0.8417796612484381,3.270796288000001e-06,0.9662481,4.87,0.24,0.2,0.21,0.35,,,,,
4193,17174528,1666,99039.55862445477,55806.22244287943,9.39,5017.81,-0.00013264676726976177,10405.772330999374,0.914422037312761,3.269190656e-06,0.90820104,4.78,0.25,0.2,0.21,0.34,,,,,
4194,17178624,1666,99039.55862445477,55806.22244287943,9.39,5017.81,-0.00017857772218121681,12344.54890036583,0.8261743576731533,3.2675850239999997e-06,0.98078984,4.78,0.25,0.2,0.21,0.34,,,,,
4195,17182720,1667,99729.3641780269,56182.55294840323,9.42,5048.68,-0.00017044376181729604,12542.465335845947,0.8775441590696573,3.2659793919999995e-06,0.98252857,4.78,0.25,0.2,0.21,0.34,,,,,
4196,17186816,1668,99791.36970622318,56210.94484296342,9.44,5028.38,-6.095631397329271e-05,19704.177665233612,0.7877573897130787,3.2643737599999993e-06,0.97085184,4.82,0.24,0.2,0.22,0.34,,,,,
4197,17190912,1668,99791.36970622318,56210.94484296342,9.44,5028.38,-0.00011372471635695547,15304.870867729187,0.8292152452049777,3.2627681280000008e-06,0.98111767,4.82,0.24,0.2,0.22,0.34,,,,,
4198,17195008,1669,101324.17136874674,57068.33773154613,9.47,5112.79,-2.9854098102077842e-05,37930.18084144592,0.8401790134375915,3.2611624960000005e-06,0.97456074,4.76,0.25,0.2,0.22,0.33,,,,,
4199,17199104,1670,101436.6325795417,57126.69976534972,9.51,5099.98,-8.618357969680801e-05,35181.71616458893,0.8551665171980858,3.2595568640000003e-06,0.966958,4.82,0.25,0.19,0.22,0.34,,,,,
4200,17203200,1672,100380.70562399674,56549.777857987734,9.43,5034.2,-5.646583667839877e-05,39158.27095031738,0.828273733262904,3.2579512319999993e-06,0.97246456,4.81,0.24,0.2,0.22,0.34,101917.73352220944,57267.70432358535,9.933333333333334,4968.4,0.3333333333333333
4201,17207296,1672,100380.70562399674,56549.777857987734,9.43,5034.2,-9.411849896423519e-05,28418.642675876617,0.8063681614585221,3.2563456000000007e-06,0.9640261,4.81,0.24,0.2,0.22,0.34,,,,,
4202,17211392,1673,102539.71518426164,57737.63454187323,9.49,5119.43,-5.35970557393739e-05,56553.61744403839,0.7625534065300599,3.2547399680000005e-06,0.9790882,4.78,0.24,0.2,0.23,0.33,,,,,
4203,17215488,1674,101073.9772974212,56929.927200561215,9.49,5042.04,-0.0001798832745407708,17973.36387014389,0.9147342913784087,3.2531343360000003e-06,0.96190107,4.86,0.24,0.19,0.23,0.34,,,,,
4204,17219584,1675,100055.11628984631,56384.57032746879,9.46,5007.96,-4.946048920828616e-05,24679.892132759094,0.8240519824903458,3.251528704e-06,0.97535586,4.86,0.24,0.19,0.23,0.34,,,,,
4205,17223680,1677,98080.69300158902,55370.60531742429,9.33,4962.17,-0.00013579111873696093,13711.490072965622,0.9044088452355936,3.2499230720000007e-06,0.9734906,4.76,0.24,0.2,0.23,0.33,,,,,
4206,17227776,1677,98080.69300158902,55370.60531742429,9.33,4962.17,-1.1308695320622064e-05,135411.23489761353,0.8007793261203915,3.2483174400000005e-06,0.9466264,4.76,0.24,0.2,0.23,0.33,,,,,
4207,17231872,1678,97963.66841509298,55282.37791290782,9.36,4931.05,-0.00023755927668389631,26124.547884702682,0.7852734039770439,3.2467118080000002e-06,0.91475433,4.83,0.24,0.19,0.23,0.34,,,,,
4208,17235968,1678,97963.66841509298,55282.37791290782,9.36,4931.05,-4.314957550377585e-05,24393.199110984802,0.7496663684723899,3.245106176e-06,0.9736027,4.83,0.24,0.19,0.23,0.34,,,,,
4209,17240064,1679,99751.20164993091,56270.80877209073,9.43,5021.62,-0.00011064080172218382,30307.842223644257,0.8075126144103706,3.2435005440000006e-06,0.9778262,4.8,0.25,0.19,0.22,0.34,,,,,
4210,17244160,1680,99847.39749552961,56336.13278789924,9.37,5034.69,-0.0004793752741534263,10872.321747899055,0.8748795327264816,3.2418949120000004e-06,0.96478564,4.72,0.25,0.19,0.23,0.33,,,,,
4211,17248256,1681,100013.87252416843,56429.38516548046,9.38,5039.88,-4.8703112042858265e-05,40770.98437833786,0.8797939924988896,3.24028928e-06,0.9502948,4.73,0.24,0.2,0.23,0.33,,,,,
4212,17252352,1681,100013.87252416843,56429.38516548046,9.38,5039.88,-0.0009132491313721403,10451.337990283966,0.8504929599585012,3.238683648e-06,0.9739977,4.73,0.24,0.2,0.23,0.33,,,,,
4213,17256448,1682,100307.83290423015,56580.00979459612,9.36,5072.72,-2.682186413949239e-05,37244.89885139465,0.8512343985494226,3.2370780159999998e-06,0.9600759,4.67,0.25,0.2,0.23,0.32,,,,,
4214,17260544,1683,99166.15818169451,55960.41677701736,9.35,5004.0,-0.0001603833443368785,15680.982913970947,0.8559446200961247,3.2354723840000004e-06,0.96527576,4.73,0.24,0.2,0.23,0.33,,,,,
4215,17264640,1683,99166.15818169451,55960.41677701736,9.35,5004.0,-3.798011857725214e-05,27549.709143161774,0.738355724955909,3.233866752e-06,0.9769184,4.73,0.24,0.2,0.23,0.33,,,,,
4216,17268736,1685,100488.04171259036,56684.85699339563,9.52,5049.13,-0.00011837380452561774,13457.529387950897,0.8424337320029736,3.23226112e-06,0.9810078,4.85,0.23,0.2,0.23,0.34,,,,,
4217,17272832,1686,99790.78007754384,56297.900439332065,9.48,5023.69,-0.0001878317980299471,9415.98839211464,0.9249882695730776,3.2306554879999997e-06,0.9599589,4.83,0.24,0.19,0.23,0.34,,,,,
4218,17276928,1686,99790.78007754384,56297.900439332065,9.48,5023.69,-0.0002743340087363322,20067.73945593834,0.7639608156168833,3.2290498560000004e-06,0.98190635,4.83,0.24,0.19,0.23,0.34,,,,,
4219,17281024,1687,99265.87326545236,56019.78367294678,9.45,5025.41,-4.0735262700764e-05,35853.585560798645,0.8136408869177103,3.227444224e-06,0.9626271,4.8,0.24,0.2,0.22,0.34,,,,,
4220,17285120,1687,99265.87326545236,56019.78367294678,9.45,5025.41,-2.518482506275177e-05,34944.63664197922,0.7279956431593746,3.225838592e-06,0.97959477,4.8,0.24,0.2,0.22,0.34,,,,,
4221,17289216,1689,100947.81889328785,56934.25823582492,9.48,5088.98,-0.00015062464262882713,25676.27858376503,0.9064296958968043,3.2242329599999997e-06,0.975512,4.77,0.23,0.21,0.23,0.33,,,,,
4222,17293312,1689,100947.81889328785,56934.25823582492,9.48,5088.98,-3.628911235864507e-05,21110.63716697693,0.8421250764513388,3.2226273280000003e-06,0.9778412,4.77,0.23,0.21,0.23,0.33,,,,,
4223,17297408,1690,100778.93077173317,56836.737628608775,9.48,5072.91,-4.1356241126777604e-05,36726.09536266327,0.7840834776870906,3.221021696e-06,0.97699857,4.79,0.22,0.22,0.23,0.33,,,,,
4224,17301504,1691,101071.97846447522,57001.97503840055,9.48,5099.96,-0.00018780744358082302,4660.5004514455795,0.9098789441632107,3.219416064e-06,0.95148,4.76,0.23,0.22,0.22,0.33,,,,,
4225,17305600,1691,101071.97846447522,57001.97503840055,9.48,5099.96,-0.0001640998489165213,11645.154300689697,0.8235310510499403,3.2178104319999996e-06,0.98178625,4.76,0.23,0.22,0.22,0.33,107811.84535810867,60296.470301201705,9.9,5099.033333333334,0.4666666666666667
4226,17309696,1693,99342.84039820869,56043.681230239614,9.4,5022.83,-8.144456296577118e-05,24443.065963745117,0.8701110153924674,3.2162048000000003e-06,0.9622353,4.75,0.22,0.23,0.23,0.32,,,,,
4227,17313792,1693,99342.84039820869,56043.681230239614,9.4,5022.83,-3.931930314138299e-05,36282.984899520874,0.8056441786466166,3.214599168e-06,0.97213495,4.75,0.22,0.23,0.23,0.32,,,,,
4228,17317888,1694,100382.23651624139,56602.2525009611,9.44,5050.2,-6.326013863144908e-05,66660.91643095016,0.771617010817863,3.212993536e-06,0.97415966,4.76,0.22,0.22,0.24,0.32,,,,,
4229,17321984,1694,100382.23651624139,56602.2525009611,9.44,5050.2,-0.00016462168787256815,13607.406949043274,0.8048227966064587,3.2113879039999996e-06,0.9579537,4.76,0.22,0.22,0.24,0.32,,,,,
4230,17326080,1695,99578.69881720067,56180.360045235146,9.39,5039.38,-0.00018560289572633337,17308.100590467453,0.8913678968092427,3.2097822719999994e-06,0.9581463,4.71,0.23,0.22,0.24,0.31,,,,,
4231,17330176,1695,99578.69881720067,56180.360045235146,9.39,5039.38,-4.060459650645498e-05,26726.2855591774,0.7695808033458889,3.20817664e-06,0.981007,4.71,0.23,0.22,0.24,0.31,,,,,
4232,17334272,1697,98215.90356821487,55434.16556027602,9.38,4993.42,-4.302128036215436e-05,41762.09576320648,0.8594066422665492,3.206571008e-06,0.97480756,4.74,0.23,0.23,0.22,0.32,,,,,
4233,17338368,1698,96146.38157914008,54305.15460746959,9.28,4929.81,-0.00013377722825680394,18139.175649404526,0.9104979555122554,3.2049653759999996e-06,0.95881724,4.7,0.23,0.24,0.22,0.31,,,,,
4234,17342464,1698,96146.38157914008,54305.15460746959,9.28,4929.81,-3.930779803340556e-05,45098.384840488434,0.7624131604097784,3.2033597439999993e-06,0.9765855,4.7,0.23,0.24,0.22,0.31,,,,,
4235,17346560,1701,96641.04853836307,54575.615219317704,9.25,4947.3,-0.00017058595221897122,39073.5010638237,0.8901660334086046,3.201754112000001e-06,0.9600973,4.66,0.23,0.25,0.21,0.31,,,,,
4236,17350656,1702,95089.75928599406,53745.99710206908,9.18,4914.67,-0.00010853592539206147,20057.59566926956,0.8049788523931056,3.2001484800000006e-06,0.9619929,4.62,0.23,0.26,0.21,0.3,,,,,
4237,17354752,1703,93951.82572923294,53117.86206140992,9.13,4862.22,-0.0001376728614559397,9631.198678255081,0.9504432732937858,3.1985428479999995e-06,0.9191827,4.62,0.23,0.26,0.21,0.3,,,,,
4238,17358848,1704,93988.2525818207,53111.86889481868,9.1,4862.02,-0.0007049942432786338,9506.524330615997,0.8630636532325298,3.1969372159999993e-06,0.90481263,4.59,0.23,0.26,0.22,0.29,,,,,
4239,17362944,1706,91914.70521440847,51991.87877340442,9.04,4786.9,-4.720175093098078e-05,55762.16272068024,0.8629450399894267,3.1953315840000008e-06,0.96657217,4.6,0.24,0.25,0.22,0.29,,,,,
4240,17367040,1706,91914.70521440847,51991.87877340442,9.04,4786.9,-7.565703253931133e-05,18266.076219558716,0.842416990082711,3.1937259520000006e-06,0.97924507,4.6,0.24,0.25,0.22,0.29,,,,,
4241,17371136,1706,91914.70521440847,51991.87877340442,9.04,4786.9,-9.621691788197495e-05,44270.09844207764,0.7521893086377531,3.1921203200000003e-06,0.9848859,4.6,0.24,0.25,0.22,0.29,,,,,
4242,17375232,1707,92312.59310427589,52214.222362140936,9.05,4800.75,-6.976357053645188e-05,63167.220084667206,0.8526964971097186,3.190514688e-06,0.96852255,4.59,0.24,0.26,0.21,0.29,,,,,
4243,17379328,1707,92312.59310427589,52214.222362140936,9.05,4800.75,-0.00010065260175906587,32901.40780544281,0.759132232517004,3.1889090560000007e-06,0.9866063,4.59,0.24,0.26,0.21,0.29,,,,,
4244,17383424,1708,93482.50154998101,52820.667636188235,9.1,4814.13,-0.00012486439663916826,84427.53079414368,0.8510084311710671,3.1873034240000005e-06,0.96359473,4.63,0.23,0.26,0.22,0.29,,,,,
4245,17387520,1708,93482.50154998101,52820.667636188235,9.1,4814.13,-8.851081292959861e-05,22653.12220478058,0.8175929446006194,3.1856977920000003e-06,0.9786809,4.63,0.23,0.26,0.22,0.29,,,,,
4246,17391616,1710,93245.69883898897,52676.34716435922,9.14,4814.01,-0.0003017020235347445,11468.089129209518,0.9054065851960331,3.18409216e-06,0.9015787,4.67,0.23,0.27,0.2,0.3,,,,,
4247,17395712,1711,91778.20375618906,51868.89525068013,9.08,4759.86,-0.0002385082552791573,9717.385047674179,0.8726142402738333,3.1824865280000007e-06,0.9383022,4.67,0.23,0.27,0.2,0.3,,,,,
4248,17399808,1714,87241.89269133731,49438.80457835107,8.94,4606.5,-7.057386392261833e-05,22503.51220178604,0.9284953860333189,3.1808808960000005e-06,0.9247953,4.67,0.24,0.27,0.18,0.31,,,,,
4249,17403904,1714,87241.89269133731,49438.80457835107,8.94,4606.5,-5.669026813848177e-05,31581.481546401978,0.7991379590239376,3.1792752640000003e-06,0.9551158,4.67,0.24,0.27,0.18,0.31,,,,,
4250,17408000,1714,87241.89269133731,49438.80457835107,8.94,4606.5,-4.801226168638095e-05,59797.89156770706,0.7527406030567363,3.177669632e-06,0.9765241,4.67,0.24,0.27,0.18,0.31,134617.67102372093,75103.83597718224,11.166666666666666,6303.233333333334,0.5666666666666667
4251,17412096,1715,89091.22903493377,50405.50026801591,8.97,4682.56,-4.8542437980358955e-05,59748.143736600876,0.8319693327648565,3.176064e-06,0.86039025,4.63,0.24,0.27,0.19,0.3,,,,,
4252,17416192,1715,89091.22903493377,50405.50026801591,8.97,4682.56,-5.074148975836579e-05,39687.84144306183,0.8017725283280015,3.1744583680000004e-06,0.97423136,4.63,0.24,0.27,0.19,0.3,,,,,
4253,17420288,1715,89091.22903493377,50405.50026801591,8.97,4682.56,-3.273691118010902e-05,99504.31878185272,0.7577172694727778,3.1728527360000002e-06,0.96973443,4.63,0.24,0.27,0.19,0.3,,,,,
4254,17424384,1716,92015.65786615264,51970.47723634658,9.08,4784.01,-8.926417194743408e-06,234223.13170814514,0.8660616744309664,3.171247104e-06,0.80361855,4.65,0.23,0.28,0.19,0.3,,,,,
4255,17428480,1717,91485.83516248054,51679.6744847102,9.06,4760.72,-7.779516636219341e-05,35385.64316558838,0.8007202211301774,3.1696414719999998e-06,0.9509108,4.65,0.23,0.28,0.19,0.3,,,,,
4256,17432576,1717,91485.83516248054,51679.6744847102,9.06,4760.72,-6.789720555389067e-05,95484.18572711945,0.8068233865778893,3.1680358400000004e-06,0.97820365,4.65,0.23,0.28,0.19,0.3,,,,,
4257,17436672,1719,88773.29339370217,50301.57119019257,8.99,4667.16,-3.309809653728735e-05,120723.94628334045,0.8232868721242994,3.166430208e-06,0.95763826,4.67,0.23,0.27,0.19,0.31,,,,,
4258,17440768,1719,88773.29339370217,50301.57119019257,8.99,4667.16,-0.0002750646917775157,5547.338026165962,0.8777550442609936,3.164824576e-06,0.9788503,4.67,0.23,0.27,0.19,0.31,,,,,
4259,17444864,1720,89947.74614061369,50971.29492944761,9.05,4723.9,-6.887291146995267e-05,37599.50744533539,0.8900906856870279,3.1632189439999997e-06,0.96443665,4.67,0.23,0.27,0.19,0.31,,,,,
4260,17448960,1720,89947.74614061369,50971.29492944761,9.05,4723.9,-3.176828795403708e-05,32788.70866394043,0.869945258134976,3.1616133120000004e-06,0.9570325,4.67,0.23,0.27,0.19,0.31,,,,,
4261,17453056,1722,88349.73539277467,50108.02275523253,8.94,4668.86,-9.328142914455384e-05,11497.28979086876,0.8211024074116722,3.16000768e-06,0.97647554,4.61,0.24,0.26,0.2,0.3,,,,,
4262,17457152,1722,88349.73539277467,50108.02275523253,8.94,4668.86,-3.53256291418802e-05,30288.81453895569,0.8001023380784318,3.158402048e-06,0.9814214,4.61,0.24,0.26,0.2,0.3,,,,,
4263,17461248,1723,89496.12048834222,50753.51308053503,8.95,4715.18,-4.176081893092487e-05,34009.368208408356,0.7953590757679194,3.1567964159999997e-06,0.9738941,4.57,0.24,0.26,0.2,0.3,,,,,
4264,17465344,1725,90922.4004385011,51549.689213996775,8.98,4763.75,-4.391214133647736e-05,79722.76086807251,0.8384363277582452,3.1551907840000003e-06,0.9699251,4.55,0.24,0.26,0.2,0.3,,,,,
4265,17469440,1725,90922.4004385011,51549.689213996775,8.98,4763.75,-3.367708814039361e-05,84781.8102889061,0.7949298956664279,3.153585152e-06,0.97980493,4.55,0.24,0.26,0.2,0.3,,,,,
4266,17473536,1726,93017.77286658101,52644.95124595991,9.08,4829.48,-4.0472066757502034e-05,102586.34059429169,0.9039420995395631,3.15197952e-06,0.94623137,4.59,0.24,0.26,0.19,0.31,,,,,
4267,17477632,1726,93017.77286658101,52644.95124595991,9.08,4829.48,-4.841829195356695e-05,42268.160656929016,0.7793875013012439,3.1503738879999997e-06,0.97773105,4.59,0.24,0.26,0.19,0.31,,,,,
4268,17481728,1728,94312.63083793563,53303.49942735606,9.05,4880.18,-4.751852702611359e-05,47432.64431667328,0.8884846466826275,3.1487682559999994e-06,0.58620644,4.51,0.24,0.26,0.2,0.3,,,,,
4269,17485824,1728,94312.63083793563,53303.49942735606,9.05,4880.18,-0.00013860169019608293,12660.6158182621,0.807115058414638,3.147162624e-06,0.9699853,4.51,0.24,0.26,0.2,0.3,,,,,
4270,17489920,1729,95369.96395774929,53889.6251056027,9.06,4940.23,-0.00010668959475879092,39085.54661035538,0.7606055219657719,3.145556992e-06,0.9699911,4.45,0.25,0.26,0.2,0.29,,,,,
4271,17494016,1729,95369.96395774929,53889.6251056027,9.06,4940.23,-0.00013271068564790767,22523.231508255005,0.7868293975479901,3.1439513599999996e-06,0.98423,4.45,0.25,0.26,0.2,0.29,,,,,
4272,17498112,1730,96447.96189653495,54485.14460053873,9.12,4970.33,-3.404188191780122e-05,181197.30947685242,0.7903231708332896,3.1423457279999994e-06,0.9504087,4.48,0.25,0.25,0.2,0.3,,,,,
4273,17502208,1731,97216.61142912666,54880.35551723092,9.23,4968.45,-2.9953851935715647e-05,154343.44759655,0.7693405426107347,3.140740096000001e-06,0.94345516,4.6,0.24,0.25,0.2,0.31,,,,,
4274,17506304,1732,95669.09321917445,54058.48186975126,9.2,4909.9,-0.00026648921630112454,11446.889631152153,0.7971220862818882,3.139134464e-06,0.98889935,4.62,0.24,0.25,0.19,0.32,,,,,
4275,17510400,1732,95669.09321917445,54058.48186975126,9.2,4909.9,-0.00012989173501409823,15409.595952033997,0.8396019957726821,3.1375288319999996e-06,0.9698283,4.62,0.24,0.25,0.19,0.32,142567.22194307233,78997.44579711388,11.333333333333334,6425.633333333333,0.6333333333333333
4276,17514496,1733,96282.44805423304,54405.98946348086,9.22,4952.49,-0.00042224097614962375,8740.32645893097,0.8964293979806826,3.1359231999999994e-06,0.9759836,4.6,0.25,0.24,0.19,0.32,,,,,
4277,17518592,1735,95656.43997975823,54046.93084365944,9.18,4919.42,-5.8906192862195894e-05,35050.35083580017,0.9203005287563428,3.134317568000001e-06,0.9404412,4.59,0.25,0.24,0.2,0.31,,,,,
4278,17522688,1736,95387.64252397172,53872.4356262974,9.19,4889.08,-6.07403399044415e-05,23526.630569934845,0.8689225541893393,3.1327119360000006e-06,0.96602505,4.64,0.24,0.24,0.2,0.32,,,,,
4279,17526784,1736,95387.64252397172,53872.4356262974,9.19,4889.08,-0.0002899138626162312,9918.564526319504,0.8534243017202243,3.1311063040000004e-06,0.9669298,4.64,0.24,0.24,0.2,0.32,,,,,
4280,17530880,1736,95387.64252397172,53872.4356262974,9.19,4889.08,-3.609481063904241e-05,28713.190935134888,0.7754615264711902,3.129500672e-06,0.9850692,4.64,0.24,0.24,0.2,0.32,,,,,
4281,17534976,1737,96787.01016563215,54627.12395386705,9.24,4941.2,-6.541590346387238e-05,42944.20379638672,0.814018652192317,3.127895040000001e-06,0.9691899,4.64,0.24,0.24,0.2,0.32,,,,,
4282,17539072,1737,96787.01016563215,54627.12395386705,9.24,4941.2,-5.1563458328018896e-05,31462.502799510956,0.8174907487118617,3.1262894080000006e-06,0.98367476,4.64,0.24,0.24,0.2,0.32,,,,,
4283,17543168,1738,97063.51608149036,54761.57998189237,9.26,4930.17,-3.149271105939988e-05,104017.24390697479,0.7857998856343329,3.1246837760000004e-06,0.9611873,4.68,0.23,0.24,0.21,0.32,,,,,
4284,17547264,1739,97451.24081399917,54992.829329090164,9.26,4963.82,-0.0001300639760302147,19246.08913040161,0.9394110661232844,3.123078144e-06,0.9717816,4.64,0.24,0.24,0.2,0.32,,,,,
4285,17551360,1740,97451.96176262628,54986.24077609388,9.32,4940.84,-9.547383069730131e-05,35896.20273423195,0.8138620354002342,3.121472512e-06,0.9467175,4.73,0.23,0.24,0.2,0.33,,,,,
4286,17555456,1740,97451.96176262628,54986.24077609388,9.32,4940.84,-0.0004808613612112822,28018.4059882164,0.8280302878702059,3.1198668800000005e-06,0.9547001,4.73,0.23,0.24,0.2,0.33,,,,,
4287,17559552,1742,97726.6123315929,55163.453675702505,9.36,4954.51,-4.313402223488083e-05,25345.791305541992,0.8729092965368181,3.1182612480000003e-06,0.93618304,4.76,0.23,0.23,0.21,0.33,,,,,
4288,17563648,1743,97748.50804268091,55171.33895320665,9.37,4951.96,-5.1922351303801406e-05,15999.029809951782,0.7903259802842513,3.116655616e-06,0.9551037,4.78,0.23,0.22,0.22,0.33,,,,,
4289,17567744,1744,97967.09179058074,55291.701833088286,9.32,4970.97,-6.715139716106933e-05,37819.30169010162,0.801824149210006,3.115049984e-06,0.98402256,4.71,0.23,0.23,0.22,0.32,,,,,
4290,17571840,1745,98109.91119084289,55358.825175234786,9.33,4975.28,-5.21350866620196e-05,48998.882811546326,0.8250157980946824,3.1134443520000005e-06,0.96369654,4.72,0.23,0.23,0.22,0.32,,,,,
4291,17575936,1746,99084.05332436277,55917.45220847697,9.36,5036.55,-0.00012105959285690915,16430.173493623734,0.9097340345615521,3.1118387200000003e-06,0.97372705,4.68,0.24,0.23,0.21,0.32,,,,,
4292,17580032,1747,99829.2657962895,56344.40994449153,9.3,5071.47,-3.0992276151664555e-05,31665.478833675385,0.7997477032477036,3.110233088e-06,0.9631393,4.58,0.24,0.23,0.22,0.31,,,,,
4293,17584128,1747,99829.2657962895,56344.40994449153,9.3,5071.47,-0.0003252015249017859,10726.318581342697,0.8067790981149301,3.108627456e-06,0.97133017,4.58,0.24,0.23,0.22,0.31,,,,,
4294,17588224,1748,99938.81650441568,56446.09147187379,9.24,5111.82,-5.163373316463549e-05,29880.178897857666,0.8246507690055296,3.1070218240000005e-06,0.96478033,4.47,0.25,0.23,0.22,0.3,,,,,
4295,17592320,1748,99938.81650441568,56446.09147187379,9.24,5111.82,-0.00011354142316122307,22698.462527275085,0.8449267736868933,3.1054161920000002e-06,0.97127914,4.47,0.25,0.23,0.22,0.3,,,,,
4296,17596416,1749,99366.3940530178,56129.75995706684,9.23,5076.14,-2.13954854189069e-05,72900.23264217377,0.8265359380748123,3.10381056e-06,0.96971697,4.5,0.24,0.23,0.23,0.3,,,,,
4297,17600512,1750,99867.85422632469,56408.28949242049,9.33,5082.47,-7.547884888481349e-05,28255.415843725204,0.835294711519964,3.102204928e-06,0.89889127,4.6,0.23,0.23,0.23,0.31,,,,,
4298,17604608,1754,97691.83310199602,55182.904248952625,9.25,5008.63,-9.124658754444681e-05,21042.9004278183,0.9702674298314378,3.1005992960000004e-06,0.9602965,4.58,0.23,0.24,0.22,0.31,,,,,
4299,17608704,1754,97691.83310199602,55182.904248952625,9.25,5008.63,-0.00011609116427280242,7353.671622753143,0.856601697509177,3.098993664e-06,0.9752493,4.58,0.23,0.24,0.22,0.31,,,,,
4300,17612800,1755,98345.7793861316,55543.981956701304,9.26,5045.69,-5.806654553452972e-05,39902.08465671539,0.7524450236232951,3.097388032e-06,0.97971475,4.55,0.23,0.25,0.21,0.31,92036.97154682022,51828.101583967014,9.633333333333333,4720.8,0.36666666666666664
4301,17616896,1755,98345.7793861316,55543.981956701304,9.26,5045.69,-0.0003973137577304442,5117.092901706696,0.8788113165646791,3.0957823999999998e-06,0.97639126,4.55,0.23,0.25,0.21,0.31,,,,,
4302,17620992,1755,98345.7793861316,55543.981956701304,9.26,5045.69,-4.912935946776997e-05,32851.32744026184,0.8855455378070474,3.0941767679999995e-06,0.9766456,4.55,0.23,0.25,0.21,0.31,,,,,
4303,17625088,1756,99837.69972497596,56389.45058721786,9.32,5130.82,-0.00020207222587487195,7812.849519610405,0.8473860467784107,3.092571136e-06,0.9298691,4.52,0.24,0.25,0.2,0.31,,,,,
4304,17629184,1756,99837.69972497596,56389.45058721786,9.32,5130.82,-0.0001333981135758222,19993.499859809875,0.790745337610133,3.090965504e-06,0.978678,4.52,0.24,0.25,0.2,0.31,,,,,
4305,17633280,1757,99634.48551755345,56279.01836984863,9.31,5128.16,-0.0001207863506351714,17774.099007606506,0.8779822973301634,3.0893598719999997e-06,0.9695353,4.51,0.25,0.24,0.2,0.31,,,,,
4306,17637376,1758,98195.54951882684,55494.89215373733,9.26,5070.59,-5.2466602028289344e-05,25214.153931856155,0.7950873438967392,3.0877542399999995e-06,0.89497805,4.52,0.24,0.25,0.2,0.31,,,,,
4307,17641472,1759,97539.95719131315,55141.7780846345,9.22,5060.13,-8.805920333543327e-05,14443.500554561615,0.8033920351881534,3.086148608e-06,0.96410066,4.48,0.25,0.25,0.19,0.31,,,,,
4308,17645568,1760,96877.23703433765,54763.46605781774,9.2,5013.75,-5.292576224746881e-05,23794.18630170822,0.8665504977107048,3.084542976e-06,0.9779569,4.51,0.24,0.25,0.2,0.31,,,,,
4309,17649664,1760,96877.23703433765,54763.46605781774,9.2,5013.75,-4.101743434148375e-05,125260.73669624329,0.8065528677543625,3.0829373439999997e-06,0.97131854,4.51,0.24,0.25,0.2,0.31,,,,,
4310,17653760,1761,98952.0894930712,55879.734568803266,9.31,5081.65,-6.678393765469082e-05,60998.1400513649,0.7787263200152665,3.0813317119999995e-06,0.6525949,4.56,0.24,0.24,0.2,0.32,,,,,
4311,17657856,1761,98952.0894930712,55879.734568803266,9.31,5081.65,-4.875472768617328e-05,22078.874626159668,0.767193246865645,3.079726080000001e-06,0.9675551,4.56,0.24,0.24,0.2,0.32,,,,,
4312,17661952,1762,100847.23966096714,56931.28767986678,9.39,5167.59,-2.7034716367779765e-05,52216.61620235443,0.7940970538184047,3.078120448e-06,0.9725405,4.55,0.25,0.23,0.2,0.32,,,,,
4313,17666048,1762,100847.23966096714,56931.28767986678,9.39,5167.59,-0.0002677929005585611,13215.464328050613,0.880435335682705,3.0765148159999996e-06,0.96665823,4.55,0.25,0.23,0.2,0.32,,,,,
4314,17670144,1762,100847.23966096714,56931.28767986678,9.39,5167.59,-5.972209692117758e-05,54844.291622161865,0.7999923296738416,3.0749091839999994e-06,0.9501205,4.55,0.25,0.23,0.2,0.32,,,,,
4315,17674240,1763,102113.44491702723,57634.34944805043,9.44,5210.44,-8.553878615202848e-05,36002.158779621124,0.8553983171004802,3.073303552000001e-06,0.97764415,4.55,0.25,0.23,0.2,0.32,,,,,
4316,17678336,1764,99493.01205457206,56223.823881400174,9.35,5133.08,-3.712924262799788e-05,31694.084166526794,0.8658780282130465,3.0716979200000007e-06,0.9740939,4.53,0.25,0.24,0.19,0.32,,,,,
4317,17682432,1764,99493.01205457206,56223.823881400174,9.35,5133.08,-3.263568214606494e-05,102608.21682691574,0.8048869542544708,3.0700922880000004e-06,0.9790583,4.53,0.25,0.24,0.19,0.32,,,,,
4318,17686528,1765,101554.36762501963,57295.4063338221,9.43,5175.46,-1.812090931707644e-05,410239.7768878937,0.8046180465025827,3.0684866560000002e-06,0.93638015,4.58,0.25,0.23,0.19,0.33,,,,,
4319,17690624,1766,101657.9158525482,57353.507215777005,9.44,5179.14,-0.00021339342129067518,5337.4507665634155,0.8872887302422896,3.066881023999999e-06,0.9632806,4.59,0.24,0.24,0.19,0.33,,,,,
4320,17694720,1766,101657.9158525482,57353.507215777005,9.44,5179.14,-0.00011045435167034157,11671.558400630951,0.851986137102358,3.0652753920000006e-06,0.9633017,4.59,0.24,0.24,0.19,0.33,,,,,
4321,17698816,1768,100383.57975493306,56634.576833534826,9.36,5127.05,-8.017884147193399e-05,12218.045838594437,0.9071343140676618,3.0636697600000004e-06,0.93752337,4.57,0.24,0.25,0.18,0.33,,,,,
4322,17702912,1768,100383.57975493306,56634.576833534826,9.36,5127.05,-0.00010311351070413366,10557.641279697418,0.7551034140633419,3.062064128e-06,0.971402,4.57,0.24,0.25,0.18,0.33,,,,,
4323,17707008,1771,98305.1837758764,55478.66408465498,9.26,5051.49,-0.00014097089479037095,12399.392848491669,0.901095112087205,3.060458496e-06,0.98138964,4.54,0.24,0.25,0.19,0.32,,,,,
4324,17711104,1773,96319.78208308542,54378.504813080195,9.18,4982.19,-8.85694389580749e-05,42071.03458356857,0.9495922245550901,3.0588528640000006e-06,0.9294943,4.53,0.25,0.24,0.19,0.32,,,,,
4325,17715200,1774,97658.41653953641,55108.08620365926,9.2,5033.97,-5.898008203075733e-05,45777.0279340744,0.9229672701330855,3.0572472320000004e-06,0.97039515,4.5,0.25,0.24,0.19,0.32,145470.30513984742,81157.37808235659,11.366666666666667,6549.4,0.7333333333333333
4326,17719296,1775,96414.86404411867,54409.507938080074,9.14,4973.3,-0.00020245279620212386,9189.673647403717,0.8839127264218405,3.0556416e-06,0.92369205,4.5,0.25,0.24,0.19,0.32,,,,,
4327,17723392,1775,96414.86404411867,54409.507938080074,9.14,4973.3,-0.00012547838286991464,21539.710317611694,0.870592902530916,3.054035968e-06,0.9690591,4.5,0.25,0.24,0.19,0.32,,,,,
4328,17727488,1775,96414.86404411867,54409.507938080074,9.14,4973.3,-8.265488213510253e-05,73621.74475097656,0.7488414130639285,3.0524303360000006e-06,0.9749455,4.5,0.25,0.24,0.19,0.32,,,,,
4329,17731584,1776,98713.7814419332,55658.57451960561,9.22,5061.3,-0.0001857412134995684,61272.893518447876,0.8139062050031498,3.0508247040000003e-06,0.97628766,4.49,0.26,0.23,0.19,0.32,,,,,
4330,17735680,1777,99775.85222983494,56263.01242459633,9.24,5110.41,-8.641589920443948e-05,38844.33338880539,0.8956565229455009,3.049219072e-06,0.97428894,4.46,0.26,0.23,0.2,0.31,,,,,
4331,17739776,1779,97668.09987173189,55105.783748811285,9.16,5020.62,-2.045402015937725e-05,74054.91029834747,0.8965867147780955,3.04761344e-06,0.9454335,4.48,0.25,0.23,0.2,0.32,,,,,
4332,17743872,1779,97668.09987173189,55105.783748811285,9.16,5020.62,-4.252423605066724e-05,59704.13864803314,0.8049450870603323,3.0460078080000005e-06,0.9658047,4.48,0.25,0.23,0.2,0.32,,,,,
4333,17747968,1782,96704.67906551734,54523.1070543088,9.13,4930.63,-3.580439806682989e-05,46228.77066707611,0.8742106972495094,3.0444021760000003e-06,0.9513953,4.56,0.24,0.23,0.2,0.33,,,,,
4334,17752064,1782,96704.67906551734,54523.1070543088,9.13,4930.63,-0.00011732374150597025,12470.964792251587,0.7989236724097282,3.042796544e-06,0.97979677,4.56,0.24,0.23,0.2,0.33,,,,,
4335,17756160,1784,95842.90966853361,54043.29940411336,9.09,4900.26,-3.248518260079436e-05,42763.68908882141,0.8249279595911503,3.041190912e-06,0.9161707,4.56,0.24,0.23,0.2,0.33,,,,,
4336,17760256,1784,95842.90966853361,54043.29940411336,9.09,4900.26,-7.344426103372825e-05,23120.295303821564,0.8029340131906793,3.0395852799999996e-06,0.9736291,4.56,0.24,0.23,0.2,0.33,,,,,
4337,17764352,1786,96853.12048344406,54598.395333911205,9.13,4928.93,-1.581772266945336e-05,59483.0760679245,0.8226563311181962,3.0379796480000003e-06,0.9405343,4.58,0.23,0.23,0.21,0.33,,,,,
4338,17768448,1786,96853.12048344406,54598.395333911205,9.13,4928.93,-0.0002932144489022903,14214.194913387299,0.869077380397357,3.036374016e-06,0.9609444,4.58,0.23,0.23,0.21,0.33,,,,,
4339,17772544,1786,96853.12048344406,54598.395333911205,9.13,4928.93,-5.0127480790251866e-05,45037.926080703735,0.7926152311265469,3.034768384e-06,0.970012,4.58,0.23,0.23,0.21,0.33,,,,,
4340,17776640,1787,97148.76298612864,54781.31841463842,9.14,4947.37,-3.420660686970223e-05,29063.845202445984,0.7853880153270438,3.0331627519999996e-06,0.97671896,4.57,0.24,0.22,0.21,0.33,,,,,
4341,17780736,1788,97230.62970014855,54829.52455227679,9.16,4936.23,-2.420758937660139e-05,111813.70555210114,0.8004889780422673,3.0315571200000002e-06,0.9675021,4.6,0.24,0.22,0.2,0.34,,,,,
4342,17784832,1789,98125.76637462963,55332.48807833721,9.23,4966.62,-2.3966666049091145e-05,45640.489773750305,0.7712778319837525,3.029951488e-06,0.9728836,4.64,0.24,0.21,0.2,0.35,,,,,
4343,17788928,1790,96573.72574978168,54490.565734453354,9.17,4907.02,-3.741438740689773e-05,24009.18156147003,0.8763799202861264,3.0283458559999998e-06,0.84236926,4.64,0.24,0.21,0.2,0.35,,,,,
4344,17793024,1791,96918.55994211596,54685.05647090592,9.2,4920.15,-7.06391538187745e-05,18120.41538667679,0.9508566816803068,3.0267402239999996e-06,0.9521722,4.66,0.23,0.22,0.2,0.35,,,,,
4345,17797120,1792,96841.96011026733,54622.866496121904,9.22,4900.21,-3.752390057343291e-05,59943.47572135925,0.7771986370207742,3.025134592e-06,0.96420294,4.71,0.23,0.21,0.2,0.36,,,,,
4346,17801216,1793,96795.42585372843,54616.29588157417,9.27,4898.41,-0.0001645627789912396,8185.60623896122,0.8609550248365849,3.02352896e-06,0.92786235,4.76,0.23,0.21,0.19,0.37,,,,,
4347,17805312,1794,95191.85540553041,53747.91505043025,9.2,4854.66,-8.413254181505181e-05,11939.678835630417,0.8319484849926084,3.0219233279999997e-06,0.9504641,4.73,0.24,0.21,0.18,0.37,,,,,
4348,17809408,1794,95191.85540553041,53747.91505043025,9.2,4854.66,-0.000280906578154827,16023.887327194214,0.7592928285012022,3.0203176959999995e-06,0.97444695,4.73,0.24,0.21,0.18,0.37,,,,,
4349,17813504,1794,95191.85540553041,53747.91505043025,9.2,4854.66,-4.121614801988471e-05,70560.25025177002,0.7656006148317829,3.018712064e-06,0.9756326,4.73,0.24,0.21,0.18,0.37,,,,,
4350,17817600,1795,96944.5471092678,54689.27577937723,9.26,4917.92,-9.44658004300436e-05,43719.638437747955,0.8519940609112382,3.017106432e-06,0.9708567,4.73,0.24,0.21,0.18,0.37,124599.77511200236,69883.12484323786,10.866666666666667,5945.333333333333,0.6
4351,17821696,1795,96944.5471092678,54689.27577937723,9.26,4917.92,-0.00020792257964785676,19980.784247398376,0.8001331246923655,3.0155007999999997e-06,0.97232574,4.73,0.24,0.21,0.18,0.37,,,,,
4352,17825792,1797,96989.38772179253,54728.81189870268,9.27,4920.19,-4.7467872718698345e-05,85270.53596019745,0.824270338518545,3.0138951679999995e-06,0.9712664,4.74,0.24,0.21,0.18,0.37,,,,,
4353,17829888,1798,97162.39997442858,54829.97356261752,9.38,4913.59,-8.679469556227559e-05,80322.43699932098,0.8432121527148411,3.012289536000001e-06,0.96051896,4.86,0.24,0.2,0.18,0.38,,,,,
4354,17833984,1799,96363.87503896595,54398.81806805107,9.35,4889.82,-9.195539541906328e-05,16238.990368366241,0.7773739622207358,3.0106839040000007e-06,0.980943,4.85,0.24,0.2,0.19,0.37,,,,,
4355,17838080,1799,96363.87503896595,54398.81806805107,9.35,4889.82,-5.317400791682303e-05,30619.42917060852,0.8910688108298928,3.0090782720000005e-06,0.94673514,4.85,0.24,0.2,0.19,0.37,,,,,
4356,17842176,1800,97240.68403349552,54889.76574410342,9.4,4938.84,-8.142696879076539e-05,37422.95513319969,0.8490051715634763,3.0074726399999994e-06,0.8923845,4.85,0.24,0.2,0.19,0.37,,,,,
4357,17846272,1800,97240.68403349552,54889.76574410342,9.4,4938.84,-6.209877392393537e-05,35190.30970573425,0.7827323690289631,3.0058670079999992e-06,0.9735842,4.85,0.24,0.2,0.19,0.37,,,,,
4358,17850368,1801,98904.72893081402,55831.26115360849,9.42,5020.22,-6.082635991333518e-05,20482.100561618805,0.8493116811150685,3.0042613760000007e-06,0.97826165,4.78,0.24,0.21,0.19,0.36,,,,,
4359,17854464,1803,98844.97539398498,55799.30705733284,9.43,4997.79,-4.077606899954844e-05,27634.48339653015,0.8184567331336439,3.0026557440000005e-06,0.96937555,4.81,0.23,0.21,0.2,0.36,,,,,
4360,17858560,1803,98844.97539398498,55799.30705733284,9.43,4997.79,-0.00013881494396628113,8919.258061170578,0.8347773820860311,3.0010501120000002e-06,0.97069484,4.81,0.23,0.21,0.2,0.36,,,,,
4361,17862656,1805,99407.670542604,56111.26450623508,9.44,5027.29,-0.00019576511476770975,8006.609440803528,0.8939563034800813,2.99944448e-06,0.9734446,4.79,0.23,0.22,0.19,0.36,,,,,
4362,17866752,1806,99033.16572429154,55915.12543620522,9.37,5024.8,-0.00021869733154744608,7576.857092738152,0.9155036133015528,2.9978388480000006e-06,0.9495698,4.72,0.23,0.22,0.2,0.35,,,,,
4363,17870848,1806,99033.16572429154,55915.12543620522,9.37,5024.8,-0.00015482971684832592,17247.738213062286,0.8982945058960468,2.9962332160000004e-06,0.96902573,4.72,0.23,0.22,0.2,0.35,,,,,
4364,17874944,1807,98549.48360355469,55662.54660876916,9.35,5021.91,-5.004202284908388e-05,31103.672001361847,0.8179247584193945,2.994627584e-06,0.97778755,4.7,0.24,0.21,0.2,0.35,,,,,
4365,17879040,1807,98549.48360355469,55662.54660876916,9.35,5021.91,-0.00015795451236044755,21538.824414253235,0.8699496230110526,2.993021952e-06,0.97614753,4.7,0.24,0.21,0.2,0.35,,,,,
4366,17883136,1809,96809.45727253033,54702.971774108075,9.38,4947.59,-2.8773823942174204e-05,73921.77538967133,0.7886830228380859,2.9914163200000006e-06,0.9443137,4.81,0.24,0.2,0.2,0.36,,,,,
4367,17887232,1810,97336.11016781304,55000.17547953479,9.34,4984.45,-8.320088090840727e-05,12837.566753864288,0.8183267109561712,2.9898106880000004e-06,0.93170625,4.73,0.24,0.21,0.2,0.35,,,,,
4368,17891328,1810,97336.11016781304,55000.17547953479,9.34,4984.45,-9.766184848558623e-05,14770.656811952591,0.8321069047087803,2.988205056e-06,0.97641844,4.73,0.24,0.21,0.2,0.35,,,,,
4369,17895424,1810,97336.11016781304,55000.17547953479,9.34,4984.45,-4.100039950571954e-05,57457.97282218933,0.8307420909404755,2.986599424e-06,0.9747555,4.73,0.24,0.21,0.2,0.35,,,,,
4370,17899520,1812,98926.4502504791,55858.0598065886,9.42,5024.74,-4.101000286027556e-05,63458.95482349396,0.8415867721196264,2.9849937920000006e-06,0.9287499,4.78,0.23,0.2,0.22,0.35,,,,,
4371,17903616,1813,100200.81980215153,56541.51226600789,9.45,5068.1,-1.7463911717641167e-05,101612.45758628845,0.7598434138344601,2.9833881600000003e-06,0.9633357,4.77,0.23,0.2,0.22,0.35,,,,,
4372,17907712,1813,100200.81980215153,56541.51226600789,9.45,5068.1,-0.0003461477499513421,5071.917483448982,0.842842853278853,2.981782528e-06,0.9670675,4.77,0.23,0.2,0.22,0.35,,,,,
4373,17911808,1813,100200.81980215153,56541.51226600789,9.45,5068.1,-5.197197424422484e-05,34575.05421304703,0.8064977093599737,2.980176896e-06,0.97766596,4.77,0.23,0.2,0.22,0.35,,,,,
4374,17915904,1814,101979.4659684917,57542.98989520765,9.49,5156.22,-4.418202479428146e-05,53779.68489933014,0.8826776305213571,2.9785712639999997e-06,0.9502024,4.71,0.24,0.2,0.22,0.34,,,,,
4375,17920000,1814,101979.4659684917,57542.98989520765,9.49,5156.22,-8.694146072230069e-05,18738.606484413147,0.8511230954900384,2.9769656320000003e-06,0.9886021,4.71,0.24,0.2,0.22,0.34,154756.60057802452,85883.1540247595,11.766666666666667,6885.533333333334,0.6666666666666666
4376,17924096,1814,101979.4659684917,57542.98989520765,9.49,5156.22,-8.778212577453814e-05,159468.19457912445,0.816092527937144,2.97536e-06,0.9631412,4.71,0.24,0.2,0.22,0.34,,,,,
4377,17928192,1815,103250.22529528172,58216.07403257286,9.53,5179.28,-2.3613121811649762e-05,260182.9979543686,0.7406474003801122,2.973754368e-06,0.947842,4.73,0.24,0.2,0.21,0.35,,,,,
4378,17932288,1817,99720.01173478509,56346.87219741202,9.48,5044.78,-3.576362723833881e-05,43436.13198804855,0.8473407245473936,2.9721487359999996e-06,0.834182,4.81,0.25,0.18,0.21,0.36,,,,,
4379,17936384,1817,99720.01173478509,56346.87219741202,9.48,5044.78,-4.4621434426517226e-05,53071.39116477966,0.8500201827846467,2.9705431040000003e-06,0.9669997,4.81,0.25,0.18,0.21,0.36,,,,,
4380,17940480,1817,99720.01173478509,56346.87219741202,9.48,5044.78,-3.0646591767435893e-05,99543.89602088928,0.8048488228814676,2.968937472e-06,0.9794038,4.81,0.25,0.18,0.21,0.36,,,,,
4381,17944576,1818,101179.68788739687,57119.06019075823,9.49,5100.15,-0.0001348368923572707,201297.6742258072,0.7968472031643614,2.96733184e-06,0.9617967,4.77,0.25,0.18,0.21,0.36,,,,,
4382,17948672,1818,101179.68788739687,57119.06019075823,9.49,5100.15,-0.000748256634324207,11515.054453611374,0.863483872381039,2.9657262079999996e-06,0.97871673,4.77,0.25,0.18,0.21,0.36,,,,,
4383,17952768,1819,102331.47137378601,57750.96208278568,9.49,5162.03,-3.0094497560639866e-05,63201.004897117615,0.8568465054268017,2.9641205760000002e-06,0.9652223,4.7,0.25,0.19,0.21,0.35,,,,,
4384,17956864,1819,102331.47137378601,57750.96208278568,9.49,5162.03,-2.6353880457463674e-05,66225.20377922058,0.7819237993098795,2.962514944e-06,0.97512573,4.7,0.25,0.19,0.21,0.35,,,,,
4385,17960960,1820,102571.54069373943,57830.88987998976,9.53,5136.77,-6.7497685449779965e-06,170839.78865242004,0.8500713655957952,2.960909312e-06,0.88512385,4.78,0.24,0.19,0.21,0.36,,,,,
4386,17965056,1820,102571.54069373943,57830.88987998976,9.53,5136.77,-3.8521181522810366e-05,59683.00041484833,0.7774419391062111,2.9593036799999996e-06,0.9806191,4.78,0.24,0.19,0.21,0.36,,,,,
4387,17969152,1821,104578.30849967978,58857.36821920851,9.59,5192.1,-1.796513970475644e-05,273534.0429534912,0.74122344260104,2.957698048e-06,0.9480385,4.8,0.24,0.19,0.2,0.37,,,,,
4388,17973248,1822,104899.45696717674,59045.14995579402,9.63,5203.69,-9.517471698927693e-05,20663.423938035965,0.9181153749814257,2.956092416e-06,0.95049936,4.83,0.23,0.19,0.21,0.37,,,,,
4389,17977344,1822,104899.45696717674,59045.14995579402,9.63,5203.69,-0.00021213677609921433,12083.37942314148,0.8556771973380819,2.9544867839999998e-06,0.9640897,4.83,0.23,0.19,0.21,0.37,,,,,
4390,17981440,1823,104631.36625901883,58895.98152771319,9.6,5210.28,-6.429228051274549e-05,19858.041493415833,0.8578468859195709,2.9528811519999995e-06,0.948339,4.79,0.23,0.2,0.21,0.36,,,,,
4391,17985536,1823,104631.36625901883,58895.98152771319,9.6,5210.28,-5.545631029235665e-05,30306.158052921295,0.742697439622134,2.9512755199999993e-06,0.98334634,4.79,0.23,0.2,0.21,0.36,,,,,
4392,17989632,1824,104630.20712031623,58897.49363398463,9.58,5226.6,-0.00011106492456747219,29552.094218969345,0.8446126519702375,2.9496698880000008e-06,0.9726516,4.75,0.23,0.21,0.21,0.35,,,,,
4393,17993728,1824,104630.20712031623,58897.49363398463,9.58,5226.6,-8.286895445053233e-05,16524.143886327744,0.7889371286146343,2.9480642559999997e-06,0.9727776,4.75,0.23,0.21,0.21,0.35,,,,,
4394,17997824,1825,106559.33351209533,59944.7235602079,9.61,5328.32,-4.792419531440828e-06,219231.264960289,0.7828659099759534,2.9464586239999995e-06,0.84805137,4.68,0.24,0.21,0.21,0.34,,,,,
4395,18001920,1825,106559.33351209533,59944.7235602079,9.61,5328.32,-8.043148682190804e-05,24872.724685668945,0.8325024583609775,2.9448529919999993e-06,0.97968787,4.68,0.24,0.21,0.21,0.34,,,,,
4396,18006016,1827,103790.5237923971,58526.20566742891,9.5,5239.66,-6.474955080193467e-05,21531.832445144653,0.9168888749554753,2.9432473600000007e-06,0.94284046,4.64,0.24,0.21,0.22,0.33,,,,,
4397,18010112,1827,103790.5237923971,58526.20566742891,9.5,5239.66,-4.772085230797529e-05,26587.117986679077,0.791107275057584,2.9416417280000005e-06,0.97659224,4.64,0.24,0.21,0.22,0.33,,,,,
4398,18014208,1828,106363.33232102238,59934.79417727182,9.59,5341.68,-3.3562556382094044e-05,116684.41823577881,0.8187799096340314,2.9400360960000003e-06,0.9647219,4.63,0.24,0.21,0.22,0.33,,,,,
4399,18018304,1830,103573.5321325367,58405.38578323674,9.53,5223.37,-8.664928918733494e-05,28394.950164794922,0.8906930034281686,2.938430464e-06,0.93939304,4.69,0.23,0.22,0.22,0.33,,,,,
4400,18022400,1831,102590.84660958264,57888.043875779724,9.41,5209.31,-0.00014453913718170952,12262.683859825134,0.86206397973001,2.9368248320000007e-06,0.92325175,4.58,0.23,0.23,0.22,0.32,136294.7891786495,75935.59053538527,11.2,6282.8,0.6333333333333333
4401,18026496,1831,102590.84660958264,57888.043875779724,9.41,5209.31,-8.341650027432479e-05,23573.499763011932,0.7930689512286335,2.9352192000000005e-06,0.980531,4.58,0.23,0.23,0.22,0.32,,,,,
4402,18030592,1832,103824.99031752134,58557.787108816105,9.43,5263.69,-3.314042078272905e-05,70978.81182003021,0.80777256435249,2.9336135680000003e-06,0.98131675,4.55,0.23,0.23,0.23,0.31,,,,,
4403,18034688,1832,103824.99031752134,58557.787108816105,9.43,5263.69,-0.00029663164605153725,10517.28411746025,0.8165532080456614,2.932007936e-06,0.96069926,4.55,0.23,0.23,0.23,0.31,,,,,
4404,18038784,1832,103824.99031752134,58557.787108816105,9.43,5263.69,-8.698805504536722e-05,22975.43951177597,0.8476142012514174,2.9304023040000007e-06,0.9823071,4.55,0.23,0.23,0.23,0.31,,,,,
4405,18042880,1832,103824.99031752134,58557.787108816105,9.43,5263.69,-4.222332859171729e-05,90817.48687076569,0.7610019728308544,2.9287966720000004e-06,0.9820133,4.55,0.23,0.23,0.23,0.31,,,,,
4406,18046976,1834,105365.50669427641,59368.752323232315,9.5,5299.69,-1.1023844308510888e-05,203006.93753910065,0.9364406384993345,2.9271910400000002e-06,0.6845702,4.59,0.23,0.22,0.23,0.32,,,,,
4407,18051072,1834,105365.50669427641,59368.752323232315,9.5,5299.69,-8.010906640265603e-05,18507.76551437378,0.8626297626178712,2.925585408e-06,0.9759235,4.59,0.23,0.22,0.23,0.32,,,,,
4408,18055168,1835,106745.202825303,60144.23464285858,9.56,5361.32,-7.666804594919086e-05,29092.23526573181,0.7946907539153472,2.9239797759999998e-06,0.96554947,4.59,0.23,0.22,0.23,0.32,,,,,
4409,18059264,1836,106805.14654006818,60208.132558312034,9.57,5362.17,-4.4063880523026455e-05,29851.54322719574,0.8257880607852712,2.9223741440000004e-06,0.970705,4.6,0.23,0.22,0.23,0.32,,,,,
4410,18063360,1837,104909.9941024445,59166.81275200388,9.49,5279.25,-0.0003399192673896323,9380.487902402878,0.9128733025863767,2.920768512e-06,0.96271646,4.6,0.23,0.22,0.23,0.32,,,,,
4411,18067456,1838,103210.83399001628,58268.932625515365,9.43,5226.42,-9.897594100038987e-05,17227.213969230652,0.8596981746377423,2.91916288e-06,0.96721315,4.58,0.23,0.23,0.22,0.32,,,,,
4412,18071552,1838,103210.83399001628,58268.932625515365,9.43,5226.42,-3.4031188988592476e-05,27653.965492248535,0.7820309851085767,2.9175572479999997e-06,0.9771769,4.58,0.23,0.23,0.22,0.32,,,,,
4413,18075648,1839,104244.29765317724,58844.08487800256,9.48,5269.91,-3.929623017029371e-05,29157.392846107483,0.8775830171070993,2.9159516160000004e-06,0.9522129,4.59,0.22,0.24,0.22,0.32,,,,,
4414,18079744,1840,104261.87953375201,58848.10121050599,9.44,5281.05,-3.1625362680642866e-05,41270.622019171715,0.8207632278790697,2.914345984e-06,0.7376212,4.54,0.22,0.24,0.23,0.31,,,,,
4415,18083840,1840,104261.87953375201,58848.10121050599,9.44,5281.05,-0.0004348079901319579,15682.717363119125,0.8681473606266081,2.912740352e-06,0.9694875,4.54,0.22,0.24,0.23,0.31,,,,,
4416,18087936,1841,104681.65446106646,59068.61045448586,9.46,5292.46,-7.579622433695477e-05,37492.44556617737,0.845826452714391,2.9111347199999997e-06,0.9798148,4.54,0.22,0.24,0.23,0.31,,,,,
4417,18092032,1841,104681.65446106646,59068.61045448586,9.46,5292.46,-8.602552861702861e-05,24768.416405677795,0.7914298139512539,2.9095290880000003e-06,0.9864313,4.54,0.22,0.24,0.23,0.31,,,,,
4418,18096128,1842,106662.55213374292,60128.08899833884,9.53,5361.87,-1.994425110751763e-05,132272.63462543488,0.7686439594253898,2.907923456e-06,0.9357195,4.55,0.22,0.24,0.22,0.32,,,,,
4419,18100224,1842,106662.55213374292,60128.08899833884,9.53,5361.87,-0.00024339928768313257,12147.220485687256,0.8310639120172709,2.906317824e-06,0.954513,4.55,0.22,0.24,0.22,0.32,,,,,
4420,18104320,1842,106662.55213374292,60128.08899833884,9.53,5361.87,-3.823231236310676e-05,44894.56631422043,0.8046672206837684,2.9047121919999997e-06,0.97478557,4.55,0.22,0.24,0.22,0.32,,,,,
4421,18108416,1843,107908.22792533823,60813.19259111584,9.56,5427.67,-6.085194218030665e-05,14586.114274978638,0.843339949962683,2.9031065600000003e-06,0.9049978,4.51,0.23,0.24,0.21,0.32,,,,,
4422,18112512,1843,107908.22792533823,60813.19259111584,9.56,5427.67,-3.488749507596367e-05,40083.793825149536,0.8173507497413084,2.901500928e-06,0.9575059,4.51,0.23,0.24,0.21,0.32,,,,,
4423,18116608,1845,108450.37790192342,61163.08645323981,9.57,5464.79,-2.1008242583775427e-05,73100.68141889572,0.918076096335426,2.899895296e-06,0.93967223,4.48,0.23,0.24,0.21,0.32,,,,,
4424,18120704,1845,108450.37790192342,61163.08645323981,9.57,5464.79,-0.00015816756967979018,11279.956903934479,0.8609914697008207,2.8982896639999996e-06,0.9815943,4.48,0.23,0.24,0.21,0.32,,,,,
4425,18124800,1846,109163.14165827753,61546.70172922116,9.6,5485.09,-8.552276904083556e-05,32846.61627578735,0.8354178160661831,2.8966840319999994e-06,0.97001666,4.5,0.22,0.25,0.21,0.32,143484.92533704202,79394.89785879884,11.033333333333333,6248.666666666667,0.7
4426,18128896,1847,108983.29154843351,61448.37288052205,9.6,5475.68,-3.1466237487620674e-05,35190.731536865234,0.8684018448693678,2.8950784e-06,0.95895475,4.51,0.22,0.25,0.2,0.33,,,,,
4427,18132992,1850,106845.51987219794,60262.98156966431,9.57,5358.34,-2.5825795091805048e-05,63523.25765514374,0.7874027272919193,2.893472768e-06,0.9540539,4.59,0.21,0.25,0.2,0.34,,,,,
4428,18137088,1850,106845.51987219794,60262.98156966431,9.57,5358.34,-0.00015147770864132326,11965.274250030518,0.836285249562934,2.8918671359999996e-06,0.96317065,4.59,0.21,0.25,0.2,0.34,,,,,
4429,18141184,1850,106845.51987219794,60262.98156966431,9.57,5358.34,-3.0227340175770223e-05,34530.93049430847,0.7593781695468351,2.8902615039999994e-06,0.97657686,4.59,0.21,0.25,0.2,0.34,,,,,
4430,18145280,1851,107967.3008082759,60869.01152968544,9.61,5398.8,-7.997278680704767e-05,33981.5625770092,0.8782150021288544,2.888655872000001e-06,0.9521074,4.59,0.21,0.25,0.2,0.34,,,,,
4431,18149376,1851,107967.3008082759,60869.01152968544,9.61,5398.8,-3.505304721329594e-05,30004.852819681168,0.8126984644914046,2.8870502399999998e-06,0.9642058,4.59,0.21,0.25,0.2,0.34,,,,,
4432,18153472,1852,109078.69866635388,61510.90994258763,9.61,5467.27,-0.0001908954855025513,10763.859453201294,0.7743319800356403,2.8854446079999995e-06,0.9081747,4.51,0.22,0.25,0.2,0.33,,,,,
4433,18157568,1853,109701.82156767316,61860.342052317545,9.55,5514.31,-0.00018565737809694838,21840.33522796631,0.803770414320752,2.8838389759999993e-06,0.86786777,4.4,0.23,0.25,0.2,0.32,,,,,
4434,18161664,1853,109701.82156767316,61860.342052317545,9.55,5514.31,-8.05970576038817e-05,16935.45388317108,0.7813158540520817,2.882233344000001e-06,0.96512085,4.4,0.23,0.25,0.2,0.32,,,,,
4435,18165760,1854,111451.12165371973,62837.7675605559,9.58,5605.1,-7.558870129287243e-05,43717.875249385834,0.7954344184836373,2.8806277120000006e-06,0.9772438,4.33,0.24,0.25,0.2,0.31,,,,,
4436,18169856,1855,110610.60695106309,62360.54059347513,9.58,5557.44,-7.355720299528912e-06,135425.2605857849,0.8510473426431417,2.8790220800000004e-06,0.8542342,4.39,0.24,0.24,0.2,0.32,,,,,
4437,18173952,1856,109697.90456757357,61856.98283832943,9.54,5519.19,-0.00014210028166417032,12551.2451223135,0.8723755554528907,2.877416448e-06,0.90705127,4.39,0.24,0.24,0.2,0.32,,,,,
4438,18178048,1856,109697.90456757357,61856.98283832943,9.54,5519.19,-0.0002891775925490947,9165.452198266983,0.8537085569696501,2.8758108160000008e-06,0.9438645,4.39,0.24,0.24,0.2,0.32,,,,,
4439,18182144,1856,109697.90456757357,61856.98283832943,9.54,5519.19,-4.6314153223647736e-05,31590.23281288147,0.7840814321534708,2.8742051840000005e-06,0.9798581,4.39,0.24,0.24,0.2,0.32,,,,,
4440,18186240,1856,109697.90456757357,61856.98283832943,9.54,5519.19,-2.2604958303418243e-05,135184.54680347443,0.7453879880486056,2.8725995520000003e-06,0.96998376,4.39,0.24,0.24,0.2,0.32,,,,,
4441,18190336,1857,112280.29360635184,63229.9877855331,9.61,5593.26,-2.5706609449116513e-05,374085.7773294449,0.72563036007341,2.87099392e-06,0.9496391,4.39,0.24,0.24,0.2,0.32,,,,,
4442,18194432,1857,112280.29360635184,63229.9877855331,9.61,5593.26,-2.3323831555899233e-05,77732.32397270203,0.7933157914085314,2.8693882880000007e-06,0.9779715,4.39,0.24,0.24,0.2,0.32,,,,,
4443,18198528,1858,112844.77619796475,63515.50424616185,9.67,5590.69,-8.656399222672917e-05,25227.041355133057,0.854555954108946,2.8677826560000005e-06,0.9669289,4.46,0.24,0.23,0.2,0.33,,,,,
4444,18202624,1859,113428.72217170143,63832.828264538366,9.71,5598.71,-0.0001457412199670216,31167.03261756897,0.8548382016597316,2.8661770240000003e-06,0.9699431,4.5,0.23,0.23,0.21,0.33,,,,,
4445,18206720,1859,113428.72217170143,63832.828264538366,9.71,5598.71,-0.00019384679399081506,11162.38861823082,0.8886162574635819,2.864571392e-06,0.9850328,4.5,0.23,0.23,0.21,0.33,,,,,
4446,18210816,1860,114194.4292395897,64277.00063535591,9.74,5646.93,-9.887404303299263e-05,12443.059100151062,0.8756744277197868,2.86296576e-06,0.93116194,4.48,0.23,0.24,0.2,0.33,,,,,
4447,18214912,1860,114194.4292395897,64277.00063535591,9.74,5646.93,-0.0001970133544091368,30983.498478889465,0.7613760005915537,2.8613601280000005e-06,0.9702472,4.48,0.23,0.24,0.2,0.33,,,,,
4448,18219008,1861,114117.56553635758,64271.601391755175,9.72,5670.11,-2.15395839404664e-05,53180.6467423439,0.7911745894234627,2.8597544960000002e-06,0.97725904,4.42,0.24,0.24,0.2,0.32,,,,,
4449,18223104,1861,114117.56553635758,64271.601391755175,9.72,5670.11,-5.519686055777129e-05,26988.88048696518,0.8371339285513386,2.858148864e-06,0.9776927,4.42,0.24,0.24,0.2,0.32,,,,,
4450,18227200,1862,113041.94250438082,63671.730227155276,9.69,5620.6,-0.00011468611523923755,14411.124653816223,0.881956102210097,2.856543232e-06,0.9260451,4.45,0.23,0.24,0.21,0.32,114169.49608293246,63931.41026331479,10.333333333333334,5417.033333333334,0.5
4451,18231296,1863,111713.369900092,62934.16822354082,9.64,5568.46,-5.817538658448029e-05,72061.9998049736,0.8279374544508755,2.8549376000000004e-06,0.7900923,4.46,0.22,0.25,0.21,0.32,,,,,
4452,18235392,1863,111713.369900092,62934.16822354082,9.64,5568.46,-4.944205647916533e-05,41442.84073638916,0.7974718455225229,2.853331968e-06,0.9528765,4.46,0.22,0.25,0.21,0.32,,,,,
4453,18239488,1865,109844.94918546954,61962.35784037826,9.62,5517.51,-2.9770719265798107e-05,45335.27009868622,0.9338404666632414,2.851726336e-06,0.96137154,4.49,0.22,0.24,0.22,0.32,,,,,
4454,18243584,1866,110642.24883341577,62414.53193689496,9.68,5539.05,-5.6062930525513366e-05,53053.344049453735,0.844614431145601,2.8501207039999998e-06,0.96134824,4.53,0.22,0.23,0.22,0.33,,,,,
4455,18247680,1867,110142.69915141379,62130.94303061441,9.69,5497.84,-1.9446972146397457e-05,65289.17673587799,0.8330960504245013,2.8485150720000004e-06,0.8592513,4.59,0.21,0.23,0.22,0.34,,,,,
4456,18251776,1867,110142.69915141379,62130.94303061441,9.69,5497.84,-8.704460014996585e-05,22493.91886663437,0.8050857504131272,2.84690944e-06,0.94224715,4.59,0.21,0.23,0.22,0.34,,,,,
4457,18255872,1868,110924.93560579319,62574.19881784348,9.73,5550.25,-0.00015664357488276437,6938.290949821472,0.8610812403494492,2.845303808e-06,0.9619478,4.57,0.22,0.22,0.22,0.34,,,,,
4458,18259968,1869,110610.74457863787,62406.411159463605,9.72,5536.16,-1.5917429664114024e-05,46248.12878084183,0.83685131452512,2.8436981759999997e-06,0.90040034,4.58,0.21,0.23,0.22,0.34,,,,,
4459,18264064,1869,110610.74457863787,62406.411159463605,9.72,5536.16,-4.778842776431702e-05,25083.44336605072,0.8333680389914662,2.8420925440000003e-06,0.97515106,4.58,0.21,0.23,0.22,0.34,,,,,
4460,18268160,1870,111932.0300323636,63145.36707623596,9.73,5601.92,-9.470396798860747e-05,17754.870318889618,0.8189269087743014,2.840486912e-06,0.95468533,4.52,0.21,0.24,0.22,0.33,,,,,
4461,18272256,1871,112103.43640653984,63246.00193236176,9.72,5620.38,-0.00010941537766484544,7997.292096018791,0.8117414942244068,2.83888128e-06,0.9354153,4.49,0.22,0.24,0.21,0.33,,,,,
4462,18276352,1871,112103.43640653984,63246.00193236176,9.72,5620.38,-5.869603410246782e-05,25732.21183490753,0.7871203292161226,2.8372756479999997e-06,0.97255844,4.49,0.22,0.24,0.21,0.33,,,,,
4463,18280448,1871,112103.43640653984,63246.00193236176,9.72,5620.38,-1.595553658262361e-05,91173.90027141571,0.7584490892477334,2.8356700159999995e-06,0.97560185,4.49,0.22,0.24,0.21,0.33,,,,,
4464,18284544,1873,114773.16069395952,64726.18417907759,9.86,5730.07,-3.880410895362729e-05,89128.72685146332,0.889087280491367,2.834064384e-06,0.95465547,4.52,0.22,0.24,0.2,0.34,,,,,
4465,18288640,1875,114538.89933759626,64636.66563894009,9.91,5726.4,-1.5272191376425326e-05,117622.87533950806,0.8557529548415914,2.832458752e-06,0.8906904,4.58,0.22,0.24,0.19,0.35,,,,,
4466,18292736,1875,114538.89933759626,64636.66563894009,9.91,5726.4,-0.0002262472771690227,7347.151746511459,0.8386527625843883,2.8308531199999996e-06,0.96803766,4.58,0.22,0.24,0.19,0.35,,,,,
4467,18296832,1876,112971.2965456606,63805.020791362665,9.86,5680.36,-6.610575110244099e-05,22836.15333223343,0.9031944791786373,2.8292474879999994e-06,0.96380633,4.58,0.22,0.24,0.19,0.35,,,,,
4468,18300928,1877,111918.52194923048,63204.18767111956,9.79,5633.45,-8.639889256301103e-05,11814.500283956528,0.8581409385660663,2.827641856e-06,0.9644034,4.56,0.22,0.25,0.18,0.35,,,,,
4469,18305024,1878,111325.68173741685,62887.875357149744,9.75,5619.69,-9.680276343715377e-05,11245.052865982056,0.9169127346249297,2.826036224e-06,0.898237,4.53,0.22,0.26,0.18,0.34,,,,,
4470,18309120,1879,111954.44951403073,63248.57685713141,9.75,5667.81,-4.855712904827669e-05,20950.419700860977,0.8560226805275306,2.8244305919999996e-06,0.8731913,4.48,0.23,0.26,0.18,0.33,,,,,
4471,18313216,1881,111258.79812143157,62878.66131689281,9.72,5664.23,-2.1175290385144763e-05,45898.333753585815,0.8809489093255252,2.8228249599999994e-06,0.85242283,4.45,0.24,0.25,0.18,0.33,,,,,
4472,18317312,1882,111477.24573051736,62993.35133174502,9.7,5685.25,-0.00016801677884359378,7349.082206964493,0.8414674651576206,2.821219328000001e-06,0.79906166,4.41,0.25,0.25,0.17,0.33,,,,,
4473,18321408,1882,111477.24573051736,62993.35133174502,9.7,5685.25,-8.297550266433973e-05,22549.861289978027,0.7991348736686632,2.8196136960000006e-06,0.9663405,4.41,0.25,0.25,0.17,0.33,,,,,
4474,18325504,1883,111919.0329878632,63245.498472627485,9.71,5712.62,-4.062196057930123e-05,26581.17631959915,0.8186281094094738,2.8180080640000004e-06,0.96549684,4.39,0.26,0.24,0.17,0.33,,,,,
4475,18329600,1883,111919.0329878632,63245.498472627485,9.71,5712.62,-4.0412061935057864e-05,39533.635900974274,0.8413013904355466,2.8164024319999993e-06,0.980041,4.39,0.26,0.24,0.17,0.33,138646.68153698897,76369.5034864006,10.9,6069.666666666667,0.4
4476,18333696,1884,112694.33892795054,63659.92432507976,9.74,5741.38,-2.9653136152774096e-05,40542.79807424545,0.917092842864804,2.814796800000001e-06,0.9823574,4.39,0.26,0.24,0.17,0.33,,,,,
4477,18337792,1885,113332.1951490163,63993.75122432288,9.77,5750.48,-2.011317337746732e-05,124836.8339805603,0.7633119235979393,2.8131911680000006e-06,0.9597382,4.41,0.26,0.24,0.16,0.34,,,,,
4478,18341888,1888,110237.99832037941,62273.029339788314,9.73,5616.73,-3.896873749908991e-05,63003.35399436951,0.8838465840090066,2.8115855360000004e-06,0.9368779,4.51,0.25,0.24,0.17,0.34,,,,,
4479,18345984,1890,109665.31477235389,61922.23588681096,9.8,5580.18,-2.5773682864382863e-05,37411.19261074066,0.853104785666801,2.809979904e-06,0.9692362,4.62,0.25,0.23,0.17,0.35,,,,,
4480,18350080,1891,109071.75536691198,61569.83034146926,9.8,5540.87,-3.5024040698772296e-05,32182.33802509308,0.775555029627867,2.808374272e-06,0.967157,4.66,0.25,0.22,0.17,0.36,,,,,
4481,18354176,1892,109202.47106305964,61646.4583810317,9.8,5547.35,-0.00010984112850564998,28005.431466579437,0.8412125763716176,2.8067686400000006e-06,0.96958566,4.65,0.25,0.22,0.17,0.36,,,,,
4482,18358272,1893,109642.52297253742,61878.64532848598,9.75,5580.86,-2.1141246179468e-05,38323.752962589264,0.8488793768920004,2.8051630080000003e-06,0.9711391,4.56,0.26,0.22,0.17,0.35,,,,,
4483,18362368,1894,110178.5143359724,62176.190600815535,9.81,5578.65,-8.530787727067946e-05,17945.109041452408,0.8706668836530298,2.803557376e-06,0.9809975,4.63,0.25,0.22,0.17,0.36,,,,,
4484,18366464,1894,110178.5143359724,62176.190600815535,9.81,5578.65,-7.523128260800149e-05,28814.312136650085,0.8239829355152324,2.801951744e-06,0.95488733,4.63,0.25,0.22,0.17,0.36,,,,,
4485,18370560,1895,108853.372081207,61468.418801408865,9.77,5532.74,-0.00011669344439724227,21799.92941570282,0.8293675413588062,2.8003461120000005e-06,0.9753807,4.63,0.25,0.22,0.17,0.36,,,,,
4486,18374656,1895,108853.372081207,61468.418801408865,9.77,5532.74,-1.954385788849322e-05,32859.72262907028,0.84214306040667,2.7987404800000003e-06,0.98005915,4.63,0.25,0.22,0.17,0.36,,,,,
4487,18378752,1895,108853.372081207,61468.418801408865,9.77,5532.74,-2.3361464627669193e-05,139162.36503601074,0.7956488991621882,2.797134848e-06,0.9639085,4.63,0.25,0.22,0.17,0.36,,,,,
4488,18382848,1897,110301.40660451124,62242.53946790264,9.8,5560.93,-2.623567979753716e-05,226103.24425411224,0.8150307590840384,2.795529216e-06,0.9554054,4.63,0.25,0.21,0.18,0.36,,,,,
4489,18386944,1897,110301.40660451124,62242.53946790264,9.8,5560.93,-2.6568177418084815e-05,26040.918581962585,0.796451581758447,2.7939235840000005e-06,0.97062767,4.63,0.25,0.21,0.18,0.36,,,,,
4490,18391040,1898,111386.12038494521,62847.815872501116,9.76,5613.88,-0.00017558632544023567,22579.75244665146,0.8191427559358999,2.7923179520000003e-06,0.9853274,4.53,0.25,0.21,0.19,0.35,,,,,
4491,18395136,1899,111132.53146862095,62710.00523235367,9.74,5612.27,-7.407069278997369e-05,20556.777770996094,0.8998271324671805,2.79071232e-06,0.9685859,4.51,0.25,0.22,0.18,0.35,,,,,
4492,18399232,1899,111132.53146862095,62710.00523235367,9.74,5612.27,-0.0002539800370868761,8886.82607805729,0.958616491756402,2.789106688e-06,0.962406,4.51,0.25,0.22,0.18,0.35,,,,,
4493,18403328,1900,111708.56537463168,63041.1002327655,9.76,5643.99,-1.5334359432017663e-05,61805.28112411499,0.8676803442649543,2.7875010560000004e-06,0.9322034,4.49,0.26,0.21,0.18,0.35,,,,,
4494,18407424,1900,111708.56537463168,63041.1002327655,9.76,5643.99,-0.00014549580919265281,7107.312788963318,0.7642242998117581,2.7858954240000002e-06,0.9623075,4.49,0.26,0.21,0.18,0.35,,,,,
4495,18411520,1901,110953.10949311426,62616.16832845275,9.73,5618.15,-5.315162161423359e-05,22735.98032426834,0.8674502405337989,2.784289792e-06,0.9731914,4.48,0.27,0.2,0.18,0.35,,,,,
4496,18415616,1902,111115.43579050485,62700.6480790657,9.74,5624.72,-3.0026150852791034e-05,42456.514355659485,0.9152217343216762,2.7826841599999998e-06,0.9658436,4.49,0.27,0.2,0.17,0.36,,,,,
4497,18419712,1903,111673.01568927268,63006.69119454188,9.78,5648.75,-4.981091115041636e-05,17678.517369270325,0.7986286308150738,2.7810785279999995e-06,0.96900994,4.51,0.27,0.19,0.18,0.36,,,,,
4498,18423808,1903,111673.01568927268,63006.69119454188,9.78,5648.75,-0.000412785444950714,6352.52082669735,0.9267286779358983,2.779472896e-06,0.9611782,4.51,0.27,0.19,0.18,0.36,,,,,
4499,18427904,1903,111673.01568927268,63006.69119454188,9.78,5648.75,-3.148109226458473e-05,27762.543424129486,0.786476511741057,2.777867264e-06,0.9757713,4.51,0.27,0.19,0.18,0.36,,,,,
4500,18432000,1903,111673.01568927268,63006.69119454188,9.78,5648.75,-6.863133148726774e-05,94398.28405237198,0.7441677511669695,2.7762616319999997e-06,0.9781795,4.51,0.27,0.19,0.18,0.36,125192.93528010539,69831.46160321932,10.633333333333333,5655.3,0.5333333333333333
4501,18436096,1905,114109.79272953712,64330.283924131996,9.92,5730.1,-9.387177397002233e-05,38117.71877479553,0.8389113502344117,2.7746559999999995e-06,0.97142226,4.57,0.27,0.18,0.18,0.37,,,,,
4502,18440192,1905,114109.79272953712,64330.283924131996,9.92,5730.1,-0.00021675048265024088,6809.420032978058,0.8198227857938036,2.773050368e-06,0.9756866,4.57,0.27,0.18,0.18,0.37,,,,,
4503,18444288,1906,114999.87410262061,64832.289388027835,9.95,5779.61,-9.719696754473262e-05,21222.73535490036,0.8369653685949743,2.771444736e-06,0.9664541,4.54,0.28,0.18,0.17,0.37,,,,,
4504,18448384,1907,113610.9755083199,64069.402066532115,9.89,5721.87,-0.00013648864114657044,7107.956422686577,0.8570023564388976,2.7698391039999997e-06,0.9108583,4.54,0.28,0.18,0.17,0.37,,,,,
4505,18452480,1908,112594.48852304347,63531.31638880387,9.84,5699.09,-0.00010053598634840455,11686.972069501877,0.8156943107023835,2.7682334719999995e-06,0.96371,4.5,0.29,0.18,0.16,0.37,,,,,
4506,18456576,1908,112594.48852304347,63531.31638880387,9.84,5699.09,-5.432776561065111e-05,21153.620579719543,0.8105354165891185,2.76662784e-06,0.96735066,4.5,0.29,0.18,0.16,0.37,,,,,
4507,18460672,1909,113560.02659835645,64068.9760751242,9.79,5749.02,-0.00010962185569951544,30596.84520304203,0.8476809033891186,2.765022208e-06,0.9442163,4.4,0.29,0.18,0.17,0.36,,,,,
4508,18464768,1909,113560.02659835645,64068.9760751242,9.79,5749.02,-4.3225473064012476e-05,25297.428876399994,0.7855328008299693,2.7634165759999997e-06,0.9721606,4.4,0.29,0.18,0.17,0.36,,,,,
4509,18468864,1913,111103.59174774592,62729.07967702181,9.82,5650.16,-5.105925083626062e-06,138667.070022583,0.8672906763385981,2.7618109439999994e-06,0.8963649,4.53,0.29,0.18,0.15,0.38,,,,,
4510,18472960,1914,109341.39289607096,61756.604128185514,9.82,5558.88,-3.4416151720506605e-05,41326.9241642952,0.8499245502753183,2.760205312000001e-06,0.9538191,4.63,0.28,0.18,0.15,0.39,,,,,
4511,18477056,1914,109341.39289607096,61756.604128185514,9.82,5558.88,-2.791973929561209e-05,41883.08556318283,0.8372043496929109,2.7585996800000007e-06,0.9695285,4.63,0.28,0.18,0.15,0.39,,,,,
4512,18481152,1914,109341.39289607096,61756.604128185514,9.82,5558.88,-2.336666057090042e-05,123828.41095733643,0.8022877820767462,2.7569940479999996e-06,0.9679616,4.63,0.28,0.18,0.15,0.39,,,,,
4513,18485248,1914,109341.39289607096,61756.604128185514,9.82,5558.88,-2.5305554117949214e-05,546821.0409698486,0.7726924036396667,2.7553884159999994e-06,0.9413841,4.63,0.28,0.18,0.15,0.39,,,,,
4514,18489344,1915,110178.02883477822,62216.10093000343,9.83,5592.65,-0.00010372502765676472,20489.448865652084,0.8385941199958324,2.753782783999999e-06,0.9662783,4.6,0.28,0.19,0.15,0.38,,,,,
4515,18493440,1916,110360.86281698402,62318.54007317867,9.85,5592.7,-3.578742735044216e-05,102424.94815254211,0.8063275145832449,2.7521771520000006e-06,0.95749176,4.62,0.27,0.2,0.15,0.38,,,,,
4516,18497536,1916,110360.86281698402,62318.54007317867,9.85,5592.7,-9.598059295967687e-05,583525.7547645569,0.7701102824648842,2.7505715200000004e-06,0.94001836,4.62,0.27,0.2,0.15,0.38,,,,,
4517,18501632,1917,112910.43549182214,63624.295096862,9.91,5660.12,-0.00020809548732358962,11670.500373601913,0.9078171888832003,2.748965888e-06,0.92263263,4.62,0.27,0.2,0.15,0.38,,,,,
4518,18505728,1919,108785.71531310525,61387.154725901455,9.8,5514.53,-8.740011526242597e-05,18718.821662664413,0.8460760019952431,2.747360256e-06,0.9573898,4.64,0.28,0.19,0.15,0.38,,,,,
4519,18509824,1920,107808.110747347,60887.6107527566,9.74,5496.23,-0.00010781664605019614,27262.18067073822,0.8781032552942634,2.7457546240000006e-06,0.9517947,4.59,0.28,0.19,0.16,0.37,,,,,
4520,18513920,1921,105744.31048531708,59829.85189874494,9.67,5445.46,-4.257855744072003e-05,28318.492505073547,0.8742620261618868,2.7441489920000004e-06,0.9667544,4.56,0.28,0.19,0.17,0.36,,,,,
4521,18518016,1922,105316.40294537372,59572.71461460637,9.72,5418.97,-0.00011760935922211502,11061.608497619629,0.9123022801941261,2.74254336e-06,0.950671,4.64,0.28,0.19,0.16,0.37,,,,,
4522,18522112,1922,105316.40294537372,59572.71461460637,9.72,5418.97,-4.336016354500316e-05,24479.157304525375,0.7351399085018784,2.740937728e-06,0.98297143,4.64,0.28,0.19,0.16,0.37,,,,,
4523,18526208,1923,106581.45375930026,60253.46268002715,9.76,5467.54,-2.1576664039457683e-05,102712.88748073578,0.8058079078327864,2.7393320960000006e-06,0.9249824,4.64,0.28,0.19,0.16,0.37,,,,,
4524,18530304,1924,105334.71067347637,59577.675607739555,9.7,5425.14,-0.0002376486809225753,10368.14197731018,0.858520875684917,2.7377264640000003e-06,0.9451221,4.62,0.29,0.18,0.16,0.37,,,,,
4525,18534400,1924,105334.71067347637,59577.675607739555,9.7,5425.14,-2.9056498533464037e-05,37475.66817569733,0.8439238799037412,2.736120832e-06,0.97499603,4.62,0.29,0.18,0.16,0.37,100803.10519064935,56628.674099767275,9.866666666666667,4976.766666666666,0.43333333333333335
4526,18538496,1925,105096.31359497659,59463.582023537885,9.71,5393.94,-3.1862306968832854e-05,74900.88088035583,0.7446770020760596,2.7345152e-06,0.9764805,4.66,0.28,0.18,0.17,0.37,,,,,
4527,18542592,1926,105141.34692675312,59462.520340685194,9.75,5382.97,-2.9572991479653865e-05,87335.90204143524,0.8227406038204208,2.7329095680000005e-06,0.97450817,4.72,0.28,0.18,0.16,0.38,,,,,
4528,18546688,1928,103910.48460825818,58827.253958802576,9.78,5327.16,-2.2391684979083948e-05,79677.57737255096,0.8204411522019655,2.7313039360000003e-06,0.9536549,4.8,0.28,0.18,0.15,0.39,,,,,
4529,18550784,1928,103910.48460825818,58827.253958802576,9.78,5327.16,-0.00014564947559847496,9198.699939012527,0.8418832347961143,2.729698304e-06,0.9564519,4.8,0.28,0.18,0.15,0.39,,,,,
4530,18554880,1929,104614.7234007667,59209.74372841102,9.8,5368.71,-4.278335109120235e-05,28652.46755361557,0.863351238775067,2.728092672e-06,0.9496492,4.78,0.29,0.17,0.15,0.39,,,,,
4531,18558976,1929,104614.7234007667,59209.74372841102,9.8,5368.71,-7.343881588894874e-05,20168.211976528168,0.8230698753613979,2.7264870399999996e-06,0.9612539,4.78,0.29,0.17,0.15,0.39,,,,,
4532,18563072,1931,105654.85528887568,59796.002572468926,9.79,5422.93,-6.091928662499413e-05,36245.61773443222,0.8666362318908796,2.7248814080000003e-06,0.9144317,4.71,0.29,0.18,0.15,0.38,,,,,
4533,18567168,1933,101529.74615178346,57521.978712530676,9.72,5236.82,-2.8460868634283543e-05,268080.4846172333,0.8473056384827942,2.723275776e-06,0.92933196,4.83,0.28,0.19,0.14,0.39,,,,,
4534,18571264,1933,101529.74615178346,57521.978712530676,9.72,5236.82,-4.7643904508731794e-05,34261.04347324371,0.8297027369262651,2.721670144e-06,0.96699464,4.83,0.28,0.19,0.14,0.39,,,,,
4535,18575360,1935,101451.84838200414,57445.23943231046,9.73,5227.64,-1.6919177141971886e-05,63030.584918022156,0.8210784341208637,2.7200645119999996e-06,0.9720064,4.85,0.28,0.19,0.14,0.39,,,,,
4536,18579456,1936,100860.46131693025,57107.83475802076,9.67,5219.96,-0.0001874462905107066,7774.705375909805,0.906403939705342,2.7184588800000002e-06,0.9439101,4.79,0.29,0.19,0.14,0.38,,,,,
4537,18583552,1936,100860.46131693025,57107.83475802076,9.67,5219.96,-3.276535335317021e-05,26542.991999149323,0.770488309324719,2.716853248e-06,0.9604158,4.79,0.29,0.19,0.14,0.38,,,,,
4538,18587648,1937,101517.21247744233,57476.043512929704,9.72,5240.63,-3.6908951187797356e-05,26593.74414253235,0.8111805859953165,2.7152476159999998e-06,0.9822969,4.82,0.28,0.19,0.15,0.38,,,,,
4539,18591744,1938,101678.7423071424,57531.20874203004,9.74,5236.39,-0.00014023986932443222,21923.556156873703,0.8500679631251842,2.7136419839999996e-06,0.98374516,4.85,0.28,0.18,0.15,0.39,,,,,
4540,18595840,1939,101651.84707995968,57511.4153180957,9.75,5221.89,-1.9275859813205898e-05,55736.89430856705,0.8556748350383714,2.712036352e-06,0.96630025,4.88,0.28,0.17,0.16,0.39,,,,,
4541,18599936,1940,101533.12059982905,57454.55298248187,9.74,5217.88,-6.280888374021742e-05,23453.52134656906,0.8734190152026713,2.71043072e-06,0.95555866,4.87,0.28,0.17,0.16,0.39,,,,,
4542,18604032,1940,101533.12059982905,57454.55298248187,9.74,5217.88,-4.491587333177449e-05,31983.186495780945,0.818663781741634,2.7088250879999997e-06,0.95551467,4.87,0.28,0.17,0.16,0.39,,,,,
4543,18608128,1942,98781.8291327924,55963.13205005106,9.65,5109.85,-3.5593002394307405e-05,87448.48621463776,0.9008168232394382,2.7072194559999995e-06,0.9618166,4.89,0.27,0.18,0.16,0.39,,,,,
4544,18612224,1943,98101.50510990241,55557.6957026774,9.69,5047.32,-4.3922736949753016e-05,79786.37219524384,0.7946815808536485,2.705613824e-06,0.9625575,5.0,0.26,0.18,0.16,0.4,,,,,
4545,18616320,1943,98101.50510990241,55557.6957026774,9.69,5047.32,-0.00016804794540803414,14337.96201467514,0.8091930554946885,2.704008192e-06,0.97208667,5.0,0.26,0.18,0.16,0.4,,,,,
4546,18620416,1944,97324.12158511432,55108.064984629134,9.66,5022.64,-5.333987974154297e-05,20877.489222049713,0.8314898420358077,2.7024025599999997e-06,0.9756515,4.99,0.27,0.17,0.16,0.4,,,,,
4547,18624512,1948,94943.3448715135,53766.98557065224,9.62,4918.9,-2.468871753080748e-05,43076.75960445404,0.89491824246943,2.7007969279999995e-06,0.96161085,5.06,0.27,0.17,0.15,0.41,,,,,
4548,18628608,1951,93702.79108880732,53057.35891578012,9.59,4859.94,-2.6848372726817615e-05,48327.91851043701,0.8982121632434428,2.699191296000001e-06,0.9725052,5.1,0.27,0.16,0.15,0.42,,,,,
4549,18632704,1951,93702.79108880732,53057.35891578012,9.59,4859.94,-4.8386977141490206e-05,24722.94358587265,0.7864640494808555,2.6975856640000007e-06,0.97621125,5.1,0.27,0.16,0.15,0.42,,,,,
4550,18636800,1951,93702.79108880732,53057.35891578012,9.59,4859.94,-2.6492849428905174e-05,67609.78468608856,0.7342639380367473,2.6959800319999997e-06,0.977206,5.1,0.27,0.16,0.15,0.42,103198.26851807622,57807.7495833576,9.8,4957.133333333333,0.5
4551,18640896,1953,94381.94796923635,53400.53366636774,9.69,4837.09,-2.7219085495744366e-05,71445.03548336029,0.8437775718048215,2.6943743999999994e-06,0.96563345,5.24,0.25,0.16,0.16,0.43,,,,,
4552,18644992,1954,93615.55646629965,52977.24753539448,9.69,4784.87,-5.98952938162256e-05,28563.717749118805,0.779884036979638,2.6927687679999992e-06,0.9729079,5.3,0.24,0.16,0.16,0.44,,,,,
4553,18649088,1957,88718.40415246895,50287.59934324995,9.64,4581.75,-3.960659432777902e-05,59982.51593732834,0.841692327754572,2.6911631360000007e-06,0.84082615,5.46,0.22,0.16,0.17,0.45,,,,,
4554,18653184,1958,87710.94411022616,49752.60775292351,9.55,4561.9,-0.00010460539851919748,13071.141048669815,0.8912151628173888,2.6895575040000005e-06,0.9541567,5.38,0.23,0.16,0.17,0.44,,,,,
4555,18657280,1958,87710.94411022616,49752.60775292351,9.55,4561.9,-2.791782117128605e-05,29995.892292499542,0.8072972630616277,2.6879518720000003e-06,0.982679,5.38,0.23,0.16,0.17,0.44,,,,,
4556,18661376,1960,87511.82381618138,49644.90429248748,9.61,4529.69,-8.079048711806536e-06,237001.24935913086,0.8050502464175224,2.68634624e-06,0.9369706,5.48,0.23,0.15,0.17,0.45,,,,,
4557,18665472,1962,85085.52823861664,48317.43624724224,9.64,4398.88,-3.009577676493791e-05,87925.37501335144,0.8349014517152682,2.6847406080000007e-06,0.96474206,5.65,0.22,0.15,0.16,0.47,,,,,
4558,18669568,1963,85199.2997289172,48377.28432375704,9.69,4379.83,-2.3773736756993458e-05,54050.47423744202,0.8529534642584622,2.6831349760000004e-06,0.96408075,5.72,0.22,0.14,0.16,0.48,,,,,
4559,18673664,1964,84657.44476448465,48075.36337999158,9.69,4349.96,-6.266829041123856e-05,33401.592002391815,0.8823961024172604,2.6815293440000002e-06,0.9690667,5.75,0.22,0.14,0.15,0.49,,,,,
4560,18677760,1964,84657.44476448465,48075.36337999158,9.69,4349.96,-5.0128008297178894e-05,21148.140560626984,0.8349026676733047,2.679923712e-06,0.9785511,5.75,0.22,0.14,0.15,0.49,,,,,
4561,18681856,1966,85189.80633618467,48383.90881266721,9.63,4386.91,-2.6341302145738155e-05,51561.78268814087,0.8573541834484786,2.6783180800000006e-06,0.963974,5.65,0.22,0.15,0.16,0.47,,,,,
4562,18685952,1966,85189.80633618467,48383.90881266721,9.63,4386.91,-0.00026905744743999094,5373.293717265129,0.7872414189623669,2.6767124480000004e-06,0.9593219,5.65,0.22,0.15,0.16,0.47,,,,,
4563,18690048,1966,85189.80633618467,48383.90881266721,9.63,4386.91,-3.810238376900088e-05,15341.361998319626,0.8135211514309049,2.675106816e-06,0.9878276,5.65,0.22,0.15,0.16,0.47,,,,,
4564,18694144,1966,85189.80633618467,48383.90881266721,9.63,4386.91,-5.8413161241333e-05,54150.253454208374,0.8365008394466713,2.673501184e-06,0.97569543,5.65,0.22,0.15,0.16,0.47,,,,,
4565,18698240,1967,87974.7327606495,49895.89633090081,9.69,4503.71,-3.2131042644323315e-05,158832.19917964935,0.8840845208615065,2.6718955520000006e-06,0.959366,5.59,0.23,0.15,0.16,0.46,,,,,
4566,18702336,1968,87680.58694586252,49736.456402912336,9.69,4478.95,-3.424742317292839e-05,33843.009973526,0.8152421297272667,2.6702899200000004e-06,0.9546712,5.62,0.22,0.15,0.17,0.46,,,,,
4567,18706432,1968,87680.58694586252,49736.456402912336,9.69,4478.95,-5.101298484078143e-05,54834.4612159729,0.8115335234906524,2.668684288e-06,0.9777458,5.62,0.22,0.15,0.17,0.46,,,,,
4568,18710528,1969,89035.81441160086,50450.049057767894,9.75,4506.25,-2.611682612041477e-05,112334.52512454987,0.8038777461042628,2.667078656e-06,0.95880723,5.66,0.22,0.14,0.17,0.47,,,,,
4569,18714624,1969,89035.81441160086,50450.049057767894,9.75,4506.25,-6.618172392336419e-05,15852.159991264343,0.8263681385433301,2.6654730239999997e-06,0.95065063,5.66,0.22,0.14,0.17,0.47,,,,,
4570,18718720,1970,88930.92997674816,50395.15661968351,9.74,4511.61,-7.233194719447056e-05,18764.07004404068,0.8304792389972135,2.6638673920000003e-06,0.97743183,5.64,0.23,0.13,0.17,0.47,,,,,
4571,18722816,1970,88930.92997674816,50395.15661968351,9.74,4511.61,-4.0199032810050994e-05,25834.389055728912,0.8839715230278671,2.66226176e-06,0.97592044,5.64,0.23,0.13,0.17,0.47,,,,,
4572,18726912,1970,88930.92997674816,50395.15661968351,9.74,4511.61,-4.105442712898366e-05,116577.88325023651,0.7907578714657575,2.660656128e-06,0.9711154,5.64,0.23,0.13,0.17,0.47,,,,,
4573,18731008,1971,91714.63611767004,51884.771032753335,9.85,4602.24,-3.3601518225623295e-06,364128.0881919861,0.8783218844328076,2.6590504959999997e-06,0.7535591,5.67,0.22,0.13,0.18,0.47,,,,,
4574,18735104,1973,90041.21245089085,50975.15025364092,9.85,4521.99,-3.9993046812014654e-05,45464.478083610535,0.7530792847974226,2.6574448640000003e-06,0.9609331,5.75,0.21,0.13,0.18,0.48,,,,,
4575,18739200,1974,90224.65331740443,51038.10541886408,9.88,4520.6,-3.422178588152747e-05,61697.33737659454,0.8561992144677788,2.655839232e-06,0.9620043,5.78,0.21,0.13,0.18,0.48,140116.35173978275,77887.51736866214,11.2,6267.133333333333,0.5
4576,18743296,1974,90224.65331740443,51038.10541886408,9.88,4520.6,-7.252612340380438e-05,13578.092777252197,0.8595880465582013,2.6542336e-06,0.9811231,5.78,0.21,0.13,0.18,0.48,,,,,
4577,18747392,1975,91252.3175930403,51596.369420846,9.87,4576.97,-3.9890464904601686e-05,82507.56297492981,0.8032811307348311,2.6526279679999996e-06,0.9568051,5.71,0.21,0.14,0.18,0.47,,,,,
4578,18751488,1976,90477.3516209493,51118.86072949777,9.91,4516.65,-9.046854211192112e-05,27150.461893320084,0.8712236696155742,2.6510223360000002e-06,0.5993904,5.82,0.2,0.14,0.18,0.48,,,,,
4579,18755584,1976,90477.3516209493,51118.86072949777,9.91,4516.65,-0.00011536205784068443,22025.836989879608,0.7879152470268309,2.649416704e-06,0.96902096,5.82,0.2,0.14,0.18,0.48,,,,,
4580,18759680,1978,91434.85852073962,51647.93696444503,9.94,4568.12,-3.472770913504064e-05,19773.634386062622,0.8941279357532039,2.647811072e-06,0.95612526,5.79,0.21,0.13,0.18,0.48,,,,,
4581,18763776,1978,91434.85852073962,51647.93696444503,9.94,4568.12,-0.00014324118001241004,15167.755786895752,0.8626834749011323,2.6462054399999996e-06,0.9788692,5.79,0.21,0.13,0.18,0.48,,,,,
4582,18767872,1978,91434.85852073962,51647.93696444503,9.94,4568.12,-1.9433306079008617e-05,53810.485617637634,0.8214210014557466,2.644599808e-06,0.97181785,5.79,0.21,0.13,0.18,0.48,,,,,
4583,18771968,1980,93203.18386707267,52627.328403441505,10.06,4607.41,-3.7215867450868245e-05,78767.98738670349,0.860900244442746,2.642994176e-06,0.9611581,5.87,0.19,0.14,0.18,0.49,,,,,
4584,18776064,1980,93203.18386707267,52627.328403441505,10.06,4607.41,-0.00015558661016257247,14580.405168771744,0.8298502038232982,2.6413885439999998e-06,0.96698666,5.87,0.19,0.14,0.18,0.49,,,,,
4585,18780160,1981,93865.61869328517,53001.75001876114,10.07,4644.92,-5.227500423643505e-05,21334.861287117004,0.8863269699504599,2.6397829119999995e-06,0.9776881,5.83,0.19,0.15,0.18,0.48,,,,,
4586,18784256,1982,94549.7290737647,53390.844881519486,10.14,4662.52,-5.1780488320218865e-05,17962.37620973587,0.8781694398494437,2.6381772799999993e-06,0.97276723,5.88,0.18,0.15,0.18,0.49,,,,,
4587,18788352,1982,94549.7290737647,53390.844881519486,10.14,4662.52,-5.2289127779658884e-05,28981.64723110199,0.8447446090867743,2.636571648e-06,0.97162426,5.88,0.18,0.15,0.18,0.49,,,,,
4588,18792448,1984,93365.2693971601,52751.96767934458,10.08,4619.97,-4.9051222049456555e-05,17345.654401302338,0.9168064969126135,2.6349660159999997e-06,0.93144655,5.86,0.17,0.17,0.18,0.48,,,,,
4589,18796544,1984,93365.2693971601,52751.96767934458,10.08,4619.97,-2.4084808501356747e-05,32187.341423034668,0.8166051447624341,2.6333603839999995e-06,0.9725621,5.86,0.17,0.17,0.18,0.48,,,,,
4590,18800640,1985,93267.5027070305,52689.20316898943,10.07,4623.51,-2.9631750294356607e-05,99665.06049251556,0.7914308501640335,2.6317547519999993e-06,0.9698026,5.85,0.17,0.17,0.18,0.48,,,,,
4591,18804736,1988,93087.9184900727,52616.94076911466,9.95,4629.99,-6.470976586570032e-05,23031.874912023544,0.9236491488991305,2.6301491200000008e-06,0.7581364,5.72,0.17,0.18,0.17,0.48,,,,,
4592,18808832,1989,93215.98086845793,52699.28190381731,9.89,4637.29,-7.152483340178151e-05,16151.054077863693,0.9055653836112469,2.6285434880000005e-06,0.9415344,5.65,0.17,0.18,0.17,0.48,,,,,
4593,18812928,1990,93192.00739338109,52692.032155970155,9.85,4661.65,-9.142197814071551e-05,51225.32980155945,0.7746174621861428,2.6269378560000003e-06,0.9640713,5.58,0.18,0.18,0.17,0.47,,,,,
4594,18817024,1990,93192.00739338109,52692.032155970155,9.85,4661.65,-9.042855708685238e-06,438272.07622146606,0.8387457598000765,2.6253322239999992e-06,0.92799556,5.58,0.18,0.18,0.17,0.47,,,,,
4595,18821120,1991,94849.07889486768,53597.575164933216,9.95,4710.53,-5.783683855042909e-05,40709.72612929344,0.9478008159203455,2.6237265920000007e-06,0.8970843,5.64,0.18,0.18,0.17,0.47,,,,,
4596,18825216,1991,94849.07889486768,53597.575164933216,9.95,4710.53,-2.6891324523603544e-05,29311.635066986084,0.8243833626620471,2.6221209600000005e-06,0.9796957,5.64,0.18,0.18,0.17,0.47,,,,,
4597,18829312,1991,94849.07889486768,53597.575164933216,9.95,4710.53,-2.6791287382366136e-05,111302.55269622803,0.7452729913638905,2.6205153280000003e-06,0.9678276,5.64,0.18,0.18,0.17,0.47,,,,,
4598,18833408,1994,95179.32226202592,53762.778507207426,9.98,4731.31,-0.00011800044467236148,14690.004533290863,0.8755072677740827,2.618909696e-06,0.85753894,5.65,0.18,0.19,0.17,0.46,,,,,
4599,18837504,1994,95179.32226202592,53762.778507207426,9.98,4731.31,-2.52988265856402e-05,31032.708915233612,0.7736556044546887,2.6173040640000007e-06,0.9867745,5.65,0.18,0.19,0.17,0.46,,,,,
4600,18841600,1994,95179.32226202592,53762.778507207426,9.98,4731.31,-2.032778866123408e-05,203326.85654830933,0.7928670548135415,2.6156984320000005e-06,0.9425169,5.65,0.18,0.19,0.17,0.46,128642.78504556614,71569.26557731148,10.633333333333333,5864.1,0.5
4601,18845696,1996,93343.64987635972,52718.457481144884,9.92,4627.57,-8.377680660487385e-05,120340.52284264565,0.8733451666776091,2.6140928000000002e-06,0.9555705,5.71,0.17,0.2,0.16,0.47,,,,,
4602,18849792,1996,93343.64987635972,52718.457481144884,9.92,4627.57,-8.70976227815845e-05,21043.016930103302,0.7562689582118765,2.612487168e-06,0.96255404,5.71,0.17,0.2,0.16,0.47,,,,,
4603,18853888,1996,93343.64987635972,52718.457481144884,9.92,4627.57,-2.3089726255420828e-05,41484.67974901199,0.7416049359599128,2.610881536e-06,0.9837311,5.71,0.17,0.2,0.16,0.47,,,,,
4604,18857984,1998,94340.8553912909,53256.24915569719,9.93,4680.84,-2.1169165847823024e-05,69610.26329517365,0.8156988359987736,2.6092759040000004e-06,0.958223,5.67,0.18,0.2,0.15,0.47,,,,,
4605,18862080,1998,94340.8553912909,53256.24915569719,9.93,4680.84,-0.00012142476953158621,11083.217671394348,0.8143397915409878,2.607670272e-06,0.9666844,5.67,0.18,0.2,0.15,0.47,,,,,
4606,18866176,1999,94756.83878461718,53485.8639545115,9.94,4705.13,-3.380280122655677e-05,45408.41916847229,0.8190948133124039,2.60606464e-06,0.96787834,5.65,0.19,0.19,0.15,0.47,,,,,
4607,18870272,2000,94201.68351095314,53168.06663587613,9.96,4659.06,-2.7047442927141674e-05,60245.73026561737,0.826212669024244,2.6044590079999998e-06,0.97144276,5.73,0.18,0.19,0.15,0.48,,,,,
4608,18874368,2000,94201.68351095314,53168.06663587613,9.96,4659.06,-4.490321180128376e-05,23296.797943115234,0.8437171578407288,2.6028533760000004e-06,0.9670398,5.73,0.18,0.19,0.15,0.48,,,,,
4609,18878464,2000,94201.68351095314,53168.06663587613,9.96,4659.06,-1.5184567928372417e-05,64618.33515930176,0.83490633033216,2.601247744e-06,0.97909933,5.73,0.18,0.19,0.15,0.48,,,,,
4610,18882560,2001,95876.56034422183,54079.925692017394,10.02,4709.09,-1.854846686910605e-05,92664.99387741089,0.8289346519159153,2.599642112e-06,0.96187,5.75,0.17,0.2,0.15,0.48,,,,,
4611,18886656,2002,95541.69110438589,53905.03722021071,10.03,4690.44,-2.5618704967200756e-05,99577.55811691284,0.8645450416952372,2.5980364799999997e-06,0.9172207,5.78,0.17,0.2,0.15,0.48,,,,,
4612,18890752,2003,95642.06576279037,53967.512967367256,10.03,4697.36,-5.1168095524189994e-05,32809.60164022446,0.7790559811983258,2.5964308480000003e-06,0.9479471,5.77,0.17,0.21,0.14,0.48,,,,,
4613,18894848,2003,95642.06576279037,53967.512967367256,10.03,4697.36,-0.00018561385513748974,12435.467168092728,0.7632046763319522,2.594825216e-06,0.96360785,5.77,0.17,0.21,0.14,0.48,,,,,
4614,18898944,2004,94003.58626037004,53087.04888277677,9.98,4642.83,-2.647041856107535e-05,36420.11823415756,0.8093097974779084,2.593219584e-06,0.96854925,5.77,0.17,0.21,0.14,0.48,,,,,
4615,18903040,2004,94003.58626037004,53087.04888277677,9.98,4642.83,-7.421643385896459e-05,12581.869800329208,0.8166667537298054,2.5916139519999997e-06,0.97994435,5.77,0.17,0.21,0.14,0.48,,,,,
4616,18907136,2004,94003.58626037004,53087.04888277677,9.98,4642.83,-2.8486325390986167e-05,55102.761591911316,0.8013701922027394,2.5900083200000003e-06,0.97570914,5.77,0.17,0.21,0.14,0.48,,,,,
4617,18911232,2005,96331.70091576749,54340.35927944548,10.01,4746.33,-1.3414667591860052e-05,129932.94867324829,0.7726466114399955,2.588402688e-06,0.9655906,5.7,0.17,0.22,0.14,0.47,,,,,
4618,18915328,2005,96331.70091576749,54340.35927944548,10.01,4746.33,-1.3229066098574549e-05,455579.6467227936,0.7626751780044287,2.586797056e-06,0.9524901,5.7,0.17,0.22,0.14,0.47,,,,,
4619,18919424,2007,97945.20906129746,55135.23799241967,10.21,4726.25,-1.8865785023081116e-05,404563.8380584717,0.8105372603749856,2.5851914239999996e-06,0.9413853,5.94,0.15,0.22,0.14,0.49,,,,,
4620,18923520,2007,97945.20906129746,55135.23799241967,10.21,4726.25,-0.0006345081355902948,6354.507266163826,0.8639101391891018,2.5835857919999994e-06,0.96529377,5.94,0.15,0.22,0.14,0.49,,,,,
4621,18927616,2008,98431.05368358557,55405.09570033077,10.23,4746.82,-4.6684008339070715e-05,32584.4793715477,0.8380068422993645,2.58198016e-06,0.9713552,5.94,0.15,0.22,0.14,0.49,,,,,
4622,18931712,2008,98431.05368358557,55405.09570033077,10.23,4746.82,-6.626596768910531e-05,7683.248675942421,0.8729805059265345,2.580374528e-06,0.9585198,5.94,0.15,0.22,0.14,0.49,,,,,
4623,18935808,2009,98915.66812224315,55682.087187485915,10.24,4777.98,-4.0397149859927595e-05,48899.6318321228,0.822207908378914,2.5787688959999996e-06,0.9642174,5.91,0.16,0.22,0.13,0.49,,,,,
4624,18939904,2009,98915.66812224315,55682.087187485915,10.24,4777.98,-5.143394218976027e-05,27515.555395126343,0.7774013854796067,2.5771632639999994e-06,0.9633721,5.91,0.16,0.22,0.13,0.49,,,,,
4625,18944000,2011,98600.58636059174,55495.23532869114,10.18,4759.05,-7.740221280982951e-05,25432.987917900085,0.8115115427644923,2.575557632e-06,0.9744724,5.86,0.16,0.22,0.14,0.48,116581.22876179455,65730.61630295447,10.6,5690.066666666667,0.5
4626,18948096,2011,98600.58636059174,55495.23532869114,10.18,4759.05,-0.00017230454250238836,8460.903704404831,0.7737104221014306,2.5739519999999998e-06,0.97369194,5.86,0.16,0.22,0.14,0.48,,,,,
4627,18952192,2012,100060.72243013837,56321.08127197333,10.17,4838.65,-0.000243177993070276,19010.48878145218,0.8017265645321459,2.5723463679999996e-06,0.9833582,5.76,0.17,0.22,0.14,0.47,,,,,
4628,18956288,2013,100862.39716793122,56755.936080112195,10.25,4859.42,-1.562692068546312e-05,285214.94635009766,0.7935468629002571,2.5707407359999993e-06,0.934509,5.82,0.17,0.22,0.14,0.47,,,,,
4629,18960384,2013,100862.39716793122,56755.936080112195,10.25,4859.42,-0.00015357567917817505,27667.723556995392,0.7939404171193019,2.569135104000001e-06,0.9748873,5.82,0.17,0.22,0.14,0.47,,,,,
4630,18964480,2013,100862.39716793122,56755.936080112195,10.25,4859.42,-1.54589579324238e-05,83905.95576477051,0.7810243328567594,2.5675294720000006e-06,0.97666985,5.82,0.17,0.22,0.14,0.47,,,,,
4631,18968576,2014,103291.1382597772,58047.27724800494,10.27,4957.45,-6.781495812901994e-06,541388.7185058594,0.8321802814025432,2.5659238399999995e-06,0.8560553,5.75,0.17,0.22,0.15,0.46,,,,,
4632,18972672,2016,99288.04475457147,55852.613932633416,10.25,4796.83,-2.31375997827854e-06,666396.6585483551,0.8705449207918718,2.5643182079999993e-06,0.7344761,5.9,0.17,0.2,0.15,0.48,,,,,
4633,18976768,2017,97587.13014305901,54975.33810909888,10.18,4759.88,-4.8030940888565965e-05,49647.41873836517,0.8640297151869163,2.5627125760000008e-06,0.9784422,5.86,0.17,0.2,0.15,0.48,,,,,
4634,18980864,2018,98321.76507169944,55358.64247408513,10.24,4761.66,-3.368121360836085e-05,55990.23241186142,0.8900460819713771,2.5611069440000005e-06,0.9781164,5.93,0.16,0.2,0.15,0.49,,,,,
4635,18984960,2019,99586.9233889976,56079.006832019404,10.27,4812.04,-2.0988044525438454e-05,74598.08613872528,0.8395711699267849,2.5595013120000003e-06,0.9712683,5.91,0.16,0.2,0.15,0.49,,,,,
4636,18989056,2019,99586.9233889976,56079.006832019404,10.27,4812.04,-9.218758350471035e-05,13103.767838716507,0.830938677652739,2.55789568e-06,0.96871436,5.91,0.16,0.2,0.15,0.49,,,,,
4637,18993152,2020,100163.56361709576,56407.47608299409,10.29,4837.83,-2.2567930500372313e-05,37846.59064388275,0.8832042864523828,2.556290048e-06,0.96444684,5.9,0.16,0.21,0.14,0.49,,,,,
4638,18997248,2020,100163.56361709576,56407.47608299409,10.29,4837.83,-2.9150271984690335e-05,47291.931816101074,0.8200094869825989,2.5546844160000005e-06,0.95704937,5.9,0.16,0.21,0.14,0.49,,,,,
4639,19001344,2021,100963.88527149614,56827.00940896562,10.32,4863.09,-1.8709860341914464e-05,87426.75783157349,0.7917184112593532,2.5530787840000003e-06,0.9493136,5.91,0.16,0.21,0.14,0.49,,,,,
4640,19005440,2021,100963.88527149614,56827.00940896562,10.32,4863.09,-0.00012112332387914648,22793.62768650055,0.8429655849467963,2.551473152e-06,0.94983476,5.91,0.16,0.21,0.14,0.49,,,,,
4641,19009536,2022,101888.36515230792,57360.68994503152,10.28,4922.76,-8.061842527240515e-05,8872.84071135521,0.8497625810559839,2.54986752e-06,0.9696832,5.8,0.17,0.21,0.14,0.48,,,,,
4642,19013632,2022,101888.36515230792,57360.68994503152,10.28,4922.76,-0.00012344089464022545,22182.462436676025,0.8296156558208168,2.5482618880000005e-06,0.9705452,5.8,0.17,0.21,0.14,0.48,,,,,
4643,19017728,2024,101136.52451809886,56951.4552940205,10.27,4882.97,-1.6590657651249785e-05,126875.5833311081,0.7734156872611493,2.5466562560000003e-06,0.91707623,5.83,0.17,0.2,0.15,0.48,,,,,
4644,19021824,2024,101136.52451809886,56951.4552940205,10.27,4882.97,-9.379304265166866e-05,6479.853358030319,0.8649416643893346,2.545050624e-06,0.96665543,5.83,0.17,0.2,0.15,0.48,,,,,
4645,19025920,2025,100291.09278349706,56488.61390633595,10.22,4870.54,-3.553675469447626e-05,44798.01155805588,0.8506967076100409,2.543444992e-06,0.8328473,5.79,0.18,0.2,0.14,0.48,,,,,
4646,19030016,2025,100291.09278349706,56488.61390633595,10.22,4870.54,-5.101436090626521e-05,24532.675941944122,0.7894418517826125,2.5418393600000004e-06,0.9737225,5.79,0.18,0.2,0.14,0.48,,,,,
4647,19034112,2026,101205.9954321529,57014.87664762521,10.2,4925.2,-3.770742569031427e-05,37471.770372867584,0.8579682417912409,2.5402337280000002e-06,0.98129356,5.71,0.18,0.21,0.14,0.47,,,,,
4648,19038208,2027,100683.69887495745,56704.29184447159,10.14,4913.94,-0.0002698070493352134,5060.160376429558,0.9094889811240137,2.538628096e-06,0.98581386,5.66,0.18,0.21,0.15,0.46,,,,,
4649,19042304,2028,101151.58636357708,56981.99632908553,10.12,4958.15,-8.38638306959183e-05,23360.22137117386,0.8609261697856709,2.5370224639999998e-06,0.9621843,5.59,0.19,0.21,0.15,0.45,,,,,
4650,19046400,2029,100214.09540459236,56457.38703096457,10.1,4898.37,-0.00010499529253138462,10572.280863046646,0.877136318362318,2.5354168320000004e-06,0.9681607,5.63,0.18,0.21,0.16,0.45,103165.25699327175,58206.10713376863,10.133333333333333,5217.8,0.4666666666666667
4651,19050496,2029,100214.09540459236,56457.38703096457,10.1,4898.37,-4.4803335185861215e-05,20663.996198177338,0.8213164475746453,2.5338112e-06,0.9720218,5.63,0.18,0.21,0.16,0.45,,,,,
4652,19054592,2029,100214.09540459236,56457.38703096457,10.1,4898.37,-4.8933947255136445e-05,52614.27930545807,0.7407416624482721,2.532205568e-06,0.9748689,5.63,0.18,0.21,0.16,0.45,,,,,
4653,19058688,2030,101283.31731857378,57035.2290235018,10.13,4946.61,-7.532641757279634e-05,20723.752994775772,0.8216938572004437,2.5305999359999997e-06,0.95718855,5.61,0.19,0.2,0.16,0.45,,,,,
4654,19062784,2031,101744.3441578915,57300.29895408195,10.16,4971.85,-7.651770647498779e-05,11949.864620685577,0.853252575150691,2.5289943040000004e-06,0.94379854,5.61,0.19,0.2,0.16,0.45,,,,,
4655,19066880,2031,101744.3441578915,57300.29895408195,10.16,4971.85,-0.0001126793067669496,13882.290357112885,0.8389227098086849,2.527388672e-06,0.9732424,5.61,0.19,0.2,0.16,0.45,,,,,
4656,19070976,2031,101744.3441578915,57300.29895408195,10.16,4971.85,-2.8226319045643322e-05,49875.48741531372,0.8007223973982036,2.52578304e-06,0.98039895,5.61,0.19,0.2,0.16,0.45,,,,,
4657,19075072,2032,104205.43998036842,58646.338618315945,10.15,5087.64,-3.561477205948904e-05,179231.662191391,0.773293312638998,2.5241774079999997e-06,0.95878816,5.48,0.2,0.2,0.16,0.44,,,,,
4658,19079168,2033,104469.56886511287,58820.04767491093,10.17,5107.03,-0.00018565414575277828,13716.284780979156,0.847632123157382,2.5225717759999995e-06,0.95027137,5.48,0.2,0.2,0.16,0.44,,,,,
4659,19083264,2033,104469.56886511287,58820.04767491093,10.17,5107.03,-7.739064403722296e-05,25799.47833108902,0.8216573507525027,2.520966144e-06,0.94173706,5.48,0.2,0.2,0.16,0.44,,,,,
4660,19087360,2035,103731.5287428732,58427.040081408406,10.18,5096.17,-2.7535630579222925e-05,27099.805012702942,0.9028516981052235,2.519360512e-06,0.96425587,5.49,0.21,0.2,0.15,0.44,,,,,
4661,19091456,2036,104378.68996728842,58783.938958256935,10.23,5108.7,-3.485502747935243e-05,16579.994312286377,0.7769487097393721,2.5177548799999997e-06,0.98454076,5.53,0.2,0.2,0.16,0.44,,,,,
4662,19095552,2036,104378.68996728842,58783.938958256935,10.23,5108.7,-0.00014212473661245895,12285.857481002808,0.7962214731378481,2.5161492479999994e-06,0.9741403,5.53,0.2,0.2,0.16,0.44,,,,,
4663,19099648,2037,104773.24432322904,58997.98439111859,10.23,5139.72,-3.8744536141166463e-05,39865.9267706871,0.80212258012034,2.514543616e-06,0.93564135,5.5,0.21,0.2,0.15,0.44,,,,,
4664,19103744,2037,104773.24432322904,58997.98439111859,10.23,5139.72,-7.294775605259929e-05,12663.85422873497,0.8325557615607977,2.512937984e-06,0.9836227,5.5,0.21,0.2,0.15,0.44,,,,,
4665,19107840,2039,103727.5550683893,58437.43376974619,10.18,5103.86,-7.835012820578413e-05,19826.59037423134,0.8999873681459576,2.5113323519999996e-06,0.9756576,5.48,0.21,0.21,0.14,0.44,,,,,
4666,19111936,2039,103727.5550683893,58437.43376974619,10.18,5103.86,-9.712960172691965e-05,16965.25627374649,0.8260160906938836,2.5097267199999994e-06,0.96791065,5.48,0.21,0.21,0.14,0.44,,,,,
4667,19116032,2041,103392.3709311059,58245.84075598055,10.15,5090.84,-3.8491514715133235e-05,25314.863118171692,0.8382522767642513,2.508121088000001e-06,0.96457684,5.46,0.22,0.2,0.14,0.44,,,,,
4668,19120128,2044,101595.98256948413,57287.77885671448,10.07,5008.65,-1.7616192963032518e-05,70663.15710258484,0.8582295334199443,2.5065154560000006e-06,0.92464936,5.47,0.21,0.2,0.15,0.44,,,,,
4669,19124224,2045,102202.8241655899,57622.679458916915,10.11,5025.54,-6.434155420720344e-05,38727.976538181305,0.7652484083082527,2.5049098239999996e-06,0.96516556,5.49,0.21,0.19,0.16,0.44,,,,,
4670,19128320,2046,102458.34804407902,57780.27092435047,10.06,5050.87,-0.0002776177352643572,4748.063335895538,0.8754741477314383,2.5033041919999994e-06,0.9487324,5.41,0.22,0.19,0.16,0.43,,,,,
4671,19132416,2046,102458.34804407902,57780.27092435047,10.06,5050.87,-3.480078521533869e-05,14766.18287730217,0.8580582729773596,2.501698560000001e-06,0.97415715,5.41,0.22,0.19,0.16,0.43,,,,,
4672,19136512,2047,104339.94470881362,58817.03459806574,10.08,5149.48,-1.9276936654932797e-05,38819.108837127686,0.8088063126197085,2.5000929280000006e-06,0.98031914,5.33,0.23,0.19,0.16,0.42,,,,,
4673,19140608,2047,104339.94470881362,58817.03459806574,10.08,5149.48,-0.0001333606132902787,8207.889913320541,0.8832737089833245,2.4984872960000004e-06,0.9733171,5.33,0.23,0.19,0.16,0.42,,,,,
4674,19144704,2047,104339.94470881362,58817.03459806574,10.08,5149.48,-3.3915355743374676e-05,23235.992614746094,0.8559861070243642,2.496881664e-06,0.98428965,5.33,0.23,0.19,0.16,0.42,,,,,
4675,19148800,2048,106407.00214215992,59964.20914169244,10.14,5247.69,-4.502034880715655e-05,35246.78648376465,0.7996607144596055,2.495276032e-06,0.97837794,5.28,0.24,0.19,0.16,0.41,134947.5614904061,75116.5652304319,11.066666666666666,6184.733333333334,0.5666666666666667
4676,19152896,2049,105611.65612454448,59551.572028081326,10.07,5236.22,-9.404727552464465e-05,10337.806760549545,0.8913324290188029,2.4936704000000006e-06,0.9354814,5.21,0.25,0.19,0.16,0.4,,,,,
4677,19156992,2049,105611.65612454448,59551.572028081326,10.07,5236.22,-4.8203115511569194e-05,22509.189251422882,0.759491257253103,2.4920647680000003e-06,0.96792156,5.21,0.25,0.19,0.16,0.4,,,,,
4678,19161088,2050,106805.2353899347,60202.62478913726,10.07,5301.89,-6.888162261020625e-05,23170.159598827362,0.8333033962408081,2.490459136e-06,0.9622341,5.14,0.25,0.2,0.16,0.39,,,,,
4679,19165184,2052,105259.66856188347,59381.98528009633,9.95,5265.28,-3.6688695900011226e-05,18650.882932186127,0.9403770961798728,2.488853504e-06,0.9544617,5.05,0.25,0.22,0.15,0.38,,,,,
4680,19169280,2052,105259.66856188347,59381.98528009633,9.95,5265.28,-3.691365782287903e-05,31467.745921611786,0.8262841401156038,2.4872478720000005e-06,0.9768297,5.05,0.25,0.22,0.15,0.38,,,,,
4681,19173376,2054,105903.14200791661,59730.99833301551,9.89,5305.24,-4.343466025602538e-05,29075.083108901978,0.8383433946873993,2.4856422400000003e-06,0.9582051,4.95,0.25,0.23,0.16,0.36,,,,,
4682,19177472,2055,106106.73733328488,59826.816972224675,9.95,5301.21,-8.416081982431933e-06,156125.96200180054,0.8661954142153263,2.484036608e-06,0.91804904,5.02,0.25,0.23,0.15,0.37,,,,,
4683,19181568,2055,106106.73733328488,59826.816972224675,9.95,5301.21,-4.601025466399733e-05,26262.622631072998,0.7894279366591945,2.482430976e-06,0.9705511,5.02,0.25,0.23,0.15,0.37,,,,,
4684,19185664,2056,108045.80169227491,60904.10257577952,10.01,5376.28,-4.8595415137242526e-05,62404.08741760254,0.7910017422400415,2.4808253440000005e-06,0.97309494,5.0,0.25,0.23,0.16,0.36,,,,,
4685,19189760,2057,108539.01556332354,61202.509903511585,9.92,5415.18,-0.0001227260108862538,13563.443538665771,0.8987800439354032,2.4792197120000003e-06,0.9370497,4.86,0.26,0.23,0.16,0.35,,,,,
4686,19193856,2057,108539.01556332354,61202.509903511585,9.92,5415.18,-1.6219166354858316e-05,52777.327414512634,0.7727392136584967,2.47761408e-06,0.9710682,4.86,0.26,0.23,0.16,0.35,,,,,
4687,19197952,2057,108539.01556332354,61202.509903511585,9.92,5415.18,-2.003470126510365e-05,197938.48530387878,0.7527020429261029,2.476008448e-06,0.958484,4.86,0.26,0.23,0.16,0.35,,,,,
4688,19202048,2059,110122.45024712801,62012.8678017919,10.02,5444.18,-1.3383414625423029e-05,68048.7794971466,0.8550956093240529,2.4744028160000004e-06,0.905351,4.94,0.25,0.23,0.15,0.37,,,,,
4689,19206144,2059,110122.45024712801,62012.8678017919,10.02,5444.18,-0.00026281565351382596,4635.771270036697,0.8193937640171498,2.4727971840000002e-06,0.9805928,4.94,0.25,0.23,0.15,0.37,,,,,
4690,19210240,2060,110739.1117083909,62346.387869999,9.97,5496.45,-4.061138861288782e-05,31854.218946933746,0.7933037476614118,2.471191552e-06,0.96328443,4.83,0.26,0.23,0.15,0.36,,,,,
4691,19214336,2060,110739.1117083909,62346.387869999,9.97,5496.45,-0.00012722877272608457,9381.965040922165,0.846540728234686,2.4695859199999998e-06,0.97243124,4.83,0.26,0.23,0.15,0.36,,,,,
4692,19218432,2063,110525.1748816466,62219.545762469395,9.9,5513.87,-2.39769542531576e-05,52300.536887168884,0.8858931666472927,2.4679802879999996e-06,0.95500165,4.74,0.26,0.24,0.15,0.35,,,,,
4693,19222528,2063,110525.1748816466,62219.545762469395,9.9,5513.87,-0.0001500825992479804,9160.493934392929,0.8601093461038545,2.466374656e-06,0.96296644,4.74,0.26,0.24,0.15,0.35,,,,,
4694,19226624,2063,110525.1748816466,62219.545762469395,9.9,5513.87,-1.4537903552991338e-05,38187.28378009796,0.797031233436428,2.464769024e-06,0.9734299,4.74,0.26,0.24,0.15,0.35,,,,,
4695,19230720,2064,111092.3199527229,62518.76164282798,9.89,5558.02,-7.066969192237593e-05,10317.727337360382,0.815558850648813,2.4631633919999997e-06,0.9805652,4.68,0.27,0.24,0.15,0.34,,,,,
4696,19234816,2065,110135.29923530183,61977.96095536272,9.86,5522.01,-4.7617532800359186e-05,31918.640784740448,0.9105432217475027,2.4615577599999995e-06,0.9535003,4.69,0.27,0.24,0.15,0.34,,,,,
4697,19238912,2065,110135.29923530183,61977.96095536272,9.86,5522.01,-1.651456295803655e-05,37718.50016784668,0.7144283178495243,2.459952128e-06,0.9832167,4.69,0.27,0.24,0.15,0.34,,,,,
4698,19243008,2066,112829.4507538405,63411.82191503666,9.97,5609.67,-3.900138290191535e-05,158733.916765213,0.8185457104118541,2.458346496e-06,0.9717649,4.72,0.27,0.23,0.16,0.34,,,,,
4699,19247104,2066,112829.4507538405,63411.82191503666,9.97,5609.67,-0.0001195951863337541,10804.737931728363,0.8836144679225981,2.4567408639999997e-06,0.97654796,4.72,0.27,0.23,0.16,0.34,,,,,
4700,19251200,2067,110825.61669477761,62344.82068970231,9.92,5533.19,-1.5797559171915054e-05,39796.04673290253,0.8777985752094537,2.4551352319999995e-06,0.9642245,4.74,0.26,0.24,0.16,0.34,124311.93849762432,69645.95079445429,10.733333333333333,5776.4,0.5
4701,19255296,2068,110731.9067098633,62303.88726606226,9.9,5539.14,-0.00010910364926530747,9343.85629105568,0.8673592169070616,2.4535296e-06,0.9397726,4.71,0.27,0.24,0.15,0.34,,,,,
4702,19259392,2068,110731.9067098633,62303.88726606226,9.9,5539.14,-6.53002571198158e-05,26707.314076423645,0.8421812284504995,2.451923968e-06,0.97531515,4.71,0.27,0.24,0.15,0.34,,,,,
4703,19263488,2069,110373.86499349494,62132.53989186781,9.88,5539.91,-1.8888571503339335e-05,42610.01451206207,0.8129110750742257,2.4503183359999997e-06,0.9757688,4.68,0.27,0.25,0.15,0.33,,,,,
4704,19267584,2071,106089.32632707179,59800.04738503528,9.73,5355.7,-8.919223546399735e-05,11340.023900032043,0.890164811629802,2.4487127039999994e-06,0.9353872,4.72,0.26,0.26,0.14,0.34,,,,,
4705,19271680,2072,105838.25528279721,59670.04167524469,9.7,5369.82,-3.026826925633941e-05,19446.17707681656,0.8762622228823602,2.447107072000001e-06,0.9607053,4.67,0.27,0.26,0.14,0.33,,,,,
4706,19275776,2072,105838.25528279721,59670.04167524469,9.7,5369.82,-0.00015071790403453633,6618.639162778854,0.8788124681450427,2.44550144e-06,0.97496516,4.67,0.27,0.26,0.14,0.33,,,,,
4707,19279872,2072,105838.25528279721,59670.04167524469,9.7,5369.82,-2.9047017960692756e-05,28782.264395713806,0.7827561448793858,2.4438958079999996e-06,0.9768399,4.67,0.27,0.26,0.14,0.33,,,,,
4708,19283968,2073,107407.2398763402,60526.57570300249,9.69,5456.35,-2.4967458557512145e-05,49021.78453540802,0.7747057650703937,2.4422901759999994e-06,0.9699195,4.57,0.28,0.26,0.14,0.32,,,,,
4709,19288064,2074,107992.12769237897,60872.106551020515,9.7,5479.4,-0.00010443445353303105,43655.77530527115,0.8783362248213962,2.440684543999999e-06,0.968497,4.56,0.28,0.26,0.14,0.32,,,,,
4710,19292160,2075,107122.68303200515,60401.56186727122,9.66,5453.18,-4.9527614464750513e-05,37248.41866493225,0.8712702858028933,2.4390789120000007e-06,0.9161193,4.54,0.29,0.25,0.14,0.32,,,,,
4711,19296256,2076,107417.62466095173,60580.482813188006,9.63,5467.79,-4.151900657234364e-05,24280.45700263977,0.8756483705947176,2.4374732800000004e-06,0.9791035,4.49,0.29,0.25,0.14,0.32,,,,,
4712,19300352,2076,107417.62466095173,60580.482813188006,9.63,5467.79,-0.00017949513676285278,8143.229443311691,0.8292095258366317,2.4358676480000002e-06,0.9791964,4.49,0.29,0.25,0.14,0.32,,,,,
4713,19304448,2076,107417.62466095173,60580.482813188006,9.63,5467.79,-3.7893772969255224e-05,56683.00856781006,0.7818386035505682,2.434262015999999e-06,0.97292864,4.49,0.29,0.25,0.14,0.32,,,,,
4714,19308544,2077,108396.46568391506,61111.491817484406,9.66,5500.72,-2.4492772354278713e-05,43131.37103891373,0.8111188362818211,2.4326563840000006e-06,0.98148817,4.49,0.29,0.25,0.14,0.32,,,,,
4715,19312640,2077,108396.46568391506,61111.491817484406,9.66,5500.72,-2.287414281454403e-05,37761.760301589966,0.8669341636123136,2.4310507520000004e-06,0.96128374,4.49,0.29,0.25,0.14,0.32,,,,,
4716,19316736,2078,109948.63016001692,61977.73139043048,9.74,5570.92,-5.017878174840007e-05,24599.27002477646,0.8310196032980457,2.42944512e-06,0.97631747,4.5,0.29,0.25,0.14,0.32,,,,,
4717,19320832,2078,109948.63016001692,61977.73139043048,9.74,5570.92,-7.10860167600913e-05,27275.978623390198,0.7994215057697147,2.427839488e-06,0.980914,4.5,0.29,0.25,0.14,0.32,,,,,
4718,19324928,2079,108889.69087822054,61411.30608739785,9.71,5533.88,-5.8766008805832826e-05,15609.605326414108,0.7946726431837305,2.4262338560000006e-06,0.9699793,4.51,0.29,0.25,0.14,0.32,,,,,
4719,19329024,2079,108889.69087822054,61411.30608739785,9.71,5533.88,-9.238152597390581e-05,21650.124712705612,0.8920344297075644,2.4246282240000004e-06,0.97519606,4.51,0.29,0.25,0.14,0.32,,,,,
4720,19333120,2081,109347.47228116944,61632.694700871725,9.74,5556.32,-1.6381578461732715e-05,30924.03454017639,0.7762608891353011,2.423022592e-06,0.98113227,4.52,0.3,0.24,0.14,0.32,,,,,
4721,19337216,2081,109347.47228116944,61632.694700871725,9.74,5556.32,-0.00020868718183919555,4756.971765398979,0.8541935363318771,2.42141696e-06,0.97820073,4.52,0.3,0.24,0.14,0.32,,,,,
4722,19341312,2081,109347.47228116944,61632.694700871725,9.74,5556.32,-2.035656689258758e-05,53254.27362537384,0.9358308817027137,2.4198113280000005e-06,0.9420834,4.52,0.3,0.24,0.14,0.32,,,,,
4723,19345408,2083,109468.84881593139,61685.70280906911,9.77,5560.38,-8.945144145400263e-06,74537.27746772766,0.8203941986430436,2.4182056960000003e-06,0.94783586,4.55,0.31,0.23,0.14,0.32,,,,,
4724,19349504,2084,109603.64065453256,61753.950773372584,9.81,5557.83,-2.6629473268258153e-05,41247.97932052612,0.8010486749699339,2.416600064e-06,0.9647719,4.6,0.31,0.22,0.14,0.33,,,,,
4725,19353600,2085,108189.6133495559,61005.64023900601,9.76,5508.87,-3.101197398791555e-05,27316.550509929657,0.8424315986922011,2.414994432e-06,0.9738036,4.59,0.31,0.22,0.15,0.32,111271.08919024265,62454.42257514176,10.333333333333334,5471.6,0.4666666666666667
4726,19357696,2086,108801.8174897865,61341.80112752361,9.82,5517.68,-9.963207958207931e-05,24470.105047225952,0.8585606152191758,2.4133887999999997e-06,0.98398095,4.64,0.31,0.21,0.15,0.33,,,,,
4727,19361792,2086,108801.8174897865,61341.80112752361,9.82,5517.68,-6.627291986660566e-05,27081.134679317474,0.8999669852200896,2.4117831680000003e-06,0.9663321,4.64,0.31,0.21,0.15,0.33,,,,,
4728,19365888,2088,110364.00104879157,62181.134021962804,9.88,5602.49,-2.6326988518121652e-05,28865.921518325806,0.8878742373781279,2.410177536e-06,0.9760186,4.61,0.32,0.21,0.15,0.32,,,,,
4729,19369984,2088,110364.00104879157,62181.134021962804,9.88,5602.49,-7.799755258020014e-05,14746.428851127625,0.7824380816891789,2.408571904e-06,0.9664902,4.61,0.32,0.21,0.15,0.32,,,,,
4730,19374080,2089,111655.07385518315,62900.35001895629,9.91,5671.65,-4.735586753668031e-05,23906.015453338623,0.7611944245873019,2.4069662719999996e-06,0.98569643,4.56,0.33,0.21,0.15,0.31,,,,,
4731,19378176,2089,111655.07385518315,62900.35001895629,9.91,5671.65,-0.00026555054682830814,5185.689746618271,0.8781428559450433,2.4053606400000002e-06,0.9827992,4.56,0.33,0.21,0.15,0.31,,,,,
4732,19382272,2090,112077.64387750135,63142.69226440307,9.93,5689.68,-1.4914588973624632e-05,61651.1203584671,0.9029379399726167,2.403755008e-06,0.9627471,4.56,0.33,0.21,0.15,0.31,,,,,
4733,19386368,2091,111696.72985897893,62948.65372099491,9.9,5681.51,-3.066417411901057e-05,105083.81305408478,0.7812771691242233,2.402149376e-06,0.9743395,4.53,0.33,0.21,0.15,0.31,,,,,
4734,19390464,2091,111696.72985897893,62948.65372099491,9.9,5681.51,-0.0001010620326269418,12992.483511447906,0.7922072561923414,2.4005437439999996e-06,0.97038954,4.53,0.33,0.21,0.15,0.31,,,,,
4735,19394560,2092,110088.36553670108,62082.2907706025,9.85,5625.22,-0.0001387313604936935,26762.46410369873,0.8183786121662706,2.398938112e-06,0.9714042,4.53,0.33,0.21,0.15,0.31,,,,,
4736,19398656,2092,110088.36553670108,62082.2907706025,9.85,5625.22,-1.8216318494523875e-05,50924.2723608017,0.8036374263465405,2.39733248e-06,0.9737811,4.53,0.33,0.21,0.15,0.31,,,,,
4737,19402752,2093,112440.19422043429,63363.05628022631,9.86,5711.89,-2.8565744287334383e-05,77120.01519966125,0.8040395341813564,2.3957268479999998e-06,0.9809873,4.45,0.33,0.21,0.16,0.3,,,,,
4738,19406848,2093,112440.19422043429,63363.05628022631,9.86,5711.89,-3.789051334024407e-05,35406.24977302551,0.7632402764866129,2.3941212159999995e-06,0.9713425,4.45,0.33,0.21,0.16,0.3,,,,,
4739,19410944,2094,113558.61362676065,63985.44679971044,9.93,5746.36,-0.0003632869038483477,14657.72573709488,0.8721510984469205,2.392515584e-06,0.9811331,4.49,0.32,0.21,0.17,0.3,,,,,
4740,19415040,2095,111792.83179714599,63069.73385492322,9.86,5708.48,-1.6927139313338557e-05,36459.84920120239,0.8164580141892657,2.390909952e-06,0.96482223,4.45,0.32,0.21,0.18,0.29,,,,,
4741,19419136,2095,111792.83179714599,63069.73385492322,9.86,5708.48,-5.150494325789623e-05,49141.776144981384,0.8094320690724999,2.3893043199999997e-06,0.9816352,4.45,0.32,0.21,0.18,0.29,,,,,
4742,19423232,2097,111225.54064232815,62785.35512164705,9.92,5666.0,-2.175035024265526e-05,57248.43410491943,0.851383515750058,2.3876986879999995e-06,0.9717704,4.55,0.31,0.2,0.18,0.31,,,,,
4743,19427328,2097,111225.54064232815,62785.35512164705,9.92,5666.0,-6.671972914773505e-05,34752.51043176651,0.771101382910274,2.3860930559999993e-06,0.97630644,4.55,0.31,0.2,0.18,0.31,,,,,
4744,19431424,2098,112206.26066893339,63286.976511192974,9.92,5712.05,-5.5402676480298396e-05,28810.385981798172,0.9139894992113113,2.384487424e-06,0.5047977,4.51,0.31,0.2,0.19,0.3,,,,,
4745,19435520,2099,111755.74385646943,63043.87575334173,9.9,5695.39,-5.4916905355639756e-05,15095.733511447906,0.8065572277409956,2.3828817919999997e-06,0.93775165,4.51,0.31,0.2,0.19,0.3,,,,,
4746,19439616,2099,111755.74385646943,63043.87575334173,9.9,5695.39,-0.00013644600767293014,14281.963684797287,0.8144409336382523,2.3812761599999995e-06,0.9738967,4.51,0.31,0.2,0.19,0.3,,,,,
4747,19443712,2100,112403.57962959248,63395.9263544514,9.88,5742.67,-3.577267489163205e-05,23402.250064849854,0.7530231230193749,2.3796705279999992e-06,0.9768633,4.43,0.32,0.2,0.19,0.29,,,,,
4748,19447808,2103,108761.16867885515,61375.761572351206,9.78,5587.77,-2.3355736630037427e-05,93780.93018817902,0.8337574768811464,2.3780648960000007e-06,0.9252675,4.49,0.32,0.19,0.19,0.3,,,,,
4749,19451904,2103,108761.16867885515,61375.761572351206,9.78,5587.77,-2.1644288608513307e-05,43260.30916404724,0.7575725161004812,2.3764592640000005e-06,0.9796748,4.49,0.32,0.19,0.19,0.3,,,,,
4750,19456000,2104,108974.37638182828,61475.11171821617,9.82,5565.73,-9.48359211179195e-05,23591.054831266403,0.791313260095194,2.3748536319999994e-06,0.9834397,4.56,0.31,0.19,0.19,0.31,112997.78869089608,63549.28116127397,10.433333333333334,5484.333333333333,0.5333333333333333
4751,19460096,2105,106657.15531385918,60230.17191971453,9.74,5483.06,-7.707966960879276e-05,16078.228351354599,0.8984186684247106,2.373247999999999e-06,0.96953505,4.55,0.32,0.18,0.19,0.31,,,,,
4752,19464192,2107,104617.04840305782,59173.32066734125,9.52,5447.24,-6.039915569999721e-05,69408.74704551697,0.776579448604025,2.3716423680000007e-06,0.95830154,4.36,0.33,0.18,0.19,0.3,,,,,
4753,19468288,2107,104617.04840305782,59173.32066734125,9.52,5447.24,-0.00039579007352585904,5846.240918278694,0.9231115319998935,2.3700367360000005e-06,0.9772036,4.36,0.33,0.18,0.19,0.3,,,,,
4754,19472384,2107,104617.04840305782,59173.32066734125,9.52,5447.24,-3.0115160370769445e-05,27867.84571123123,0.8589151999913156,2.3684311040000002e-06,0.97785246,4.36,0.33,0.18,0.19,0.3,,,,,
4755,19476480,2108,105490.9808160531,59646.48806410185,9.55,5479.82,-1.3994493201607838e-05,42873.485624074936,0.7934444978600368,2.366825472e-06,0.9774809,4.36,0.33,0.18,0.19,0.3,,,,,
4756,19480576,2108,105490.9808160531,59646.48806410185,9.55,5479.82,-6.828398363722954e-05,20831.892416715622,0.9063778385752812,2.36521984e-06,0.9706341,4.36,0.33,0.18,0.19,0.3,,,,,
4757,19484672,2110,104030.19252681891,58844.39724355933,9.49,5406.82,-3.139887121506035e-05,25257.510047912598,0.8226145710796118,2.3636142079999996e-06,0.9727361,4.38,0.32,0.18,0.2,0.3,,,,,
4758,19488768,2110,104030.19252681891,58844.39724355933,9.49,5406.82,-0.0002082177270494867,18149.591333150864,0.8329118412220851,2.3620085759999993e-06,0.97129256,4.38,0.32,0.18,0.2,0.3,,,,,
4759,19492864,2111,105658.12607176369,59763.3220590709,9.54,5491.58,-1.671871359576471e-05,58766.16986465454,0.7628898955881596,2.360402943999999e-06,0.9665158,4.34,0.33,0.18,0.19,0.3,,,,,
4760,19496960,2111,105658.12607176369,59763.3220590709,9.54,5491.58,-0.00020563885118463077,15572.085473537445,0.8547351238084957,2.3587973120000006e-06,0.9726493,4.34,0.33,0.18,0.19,0.3,,,,,
4761,19501056,2111,105658.12607176369,59763.3220590709,9.54,5491.58,-1.013369910651818e-05,53431.09864807129,0.7856692986097187,2.3571916800000004e-06,0.9742965,4.34,0.33,0.18,0.19,0.3,,,,,
4762,19505152,2111,105658.12607176369,59763.3220590709,9.54,5491.58,-2.1650699636666104e-05,174494.61808776855,0.7329508290858939,2.355586048e-06,0.9715824,4.34,0.33,0.18,0.19,0.3,,,,,
4763,19509248,2113,107149.83376362323,60509.54050499349,9.48,5539.61,-2.8613279027922545e-05,124877.73426055908,0.8516562506556511,2.353980416e-06,0.9446776,4.25,0.32,0.2,0.19,0.29,,,,,
4764,19513344,2113,107149.83376362323,60509.54050499349,9.48,5539.61,-0.0001049972343025729,7691.686813592911,0.8912421257700771,2.3523747839999997e-06,0.967966,4.25,0.32,0.2,0.19,0.29,,,,,
4765,19517440,2113,107149.83376362323,60509.54050499349,9.48,5539.61,-8.322522944581578e-05,20417.95952606201,0.8710814137011766,2.350769152000001e-06,0.98234755,4.25,0.32,0.2,0.19,0.29,,,,,
4766,19521536,2113,107149.83376362323,60509.54050499349,9.48,5539.61,-3.979649591201451e-05,122733.25178146362,0.7625495624961331,2.3491635199999993e-06,0.97070545,4.25,0.32,0.2,0.19,0.29,,,,,
4767,19525632,2116,107177.7166579693,60577.14838531384,9.4,5551.89,-1.6027029232645873e-05,262977.5897293091,0.8134509683586657,2.347557887999999e-06,0.95756096,4.14,0.33,0.21,0.18,0.28,,,,,
4768,19529728,2116,107177.7166579693,60577.14838531384,9.4,5551.89,-0.00015615846768923802,10796.531310796738,0.876209853682667,2.345952255999999e-06,0.95536685,4.14,0.33,0.21,0.18,0.28,,,,,
4769,19533824,2116,107177.7166579693,60577.14838531384,9.4,5551.89,-4.2440487050043885e-05,16364.096745729446,0.7546335362130776,2.3443466240000003e-06,0.98670983,4.14,0.33,0.21,0.18,0.28,,,,,
4770,19537920,2117,108498.77757288827,61301.94512960755,9.41,5623.94,-5.236395736574195e-06,200178.1527338028,0.8754832098493353,2.342740992e-06,0.8271748,4.08,0.33,0.22,0.18,0.27,,,,,
4771,19542016,2118,107726.35240702232,60905.94465111135,9.35,5619.53,-3.884630041284254e-05,28951.65295791626,0.899835174321197,2.34113536e-06,0.93310827,4.02,0.33,0.23,0.18,0.26,,,,,
4772,19546112,2118,107726.35240702232,60905.94465111135,9.35,5619.53,-0.0002423312071186956,6939.790478467941,0.8150033010169864,2.3395297279999996e-06,0.967886,4.02,0.33,0.23,0.18,0.26,,,,,
4773,19550208,2118,107726.35240702232,60905.94465111135,9.35,5619.53,-2.6042547688120976e-05,34195.12901353836,0.8629297279985622,2.337924096000001e-06,0.97959965,4.02,0.33,0.23,0.18,0.26,,,,,
4774,19554304,2118,107726.35240702232,60905.94465111135,9.35,5619.53,-3.5569251849665307e-05,97255.38355922699,0.8393000267678872,2.336318464000001e-06,0.9796591,4.02,0.33,0.23,0.18,0.26,,,,,
4775,19558400,2119,109729.72314301258,61980.63342887227,9.38,5710.13,-2.530522306187777e-05,97059.36954593658,0.8170087264152244,2.3347128320000007e-06,0.95257854,3.96,0.34,0.23,0.18,0.25,116319.23474282549,64800.571346336445,10.3,5451.066666666667,0.5333333333333333
4776,19562496,2119,109729.72314301258,61980.63342887227,9.38,5710.13,-0.00014861989893688587,23475.349974155426,0.8240735224680975,2.3331072000000004e-06,0.96384525,3.96,0.34,0.23,0.18,0.25,,,,,
4777,19566592,2119,109729.72314301258,61980.63342887227,9.38,5710.13,-2.8236878279130906e-05,64423.02330207825,0.7232923794072121,2.3315015680000002e-06,0.9712546,3.96,0.34,0.23,0.18,0.25,,,,,
4778,19570688,2121,109237.78717611571,61688.31628020616,9.42,5691.58,-1.3123582903062925e-05,80599.57976341248,0.8231673804111779,2.329895936e-06,0.93588245,4.02,0.35,0.22,0.17,0.26,,,,,
4779,19574784,2122,108740.17239948799,61419.90260398402,9.41,5660.07,-3.54928124579601e-05,40527.854095458984,0.8387556151719764,2.3282903039999998e-06,0.96478766,4.05,0.34,0.22,0.18,0.26,,,,,
4780,19578880,2123,108080.38123257294,61044.72403406165,9.43,5600.55,-2.406871681159828e-05,102603.2508687973,0.7724475827999413,2.3266846719999996e-06,0.9615514,4.13,0.33,0.22,0.18,0.27,,,,,
4781,19582976,2124,109141.81421888385,61631.93555494817,9.49,5645.5,-2.547850726841716e-05,58051.41277503967,0.8145697781583294,2.3250790399999993e-06,0.9714789,4.15,0.33,0.22,0.17,0.28,,,,,
4782,19587072,2124,109141.81421888385,61631.93555494817,9.49,5645.5,-9.373513421451207e-06,182743.1115913391,0.8003275950904936,2.323473408000001e-06,0.96708804,4.15,0.33,0.22,0.17,0.28,,,,,
4783,19591168,2125,110168.56502161642,62175.940943392205,9.58,5644.17,-5.170153599465266e-05,109282.3401119709,0.8660828809952363,2.3218677760000006e-06,0.9601165,4.25,0.32,0.22,0.17,0.29,,,,,
4784,19595264,2126,109537.29784107785,61833.6164449641,9.56,5622.72,-3.379992449481506e-05,25921.238008499146,0.8076360549312085,2.3202621440000004e-06,0.9815926,4.25,0.32,0.22,0.17,0.29,,,,,
4785,19599360,2126,109537.29784107785,61833.6164449641,9.56,5622.72,-0.00011595004525588593,19761.980978012085,0.8718399535864592,2.318656512e-06,0.9737934,4.25,0.32,0.22,0.17,0.29,,,,,
4786,19603456,2128,109769.4139953836,61935.41676077818,9.64,5607.15,-2.095010222546989e-05,45691.65602493286,0.8131580883637071,2.31705088e-06,0.9765483,4.35,0.31,0.22,0.17,0.3,,,,,
4787,19607552,2128,109769.4139953836,61935.41676077818,9.64,5607.15,-5.1199055633333046e-05,28213.03484392166,0.7483379147015512,2.3154452479999997e-06,0.9812083,4.35,0.31,0.22,0.17,0.3,,,,,
4788,19611648,2130,108813.80139344923,61393.59827013692,9.68,5548.74,-2.3162292563938536e-05,82630.55256462097,0.8131840785499662,2.3138396159999995e-06,0.9682702,4.46,0.3,0.22,0.17,0.31,,,,,
4789,19615744,2130,108813.80139344923,61393.59827013692,9.68,5548.74,-1.568783318361966e-05,115161.48013782501,0.7872541091637686,2.3122339839999993e-06,0.97283226,4.46,0.3,0.22,0.17,0.31,,,,,
4790,19619840,2132,107293.84344340613,60551.97743394877,9.7,5439.89,-2.620083250803873e-05,246764.4309949875,0.8346939273178577,2.3106283520000007e-06,0.94416773,4.59,0.29,0.21,0.17,0.33,,,,,
4791,19623936,2132,107293.84344340613,60551.97743394877,9.7,5439.89,-0.00034472134939278476,9348.863573789597,0.8303624551044777,2.3090227200000005e-06,0.9778737,4.59,0.29,0.21,0.17,0.33,,,,,
4792,19628032,2132,107293.84344340613,60551.97743394877,9.7,5439.89,-1.2741626960632857e-05,51981.25189971924,0.8179782911902294,2.3074170880000003e-06,0.97722906,4.59,0.29,0.21,0.17,0.33,,,,,
4793,19632128,2133,108738.31126150019,61355.02968822251,9.75,5510.88,-5.394200525188353e-05,28956.73307943344,0.8328418767778203,2.305811456e-06,0.62187445,4.57,0.3,0.2,0.17,0.33,,,,,
4794,19636224,2134,108431.43605376614,61195.591519923204,9.74,5495.76,-4.02589539589826e-05,24431.00407934189,0.8421650474192575,2.304205824e-06,0.96154964,4.58,0.29,0.21,0.17,0.33,,,,,
4795,19640320,2135,108721.97267279855,61367.80029354081,9.66,5516.27,-5.726525341742672e-05,10922.498928785324,0.8756666628178209,2.3026001919999996e-06,0.9718891,4.48,0.29,0.21,0.18,0.32,,,,,
4796,19644416,2136,109268.54747376125,61666.73692111203,9.67,5543.16,-5.276696629152866e-05,32391.59766769409,0.7689586754422635,2.3009945599999994e-06,0.9813589,4.46,0.29,0.22,0.17,0.32,,,,,
4797,19648512,2138,107346.69564323704,60597.46595414075,9.63,5431.63,-1.014982262859121e-05,78745.85795593262,0.8882172468584031,2.299388927999999e-06,0.9559389,4.54,0.29,0.21,0.17,0.33,,,,,
4798,19652608,2140,106515.63795951157,60124.06665281889,9.6,5376.77,-0.00010134435888176085,20019.085068702698,0.9680630299262702,2.297783295999999e-06,0.9210331,4.57,0.28,0.21,0.19,0.32,,,,,
4799,19656704,2140,106515.63795951157,60124.06665281889,9.6,5376.77,-5.3347390348790213e-05,28292.26006245613,0.7985720746219158,2.2961776640000004e-06,0.9830859,4.57,0.28,0.21,0.19,0.32,,,,,
4800,19660800,2142,107396.29584315573,60607.10591560287,9.62,5425.32,-2.9646056646015495e-05,96854.26759147644,0.8668656112859026,2.294572032e-06,0.953126,4.54,0.28,0.22,0.18,0.32,118888.27568223097,66577.6044583829,10.566666666666666,5670.633333333333,0.5
4801,19664896,2143,108486.80702009963,61194.81654223364,9.72,5456.31,-2.6874853574554436e-05,162246.31500816345,0.8275003030430526,2.2929664e-06,0.9508727,4.61,0.28,0.22,0.17,0.33,,,,,
4802,19668992,2144,108819.61193958325,61382.65333950303,9.7,5480.46,-3.527383341861423e-05,76526.62894058228,0.805377873708494,2.2913607679999998e-06,0.96125203,4.56,0.28,0.23,0.17,0.32,,,,,
4803,19673088,2146,109590.0296531819,61756.94465219666,9.8,5469.86,-1.0395282515673898e-05,412919.4742202759,0.802369577344507,2.2897551359999995e-06,0.9426223,4.69,0.27,0.23,0.16,0.34,,,,,
4804,19677184,2146,109590.0296531819,61756.94465219666,9.8,5469.86,-0.00014080188338994049,10105.817764639854,0.8620591680519283,2.2881495039999993e-06,0.9475635,4.69,0.27,0.23,0.16,0.34,,,,,
4805,19681280,2146,109590.0296531819,61756.94465219666,9.8,5469.86,-4.012180943391286e-05,21077.434064388275,0.7991916351020336,2.286543871999999e-06,0.97899914,4.69,0.27,0.23,0.16,0.34,,,,,
4806,19685376,2148,108077.09820822872,60904.030911426984,9.81,5385.3,-2.1192717213125434e-05,50516.785455703735,0.737625359557569,2.284938239999999e-06,0.9818845,4.79,0.26,0.23,0.16,0.35,,,,,
4807,19689472,2148,108077.09820822872,60904.030911426984,9.81,5385.3,-2.9682545573450625e-05,32449.191912651062,0.7708186759846285,2.2833326080000004e-06,0.97780025,4.79,0.26,0.23,0.16,0.35,,,,,
4808,19693568,2150,107871.187120481,60775.2414758754,9.82,5341.09,-6.962969928281382e-05,20865.062129735947,0.8859082912094891,2.281726976e-06,0.9735032,4.86,0.25,0.23,0.16,0.36,,,,,
4809,19697664,2150,107871.187120481,60775.2414758754,9.82,5341.09,-4.9054982810048386e-05,15622.398657798767,0.7969117220491171,2.280121344e-06,0.9671849,4.86,0.25,0.23,0.16,0.36,,,,,
4810,19701760,2151,108496.62289196458,61133.18651053925,9.84,5372.86,-2.133496673195623e-05,43100.43521595001,0.7743534181499854,2.2785157119999997e-06,0.97330624,4.84,0.26,0.22,0.16,0.36,,,,,
4811,19705856,2153,107594.98108231502,60620.86821065412,9.89,5326.84,-1.2709924703813158e-05,193201.52766799927,0.8663721441989765,2.276910080000001e-06,0.9506111,4.94,0.26,0.21,0.15,0.38,,,,,
4812,19709952,2154,109428.18784415448,61579.68682276866,10.02,5358.48,-2.7095316909253597e-05,494968.9073495865,0.7769594005076215,2.275304448000001e-06,0.9401383,5.04,0.26,0.2,0.15,0.39,,,,,
4813,19714048,2154,109428.18784415448,61579.68682276866,10.02,5358.48,-0.0001702144436421804,10170.22049343586,0.8526503964094445,2.2736988160000007e-06,0.95916957,5.04,0.26,0.2,0.15,0.39,,,,,
4814,19718144,2154,109428.18784415448,61579.68682276866,10.02,5358.48,-2.4038286028371658e-05,30263.48317718506,0.7896424856735393,2.2720931840000005e-06,0.97708946,5.04,0.26,0.2,0.15,0.39,,,,,
4815,19722240,2155,111247.71182777507,62570.84751403234,10.02,5450.54,-4.982453083357541e-05,103841.45981788635,0.7548857848159969,2.2704875520000003e-06,0.9668082,4.94,0.27,0.2,0.15,0.38,,,,,
4816,19726336,2156,110388.22717853967,62095.97951269608,10.01,5415.61,-9.786281225387938e-06,52269.000515937805,0.8299248132389039,2.26888192e-06,0.9765413,4.97,0.27,0.2,0.14,0.39,,,,,
4817,19730432,2156,110388.22717853967,62095.97951269608,10.01,5415.61,-0.00018508122593630105,4611.751162171364,0.8181335079716519,2.267276288e-06,0.9666916,4.97,0.27,0.2,0.14,0.39,,,,,
4818,19734528,2156,110388.22717853967,62095.97951269608,10.01,5415.61,-7.582006037409883e-05,23661.460683107376,0.7847209211904556,2.2656706559999996e-06,0.9844571,4.97,0.27,0.2,0.14,0.39,,,,,
4819,19738624,2156,110388.22717853967,62095.97951269608,10.01,5415.61,-2.2371508748619817e-05,45647.34299373627,0.7760992723051459,2.2640650239999994e-06,0.98448336,4.97,0.27,0.2,0.14,0.39,,,,,
4820,19742720,2158,110681.12502930858,62238.70390800248,10.02,5430.72,-2.6331954359193332e-05,189626.43275737762,0.8559340205974877,2.262459392000001e-06,0.90704745,4.97,0.27,0.2,0.14,0.39,,,,,
4821,19746816,2158,110681.12502930858,62238.70390800248,10.02,5430.72,-2.763267002592329e-05,46777.70960998535,0.8505625576945022,2.2608537600000006e-06,0.97429174,4.97,0.27,0.2,0.14,0.39,,,,,
4822,19750912,2158,110681.12502930858,62238.70390800248,10.02,5430.72,-1.1574093150557019e-05,233119.18594169617,0.8526320678647608,2.2592481280000004e-06,0.9592636,4.97,0.27,0.2,0.14,0.39,,,,,
4823,19755008,2159,112535.45723723149,63252.20625442495,10.07,5490.81,-0.00025100352468143683,6357.9292060136795,0.8531513219932094,2.257642496e-06,0.9374835,4.96,0.27,0.2,0.14,0.39,,,,,
4824,19759104,2161,111667.49046898066,62739.23804843838,10.04,5442.57,-4.004330821771873e-05,24131.786927223206,0.8843967752764001,2.256036864e-06,0.9452032,4.99,0.27,0.19,0.15,0.39,,,,,
4825,19763200,2162,111352.39679925656,62574.29298832591,10.06,5428.46,-4.241741589794401e-05,26206.562280654907,0.8317784623941407,2.2544312319999998e-06,0.96421915,5.02,0.27,0.19,0.15,0.39,103805.42123524696,58613.621479492016,10.033333333333333,5139.133333333333,0.4
4826,19767296,2164,111012.2823231247,62370.74130100358,9.98,5401.34,-2.0099335415579844e-05,48345.024914741516,0.8035238699521869,2.2528255999999995e-06,0.9734996,4.97,0.26,0.2,0.16,0.38,,,,,
4827,19771392,2165,110215.64521700186,61925.7902724607,9.95,5363.79,-0.00029158705001464114,8364.71549129486,0.8721815061289817,2.2512199679999993e-06,0.9416609,4.98,0.26,0.2,0.15,0.39,,,,,
4828,19775488,2166,107914.70013265224,60709.90394465177,9.86,5302.7,-1.2969067029189318e-05,67137.27153968811,0.8214000911684707,2.2496143360000008e-06,0.96220183,4.94,0.27,0.2,0.14,0.39,,,,,
4829,19779584,2166,107914.70013265224,60709.90394465177,9.86,5302.7,-2.9142366656742524e-05,306428.0732097626,0.7381654604105279,2.2480087040000006e-06,0.95750934,4.94,0.27,0.2,0.14,0.39,,,,,
4830,19783680,2167,108739.42058120097,61116.46055648176,9.92,5300.65,-4.2787868551386055e-05,29146.182237148285,0.8643763491418213,2.2464030720000003e-06,0.9785042,5.01,0.27,0.19,0.14,0.4,,,,,
4831,19787776,2168,109230.62317833194,61364.9690624562,9.97,5303.84,-0.00012279656766622793,18392.022017002106,0.8527196292998269,2.24479744e-06,0.97795093,5.06,0.26,0.19,0.14,0.41,,,,,
4832,19791872,2170,108217.37057813111,60808.6761319191,9.98,5258.13,-3.8161364045663504e-05,29541.25218629837,0.926705289632082,2.243191808e-06,0.9572687,5.12,0.26,0.17,0.14,0.43,,,,,
4833,19795968,2171,109374.78876290034,61460.64889113165,10.02,5311.49,-2.6598765543894842e-05,33607.14858961105,0.8791557471267879,2.2415861759999997e-06,0.9734824,5.1,0.26,0.17,0.15,0.42,,,,,
4834,19800064,2171,109374.78876290034,61460.64889113165,10.02,5311.49,-8.87754067662172e-05,11927.216402769089,0.7880681356182322,2.2399805439999995e-06,0.9756384,5.1,0.26,0.17,0.15,0.42,,,,,
4835,19804160,2171,109374.78876290034,61460.64889113165,10.02,5311.49,-1.9685327060869895e-05,40727.05093431473,0.7966264446731657,2.2383749119999992e-06,0.978814,5.1,0.26,0.17,0.15,0.42,,,,,
4836,19808256,2172,110466.62496577464,62050.08837440916,10.06,5344.85,-9.591446178092156e-05,17791.89369869232,0.8273672295035794,2.236769279999999e-06,0.984209,5.11,0.25,0.18,0.15,0.42,,,,,
4837,19812352,2173,109382.38797276383,61442.91888822898,10.02,5289.63,-0.00013973638851894066,16575.7819211483,0.8774810292525217,2.2351636480000005e-06,0.891004,5.13,0.24,0.19,0.15,0.42,,,,,
4838,19816448,2174,109344.88734065222,61427.716436498275,9.98,5314.43,-5.8135266954195686e-05,28303.910152435303,0.8048475595423952,2.2335580160000003e-06,0.9737703,5.05,0.25,0.19,0.15,0.41,,,,,
4839,19820544,2174,109344.88734065222,61427.716436498275,9.98,5314.43,-2.898247021221323e-05,34861.70651102066,0.8334422066109255,2.231952384e-06,0.9728185,5.05,0.25,0.19,0.15,0.41,,,,,
4840,19824640,2176,109500.82833109635,61510.42332999184,9.99,5298.54,-1.8704367903410457e-05,41980.37502479553,0.7894878730876371,2.230346752e-06,0.976954,5.08,0.24,0.19,0.16,0.41,,,,,
4841,19828736,2176,109500.82833109635,61510.42332999184,9.99,5298.54,-7.617834671691526e-05,7079.636069059372,0.8507871157489717,2.2287411199999996e-06,0.9741052,5.08,0.24,0.19,0.16,0.41,,,,,
4842,19832832,2177,107955.15433755453,60680.62279502349,9.94,5243.86,-4.7281637307605706e-05,29498.95808315277,0.8883523510303348,2.2271354879999994e-06,0.96780026,5.08,0.24,0.19,0.16,0.41,,,,,
4843,19836928,2177,107955.15433755453,60680.62279502349,9.94,5243.86,-7.923265638964949e-05,30536.075325489044,0.7901946956990287,2.225529855999999e-06,0.9746629,5.08,0.24,0.19,0.16,0.41,,,,,
4844,19841024,2179,107154.42530430006,60219.302616990695,9.95,5181.91,-1.6873832464625593e-05,69528.19803524017,0.8045894433744252,2.223924223999999e-06,0.9674389,5.15,0.24,0.17,0.17,0.42,,,,,
4845,19845120,2180,105647.39802634595,59378.94389644292,9.88,5115.08,-7.115748348951456e-05,13272.49661564827,0.861163780442439,2.2223185920000004e-06,0.9352917,5.15,0.24,0.17,0.17,0.42,,,,,
4846,19849216,2182,104962.58035986107,59002.05230455148,9.8,5074.43,-2.9389747396635357e-05,19445.279265880585,0.883011057972908,2.22071296e-06,0.9740373,5.12,0.23,0.18,0.18,0.41,,,,,
4847,19853312,2183,104304.1814185593,58640.0597163432,9.76,5050.7,-0.0002179308571612637,8145.178376913071,0.8420421809423715,2.219107328e-06,0.9651493,5.1,0.23,0.18,0.18,0.41,,,,,
4848,19857408,2183,104304.1814185593,58640.0597163432,9.76,5050.7,-2.7658672479446977e-05,42786.90842151642,0.8044915659120306,2.2175016959999997e-06,0.9745775,5.1,0.23,0.18,0.18,0.41,,,,,
4849,19861504,2184,105361.55608917901,59237.88864072754,9.77,5102.62,-6.26228074906976e-05,20213.977195978165,0.7890616438817233,2.2158960640000012e-06,0.98237413,5.05,0.23,0.19,0.18,0.4,,,,,
4850,19865600,2184,105361.55608917901,59237.88864072754,9.77,5102.62,-1.618737769604195e-05,61691.66155052185,0.7525805452605709,2.214290432000001e-06,0.9741347,5.05,0.23,0.19,0.18,0.4,111719.58512541922,62714.87721316246,10.3,5322.9,0.4666666666666667
4851,19869696,2185,107618.65218910457,60444.25429832416,9.84,5177.27,-3.907293557858793e-05,160430.87687158585,0.8123639635741711,2.2126848000000008e-06,0.971789,5.05,0.23,0.19,0.18,0.4,,,,,
4852,19873792,2187,105931.92855268167,59518.673335271276,9.76,5099.68,-3.025958540092688e-05,37097.48513889313,0.8409111220389605,2.2110791680000006e-06,0.92177755,5.06,0.22,0.19,0.2,0.39,,,,,
4853,19877888,2187,105931.92855268167,59518.673335271276,9.76,5099.68,-1.9532844817149453e-05,36944.06322860718,0.7902938462793827,2.2094735360000003e-06,0.9722972,5.06,0.22,0.19,0.2,0.39,,,,,
4854,19881984,2188,106783.66492521792,59999.02509607841,9.75,5137.34,-1.0487347026355565e-05,504167.9285392761,0.7902044949587435,2.207867904e-06,0.948639,5.01,0.22,0.19,0.2,0.39,,,,,
4855,19886080,2189,107666.3368373835,60408.23513520116,9.85,5112.29,-2.3812332983652595e-05,742377.32725811,0.7998603163287044,2.206262272e-06,0.89359367,5.15,0.21,0.19,0.2,0.4,,,,,
4856,19890176,2189,107666.3368373835,60408.23513520116,9.85,5112.29,-0.00043525200453586876,12303.994385242462,0.8740921530406922,2.2046566399999997e-06,0.9747094,5.15,0.21,0.19,0.2,0.4,,,,,
4857,19894272,2189,107666.3368373835,60408.23513520116,9.85,5112.29,-3.507424298732076e-05,31585.042160511017,0.7381371816154569,2.2030510079999994e-06,0.9798785,5.15,0.21,0.19,0.2,0.4,,,,,
4858,19898368,2190,109256.78264203972,61274.531919070556,9.9,5162.0,-1.8375915715296287e-05,113866.21732711792,0.8021515214350075,2.201445376000001e-06,0.96780646,5.15,0.21,0.19,0.2,0.4,,,,,
4859,19902464,2190,109256.78264203972,61274.531919070556,9.9,5162.0,-6.366435263771564e-05,28081.280384540558,0.8439095580251887,2.1998397440000007e-06,0.9763481,5.15,0.21,0.19,0.2,0.4,,,,,
4860,19906560,2190,109256.78264203972,61274.531919070556,9.9,5162.0,-2.905300198108307e-05,110068.90367889404,0.7507238641846925,2.1982341120000005e-06,0.974518,5.15,0.21,0.19,0.2,0.4,,,,,
4861,19910656,2191,111739.51635397346,62576.52785347047,9.93,5249.51,-8.218434959417209e-05,343190.4317998886,0.7563570640049875,2.1966284800000003e-06,0.95460653,5.1,0.21,0.19,0.21,0.39,,,,,
4862,19914752,2192,110578.37603114577,61930.43574014342,9.88,5188.77,-0.00018740518498816527,4888.8228940963745,0.8676718234783038,2.195022848e-06,0.96408916,5.12,0.21,0.18,0.22,0.39,,,,,
4863,19918848,2192,110578.37603114577,61930.43574014342,9.88,5188.77,-0.00039614424986211816,17533.04129934311,0.8894539008615538,2.193417216e-06,0.9773196,5.12,0.21,0.18,0.22,0.39,,,,,
4864,19922944,2192,110578.37603114577,61930.43574014342,9.88,5188.77,-1.7069067325792275e-05,47785.06824874878,0.7752973410533741,2.1918115839999996e-06,0.98641086,5.12,0.21,0.18,0.22,0.39,,,,,
4865,19927040,2194,110095.65151019348,61639.07113303563,9.87,5179.53,-2.1691673282475676e-05,144158.42437553406,0.8624981824541464,2.1902059519999994e-06,0.9694311,5.12,0.22,0.18,0.2,0.4,,,,,
4866,19931136,2195,109706.26547710373,61390.481766529,9.89,5148.13,-3.978439963248093e-05,50269.023944854736,0.8422428846824914,2.188600320000001e-06,0.9744347,5.17,0.22,0.18,0.19,0.41,,,,,
4867,19935232,2195,109706.26547710373,61390.481766529,9.89,5148.13,-2.7330843295203522e-05,66847.93359947205,0.7623422872275114,2.1869946880000006e-06,0.97677445,5.17,0.22,0.18,0.19,0.41,,,,,
4868,19939328,2196,111558.89117160134,62362.2360149953,9.94,5195.45,-2.318648239452159e-05,509000.0523300171,0.7228766350308433,2.1853890560000004e-06,0.93522686,5.18,0.22,0.18,0.19,0.41,,,,,
4869,19943424,2197,111938.93867965075,62522.53226616577,9.98,5204.78,-3.969264980696607e-06,526599.4802780151,0.8442086972063407,2.183783424e-06,0.83711994,5.22,0.22,0.18,0.19,0.41,,,,,
4870,19947520,2198,111668.44810173554,62400.694841106364,9.98,5192.15,-1.2039245120831765e-05,44463.36064195633,0.7886337134987116,2.182177792e-06,0.9634738,5.23,0.22,0.18,0.18,0.42,,,,,
4871,19951616,2199,111265.78570397983,62165.95144667446,9.96,5168.27,-6.748452869942412e-05,9803.76915192604,0.8467159079154953,2.1805721599999997e-06,0.94703114,5.23,0.22,0.18,0.18,0.42,,,,,
4872,19955712,2200,110745.58789916601,61849.09758907725,9.99,5119.7,-2.5296483727288432e-05,62497.08500671387,0.8163560839602724,2.1789665279999995e-06,0.98027647,5.32,0.21,0.18,0.18,0.43,,,,,
4873,19959808,2200,110745.58789916601,61849.09758907725,9.99,5119.7,-7.381043360510375e-05,8849.901580929756,0.8701554662548006,2.1773608959999993e-06,0.9691559,5.32,0.21,0.18,0.18,0.43,,,,,
4874,19963904,2201,112125.47805880115,62626.00651476925,10.05,5193.14,-1.7736030713422224e-05,39404.27212524414,0.8013213231461123,2.175755263999999e-06,0.9666247,5.3,0.22,0.17,0.18,0.43,,,,,
4875,19968000,2201,112125.47805880115,62626.00651476925,10.05,5193.14,-0.00016888024129002588,9478.809062719345,0.7928555475082248,2.1741496320000005e-06,0.97123,5.3,0.22,0.17,0.18,0.43,114564.35053348712,64110.212972145324,10.2,5314.533333333334,0.5
4876,19972096,2201,112125.47805880115,62626.00651476925,10.05,5193.14,-2.106575448124204e-05,41798.48550128937,0.781848176382482,2.1725440000000003e-06,0.97699434,5.3,0.22,0.17,0.18,0.43,,,,,
4877,19976192,2203,113994.78188060253,63640.16592421167,10.01,5283.58,-1.724141839076765e-05,45217.70801639557,0.8009135102620348,2.170938368e-06,0.9855322,5.16,0.23,0.18,0.18,0.41,,,,,
4878,19980288,2204,112970.12041201367,63084.586326367586,9.93,5266.76,-4.881555651081726e-05,8507.38009428978,0.8885537927271798,2.169332736e-06,0.92588466,5.09,0.24,0.18,0.18,0.4,,,,,
4879,19984384,2205,113173.08970236071,63196.12989175041,9.98,5254.09,-2.022529224632308e-05,48041.499505996704,0.7836616958957165,2.1677271039999997e-06,0.9745552,5.16,0.23,0.18,0.18,0.41,,,,,
4880,19988480,2205,113173.08970236071,63196.12989175041,9.98,5254.09,-0.00014278261824074434,8331.148486971855,0.855962771223858,2.1661214719999994e-06,0.9742341,5.16,0.23,0.18,0.18,0.41,,,,,
4881,19992576,2206,113243.0476426821,63230.96604364734,9.96,5279.16,-3.105274390691193e-05,25843.0142121315,0.8421116928802803,2.1645158399999992e-06,0.9718504,5.11,0.24,0.18,0.18,0.4,,,,,
4882,19996672,2207,114493.41074767878,63949.41245165287,10.07,5327.94,-1.2653896192205139e-05,68009.42401218414,0.8568487772718072,2.162910207999999e-06,0.9558872,5.17,0.23,0.18,0.18,0.41,,,,,
4883,20000768,2208,112950.96917936087,63107.87738285176,10.02,5258.37,-4.476138201425783e-05,22725.72788286209,0.9545051699969918,2.1613045760000005e-06,0.9492987,5.19,0.22,0.19,0.18,0.41,,,,,
4884,20004864,2208,112950.96917936087,63107.87738285176,10.02,5258.37,-8.53476540214615e-05,17753.27855157852,0.8898443926591426,2.1596989440000002e-06,0.96268237,5.19,0.22,0.19,0.18,0.41,,,,,
4885,20008960,2209,112410.31619118598,62797.76043193915,10.0,5233.97,-0.00014525296683132183,8157.332292318344,0.8371427197707817,2.158093312e-06,0.97430295,5.2,0.22,0.19,0.18,0.41,,,,,
4886,20013056,2209,112410.31619118598,62797.76043193915,10.0,5233.97,-1.3875456716050394e-05,24664.019003868103,0.8082952556433156,2.15648768e-06,0.97427833,5.2,0.22,0.19,0.18,0.41,,,,,
4887,20017152,2211,111849.92777717373,62481.24428403007,9.99,5211.75,-9.900171971821692e-05,11166.182079792023,0.8754409259418026,2.1548820479999996e-06,0.88003445,5.22,0.21,0.2,0.18,0.41,,,,,
4888,20021248,2211,111849.92777717373,62481.24428403007,9.99,5211.75,-9.864072671916801e-05,19876.149219036102,0.8312458788277581,2.153276416000001e-06,0.9734117,5.22,0.21,0.2,0.18,0.41,,,,,
4889,20025344,2212,110416.14637296685,61752.645401895585,9.95,5183.27,-1.7663125618128106e-05,35227.83298969269,0.7653793619247153,2.151670784000001e-06,0.9845959,5.2,0.22,0.19,0.18,0.41,,,,,
4890,20029440,2213,110923.97176009271,62025.85286935338,10.02,5199.84,-1.6200319805648178e-06,421916.53764533997,0.9099626595852897,2.1500651520000006e-06,0.7285844,5.26,0.22,0.18,0.18,0.42,,,,,
4891,20033536,2213,110923.97176009271,62025.85286935338,10.02,5199.84,-0.00023254645475390134,21656.674833774567,0.8222840089583769,2.1484595200000004e-06,0.9780964,5.26,0.22,0.18,0.18,0.42,,,,,
4892,20037632,2214,109224.19332118864,61108.095623194386,9.98,5139.81,-1.2047379641444422e-05,58851.07744598389,0.835074158734642,2.146853888e-06,0.96637547,5.29,0.21,0.18,0.19,0.42,,,,,
4893,20041728,2215,109936.80933953813,61495.46339144622,10.09,5163.13,-1.800407062546583e-05,71942.80113840103,0.9074519898276776,2.145248256e-06,0.9647682,5.38,0.21,0.17,0.19,0.43,,,,,
4894,20045824,2217,107699.6037626301,60274.053354130425,9.94,5068.31,-6.214855693542631e-05,13135.007703781128,0.8840447833063081,2.1436426239999997e-06,0.95431376,5.32,0.21,0.17,0.2,0.42,,,,,
4895,20049920,2217,107699.6037626301,60274.053354130425,9.94,5068.31,-1.8259046555613168e-05,37125.18867444992,0.8654044406721368,2.1420369919999995e-06,0.97285944,5.32,0.21,0.17,0.2,0.42,,,,,
4896,20054016,2218,109291.10524037047,61126.31474814235,10.0,5119.06,-1.42489170684712e-05,100116.38763427734,0.824554483522661,2.140431360000001e-06,0.9613623,5.33,0.21,0.17,0.2,0.42,,,,,
4897,20058112,2218,109291.10524037047,61126.31474814235,10.0,5119.06,-4.2514537199167535e-05,30670.805943489075,0.7864673581207171,2.1388257280000008e-06,0.9663625,5.33,0.21,0.17,0.2,0.42,,,,,
4898,20062208,2219,107321.54908549586,60073.857961203335,9.96,5034.7,-0.00012006671568087768,18614.4167137146,0.8415417477954179,2.1372200960000005e-06,0.9793914,5.37,0.2,0.17,0.21,0.42,,,,,
4899,20066304,2220,105612.48142142939,59160.121954672395,9.9,4972.56,-4.004874517704593e-05,31182.030208587646,0.8393871019361541,2.1356144640000003e-06,0.9233157,5.37,0.2,0.17,0.21,0.42,,,,,
4900,20070400,2220,105612.48142142939,59160.121954672395,9.9,4972.56,-3.0109444196568802e-05,40889.00485992432,0.7599782209144905,2.134008832e-06,0.9789071,5.37,0.2,0.17,0.21,0.42,108795.79098374992,60899.73096899149,10.2,5285.366666666667,0.5
4901,20074496,2221,108034.80935788802,60453.45276566498,9.92,5052.78,-1.1702102710842155e-05,216172.15326690674,0.8083491576835513,2.1324032e-06,0.9603447,5.31,0.2,0.17,0.21,0.42,,,,,
4902,20078592,2221,108034.80935788802,60453.45276566498,9.92,5052.78,-8.101444291241933e-05,8738.034924268723,0.8560518412850797,2.1307975679999996e-06,0.9487646,5.31,0.2,0.17,0.21,0.42,,,,,
4903,20082688,2221,108034.80935788802,60453.45276566498,9.92,5052.78,-2.539217075536726e-05,38972.0097618103,0.776488680858165,2.1291919359999994e-06,0.97424203,5.31,0.2,0.17,0.21,0.42,,,,,
4904,20086784,2222,109698.51921502753,61351.471903408936,9.97,5127.6,-3.8246930671448354e-05,41701.07319974899,0.8127429424785078,2.127586303999999e-06,0.9730926,5.28,0.21,0.17,0.2,0.42,,,,,
4905,20090880,2222,109698.51921502753,61351.471903408936,9.97,5127.6,-0.00012954885642102454,13167.969645261765,0.7878218048717827,2.1259806720000007e-06,0.97713125,5.28,0.21,0.17,0.2,0.42,,,,,
4906,20094976,2222,109698.51921502753,61351.471903408936,9.97,5127.6,-2.4234821466961876e-05,36383.3837890625,0.7424743629526347,2.1243750400000005e-06,0.9802893,5.28,0.21,0.17,0.2,0.42,,,,,
4907,20099072,2224,110164.64046452713,61616.63105678757,9.97,5164.02,-1.5116579561436083e-05,61206.99918651581,0.8486812018090859,2.1227694080000002e-06,0.97277987,5.24,0.21,0.18,0.2,0.41,,,,,
4908,20103168,2224,110164.64046452713,61616.63105678757,9.97,5164.02,-0.00011123269541712943,16158.07189655304,0.8364703122060746,2.121163776e-06,0.98396474,5.24,0.21,0.18,0.2,0.41,,,,,
4909,20107264,2225,110228.59629891033,61659.51552168156,9.93,5191.45,-1.925385913637001e-05,70683.24038124084,0.8078045920701697,2.1195581439999998e-06,0.9643533,5.17,0.21,0.18,0.21,0.4,,,,,
4910,20111360,2226,109385.49509116879,61191.03236436255,9.89,5159.22,-6.916622260177974e-05,11371.295175075531,0.8811048074858263,2.1179525119999996e-06,0.95353407,5.16,0.21,0.18,0.21,0.4,,,,,
4911,20115456,2226,109385.49509116879,61191.03236436255,9.89,5159.22,-3.990700679423753e-05,18043.607043266296,0.8165766205638647,2.1163468799999993e-06,0.97151524,5.16,0.21,0.18,0.21,0.4,,,,,
4912,20119552,2228,108590.75456492789,60749.33472798818,9.77,5133.63,-0.00010476984152774094,9986.332716226578,0.8914015715708956,2.114741247999999e-06,0.9401773,5.07,0.21,0.19,0.21,0.39,,,,,
4913,20123648,2228,108590.75456492789,60749.33472798818,9.77,5133.63,-1.2602928109117784e-05,26888.69364786148,0.7798024779185653,2.1131356160000006e-06,0.97152376,5.07,0.21,0.19,0.21,0.39,,,,,
4914,20127744,2229,109230.20910237363,61106.37731519213,9.78,5172.14,-3.467249462119071e-05,26308.56489801407,0.7860773509601131,2.1115299840000004e-06,0.9809407,5.04,0.21,0.2,0.2,0.39,,,,,
4915,20131840,2230,110174.07658120619,61638.70608788912,9.76,5214.8,-1.099590735975653e-05,49088.03620529175,0.8658772230846807,2.109924352e-06,0.9771869,4.97,0.21,0.2,0.21,0.38,,,,,
4916,20135936,2230,110174.07658120619,61638.70608788912,9.76,5214.8,-3.744749619727372e-05,31368.10714006424,0.7884988773148507,2.10831872e-06,0.9790503,4.97,0.21,0.2,0.21,0.38,,,,,
4917,20140032,2232,109179.23771883475,61137.656329976206,9.68,5208.84,-2.917966867244104e-05,38423.20143842697,0.8775291619822383,2.1067130879999997e-06,0.9692339,4.9,0.21,0.2,0.23,0.36,,,,,
4918,20144128,2232,109179.23771883475,61137.656329976206,9.68,5208.84,-0.00022766455003875308,11417.373466730118,0.8083083777455613,2.1051074559999995e-06,0.9858927,4.9,0.21,0.2,0.23,0.36,,,,,
4919,20148224,2234,108400.10796075256,60635.61110407506,9.76,5141.41,-1.5674386304453947e-05,44494.997183799744,0.7686326534021646,2.1035018239999993e-06,0.9623537,5.05,0.2,0.2,0.23,0.37,,,,,
4920,20152320,2234,108400.10796075256,60635.61110407506,9.76,5141.41,-0.0001178193706437014,21047.101221084595,0.8918937619309872,2.101896191999999e-06,0.94437224,5.05,0.2,0.2,0.23,0.37,,,,,
4921,20156416,2235,109712.86651139385,61355.478467579705,9.81,5197.69,-3.876539722114103e-05,40268.53860759735,0.8564164250856265,2.100290559999999e-06,0.9801129,5.04,0.2,0.21,0.22,0.37,,,,,
4922,20160512,2238,107715.95505640315,60237.322065084685,9.85,5107.18,-3.315037702122936e-05,111606.48530483246,0.8852665220620111,2.0986849280000003e-06,0.9521846,5.18,0.19,0.2,0.22,0.39,,,,,
4923,20164608,2239,108527.23107570029,60643.68739281456,9.95,5128.82,-2.8010903406539e-05,151348.14349842072,0.8038257579319179,2.097079296e-06,0.92890054,5.27,0.19,0.2,0.21,0.4,,,,,
4924,20168704,2240,109292.55403935252,61094.92032976646,9.98,5171.38,-0.00010704330998123623,17808.121263980865,0.8323778075864539,2.095473664e-06,0.97185946,5.25,0.19,0.21,0.2,0.4,,,,,
4925,20172800,2240,109292.55403935252,61094.92032976646,9.98,5171.38,-0.0002173286884499248,17205.665258169174,0.889570158557035,2.0938680319999996e-06,0.97477496,5.25,0.19,0.21,0.2,0.4,104210.73353644968,58206.0898725939,10.0,5077.233333333334,0.4666666666666667
4926,20176896,2240,109292.55403935252,61094.92032976646,9.98,5171.38,-1.4904814634064678e-05,35277.13623571396,0.803103550686501,2.092262400000001e-06,0.98097616,5.25,0.19,0.21,0.2,0.4,,,,,
4927,20180992,2241,110062.4665224559,61511.09802756304,10.0,5204.41,-1.612590676813852e-05,87983.12219810486,0.8413381275022402,2.090656768000001e-06,0.9608818,5.23,0.2,0.2,0.2,0.4,,,,,
4928,20185088,2242,110793.38423981167,61938.724686728194,10.04,5238.54,-2.1078452846268192e-05,37494.54904413223,0.8187224306166172,2.0890511360000007e-06,0.9149196,5.24,0.2,0.2,0.2,0.4,,,,,
4929,20189184,2242,110793.38423981167,61938.724686728194,10.04,5238.54,-2.451351519994205e-05,30358.976095676422,0.7944977104198188,2.0874455039999987e-06,0.96226954,5.24,0.2,0.2,0.2,0.4,,,,,
4930,20193280,2243,111551.28173629945,62362.92124527027,10.0,5300.49,-2.9892312340962235e-05,43062.99326086044,0.7380743504036218,2.0858398720000002e-06,0.9775046,5.13,0.21,0.2,0.2,0.39,,,,,
4931,20197376,2243,111551.28173629945,62362.92124527027,10.0,5300.49,-0.00011438589444878744,15760.877754211426,0.8279851926490664,2.08423424e-06,0.94866216,5.13,0.21,0.2,0.2,0.39,,,,,
4932,20201472,2245,110367.37758803739,61763.33591481273,9.97,5288.94,-1.076204080163734e-05,55296.27676296234,0.8372429177397862,2.0826286079999998e-06,0.9318347,5.1,0.22,0.19,0.2,0.39,,,,,
4933,20205568,2245,110367.37758803739,61763.33591481273,9.97,5288.94,-0.00021051214298495324,4901.330674648285,0.7875223696464673,2.0810229759999996e-06,0.97139907,5.1,0.22,0.19,0.2,0.39,,,,,
4934,20209664,2246,111216.4012648809,62222.366883868905,9.97,5344.63,-3.5126355214742944e-05,48102.631004333496,0.8574052480980754,2.079417344000001e-06,0.967614,5.04,0.23,0.19,0.2,0.38,,,,,
4935,20213760,2246,111216.4012648809,62222.366883868905,9.97,5344.63,-1.4923840353731066e-05,227773.60222625732,0.8295216675614938,2.077811712000001e-06,0.95619875,5.04,0.23,0.19,0.2,0.38,,,,,
4936,20217856,2247,111457.04767413891,62351.2982704833,10.01,5314.83,-3.4946142477565445e-05,120293.30497455597,0.8383393852273002,2.0762060800000006e-06,0.94844276,5.12,0.22,0.19,0.2,0.39,,,,,
4937,20221952,2247,111457.04767413891,62351.2982704833,10.01,5314.83,-0.0001777964289431111,35441.92485713959,0.795401825918816,2.0746004480000004e-06,0.96860534,5.12,0.22,0.19,0.2,0.39,,,,,
4938,20226048,2248,113222.01867588518,63318.44547058879,10.01,5402.91,-1.1204866950720316e-05,80545.5045261383,0.83443880348932,2.072994816e-06,0.9604331,5.03,0.22,0.2,0.2,0.38,,,,,
4939,20230144,2249,112221.81045317392,62773.48698615416,9.94,5378.46,-8.568737939640414e-05,8871.563011169434,0.8744656969793141,2.071389184e-06,0.9362497,4.98,0.22,0.21,0.2,0.37,,,,,
4940,20234240,2249,112221.81045317392,62773.48698615416,9.94,5378.46,-5.548410990741104e-05,18030.250396966934,0.8891512289410457,2.0697835519999997e-06,0.9773053,4.98,0.22,0.21,0.2,0.37,,,,,
4941,20238336,2249,112221.81045317392,62773.48698615416,9.94,5378.46,-1.3651291737915017e-05,62908.343455314636,0.7782415691763163,2.0681779199999995e-06,0.9689323,4.98,0.22,0.21,0.2,0.37,,,,,
4942,20242432,2250,114240.53428289613,63899.21062543762,10.03,5471.63,-0.0001299781524721766,4269.397836685181,0.87017705605831,2.0665722879999993e-06,0.9590369,4.97,0.22,0.21,0.2,0.37,,,,,
4943,20246528,2250,114240.53428289613,63899.21062543762,10.03,5471.63,-4.0717184674576856e-05,31909.214666366577,0.8569831171771511,2.0649666560000007e-06,0.9736128,4.97,0.22,0.21,0.2,0.37,,,,,
4944,20250624,2250,114240.53428289613,63899.21062543762,10.03,5471.63,-2.8927891435159836e-05,90415.20938110352,0.7562332741217688,2.0633610240000005e-06,0.9767644,4.97,0.22,0.21,0.2,0.37,,,,,
4945,20254720,2250,114240.53428289613,63899.21062543762,10.03,5471.63,-5.930809129495174e-05,393795.31840610504,0.7652147178305313,2.0617553920000003e-06,0.95551354,4.97,0.22,0.21,0.2,0.37,,,,,
4946,20258816,2251,118061.91065344619,65863.71855603436,10.12,5581.09,-8.02671547717182e-06,566279.2927150726,0.767693453351967,2.06014976e-06,0.9249722,4.97,0.22,0.21,0.2,0.37,,,,,
4947,20262912,2251,118061.91065344619,65863.71855603436,10.12,5581.09,-9.739675078890286e-06,341068.09903907776,0.7742742262780666,2.058544128e-06,0.94908977,4.97,0.22,0.21,0.2,0.37,,,,,
4948,20267008,2252,119133.76319379978,66430.14833927,10.18,5608.56,-0.00011320504017930944,11651.747030496597,0.8722001953283325,2.0569384959999996e-06,0.9595791,5.01,0.22,0.21,0.2,0.37,,,,,
4949,20271104,2252,119133.76319379978,66430.14833927,10.18,5608.56,-8.516341404174455e-05,36987.86550617218,0.7985572189791128,2.0553328639999994e-06,0.9677326,5.01,0.22,0.21,0.2,0.37,,,,,
4950,20275200,2253,121157.10794717241,67559.26989641611,10.21,5704.23,-1.4724264929100173e-05,75990.57533359528,0.8470230993116274,2.053727231999999e-06,0.9628403,4.94,0.22,0.22,0.2,0.36,89663.10103949225,50640.36463714511,9.466666666666667,4461.233333333334,0.3
4951,20279296,2254,119972.92806172039,66957.10011636621,10.16,5681.36,-2.2760472347727045e-05,66055.68243217468,0.8342570097884163,2.0521216000000007e-06,0.9655945,4.91,0.22,0.22,0.2,0.36,,,,,
4952,20283392,2256,117088.61701194476,65402.423450083676,10.02,5565.46,-4.4192282075528055e-05,22322.779598236084,0.8295397907495499,2.0505159680000004e-06,0.97079474,4.88,0.21,0.24,0.2,0.35,,,,,
4953,20287488,2256,117088.61701194476,65402.423450083676,10.02,5565.46,-0.00013048280743532814,7302.060175418854,0.77582233666908,2.048910336e-06,0.96891963,4.88,0.21,0.24,0.2,0.35,,,,,
4954,20291584,2257,115015.79832527951,64305.56768012989,9.96,5499.83,-4.905962759949034e-05,15463.928541183472,0.7951608217554167,2.047304704e-06,0.98216915,4.88,0.21,0.24,0.2,0.35,,,,,
4955,20295680,2257,115015.79832527951,64305.56768012989,9.96,5499.83,-6.0484309869934805e-05,7125.546379327774,0.8699565811548382,2.0456990719999998e-06,0.96780306,4.88,0.21,0.24,0.2,0.35,,,,,
4956,20299776,2257,115015.79832527951,64305.56768012989,9.96,5499.83,-1.8596376321511343e-05,48818.56556892395,0.8325065583921969,2.0440934399999995e-06,0.96570635,4.88,0.21,0.24,0.2,0.35,,,,,
4957,20303872,2260,113455.82468892027,63455.89771193144,10.02,5440.06,-6.224520257092081e-05,22436.937868118286,0.8791930399602279,2.0424878079999993e-06,0.98523074,4.99,0.21,0.24,0.2,0.35,,,,,
4958,20307968,2263,112204.09098809239,62771.77561806302,9.95,5395.55,-3.2444243515783455e-05,22870.291559696198,0.9558058298425749,2.040882175999999e-06,0.79458356,4.97,0.21,0.25,0.19,0.35,,,,,
4959,20312064,2266,112027.74261747813,62696.50378149902,9.96,5379.98,-5.905256330152042e-06,70973.28613376617,0.9537957308348268,2.039276543999999e-06,0.7468605,4.99,0.2,0.26,0.19,0.35,,,,,
4960,20316160,2267,110033.88373828691,61616.79679651516,9.83,5328.8,-0.0001402602720190771,4781.52686715126,0.8895428988616914,2.0376709120000004e-06,0.9650016,4.91,0.2,0.27,0.19,0.34,,,,,
4961,20320256,2269,109174.60023183368,61168.4531549813,9.8,5308.71,-2.1991048015479464e-05,41031.10071563721,0.8807977745309472,2.03606528e-06,0.9491568,4.89,0.21,0.27,0.19,0.33,,,,,
4962,20324352,2269,109174.60023183368,61168.4531549813,9.8,5308.71,-0.00019789455382124288,8318.388889551163,0.8764251755783334,2.034459648e-06,0.97447324,4.89,0.21,0.27,0.19,0.33,,,,,
4963,20328448,2270,110183.14212164724,61753.86823973007,9.82,5375.37,-2.612008756841533e-05,14511.276810884476,0.7890109575819224,2.0328540159999997e-06,0.9678383,4.84,0.22,0.27,0.19,0.32,,,,,
4964,20332544,2270,110183.14212164724,61753.86823973007,9.82,5375.37,-7.069878847687505e-05,26159.89264345169,0.8674150260630995,2.031248384000001e-06,0.97326744,4.84,0.22,0.27,0.19,0.32,,,,,
4965,20336640,2271,110492.89490344985,61907.886775160085,9.82,5397.44,-2.6093610358657315e-05,28435.15116071701,0.8385814003413543,2.029642752000001e-06,0.9798935,4.82,0.22,0.28,0.18,0.32,,,,,
4966,20340736,2272,109135.40546198357,61168.94101332835,9.8,5328.17,-4.041518513986375e-05,25773.88505744934,0.831764166825451,2.028037119999999e-06,0.9782197,4.87,0.22,0.27,0.18,0.33,,,,,
4967,20344832,2272,109135.40546198357,61168.94101332835,9.8,5328.17,-2.8408512662281282e-05,58019.27155685425,0.7837701130192727,2.026431487999999e-06,0.9717938,4.87,0.22,0.27,0.18,0.33,,,,,
4968,20348928,2273,110790.1101944831,62074.05645645109,9.87,5381.02,-2.3773452085151803e-05,60317.37486934662,0.824331086827442,2.0248258560000003e-06,0.9717714,4.89,0.22,0.26,0.19,0.33,,,,,
4969,20353024,2273,110790.1101944831,62074.05645645109,9.87,5381.02,-8.243620322900824e-05,20214.50972175598,0.768869386636652,2.023220224e-06,0.98158765,4.89,0.22,0.26,0.19,0.33,,,,,
4970,20357120,2274,111300.79233191875,62336.399633864734,9.89,5391.43,-2.5421915779588744e-05,29403.299369335175,0.7965121741872281,2.021614592e-06,0.97939163,4.91,0.21,0.27,0.19,0.33,,,,,
4971,20361216,2274,111300.79233191875,62336.399633864734,9.89,5391.43,-6.582520654774271e-06,115559.69528007507,0.8058369331993163,2.0200089599999996e-06,0.94875014,4.91,0.21,0.27,0.19,0.33,,,,,
4972,20365312,2275,110910.8763568221,62140.05952298096,9.89,5374.43,-4.373415777081391e-05,22321.33920621872,0.8770843502134085,2.018403328000001e-06,0.984432,4.93,0.21,0.27,0.18,0.34,,,,,
4973,20369408,2275,110910.8763568221,62140.05952298096,9.89,5374.43,-1.7425667465431616e-05,64562.041907310486,0.8557813750812784,2.016797696000001e-06,0.97975636,4.93,0.21,0.27,0.18,0.34,,,,,
4974,20373504,2276,113294.89320291227,63441.421087956616,9.97,5463.92,-2.13413131859852e-05,84537.08972454071,0.8355603604577482,2.0151920640000006e-06,0.95113254,4.92,0.21,0.27,0.19,0.33,,,,,
4975,20377600,2278,111722.30791260861,62573.86265048012,9.94,5388.57,-1.5663880731153768e-05,73370.07434368134,0.8353223190642893,2.0135864320000004e-06,0.88239205,4.98,0.2,0.27,0.19,0.34,96215.03492724306,54318.34987881617,9.8,4844.733333333334,0.43333333333333335
4976,20381696,2279,111448.4011893764,62413.19521488256,9.91,5380.98,-6.593844773306046e-06,91656.25054645538,0.9322677156887949,2.0119808e-06,0.8975543,4.96,0.2,0.27,0.19,0.34,,,,,
4977,20385792,2280,112374.17900249218,62935.905770727804,9.98,5408.73,-1.3754013707512058e-05,43267.616205215454,0.8249225525651127,2.010375168e-06,0.96895015,5.01,0.19,0.27,0.19,0.35,,,,,
4978,20389888,2280,112374.17900249218,62935.905770727804,9.98,5408.73,-0.00022976724721956998,14059.221641302109,0.8339971115346998,2.0087695359999998e-06,0.9827312,5.01,0.19,0.27,0.19,0.35,,,,,
4979,20393984,2280,112374.17900249218,62935.905770727804,9.98,5408.73,-3.266311796323862e-05,41043.43116283417,0.8598960688104853,2.0071639039999995e-06,0.9835183,5.01,0.19,0.27,0.19,0.35,,,,,
4980,20398080,2281,114181.20582692366,63947.022568254906,10.03,5477.5,-2.2738680854672566e-05,108241.47407436371,0.8347203672165051,2.0055582719999993e-06,0.9592165,4.99,0.19,0.28,0.18,0.35,,,,,
4981,20402176,2281,114181.20582692366,63947.022568254906,10.03,5477.5,-7.429714787576813e-05,27385.457334518433,0.8275984940119088,2.0039526400000008e-06,0.9713108,4.99,0.19,0.28,0.18,0.35,,,,,
4982,20406272,2283,116066.59670497892,65018.07905044665,10.09,5563.19,-1.6925110685406253e-05,52005.53650856018,0.8732650894671679,2.0023470080000006e-06,0.9733282,4.96,0.19,0.28,0.19,0.34,,,,,
4983,20410368,2283,116066.59670497892,65018.07905044665,10.09,5563.19,-2.571547156549059e-05,30745.735730171204,0.7888393914327025,2.0007413760000003e-06,0.97068703,4.96,0.19,0.28,0.19,0.34,,,,,
4984,20414464,2284,115637.54899241615,64784.39790207348,10.09,5538.35,-7.476882092305459e-05,20686.571474552155,0.8635747426887974,1.999135744e-06,0.9851117,4.99,0.19,0.27,0.19,0.35,,,,,
4985,20418560,2287,113095.01244713843,63398.394363229105,10.08,5446.08,-3.3819087548181415e-06,144154.22645187378,0.88093876268249,1.997530112e-06,0.7403598,5.08,0.19,0.27,0.17,0.37,,,,,
4986,20422656,2288,112605.76294510554,63133.578919889536,10.06,5428.0,-1.8441509382682852e-05,27958.637221813202,0.7927720743464306,1.9959244799999997e-06,0.9607702,5.08,0.19,0.27,0.17,0.37,,,,,
4987,20426752,2289,111332.3609526149,62508.142071931994,9.96,5423.49,-1.0147304237762e-05,55555.09794616699,0.8025806987425312,1.9943188479999995e-06,0.9525904,4.98,0.19,0.27,0.18,0.36,,,,,
4988,20430848,2289,111332.3609526149,62508.142071931994,9.96,5423.49,-0.00019732826513063628,12595.41010761261,0.7795516246696934,1.9927132159999992e-06,0.95422864,4.98,0.19,0.27,0.18,0.36,,,,,
4989,20434944,2292,105828.90269651882,59535.768021515396,9.9,5232.16,-2.7771738132287282e-05,32848.609835624695,0.8420924672391266,1.9911075840000007e-06,0.95167595,5.1,0.19,0.27,0.16,0.38,,,,,
4990,20439040,2293,102966.07446056463,57981.16823758691,9.89,5106.62,-1.753216201905161e-05,83915.04891204834,0.8253903875593096,1.9895019520000005e-06,0.95691806,5.22,0.18,0.27,0.16,0.39,,,,,
4991,20443136,2295,103137.768200004,58112.32854784429,9.88,5140.8,-3.0168890589266084e-05,19163.115318775177,0.8428102623438463,1.9878963200000003e-06,0.96013904,5.17,0.19,0.27,0.16,0.38,,,,,
4992,20447232,2297,99401.24458935064,56169.817126139154,9.76,5035.55,-2.416338520561112e-05,40411.94235038757,0.9078880656743422,1.986290688e-06,0.92331547,5.14,0.19,0.27,0.17,0.37,,,,,
4993,20451328,2297,99401.24458935064,56169.817126139154,9.76,5035.55,-4.844936393055832e-05,20432.199963092804,0.8495321901282296,1.984685056e-06,0.96956253,5.14,0.19,0.27,0.17,0.37,,,,,
4994,20455424,2297,99401.24458935064,56169.817126139154,9.76,5035.55,-2.4309138098033145e-05,43750.020272254944,0.7713256841525435,1.9830794239999996e-06,0.98299026,5.14,0.19,0.27,0.17,0.37,,,,,
4995,20459520,2298,100528.05600358301,56774.39486641102,9.78,5086.9,-7.390312566712964e-05,16015.450842142105,0.7989457804942504,1.9814737919999994e-06,0.962363,5.11,0.19,0.28,0.17,0.36,,,,,
4996,20463616,2299,101006.0908299472,57035.48511646338,9.82,5098.52,-3.066919634875376e-05,36879.88727712631,0.844836647156626,1.979868159999999e-06,0.95028746,5.15,0.18,0.28,0.18,0.36,,,,,
4997,20467712,2299,101006.0908299472,57035.48511646338,9.82,5098.52,-2.4838942408678122e-05,34540.790804862976,0.8265656941803172,1.978262527999999e-06,0.97949404,5.15,0.18,0.28,0.18,0.36,,,,,
4998,20471808,2300,101523.6273810138,57350.02285897947,9.8,5134.5,-4.912073018203955e-05,18766.070626735687,0.8841402907855809,1.9766568960000004e-06,0.98284334,5.09,0.18,0.28,0.19,0.35,,,,,
4999,20475904,2301,101533.629464779,57338.20530676622,9.82,5111.88,-3.035987538169138e-05,57827.273575782776,0.9135680701583624,1.975051264e-06,0.96715885,5.14,0.17,0.28,0.19,0.36,,,,,
5000,20480000,2302,99984.33752072086,56497.67240263496,9.79,5037.81,-1.533372687845258e-05,45482.702642440796,0.8201193891000003,1.973445632e-06,0.96652234,5.19,0.16,0.28,0.19,0.37,130440.50243961082,72418.42355730313,10.666666666666666,5810.466666666666,0.5666666666666667
5001,20484096,2302,99984.33752072086,56497.67240263496,9.79,5037.81,-5.305241757014301e-05,16452.82758665085,0.8095234915381297,1.9718399999999997e-06,0.9779226,5.19,0.16,0.28,0.19,0.37,,,,,
5002,20488192,2304,100664.05884298691,56861.93949356713,9.91,5060.61,-5.5424390666303225e-05,15561.319238424301,0.8814966137288138,1.9702343680000012e-06,0.95953155,5.29,0.15,0.28,0.19,0.38,,,,,
5003,20492288,2304,100664.05884298691,56861.93949356713,9.91,5060.61,-3.982176076533506e-05,20290.23500919342,0.8058197209611535,1.968628736000001e-06,0.97553444,5.29,0.15,0.28,0.19,0.38,,,,,
5004,20496384,2306,100331.5371350954,56689.66680601046,9.92,5038.02,-1.1129881386295892e-05,74168.18318843842,0.813381192041561,1.967023103999999e-06,0.9499218,5.32,0.14,0.29,0.19,0.38,,,,,
5005,20500480,2306,100331.5371350954,56689.66680601046,9.92,5038.02,-0.00012427374531398527,15782.533262968063,0.8383189706364647,1.965417471999999e-06,0.97897774,5.32,0.14,0.29,0.19,0.38,,,,,
5006,20504576,2306,100331.5371350954,56689.66680601046,9.92,5038.02,-1.8292796539753908e-05,62913.57329559326,0.7325306094717234,1.9638118400000003e-06,0.97308207,5.32,0.14,0.29,0.19,0.38,,,,,
5007,20508672,2308,100548.86473664308,56780.506822992014,9.96,5045.35,-4.816761838810635e-05,13444.00144982338,0.822823972790502,1.962206208e-06,0.9541171,5.35,0.14,0.29,0.19,0.38,,,,,
5008,20512768,2308,100548.86473664308,56780.506822992014,9.96,5045.35,-1.4939959328330588e-05,42653.67898464203,0.7433437221916392,1.960600576e-06,0.97088933,5.35,0.14,0.29,0.19,0.38,,,,,
5009,20516864,2310,100892.31117353747,56958.32843948286,9.96,5033.31,-1.773630629031686e-05,56531.52078294754,0.8223852659575641,1.9589949439999997e-06,0.98252594,5.36,0.14,0.29,0.19,0.38,,,,,
5010,20520960,2310,100892.31117353747,56958.32843948286,9.96,5033.31,-0.00010148747423954774,5351.221690416336,0.7648460605414584,1.9573893119999994e-06,0.96159714,5.36,0.14,0.29,0.19,0.38,,,,,
5011,20525056,2311,101636.75086040402,57380.755406716395,9.98,5083.7,-6.702029440930346e-05,11375.228384017944,0.826500124996528,1.955783680000001e-06,0.98452127,5.32,0.15,0.29,0.18,0.38,,,,,
5012,20529152,2311,101636.75086040402,57380.755406716395,9.98,5083.7,-1.3705674518860178e-05,37685.9488697052,0.8404981133062392,1.9541780480000007e-06,0.97768444,5.32,0.15,0.29,0.18,0.38,,,,,
5013,20533248,2312,101446.86124970323,57277.750129788175,9.99,5053.53,-2.7057063562097028e-05,59461.01450634003,0.763952721725218,1.9525724160000005e-06,0.9769554,5.36,0.14,0.29,0.19,0.38,,,,,
5014,20537344,2313,101382.1393485857,57267.06317056016,9.94,5071.56,-6.702666541968938e-05,17907.787618160248,0.8876272981287912,1.9509667840000003e-06,0.9427776,5.28,0.15,0.29,0.19,0.37,,,,,
5015,20541440,2314,100306.88126080854,56696.191853500924,9.9,5038.07,-1.706442799331853e-05,57240.594472408295,0.8583912850590423,1.949361152e-06,0.9333444,5.27,0.15,0.3,0.18,0.37,,,,,
5016,20545536,2314,100306.88126080854,56696.191853500924,9.9,5038.07,-9.557199973642128e-06,76691.49452972412,0.804589387960732,1.94775552e-06,0.9783847,5.27,0.15,0.3,0.18,0.37,,,,,
5017,20549632,2316,101567.51653542371,57401.2383181333,9.99,5073.24,-1.7329577531199902e-05,69084.25821113586,0.8445006757974625,1.9461498879999996e-06,0.9764891,5.33,0.15,0.29,0.18,0.38,,,,,
5018,20553728,2316,101567.51653542371,57401.2383181333,9.99,5073.24,-5.3729307182948105e-05,12917.526364803314,0.8844616104615852,1.9445442559999994e-06,0.96851027,5.33,0.15,0.29,0.18,0.38,,,,,
5019,20557824,2316,101567.51653542371,57401.2383181333,9.99,5073.24,-1.599363804416498e-05,41008.093128204346,0.7936319309519604,1.942938624000001e-06,0.9806935,5.33,0.15,0.29,0.18,0.38,,,,,
5020,20561920,2317,103538.50430487005,58478.84294539701,10.06,5160.3,-3.0966482881922275e-05,18673.782730817795,0.794132427778095,1.9413329920000006e-06,0.98314565,5.31,0.15,0.3,0.17,0.38,,,,,
5021,20566016,2317,103538.50430487005,58478.84294539701,10.06,5160.3,-3.237333658034913e-05,23699.704206943512,0.8550820752279833,1.9397273600000004e-06,0.97431993,5.31,0.15,0.3,0.17,0.38,,,,,
5022,20570112,2318,103338.75218269398,58374.83275366327,10.05,5161.08,-2.0012204913655296e-05,70175.51309108734,0.7728435636963695,1.938121728e-06,0.97144026,5.3,0.15,0.3,0.17,0.38,,,,,
5023,20574208,2320,101277.70894263001,57223.26472850036,10.05,5056.65,-3.987757008871995e-05,15820.11232972145,0.8743770053843036,1.936516096e-06,0.8863424,5.42,0.14,0.3,0.17,0.39,,,,,
5024,20578304,2320,101277.70894263001,57223.26472850036,10.05,5056.65,-3.085216121689882e-05,11437.10724568367,0.7675259941024706,1.9349104639999997e-06,0.98550695,5.42,0.14,0.3,0.17,0.39,,,,,
5025,20582400,2323,96535.63857605652,54649.19979405871,10.02,4866.45,-2.4886994651751593e-06,197581.19647979736,0.8579685820732266,1.9333048319999995e-06,0.9155202,5.58,0.14,0.29,0.17,0.4,112389.13300015024,62659.26566518916,10.266666666666667,5373.2,0.5
5026,20586496,2323,96535.63857605652,54649.19979405871,10.02,4866.45,-2.203899475716753e-05,52605.423919677734,0.7732583060860634,1.9316991999999993e-06,0.9850157,5.58,0.14,0.29,0.17,0.4,,,,,
5027,20590592,2324,97929.93729662578,55388.80890316845,10.05,4908.7,-1.0954275239782874e-05,144549.86359977722,0.8070179268252105,1.930093567999999e-06,0.96297336,5.57,0.14,0.29,0.17,0.4,,,,,
5028,20594688,2324,97929.93729662578,55388.80890316845,10.05,4908.7,-0.00011953975536016515,14952.71669793129,0.8029924581060186,1.9284879360000005e-06,0.9614547,5.57,0.14,0.29,0.17,0.4,,,,,
5029,20598784,2324,97929.93729662578,55388.80890316845,10.05,4908.7,-1.748927570588421e-05,41466.41272163391,0.8268878677627072,1.9268823040000003e-06,0.97873527,5.57,0.14,0.29,0.17,0.4,,,,,
5030,20602880,2324,97929.93729662578,55388.80890316845,10.05,4908.7,-3.0135483939375263e-05,97988.87234020233,0.7547017893521115,1.925276672e-06,0.98012793,5.57,0.14,0.29,0.17,0.4,,,,,
5031,20606976,2327,98004.95391144654,55400.10374848652,10.12,4887.47,-3.211810053471709e-05,127632.15282440186,0.8885802263393998,1.92367104e-06,0.96326244,5.66,0.15,0.28,0.15,0.42,,,,,
5032,20611072,2328,99640.63384391685,56287.98646168635,10.23,4943.42,-1.5866643479967024e-05,132800.06093978882,0.82726375607308,1.9220654079999997e-06,0.96619517,5.72,0.15,0.27,0.15,0.43,,,,,
5033,20615168,2329,98654.74470929065,55738.98334402365,10.22,4889.15,-1.452289416192798e-05,37457.195936203,0.8377338069258258,1.9204597759999994e-06,0.9714857,5.77,0.15,0.26,0.15,0.44,,,,,
5034,20619264,2329,98654.74470929065,55738.98334402365,10.22,4889.15,-2.3714326744084246e-05,39307.54860782623,0.7383038972038776,1.918854143999999e-06,0.9840667,5.77,0.15,0.26,0.15,0.44,,,,,
5035,20623360,2331,97563.43956090322,55099.09261936524,10.2,4836.48,-8.314355000038631e-07,372215.6031894684,0.8833180788205937,1.917248511999999e-06,0.600225,5.81,0.15,0.26,0.13,0.46,,,,,
5036,20627456,2332,97845.0732882837,55253.80612979203,10.2,4859.35,-0.0001520888017694233,10518.343962669373,0.8719085371121764,1.9156428800000005e-06,0.938438,5.78,0.16,0.26,0.12,0.46,,,,,
5037,20631552,2332,97845.0732882837,55253.80612979203,10.2,4859.35,-5.542746112041641e-05,17104.897476434708,0.7877553822472692,1.9140372480000002e-06,0.9697171,5.78,0.16,0.26,0.12,0.46,,,,,
5038,20635648,2333,97219.6554304104,54909.49585099481,10.17,4848.14,-0.00012288147627259605,8261.382039546967,0.8449813453480601,1.912431616e-06,0.97640544,5.76,0.17,0.25,0.12,0.46,,,,,
5039,20639744,2333,97219.6554304104,54909.49585099481,10.17,4848.14,-1.3856033547199331e-05,24356.83717918396,0.7690561098279431,1.910825984e-06,0.9761439,5.76,0.17,0.25,0.12,0.46,,,,,
5040,20643840,2335,97119.62044836296,54905.835062627535,10.09,4854.27,-2.5075616122194333e-05,33245.67158174515,0.8294877276057377,1.9092203520000013e-06,0.9494065,5.67,0.17,0.25,0.12,0.46,,,,,
5041,20647936,2335,97119.62044836296,54905.835062627535,10.09,4854.27,-4.937041194352787e-05,26253.89722919464,0.8345569290686399,1.9076147199999994e-06,0.9734246,5.67,0.17,0.25,0.12,0.46,,,,,
5042,20652032,2336,99074.20040997026,55993.329830089046,10.14,4940.31,-1.0255737834086176e-05,75725.7850818634,0.8248729114420712,1.9060090879999991e-06,0.95925546,5.63,0.17,0.26,0.12,0.45,,,,,
5043,20656128,2336,99074.20040997026,55993.329830089046,10.14,4940.31,-1.2243926903465763e-05,35278.55104637146,0.7702429422643036,1.904403455999999e-06,0.97520334,5.63,0.17,0.26,0.12,0.45,,,,,
5044,20660224,2339,99233.07089757314,56109.451614388236,10.01,4959.13,-2.2201134925126098e-05,42831.96035480499,0.8411184466676787,1.9027978239999987e-06,0.96186763,5.47,0.17,0.27,0.13,0.43,,,,,
5045,20664320,2341,96502.51980756933,54601.52590644991,9.95,4827.42,-1.2795699149137363e-06,303688.8069524765,0.9220547470031306,1.9011921920000002e-06,0.32019156,5.56,0.16,0.26,0.13,0.45,,,,,
5046,20668416,2341,96502.51980756933,54601.52590644991,9.95,4827.42,-2.5732340873219073e-05,48985.75376987457,0.8469995746854693,1.89958656e-06,0.9410691,5.56,0.16,0.26,0.13,0.45,,,,,
5047,20672512,2342,97456.59353447724,55125.308389156395,9.96,4876.59,-5.600065560429357e-05,22737.31740784645,0.8245526717510074,1.8979809279999997e-06,0.972628,5.51,0.16,0.27,0.13,0.44,,,,,
5048,20676608,2342,97456.59353447724,55125.308389156395,9.96,4876.59,-0.00033651479498075787,8366.482501983643,0.7955800322815776,1.8963752959999995e-06,0.9788716,5.51,0.16,0.27,0.13,0.44,,,,,
5049,20680704,2342,97456.59353447724,55125.308389156395,9.96,4876.59,-2.2905874175194185e-05,22486.830198287964,0.7485528694232926,1.894769664000001e-06,0.98357636,5.51,0.16,0.27,0.13,0.44,,,,,
5050,20684800,2343,98412.48193732936,55663.02943553594,9.99,4907.19,-7.589317647216376e-06,213861.12282943726,0.7746967654675245,1.8931640320000007e-06,0.9594321,5.51,0.16,0.27,0.13,0.44,110864.65758579811,62180.09417834567,10.2,5296.466666666666,0.4666666666666667
5051,20688896,2343,98412.48193732936,55663.02943553594,9.99,4907.19,-1.0578340152278543e-05,585810.5873336792,0.7527421280974522,1.8915584000000005e-06,0.9255555,5.51,0.16,0.27,0.13,0.44,,,,,
5052,20692992,2344,99348.36971692542,56117.49571161883,10.09,4884.91,-1.312211315962486e-05,379731.8134365082,0.903267728514038,1.8899527680000003e-06,0.8927898,5.64,0.15,0.27,0.13,0.45,,,,,
5053,20697088,2345,100699.31734596926,56873.61891090222,10.1,4945.24,-1.1677014299493749e-05,75956.2352771759,0.8020724753150716,1.888347136e-06,0.9429229,5.59,0.15,0.27,0.14,0.44,,,,,
5054,20701184,2346,100158.15091304552,56561.11887832595,10.13,4899.45,-7.260401434905361e-05,24895.93208026886,0.8740155006526038,1.8867415039999999e-06,0.9637751,5.67,0.14,0.27,0.14,0.45,,,,,
5055,20705280,2346,100158.15091304552,56561.11887832595,10.13,4899.45,-2.7641845917969476e-05,41724.44077205658,0.8458538826089352,1.8851358719999996e-06,0.9830712,5.67,0.14,0.27,0.14,0.45,,,,,
5056,20709376,2347,99627.53997756373,56280.28240805579,10.09,4904.26,-3.3256692404393107e-06,229877.11824035645,0.8029154161922634,1.8835302399999994e-06,0.9510824,5.62,0.14,0.27,0.15,0.44,,,,,
5057,20713472,2348,99662.50133256234,56230.99545744252,10.14,4866.03,-1.7628930436330847e-05,253279.86287212372,0.8326992561342195,1.8819246080000009e-06,0.95407796,5.72,0.14,0.26,0.15,0.45,,,,,
5058,20717568,2348,99662.50133256234,56230.99545744252,10.14,4866.03,-8.555976819479838e-05,19596.05142068863,0.8143243617378175,1.8803189760000007e-06,0.9862923,5.72,0.14,0.26,0.15,0.45,,,,,
5059,20721664,2349,100660.36441829728,56778.95204737526,10.2,4897.06,-4.9689924708218314e-05,27309.44277405739,0.8847183814505115,1.8787133440000004e-06,0.971006,5.75,0.14,0.25,0.16,0.45,,,,,
5060,20725760,2349,100660.36441829728,56778.95204737526,10.2,4897.06,-1.6655848412483465e-05,40972.832057476044,0.766384789836593,1.8771077120000002e-06,0.9802676,5.75,0.14,0.25,0.16,0.45,,,,,
5061,20729856,2350,100775.29315768128,56833.166570296176,10.21,4889.39,-2.5796962290769443e-05,64272.72567653656,0.8036447903141379,1.87550208e-06,0.9737456,5.77,0.14,0.24,0.17,0.45,,,,,
5062,20733952,2351,96082.91667562845,54379.15116165256,10.09,4736.34,-6.049320654710755e-05,18250.020067453384,0.8907335886033252,1.8738964479999998e-06,0.964539,5.79,0.13,0.25,0.17,0.45,,,,,
5063,20738048,2352,95347.21124660887,53996.46792225922,10.01,4737.36,-1.888108999992255e-05,35407.00180864334,0.809154138318263,1.8722908159999996e-06,0.9526081,5.7,0.13,0.26,0.17,0.44,,,,,
5064,20742144,2352,95347.21124660887,53996.46792225922,10.01,4737.36,-7.098658988979878e-05,8632.864028930664,0.8718161245342344,1.8706851839999993e-06,0.9664238,5.7,0.13,0.26,0.17,0.44,,,,,
5065,20746240,2353,94495.87132570126,53532.40865406178,9.98,4709.72,-1.6577967471675947e-05,91861.87404632568,0.7687288010492921,1.8690795519999991e-06,0.9646756,5.69,0.14,0.25,0.17,0.44,,,,,
5066,20750336,2355,94083.77952701825,53255.43611726465,10.0,4672.49,-1.351325317955343e-05,298695.50574684143,0.8535512433154508,1.8674739200000006e-06,0.9388271,5.76,0.14,0.24,0.17,0.45,,,,,
5067,20754432,2356,94359.27377974176,53413.538573878206,10.01,4698.24,-9.993126514018513e-05,11980.076098442078,0.8928888703230768,1.8658682880000004e-06,0.9495058,5.74,0.15,0.23,0.17,0.45,,,,,
5068,20758528,2356,94359.27377974176,53413.538573878206,10.01,4698.24,-5.8241492297383957e-05,21492.82502889633,0.786764764576219,1.8642626560000002e-06,0.98153865,5.74,0.15,0.23,0.17,0.45,,,,,
5069,20762624,2357,94473.66026630434,53484.306371959865,10.02,4696.45,-1.726148184388876e-05,116598.23738718033,0.8025756800780073,1.862657024e-06,0.8053335,5.76,0.14,0.24,0.17,0.45,,,,,
5070,20766720,2357,94473.66026630434,53484.306371959865,10.02,4696.45,-1.728064671624452e-05,31631.267020225525,0.8518545911647379,1.8610513919999997e-06,0.96887505,5.76,0.14,0.24,0.17,0.45,,,,,
5071,20770816,2358,94411.57431525801,53432.00234764881,10.02,4687.68,-2.2482812710222788e-05,51859.33981323242,0.854805511655286,1.8594457599999995e-06,0.9760215,5.78,0.13,0.25,0.17,0.45,,,,,
5072,20774912,2359,95262.55821778251,53918.47631498107,9.98,4724.51,-2.346605106140487e-05,33960.593249320984,0.8134332235204056,1.8578401279999993e-06,0.9770166,5.7,0.13,0.25,0.17,0.45,,,,,
5073,20779008,2359,95262.55821778251,53918.47631498107,9.98,4724.51,-2.954720002890099e-05,13904.465145111084,0.778692434891127,1.856234495999999e-06,0.98722345,5.7,0.13,0.25,0.17,0.45,,,,,
5074,20783104,2363,96441.86941260353,54565.90554361584,10.09,4766.31,-1.4136600839265157e-05,58715.6775226593,0.8961264218669385,1.8546288640000005e-06,0.93390816,5.77,0.13,0.24,0.17,0.46,,,,,
5075,20787200,2365,96831.41115377811,54760.604612880816,10.16,4765.38,-4.393228664412163e-06,114806.76906204224,0.8419787915190682,1.8530232320000003e-06,0.9301377,5.85,0.13,0.23,0.17,0.47,126900.22433891513,70817.59362335624,10.7,5738.033333333334,0.4666666666666667
5076,20791296,2368,96128.41909442452,54385.43089917823,10.29,4713.75,-2.3429062821378466e-05,31974.247274398804,0.9497814833885059,1.8514176e-06,0.89935434,6.04,0.12,0.21,0.18,0.49,,,,,
5077,20795392,2370,95541.96169717284,54020.88169162804,10.23,4678.23,-2.5892062240018276e-05,29472.51499938965,0.9564526051981375,1.8498119679999999e-06,0.9556478,6.02,0.12,0.21,0.18,0.49,,,,,
5078,20799488,2370,95541.96169717284,54020.88169162804,10.23,4678.23,-1.3759728972218e-05,31046.658341407776,0.7872667997144163,1.8482063360000013e-06,0.9805603,6.02,0.12,0.21,0.18,0.49,,,,,
5079,20803584,2370,95541.96169717284,54020.88169162804,10.23,4678.23,-1.413502741343109e-05,156991.25422763824,0.7452390517573804,1.8466007039999994e-06,0.9767683,6.02,0.12,0.21,0.18,0.49,,,,,
5080,20807680,2370,95541.96169717284,54020.88169162804,10.23,4678.23,-2.5680528779048473e-06,689365.0753173828,0.7954457307932898,1.8449950719999992e-06,0.91076607,6.02,0.12,0.21,0.18,0.49,,,,,
5081,20811776,2371,98485.74504569249,55537.44012585754,10.32,4733.64,-2.5827481294982135e-05,294581.66545057297,0.8349904280621558,1.843389439999999e-06,0.8630223,6.07,0.12,0.2,0.18,0.5,,,,,
5082,20815872,2371,98485.74504569249,55537.44012585754,10.32,4733.64,-3.33685479745327e-05,19601.312982082367,0.8486991953104734,1.8417838079999987e-06,0.978612,6.07,0.12,0.2,0.18,0.5,,,,,
5083,20819968,2372,99878.17415942164,56305.53752399972,10.34,4810.15,-1.6619827874819748e-05,59396.470158576965,0.8671192723559216,1.8401781760000002e-06,0.975458,6.01,0.13,0.2,0.18,0.49,,,,,
5084,20824064,2372,99878.17415942164,56305.53752399972,10.34,4810.15,-1.0372832548455335e-05,54112.3020362854,0.7699119751341641,1.838572544e-06,0.94830793,6.01,0.13,0.2,0.18,0.49,,,,,
5085,20828160,2373,99559.7492371013,56127.92924811599,10.33,4801.85,-1.3443902389553841e-05,76485.47199726105,0.8039090033853427,1.8369669119999998e-06,0.95991635,6.01,0.13,0.2,0.18,0.49,,,,,
5086,20832256,2373,99559.7492371013,56127.92924811599,10.33,4801.85,-3.9969336285139434e-05,15070.157217979431,0.8449495392851532,1.8353612799999996e-06,0.9808267,6.01,0.13,0.2,0.18,0.49,,,,,
5087,20836352,2374,98895.95792125404,55786.342030535576,10.31,4776.67,-6.435862906073453e-05,18494.089837551117,0.8211542820790783,1.833755648000001e-06,0.95821637,6.01,0.13,0.2,0.18,0.49,,,,,
5088,20840448,2375,97929.02312411173,55252.59171748613,10.24,4752.09,-8.34217353258282e-05,5871.319628953934,0.8474293333711103,1.8321500160000008e-06,0.9643343,5.96,0.13,0.21,0.18,0.48,,,,,
5089,20844544,2375,97929.02312411173,55252.59171748613,10.24,4752.09,-3.272150206612423e-05,23147.101580142975,0.7564887217013165,1.8305443840000006e-06,0.9814135,5.96,0.13,0.21,0.18,0.48,,,,,
5090,20848640,2376,97760.64865051884,55145.66156080544,10.22,4769.19,-1.1087318853242323e-05,49134.53213787079,0.7571376304840669,1.8289387520000004e-06,0.9759194,5.92,0.14,0.21,0.17,0.48,,,,,
5091,20852736,2377,97849.03866022121,55184.76979300422,10.25,4765.69,-2.033336386375595e-05,40131.70367383957,0.8244952380191535,1.8273331200000001e-06,0.9762033,5.95,0.14,0.21,0.17,0.48,,,,,
5092,20856832,2377,97849.03866022121,55184.76979300422,10.25,4765.69,-4.5150408368499484e-05,32434.120607852936,0.7704851650632918,1.825727488e-06,0.97151613,5.95,0.14,0.21,0.17,0.48,,,,,
5093,20860928,2378,98785.60434435609,55678.77474081892,10.27,4812.15,-4.330145293351961e-05,27900.41480588913,0.7910411222837865,1.8241218559999997e-06,0.9594008,5.92,0.14,0.22,0.16,0.48,,,,,
5094,20865024,2378,98785.60434435609,55678.77474081892,10.27,4812.15,-1.8807166270562448e-05,24383.962337493896,0.7060321354074404,1.8225162239999995e-06,0.97660327,5.92,0.14,0.22,0.16,0.48,,,,,
5095,20869120,2380,98840.28139830334,55693.632910315406,10.22,4823.21,-5.5899896324262954e-05,13572.660175800323,0.8478461540071294,1.820910592000001e-06,0.98197293,5.85,0.14,0.24,0.16,0.46,,,,,
5096,20873216,2380,98840.28139830334,55693.632910315406,10.22,4823.21,-8.40845232232823e-05,10478.825123786926,0.7941209124401212,1.8193049600000007e-06,0.9780122,5.85,0.14,0.24,0.16,0.46,,,,,
5097,20877312,2381,97227.05786208075,54802.77446701947,10.16,4778.73,-6.77685138725792e-05,15591.876282453537,0.8538773715263233,1.8176993280000005e-06,0.9678924,5.83,0.15,0.23,0.16,0.46,,,,,
5098,20881408,2382,96131.06035234692,54183.954008718385,10.11,4747.08,-2.330600364075508e-05,32290.91748857498,0.8753709071315825,1.8160936960000003e-06,0.9491162,5.81,0.16,0.22,0.16,0.46,,,,,
5099,20885504,2383,97292.35173520332,54821.05257102249,10.18,4790.68,-3.126571755274199e-06,136359.46808815002,0.8469679744448513,1.814488064e-06,0.92772925,5.84,0.16,0.22,0.15,0.47,,,,,
5100,20889600,2384,96236.41183972305,54223.74188697148,10.11,4750.61,-1.6653089915052988e-05,28520.439799785614,0.900902712251991,1.8128824319999998e-06,0.9608274,5.81,0.16,0.23,0.15,0.46,116891.92536304296,65184.44044327787,10.3,5366.2,0.43333333333333335
5101,20893696,2385,96710.89251485986,54487.84352335827,10.13,4770.43,-1.2920604604005348e-05,52310.31644868851,0.8905676847789437,1.8112767999999996e-06,0.9454485,5.81,0.16,0.23,0.15,0.46,,,,,
5102,20897792,2385,96710.89251485986,54487.84352335827,10.13,4770.43,-7.377460315183271e-05,9661.531240463257,0.8576583415269852,1.8096711679999994e-06,0.9854292,5.81,0.16,0.23,0.15,0.46,,,,,
5103,20901888,2385,96710.89251485986,54487.84352335827,10.13,4770.43,-1.1975289453403093e-05,50962.06332206726,0.8293437525862828,1.8080655359999992e-06,0.9747223,5.81,0.16,0.23,0.15,0.46,,,,,
5104,20905984,2387,98589.40268889042,55566.3670135198,10.14,4855.79,-2.1744275727542117e-05,62383.718762397766,0.874702415894717,1.8064599040000006e-06,0.96459174,5.72,0.16,0.24,0.15,0.45,,,,,
5105,20910080,2388,98624.79635176575,55586.439255418285,10.11,4870.07,-4.5718375986325555e-05,16977.373941898346,0.8617416442139074,1.8048542720000004e-06,0.87722427,5.67,0.17,0.24,0.15,0.44,,,,,
5106,20914176,2388,98624.79635176575,55586.439255418285,10.11,4870.07,-5.354808217816753e-05,13474.271267652512,0.7673710425151512,1.8032486400000002e-06,0.98088175,5.67,0.17,0.24,0.15,0.44,,,,,
5107,20918272,2388,98624.79635176575,55586.439255418285,10.11,4870.07,-3.601550997700542e-05,28509.851848125458,0.7879338348284364,1.801643008e-06,0.9856461,5.67,0.17,0.24,0.15,0.44,,,,,
5108,20922368,2389,100438.10344002418,56539.17456294899,10.15,4947.3,-1.7033962649293244e-05,98532.59020233154,0.781374201294966,1.8000373759999998e-06,0.9721753,5.63,0.18,0.24,0.14,0.44,,,,,
5109,20926464,2390,99949.9703291847,56262.201722055615,10.13,4914.9,-3.342383206472732e-05,17247.73548412323,0.8918321947567165,1.7984317439999995e-06,0.97555256,5.65,0.17,0.25,0.14,0.44,,,,,
5110,20930560,2390,99949.9703291847,56262.201722055615,10.13,4914.9,-2.9039358196314424e-05,50175.11239910126,0.7853278929833323,1.7968261119999993e-06,0.9796621,5.65,0.17,0.25,0.14,0.44,,,,,
5111,20934656,2391,101618.36933765633,57175.91273823448,10.15,4979.23,-3.461345022515161e-05,70869.4863743782,0.8343192482134327,1.795220479999999e-06,0.94932216,5.6,0.17,0.25,0.15,0.43,,,,,
5112,20938752,2391,101618.36933765633,57175.91273823448,10.15,4979.23,-2.8457761800382286e-05,38156.827140808105,0.8326832172460854,1.7936148480000006e-06,0.95635617,5.6,0.17,0.25,0.15,0.43,,,,,
5113,20942848,2392,103050.66005929999,57993.598929741325,10.14,5057.71,-1.3370003216550685e-05,34255.88876771927,0.8707215816248208,1.7920092160000003e-06,0.9772873,5.51,0.17,0.26,0.15,0.42,,,,,
5114,20946944,2393,103304.90929698793,58113.67150425676,10.11,5070.44,-4.55307999800425e-05,23036.3598883152,0.898321382352151,1.7904035840000001e-06,0.9149135,5.47,0.17,0.26,0.15,0.42,,,,,
5115,20951040,2394,103428.39508920544,58183.25729402601,10.12,5068.3,-2.261116424051579e-05,34651.65927696228,0.7887538730865344,1.788797952e-06,0.97355425,5.48,0.16,0.27,0.15,0.42,,,,,
5116,20955136,2395,104616.06447925426,58842.3173256605,10.13,5108.55,-8.738426913623698e-06,91680.02453231812,0.759669472463429,1.7871923199999997e-06,0.9655611,5.45,0.16,0.27,0.15,0.42,,,,,
5117,20959232,2396,105259.07178648304,59189.20985679091,10.18,5122.78,-2.168124046875164e-05,43424.32458400726,0.8109796452336013,1.7855866879999995e-06,0.97665304,5.49,0.16,0.27,0.14,0.43,,,,,
5118,20963328,2397,105834.306208643,59518.373197691646,10.12,5168.3,-9.706733180792071e-06,59119.751433849335,0.835224368260242,1.7839810559999992e-06,0.78695875,5.38,0.17,0.27,0.14,0.42,,,,,
5119,20967424,2398,103949.93399157719,58477.61994693092,10.03,5089.25,-1.6423018678324297e-05,36313.75419425964,0.8329923368291929,1.782375423999999e-06,0.9612152,5.36,0.18,0.26,0.14,0.42,,,,,
5120,20971520,2399,103820.13316308886,58416.25421947554,10.05,5074.82,-5.20716785104014e-05,16111.1522295475,0.8456771444762126,1.7807697919999988e-06,0.9816868,5.39,0.18,0.26,0.13,0.43,,,,,
5121,20975616,2400,102854.39630250832,57900.535444560905,10.0,5050.74,-5.337785933079431e-05,15246.55453300476,0.8519878105726093,1.7791641600000003e-06,0.93003607,5.36,0.19,0.26,0.12,0.43,,,,,
5122,20979712,2401,101758.0652700634,57300.06148263166,9.93,5024.05,-0.00016550258987990674,7715.0430562496185,0.8216192779364064,1.777558528e-06,0.94944835,5.31,0.2,0.26,0.12,0.42,,,,,
5123,20983808,2401,101758.0652700634,57300.06148263166,9.93,5024.05,-2.069446327368496e-05,34942.527248859406,0.8743429133901373,1.7759528959999998e-06,0.9316891,5.31,0.2,0.26,0.12,0.42,,,,,
5124,20987904,2403,101477.83033668569,57162.12071735719,9.92,5022.15,-4.9042868567994446e-05,20126.68924999237,0.826384496409446,1.7743472639999996e-06,0.97850484,5.3,0.21,0.25,0.12,0.42,,,,,
5125,20992000,2404,101510.96257216344,57202.33240372388,9.92,5027.56,-1.8338724203204038e-05,40612.29602718353,0.8733041817322373,1.772741632000001e-06,0.85446244,5.3,0.21,0.25,0.12,0.42,105880.78714876495,59474.81785893663,10.166666666666666,5217.8,0.36666666666666664
5126,20996096,2405,101452.31263415594,57171.49166044851,9.92,5022.46,-3.238548924855422e-05,26875.21701860428,0.8145140234846622,1.7711360000000009e-06,0.9653767,5.31,0.21,0.25,0.12,0.42,,,,,
5127,21000192,2405,101452.31263415594,57171.49166044851,9.92,5022.46,-0.00011261396502959542,12073.792005300522,0.8995428824564442,1.7695303680000006e-06,0.97925115,5.31,0.21,0.25,0.12,0.42,,,,,
5128,21004288,2406,101652.46013120939,57285.80555604231,9.87,5058.43,-4.269400960765779e-05,14907.480957984924,0.8567647892050445,1.7679247360000004e-06,0.90942895,5.22,0.22,0.25,0.12,0.41,,,,,
5129,21008384,2406,101652.46013120939,57285.80555604231,9.87,5058.43,-1.6869591490831226e-05,28241.560470581055,0.7244455524487421,1.7663191040000002e-06,0.96791905,5.22,0.22,0.25,0.12,0.41,,,,,
5130,21012480,2407,101112.94255320789,57003.44374665332,9.85,5050.23,-4.5962431613588706e-05,10638.378701925278,0.8637273077620193,1.764713472e-06,0.9792572,5.21,0.23,0.24,0.12,0.41,,,,,
5131,21016576,2408,101855.8293814518,57427.4013076358,9.81,5100.66,-6.821049646532629e-05,11255.725733041763,0.8351193766575307,1.7631078399999998e-06,0.9751154,5.11,0.24,0.24,0.12,0.4,,,,,
5132,21020672,2408,101855.8293814518,57427.4013076358,9.81,5100.66,-4.30715754191624e-05,9341.709082841873,0.7967273097019643,1.7615022079999995e-06,0.9777294,5.11,0.24,0.24,0.12,0.4,,,,,
5133,21024768,2409,100317.14255939078,56593.27227244502,9.75,5055.62,-6.720182864228263e-05,35229.25541162491,0.8249188913032413,1.7598965759999993e-06,0.9678992,5.09,0.25,0.23,0.12,0.4,,,,,
5134,21028864,2410,101555.26874233012,57281.63543184946,9.82,5104.43,-1.194013748317957e-06,163161.4448375702,0.8729203400434926,1.7582909440000008e-06,0.90791184,5.11,0.25,0.22,0.13,0.4,,,,,
5135,21032960,2412,99539.44725603069,56145.359946134275,9.83,5003.65,-1.0600650057313032e-05,58975.868047237396,0.8461970506468788,1.7566853120000006e-06,0.9320127,5.24,0.24,0.22,0.12,0.42,,,,,
5136,21037056,2412,99539.44725603069,56145.359946134275,9.83,5003.65,-7.631714652234223e-05,8104.182737112045,0.7923936821753159,1.7550796800000003e-06,0.9822719,5.24,0.24,0.22,0.12,0.42,,,,,
5137,21041152,2412,99539.44725603069,56145.359946134275,9.83,5003.65,-3.0812591830908787e-05,50845.52375602722,0.7467838269658387,1.7534740480000001e-06,0.97812134,5.24,0.24,0.22,0.12,0.42,,,,,
5138,21045248,2413,101550.9912604844,57215.94661671626,9.9,5078.17,-1.2276384950382635e-05,62396.53113222122,0.8076688625151291,1.751868416e-06,0.96856123,5.24,0.24,0.22,0.12,0.42,,,,,
5139,21049344,2413,101550.9912604844,57215.94661671626,9.9,5078.17,-6.240451148187276e-05,10679.877626657486,0.828117847442627,1.7502627839999997e-06,0.9797801,5.24,0.24,0.22,0.12,0.42,,,,,
5140,21053440,2413,101550.9912604844,57215.94661671626,9.9,5078.17,-1.265864193555899e-05,47849.066727638245,0.7898084641201422,1.7486571519999995e-06,0.97891474,5.24,0.24,0.22,0.12,0.42,,,,,
5141,21057536,2414,102895.7867774103,57931.86223634455,9.94,5135.13,-4.8207681174972095e-05,30309.32741165161,0.897401062073186,1.7470515199999992e-06,0.9807663,5.22,0.25,0.21,0.12,0.42,,,,,
5142,21061632,2414,102895.7867774103,57931.86223634455,9.94,5135.13,-1.044805503624957e-05,42204.34651660919,0.8648188582155854,1.7454458880000007e-06,0.9820775,5.22,0.25,0.21,0.12,0.42,,,,,
5143,21065728,2415,104335.80268724974,58689.46229564426,9.95,5196.29,-8.455526767647825e-06,116220.22349262238,0.8448489110451192,1.7438402560000005e-06,0.9680884,5.17,0.25,0.21,0.13,0.41,,,,,
5144,21069824,2418,99266.34541599959,55907.97078843602,9.83,4973.22,-5.795053039037157e-05,26971.058937072754,0.9353389806346968,1.7422346240000003e-06,0.9272897,5.27,0.25,0.19,0.13,0.43,,,,,
5145,21073920,2418,99266.34541599959,55907.97078843602,9.83,4973.22,-1.7005861081997864e-05,26285.33759355545,0.8424372847657651,1.740628992e-06,0.9791439,5.27,0.25,0.19,0.13,0.43,,,,,
5146,21078016,2420,101176.24840438238,56934.22884021509,9.84,5054.84,-2.871649485314265e-06,244251.17909812927,0.9172595985000953,1.7390233599999998e-06,0.9023085,5.19,0.25,0.2,0.12,0.43,,,,,
5147,21082112,2421,100950.07957056459,56799.41482106893,9.86,5023.7,-4.612267548509408e-05,34204.00239944458,0.8075961471768096,1.7374177279999996e-06,0.9775668,5.25,0.24,0.2,0.12,0.44,,,,,
5148,21086208,2422,101484.70961639399,57114.66218111467,9.78,5066.3,-4.412492853589356e-05,11220.757503986359,0.8588757058605552,1.7358120959999994e-06,0.94252646,5.12,0.25,0.2,0.12,0.43,,,,,
5149,21090304,2422,101484.70961639399,57114.66218111467,9.78,5066.3,-3.76076659449609e-05,24842.12447452545,0.7869076628703624,1.7342064639999992e-06,0.9803191,5.12,0.25,0.2,0.12,0.43,,,,,
5150,21094400,2424,99716.89431163497,56178.328810082814,9.65,5021.01,-5.96650625084294e-06,68657.80176734924,0.7866991588380188,1.732600831999999e-06,0.96639264,5.03,0.25,0.2,0.13,0.42,122149.16205952862,68283.73403343481,10.733333333333333,5794.033333333334,0.5
5151,21098496,2425,98762.76241074022,55605.507623417936,9.66,4950.17,-9.422477887710556e-06,228385.02498149872,0.7553529721917585,1.7309952000000004e-06,0.9699638,5.12,0.24,0.2,0.13,0.43,,,,,
5152,21102592,2426,99356.08961720677,55924.7530330177,9.71,4973.25,-7.847582310205325e-06,73339.26320838928,0.8412606697529554,1.7293895680000002e-06,0.9618104,5.15,0.24,0.2,0.13,0.43,,,,,
5153,21106688,2427,99590.34736264462,56063.31562411699,9.67,4987.25,-1.9256593986938242e-05,37776.344356536865,0.9018733937991783,1.727783936e-06,0.8456034,5.1,0.24,0.2,0.13,0.43,,,,,
5154,21110784,2428,99142.13476599837,55842.02658689803,9.62,4996.31,-1.4416345948120579e-05,29074.589297771454,0.7812349230516702,1.7261783039999997e-06,0.9721538,5.03,0.24,0.21,0.13,0.42,,,,,
5155,21114880,2428,99142.13476599837,55842.02658689803,9.62,4996.31,-3.947349932786892e-05,12263.020134925842,0.8325847230153158,1.7245726719999995e-06,0.9702974,5.03,0.24,0.21,0.13,0.42,,,,,
5156,21118976,2430,98294.9617777866,55389.642464551805,9.6,4986.62,-4.42668952018721e-05,20696.84548139572,0.8301746079232544,1.7229670399999993e-06,0.97178495,5.01,0.25,0.21,0.13,0.41,,,,,
5157,21123072,2430,98294.9617777866,55389.642464551805,9.6,4986.62,-1.818970213207649e-05,32850.743743896484,0.8052833199035376,1.721361407999999e-06,0.9736401,5.01,0.25,0.21,0.13,0.41,,,,,
5158,21127168,2431,99145.5275317817,55867.881288479555,9.62,5024.34,-7.93213066572207e-05,8828.359052181244,0.7838020445778966,1.7197557759999989e-06,0.9841584,4.99,0.25,0.21,0.14,0.4,,,,,
5159,21131264,2431,99145.5275317817,55867.881288479555,9.62,5024.34,-4.8097890612552874e-05,12932.094330787659,0.8323914941865951,1.7181501440000003e-06,0.98666996,4.99,0.25,0.21,0.14,0.4,,,,,
5160,21135360,2432,100528.05132645665,56636.622529764,9.68,5084.48,-1.3808765288558789e-05,37486.52746963501,0.8558062750380486,1.716544512e-06,0.97624254,4.99,0.25,0.21,0.14,0.4,,,,,
5161,21139456,2434,98756.68020601603,55644.67090886817,9.64,4984.06,-2.1089467736601364e-05,39694.41030597687,0.8658261923119426,1.7149388799999999e-06,0.89139485,5.06,0.24,0.21,0.14,0.41,,,,,
5162,21143552,2435,99361.96703582477,55961.94295205651,9.7,5002.08,-8.521645668224664e-06,172641.62403297424,0.8569950492819771,1.7133332479999997e-06,0.92391557,5.11,0.24,0.21,0.14,0.41,,,,,
5163,21147648,2435,99361.96703582477,55961.94295205651,9.7,5002.08,-2.4528877474949695e-05,38143.32690858841,0.8260167123517022,1.7117276160000011e-06,0.9701502,5.11,0.24,0.21,0.14,0.41,,,,,
5164,21151744,2437,97071.06512850476,54705.0629390541,9.59,4912.9,-4.391386391944252e-05,9797.01078081131,0.8824509234400466,1.710121984000001e-06,0.91305685,5.09,0.24,0.22,0.13,0.41,,,,,
5165,21155840,2437,97071.06512850476,54705.0629390541,9.59,4912.9,-7.871328671171796e-05,21545.889199733734,0.8239679204998538,1.7085163520000007e-06,0.9788735,5.09,0.24,0.22,0.13,0.41,,,,,
5166,21159936,2438,98995.71354705862,55759.96106837406,9.67,5010.49,-2.1094001567689702e-07,587378.9706802368,0.7345335312420502,1.7069107200000005e-06,0.79665166,5.07,0.25,0.21,0.13,0.41,,,,,
5167,21164032,2438,98995.71354705862,55759.96106837406,9.67,5010.49,-1.2339958630036563e-05,40389.41993999481,0.8545440362067893,1.7053050880000002e-06,0.97439986,5.07,0.25,0.21,0.13,0.41,,,,,
5168,21168128,2439,100929.77506907396,56824.27815608491,9.68,5089.58,-3.2434732020192314e-06,108127.35964488983,0.8448800682090223,1.703699456e-06,0.941123,5.01,0.25,0.21,0.13,0.41,,,,,
5169,21172224,2440,101057.14661666224,56874.040937893486,9.7,5090.77,-8.814379725663457e-06,48499.29567718506,0.8776430353755131,1.7020938239999998e-06,0.90194213,5.03,0.25,0.21,0.13,0.41,,,,,
5170,21176320,2440,101057.14661666224,56874.040937893486,9.7,5090.77,-0.00011445862037362531,7753.0051300525665,0.8507277078460902,1.7004881919999996e-06,0.98091525,5.03,0.25,0.21,0.13,0.41,,,,,
5171,21180416,2440,101057.14661666224,56874.040937893486,9.7,5090.77,-9.675361070549116e-06,50486.09547615051,0.7787712796125561,1.6988825599999994e-06,0.97886354,5.03,0.25,0.21,0.13,0.41,,,,,
5172,21184512,2441,103891.60602119312,58420.79348861147,9.78,5215.24,-6.753924026270397e-06,180588.75517463684,0.8184134237235412,1.6972769280000008e-06,0.9524018,4.98,0.26,0.21,0.13,0.4,,,,,
5173,21188608,2442,103365.55020748795,58119.98807416415,9.79,5178.83,-1.9308135961182415e-06,126505.180393219,0.8039049323415384,1.6956712960000006e-06,0.9231175,5.04,0.26,0.2,0.13,0.41,,,,,
5174,21192704,2443,101131.68312083895,56895.99660221889,9.72,5089.09,-8.859055014909245e-06,60497.662776470184,0.8520488808862865,1.6940656640000004e-06,0.9021192,5.06,0.25,0.21,0.13,0.41,,,,,
5175,21196800,2444,99291.85196510558,55943.1424606938,9.58,5065.04,-7.894552982179448e-05,10868.248083114624,0.8090227744542062,1.6924600320000002e-06,0.94667774,4.93,0.26,0.21,0.13,0.4,116428.06731713277,65131.64248921271,10.366666666666667,5428.933333333333,0.36666666666666664
5176,21200896,2444,99291.85196510558,55943.1424606938,9.58,5065.04,-6.178830153658055e-05,12951.35454916954,0.824634215561673,1.6908544e-06,0.97235364,4.93,0.26,0.21,0.13,0.4,,,,,
5177,21204992,2446,99070.57711281968,55833.99146836721,9.51,5070.24,-2.0851995941484347e-05,56195.15130233765,0.9190418225480244,1.6892487679999997e-06,0.9582585,4.85,0.26,0.22,0.13,0.39,,,,,
5178,21209088,2446,99070.57711281968,55833.99146836721,9.51,5070.24,-2.192689680668991e-05,24200.91292667389,0.8431117781437933,1.6876431359999995e-06,0.986622,4.85,0.26,0.22,0.13,0.39,,,,,
5179,21213184,2447,98674.33624885866,55612.462912239396,9.52,5042.62,-4.441285818757024e-05,50979.03874206543,0.8327382360585034,1.6860375039999993e-06,0.965595,4.89,0.26,0.22,0.12,0.4,,,,,
5180,21217280,2447,98674.33624885866,55612.462912239396,9.52,5042.62,-2.3469060579373036e-05,26059.640731811523,0.8668726978357881,1.6844318720000008e-06,0.980409,4.89,0.26,0.22,0.12,0.4,,,,,
5181,21221376,2448,98242.79855367966,55457.74971070846,9.46,5066.64,-1.4503295460599475e-05,42187.456208229065,0.8073879856383428,1.6828262400000005e-06,0.9456703,4.8,0.26,0.23,0.12,0.39,,,,,
5182,21225472,2448,98242.79855367966,55457.74971070846,9.46,5066.64,-2.054164815490367e-05,18405.21995639801,0.7887809227686375,1.6812206080000003e-06,0.9876911,4.8,0.26,0.23,0.12,0.39,,,,,
5183,21229568,2450,97003.16047082165,54738.27122399118,9.47,5015.96,-1.1959929906879552e-05,154731.76653671265,0.843213545740582,1.679614976e-06,0.9548591,4.87,0.26,0.24,0.1,0.4,,,,,
5184,21233664,2450,97003.16047082165,54738.27122399118,9.47,5015.96,-8.112808245641645e-05,10528.735379934311,0.857920692069456,1.6780093439999999e-06,0.97953767,4.87,0.26,0.24,0.1,0.4,,,,,
5185,21237760,2451,97822.79136287335,55194.80720900602,9.5,5053.79,-2.068065441562794e-05,29545.726662158966,0.7473737627733499,1.6764037119999997e-06,0.9770222,4.86,0.26,0.24,0.1,0.4,,,,,
5186,21241856,2451,97822.79136287335,55194.80720900602,9.5,5053.79,-0.00018656699285202194,8386.557186365128,0.7992852951865643,1.6747980799999994e-06,0.972123,4.86,0.26,0.24,0.1,0.4,,,,,
5187,21245952,2452,97940.68002678367,55267.95569272721,9.5,5066.0,-2.917320080086938e-05,24495.473758220673,0.8608764422824606,1.6731924479999992e-06,0.94942564,4.84,0.27,0.23,0.1,0.4,,,,,
5188,21250048,2452,97940.68002678367,55267.95569272721,9.5,5066.0,-3.190585630363785e-05,14804.89264535904,0.7542203959310427,1.671586815999999e-06,0.9797868,4.84,0.27,0.23,0.1,0.4,,,,,
5189,21254144,2453,97953.01349330213,55267.805121308986,9.5,5066.46,-4.1629521547292825e-05,16966.213653564453,0.902185664861463,1.6699811840000005e-06,0.97200155,4.84,0.27,0.23,0.1,0.4,,,,,
5190,21258240,2453,97953.01349330213,55267.805121308986,9.5,5066.46,-1.70041348610539e-05,30088.858817577362,0.8142534100916237,1.6683755520000002e-06,0.975775,4.84,0.27,0.23,0.1,0.4,,,,,
5191,21262336,2454,98914.05006214604,55828.06263348773,9.46,5126.65,-1.2687460184679367e-05,72963.34704875946,0.8279410732211545,1.66676992e-06,0.97827345,4.73,0.27,0.24,0.1,0.39,,,,,
5192,21266432,2454,98914.05006214604,55828.06263348773,9.46,5126.65,-3.409493092476623e-05,24638.31435251236,0.8376355135114864,1.6651642879999998e-06,0.95195085,4.73,0.27,0.24,0.1,0.39,,,,,
5193,21270528,2455,99615.7766527275,56229.01413299911,9.47,5171.47,-6.880878027004655e-05,7861.352774620056,0.814488357398659,1.6635586559999996e-06,0.94661117,4.69,0.27,0.25,0.1,0.38,,,,,
5194,21274624,2456,100098.15385102356,56499.15989388428,9.5,5196.38,-3.7649184378096834e-05,19020.01944041252,0.8135829233797267,1.6619530239999994e-06,0.9570827,4.69,0.27,0.25,0.1,0.38,,,,,
5195,21278720,2457,99295.71630845232,56052.34647421836,9.46,5168.17,-9.449413482798263e-05,9980.50340294838,0.9173260101815686,1.6603473919999991e-06,0.9739097,4.67,0.28,0.24,0.1,0.38,,,,,
5196,21282816,2458,98208.63126942092,55463.99717735334,9.44,5116.64,-8.229252216551686e-06,52749.51096534729,0.8178113139001653,1.658741759999999e-06,0.9587526,4.7,0.28,0.23,0.1,0.39,,,,,
5197,21286912,2459,97480.86309903873,55057.88778238943,9.4,5088.51,-3.376102540642023e-05,9952.668178319931,0.8737829198362306,1.6571361280000004e-06,0.9768262,4.69,0.28,0.23,0.11,0.38,,,,,
5198,21291008,2461,97182.26237201066,54901.80420301977,9.42,5085.63,-1.2651666111196391e-05,39550.427973270416,0.890097402385436,1.6555304960000002e-06,0.95454556,4.71,0.28,0.24,0.1,0.38,,,,,
5199,21295104,2461,97182.26237201066,54901.80420301977,9.42,5085.63,-4.086866101715714e-05,15361.505789756775,0.8271618032595143,1.653924864e-06,0.97675914,4.71,0.28,0.24,0.1,0.38,,,,,
5200,21299200,2463,98587.31975521074,55696.05951651754,9.37,5164.16,-8.256034561782144e-06,43668.799370765686,0.8796179582132027,1.6523192319999997e-06,0.9693511,4.57,0.29,0.24,0.1,0.37,118544.49949495858,66811.20440605626,10.7,5755.7,0.7
5201,21303296,2463,98587.31975521074,55696.05951651754,9.37,5164.16,-8.828912177705206e-05,5301.795649528503,0.8330099037848413,1.6507136000000012e-06,0.98175377,4.57,0.29,0.24,0.1,0.37,,,,,
5202,21307392,2464,98597.38504486239,55710.533234508235,9.31,5189.96,-2.4955469598353375e-05,36198.97605895996,0.8418468661839142,1.649107968000001e-06,0.9672026,4.48,0.3,0.24,0.1,0.36,,,,,
5203,21311488,2465,99971.64892861753,56474.27000111931,9.35,5237.57,-4.154588168603368e-06,118070.50229263306,0.8513306813547388,1.6475023360000007e-06,0.95077693,4.47,0.3,0.24,0.1,0.36,,,,,
5204,21315584,2466,100465.13181566878,56695.39244203939,9.39,5250.75,-1.1279973023192724e-05,101427.54940795898,0.8535335514461622,1.6458967039999988e-06,0.94960105,4.5,0.3,0.24,0.1,0.36,,,,,
5205,21319680,2467,101068.33563663087,57049.18767913984,9.4,5297.08,-3.7554676964646205e-05,12786.898441791534,0.8231068048626184,1.6442910719999986e-06,0.95833194,4.46,0.31,0.24,0.09,0.36,,,,,
5206,21323776,2467,101068.33563663087,57049.18767913984,9.4,5297.08,-4.4900238208356313e-05,16080.757269382477,0.8818154828622937,1.64268544e-06,0.9675856,4.46,0.31,0.24,0.09,0.36,,,,,
5207,21327872,2467,101068.33563663087,57049.18767913984,9.4,5297.08,-2.3518344278272707e-05,31012.691164016724,0.7698279455071315,1.6410798079999999e-06,0.98001254,4.46,0.31,0.24,0.09,0.36,,,,,
5208,21331968,2467,101068.33563663087,57049.18767913984,9.4,5297.08,-7.974312211445067e-06,172941.84485435486,0.6961295334622264,1.6394741759999996e-06,0.9730448,4.46,0.31,0.24,0.09,0.36,,,,,
5209,21336064,2468,104266.64389450243,58774.94976558638,9.46,5425.61,-1.5547026123385876e-05,22723.824415683746,0.8517307919682935,1.6378685439999994e-06,0.94776607,4.39,0.31,0.25,0.09,0.35,,,,,
5210,21340160,2469,105058.9326473039,59229.71322889739,9.52,5457.4,-2.2754757992515806e-05,16450.911645650864,0.8537130863405764,1.6362629120000009e-06,0.9800888,4.42,0.3,0.25,0.1,0.35,,,,,
5211,21344256,2469,105058.9326473039,59229.71322889739,9.52,5457.4,-7.35038429411361e-05,15864.24137210846,0.8428603457286954,1.6346572800000007e-06,0.9825335,4.42,0.3,0.25,0.1,0.35,,,,,
5212,21348352,2470,106022.42052580215,59767.387953069636,9.53,5511.84,-3.344647120684385e-05,12534.668234348297,0.8651633935514838,1.6330516480000004e-06,0.97204775,4.37,0.3,0.26,0.1,0.34,,,,,
5213,21352448,2470,106022.42052580215,59767.387953069636,9.53,5511.84,-2.2679174435324967e-05,24660.07943534851,0.8009928078390658,1.6314460160000002e-06,0.97802776,4.37,0.3,0.26,0.1,0.34,,,,,
5214,21356544,2471,103661.55266942823,58555.95958956853,9.46,5471.27,-2.5502158678136766e-06,176940.64804077148,0.7828471580287442,1.629840384e-06,0.9053254,4.33,0.3,0.27,0.1,0.33,,,,,
5215,21360640,2471,103661.55266942823,58555.95958956853,9.46,5471.27,-4.900862404610962e-05,8875.972972154617,0.8488201785366982,1.6282347519999998e-06,0.96437293,4.33,0.3,0.27,0.1,0.33,,,,,
5216,21364736,2472,103043.13887569652,58223.93849793974,9.44,5449.81,-1.1081621778430417e-05,45800.83847618103,0.8463479715865105,1.6266291199999996e-06,0.96959895,4.33,0.3,0.27,0.1,0.33,,,,,
5217,21368832,2472,103043.13887569652,58223.93849793974,9.44,5449.81,-4.0008452742767986e-05,12884.715530872345,0.8649752484634519,1.6250234879999993e-06,0.97609514,4.33,0.3,0.27,0.1,0.33,,,,,
5218,21372928,2472,103043.13887569652,58223.93849793974,9.44,5449.81,-1.1284435458946973e-05,41547.95251369476,0.8100522774038836,1.6234178560000008e-06,0.97911245,4.33,0.3,0.27,0.1,0.33,,,,,
5219,21377024,2472,103043.13887569652,58223.93849793974,9.44,5449.81,-1.098165648727445e-05,177971.80855083466,0.7611323943128809,1.6218122240000006e-06,0.9678739,4.33,0.3,0.27,0.1,0.33,,,,,
5220,21381120,2473,105248.79300374837,59396.663897140854,9.49,5518.74,-2.4713539460208267e-05,295261.60856485367,0.834163993014954,1.6202065920000004e-06,0.94956005,4.31,0.3,0.28,0.09,0.33,,,,,
5221,21385216,2473,105248.79300374837,59396.663897140854,9.49,5518.74,-6.247248529689386e-05,15320.450380802155,0.8888008106732741,1.6186009600000001e-06,0.9662661,4.31,0.3,0.28,0.09,0.33,,,,,
5222,21389312,2474,105712.88014533985,59649.499224057094,9.5,5546.73,-1.282247558265226e-05,51358.097105026245,0.8664243613602594,1.616995328e-06,0.96901274,4.29,0.31,0.27,0.09,0.33,,,,,
5223,21393408,2474,105712.88014533985,59649.499224057094,9.5,5546.73,-7.759941581753083e-06,37572.703567028046,0.8157263587927446,1.6153896959999997e-06,0.9685385,4.29,0.31,0.27,0.09,0.33,,,,,
5224,21397504,2475,106595.10257427348,60128.44202465395,9.55,5576.88,-3.1225352358887903e-05,21720.443507432938,0.9244020539335907,1.6137840639999995e-06,0.97928065,4.31,0.31,0.26,0.1,0.33,,,,,
5225,21401600,2475,106595.10257427348,60128.44202465395,9.55,5576.88,-5.870399945706595e-06,40076.409006118774,0.8304906020639464,1.6121784319999993e-06,0.9777488,4.31,0.31,0.26,0.1,0.33,106931.72484131323,60250.42981441671,10.166666666666666,5153.066666666667,0.36666666666666664
5226,21405696,2477,106369.7705875749,60003.03803702317,9.55,5550.19,-7.181190994742792e-06,126429.35746192932,0.8058569595450535,1.610572799999999e-06,0.97341657,4.34,0.3,0.26,0.11,0.33,,,,,
5227,21409792,2477,106369.7705875749,60003.03803702317,9.55,5550.19,-3.023425961146131e-05,19044.080897331238,0.9361171730561182,1.6089671680000005e-06,0.96684515,4.34,0.3,0.26,0.11,0.33,,,,,
5228,21413888,2478,106637.88432159327,60162.59678600342,9.57,5549.25,-3.3999285733443685e-06,65994.64070892334,0.8186733250040561,1.6073615360000003e-06,0.97221977,4.36,0.3,0.25,0.12,0.33,,,,,
5229,21417984,2478,106637.88432159327,60162.59678600342,9.57,5549.25,-0.0001304965280723991,7140.1874985694885,0.8030871372902766,1.605755904e-06,0.9715285,4.36,0.3,0.25,0.12,0.33,,,,,
5230,21422080,2479,106172.72523035748,59917.127756637776,9.55,5537.03,-8.990902642835863e-06,43491.11258172989,0.79183884721715,1.6041502719999998e-06,0.96802723,4.35,0.31,0.24,0.12,0.33,,,,,
5231,21426176,2480,107439.00348967999,60608.09728556143,9.65,5579.83,-1.530501413071761e-05,65452.89369010925,0.8503926352132112,1.6025446399999996e-06,0.97082716,4.41,0.31,0.23,0.12,0.34,,,,,
5232,21430272,2480,107439.00348967999,60608.09728556143,9.65,5579.83,-3.823145107162418e-05,25776.00378227234,0.8789555528201163,1.6009390079999994e-06,0.9641443,4.41,0.31,0.23,0.12,0.34,,,,,
5233,21434368,2483,105645.39876024092,59620.111781309235,9.59,5478.93,-7.274149538716301e-06,55769.24154472351,0.9340904342243448,1.5993333759999992e-06,0.9534841,4.45,0.29,0.24,0.13,0.34,,,,,
5234,21438464,2483,105645.39876024092,59620.111781309235,9.59,5478.93,-1.9175731722498313e-06,159599.57886505127,0.823847254505381,1.597727743999999e-06,0.9401974,4.45,0.29,0.24,0.13,0.34,,,,,
5235,21442560,2484,107006.12832631511,60354.72937628595,9.68,5521.95,-7.113474384823348e-05,12282.90867447853,0.8802646573167294,1.5961221120000004e-06,0.95330906,4.5,0.29,0.23,0.13,0.35,,,,,
5236,21446656,2485,106884.0552598941,60284.71581199046,9.66,5527.62,-3.316760285088094e-06,105250.38926506042,0.8443023992003873,1.5945164800000002e-06,0.92342275,4.47,0.29,0.24,0.12,0.35,,,,,
5237,21450752,2487,104862.27278437154,59138.77518243575,9.65,5433.51,-2.328706341359066e-05,25589.401232242584,0.8864803507458419,1.592910848e-06,0.9236579,4.56,0.29,0.23,0.12,0.36,,,,,
5238,21454848,2487,104862.27278437154,59138.77518243575,9.65,5433.51,-1.0816890608111862e-05,31608.00036907196,0.7796596316620708,1.5913052159999998e-06,0.98166966,4.56,0.29,0.23,0.12,0.36,,,,,
5239,21458944,2487,104862.27278437154,59138.77518243575,9.65,5433.51,-9.562473678670358e-06,144805.57354545593,0.7414061174495146,1.5896995839999996e-06,0.964529,4.56,0.29,0.23,0.12,0.36,,,,,
5240,21463040,2488,107142.9929577911,60375.95966788034,9.74,5512.0,-1.9636761862784624e-05,23838.658113479614,0.8489579225424677,1.588093952000001e-06,0.835265,4.58,0.28,0.24,0.12,0.36,,,,,
5241,21467136,2488,107142.9929577911,60375.95966788034,9.74,5512.0,-6.0131434111099225e-05,16971.84476494789,0.8275985313812271,1.5864883200000008e-06,0.98048973,4.58,0.28,0.24,0.12,0.36,,,,,
5242,21471232,2488,107142.9929577911,60375.95966788034,9.74,5512.0,-6.197248694661539e-06,63350.40595340729,0.7187596607254818,1.5848826879999989e-06,0.9830707,4.58,0.28,0.24,0.12,0.36,,,,,
5243,21475328,2489,106746.19889790432,60186.12062519681,9.73,5504.73,-3.622923759394325e-05,23133.858543872833,0.8827021339675412,1.5832770559999987e-06,0.9669057,4.58,0.28,0.24,0.12,0.36,,,,,
5244,21479424,2490,107903.69115322735,60822.2200999899,9.79,5550.36,-9.963157935999334e-06,49323.96247577667,0.8439835958415642,1.5816714240000001e-06,0.9692235,4.6,0.28,0.23,0.13,0.36,,,,,
5245,21483520,2491,106640.07198193399,60139.037107696015,9.74,5511.09,-1.7513892089482397e-05,27591.549364566803,0.8642810942837968,1.580065792e-06,0.96480316,4.59,0.28,0.23,0.13,0.36,,,,,
5246,21487616,2493,104732.82833023036,59096.68088972054,9.62,5430.72,-1.3687196769751608e-05,45440.15765285492,0.9112549878191203,1.5784601599999997e-06,0.92480093,4.55,0.29,0.22,0.13,0.36,,,,,
5247,21491712,2494,104162.47193310842,58772.6804433183,9.65,5390.89,-2.5248884412576444e-05,16264.248287439346,0.8781876222928986,1.5768545279999995e-06,0.8871495,4.63,0.29,0.21,0.13,0.37,,,,,
5248,21495808,2495,104240.47475690303,58826.300743267704,9.61,5426.52,-1.066350523615256e-05,37595.21466255188,0.7661923436680809,1.575248896000001e-06,0.96410733,4.55,0.3,0.21,0.13,0.36,,,,,
5249,21499904,2495,104240.47475690303,58826.300743267704,9.61,5426.52,-7.942034244479146e-05,6850.531863927841,0.8590907863108441,1.5736432640000007e-06,0.98031086,4.55,0.3,0.21,0.13,0.36,,,,,
5250,21504000,2495,104240.47475690303,58826.300743267704,9.61,5426.52,-1.92717052414082e-05,38444.33468055725,0.833311851718463,1.5720376320000005e-06,0.9705325,4.55,0.3,0.21,0.13,0.36,137770.8175759488,76713.33285575925,11.033333333333333,6175.466666666666,0.5666666666666667
5251,21508096,2497,105188.88263965529,59346.044268573496,9.69,5451.68,-6.583111826330423e-06,111384.85418701172,0.730653652572073,1.5704320000000003e-06,0.9713763,4.6,0.29,0.22,0.13,0.36,,,,,
5252,21512192,2497,105188.88263965529,59346.044268573496,9.69,5451.68,-7.871665729908273e-06,73135.74203968048,0.7956682555377483,1.568826368e-06,0.97444403,4.6,0.29,0.22,0.13,0.36,,,,,
5253,21516288,2498,107158.94274539305,60389.67829483822,9.81,5506.13,-3.945840944652446e-06,161022.4773864746,0.8119852605741471,1.5672207359999998e-06,0.9556694,4.68,0.28,0.22,0.13,0.37,,,,,
5254,21520384,2498,107158.94274539305,60389.67829483822,9.81,5506.13,-7.570255547761917e-06,71122.02114963531,0.8211291913175955,1.5656151039999996e-06,0.96325016,4.68,0.28,0.22,0.13,0.37,,,,,
5255,21524480,2499,108278.10442702925,60985.959863328986,9.83,5546.75,-1.6053911167546175e-05,48202.15567588806,0.7714759570080787,1.5640094719999994e-06,0.9832269,4.66,0.28,0.22,0.13,0.37,,,,,
5256,21528576,2499,108278.10442702925,60985.959863328986,9.83,5546.75,-7.771784385113278e-05,17329.75946331024,0.8566511237295344,1.5624038400000009e-06,0.9747765,4.66,0.28,0.22,0.13,0.37,,,,,
5257,21532672,2500,109116.0217467565,61443.63948645561,9.87,5573.36,-1.6646808489895193e-05,40719.16069126129,0.760516882641241,1.5607982080000006e-06,0.96495545,4.67,0.27,0.23,0.13,0.37,,,,,
5258,21536768,2500,109116.0217467565,61443.63948645561,9.87,5573.36,-5.295418031892041e-05,13975.815824508667,0.8767733491258696,1.5591925760000004e-06,0.9804382,4.67,0.27,0.23,0.13,0.37,,,,,
5259,21540864,2500,109116.0217467565,61443.63948645561,9.87,5573.36,-7.003964128671214e-06,51366.75721359253,0.726102925487794,1.5575869440000002e-06,0.97862464,4.67,0.27,0.23,0.13,0.37,,,,,
5260,21544960,2503,109358.8623261326,61545.8599705323,9.9,5557.42,-2.129875610989984e-06,98485.76263618469,0.905865816748701,1.555981312e-06,0.83429825,4.72,0.26,0.23,0.13,0.38,,,,,
5261,21549056,2503,109358.8623261326,61545.8599705323,9.9,5557.42,-4.46330159320496e-06,45736.26972436905,0.8047474001068622,1.5543756799999998e-06,0.97055966,4.72,0.26,0.23,0.13,0.38,,,,,
5262,21553152,2504,111302.06778828215,62610.0540847712,9.92,5631.14,-4.651288691093214e-06,69858.5641374588,0.7353252195753157,1.5527700479999995e-06,0.9780689,4.66,0.26,0.23,0.14,0.37,,,,,
5263,21557248,2504,111302.06778828215,62610.0540847712,9.92,5631.14,-1.6263047655229457e-05,60292.28271198273,0.76047628140077,1.5511644159999993e-06,0.9776982,4.66,0.26,0.23,0.14,0.37,,,,,
5264,21561344,2505,112902.9824668388,63440.90349457526,9.99,5658.11,-2.7640599000733346e-06,359889.38804626465,0.7839852044126019,1.549558783999999e-06,0.93960315,4.71,0.26,0.22,0.14,0.38,,,,,
5265,21565440,2506,112208.9153408871,63030.12980625121,10.05,5607.38,-9.081658572540618e-05,8670.317273139954,0.8738206059206277,1.5479531520000006e-06,0.96040267,4.83,0.25,0.22,0.14,0.39,,,,,
5266,21569536,2506,112208.9153408871,63030.12980625121,10.05,5607.38,-2.5760716198419686e-05,35930.14497375488,0.7566737098386511,1.5463475200000003e-06,0.9664948,4.83,0.25,0.22,0.14,0.39,,,,,
5267,21573632,2507,112226.16212490968,63027.79078429973,10.05,5604.62,-3.296635804872494e-05,27233.6136636734,0.8255088028963655,1.5447418880000001e-06,0.9677266,4.83,0.25,0.22,0.14,0.39,,,,,
5268,21577728,2508,112841.83042691341,63360.119091391985,10.08,5623.3,-2.6823970983969048e-05,15811.028164863586,0.786184216151014,1.543136256e-06,0.98861384,4.85,0.24,0.23,0.14,0.39,,,,,
5269,21581824,2509,112182.19596996251,62971.55100131626,10.13,5576.4,-1.525965672044549e-05,37137.61422872543,0.8684475944610313,1.5415306239999997e-06,0.76310486,4.96,0.23,0.23,0.14,0.4,,,,,
5270,21585920,2509,112182.19596996251,62971.55100131626,10.13,5576.4,-1.6492798749823123e-05,32671.778717041016,0.8014361488167197,1.5399249919999995e-06,0.9601272,4.96,0.23,0.23,0.14,0.4,,,,,
5271,21590016,2512,112199.68012911003,63014.418657492584,10.09,5589.04,-7.87543467595242e-06,96601.92195892334,0.809151311754249,1.5383193599999992e-06,0.97090477,4.89,0.24,0.23,0.13,0.4,,,,,
5272,21594112,2513,110404.95199999094,62041.41424787641,10.06,5505.53,-3.3191572583746165e-06,74026.21272087097,0.876756789512001,1.536713727999999e-06,0.94677097,4.95,0.23,0.23,0.13,0.41,,,,,
5273,21598208,2514,108536.42227676748,61023.64941551025,10.0,5419.06,-8.017259915504837e-05,14237.27754831314,0.8707216845359653,1.5351080960000005e-06,0.95091224,4.98,0.22,0.23,0.14,0.41,,,,,
5274,21602304,2515,106568.53844873622,59987.35092559958,9.93,5359.76,-1.2639269698411226e-05,29828.93328523636,0.8135121882660314,1.5335024640000003e-06,0.9557485,4.96,0.22,0.24,0.13,0.41,,,,,
5275,21606400,2515,106568.53844873622,59987.35092559958,9.93,5359.76,-2.218445843027439e-05,64729.024680137634,0.7865660306997597,1.531896832e-06,0.9819399,4.96,0.22,0.24,0.13,0.41,94778.75678307322,53543.91577510571,9.766666666666667,4788.133333333333,0.5
5276,21610496,2516,108031.55408251684,60796.44746142354,9.99,5411.4,-1.5798344065842684e-05,38879.09303331375,0.8451382836792618,1.5302911999999998e-06,0.9270932,4.97,0.22,0.24,0.13,0.41,,,,,
5277,21614592,2516,108031.55408251684,60796.44746142354,9.99,5411.4,-3.5546288927434944e-05,29947.86956167221,0.8211546659003943,1.5286855679999996e-06,0.97965986,4.97,0.22,0.24,0.13,0.41,,,,,
5278,21618688,2516,108031.55408251684,60796.44746142354,9.99,5411.4,-1.057315785146784e-05,61986.19655132294,0.8436393510783091,1.527079936000001e-06,0.9797318,4.97,0.22,0.24,0.13,0.41,,,,,
5279,21622784,2517,110549.13139978526,62202.28508433281,10.05,5532.82,-2.5895571525325067e-05,21475.63096666336,0.8609658585628495,1.5254743039999992e-06,0.94980377,4.91,0.23,0.24,0.13,0.4,,,,,
5280,21626880,2517,110549.13139978526,62202.28508433281,10.05,5532.82,-1.226199310622178e-05,30404.26475095749,0.7354147842852399,1.523868671999999e-06,0.9782287,4.91,0.23,0.24,0.13,0.4,,,,,
5281,21630976,2519,110597.39044625506,62251.036680183635,10.04,5539.95,-1.0823330740095116e-05,40930.00686597824,0.8060476299142465,1.5222630399999987e-06,0.9782757,4.9,0.23,0.24,0.13,0.4,,,,,
5282,21635072,2519,110597.39044625506,62251.036680183635,10.04,5539.95,-7.434360122715589e-05,11469.924439907074,0.7685966687276959,1.5206574080000002e-06,0.9768074,4.9,0.23,0.24,0.13,0.4,,,,,
5283,21639168,2520,112028.48050951632,63072.4349489055,10.07,5617.24,-4.071828880114481e-05,26395.775358200073,0.833797192084603,1.519051776e-06,0.9834485,4.84,0.24,0.24,0.13,0.39,,,,,
5284,21643264,2520,112028.48050951632,63072.4349489055,10.07,5617.24,-1.2518815310613718e-05,19697.165665626526,0.7601185891544446,1.5174461439999997e-06,0.9862798,4.84,0.24,0.24,0.13,0.39,,,,,
5285,21647360,2524,110815.23530154012,62456.38400385296,10.13,5550.38,-5.4061001719674096e-06,141312.06903648376,0.8923620379064232,1.5158405119999995e-06,0.9250003,4.97,0.23,0.24,0.14,0.39,,,,,
5286,21651456,2525,108737.21758572343,61366.00622794941,10.0,5502.72,-3.980283872806467e-05,16979.72712302208,0.8968664743006229,1.514234880000001e-06,0.85473496,4.88,0.24,0.24,0.14,0.38,,,,,
5287,21655552,2525,108737.21758572343,61366.00622794941,10.0,5502.72,-3.064099382754648e-05,22213.44925880432,0.8708836284931749,1.5126292480000008e-06,0.97864133,4.88,0.24,0.24,0.14,0.38,,,,,
5288,21659648,2526,110178.03481419709,62183.0331393052,10.01,5576.75,-4.127625288674608e-06,86594.15748023987,0.8468385835876688,1.5110236160000006e-06,0.95167565,4.81,0.24,0.25,0.14,0.37,,,,,
5289,21663744,2527,110296.18541087354,62242.05623236617,10.05,5576.28,-5.166915798326954e-06,66330.02906799316,0.8770754284923896,1.5094179840000003e-06,0.96338403,4.85,0.24,0.25,0.14,0.37,,,,,
5290,21667840,2527,110296.18541087354,62242.05623236617,10.05,5576.28,-4.559888111543842e-06,145681.13082885742,0.8072080001002178,1.5078123520000001e-06,0.9545729,4.85,0.24,0.25,0.14,0.37,,,,,
5291,21671936,2528,111214.04956963791,62717.79085342595,10.1,5586.85,-4.628720671462361e-05,69343.41251587868,0.8287809380562976,1.5062067199999999e-06,0.951439,4.9,0.24,0.24,0.14,0.38,,,,,
5292,21676032,2528,111214.04956963791,62717.79085342595,10.1,5586.85,-4.350843209977029e-05,19504.149142742157,0.8123587012523785,1.5046010879999997e-06,0.9793652,4.9,0.24,0.24,0.14,0.38,,,,,
5293,21680128,2529,111457.28336973807,62859.95000115325,10.11,5596.25,-2.0848307030973956e-05,38824.07855987549,0.8387391846626997,1.5029954559999995e-06,0.9598868,4.9,0.24,0.24,0.14,0.38,,,,,
5294,21684224,2530,112073.47956135504,63230.4113225884,10.08,5630.01,-5.905871876166202e-05,20446.966087818146,0.8561871401034296,1.5013898239999992e-06,0.9672916,4.83,0.24,0.24,0.15,0.37,,,,,
5295,21688320,2531,111389.14163369121,62859.51801662862,10.04,5607.54,-0.00010306458352715708,9956.374101042747,0.9488169997930527,1.4997841920000007e-06,0.96605307,4.81,0.24,0.25,0.14,0.37,,,,,
5296,21692416,2532,110352.31476062056,62288.463458776845,10.0,5566.23,-4.309311589167919e-05,13961.234813213348,0.8188058367231861,1.4981785600000005e-06,0.94905883,4.81,0.24,0.25,0.14,0.37,,,,,
5297,21696512,2533,110451.81260860193,62339.7310433314,10.0,5578.95,-3.2305752029060386e-05,14593.246830940247,0.8698259642114863,1.4965729280000003e-06,0.97511995,4.79,0.25,0.24,0.14,0.37,,,,,
5298,21700608,2533,110451.81260860193,62339.7310433314,10.0,5578.95,-0.00014931271925888723,15191.777902126312,0.7875193255022168,1.494967296e-06,0.97562104,4.79,0.25,0.24,0.14,0.37,,,,,
5299,21704704,2533,110451.81260860193,62339.7310433314,10.0,5578.95,-2.1527288481593132e-05,32045.91300678253,0.7659442267613485,1.4933616639999998e-06,0.9842417,4.79,0.25,0.24,0.14,0.37,,,,,
5300,21708800,2534,112117.55181979646,63271.82435179423,10.04,5658.3,-4.787865691469051e-06,61446.42593193054,0.8640694178175181,1.4917560319999996e-06,0.9723081,4.74,0.25,0.25,0.14,0.36,119919.99912518868,67128.67508842681,10.6,5624.266666666666,0.5333333333333333
5301,21712896,2537,112009.0354647045,63203.20967719026,10.04,5640.94,-8.423294275416993e-06,51798.27717781067,0.8656173108611256,1.4901503999999994e-06,0.9738732,4.76,0.25,0.24,0.14,0.37,,,,,
5302,21716992,2537,112009.0354647045,63203.20967719026,10.04,5640.94,-0.00010894294246099889,7495.344650268555,0.8583894516341388,1.4885447679999992e-06,0.97927314,4.76,0.25,0.24,0.14,0.37,,,,,
5303,21721088,2538,111117.58169439371,62729.01566754518,10.01,5607.21,-9.22218259802321e-06,22877.347229480743,0.7929030763916671,1.4869391360000006e-06,0.9630731,4.76,0.25,0.24,0.14,0.37,,,,,
5304,21725184,2539,109828.22592995867,62031.51640938346,9.97,5558.39,-1.5707211787230335e-05,34062.3222284317,0.8611672009574249,1.4853335040000004e-06,0.9696307,4.76,0.25,0.24,0.14,0.37,,,,,
5305,21729280,2539,109828.22592995867,62031.51640938346,9.97,5558.39,-7.2294133133254945e-06,24608.250234127045,0.7876338294008747,1.4837278720000002e-06,0.9769653,4.76,0.25,0.24,0.14,0.37,,,,,
5306,21733376,2540,111055.84690045494,62728.50728929223,9.98,5612.62,-1.1704344615282025e-05,42724.78301239014,0.8265912036877126,1.48212224e-06,0.97890294,4.71,0.25,0.24,0.15,0.36,,,,,
5307,21737472,2540,111055.84690045494,62728.50728929223,9.98,5612.62,-1.664739147599903e-05,33878.53943538666,0.773489381885156,1.4805166079999997e-06,0.98436004,4.71,0.25,0.24,0.15,0.36,,,,,
5308,21741568,2541,110150.63186584921,62220.818836452214,9.97,5561.43,-1.9929258087358903e-05,55108.692388534546,0.8684555338695645,1.4789109759999995e-06,0.97135264,4.76,0.24,0.24,0.15,0.37,,,,,
5309,21745664,2541,110150.63186584921,62220.818836452214,9.97,5561.43,-1.0201943950960413e-05,35611.96104812622,0.8082423108862713,1.4773053439999993e-06,0.982888,4.76,0.24,0.24,0.15,0.37,,,,,
5310,21749760,2542,111052.78435745387,62704.691084750375,9.98,5597.05,-1.6875485016498715e-05,74153.81732368469,0.7884915184695274,1.475699711999999e-06,0.9681106,4.73,0.24,0.24,0.16,0.36,,,,,
5311,21753856,2543,111234.18556036193,62800.745293304346,9.98,5612.29,-1.9986533516203053e-05,15725.758427619934,0.7830998370191082,1.4740940799999989e-06,0.9649391,4.71,0.25,0.23,0.16,0.36,,,,,
5312,21757952,2544,110976.92071983735,62658.61957127743,9.99,5588.97,-2.4829591893649194e-05,24900.333611011505,0.9028254854492843,1.4724884480000003e-06,0.85784394,4.75,0.24,0.23,0.17,0.36,,,,,
5313,21762048,2545,110374.9843164944,62314.01113453749,9.96,5569.46,-3.503551806716132e-05,26811.307288646698,0.8600826518377289,1.470882816e-06,0.96777844,4.74,0.25,0.22,0.17,0.36,,,,,
5314,21766144,2545,110374.9843164944,62314.01113453749,9.96,5569.46,-1.162143780675251e-05,44773.878887176514,0.7912221313454211,1.4692771839999999e-06,0.9685368,4.74,0.25,0.22,0.17,0.36,,,,,
5315,21770240,2546,111446.23222125605,62916.56826098948,10.02,5617.46,-7.27014730728115e-05,8738.477964639664,0.8577096097869799,1.4676715519999997e-06,0.95321596,4.75,0.25,0.22,0.17,0.36,,,,,
5316,21774336,2547,111232.23863160898,62806.32586976819,9.98,5637.74,-8.340384738403372e-06,42491.51549530029,0.7468262272886932,1.4660659200000011e-06,0.96252835,4.68,0.26,0.22,0.17,0.35,,,,,
5317,21778432,2548,110824.487979363,62559.527532124004,10.01,5593.83,-9.217195838573389e-06,135272.62945365906,0.7968707483960316,1.4644602879999992e-06,0.9721477,4.75,0.26,0.21,0.17,0.36,,,,,
5318,21782528,2549,110166.90795558717,62184.80824009503,10.04,5550.83,-4.076511231687618e-06,117856.66645431519,0.8189603721257299,1.462854655999999e-06,0.9489777,4.83,0.26,0.2,0.17,0.37,,,,,
5319,21786624,2551,109050.55180571154,61592.084714392986,10.02,5488.87,-2.0223732462909538e-05,65180.99036693573,0.7932921946048737,1.4612490239999988e-06,0.9782495,4.87,0.26,0.19,0.17,0.38,,,,,
5320,21790720,2551,109050.55180571154,61592.084714392986,10.02,5488.87,-6.19787006144179e-05,9274.118475198746,0.8640996853355318,1.4596433920000002e-06,0.96738434,4.87,0.26,0.19,0.17,0.38,,,,,
5321,21794816,2551,109050.55180571154,61592.084714392986,10.02,5488.87,-1.368607445328962e-05,43752.71139001846,0.8298711004899815,1.45803776e-06,0.9684113,4.87,0.26,0.19,0.17,0.38,,,,,
5322,21798912,2552,109564.13593071685,61877.81159505151,10.04,5510.94,-1.3332542948774062e-05,28735.073416233063,0.8717240300029516,1.4564321279999998e-06,0.98579806,4.87,0.26,0.19,0.17,0.38,,,,,
5323,21803008,2553,109911.20517974545,62045.60123483263,10.08,5498.91,-6.934719749551732e-07,406425.779712677,0.8332785058300942,1.4548264959999996e-06,0.8240374,4.94,0.25,0.19,0.17,0.39,,,,,
5324,21807104,2554,108391.4406424078,61222.70907580607,10.02,5453.8,-1.1731461199815385e-05,25755.7421002388,0.8815377246355638,1.453220864000001e-06,0.9250584,4.92,0.26,0.18,0.17,0.39,,,,,
5325,21811200,2556,107526.24083208208,60738.81350828489,10.11,5378.98,-1.3664093785337172e-06,377092.41760253906,0.9313142815371975,1.4516152320000008e-06,0.8296305,5.1,0.25,0.17,0.17,0.41,86069.24472492925,48798.81744307322,9.6,4586.166666666667,0.36666666666666664
5326,21815296,2556,107526.24083208208,60738.81350828489,10.11,5378.98,-8.54050631460268e-06,33899.03085422516,0.8173979156417772,1.4500096000000006e-06,0.9672547,5.1,0.25,0.17,0.17,0.41,,,,,
5327,21819392,2557,108139.40891177906,61091.07903277814,10.15,5396.16,-3.473564902378712e-06,69434.9876613617,0.8313189813634381,1.4484039680000004e-06,0.9733496,5.13,0.24,0.17,0.18,0.41,,,,,
5328,21823488,2558,107869.69384810218,60933.84782887432,10.17,5378.79,-1.8094853658112697e-05,32742.357972621918,0.8471709268633276,1.4467983360000002e-06,0.9740628,5.17,0.24,0.17,0.18,0.41,,,,,
5329,21827584,2559,109283.00080870054,61696.014098486754,10.23,5431.31,-2.2625945348409005e-06,107326.04160690308,0.7661452200263739,1.445192704e-06,0.9577382,5.18,0.24,0.17,0.17,0.42,,,,,
5330,21831680,2560,108735.71514162053,61402.10390926249,10.24,5396.92,-3.966108397435164e-05,26843.290109157562,0.8240220013540238,1.4435870719999997e-06,0.9530382,5.23,0.24,0.16,0.17,0.43,,,,,
5331,21835776,2562,107811.70603234401,60886.03624313803,10.1,5359.25,-2.032671091001248e-05,27504.17579984665,0.8769708456238732,1.4419814399999995e-06,0.95631343,5.13,0.24,0.16,0.18,0.42,,,,,
5332,21839872,2563,109021.23831629429,61555.04110715103,10.17,5400.76,-5.439669621409848e-06,94599.37985801697,0.8407179429195821,1.4403758079999993e-06,0.9704724,5.16,0.24,0.16,0.18,0.42,,,,,
5333,21843968,2563,109021.23831629429,61555.04110715103,10.17,5400.76,-4.83128997075255e-06,57092.847306251526,0.7786279945867136,1.4387701760000008e-06,0.98081404,5.16,0.24,0.16,0.18,0.42,,,,,
5334,21848064,2564,109611.56480332967,61857.99108876734,10.23,5399.73,-1.5398499272123445e-05,41787.06281661987,0.8596976627595723,1.4371645440000005e-06,0.9039602,5.23,0.23,0.16,0.18,0.43,,,,,
5335,21852160,2565,108969.26756140598,61522.17827409944,10.19,5392.7,-3.4497681554057635e-05,12116.529037237167,0.8098191828466952,1.4355589120000003e-06,0.98473275,5.19,0.23,0.17,0.18,0.42,,,,,
5336,21856256,2565,108969.26756140598,61522.17827409944,10.19,5392.7,-5.307400715537369e-05,19915.039657592773,0.8348910792265087,1.43395328e-06,0.9656187,5.19,0.23,0.17,0.18,0.42,,,,,
5337,21860352,2565,108969.26756140598,61522.17827409944,10.19,5392.7,-6.124595529399812e-06,43090.60612010956,0.7310335132060573,1.4323476479999999e-06,0.9769686,5.19,0.23,0.17,0.18,0.42,,,,,
5338,21864448,2566,110695.96025098786,62497.824895939535,10.17,5484.55,-3.87033605875331e-05,39155.1909198761,0.8739853139268234,1.4307420159999996e-06,0.9731822,5.07,0.24,0.17,0.18,0.41,,,,,
5339,21868544,2567,111247.1550589613,62793.98044558674,10.2,5491.24,-7.1010672400007024e-06,42105.23073673248,0.7513158502988517,1.4291363839999994e-06,0.97962993,5.09,0.23,0.18,0.18,0.41,,,,,
5340,21872640,2567,111247.1550589613,62793.98044558674,10.2,5491.24,-3.2979865864035673e-05,20522.237339496613,0.8267001630738378,1.4275307519999992e-06,0.9754739,5.09,0.23,0.18,0.18,0.41,,,,,
5341,21876736,2570,106816.38333437202,60386.15072274681,10.08,5306.14,-4.114181865588762e-05,15857.434918880463,0.8361542549682781,1.4259251200000007e-06,0.974152,5.15,0.24,0.17,0.17,0.42,,,,,
5342,21880832,2571,105594.10419648825,59744.656065218325,10.08,5245.58,-3.2552034099353477e-06,74215.73969650269,0.832879367750138,1.4243194880000005e-06,0.9670514,5.21,0.24,0.16,0.17,0.43,,,,,
5343,21884928,2571,105594.10419648825,59744.656065218325,10.08,5245.58,-0.00016761725782998838,9950.790500879288,0.837995266658254,1.4227138560000002e-06,0.97076875,5.21,0.24,0.16,0.17,0.43,,,,,
5344,21889024,2572,105397.09755873532,59632.25194065021,10.07,5240.57,-2.697541276575066e-06,77579.56157922745,0.8263626154512167,1.421108224e-06,0.8682205,5.21,0.24,0.16,0.17,0.43,,,,,
5345,21893120,2573,102040.02891427978,57841.17187628565,9.97,5135.54,-3.0984811928647105e-05,26017.772627830505,0.8698101168265566,1.4195025919999998e-06,0.95295006,5.21,0.24,0.16,0.17,0.43,,,,,
5346,21897216,2574,100785.85854533166,57140.97661145647,9.95,5066.86,-1.0829624443431385e-05,41065.0822019577,0.8401115433080122,1.4178969599999996e-06,0.9643832,5.27,0.23,0.16,0.17,0.44,,,,,
5347,21901312,2576,97834.16476609808,55529.6072373469,9.86,4953.21,-2.8275353542994708e-06,55234.378977775574,0.9195274848025292,1.4162913279999993e-06,0.9454893,5.3,0.23,0.16,0.16,0.45,,,,,
5348,21905408,2576,97834.16476609808,55529.6072373469,9.86,4953.21,-4.496799192565959e-06,145034.99353599548,0.8053948405431584,1.4146856959999991e-06,0.9711212,5.3,0.23,0.16,0.16,0.45,,,,,
5349,21909504,2577,99364.82102567168,56381.72427441942,9.9,5005.64,-6.853228660474997e-05,8379.77090537548,0.8645500343991444,1.413080063999999e-06,0.9424761,5.29,0.23,0.16,0.16,0.45,,,,,
5350,21913600,2578,98166.77312819008,55728.20776842395,9.84,4974.33,-3.824072064162465e-05,16027.599367380142,0.8417337561259046,1.4114744320000004e-06,0.94979787,5.26,0.24,0.16,0.15,0.45,106210.94399729857,59504.69151535652,10.066666666666666,5135.4,0.5
5351,21917696,2578,98166.77312819008,55728.20776842395,9.84,4974.33,-2.626929108373588e-05,30936.47784805298,0.8330654342425987,1.4098688000000002e-06,0.9730964,5.26,0.24,0.16,0.15,0.45,,,,,
5352,21921792,2579,98899.39818147804,56123.49486879589,9.87,4997.68,-1.6722733562346548e-05,36875.19353914261,0.8732435475103557,1.408263168e-06,0.97422045,5.27,0.23,0.17,0.15,0.45,,,,,
5353,21925888,2579,98899.39818147804,56123.49486879589,9.87,4997.68,-1.7390255379723385e-05,29742.011258125305,0.870691008749418,1.4066575359999997e-06,0.9797015,5.27,0.23,0.17,0.15,0.45,,,,,
5354,21929984,2580,99745.23972395674,56612.8349893565,9.87,5039.04,-5.6963963288581e-06,71544.69032287598,0.7887515671318397,1.4050519039999995e-06,0.97806257,5.22,0.23,0.17,0.16,0.44,,,,,
5355,21934080,2580,99745.23972395674,56612.8349893565,9.87,5039.04,-5.3988987929187715e-06,62555.74532318115,0.7865360204596072,1.4034462719999993e-06,0.9732369,5.22,0.23,0.17,0.16,0.44,,,,,
5356,21938176,2581,100268.81778050285,56870.76212637137,9.91,5042.1,-9.517618309473619e-06,64604.71652507782,0.8307873491430655,1.401840639999999e-06,0.932341,5.27,0.23,0.16,0.16,0.45,,,,,
5357,21942272,2583,100914.12978420951,57243.5411459684,9.89,5092.02,-1.3823531844536774e-05,27163.194666862488,0.83212780370377,1.4002350079999988e-06,0.9346062,5.19,0.24,0.17,0.15,0.44,,,,,
5358,21946368,2584,99619.43185994888,56544.36624876802,9.79,5057.8,-2.8858878067694604e-05,13516.411485671997,0.8209134793141857,1.3986293760000003e-06,0.7189418,5.12,0.25,0.17,0.15,0.43,,,,,
5359,21950464,2584,99619.43185994888,56544.36624876802,9.79,5057.8,-8.804017579677748e-05,15201.440318107605,0.8496464377967641,1.397023744e-06,0.9681355,5.12,0.25,0.17,0.15,0.43,,,,,
5360,21954560,2584,99619.43185994888,56544.36624876802,9.79,5057.8,-1.6310330465785228e-05,26197.499372005463,0.809710317174904,1.3954181119999999e-06,0.988096,5.12,0.25,0.17,0.15,0.43,,,,,
5361,21958656,2584,99619.43185994888,56544.36624876802,9.79,5057.8,-5.089754267828539e-06,179359.11489105225,0.7783716811100021,1.3938124799999996e-06,0.9608666,5.12,0.25,0.17,0.15,0.43,,,,,
5362,21962752,2585,101870.56269461643,57763.28940460352,9.86,5135.18,-4.527916644292418e-05,9303.544870615005,0.8026458899257705,1.3922068480000011e-06,0.9506665,5.11,0.26,0.16,0.15,0.43,,,,,
5363,21966848,2585,101870.56269461643,57763.28940460352,9.86,5135.18,-1.0730675967351999e-05,31250.716912269592,0.7266263441415504,1.3906012160000009e-06,0.9797721,5.11,0.26,0.16,0.15,0.43,,,,,
5364,21970944,2586,103126.46193284373,58453.60931921808,9.86,5205.02,-2.6868779059441295e-05,21050.659245491028,0.8969585115555674,1.3889955840000007e-06,0.9471861,5.03,0.27,0.16,0.15,0.42,,,,,
5365,21975040,2587,103938.18399746492,58914.39663488305,9.84,5261.12,-1.0137078788829967e-05,90965.91142272949,0.807825391413644,1.3873899520000004e-06,0.9552821,4.95,0.28,0.16,0.15,0.41,,,,,
5366,21979136,2588,102035.30673299235,57860.85268443406,9.85,5171.22,-8.7177031673491e-06,113827.52530050278,0.8523217444308102,1.3857843200000002e-06,0.943875,5.05,0.28,0.15,0.15,0.42,,,,,
5367,21983232,2591,98014.68914037388,55670.35847631929,9.81,4994.43,-1.7139889678219333e-05,24499.37153482437,0.92269860743545,1.384178688e-06,0.9635553,5.18,0.28,0.15,0.13,0.44,,,,,
5368,21987328,2591,98014.68914037388,55670.35847631929,9.81,4994.43,-0.00012799107662431197,8251.429253339767,0.8529369113966823,1.3825730559999998e-06,0.9720878,5.18,0.28,0.15,0.13,0.44,,,,,
5369,21991424,2591,98014.68914037388,55670.35847631929,9.81,4994.43,-3.943635420000646e-05,39325.439076423645,0.7947198502952233,1.3809674239999996e-06,0.9773557,5.18,0.28,0.15,0.13,0.44,,,,,
5370,21995520,2593,99762.32329282461,56639.297159940164,9.88,5076.03,-2.213798143202439e-05,18955.99181652069,0.8885917952284217,1.3793617919999993e-06,0.9789591,5.16,0.28,0.15,0.14,0.43,,,,,
5371,21999616,2593,99762.32329282461,56639.297159940164,9.88,5076.03,-5.534027332032565e-05,20003.521894454956,0.7976058160420507,1.3777561600000008e-06,0.96859103,5.16,0.28,0.15,0.14,0.43,,,,,
5372,22003712,2595,99699.88079966133,56588.63714955409,9.84,5074.26,-6.5251742853433825e-06,28735.318780899048,0.8177192632574588,1.3761505280000006e-06,0.96962583,5.12,0.28,0.15,0.14,0.43,,,,,
5373,22007808,2596,98149.20748983273,55718.28565089372,9.82,4999.68,-8.06156822363846e-06,39369.52328491211,0.7789034543093294,1.3745448960000004e-06,0.97928125,5.18,0.28,0.14,0.14,0.44,,,,,
5374,22011904,2596,98149.20748983273,55718.28565089372,9.82,4999.68,-6.016473889758345e-06,59699.58666610718,0.7716996035305783,1.3729392640000001e-06,0.98325914,5.18,0.28,0.14,0.14,0.44,,,,,
5375,22016000,2596,98149.20748983273,55718.28565089372,9.82,4999.68,-8.066807822615374e-06,268714.59939193726,0.748949232744053,1.371333632e-06,0.9611801,5.18,0.28,0.14,0.14,0.44,109662.91116297305,61533.247703450914,10.2,5264.8,0.4666666666666667
5376,22020096,2596,98149.20748983273,55718.28565089372,9.82,4999.68,-8.531809726264328e-06,1050182.939113617,0.7055951753864065,1.3697279999999997e-06,0.9255371,5.18,0.28,0.14,0.14,0.44,,,,,
5377,22024192,2598,101109.4280407821,57258.238764284004,9.88,5072.77,-6.62630372971762e-06,111239.0652294159,0.844704068498686,1.3681223679999995e-06,0.96438915,5.17,0.28,0.14,0.14,0.44,,,,,
5378,22028288,2598,101109.4280407821,57258.238764284004,9.88,5072.77,-2.2439155145548284e-05,29826.122215747833,0.7863249854417518,1.3665167359999993e-06,0.9800735,5.17,0.28,0.14,0.14,0.44,,,,,
5379,22032384,2598,101109.4280407821,57258.238764284004,9.88,5072.77,-8.810567123873625e-06,63510.98627090454,0.7646791322622448,1.3649111040000007e-06,0.9836252,5.17,0.28,0.14,0.14,0.44,,,,,
5380,22036480,2598,101109.4280407821,57258.238764284004,9.88,5072.77,-1.8981936591444537e-05,266388.0878982544,0.7328168865060434,1.3633054720000005e-06,0.96086925,5.17,0.28,0.14,0.14,0.44,,,,,
5381,22040576,2601,99681.74933676467,56396.06492403326,9.86,4974.9,-1.2807149687432684e-06,271259.11295318604,0.8994591356022283,1.3616998400000003e-06,0.8235917,5.27,0.27,0.14,0.15,0.44,,,,,
5382,22044672,2602,99705.97927724104,56403.35112552678,9.85,4978.7,-8.196642738766968e-05,11304.214841365814,0.8746129247592762,1.360094208e-06,0.96244377,5.26,0.27,0.14,0.15,0.44,,,,,
5383,22048768,2603,100460.63379579628,56816.28696269139,9.86,5027.03,-6.807051249779761e-06,178660.25043678284,0.796327568939887,1.3584885759999998e-06,0.9552141,5.22,0.27,0.15,0.15,0.43,,,,,
5384,22052864,2605,96538.41087058414,54708.73064598297,9.79,4887.13,-8.217692084144801e-06,52128.19051074982,0.8720274774823338,1.3568829439999996e-06,0.93223304,5.29,0.27,0.15,0.14,0.44,,,,,
5385,22056960,2606,97042.17729546184,55012.45770934059,9.74,4914.47,-3.240804289816879e-05,28177.624223709106,0.8263577130855992,1.3552773119999994e-06,0.97572404,5.21,0.27,0.15,0.15,0.43,,,,,
5386,22061056,2608,95093.32917168777,53935.51236659745,9.69,4810.16,-9.558581950841472e-06,41165.96644115448,0.8020627420628443,1.3536716799999992e-06,0.9718376,5.27,0.26,0.14,0.16,0.44,,,,,
5387,22065152,2609,95920.86616015488,54387.64644150334,9.67,4843.81,-6.54034693070571e-05,24790.17146587372,0.9025503968587145,1.352066047999999e-06,0.981605,5.21,0.26,0.14,0.16,0.44,,,,,
5388,22069248,2610,95167.50536105377,53957.74159873126,9.64,4804.31,-2.349857459194027e-05,16335.729766964912,0.9063840942690149,1.3504604160000004e-06,0.8830591,5.23,0.25,0.15,0.16,0.44,,,,,
5389,22073344,2610,95167.50536105377,53957.74159873126,9.64,4804.31,-1.833107216953067e-05,23297.436939239502,0.8474285710835829,1.3488547840000002e-06,0.9653175,5.23,0.25,0.15,0.16,0.44,,,,,
5390,22077440,2611,97258.99107575095,55107.45103304806,9.7,4907.95,-5.471942131407559e-06,57681.32062244415,0.8067368711344898,1.347249152e-06,0.97781557,5.18,0.26,0.15,0.16,0.43,,,,,
5391,22081536,2612,96854.4190881055,54885.61462246507,9.66,4902.79,-2.5388580979779363e-06,186673.45646762848,0.8006244605639949,1.3456435199999998e-06,0.8019072,5.15,0.26,0.15,0.16,0.43,,,,,
5392,22085632,2612,96854.4190881055,54885.61462246507,9.66,4902.79,-7.623552755831042e-05,29264.250393390656,0.7940888946177438,1.3440378879999995e-06,0.95650744,5.15,0.26,0.15,0.16,0.43,,,,,
5393,22089728,2613,97456.68681525673,55237.724491233195,9.66,4940.49,-1.1602269296417944e-06,144532.91023302078,0.8662388727534562,1.3424322559999993e-06,0.855421,5.11,0.26,0.16,0.16,0.42,,,,,
5394,22093824,2614,97469.60632438012,55245.10795507837,9.65,4943.74,-5.479705578181893e-06,163561.4800605774,0.7940163213061169,1.340826623999999e-06,0.95113254,5.09,0.26,0.17,0.15,0.42,,,,,
5395,22097920,2615,98494.11556977304,55761.25010942073,9.75,4947.07,-8.499971954734065e-06,307274.9324474335,0.7903641206212342,1.3392209919999989e-06,0.94767994,5.2,0.26,0.16,0.15,0.43,,,,,
5396,22102016,2615,98494.11556977304,55761.25010942073,9.75,4947.07,-2.032336124102585e-05,18199.216854572296,0.7780370650580153,1.3376153600000004e-06,0.968352,5.2,0.26,0.16,0.15,0.43,,,,,
5397,22106112,2616,98334.54966669403,55663.44450551668,9.71,4972.34,-5.460771717480384e-06,79424.38088607788,0.7893099205102772,1.3360097280000001e-06,0.90930283,5.13,0.27,0.16,0.15,0.42,,,,,
5398,22110208,2618,95389.6858366813,54001.06005786541,9.67,4827.21,-2.48603737418307e-06,59668.27067565918,0.791319789015688,1.334404096e-06,0.95524865,5.24,0.26,0.15,0.16,0.43,,,,,
5399,22114304,2618,95389.6858366813,54001.06005786541,9.67,4827.21,-3.797110775849433e-05,9216.649917125702,0.8521323765162379,1.3327984639999997e-06,0.9762574,5.24,0.26,0.15,0.16,0.43,,,,,
5400,22118400,2619,95982.06917656898,54335.72842030276,9.64,4877.38,-1.6628560842946172e-05,20918.146030902863,0.8014174805721268,1.3311928319999995e-06,0.9812257,5.15,0.27,0.15,0.16,0.42,128249.78077465175,71474.20528307951,10.866666666666667,5953.833333333333,0.4666666666666667
5401,22122496,2620,94925.19986523942,53746.860809643345,9.59,4833.29,-3.38423715220415e-05,13799.951184511185,0.8495629823300987,1.329587200000001e-06,0.9054293,5.15,0.27,0.15,0.16,0.42,,,,,
5402,22126592,2620,94925.19986523942,53746.860809643345,9.59,4833.29,-6.317880252026953e-05,11346.879258394241,0.8480443463195115,1.3279815680000007e-06,0.97710985,5.15,0.27,0.15,0.16,0.42,,,,,
5403,22130688,2622,94790.5121726612,53664.1676508263,9.6,4839.98,-1.8554046619101427e-05,37922.45463228226,0.8243361903587356,1.3263759360000005e-06,0.95068467,5.15,0.27,0.16,0.14,0.43,,,,,
5404,22134784,2623,95417.7698336143,54006.73368300635,9.59,4873.03,-6.984497304074466e-06,270357.2327709198,0.8316428470425308,1.3247703040000003e-06,0.93744683,5.11,0.27,0.16,0.15,0.42,,,,,
5405,22138880,2624,96869.00153020928,54749.96997960917,9.63,4909.27,-2.929910806415137e-06,392366.9888019562,0.8277769746491686,1.323164672e-06,0.9425773,5.12,0.27,0.16,0.15,0.42,,,,,
5406,22142976,2624,96869.00153020928,54749.96997960917,9.63,4909.27,-4.929141687171068e-05,7794.479918479919,0.7956097424030304,1.3215590399999998e-06,0.9878234,5.12,0.27,0.16,0.15,0.42,,,,,
5407,22147072,2624,96869.00153020928,54749.96997960917,9.63,4909.27,-5.761434294981882e-06,41200.9565243721,0.8158836456714198,1.3199534079999996e-06,0.98425317,5.12,0.27,0.16,0.15,0.42,,,,,
5408,22151168,2626,97475.78016908906,55066.41378111496,9.69,4916.82,-5.836883246956859e-06,126175.35259437561,0.7951757179107517,1.3183477759999994e-06,0.9686196,5.17,0.27,0.15,0.15,0.43,,,,,
5409,22155264,2628,95531.19805871513,54024.797305514636,9.53,4864.82,-2.5059673134819604e-05,20940.033571243286,0.8620115334633738,1.3167421440000009e-06,0.94100916,5.05,0.28,0.15,0.16,0.41,,,,,
5410,22159360,2629,94062.32491469874,53190.14286252399,9.54,4782.33,-1.4258741430239752e-05,68814.35800933838,0.8554151309654117,1.3151365120000006e-06,0.9818989,5.15,0.27,0.15,0.16,0.42,,,,,
5411,22163456,2630,95558.13309987071,53958.34410501804,9.62,4811.46,-1.754635559336748e-05,238705.0843038559,0.7740569051820785,1.3135308800000004e-06,0.96582717,5.21,0.27,0.15,0.15,0.43,,,,,
5412,22167552,2630,95558.13309987071,53958.34410501804,9.62,4811.46,-9.441963902645512e-05,9395.688018321991,0.8835028540343046,1.3119252480000002e-06,0.9671978,5.21,0.27,0.15,0.15,0.43,,,,,
5413,22171648,2631,96639.31511837429,54561.366793741465,9.66,4867.7,-8.13041151559446e-06,42985.433466911316,0.7985396719304845,1.310319616e-06,0.97317296,5.19,0.28,0.14,0.15,0.43,,,,,
5414,22175744,2633,95464.03184690009,53889.032966921746,9.67,4785.29,-1.859329131548293e-05,9999.762949705124,0.8415047493763268,1.3087139839999998e-06,0.9584483,5.3,0.26,0.14,0.16,0.44,,,,,
5415,22179840,2633,95464.03184690009,53889.032966921746,9.67,4785.29,-4.895997426501708e-05,12161.90777540207,0.8332727095112205,1.3071083519999995e-06,0.9649786,5.3,0.26,0.14,0.16,0.44,,,,,
5416,22183936,2633,95464.03184690009,53889.032966921746,9.67,4785.29,-4.05977334594354e-05,39813.07219696045,0.766261015785858,1.3055027199999993e-06,0.9793876,5.3,0.26,0.14,0.16,0.44,,,,,
5417,22188032,2635,94704.27538915648,53457.60258364675,9.68,4765.4,-1.8370673387835268e-05,43778.26288700104,0.7922128600766882,1.303897087999999e-06,0.9778453,5.33,0.27,0.13,0.16,0.44,,,,,
5418,22192128,2636,94559.39205038732,53382.91014870675,9.63,4773.35,-2.0916969788231654e-05,19549.14110136032,0.9398867514682934,1.3022914560000006e-06,0.9424728,5.27,0.27,0.14,0.16,0.43,,,,,
5419,22196224,2636,94559.39205038732,53382.91014870675,9.63,4773.35,-9.558456440572627e-06,33573.37616062164,0.8124238960444927,1.3006858240000003e-06,0.974339,5.27,0.27,0.14,0.16,0.43,,,,,
5420,22200320,2637,95745.09050359692,54054.66159869368,9.69,4839.33,-1.4235987691790797e-05,27298.847945213318,0.8472198047675192,1.2990801920000001e-06,0.9520116,5.26,0.27,0.14,0.16,0.43,,,,,
5421,22204416,2637,95745.09050359692,54054.66159869368,9.69,4839.33,-8.655644705868326e-06,38788.69968700409,0.7916971176164225,1.29747456e-06,0.97944546,5.26,0.27,0.14,0.16,0.43,,,,,
5422,22208512,2638,97227.34201049883,54848.158369506746,9.75,4873.0,-7.315722541534342e-06,109131.49984073639,0.7738026032457128,1.2958689279999997e-06,0.97850704,5.29,0.26,0.14,0.17,0.43,,,,,
5423,22212608,2638,97227.34201049883,54848.158369506746,9.75,4873.0,-4.625718429451808e-05,20488.24865245819,0.8467496614903212,1.2942632959999995e-06,0.9655843,5.29,0.26,0.14,0.17,0.43,,,,,
5424,22216704,2638,97227.34201049883,54848.158369506746,9.75,4873.0,-8.966706445789896e-06,37715.80510997772,0.7560803319793195,1.2926576639999992e-06,0.9837882,5.29,0.26,0.14,0.17,0.43,,,,,
5425,22220800,2640,97042.47234169241,54740.92880434786,9.69,4890.29,-1.100109420804074e-05,17400.54630279541,0.783812094363384,1.291052031999999e-06,0.97840506,5.21,0.28,0.14,0.16,0.42,132398.69801929407,73430.06882188693,10.766666666666667,5904.733333333334,0.4666666666666667
5426,22224896,2641,96185.3294778163,54265.61836572247,9.7,4849.21,-7.224677574413363e-06,112009.50213432312,0.7930500051006675,1.2894464000000005e-06,0.97080487,5.26,0.28,0.14,0.16,0.42,,,,,
5427,22228992,2641,96185.3294778163,54265.61836572247,9.7,4849.21,-6.6152590989077e-05,17738.835011959076,0.8372292290441692,1.2878407680000003e-06,0.9828592,5.26,0.28,0.14,0.16,0.42,,,,,
5428,22233088,2642,95725.20625488205,54030.18682872957,9.68,4843.22,-7.572883987450041e-06,38923.69283866882,0.8354448911268264,1.286235136e-06,0.97030705,5.24,0.28,0.15,0.15,0.42,,,,,
5429,22237184,2642,95725.20625488205,54030.18682872957,9.68,4843.22,-3.1610752557753585e-05,38446.86322116852,0.8578938753344119,1.2846295039999998e-06,0.9726442,5.24,0.28,0.15,0.15,0.42,,,,,
5430,22241280,2642,95725.20625488205,54030.18682872957,9.68,4843.22,-1.4086251212575007e-05,56153.21478557587,0.7661205343902111,1.2830238719999996e-06,0.98386496,5.24,0.28,0.15,0.15,0.42,,,,,
5431,22245376,2642,95725.20625488205,54030.18682872957,9.68,4843.22,-6.556288099091034e-06,263960.95947647095,0.8305062332656235,1.2814182399999994e-06,0.9557191,5.24,0.28,0.15,0.15,0.42,,,,,
5432,22249472,2644,98659.33246779775,55592.02565470884,9.81,4919.51,-2.2767526388633996e-06,273234.7344608307,0.8240696641150862,1.2798126079999992e-06,0.9234364,5.31,0.27,0.15,0.15,0.43,,,,,
5433,22253568,2646,98211.39723132744,55299.17040054951,9.85,4870.11,-3.9501355786342174e-07,280489.5058708191,0.8719959217123687,1.278206975999999e-06,0.8928926,5.41,0.26,0.15,0.14,0.45,,,,,
5434,22257664,2646,98211.39723132744,55299.17040054951,9.85,4870.11,-3.745836511370726e-05,30874.19026708603,0.8484413138357922,1.2766013439999987e-06,0.9337057,5.41,0.26,0.15,0.14,0.45,,,,,
5435,22261760,2647,98577.57105281489,55501.61065974743,9.87,4872.13,-5.381498340284452e-06,45408.93804359436,0.7462196387350559,1.2749957120000002e-06,0.97118723,5.43,0.25,0.16,0.14,0.45,,,,,
5436,22265856,2648,97445.70535581297,54883.74609773557,9.78,4841.36,-3.063401663894183e-05,20800.10836839676,0.8622125673573464,1.27339008e-06,0.94800323,5.37,0.25,0.16,0.15,0.44,,,,,
5437,22269952,2648,97445.70535581297,54883.74609773557,9.78,4841.36,-3.339767317811493e-06,68895.90483474731,0.8166189454495907,1.2717844479999997e-06,0.95121056,5.37,0.25,0.16,0.15,0.44,,,,,
5438,22274048,2649,98333.9305367483,55403.024812976895,9.76,4895.01,-1.4953979189158417e-05,21545.828639268875,0.9027547478908673,1.2701788159999995e-06,0.97547024,5.29,0.25,0.17,0.15,0.43,,,,,
5439,22278144,2651,98132.97597292418,55302.37220340823,9.65,4918.81,-1.5031075236038305e-05,32563.52233982086,0.8485054966295138,1.268573184000001e-06,0.95527166,5.15,0.26,0.17,0.16,0.41,,,,,
5440,22282240,2652,96633.74687604247,54476.39298932857,9.62,4835.67,-7.4911949923262e-06,48065.273233413696,0.8816915843635798,1.2669675520000008e-06,0.8745147,5.21,0.25,0.17,0.16,0.42,,,,,
5441,22286336,2652,96633.74687604247,54476.39298932857,9.62,4835.67,-8.13166843727231e-06,38403.17156744003,0.78051382151898,1.2653619200000006e-06,0.9774154,5.21,0.25,0.17,0.16,0.42,,,,,
5442,22290432,2655,96042.68939244376,54149.36579035493,9.52,4811.66,-6.040992957423441e-06,41923.015707969666,0.8930394952185452,1.2637562879999986e-06,0.94964194,5.13,0.24,0.19,0.16,0.41,,,,,
5443,22294528,2655,96042.68939244376,54149.36579035493,9.52,4811.66,-1.724171670502983e-05,34470.8902425766,0.8716716521885246,1.2621506560000001e-06,0.97126293,5.13,0.24,0.19,0.16,0.41,,,,,
5444,22298624,2656,96673.21949220124,54500.19561998278,9.49,4859.91,-4.455867383512668e-06,54668.49958229065,0.8789629343664274,1.2605450239999999e-06,0.94089544,5.05,0.24,0.2,0.16,0.4,,,,,
5445,22302720,2657,96588.90079587905,54433.0411433147,9.49,4852.16,-3.823373845079914e-06,54464.29803657532,0.8271157757844776,1.2589393919999997e-06,0.9687383,5.06,0.24,0.2,0.16,0.4,,,,,
5446,22306816,2657,96588.90079587905,54433.0411433147,9.49,4852.16,-5.873232112207916e-06,43620.21987056732,0.8528460501693189,1.2573337599999994e-06,0.97082937,5.06,0.24,0.2,0.16,0.4,,,,,
5447,22310912,2659,96377.63452579908,54302.65726118582,9.48,4845.62,-2.377131750108674e-06,581080.1034698486,0.7990104766795412,1.255728128000001e-06,0.86370695,5.06,0.24,0.2,0.16,0.4,,,,,
5448,22315008,2659,96377.63452579908,54302.65726118582,9.48,4845.62,-8.655694728076924e-06,29838.96646118164,0.8893375429324806,1.2541224960000007e-06,0.9771372,5.06,0.24,0.2,0.16,0.4,,,,,
5449,22319104,2660,97690.23115491867,55019.23523023353,9.51,4895.37,-4.753419489134103e-06,114073.59183311462,0.8184391210088506,1.2525168640000005e-06,0.9669029,5.04,0.24,0.2,0.16,0.4,,,,,
5450,22323200,2661,97469.01381649365,54888.31480378058,9.54,4869.73,-7.806001121934969e-06,42773.14672088623,0.7886238635983318,1.2509112320000003e-06,0.97474337,5.1,0.23,0.2,0.16,0.41,110518.1809966104,61984.864965317814,10.233333333333333,5288.8,0.5
5451,22327296,2663,97412.57900106347,54881.98308085521,9.58,4865.23,-6.723548722220585e-06,79248.1665019989,0.8166958385845646,1.2493056e-06,0.95095193,5.14,0.23,0.2,0.15,0.42,,,,,
5452,22331392,2664,96843.92525503736,54578.20339756067,9.52,4864.7,-1.8431862372381147e-05,26093.120376586914,0.8032757573528215,1.2476999679999998e-06,0.9065718,5.07,0.24,0.2,0.15,0.41,,,,,
5453,22335488,2665,96168.92204977042,54192.873938440636,9.48,4837.36,-1.721266016829759e-05,30008.844061374664,0.8353564087301493,1.2460943359999996e-06,0.9638037,5.06,0.24,0.2,0.15,0.41,,,,,
5454,22339584,2668,92016.11852313744,51879.85186347103,9.41,4637.08,-2.2638932932750322e-05,19509.342019557953,0.8855269033228979,1.2444887039999994e-06,0.8880778,5.21,0.24,0.18,0.15,0.43,,,,,
5455,22343680,2670,92417.62947920183,52118.864852961386,9.37,4667.64,-9.684863243819564e-06,24192.7542181015,0.9169709578854963,1.2428830719999991e-06,0.8804889,5.14,0.23,0.2,0.15,0.42,,,,,
5456,22347776,2671,92510.74086810801,52154.534664521154,9.38,4666.14,-2.0485463210206944e-06,79598.26690101624,0.8562658171867952,1.2412774400000006e-06,0.9721222,5.15,0.23,0.2,0.15,0.42,,,,,
5457,22351872,2672,91376.51278440493,51505.04244862192,9.33,4599.09,-5.6171920732595026e-05,7822.3454875946045,0.941325452644378,1.2396718080000004e-06,0.9464789,5.17,0.22,0.21,0.15,0.42,,,,,
5458,22355968,2672,91376.51278440493,51505.04244862192,9.33,4599.09,-2.1423532416520175e-05,22192.9270529747,0.8054452779470012,1.2380661760000002e-06,0.97565657,5.17,0.22,0.21,0.15,0.42,,,,,
5459,22360064,2672,91376.51278440493,51505.04244862192,9.33,4599.09,-4.617546892404789e-06,93326.05450248718,0.8851879892172292,1.236460544e-06,0.9741645,5.17,0.22,0.21,0.15,0.42,,,,,
5460,22364160,2673,93993.77230659724,52927.60486707274,9.41,4700.77,-5.1744127631536685e-06,175434.21667289734,0.9148581237532198,1.2348549119999997e-06,0.9505755,5.15,0.23,0.2,0.15,0.42,,,,,
5461,22368256,2673,93993.77230659724,52927.60486707274,9.41,4700.77,-1.808688284654636e-05,37719.82534837723,0.9164465151261538,1.2332492799999995e-06,0.95892125,5.15,0.23,0.2,0.15,0.42,,,,,
5462,22372352,2675,94550.88518236559,53211.57221186621,9.41,4723.89,-4.121107849641703e-06,47596.85455226898,0.8677762083243579,1.2316436479999993e-06,0.93682,5.12,0.23,0.2,0.16,0.41,,,,,
5463,22376448,2676,94685.43227534852,53279.17312387418,9.4,4742.05,-6.619785381190013e-06,53160.38071203232,0.8080624848371372,1.230038015999999e-06,0.94323814,5.09,0.24,0.2,0.15,0.41,,,,,
5464,22380544,2676,94685.43227534852,53279.17312387418,9.4,4742.05,-3.967565135098994e-06,131923.8093509674,0.8023746060207486,1.2284323840000005e-06,0.9734231,5.09,0.24,0.2,0.15,0.41,,,,,
5465,22384640,2678,94820.90234727421,53329.77216581421,9.47,4722.57,-2.2162403183756396e-06,145963.68901062012,0.8504479351686314,1.2268267520000003e-06,0.9436655,5.19,0.23,0.2,0.15,0.42,,,,,
5466,22388736,2680,91269.68223744076,51336.04078805045,9.44,4564.38,-6.736808245477732e-05,19259.757409095764,0.899212222895585,1.22522112e-06,0.9178898,5.33,0.23,0.19,0.14,0.44,,,,,
5467,22392832,2680,91269.68223744076,51336.04078805045,9.44,4564.38,-7.059123527142219e-05,24570.505647182465,0.7968044797889888,1.2236154879999999e-06,0.9809215,5.33,0.23,0.19,0.14,0.44,,,,,
5468,22396928,2681,91017.9327941899,51201.620957493025,9.4,4581.09,-7.609590738866245e-06,55789.10657310486,0.845949426991865,1.2220098559999997e-06,0.97118056,5.26,0.24,0.19,0.14,0.43,,,,,
5469,22401024,2683,91024.58707110875,51181.95709327049,9.48,4555.09,-3.74474584532436e-05,15751.207992553711,0.9410633672960103,1.2204042239999994e-06,0.9488149,5.38,0.23,0.18,0.14,0.45,,,,,
5470,22405120,2683,91024.58707110875,51181.95709327049,9.48,4555.09,-8.801526746538002e-06,48930.84290981293,0.8139137283433229,1.2187985919999992e-06,0.9749146,5.38,0.23,0.18,0.14,0.45,,,,,
5471,22409216,2685,89599.1317375083,50420.265819056855,9.47,4491.52,-8.34031197882723e-06,36122.08154678345,0.8684858118649572,1.217192959999999e-06,0.9818645,5.44,0.21,0.19,0.15,0.45,,,,,
5472,22413312,2685,89599.1317375083,50420.265819056855,9.47,4491.52,-4.039815212308895e-05,20048.695016384125,0.8283288431121036,1.2155873279999988e-06,0.97371185,5.44,0.21,0.19,0.15,0.45,,,,,
5473,22417408,2685,89599.1317375083,50420.265819056855,9.47,4491.52,-2.591432348708622e-06,72994.2890253067,0.7386525162728503,1.2139816960000002e-06,0.97656935,5.44,0.21,0.19,0.15,0.45,,,,,
5474,22421504,2686,90830.39021947242,51073.55202082685,9.51,4521.12,-5.6709559430601075e-06,131291.07928657532,0.8272767413873225,1.212376064e-06,0.9754505,5.46,0.2,0.2,0.15,0.45,,,,,
5475,22425600,2687,91958.83911684883,51654.96636214243,9.61,4517.89,-1.0815851965162437e-06,484130.01025009155,0.7482463001506403,1.2107704319999998e-06,0.94350827,5.57,0.19,0.2,0.15,0.46,116140.90852971477,64788.65723943108,10.1,5255.933333333333,0.43333333333333335
5476,22429696,2687,91958.83911684883,51654.96636214243,9.61,4517.89,-4.244335650582798e-05,21169.720099925995,0.842325325938873,1.2091647999999996e-06,0.93670577,5.57,0.19,0.2,0.15,0.46,,,,,
5477,22433792,2688,92148.59072978648,51786.905471358485,9.54,4555.65,-2.4292696252814494e-05,14400.38220834732,0.7758600022643805,1.207559168000001e-06,0.9808528,5.45,0.2,0.2,0.15,0.45,,,,,
5478,22437888,2688,92148.59072978648,51786.905471358485,9.54,4555.65,-4.6304955503728706e-05,16050.6270570755,0.8113426893251017,1.2059535360000008e-06,0.9668674,5.45,0.2,0.2,0.15,0.45,,,,,
5479,22441984,2688,92148.59072978648,51786.905471358485,9.54,4555.65,-3.7412737583508715e-06,46140.881752967834,0.7865854444680735,1.2043479040000006e-06,0.97840714,5.45,0.2,0.2,0.15,0.45,,,,,
5480,22446080,2689,93904.17229006112,52730.017098595126,9.61,4626.12,-2.988737969644717e-05,22101.015172958374,0.8585009597009048,1.2027422719999987e-06,0.98175126,5.45,0.2,0.2,0.15,0.45,,,,,
5481,22450176,2690,94485.4715633949,53049.42901988707,9.59,4671.42,-1.2086818969692104e-05,25971.0387468338,0.8311031586490571,1.2011366400000002e-06,0.95141196,5.38,0.21,0.2,0.15,0.44,,,,,
5482,22454272,2690,94485.4715633949,53049.42901988707,9.59,4671.42,-1.4488968190562446e-05,25509.90446329117,0.8634895173599944,1.199531008e-06,0.9572059,5.38,0.21,0.2,0.15,0.44,,,,,
5483,22458368,2691,95349.67058621178,53544.60305215451,9.53,4723.96,-5.200758096179925e-06,84609.27898597717,0.8190069323172793,1.1979253759999997e-06,0.97555834,5.26,0.21,0.21,0.15,0.43,,,,,
5484,22462464,2693,94755.69597698955,53195.78388628434,9.65,4661.79,-1.0051056051452179e-05,74043.75751686096,0.8548340246779844,1.1963197439999995e-06,0.95335394,5.45,0.2,0.21,0.14,0.45,,,,,
5485,22466560,2694,94036.36466748809,52810.98610140788,9.62,4633.92,-5.016244722355623e-05,11147.221233606339,0.8440177763113752,1.194714112000001e-06,0.97755533,5.45,0.2,0.21,0.14,0.45,,,,,
5486,22470656,2695,94478.20242031217,53072.65269430869,9.62,4665.3,-3.3016551242326386e-05,13142.073648691177,0.8775126644177362,1.1931084800000008e-06,0.9743608,5.41,0.2,0.22,0.14,0.44,,,,,
5487,22474752,2696,94061.81417814315,52863.97273947651,9.59,4654.43,-6.488657163572498e-06,76940.98735427856,0.7481234183069319,1.1915028480000005e-06,0.96908534,5.39,0.2,0.22,0.14,0.44,,,,,
5488,22478848,2697,90412.25229232793,50975.25721120936,9.53,4556.04,-1.4502884368994273e-05,69172.47551679611,0.844708027667366,1.1898972160000003e-06,0.96752477,5.42,0.2,0.22,0.14,0.44,,,,,
5489,22482944,2698,90878.02773119236,51235.83498284361,9.48,4600.78,-1.2019742825941648e-05,42387.16287231445,0.9090274404734373,1.188291584e-06,0.9613854,5.32,0.2,0.23,0.14,0.43,,,,,
5490,22487040,2698,90878.02773119236,51235.83498284361,9.48,4600.78,-8.100349077722058e-05,8874.133504629135,0.8262904103612527,1.1866859519999999e-06,0.979504,5.32,0.2,0.23,0.14,0.43,,,,,
5491,22491136,2698,90878.02773119236,51235.83498284361,9.48,4600.78,-1.4938837921363302e-05,36922.006410598755,0.7671557803405449,1.1850803199999996e-06,0.9793179,5.32,0.2,0.23,0.14,0.43,,,,,
5492,22495232,2699,89320.6842635145,50436.96922778597,9.44,4560.12,-1.035560853779316e-05,33418.2947974205,0.8731293635210022,1.1834746879999994e-06,0.97625625,5.31,0.2,0.23,0.14,0.43,,,,,
5493,22499328,2699,89320.6842635145,50436.96922778597,9.44,4560.12,-1.2937427527504042e-05,32398.489409446716,0.8217214774340391,1.1818690559999992e-06,0.97930944,5.31,0.2,0.23,0.14,0.43,,,,,
5494,22503424,2700,91101.33312898953,51427.424315385724,9.52,4635.98,-1.1135963177366648e-05,40908.282507419586,0.7830073211807758,1.1802634240000007e-06,0.9855751,5.31,0.2,0.23,0.14,0.43,,,,,
5495,22507520,2700,91101.33312898953,51427.424315385724,9.52,4635.98,-6.373534233716782e-05,18039.63450860977,0.8139912714250386,1.1786577920000005e-06,0.9801974,5.31,0.2,0.23,0.14,0.43,,,,,
5496,22511616,2700,91101.33312898953,51427.424315385724,9.52,4635.98,-5.569818767980905e-06,44652.823227882385,0.7735957232071087,1.1770521600000002e-06,0.9830409,5.31,0.2,0.23,0.14,0.43,,,,,
5497,22515712,2701,92829.4195292419,52390.8234472144,9.51,4727.06,-2.875677455449477e-05,10140.281538844109,0.8578958751168102,1.175446528e-06,0.9428114,5.2,0.21,0.23,0.14,0.42,,,,,
5498,22519808,2702,93704.71883375471,52870.08529368036,9.52,4783.32,-3.7592135413433425e-06,76503.89938163757,0.8186640792991966,1.1738408959999998e-06,0.8934112,5.15,0.22,0.23,0.14,0.41,,,,,
5499,22523904,2703,94363.97247243751,53218.27731999569,9.6,4777.14,-2.759046765277162e-06,207655.476020813,0.8276097943307832,1.1722352639999996e-06,0.96659213,5.24,0.22,0.22,0.14,0.42,,,,,
5500,22528000,2703,94363.97247243751,53218.27731999569,9.6,4777.14,-0.00018228957014798652,7753.162186861038,0.861987215350382,1.1706296319999993e-06,0.95666903,5.24,0.22,0.22,0.14,0.42,129583.02086911396,72302.39206925659,10.866666666666667,5962.9,0.5666666666666667
5501,22532096,2704,94801.61092821561,53478.24461416281,9.54,4828.57,-5.451119250210468e-06,47952.30596923828,0.8280444910051301,1.1690239999999991e-06,0.9553006,5.12,0.23,0.22,0.14,0.41,,,,,
5502,22536192,2705,95217.36007852273,53698.4469676035,9.52,4859.21,-7.698121407884173e-06,21640.2850689888,0.8297551142750308,1.1674183680000006e-06,0.8524691,5.07,0.23,0.23,0.14,0.4,,,,,
5503,22540288,2705,95217.36007852273,53698.4469676035,9.52,4859.21,-9.122270057559945e-06,16141.241997241974,0.8534734683344141,1.1658127360000004e-06,0.9462409,5.07,0.23,0.23,0.14,0.4,,,,,
5504,22544384,2707,94544.18207928922,53334.1584357294,9.45,4849.07,-2.103304177580867e-05,18898.21798849106,0.8980912625556812,1.1642071040000002e-06,0.9492924,5.0,0.25,0.23,0.12,0.4,,,,,
5505,22548480,2707,94544.18207928922,53334.1584357294,9.45,4849.07,-2.3411234906234313e-05,12884.13155245781,0.8425749825546518,1.162601472e-06,0.9759783,5.0,0.25,0.23,0.12,0.4,,,,,
5506,22552576,2707,94544.18207928922,53334.1584357294,9.45,4849.07,-9.203628451359691e-06,47950.75481796265,0.8215377427404746,1.1609958399999997e-06,0.9762496,5.0,0.25,0.23,0.12,0.4,,,,,
5507,22556672,2708,97473.57720253355,54921.9045942053,9.53,4978.9,-2.639833837747574e-06,147290.14930534363,0.7654019517358392,1.1593902079999995e-06,0.9624366,4.95,0.26,0.23,0.12,0.39,,,,,
5508,22560768,2708,97473.57720253355,54921.9045942053,9.53,4978.9,-1.7736789232003503e-05,19614.839367866516,0.7848286721855402,1.1577845759999993e-06,0.9470402,4.95,0.26,0.23,0.12,0.39,,,,,
5509,22564864,2709,97759.55112688245,55096.9211656316,9.52,5007.99,-1.88269950740505e-05,19170.99223136902,0.7701765776146203,1.156178943999999e-06,0.98178303,4.91,0.26,0.24,0.12,0.38,,,,,
5510,22568960,2710,97746.28613549331,55084.577516397265,9.51,5012.78,-2.9704413464060053e-05,17634.930924654007,0.9539843861712143,1.1545733119999988e-06,0.95087767,4.89,0.27,0.23,0.12,0.38,,,,,
5511,22573056,2712,95409.49654735251,53782.542253942556,9.46,4897.93,-1.3450182450469583e-05,19087.082624197006,0.8144732329528779,1.1529676800000003e-06,0.8316768,4.96,0.26,0.23,0.12,0.39,,,,,
5512,22577152,2712,95409.49654735251,53782.542253942556,9.46,4897.93,-1.1231868484173901e-05,16448.54983997345,0.7689200222957879,1.151362048e-06,0.9848893,4.96,0.26,0.23,0.12,0.39,,,,,
5513,22581248,2713,96195.59650476834,54190.83511673453,9.48,4929.26,-1.2745036656269804e-05,50716.243721961975,0.7658253125846386,1.1497564159999999e-06,0.9805401,4.94,0.27,0.22,0.12,0.39,,,,,
5514,22585344,2716,93407.77605389297,52690.83476004281,9.46,4806.48,-3.838295924651902e-06,83549.21845245361,1.0076742464443669,1.1481507839999996e-06,0.9177921,5.04,0.26,0.21,0.13,0.4,,,,,
5515,22589440,2717,92937.09523167415,52442.12533737141,9.42,4796.76,-2.645049971761182e-05,9387.128514051437,0.8766831968678162,1.1465451520000011e-06,0.95900774,5.0,0.27,0.21,0.12,0.4,,,,,
5516,22593536,2718,93167.26710671095,52578.31781923017,9.37,4813.01,-1.3371904969972093e-05,10865.535071372986,0.8550794417969882,1.1449395200000009e-06,0.9503687,4.93,0.27,0.22,0.12,0.39,,,,,
5517,22597632,2718,93167.26710671095,52578.31781923017,9.37,4813.01,-8.071916454355232e-06,17258.795948028564,0.8085005539469421,1.143333887999999e-06,0.9781298,4.93,0.27,0.22,0.12,0.39,,,,,
5518,22601728,2718,93167.26710671095,52578.31781923017,9.37,4813.01,-3.955681222578278e-06,56217.144225120544,0.7596142756519839,1.1417282559999987e-06,0.9809832,4.93,0.27,0.22,0.12,0.39,,,,,
5519,22605824,2719,94138.05114099472,53097.426140904165,9.4,4848.65,-1.3483527254720684e-05,22856.19934821129,0.8256433785427362,1.1401226240000002e-06,0.8819338,4.93,0.27,0.22,0.12,0.39,,,,,
5520,22609920,2719,94138.05114099472,53097.426140904165,9.4,4848.65,-7.3039882408920676e-06,27654.657979011536,0.8280903634149581,1.138516992e-06,0.9845369,4.93,0.27,0.22,0.12,0.39,,,,,
5521,22614016,2721,94302.85503755817,53179.36027072968,9.42,4837.6,-1.2306045391596854e-05,23374.90269756317,0.8624516134150326,1.1369113599999998e-06,0.9193514,4.96,0.26,0.22,0.13,0.39,,,,,
5522,22618112,2721,94302.85503755817,53179.36027072968,9.42,4837.6,-1.4060419744055253e-05,24417.47109746933,0.8064872124232352,1.1353057279999996e-06,0.97046113,4.96,0.26,0.22,0.13,0.39,,,,,
5523,22622208,2722,95529.03863712243,53869.85512780068,9.43,4911.33,-8.037904990487732e-06,20933.251659870148,0.8121135967085138,1.1337000959999993e-06,0.9624305,4.89,0.27,0.22,0.13,0.38,,,,,
5524,22626304,2723,95907.64676153328,54067.54493160287,9.43,4937.23,-1.1049287422792986e-06,221720.75518417358,0.8039753155317158,1.1320944640000008e-06,0.7849152,4.86,0.27,0.23,0.12,0.38,,,,,
5525,22630400,2723,95907.64676153328,54067.54493160287,9.43,4937.23,-4.241644091962371e-05,8743.717458724976,0.8911707383813336,1.1304888320000006e-06,0.9749759,4.86,0.27,0.23,0.12,0.38,92917.92461920869,52305.91278666686,9.633333333333333,4629.2,0.3333333333333333
5526,22634496,2723,95907.64676153328,54067.54493160287,9.43,4937.23,-7.784441550029442e-06,65454.288519859314,0.8257380718132481,1.1288832000000004e-06,0.96150285,4.86,0.27,0.23,0.12,0.38,,,,,
5527,22638592,2724,96291.33789131859,54306.7202789256,9.37,4996.79,-7.687611287110485e-06,38699.32352542877,0.8105053177569062,1.1272775680000001e-06,0.97588104,4.73,0.28,0.23,0.12,0.37,,,,,
5528,22642688,2725,93959.19617153011,53033.26243439687,9.32,4896.12,-1.3323732673597988e-05,46709.5427236557,0.8399587030289695,1.125671936e-06,0.95825446,4.79,0.27,0.23,0.12,0.38,,,,,
5529,22646784,2726,94805.47589587029,53503.43043124899,9.34,4937.55,-1.056715063896263e-05,18105.871970176697,0.8539317143149674,1.1240663039999997e-06,0.96759635,4.77,0.27,0.23,0.13,0.37,,,,,
5530,22650880,2726,94805.47589587029,53503.43043124899,9.34,4937.55,-1.205565786221996e-05,22575.247978687286,0.8432314482051879,1.1224606719999995e-06,0.9681792,4.77,0.27,0.23,0.13,0.37,,,,,
5531,22654976,2726,94805.47589587029,53503.43043124899,9.34,4937.55,-5.243698979029432e-06,85342.73564434052,0.7244816571474075,1.1208550399999993e-06,0.9654995,4.77,0.27,0.23,0.13,0.37,,,,,
5532,22659072,2727,96951.00534114339,54667.38358196783,9.4,5036.0,-1.6101141227409244e-05,33636.07666158676,0.8974149757996202,1.1192494080000007e-06,0.977144,4.73,0.28,0.23,0.12,0.37,,,,,
5533,22663168,2727,96951.00534114339,54667.38358196783,9.4,5036.0,-4.525427357293665e-06,34769.31115150452,0.8643665474373847,1.1176437760000005e-06,0.985697,4.73,0.28,0.23,0.12,0.37,,,,,
5534,22667264,2729,98543.76647615465,55561.892202251234,9.46,5098.07,-3.750327778107021e-06,83889.31474494934,0.8549608462490141,1.1160381440000003e-06,0.89469624,4.73,0.27,0.23,0.13,0.37,,,,,
5535,22671360,2729,98543.76647615465,55561.892202251234,9.46,5098.07,-9.422523362445645e-06,15210.956152200699,0.8415197075810283,1.114432512e-06,0.9715129,4.73,0.27,0.23,0.13,0.37,,,,,
5536,22675456,2729,98543.76647615465,55561.892202251234,9.46,5098.07,-3.2370398912462406e-06,45065.11837005615,0.8322987376013771,1.1128268799999998e-06,0.9800242,4.73,0.27,0.23,0.13,0.37,,,,,
5537,22679552,2729,98543.76647615465,55561.892202251234,9.46,5098.07,-2.7434007279225625e-06,238854.0721092224,0.7982999094529077,1.1112212479999996e-06,0.9639503,4.73,0.27,0.23,0.13,0.37,,,,,
5538,22683648,2730,99640.61628387023,56194.030350633264,9.45,5173.55,-3.042720527446363e-05,12048.654338359833,0.8757542854873464,1.1096156159999994e-06,0.9640137,4.64,0.28,0.23,0.13,0.36,,,,,
5539,22687744,2731,98862.80377997957,55772.56995582709,9.42,5140.02,-9.305541425419506e-06,36634.8034620285,0.827587912324816,1.1080099839999992e-06,0.9170077,4.65,0.27,0.24,0.13,0.36,,,,,
5540,22691840,2731,98862.80377997957,55772.56995582709,9.42,5140.02,-7.3819319368340075e-06,33762.41356086731,0.739837761502713,1.106404351999999e-06,0.97115904,4.65,0.27,0.24,0.13,0.36,,,,,
5541,22695936,2733,99846.4279243852,56326.644826511365,9.48,5182.99,-2.41618613472383e-05,13589.16972208023,0.8647635405650362,1.1047987200000004e-06,0.9863444,4.66,0.27,0.25,0.12,0.36,,,,,
5542,22700032,2734,98634.80965516764,55687.760981839856,9.44,5137.64,-2.2298632757156156e-05,25443.425280094147,0.8238872919464484,1.1031930880000002e-06,0.9715543,4.66,0.27,0.25,0.12,0.36,,,,,
5543,22704128,2735,98827.12438037145,55792.860987064574,9.38,5148.08,-4.664156767830718e-05,14070.011669397354,0.8461802935926244,1.101587456e-06,0.9438875,4.59,0.27,0.25,0.12,0.36,,,,,
5544,22708224,2735,98827.12438037145,55792.860987064574,9.38,5148.08,-4.5401327952276915e-05,29220.010820388794,0.8167856003856286,1.0999818239999998e-06,0.95881873,4.59,0.27,0.25,0.12,0.36,,,,,
5545,22712320,2736,100655.420927792,56781.30955985129,9.45,5227.22,-4.129906301386654e-06,40267.110085487366,0.7297193390550092,1.0983761919999995e-06,0.98410875,4.58,0.28,0.24,0.12,0.36,,,,,
5546,22716416,2736,100655.420927792,56781.30955985129,9.45,5227.22,-6.1755099522997625e-06,109625.22366333008,0.8286962100537494,1.0967705599999993e-06,0.9787428,4.58,0.28,0.24,0.12,0.36,,,,,
5547,22720512,2738,98704.70666573322,55691.59785934352,9.46,5118.25,-3.7876907299505547e-06,124971.08071136475,0.8840333138359711,1.095164927999999e-06,0.9677172,4.71,0.28,0.23,0.11,0.38,,,,,
5548,22724608,2739,97980.16672883357,55281.799553552206,9.49,5054.61,-1.6509511624462903e-06,215232.8932762146,0.7932412744266912,1.0935592959999989e-06,0.96043545,4.81,0.27,0.23,0.11,0.39,,,,,
5549,22728704,2739,97980.16672883357,55281.799553552206,9.49,5054.61,-2.589937867014669e-05,19505.149373292923,0.7971101689618081,1.0919536640000004e-06,0.9657946,4.81,0.27,0.23,0.11,0.39,,,,,
5550,22732800,2740,98571.6968744175,55605.28034955736,9.53,5084.77,-3.5167749956599437e-06,68261.6144247055,0.8883878595661372,1.0903480320000001e-06,0.9535541,4.82,0.26,0.24,0.11,0.39,97046.14686513047,54745.097254880704,9.7,4748.866666666667,0.5666666666666667
5551,22736896,2741,98432.37185499493,55547.62152635631,9.49,5092.57,-3.3838278795883525e-05,18325.58508849144,0.867372463690117,1.0887424e-06,0.95478845,4.77,0.26,0.24,0.11,0.39,,,,,
5552,22740992,2741,98432.37185499493,55547.62152635631,9.49,5092.57,-1.4354865925270133e-05,37701.35621356964,0.8097759761149064,1.0871367679999997e-06,0.9782694,4.77,0.26,0.24,0.11,0.39,,,,,
5553,22745088,2742,98824.32685077665,55769.68222968233,9.5,5109.96,-1.866062120825518e-06,80613.10115814209,0.8563742077676579,1.0855311360000012e-06,0.9645698,4.76,0.26,0.24,0.11,0.39,,,,,
5554,22749184,2742,98824.32685077665,55769.68222968233,9.5,5109.96,-1.0770501830847934e-05,45375.50617790222,0.8068978139199317,1.083925504000001e-06,0.96984893,4.76,0.26,0.24,0.11,0.39,,,,,
5555,22753280,2742,98824.32685077665,55769.68222968233,9.5,5109.96,-4.8110268835444e-06,73405.58672714233,0.7415907194372267,1.082319871999999e-06,0.97800994,4.76,0.26,0.24,0.11,0.39,,,,,
5556,22757376,2743,97562.36225836749,55107.91399630326,9.47,5078.25,-1.0329073575121583e-05,59706.22368621826,0.8540674624964595,1.0807142399999988e-06,0.97607714,4.76,0.26,0.24,0.11,0.39,,,,,
5557,22761472,2744,98966.7311642506,55873.66302676845,9.49,5137.07,-2.1479895622178447e-06,52942.68819999695,0.851844017743133,1.0791086079999986e-06,0.9742703,4.72,0.26,0.24,0.12,0.38,,,,,
5558,22765568,2744,98966.7311642506,55873.66302676845,9.49,5137.07,-4.9091328037320636e-05,26241.32187795639,0.8165385648608208,1.077502976e-06,0.98145944,4.72,0.26,0.24,0.12,0.38,,,,,
5559,22769664,2745,99005.38520687142,55923.71367894199,9.48,5145.62,-3.716872015502304e-06,32027.730526924133,0.8083164296112955,1.0758973439999998e-06,0.97996753,4.69,0.26,0.24,0.13,0.37,,,,,
5560,22773760,2745,99005.38520687142,55923.71367894199,9.48,5145.62,-1.3023262908973265e-05,23971.224655628204,0.8396776815643534,1.0742917119999996e-06,0.9802363,4.69,0.26,0.24,0.13,0.37,,,,,
5561,22777856,2746,100635.44986601951,56860.606431680935,9.5,5228.25,-4.899393388768658e-06,44783.16410446167,0.8520366741577163,1.0726860799999994e-06,0.9765079,4.63,0.26,0.25,0.13,0.36,,,,,
5562,22781952,2746,100635.44986601951,56860.606431680935,9.5,5228.25,-1.962354599527316e-05,44347.26047039032,0.7586030813399702,1.0710804480000009e-06,0.9761543,4.63,0.26,0.25,0.13,0.36,,,,,
5563,22786048,2746,100635.44986601951,56860.606431680935,9.5,5228.25,-8.141323633026332e-06,76572.19673347473,0.7808466859860346,1.0694748160000006e-06,0.9819368,4.63,0.26,0.25,0.13,0.36,,,,,
5564,22790144,2748,101924.20049024632,57523.56168428121,9.62,5261.09,-5.86027090321295e-06,102271.38398265839,0.8516302340431139,1.0678691840000004e-06,0.96835715,4.73,0.26,0.24,0.13,0.37,,,,,
5565,22794240,2750,100126.14482890503,56509.53708766941,9.59,5157.93,-5.127374606672674e-06,41440.7237071991,0.9157167722005397,1.0662635520000002e-06,0.96039736,4.81,0.25,0.23,0.14,0.38,,,,,
5566,22798336,2750,100126.14482890503,56509.53708766941,9.59,5157.93,-1.8419616935716476e-05,17744.129816532135,0.8391343874391168,1.06465792e-06,0.9739234,4.81,0.25,0.23,0.14,0.38,,,,,
5567,22802432,2750,100126.14482890503,56509.53708766941,9.59,5157.93,-2.953012881334871e-06,68929.93316745758,0.78883702296298,1.0630522879999998e-06,0.97262204,4.81,0.25,0.23,0.14,0.38,,,,,
5568,22806528,2751,101857.64680575779,57481.71307702523,9.66,5245.9,-1.141824213846121e-05,35617.118803977966,0.8276790768140927,1.0614466559999995e-06,0.98256433,4.78,0.26,0.23,0.13,0.38,,,,,
5569,22810624,2751,101857.64680575779,57481.71307702523,9.66,5245.9,-1.8643604562385008e-06,205726.89241790771,0.7173792256508023,1.0598410239999993e-06,0.9644715,4.78,0.26,0.23,0.13,0.38,,,,,
5570,22814720,2753,102974.08901089996,57998.03182630876,9.72,5249.48,-5.340568350220565e-06,149988.2015800476,0.8756136836018413,1.0582353920000008e-06,0.949147,4.85,0.26,0.22,0.13,0.39,,,,,
5571,22818816,2753,102974.08901089996,57998.03182630876,9.72,5249.48,-6.714679329888895e-06,26097.884261608124,0.8154388674302027,1.0566297600000006e-06,0.9716302,4.85,0.26,0.22,0.13,0.39,,,,,
5572,22822912,2754,103978.96346242413,58559.07178540235,9.73,5313.47,-4.568279109662399e-06,46854.683899879456,0.7953249223064631,1.0550241280000003e-06,0.9621145,4.79,0.27,0.22,0.13,0.38,,,,,
5573,22827008,2755,105001.23637864039,59126.97831424639,9.81,5353.85,-2.0948646124452353e-06,108210.8358745575,0.7810205627465621,1.0534184960000001e-06,0.94930226,4.83,0.27,0.21,0.13,0.39,,,,,
5574,22831104,2756,104694.35193232015,58935.481093682676,9.83,5322.29,-2.2904669094714336e-06,158705.76073503494,0.8360695277806371,1.051812864e-06,0.9002359,4.89,0.27,0.2,0.13,0.4,,,,,
5575,22835200,2756,104694.35193232015,58935.481093682676,9.83,5322.29,-2.871196556952782e-06,85791.14268398285,0.7704328332329169,1.0502072319999997e-06,0.96904886,4.89,0.27,0.2,0.13,0.4,103553.9383016008,58218.87160226683,10.033333333333333,5099.666666666667,0.43333333333333335
5576,22839296,2758,103504.26598240253,58279.43375477093,9.81,5270.15,-1.5424411685671657e-06,64748.26957511902,0.9211967746959999,1.0486015999999995e-06,0.9291573,4.92,0.27,0.2,0.12,0.41,,,,,
5577,22843392,2759,104379.8366930197,58775.81900301804,9.81,5308.7,-3.303277480881661e-06,36125.55760002136,0.80770106066484,1.0469959679999992e-06,0.97148186,4.88,0.27,0.2,0.12,0.41,,,,,
5578,22847488,2760,103072.90609197899,58071.8008078157,9.78,5263.49,-8.633724064566195e-06,29735.872300624847,0.8637357060797513,1.045390335999999e-06,0.9652506,4.9,0.27,0.2,0.12,0.41,,,,,
5579,22851584,2761,104174.69010821432,58689.51862805686,9.8,5317.39,-4.4128337322035804e-06,37003.8530254364,0.7656647873809561,1.0437847040000005e-06,0.9815535,4.86,0.27,0.21,0.12,0.4,,,,,
5580,22855680,2761,104174.69010821432,58689.51862805686,9.8,5317.39,-2.3167459403339308e-05,13660.142099142075,0.877906804671511,1.0421790720000003e-06,0.9634859,4.86,0.27,0.21,0.12,0.4,,,,,
5581,22859776,2761,104174.69010821432,58689.51862805686,9.8,5317.39,-6.16627494309796e-06,36739.21423339844,0.7916965340264142,1.04057344e-06,0.9755244,4.86,0.27,0.21,0.12,0.4,,,,,
5582,22863872,2762,104570.09371879684,58910.06034417177,9.78,5358.03,-2.2522799554280937e-06,163003.22278118134,0.8340519845951349,1.0389678079999998e-06,0.97279894,4.79,0.28,0.21,0.12,0.39,,,,,
5583,22867968,2763,105911.90610654885,59594.48946330244,9.84,5394.11,-4.191990228719078e-06,137272.24059391022,0.8246786919189617,1.0373621759999996e-06,0.9383492,4.82,0.28,0.21,0.12,0.39,,,,,
5584,22872064,2763,105911.90610654885,59594.48946330244,9.84,5394.11,-4.225719749229029e-06,22374.18518257141,0.7928852428449318,1.0357565439999994e-06,0.97551566,4.82,0.28,0.21,0.12,0.39,,,,,
5585,22876160,2764,106529.59329678948,59937.63909636825,9.87,5421.97,-1.7674457012617495e-05,12653.43285870552,0.8959469776600599,1.0341509119999992e-06,0.9798915,4.82,0.28,0.21,0.12,0.39,,,,,
5586,22880256,2764,106529.59329678948,59937.63909636825,9.87,5421.97,-5.249714376986958e-06,25566.627819538116,0.7881897386396304,1.032545279999999e-06,0.9814944,4.82,0.28,0.21,0.12,0.39,,,,,
5587,22884352,2765,107382.99795033359,60421.24565464479,9.91,5465.67,-6.17130717728287e-06,49535.54749393463,0.772374605643563,1.0309396480000004e-06,0.98003346,4.81,0.29,0.2,0.12,0.39,,,,,
5588,22888448,2767,108730.73888808482,61131.44283399178,9.95,5506.12,-6.4077667047968134e-06,85545.40196037292,0.8485082047991455,1.0293340160000002e-06,0.97561336,4.81,0.28,0.21,0.12,0.39,,,,,
5589,22892544,2768,108896.29657110281,61225.31899921462,9.9,5516.62,-1.675480598350987e-05,23267.220240592957,0.9281362044857815,1.027728384e-06,0.9633256,4.75,0.28,0.21,0.13,0.38,,,,,
5590,22896640,2769,109805.03451315746,61716.47076563664,9.95,5547.77,-1.2517220056906808e-05,19591.9960231781,0.7911126841790974,1.0261227519999997e-06,0.9884825,4.77,0.28,0.2,0.14,0.38,,,,,
5591,22900736,2770,109982.34859884238,61816.420737518354,9.96,5561.01,-2.44861985265743e-05,8689.331011772156,0.8499492501141503,1.0245171200000012e-06,0.9638755,4.76,0.29,0.19,0.14,0.38,,,,,
5592,22904832,2770,109982.34859884238,61816.420737518354,9.96,5561.01,-8.302433343487792e-06,34622.546772003174,0.7945632121991366,1.0229114879999993e-06,0.9622659,4.76,0.29,0.19,0.14,0.38,,,,,
5593,22908928,2772,109973.99992479071,61827.21771902261,9.96,5576.43,-8.747791980567854e-06,25057.43904876709,0.8288711747154593,1.021305855999999e-06,0.9457792,4.74,0.29,0.19,0.14,0.38,,,,,
5594,22913024,2772,109973.99992479071,61827.21771902261,9.96,5576.43,-1.409253127349075e-05,12578.55121421814,0.8233024430228397,1.0197002239999989e-06,0.9822831,4.74,0.29,0.19,0.14,0.38,,,,,
5595,22917120,2773,108893.31048380591,61245.390320212326,9.93,5542.92,-4.210374754620716e-06,60001.83978652954,0.7581621949793771,1.0180945919999986e-06,0.9774894,4.74,0.29,0.19,0.14,0.38,,,,,
5596,22921216,2773,108893.31048380591,61245.390320212326,9.93,5542.92,-6.849488181615015e-05,11723.931387662888,0.853081225650385,1.0164889600000001e-06,0.9744209,4.74,0.29,0.19,0.14,0.38,,,,,
5597,22925312,2774,109031.5611786583,61328.123534925515,9.93,5555.83,-8.2253354776185e-06,38331.06230831146,0.7823583813151345,1.0148833279999999e-06,0.97844285,4.72,0.29,0.2,0.13,0.38,,,,,
5598,22929408,2774,109031.5611786583,61328.123534925515,9.93,5555.83,-2.834226324921474e-05,9998.497841119766,0.8684614513767883,1.0132776959999997e-06,0.972692,4.72,0.29,0.2,0.13,0.38,,,,,
5599,22933504,2775,109762.78297460021,61760.454534520104,9.93,5607.74,-1.8753748918243218e-05,31617.20660495758,0.8554530431283638,1.0116720639999994e-06,0.94250035,4.66,0.3,0.2,0.13,0.37,,,,,
5600,22937600,2776,110421.5694119353,62125.58966292833,9.97,5628.86,-9.038525604410097e-06,26092.19541501999,0.77161840419285,1.010066432000001e-06,0.97535044,4.68,0.29,0.21,0.13,0.37,129312.51981732922,72030.1167641815,10.766666666666667,5861.8,0.5333333333333333
5601,22941696,2776,110421.5694119353,62125.58966292833,9.97,5628.86,-1.890738985821372e-05,14749.358797550201,0.8563982478808612,1.0084608000000007e-06,0.96065944,4.68,0.29,0.21,0.13,0.37,,,,,
5602,22945792,2777,108908.88246922656,61314.49140780822,9.89,5600.16,-8.67337075760588e-06,32358.688945770264,0.7784336953191087,1.0068551680000005e-06,0.9659923,4.61,0.3,0.21,0.13,0.36,,,,,
5603,22949888,2778,109666.30143203128,61753.857026764956,9.86,5636.25,-3.514515447022859e-05,23017.164029598236,0.7956371557665989,1.0052495360000003e-06,0.98502856,4.54,0.3,0.21,0.14,0.35,,,,,
5604,22953984,2779,110959.75980992655,62459.951141435864,9.9,5684.11,-7.946635378175415e-06,59121.1136264801,0.75827783474233,1.003643904e-06,0.9741569,4.53,0.3,0.21,0.14,0.35,,,,,
5605,22958080,2779,110959.75980992655,62459.951141435864,9.9,5684.11,-1.8065215499518672e-05,15260.151808738708,0.7923333216458559,1.0020382719999998e-06,0.9829424,4.53,0.3,0.21,0.14,0.35,,,,,
5606,22962176,2780,112494.26053945541,63359.62009270735,9.88,5762.34,-1.7943416423804592e-06,71547.22777366638,0.8218227566685528,1.0004326399999996e-06,0.9638746,4.43,0.3,0.22,0.14,0.34,,,,,
5607,22966272,2780,112494.26053945541,63359.62009270735,9.88,5762.34,-6.847955683042528e-05,15773.297559976578,0.82668395282235,9.988270079999994e-07,0.96740216,4.43,0.3,0.22,0.14,0.34,,,,,
5608,22970368,2780,112494.26053945541,63359.62009270735,9.88,5762.34,-1.1298596291453578e-05,49960.39651966095,0.8040797440335155,9.972213760000008e-07,0.96886384,4.43,0.3,0.22,0.14,0.34,,,,,
5609,22974464,2781,113330.28817633352,63834.705289269834,9.91,5793.32,-1.2594429790624417e-05,20457.31397008896,0.7860511958133429,9.956157440000006e-07,0.98692685,4.43,0.3,0.22,0.14,0.34,,,,,
5610,22978560,2781,113330.28817633352,63834.705289269834,9.91,5793.32,-8.116207936836872e-06,31396.059447288513,0.8786688705440611,9.940101120000004e-07,0.94753695,4.43,0.3,0.22,0.14,0.34,,,,,
5611,22982656,2782,113723.9116463159,64066.09709501097,9.89,5831.32,-1.0168070730287582e-05,25631.187519550323,0.8919683829881251,9.924044800000002e-07,0.9741062,4.36,0.31,0.22,0.14,0.33,,,,,
5612,22986752,2783,114280.2769928897,64382.87982542824,9.88,5873.8,-2.7105602384835947e-05,10729.382822275162,0.9156331002013758,9.90798848e-07,0.95008147,4.3,0.32,0.22,0.14,0.32,,,,,
5613,22990848,2783,114280.2769928897,64382.87982542824,9.88,5873.8,-1.8632439605426043e-05,22029.089391708374,0.856760417111218,9.891932159999997e-07,0.984122,4.3,0.32,0.22,0.14,0.32,,,,,
5614,22994944,2783,114280.2769928897,64382.87982542824,9.88,5873.8,-3.7980644265189767e-06,56501.9299697876,0.8087285403162241,9.875875839999995e-07,0.9773205,4.3,0.32,0.22,0.14,0.32,,,,,
5615,22999040,2788,108993.45719561804,61510.598942878045,9.83,5665.49,-1.4334345905808732e-06,82688.73692321777,0.893960225279443,9.859819519999993e-07,0.9387388,4.47,0.31,0.21,0.13,0.35,,,,,
5616,23003136,2788,108993.45719561804,61510.598942878045,9.83,5665.49,-1.3008160749450326e-05,18949.92604637146,0.8876114373560995,9.84376319999999e-07,0.94277775,4.47,0.31,0.21,0.13,0.35,,,,,
5617,23007232,2790,107031.32733708143,60433.99102015239,9.78,5569.25,-9.50379399000667e-06,22354.622045993805,0.8820099604781717,9.827706880000005e-07,0.9664409,4.52,0.3,0.21,0.13,0.36,,,,,
5618,23011328,2790,107031.32733708143,60433.99102015239,9.78,5569.25,-9.959192539099604e-06,29505.3528175354,0.8545230814488605,9.811650560000003e-07,0.9680517,4.52,0.3,0.21,0.13,0.36,,,,,
5619,23015424,2791,107752.06833457825,60835.64253640747,9.81,5595.32,-2.9393449949566275e-06,70245.6293296814,0.8162807880435139,9.79559424e-07,0.9647415,4.53,0.3,0.21,0.13,0.36,,,,,
5620,23019520,2791,107752.06833457825,60835.64253640747,9.81,5595.32,-4.209160488244379e-05,16812.342814207077,0.7898966551292688,9.779537919999999e-07,0.9732516,4.53,0.3,0.21,0.13,0.36,,,,,
5621,23023616,2791,107752.06833457825,60835.64253640747,9.81,5595.32,-1.0653934623405803e-05,25588.412152290344,0.8093207054771483,9.763481599999997e-07,0.9884498,4.53,0.3,0.21,0.13,0.36,,,,,
5622,23027712,2792,108855.59677920706,61458.36817212796,9.8,5665.23,-2.5895215003401972e-06,83427.0527973175,0.7716621124418452,9.747425279999994e-07,0.97077894,4.44,0.31,0.21,0.13,0.35,,,,,
5623,23031808,2794,108535.98756334945,61273.197579855456,9.7,5649.81,-1.8197373719885945e-05,22149.621246814728,0.8557082257466391,9.731368959999992e-07,0.93771225,4.36,0.31,0.21,0.13,0.35,,,,,
5624,23035904,2795,108816.90670808949,61438.40327719557,9.73,5653.33,-6.916605343576521e-06,23126.97894859314,0.8573448575334623,9.71531263999999e-07,0.9790992,4.39,0.31,0.2,0.14,0.35,,,,,
5625,23040000,2795,108816.90670808949,61438.40327719557,9.73,5653.33,-8.517745300196111e-07,145401.6216468811,0.8408871033461764,9.699256320000005e-07,0.9692739,4.39,0.31,0.2,0.14,0.35,137211.70373150127,76512.91351758294,11.2,6273.166666666667,0.5666666666666667
5626,23044096,2796,109828.43241134303,61961.31131140696,9.79,5680.89,-1.013579276332166e-05,33578.80571222305,0.9301797200459987,9.683200000000002e-07,0.93505645,4.43,0.31,0.2,0.14,0.35,,,,,
5627,23048192,2796,109828.43241134303,61961.31131140696,9.79,5680.89,-7.052331056911498e-06,34922.64297056198,0.8058806953486055,9.66714368e-07,0.9875423,4.43,0.31,0.2,0.14,0.35,,,,,
5628,23052288,2797,111480.36768618046,62866.0966428746,9.79,5758.84,-2.903294443967752e-06,103459.97652053833,0.8654922666028142,9.651087359999998e-07,0.97314745,4.35,0.31,0.21,0.14,0.34,,,,,
5629,23056384,2798,110498.9748567457,62324.208495831444,9.76,5705.06,-2.823494651238434e-05,14772.463959693909,0.8337984654353932,9.635031039999996e-07,0.9657136,4.38,0.31,0.2,0.15,0.34,,,,,
5630,23060480,2799,109237.812847818,61640.13407387212,9.72,5654.8,-2.06937147595454e-06,44369.91075325012,0.8101478116586804,9.618974719999994e-07,0.9722744,4.39,0.31,0.2,0.15,0.34,,,,,
5631,23064576,2801,106074.03685136506,59891.94336125535,9.62,5514.68,-1.1377487680874765e-06,126846.42436218262,0.872381524881348,9.602918399999991e-07,0.93025637,4.44,0.3,0.21,0.14,0.35,,,,,
5632,23068672,2802,105340.24452056654,59503.60236695775,9.68,5457.57,-1.897687980090268e-06,35274.49243545532,0.8817797749070451,9.58686207999999e-07,0.97948587,4.56,0.29,0.21,0.14,0.36,,,,,
5633,23072768,2803,105665.85385100116,59681.409121429926,9.66,5480.23,-2.3527982193627395e-06,73273.3605632782,0.8255346483783796,9.570805759999987e-07,0.9802699,4.52,0.29,0.21,0.14,0.36,,,,,
5634,23076864,2804,105376.67199647106,59511.10940755872,9.67,5447.42,-3.4747872632578947e-06,46368.433913230896,0.8257169632706791,9.554749440000002e-07,0.9717003,4.57,0.28,0.21,0.14,0.37,,,,,
5635,23080960,2805,105110.80743020507,59349.38325042899,9.65,5427.99,-2.6849294954445213e-05,20245.287328720093,0.8978908730205148,9.53869312e-07,0.95651495,4.57,0.28,0.21,0.14,0.37,,,,,
5636,23085056,2809,100840.1966292246,56995.20975591093,9.54,5209.18,-4.394310963107273e-06,26227.31723499298,0.9192949503194541,9.522636799999997e-07,0.93773293,4.69,0.25,0.22,0.15,0.38,,,,,
5637,23089152,2809,100840.1966292246,56995.20975591093,9.54,5209.18,-2.677420161489863e-05,15720.993865728378,0.8420684784650803,9.506580479999995e-07,0.9617934,4.69,0.25,0.22,0.15,0.38,,,,,
5638,23093248,2809,100840.1966292246,56995.20975591093,9.54,5209.18,-8.250616701843683e-06,39482.85224056244,0.7792789920931682,9.49052416000001e-07,0.9756103,4.69,0.25,0.22,0.15,0.38,,,,,
5639,23097344,2810,102236.66719711185,57759.11332197492,9.6,5268.39,-4.684132363763638e-06,29900.100447177887,0.8118200587341562,9.474467840000008e-07,0.9772737,4.69,0.25,0.22,0.15,0.38,,,,,
5640,23101440,2811,102777.07150152647,58072.39454586476,9.62,5292.47,-8.112101568258367e-06,18261.256903648376,0.8182876111241058,9.458411520000005e-07,0.9760031,4.68,0.25,0.22,0.16,0.37,,,,,
5641,23105536,2811,102777.07150152647,58072.39454586476,9.62,5292.47,-5.852215508639347e-06,42439.402468681335,0.8508774783695117,9.442355200000003e-07,0.96419454,4.68,0.25,0.22,0.16,0.37,,,,,
5642,23109632,2812,103988.8918608429,58752.4578800495,9.62,5360.64,-5.025052814744413e-06,28151.88955783844,0.8852924156235531,9.426298880000001e-07,0.96736544,4.61,0.25,0.23,0.16,0.36,,,,,
5643,23113728,2813,103098.6608311174,58264.093007500676,9.61,5312.02,-1.02134799817577e-06,111556.28484916687,0.8250327099813148,9.410242559999999e-07,0.93795604,4.66,0.24,0.23,0.16,0.37,,,,,
5644,23117824,2814,102877.28320505282,58115.987816963745,9.57,5310.74,-1.6200842765101697e-05,18421.593762397766,0.8430650677764788,9.394186239999996e-07,0.8905261,4.62,0.25,0.23,0.15,0.37,,,,,
5645,23121920,2817,102813.02584777113,58098.227007621725,9.54,5307.73,-4.106086635147221e-06,37721.352098464966,0.8908158889971673,9.378129919999994e-07,0.8844526,4.6,0.24,0.24,0.16,0.36,,,,,
5646,23126016,2818,103082.39555620783,58245.78869697195,9.55,5326.36,-3.5068178476649337e-06,40234.457631111145,0.7998160071438178,9.362073599999992e-07,0.9609645,4.59,0.24,0.24,0.16,0.36,,,,,
5647,23130112,2819,101622.79120275532,57451.88655266258,9.53,5250.81,-1.8879854906117544e-06,53944.77303600311,0.8291621743701398,9.346017280000007e-07,0.9688162,4.65,0.23,0.24,0.16,0.37,,,,,
5648,23134208,2819,101622.79120275532,57451.88655266258,9.53,5250.81,-6.835496606072411e-06,114141.80711364746,0.8180273736361414,9.329960960000005e-07,0.97293067,4.65,0.23,0.24,0.16,0.37,,,,,
5649,23138304,2819,101622.79120275532,57451.88655266258,9.53,5250.81,-1.7207985365530476e-06,429549.87424468994,0.6942198562901467,9.313904640000002e-07,0.9523256,4.65,0.23,0.24,0.16,0.37,,,,,
5650,23142400,2821,104035.77597177094,58670.28104582103,9.64,5288.45,-2.386736923654098e-06,243667.93091773987,0.8826895675156265,9.29784832e-07,0.9179756,4.74,0.23,0.23,0.15,0.39,105320.863269788,59212.20974946336,10.133333333333333,5181.433333333333,0.5333333333333333
5651,23146496,2821,104035.77597177094,58670.28104582103,9.64,5288.45,-1.8846858438337222e-05,14091.82108592987,0.8892636253731325,9.281791999999998e-07,0.9735312,4.74,0.23,0.23,0.15,0.39,,,,,
5652,23150592,2823,102845.61001547497,58000.16166056667,9.61,5223.63,-5.9331723605282605e-06,37898.69178438187,0.8624984668567777,9.265735679999996e-07,0.9652398,4.78,0.23,0.22,0.15,0.4,,,,,
5653,23154688,2823,102845.61001547497,58000.16166056667,9.61,5223.63,-2.847753421519883e-06,139889.14710998535,0.8184914364246652,9.249679359999993e-07,0.9712659,4.78,0.23,0.22,0.15,0.4,,,,,
5654,23158784,2825,102301.75585301271,57706.35157972307,9.58,5183.74,-1.095973675546702e-05,19710.552289009094,0.9120401573600248,9.233623039999991e-07,0.8985138,4.79,0.23,0.22,0.15,0.4,,,,,
5655,23162880,2825,102301.75585301271,57706.35157972307,9.58,5183.74,-1.7972521163756028e-05,39148.58283853531,0.8332726595690474,9.217566720000006e-07,0.9639144,4.79,0.23,0.22,0.15,0.4,,,,,
5656,23166976,2825,102301.75585301271,57706.35157972307,9.58,5183.74,-6.247174496820662e-06,53568.02163028717,0.7765049338340759,9.201510400000004e-07,0.9758102,4.79,0.23,0.22,0.15,0.4,,,,,
5657,23171072,2826,103818.78894790848,58521.9277599929,9.62,5244.8,-5.491370757226832e-06,60035.3696141243,0.9002003867644817,9.185454080000002e-07,0.9795701,4.77,0.23,0.23,0.14,0.4,,,,,
5658,23175168,2827,101866.21855691224,57455.53035033378,9.56,5159.18,-8.730949048185721e-07,97688.0228357315,0.8821434255223721,9.169397759999999e-07,0.75036126,4.8,0.22,0.23,0.15,0.4,,,,,
5659,23179264,2828,100875.1177668526,56909.923310357284,9.51,5128.38,-7.721231668256223e-06,19024.440767765045,0.8460814786376432,9.153341439999997e-07,0.9313631,4.77,0.23,0.23,0.14,0.4,,,,,
5660,23183360,2831,97217.75239825854,54898.479050851296,9.4,4968.84,-2.8988761187065393e-06,35978.077560424805,0.8948138082632795,9.137285119999995e-07,0.88885766,4.82,0.22,0.23,0.14,0.41,,,,,
5661,23187456,2831,97217.75239825854,54898.479050851296,9.4,4968.84,-4.249216726748273e-05,8368.326601266861,0.86038285959512,9.121228799999993e-07,0.97803247,4.82,0.22,0.23,0.14,0.41,,,,,
5662,23191552,2831,97217.75239825854,54898.479050851296,9.4,4968.84,-2.6214311219519004e-06,52314.66167449951,0.8252634325763211,9.10517247999999e-07,0.9717045,4.82,0.22,0.23,0.14,0.41,,,,,
5663,23195648,2832,98414.2173565269,55541.43743373639,9.43,5022.5,-2.3233478714246303e-06,79709.9899482727,0.8082226441474631,9.089116160000005e-07,0.9714096,4.8,0.23,0.22,0.14,0.41,,,,,
5664,23199744,2832,98414.2173565269,55541.43743373639,9.43,5022.5,-1.8920860384241678e-05,13326.645664215088,0.812325899139978,9.073059840000003e-07,0.9756655,4.8,0.23,0.22,0.14,0.41,,,,,
5665,23203840,2833,100145.45251117567,56499.1294618751,9.43,5107.72,-3.0869759939378127e-06,45088.928153038025,0.7329788061324507,9.057003520000001e-07,0.9806824,4.71,0.23,0.23,0.14,0.4,,,,,
5666,23207936,2833,100145.45251117567,56499.1294618751,9.43,5107.72,-8.595553481427487e-06,25242.52147245407,0.884605586878024,9.040947199999999e-07,0.9411898,4.71,0.23,0.23,0.14,0.4,,,,,
5667,23212032,2835,100091.45092353865,56475.1522817571,9.48,5100.63,-1.6528374544577673e-05,25432.826329231262,0.8344427701085806,9.024890879999996e-07,0.9802645,4.77,0.22,0.24,0.14,0.4,,,,,
5668,23216128,2835,100091.45092353865,56475.1522817571,9.48,5100.63,-4.775711022375617e-05,8420.212025165558,0.8696033775340766,9.008834559999994e-07,0.9778744,4.77,0.22,0.24,0.14,0.4,,,,,
5669,23220224,2835,100091.45092353865,56475.1522817571,9.48,5100.63,-5.349945240595844e-06,49984.21241569519,0.8246412534499541,8.992778239999992e-07,0.9662663,4.77,0.22,0.24,0.14,0.4,,,,,
5670,23224320,2836,99994.87972480466,56438.28997899819,9.48,5095.21,-3.3976866689044982e-06,61302.076332092285,0.8332239089068025,8.97672191999999e-07,0.9771566,4.77,0.22,0.24,0.14,0.4,,,,,
5671,23228416,2838,98861.45060802832,55831.86596236641,9.34,5075.29,-1.480096034356393e-05,13875.990978956223,0.8395486994413659,8.960665599999987e-07,0.97478133,4.64,0.23,0.24,0.15,0.38,,,,,
5672,23232512,2838,98861.45060802832,55831.86596236641,9.34,5075.29,-1.063799481926253e-05,28673.65601873398,0.7911904974607751,8.944609280000002e-07,0.96698403,4.64,0.23,0.24,0.15,0.38,,,,,
5673,23236608,2838,98861.45060802832,55831.86596236641,9.34,5075.29,-3.7280642573023215e-06,48892.944469451904,0.7789088762365282,8.92855296e-07,0.9831286,4.64,0.23,0.24,0.15,0.38,,,,,
5674,23240704,2838,98861.45060802832,55831.86596236641,9.34,5075.29,-4.00545286538545e-06,265025.6795101166,0.7378994640894234,8.912496639999998e-07,0.9676821,4.64,0.23,0.24,0.15,0.38,,,,,
5675,23244800,2840,101269.8767024788,57093.417610910576,9.36,5149.42,-1.2476039046305232e-05,430673.8211746216,0.8211248647421598,8.896440319999996e-07,0.9350673,4.59,0.23,0.24,0.15,0.38,111039.30319328654,62590.043486110975,10.466666666666667,5490.466666666666,0.5666666666666667
5676,23248896,2841,100769.55039797837,56820.27200893518,9.32,5134.86,-1.3744063835474662e-05,21244.138525009155,0.8699441478820518,8.88038400000001e-07,0.96359545,4.56,0.23,0.25,0.15,0.37,,,,,
5677,23252992,2842,99877.10827404079,56318.074354181124,9.3,5090.77,-1.9491817511152476e-06,54780.284125328064,0.8271177384303883,8.864327680000008e-07,0.96924186,4.59,0.23,0.24,0.16,0.37,,,,,
5678,23257088,2842,99877.10827404079,56318.074354181124,9.3,5090.77,-1.1038501725124661e-05,32974.22984790802,0.9060988471610472,8.848271360000006e-07,0.9684785,4.59,0.23,0.24,0.16,0.37,,,,,
5679,23261184,2842,99877.10827404079,56318.074354181124,9.3,5090.77,-6.350055627990514e-06,45651.05980682373,0.7363220275146887,8.832215040000004e-07,0.983805,4.59,0.23,0.24,0.16,0.37,,,,,
5680,23265280,2844,97859.18165547942,55222.500502610834,9.26,5016.98,-6.905656846356578e-06,29076.547035694122,0.8976299653295428,8.816158720000001e-07,0.97864264,4.62,0.23,0.25,0.14,0.38,,,,,
5681,23269376,2844,97859.18165547942,55222.500502610834,9.26,5016.98,-5.64053698326461e-06,83564.36351013184,0.8364626207621768,8.800102399999999e-07,0.9796031,4.62,0.23,0.25,0.14,0.38,,,,,
5682,23273472,2846,97128.72601969568,54758.76860263488,9.21,4963.57,-7.354470653808676e-06,99944.44310951233,0.8432668932946399,8.784046079999997e-07,0.96502423,4.63,0.23,0.25,0.13,0.39,,,,,
5683,23277568,2847,94867.12289543425,53537.862692314695,9.19,4872.2,-4.748258652398363e-05,9025.29331278801,0.8666447984287515,8.767989759999995e-07,0.96955585,4.7,0.23,0.25,0.12,0.4,,,,,
5684,23281664,2847,94867.12289543425,53537.862692314695,9.19,4872.2,-4.959285433869809e-06,40436.11823606491,0.7899433742277324,8.751933439999993e-07,0.9682936,4.7,0.23,0.25,0.12,0.4,,,,,
5685,23285760,2847,94867.12289543425,53537.862692314695,9.19,4872.2,-3.6674800867331214e-06,118281.6085395813,0.770232955692336,8.735877120000007e-07,0.9663717,4.7,0.23,0.25,0.12,0.4,,,,,
5686,23289856,2848,96870.5750216881,54684.274179927896,9.18,4973.58,-2.4825951186357997e-05,11722.609641075134,0.9091019701445475,8.719820800000005e-07,0.9826034,4.58,0.24,0.25,0.12,0.39,,,,,
5687,23293952,2852,92310.64115677348,52198.09034016508,9.0,4806.06,-8.447903383057564e-06,21421.513467788696,0.9321907255798578,8.703764480000003e-07,0.870296,4.57,0.23,0.27,0.12,0.38,,,,,
5688,23298048,2852,92310.64115677348,52198.09034016508,9.0,4806.06,-2.4246506654890254e-05,16931.015116214752,0.8537810434354469,8.687708160000001e-07,0.9771616,4.57,0.23,0.27,0.12,0.38,,,,,
5689,23302144,2853,93611.432577898,52920.18234926107,9.01,4883.36,-1.4075858416617848e-06,119952.62853431702,0.8012951565906405,8.671651839999998e-07,0.95668525,4.5,0.24,0.27,0.12,0.37,,,,,
5690,23306240,2854,92977.86790117496,52585.6020940654,9.08,4831.26,-9.947798389475793e-06,22411.18701982498,0.8626945567084476,8.655595519999996e-07,0.9677266,4.63,0.23,0.27,0.12,0.38,,,,,
5691,23310336,2855,92774.23038609973,52486.882234286306,9.05,4834.49,-1.4239545635064133e-05,31325.67873287201,0.8809068978298455,8.639539199999994e-07,0.9454716,4.59,0.23,0.28,0.12,0.37,,,,,
5692,23314432,2855,92774.23038609973,52486.882234286306,9.05,4834.49,-4.330024967202917e-05,24976.559295654297,0.8219960433198139,8.623482879999992e-07,0.98479575,4.59,0.23,0.28,0.12,0.37,,,,,
5693,23318528,2857,92091.01511063878,52150.952822189574,8.97,4827.36,-3.683066097437404e-06,36062.176938056946,0.8106538204010576,8.607426560000007e-07,0.9758204,4.5,0.23,0.3,0.12,0.35,,,,,
5694,23322624,2857,92091.01511063878,52150.952822189574,8.97,4827.36,-6.416815267584752e-05,9037.51798081398,0.8685781919630244,8.591370240000004e-07,0.977368,4.5,0.23,0.3,0.12,0.35,,,,,
5695,23326720,2858,93104.62068647973,52725.007742323825,8.97,4892.9,-9.543568921799306e-07,278829.29043006897,0.8043945828685537,8.575313920000002e-07,0.83279836,4.43,0.24,0.3,0.12,0.34,,,,,
5696,23330816,2860,91737.34165765764,51936.96723085928,8.9,4832.82,-1.4212450878403615e-05,8888.507711172104,0.8934645178960636,8.5592576e-07,0.9099491,4.42,0.24,0.3,0.13,0.33,,,,,
5697,23334912,2860,91737.34165765764,51936.96723085928,8.9,4832.82,-5.0249695050297305e-05,24502.044154167175,0.8135327235795557,8.543201279999998e-07,0.97099876,4.42,0.24,0.3,0.13,0.33,,,,,
5698,23339008,2860,91737.34165765764,51936.96723085928,8.9,4832.82,-3.3935320971067995e-06,40481.93839550018,0.769256025669165,8.527144959999995e-07,0.98610246,4.42,0.24,0.3,0.13,0.33,,,,,
5699,23343104,2861,93272.16999385587,52756.35606985413,8.94,4893.16,-3.334426764922682e-06,109349.14304065704,0.8465917082503438,8.511088639999993e-07,0.9696697,4.4,0.25,0.29,0.13,0.33,,,,,
5700,23347200,2863,91073.8768773395,51584.43471671909,8.8,4821.65,-3.1066902010934427e-06,34349.774477005005,0.8661878869170323,8.495032319999991e-07,0.9467215,4.33,0.24,0.3,0.14,0.32,120514.97315679357,66949.33076075776,10.266666666666667,5416.9,0.5333333333333333
5701,23351296,2863,91073.8768773395,51584.43471671909,8.8,4821.65,-3.777711845032172e-05,8286.765972614288,0.8419290179153904,8.478975999999989e-07,0.96123624,4.33,0.24,0.3,0.14,0.32,,,,,
5702,23355392,2864,90425.12129376874,51221.4398454009,8.77,4792.98,-2.222722605438321e-05,9470.173722743988,0.8926267761271447,8.462919680000004e-07,0.9672931,4.33,0.24,0.3,0.14,0.32,,,,,
5703,23359488,2864,90425.12129376874,51221.4398454009,8.77,4792.98,-1.6177413272089325e-05,23340.840443134308,0.8858069739071652,8.446863360000001e-07,0.98283625,4.33,0.24,0.3,0.14,0.32,,,,,
5704,23363584,2864,90425.12129376874,51221.4398454009,8.77,4792.98,-2.3023676476441324e-06,75280.67495250702,0.7963911787373945,8.430807039999999e-07,0.9817406,4.33,0.24,0.3,0.14,0.32,,,,,
5705,23367680,2865,91657.66799295922,51891.994974598456,8.81,4835.44,-1.8022562471742276e-05,19503.210696697235,0.8355386237381026,8.414750719999997e-07,0.9113519,4.33,0.24,0.3,0.14,0.32,,,,,
5706,23371776,2868,90458.92744190505,51276.01682458029,8.81,4809.12,-5.516399141924921e-06,32579.90175151825,0.8721094918437302,8.398694399999995e-07,0.9293385,4.34,0.25,0.29,0.14,0.32,,,,,
5707,23375872,2868,90458.92744190505,51276.01682458029,8.81,4809.12,-5.124263225297909e-06,21535.663331508636,0.8223247398855165,8.382638079999992e-07,0.96456635,4.34,0.25,0.29,0.14,0.32,,,,,
5708,23379968,2870,90101.11160741997,51093.022295452145,8.8,4800.53,-3.3974411053350195e-06,22790.721185684204,0.8955550452228636,8.36658175999999e-07,0.968161,4.34,0.25,0.29,0.14,0.32,,,,,
5709,23384064,2871,89358.32170190303,50671.96040417863,8.77,4763.45,-4.098379577044398e-06,40031.024024009705,0.8956135702319443,8.350525439999988e-07,0.93801373,4.35,0.25,0.28,0.15,0.32,,,,,
5710,23388160,2872,90462.43902181555,51290.89687570408,8.79,4814.91,-7.25154677638784e-07,127993.01621818542,0.7777213351801038,8.334469120000003e-07,0.91704834,4.32,0.25,0.28,0.16,0.31,,,,,
5711,23392256,2873,88910.62140034893,50443.94587296821,8.8,4726.73,-2.4231676434283145e-06,54361.95449542999,0.7851152156945318,8.318412800000001e-07,0.9802578,4.42,0.24,0.28,0.16,0.32,,,,,
5712,23396352,2873,88910.62140034893,50443.94587296821,8.8,4726.73,-5.439535016193986e-06,25108.129915714264,0.9248307622037828,8.302356479999998e-07,0.9760874,4.42,0.24,0.28,0.16,0.32,,,,,
5713,23400448,2874,88940.43882573217,50483.772597859854,8.8,4734.1,-5.93436743656639e-06,27108.21636390686,0.8592447907431051,8.286300159999996e-07,0.9811849,4.41,0.25,0.27,0.16,0.32,,,,,
5714,23404544,2875,88919.8084287425,50487.43219416538,8.8,4736.21,-4.943525709677488e-06,36253.416761398315,0.8960424981778488,8.270243840000011e-07,0.9427918,4.41,0.25,0.27,0.16,0.32,,,,,
5715,23408640,2878,86533.53309977974,49122.742686874735,8.75,4614.96,-2.9837929105269723e-06,72361.98936271667,0.9526572356699035,8.254187520000009e-07,0.64814436,4.5,0.25,0.26,0.15,0.34,,,,,
5716,23412736,2880,83937.15691847268,47688.73820239135,8.7,4493.76,-1.745665940688923e-06,67794.3108329773,0.8443102844757959,8.238131200000006e-07,0.96706915,4.57,0.25,0.25,0.15,0.35,,,,,
5717,23416832,2880,83937.15691847268,47688.73820239135,8.7,4493.76,-2.536058673285879e-06,33301.41208982468,0.812715838314034,8.222074880000004e-07,0.95817417,4.57,0.25,0.25,0.15,0.35,,,,,
5718,23420928,2881,82935.86221707947,47146.7579877719,8.67,4452.67,-2.006325485126581e-05,31233.064950466156,0.836353205726482,8.206018559999985e-07,0.9608026,4.58,0.24,0.26,0.15,0.35,,,,,
5719,23425024,2882,82557.24983356579,46935.22402307545,8.66,4428.65,-7.295999239431694e-06,35471.336997032166,0.8684246829943731,8.18996224e-07,0.953263,4.6,0.23,0.27,0.15,0.35,,,,,
5720,23429120,2882,82557.24983356579,46935.22402307545,8.66,4428.65,-1.5769647689012345e-05,25012.255433797836,0.8588989111594856,8.173905919999998e-07,0.9699828,4.6,0.23,0.27,0.15,0.35,,,,,
5721,23433216,2882,82557.24983356579,46935.22402307545,8.66,4428.65,-3.0733990570297465e-06,52420.72357559204,0.7561669084243476,8.157849599999995e-07,0.979914,4.6,0.23,0.27,0.15,0.35,,,,,
5722,23437312,2883,84767.4740588291,48135.116039504705,8.74,4501.44,-3.2123325581778772e-06,106113.61710357666,0.8125233966857195,8.141793279999993e-07,0.975894,4.61,0.22,0.28,0.15,0.35,,,,,
5723,23441408,2884,83264.82937021754,47294.45466186965,8.72,4432.09,-5.978054105071351e-06,25261.208413124084,0.9021889365976676,8.125736960000008e-07,0.97637427,4.66,0.22,0.27,0.15,0.36,,,,,
5724,23445504,2885,84121.46127169873,47763.31708010556,8.74,4478.23,-3.824252416961826e-06,48317.23658370972,0.8330571072874591,8.109680640000006e-07,0.9409839,4.63,0.22,0.28,0.15,0.35,,,,,
5725,23449600,2885,84121.46127169873,47763.31708010556,8.74,4478.23,-5.813427378598135e-06,44682.0196890831,0.8255966237047687,8.093624320000003e-07,0.9587428,4.63,0.22,0.28,0.15,0.35,93675.82673778092,52687.573830734196,9.7,4751.833333333333,0.3333333333333333
5726,23453696,2886,84926.15569881468,48208.19316839003,8.72,4522.65,-1.5065157640492544e-05,27110.315939426422,0.8316864317748696,8.077568000000001e-07,0.96865106,4.56,0.22,0.29,0.15,0.34,,,,,
5727,23457792,2887,85861.25942906736,48743.58343785968,8.71,4570.43,-5.48420302948216e-06,35187.22838592529,0.8200031736632809,8.061511679999999e-07,0.9546531,4.5,0.22,0.29,0.16,0.33,,,,,
5728,23461888,2887,85861.25942906736,48743.58343785968,8.71,4570.43,-4.8169792535190936e-05,37696.659767627716,0.8325657866662368,8.045455359999997e-07,0.97886616,4.5,0.22,0.29,0.16,0.33,,,,,
5729,23465984,2889,86515.5083465092,49127.24948265028,8.74,4590.56,-2.4955879780463874e-06,59384.92702484131,0.8071048017591238,8.029399039999995e-07,0.96496445,4.51,0.21,0.3,0.16,0.33,,,,,
5730,23470080,2889,86515.5083465092,49127.24948265028,8.74,4590.56,-9.99125768430531e-06,22226.543358802795,0.9240822958527133,8.013342719999992e-07,0.9688925,4.51,0.21,0.3,0.16,0.33,,,,,
5731,23474176,2890,87997.77822149792,49968.545187678355,8.78,4673.45,-6.882828529342078e-07,62558.10878753662,0.8075241413898766,7.997286400000007e-07,0.9683854,4.46,0.22,0.3,0.16,0.32,,,,,
5732,23478272,2892,84729.17118958004,48154.7564404526,8.69,4512.4,-2.2467138478532434e-06,55408.60798931122,0.7749749384820461,7.981230080000005e-07,0.9717234,4.54,0.21,0.29,0.17,0.33,,,,,
5733,23482368,2892,84729.17118958004,48154.7564404526,8.69,4512.4,-4.5071024032949936e-05,8577.407946825027,0.838508078828454,7.965173760000003e-07,0.98500174,4.54,0.21,0.29,0.17,0.33,,,,,
5734,23486464,2893,85090.65311666168,48372.17210264225,8.71,4532.02,-3.7577992770820856e-06,60665.78802108765,0.8711386307841167,7.94911744e-07,0.9649838,4.54,0.21,0.29,0.17,0.33,,,,,
5735,23490560,2894,85769.98007499824,48756.52467094544,8.75,4558.25,-1.2939230146002956e-05,15741.146831989288,0.8188533895881847,7.933061119999998e-07,0.9762349,4.55,0.21,0.29,0.17,0.33,,,,,
5736,23494656,2895,86629.38993784606,49205.49135308429,8.77,4594.93,-9.121182301896624e-06,30964.54763174057,0.7487594806589186,7.917004799999996e-07,0.98704326,4.53,0.21,0.3,0.16,0.33,,,,,
5737,23498752,2895,86629.38993784606,49205.49135308429,8.77,4594.93,-1.3948456398793496e-05,12082.407732009888,0.8300187917193398,7.900948479999994e-07,0.98318344,4.53,0.21,0.3,0.16,0.33,,,,,
5738,23502848,2896,86606.42915331425,49217.70516304896,8.73,4618.33,-1.1856709534185939e-06,69455.7702293396,0.8186615736922249,7.884892159999992e-07,0.9624343,4.46,0.21,0.31,0.16,0.32,,,,,
5739,23506944,2898,84061.23572913384,47817.70024403247,8.66,4526.23,-1.2748832887155004e-05,9808.657930135727,0.9229938781354576,7.868835839999989e-07,0.93979615,4.48,0.22,0.3,0.15,0.33,,,,,
5740,23511040,2901,82994.0185656651,47230.381066045295,8.61,4472.29,-1.4297893358161673e-06,53039.14850234985,0.943377259070985,7.852779520000004e-07,0.95314443,4.48,0.23,0.28,0.15,0.34,,,,,
5741,23515136,2902,82989.67906192571,47225.39920399786,8.52,4488.79,-2.084688367176568e-05,11575.165648698807,0.9165140698896721,7.836723200000002e-07,0.9602183,4.37,0.23,0.29,0.15,0.33,,,,,
5742,23519232,2902,82989.67906192571,47225.39920399786,8.52,4488.79,-2.064901673293207e-05,9809.130539655685,0.7750591310905293,7.82066688e-07,0.98379076,4.37,0.23,0.29,0.15,0.33,,,,,
5743,23523328,2903,82465.55135680421,46958.09956346705,8.48,4494.4,-1.34037145471666e-06,45341.340198516846,0.8194747610250488,7.804610559999997e-07,0.97668046,4.31,0.24,0.29,0.15,0.32,,,,,
5744,23527424,2904,82843.59365577322,47161.23415291014,8.5,4503.26,-5.214978955336846e-06,33692.38725852966,0.7882561556762084,7.788554239999995e-07,0.988912,4.32,0.24,0.29,0.15,0.32,,,,,
5745,23531520,2904,82843.59365577322,47161.23415291014,8.5,4503.26,-5.435334060166497e-06,18243.345208644867,0.9187198030995205,7.772497919999993e-07,0.94546866,4.32,0.24,0.29,0.15,0.32,,,,,
5746,23535616,2905,83517.40087331101,47545.177149149546,8.54,4546.9,-8.53214987728279e-06,20202.447015285492,0.8492877328535542,7.756441599999991e-07,0.95110273,4.31,0.25,0.28,0.15,0.32,,,,,
5747,23539712,2907,83396.21551715705,47475.7303610817,8.54,4550.42,-6.68191205477342e-07,135976.52188301086,0.8790384322637692,7.740385279999989e-07,0.66077983,4.31,0.26,0.27,0.15,0.32,,,,,
5748,23543808,2907,83396.21551715705,47475.7303610817,8.54,4550.42,-9.127354132942855e-06,18972.046204566956,0.7631218563765287,7.724328960000003e-07,0.9695995,4.31,0.26,0.27,0.15,0.32,,,,,
5749,23547904,2907,83396.21551715705,47475.7303610817,8.54,4550.42,-2.190585291828029e-06,66936.63251113892,0.7264884769683704,7.708272640000001e-07,0.98083854,4.31,0.26,0.27,0.15,0.32,,,,,
5750,23552000,2909,85926.61885728409,48857.85503223058,8.64,4663.64,-3.147343704767991e-06,76333.66091060638,0.8238498053979129,7.692216319999999e-07,0.95720476,4.3,0.26,0.27,0.15,0.32,87649.03258759594,49462.70100842887,9.5,4538.466666666666,0.36666666666666664
5751,23556096,2909,85926.61885728409,48857.85503223058,8.64,4663.64,-6.236335138964932e-06,23475.012706279755,0.8420176580548286,7.676159999999997e-07,0.94614625,4.3,0.26,0.27,0.15,0.32,,,,,
5752,23560192,2910,84714.1819815719,48198.65684263186,8.59,4616.53,-4.598457962856628e-06,40451.17583465576,0.8375094739021733,7.660103679999994e-07,0.93220943,4.3,0.26,0.27,0.15,0.32,,,,,
5753,23564288,2910,84714.1819815719,48198.65684263186,8.59,4616.53,-3.234257746953517e-06,58716.832681655884,0.7772472618380561,7.644047360000009e-07,0.9780391,4.3,0.26,0.27,0.15,0.32,,,,,
5754,23568384,2912,84739.55109134478,48188.453777098606,8.65,4602.39,-1.6815292838145979e-06,46794.186405181885,0.7959807683946565,7.627991040000007e-07,0.965392,4.38,0.26,0.27,0.14,0.33,,,,,
5755,23572480,2914,84088.42357031297,47818.74273478291,8.69,4568.48,-8.048131348914467e-06,45520.19952201843,0.9033805284416303,7.611934719999988e-07,0.9799688,4.45,0.25,0.28,0.14,0.33,,,,,
5756,23576576,2916,84244.41270836136,47882.06806804133,8.66,4567.42,-2.240074536530301e-06,71861.07532691956,0.9911712291650474,7.595878399999986e-07,0.95328385,4.42,0.26,0.27,0.14,0.33,,,,,
5757,23580672,2917,85141.24004728135,48386.43090006657,8.72,4607.2,-2.2083422663854435e-06,71445.0810956955,0.8720275829546154,7.57982208e-07,0.96108717,4.44,0.26,0.27,0.13,0.34,,,,,
5758,23584768,2917,85141.24004728135,48386.43090006657,8.72,4607.2,-9.6695307547634e-06,21572.807240486145,0.8407541975611821,7.563765759999998e-07,0.9684907,4.44,0.26,0.27,0.13,0.34,,,,,
5759,23588864,2918,85946.21396018328,48832.469716668296,8.76,4636.61,-4.513104613579344e-06,20903.128692150116,0.7750691870460287,7.547709439999996e-07,0.98692477,4.45,0.26,0.27,0.13,0.34,,,,,
5760,23592960,2918,85946.21396018328,48832.469716668296,8.76,4636.61,-8.45070189825492e-06,25298.18191576004,0.8556380207883194,7.531653119999994e-07,0.97565687,4.45,0.26,0.27,0.13,0.34,,,,,
5761,23597056,2919,86622.3149442179,49212.44630233269,8.76,4679.43,-3.2199222914641723e-06,36725.09163570404,0.8321835970273241,7.515596800000008e-07,0.98156905,4.4,0.26,0.28,0.13,0.33,,,,,
5762,23601152,2920,83519.17706095657,47601.58688296314,8.69,4594.59,-1.4899978850735351e-07,149147.61171340942,0.833862055442296,7.499540480000006e-07,0.91538495,4.41,0.26,0.28,0.13,0.33,,,,,
5763,23605248,2921,84612.72566601932,48211.276559864375,8.73,4635.92,-6.050104275345802e-07,96593.62273788452,0.8119233059696853,7.483484160000004e-07,0.97251487,4.41,0.26,0.28,0.13,0.33,,,,,
5764,23609344,2923,83973.42491865736,47846.30645380998,8.73,4585.99,-3.154079422529321e-06,68417.52030825615,0.8800251327920705,7.467427840000002e-07,0.70076823,4.47,0.25,0.29,0.13,0.33,,,,,
5765,23613440,2923,83973.42491865736,47846.30645380998,8.73,4585.99,-1.0289126294082962e-05,16156.146927833557,0.8275651603471488,7.45137152e-07,0.9794805,4.47,0.25,0.29,0.13,0.33,,,,,
5766,23617536,2923,83973.42491865736,47846.30645380998,8.73,4585.99,-6.098392987041734e-06,72346.24417877197,0.7846040120348334,7.435315199999997e-07,0.97095954,4.47,0.25,0.29,0.13,0.33,,,,,
5767,23621632,2924,85422.56490532843,48618.154117944905,8.74,4656.3,-2.425193088129163e-06,199397.72074699402,0.8298116489313543,7.419258879999995e-07,0.9671671,4.4,0.26,0.29,0.13,0.32,,,,,
5768,23625728,2926,83262.98461339786,47433.66875504832,8.69,4549.43,-2.0892111933790147e-06,149558.81084823608,0.8666524372529238,7.403202559999993e-07,0.9573083,4.46,0.25,0.29,0.13,0.33,,,,,
5769,23629824,2926,83262.98461339786,47433.66875504832,8.69,4549.43,-7.18946466804482e-07,1096639.9358901978,0.7210399669129401,7.387146240000008e-07,0.92439795,4.46,0.25,0.29,0.13,0.33,,,,,
5770,23633920,2928,84747.06831963225,48128.03481822946,8.81,4540.59,-2.3187021724879742e-07,275193.51526641846,0.8797694926615804,7.371089920000005e-07,0.8194523,4.61,0.24,0.29,0.13,0.34,,,,,
5771,23638016,2928,84747.06831963225,48128.03481822946,8.81,4540.59,-1.2735818017972633e-06,61516.11536979675,0.752045389614068,7.355033600000003e-07,0.9762752,4.61,0.24,0.29,0.13,0.34,,,,,
5772,23642112,2929,86315.72600882927,48969.11142032111,8.89,4585.98,-7.5523948908085e-06,52704.56086540222,0.8334268212784082,7.338977280000001e-07,0.95655143,4.65,0.24,0.28,0.13,0.35,,,,,
5773,23646208,2929,86315.72600882927,48969.11142032111,8.89,4585.98,-4.206757694191765e-06,34018.3373632431,0.8329855280462652,7.322920959999999e-07,0.97114927,4.65,0.24,0.28,0.13,0.35,,,,,
5774,23650304,2931,88069.31495805428,49934.320767001926,8.93,4675.29,-2.3820739443181083e-06,52869.87123012543,0.814754273975268,7.306864639999997e-07,0.96902525,4.59,0.25,0.28,0.13,0.34,,,,,
5775,23654400,2932,86182.02217429991,48907.882610839195,8.93,4576.84,-1.330418854195159e-06,112871.95574188232,0.8449390429304913,7.290808319999994e-07,0.96297103,4.69,0.24,0.28,0.13,0.35,102266.20254956589,57606.6384534627,9.866666666666667,4924.733333333334,0.43333333333333335
5776,23658496,2933,85609.0177482228,48603.07758728085,8.93,4538.51,-3.6015371733810753e-06,58105.20241355896,0.7954385707853362,7.274751999999992e-07,0.9760989,4.73,0.24,0.27,0.13,0.36,,,,,
5777,23662592,2933,85609.0177482228,48603.07758728085,8.93,4538.51,-1.9140245058224536e-05,10818.605684280396,0.795638004085049,7.25869567999999e-07,0.9683137,4.73,0.24,0.27,0.13,0.36,,,,,
5778,23666688,2934,85275.07793081844,48406.039540041034,8.91,4524.73,-4.998087661078898e-06,126912.72434616089,0.747627014410682,7.242639360000005e-07,0.9705026,4.72,0.25,0.26,0.13,0.36,,,,,
5779,23670784,2937,84343.38150457547,47857.24459235297,8.94,4450.98,-4.531126251094975e-06,97905.88341522217,0.8934040303574875,7.226583040000002e-07,0.96576345,4.83,0.24,0.26,0.13,0.37,,,,,
5780,23674880,2937,84343.38150457547,47857.24459235297,8.94,4450.98,-1.1476332474558149e-05,17272.214763641357,0.8805930849630386,7.21052672e-07,0.97339237,4.83,0.24,0.26,0.13,0.37,,,,,
5781,23678976,2938,85535.34463959542,48514.597794659334,9.01,4514.23,-1.0408630259917118e-06,127990.28130722046,0.8168218123028055,7.194470399999998e-07,0.8921769,4.84,0.23,0.27,0.13,0.37,,,,,
5782,23683072,2938,85535.34463959542,48514.597794659334,9.01,4514.23,-1.0453684808453545e-05,15274.020325183868,0.8195622108178213,7.178414079999996e-07,0.96856457,4.84,0.23,0.27,0.13,0.37,,,,,
5783,23687168,2938,85535.34463959542,48514.597794659334,9.01,4514.23,-3.0494265956804156e-06,64352.76807117462,0.7584928581491113,7.162357759999994e-07,0.97552407,4.84,0.23,0.27,0.13,0.37,,,,,
5784,23691264,2941,82898.58120494767,47104.790509469385,8.99,4423.44,-3.890310836140998e-06,56940.19605541229,0.8236142214154825,7.146301439999991e-07,0.9775549,4.9,0.23,0.26,0.13,0.38,,,,,
5785,23695360,2942,81966.73992894153,46595.791698556124,8.93,4389.37,-2.1664836822310463e-06,67962.68981361389,0.786036784411408,7.130245119999989e-07,0.97389674,4.87,0.23,0.27,0.12,0.38,,,,,
5786,23699456,2943,81036.71708622621,46081.8902804944,8.92,4342.09,-4.513440217124298e-06,30623.694290161133,0.8600344543810934,7.114188800000004e-07,0.9430462,4.91,0.23,0.26,0.12,0.39,,,,,
5787,23703552,2943,81036.71708622621,46081.8902804944,8.92,4342.09,-5.4795618780190125e-06,36359.34918308258,0.7186332702403888,7.098132480000002e-07,0.98181057,4.91,0.23,0.26,0.12,0.39,,,,,
5788,23707648,2944,83114.45313535919,47234.095476616545,8.95,4439.01,-2.3411903384840116e-06,55928.7391576767,0.7598035036353394,7.082076159999999e-07,0.97507477,4.84,0.23,0.27,0.12,0.38,,,,,
5789,23711744,2946,81734.10585359273,46534.438907681135,8.99,4386.55,-5.101519491290674e-07,193398.30147743225,0.7927874084562063,7.066019839999997e-07,0.95234865,4.93,0.23,0.26,0.13,0.38,,,,,
5790,23715840,2946,81734.10585359273,46534.438907681135,8.99,4386.55,-1.2006510587525554e-05,15076.567945957184,0.8338865055702627,7.049963519999995e-07,0.96286684,4.93,0.23,0.26,0.13,0.38,,,,,
5791,23719936,2947,82262.46769148184,46822.90853646189,8.94,4431.31,-1.2174341463833116e-05,14329.334668636322,0.8380336805712432,7.03390720000001e-07,0.964319,4.83,0.24,0.26,0.13,0.37,,,,,
5792,23724032,2947,82262.46769148184,46822.90853646189,8.94,4431.31,-2.9647180781466886e-06,43306.90627384186,0.7848824675893411,7.017850880000007e-07,0.97231966,4.83,0.24,0.26,0.13,0.37,,,,,
5793,23728128,2948,81589.4026093106,46433.3504122632,8.92,4407.15,-2.300366759300232e-06,42521.27370262146,0.816555340657942,7.001794559999988e-07,0.981341,4.83,0.24,0.26,0.13,0.37,,,,,
5794,23732224,2948,81589.4026093106,46433.3504122632,8.92,4407.15,-4.4189413529238664e-05,9846.818093061447,0.8718745087971911,6.985738239999986e-07,0.98388636,4.83,0.24,0.26,0.13,0.37,,,,,
5795,23736320,2948,81589.4026093106,46433.3504122632,8.92,4407.15,-1.0337225830880925e-06,48125.90546607971,0.7587146497098729,6.969681920000001e-07,0.98011935,4.83,0.24,0.26,0.13,0.37,,,,,
5796,23740416,2950,83458.57388808642,47482.44196516189,9.01,4481.02,-1.3074850357952528e-06,91454.25066184998,0.9204472318524495,6.953625599999999e-07,0.9704002,4.84,0.25,0.24,0.14,0.37,,,,,
5797,23744512,2951,84330.02338349096,47966.65607373531,8.99,4524.82,-2.883489287341945e-07,255137.32444763184,0.7616707647684962,6.937569279999996e-07,0.843516,4.78,0.25,0.24,0.15,0.36,,,,,
5798,23748608,2953,84003.12982205302,47790.126955902364,9.02,4478.6,-1.1656002243398689e-06,118930.43565559387,0.7893832592526451,6.921512959999994e-07,0.97582984,4.86,0.24,0.25,0.14,0.37,,,,,
5799,23752704,2954,84377.84720066238,47977.41881513525,8.97,4496.78,-1.0315889085177332e-06,68843.69544696808,0.8321447356138378,6.905456640000009e-07,0.9619249,4.79,0.24,0.25,0.14,0.37,,,,,
5800,23756800,2955,83545.49267419054,47503.044543980584,8.99,4450.8,-1.0352860044804402e-06,58919.116121292114,0.8119791377102956,6.889400320000007e-07,0.9794636,4.86,0.24,0.24,0.14,0.38,115610.92123363515,64873.98652062383,10.6,5592.566666666667,0.5
5801,23760896,2956,83469.66064687308,47424.02561886037,9.01,4428.82,-2.0159859559498727e-07,221672.91129493713,0.8817997741280124,6.873344000000005e-07,0.8836749,4.91,0.24,0.23,0.14,0.39,,,,,
5802,23764992,2956,83469.66064687308,47424.02561886037,9.01,4428.82,-5.003167643735651e-06,21396.03993654251,0.8332538248505443,6.857287680000002e-07,0.9789648,4.91,0.24,0.23,0.14,0.39,,,,,
5803,23769088,2957,85183.5031850059,48344.79733411862,9.08,4509.22,-1.7650063455221243e-07,424245.4307670593,0.7342810750706121,6.84123136e-07,0.84142286,4.9,0.25,0.22,0.14,0.39,,,,,
5804,23773184,2957,85183.5031850059,48344.79733411862,9.08,4509.22,-0.00010908419244515244,7862.652579188347,0.8718397222692147,6.825175039999998e-07,0.9742468,4.9,0.25,0.22,0.14,0.39,,,,,
5805,23777280,2958,84679.50717255879,48070.14185560857,9.06,4489.39,-5.803731255582534e-07,160728.52750778198,0.9119482822716236,6.809118719999996e-07,0.8001423,4.9,0.25,0.22,0.14,0.39,,,,,
5806,23781376,2958,84679.50717255879,48070.14185560857,9.06,4489.39,-3.6881683627143502e-06,30485.953646183014,0.845071549876593,6.793062399999993e-07,0.9848616,4.9,0.25,0.22,0.14,0.39,,,,,
5807,23785472,2959,86918.79925307118,49301.58534539641,9.11,4583.42,-2.0597972252289765e-06,78852.43929481506,0.8191426103003323,6.777006079999991e-07,0.97954124,4.86,0.25,0.22,0.15,0.38,,,,,
5808,23789568,2960,87086.33602325001,49407.991430279966,9.14,4590.32,-3.640625436673872e-06,54469.705273628235,0.8423906428506598,6.760949760000006e-07,0.9428277,4.88,0.25,0.22,0.14,0.39,,,,,
5809,23793664,2960,87086.33602325001,49407.991430279966,9.14,4590.32,-7.116228516679257e-06,34241.05752277374,0.7572409750428051,6.744893440000004e-07,0.98688704,4.88,0.25,0.22,0.14,0.39,,,,,
5810,23797760,2961,86043.52295266557,48848.045443999676,9.12,4542.64,-6.638167178607546e-06,51285.68361091614,0.8190053238067776,6.728837120000002e-07,0.9691073,4.91,0.24,0.22,0.15,0.39,,,,,
5811,23801856,2962,86244.8589226925,48958.613040355835,9.13,4555.25,-1.4222237950889394e-05,9161.507465600967,0.9255898012779653,6.712780799999999e-07,0.9774476,4.91,0.24,0.22,0.15,0.39,,,,,
5812,23805952,2962,86244.8589226925,48958.613040355835,9.13,4555.25,-4.367703695606906e-06,32585.083130836487,0.7963356500258669,6.696724479999997e-07,0.97053784,4.91,0.24,0.22,0.15,0.39,,,,,
5813,23810048,2963,86744.79677283352,49234.92914503539,9.14,4593.01,-5.959674126643222e-06,24631.646640062332,0.9054582410026342,6.680668159999995e-07,0.88496935,4.88,0.25,0.22,0.14,0.39,,,,,
5814,23814144,2965,84289.8440986773,47892.73577863866,9.08,4482.17,-1.0274834494339302e-06,30282.342457294464,0.9920335890492424,6.664611839999993e-07,0.935562,4.94,0.24,0.22,0.14,0.4,,,,,
5815,23818240,2966,84514.13610848067,48010.984063916505,9.1,4481.47,-1.352928848064039e-06,53055.84869098663,0.870303240721114,6.64855551999999e-07,0.9612747,4.97,0.23,0.22,0.15,0.4,,,,,
5816,23822336,2966,84514.13610848067,48010.984063916505,9.1,4481.47,-7.483167792088352e-07,79117.36010169983,0.7916400991380215,6.632499200000005e-07,0.9700566,4.97,0.23,0.22,0.15,0.4,,,,,
5817,23826432,2967,86235.96490373943,48947.019959005964,9.12,4545.2,-1.9036497178603895e-06,52232.24566745758,0.7605561080854386,6.616442880000003e-07,0.98097974,4.93,0.23,0.22,0.15,0.4,,,,,
5818,23830528,2967,86235.96490373943,48947.019959005964,9.12,4545.2,-1.1125264791189693e-05,20086.320250034332,0.8513182684546337,6.600386560000001e-07,0.9788878,4.93,0.23,0.22,0.15,0.4,,,,,
5819,23834624,2967,86235.96490373943,48947.019959005964,9.12,4545.2,-3.5824996302835643e-06,41521.98220348358,0.7720912648364902,6.584330239999999e-07,0.9850774,4.93,0.23,0.22,0.15,0.4,,,,,
5820,23838720,2969,88200.12098667816,49988.4214767331,9.17,4614.58,-3.366330929566175e-07,272887.92360305786,0.8396403813967481,6.568273919999996e-07,0.92728627,4.92,0.23,0.22,0.15,0.4,,,,,
5821,23842816,2969,88200.12098667816,49988.4214767331,9.17,4614.58,-4.139117663726211e-06,37050.80248641968,0.8336917341221124,6.552217599999994e-07,0.96083313,4.92,0.23,0.22,0.15,0.4,,,,,
5822,23846912,2970,89193.3374189541,50521.95001415981,9.21,4658.56,-2.2436943254433572e-06,49137.43281650543,0.849482270074077,6.536161279999992e-07,0.9626615,4.92,0.23,0.22,0.15,0.4,,,,,
5823,23851008,2970,89193.3374189541,50521.95001415981,9.21,4658.56,-5.98078258917667e-07,29947.10822248459,0.793171597411856,6.52010495999999e-07,0.95681036,4.92,0.23,0.22,0.15,0.4,,,,,
5824,23855104,2972,88806.689644406,50305.15394437879,9.2,4654.25,-3.3181149774463847e-06,21310.264196634293,0.8595342442858964,6.504048639999987e-07,0.93604136,4.91,0.24,0.22,0.13,0.41,,,,,
5825,23859200,2972,88806.689644406,50305.15394437879,9.2,4654.25,-3.924278644262813e-06,21774.86477994919,0.8044362511718646,6.487992320000002e-07,0.97238034,4.91,0.24,0.22,0.13,0.41,140917.08622209504,78551.34618545654,11.3,6358.933333333333,0.7333333333333333
5826,23863296,2974,87758.2612570304,49690.00440365766,9.09,4618.95,-9.940018571796827e-06,11775.132214546204,0.9287442700006068,6.471936e-07,0.95425045,4.84,0.24,0.22,0.14,0.4,,,,,
5827,23867392,2974,87758.2612570304,49690.00440365766,9.09,4618.95,-1.0156167718378128e-05,26205.972672462463,0.8108694138936698,6.455879679999998e-07,0.9747141,4.84,0.24,0.22,0.14,0.4,,,,,
5828,23871488,2975,89118.39804278196,50419.030068566426,9.14,4670.1,-1.4726538211107254e-06,54024.25373458862,0.7841773992404342,6.439823359999996e-07,0.9851385,4.84,0.24,0.22,0.14,0.4,,,,,
5829,23875584,2975,89118.39804278196,50419.030068566426,9.14,4670.1,-5.143675662111491e-05,7979.0098876953125,0.8377965199761093,6.42376704000001e-07,0.9844023,4.84,0.24,0.22,0.14,0.4,,,,,
5830,23879680,2976,90321.18248889185,51102.763734287146,9.12,4742.28,-1.138307197834365e-06,79861.57468032837,0.8658649740973487,6.407710719999991e-07,0.93326443,4.74,0.25,0.22,0.14,0.39,,,,,
5831,23883776,2978,90177.47520313224,51038.70103380704,9.18,4727.27,-3.9513361116405576e-07,114648.25908851624,0.9217663403833285,6.391654399999989e-07,0.3271662,4.82,0.24,0.22,0.14,0.4,,,,,
5832,23887872,2978,90177.47520313224,51038.70103380704,9.18,4727.27,-2.659804522409104e-06,24714.253706932068,0.7854932604823261,6.375598079999987e-07,0.97453433,4.82,0.24,0.22,0.14,0.4,,,,,
5833,23891968,2978,90177.47520313224,51038.70103380704,9.18,4727.27,-1.9755962057388388e-06,59643.5731048584,0.7368624868104234,6.359541760000001e-07,0.98271126,4.82,0.24,0.22,0.14,0.4,,,,,
5834,23896064,2980,92736.48377327369,52433.36364363963,9.26,4845.26,-4.722514859167859e-07,155792.09284591675,0.8601952060125768,6.343485439999999e-07,0.9641454,4.78,0.25,0.22,0.14,0.39,,,,,
5835,23900160,2981,91819.9566605539,51909.43512593663,9.24,4792.72,-6.041274900780991e-06,17352.476247787476,0.8556947194738314,6.327429119999997e-07,0.95897263,4.82,0.25,0.21,0.14,0.4,,,,,
5836,23904256,2983,88628.85003794184,50158.73803753435,9.09,4672.19,-7.435701263602823e-06,9406.501690864563,0.8587572480319068,6.311372799999995e-07,0.9661843,4.79,0.27,0.19,0.14,0.4,,,,,
5837,23908352,2985,87607.97376795301,49616.98651894154,9.06,4626.84,-1.058953785104677e-06,64601.87116718292,0.8497270360821858,6.29531648000001e-07,0.9450748,4.8,0.27,0.18,0.15,0.4,,,,,
5838,23912448,2985,87607.97376795301,49616.98651894154,9.06,4626.84,-6.079253580537625e-07,38812.74426937103,0.8363714695442468,6.279260160000007e-07,0.98525864,4.8,0.27,0.18,0.15,0.4,,,,,
5839,23916544,2986,88622.28865749769,50164.23732917578,9.11,4651.61,-6.563277565874159e-07,111310.94689750671,0.8673703114036471,6.263203840000005e-07,0.9629897,4.83,0.27,0.17,0.15,0.41,,,,,
5840,23920640,2987,88421.72697988576,50050.65777593818,9.09,4654.9,-3.224785359634552e-06,29625.80097770691,0.8231103478465229,6.247147520000003e-07,0.95270014,4.8,0.28,0.17,0.14,0.41,,,,,
5841,23924736,2988,86884.07637387341,49196.21127837524,9.05,4577.33,-5.808030437037814e-06,13706.487444639206,0.9547092872671783,6.231091200000001e-07,0.97396,4.84,0.28,0.16,0.14,0.42,,,,,
5842,23928832,2988,86884.07637387341,49196.21127837524,9.05,4577.33,-2.2631902538705617e-05,15865.56985616684,0.8305341652594507,6.215034879999998e-07,0.98759747,4.84,0.28,0.16,0.14,0.42,,,,,
5843,23932928,2989,88339.98669824115,49984.366732517425,9.03,4651.89,-1.1150534191983752e-05,18451.22235059738,0.8825206460896879,6.198978559999996e-07,0.97848797,4.74,0.28,0.17,0.14,0.41,,,,,
5844,23937024,2989,88339.98669824115,49984.366732517425,9.03,4651.89,-2.8172498787171207e-06,18325.8015999794,0.7856307394104078,6.182922239999994e-07,0.98671407,4.74,0.28,0.17,0.14,0.41,,,,,
5845,23941120,2990,88950.61730675053,50306.44565831899,9.05,4671.09,-4.781449206348043e-06,53360.290603637695,0.8059043822577223,6.166865919999992e-07,0.9810853,4.74,0.28,0.17,0.14,0.41,,,,,
5846,23945216,2990,88950.61730675053,50306.44565831899,9.05,4671.09,-0.00011538377111719456,7779.195146083832,0.8092315116664395,6.150809600000006e-07,0.9811646,4.74,0.28,0.17,0.14,0.41,,,,,
5847,23949312,2991,89713.75494712126,50733.75366088084,9.04,4727.12,-2.1719570213463157e-06,49975.28473377228,0.7864062724402174,6.134753280000004e-07,0.9751653,4.67,0.29,0.17,0.14,0.4,,,,,
5848,23953408,2992,89725.26304102318,50733.13012193676,9.14,4725.02,-3.680526788230054e-06,23894.59576177597,0.8299997112480924,6.118696960000002e-07,0.9563341,4.77,0.29,0.17,0.13,0.41,,,,,
5849,23957504,2994,89385.37910303914,50524.13686175018,9.11,4706.5,-3.154313162667677e-06,28572.88936328888,0.8046857374720275,6.10264064e-07,0.98011637,4.76,0.28,0.18,0.14,0.4,,,,,
5850,23961600,2996,87096.61555658812,49270.22600020669,9.07,4590.07,-6.886148185003549e-07,94224.73118400574,0.8101557951886207,6.086584319999998e-07,0.96762824,4.84,0.28,0.16,0.15,0.41,106698.91455768883,59979.856341024635,10.066666666666666,5134.033333333334,0.4666666666666667
5851,23965696,2996,87096.61555658812,49270.22600020669,9.07,4590.07,-1.4001274394104257e-05,11957.239232301712,0.8200096227228642,6.070527999999995e-07,0.9789456,4.84,0.28,0.16,0.15,0.41,,,,,
5852,23969792,2997,88246.63589712657,49931.15272721638,9.13,4644.53,-3.828177796094678e-06,55713.477343559265,0.780204183072783,6.054471679999993e-07,0.9712044,4.84,0.28,0.16,0.15,0.41,,,,,
5853,23973888,2998,88394.01998311802,50028.087389718996,9.12,4650.92,-2.9422917577903718e-06,25009.776420116425,0.879087328677997,6.038415359999991e-07,0.9622633,4.82,0.28,0.16,0.15,0.41,,,,,
5854,23977984,2999,88594.44247472426,50138.256368896924,9.14,4660.92,-5.434436388895847e-06,20915.817678928375,0.8679524753242731,6.022359040000006e-07,0.96026665,4.83,0.27,0.17,0.15,0.41,,,,,
5855,23982080,2999,88594.44247472426,50138.256368896924,9.14,4660.92,-2.0963052520528436e-06,33252.17815494537,0.7736052050022408,6.006302720000004e-07,0.9820463,4.83,0.27,0.17,0.15,0.41,,,,,
5856,23986176,3000,90749.28945244229,51308.271238929156,9.2,4762.63,-5.799665814265609e-07,711047.0629587173,0.7845134583767503,5.990246400000001e-07,0.8120009,4.79,0.27,0.18,0.15,0.4,,,,,
5857,23990272,3000,90749.28945244229,51308.271238929156,9.2,4762.63,-2.2561866899195593e-05,15665.895503282547,0.84107382199727,5.974190079999999e-07,0.9797751,4.79,0.27,0.18,0.15,0.4,,,,,
5858,23994368,3000,90749.28945244229,51308.271238929156,9.2,4762.63,-4.380690370453522e-06,50548.45704936981,0.774474695790559,5.958133759999997e-07,0.98137426,4.79,0.27,0.18,0.15,0.4,,,,,
5859,23998464,3001,93217.63385304902,52632.26772422607,9.26,4868.33,-1.3165472410037182e-06,119764.58271980286,0.7994413323467597,5.942077439999995e-07,0.9759105,4.74,0.28,0.18,0.15,0.39,,,,,
5860,24002560,3002,93041.96273819459,52543.413232803505,9.25,4857.9,-2.1973792172502726e-06,42553.35473060608,0.9011760373832658,5.926021119999992e-07,0.9478909,4.74,0.28,0.18,0.15,0.39,,,,,
5861,24006656,3003,92516.15769721329,52268.15705148204,9.24,4825.45,-1.6520973076694645e-05,19965.25363302231,0.8444483056664467,5.90996479999999e-07,0.97820634,4.77,0.27,0.18,0.16,0.39,,,,,
5862,24010752,3003,92516.15769721329,52268.15705148204,9.24,4825.45,-1.5074342627485748e-06,49821.14304590225,0.7811427442356944,5.893908479999988e-07,0.96498984,4.77,0.27,0.18,0.16,0.39,,,,,
5863,24014848,3004,92666.95979737138,52366.74525028157,9.22,4853.84,-8.895661267160904e-06,13445.99389743805,0.8698074498679489,5.877852160000003e-07,0.9875359,4.72,0.27,0.19,0.16,0.38,,,,,
5864,24018944,3005,92489.63996102726,52265.082825883524,9.21,4844.99,-3.337119778734632e-06,111708.32382106781,0.8218145500868559,5.86179584e-07,0.94508916,4.72,0.27,0.19,0.16,0.38,,,,,
5865,24023040,3005,92489.63996102726,52265.082825883524,9.21,4844.99,-3.3517517294967547e-07,847703.8598709106,0.7814341849880293,5.845739519999998e-07,0.9351263,4.72,0.27,0.19,0.16,0.38,,,,,
5866,24027136,3006,94453.8419345481,53255.93317744451,9.35,4869.13,-1.253119989996776e-06,78456.05138111115,0.8776437739143148,5.829683199999996e-07,0.76424164,4.85,0.26,0.19,0.16,0.39,,,,,
5867,24031232,3006,94453.8419345481,53255.93317744451,9.35,4869.13,-9.998549103329424e-06,32551.90869998932,0.7816884651547298,5.813626880000011e-07,0.97527003,4.85,0.26,0.19,0.16,0.39,,,,,
5868,24035328,3008,93421.99457618127,52716.08728199902,9.35,4835.94,-8.000788511708379e-07,77735.06575393677,0.8283223150065169,5.797570559999992e-07,0.962879,4.87,0.27,0.18,0.16,0.39,,,,,
5869,24039424,3010,93875.0470180198,52927.48109736938,9.48,4821.57,-4.028288458357565e-07,156880.06663894653,0.8206579878460616,5.781514239999989e-07,0.94239223,5.02,0.26,0.18,0.15,0.41,,,,,
5870,24043520,3011,91953.61789947336,51875.27454048481,9.4,4738.26,-1.9081173377344385e-05,10568.250334501266,0.8698631528532133,5.765457919999987e-07,0.9632937,5.02,0.26,0.18,0.15,0.41,,,,,
5871,24047616,3011,91953.61789947336,51875.27454048481,9.4,4738.26,-1.4888319128658623e-06,36012.8869972229,0.866639616433531,5.749401600000002e-07,0.9787811,5.02,0.26,0.18,0.15,0.41,,,,,
5872,24051712,3011,91953.61789947336,51875.27454048481,9.4,4738.26,-2.125741957570426e-06,79493.5486087799,0.7817160895792767,5.73334528e-07,0.97976303,5.02,0.26,0.18,0.15,0.41,,,,,
5873,24055808,3012,94808.97616162988,53452.811890806996,9.42,4867.85,-7.008246029727161e-06,63797.7830080986,0.8400137055432424,5.717288959999998e-07,0.9742984,4.91,0.27,0.18,0.15,0.4,,,,,
5874,24059904,3013,95032.20624139963,53605.21012532131,9.43,4885.16,-2.354421667405404e-06,29446.87151670456,0.8982812258182094,5.701232639999995e-07,0.9563219,4.9,0.28,0.17,0.15,0.4,,,,,
5875,24064000,3013,95032.20624139963,53605.21012532131,9.43,4885.16,-0.00010363278670411091,7510.385938405991,0.8226330776233226,5.68517632000001e-07,0.9827328,4.9,0.28,0.17,0.15,0.4,95221.45954165865,53636.758146209984,9.733333333333333,4708.933333333333,0.3333333333333333
5876,24068096,3014,96166.92625854131,54254.70912646469,9.4,4956.58,-9.005543688545004e-07,46368.11028289795,0.8470953754149377,5.669120000000008e-07,0.9797453,4.79,0.29,0.17,0.15,0.39,,,,,
5877,24072192,3015,96698.89075281576,54552.87489283528,9.47,4967.49,-1.3675457921635825e-06,36431.902035713196,0.8603963068453595,5.653063680000006e-07,0.98296064,4.85,0.28,0.17,0.15,0.4,,,,,
5878,24076288,3015,96698.89075281576,54552.87489283528,9.47,4967.49,-2.998620675498387e-05,8192.880143165588,0.8947999947704375,5.637007360000003e-07,0.980829,4.85,0.28,0.17,0.15,0.4,,,,,
5879,24080384,3018,95336.73018150269,53817.27749824035,9.35,4930.66,-4.88043951918371e-07,85509.16839408875,0.995671549695544,5.620951040000001e-07,0.941114,4.77,0.29,0.16,0.15,0.4,,,,,
5880,24084480,3018,95336.73018150269,53817.27749824035,9.35,4930.66,-1.3362950994633138e-06,33536.52404499054,0.8224777486175299,5.604894719999999e-07,0.9677453,4.77,0.29,0.16,0.15,0.4,,,,,
5881,24088576,3019,94925.56912712946,53582.55349411657,9.34,4907.98,-1.4289435057435185e-07,338861.41385746,0.8379207841353491,5.588838399999997e-07,0.6788415,4.79,0.29,0.15,0.16,0.4,,,,,
5882,24092672,3021,93718.17137228567,52939.48948706877,9.27,4883.14,-8.912811608752236e-07,35670.68423843384,0.8383831434184685,5.572782079999995e-07,0.9532039,4.73,0.3,0.15,0.16,0.39,,,,,
5883,24096768,3021,93718.17137228567,52939.48948706877,9.27,4883.14,-2.3959155441843905e-06,24822.49416923523,0.8279936029575765,5.556725759999992e-07,0.9749834,4.73,0.3,0.15,0.16,0.39,,,,,
5884,24100864,3022,94369.95364384595,53308.70464721795,9.25,4920.11,-5.472227712743916e-06,45024.37920856476,0.8477288739522919,5.540669440000007e-07,0.9717435,4.67,0.3,0.15,0.17,0.38,,,,,
5885,24104960,3023,95112.91977546702,53751.491295482534,9.31,4954.7,-3.764052962651476e-07,221124.14430999756,0.8343255049549043,5.524613120000005e-07,0.95481557,4.69,0.3,0.14,0.18,0.38,,,,,
5886,24109056,3024,93503.5850728395,52849.1105125287,9.33,4865.21,-2.9416914912872016e-06,333702.9891819954,0.7993051330558956,5.508556800000003e-07,0.94176066,4.81,0.29,0.14,0.18,0.39,,,,,
5887,24113152,3024,93503.5850728395,52849.1105125287,9.33,4865.21,-1.206308115797583e-05,34227.71420907974,0.9094034393783659,5.49250048e-07,0.9549206,4.81,0.29,0.14,0.18,0.39,,,,,
5888,24117248,3025,94049.94945632997,53170.45311248237,9.32,4909.53,-5.311801942298189e-06,18516.14787864685,0.8760696832323447,5.476444159999998e-07,0.95905554,4.75,0.3,0.14,0.18,0.38,,,,,
5889,24121344,3025,94049.94945632997,53170.45311248237,9.32,4909.53,-4.8472502385266125e-06,29837.524132728577,0.7825623945100233,5.460387839999996e-07,0.980543,4.75,0.3,0.14,0.18,0.38,,,,,
5890,24125440,3026,95273.25249169393,53854.46524383443,9.38,4978.66,-7.61828323447844e-06,12592.552446126938,0.8716998064192012,5.444331519999994e-07,0.98045284,4.73,0.31,0.13,0.18,0.38,,,,,
5891,24129536,3028,93837.37785171095,53209.275507503946,9.28,4974.72,-4.3139698391314596e-07,94650.68849945068,0.884640664095059,5.428275199999992e-07,0.94251364,4.61,0.31,0.14,0.18,0.37,,,,,
5892,24133632,3028,93837.37785171095,53209.275507503946,9.28,4974.72,-2.829321601893753e-06,53181.83869934082,0.786534839309752,5.412218880000006e-07,0.9832684,4.61,0.31,0.14,0.18,0.37,,,,,
5893,24137728,3029,93974.1827931385,53286.175086052855,9.29,4973.89,-1.054596395988483e-06,138902.7396593094,0.7954875569557771,5.396162560000004e-07,0.96659577,4.62,0.31,0.14,0.18,0.37,,,,,
5894,24141824,3029,93974.1827931385,53286.175086052855,9.29,4973.89,-5.858883014298044e-06,20177.309713363647,0.7778300700010732,5.380106240000002e-07,0.971153,4.62,0.31,0.14,0.18,0.37,,,,,
5895,24145920,3030,93516.35445460626,53033.628533899886,9.27,4952.76,-2.5491553969914094e-06,23065.830481529236,0.7777381809428334,5.36404992e-07,0.9661329,4.62,0.31,0.14,0.18,0.37,,,,,
5896,24150016,3031,93687.8831149033,53130.990159870686,9.25,4975.79,-3.6356141208671033e-07,105304.60061454773,0.8857397447573021,5.347993599999997e-07,0.9500345,4.58,0.31,0.15,0.18,0.36,,,,,
5897,24154112,3033,92716.88605346344,52589.23483179068,9.17,4951.51,-1.0301082511432469e-06,34149.150537490845,0.9706718113739043,5.331937279999995e-07,0.92071235,4.53,0.31,0.15,0.19,0.35,,,,,
5898,24158208,3033,92716.88605346344,52589.23483179068,9.17,4951.51,-2.556895196903497e-06,26275.882124900818,0.8866466594627127,5.315880959999993e-07,0.9632699,4.53,0.31,0.15,0.19,0.35,,,,,
5899,24162304,3034,93395.5938610355,52973.47862439924,9.2,4980.51,-9.95802110992372e-07,61141.815240859985,0.8502342640422285,5.299824639999991e-07,0.9676155,4.53,0.31,0.15,0.19,0.35,,,,,
5900,24166400,3034,93395.5938610355,52973.47862439924,9.2,4980.51,-1.3912797840021085e-05,11054.755795240402,0.8635516803478822,5.283768319999989e-07,0.98446333,4.53,0.31,0.15,0.19,0.35,130784.33666159886,73083.80911781293,10.966666666666667,6036.9,0.5666666666666667
5901,24170496,3034,93395.5938610355,52973.47862439924,9.2,4980.51,-8.132501534419134e-07,58794.69758796692,0.8621946669882163,5.267712000000003e-07,0.97623485,4.53,0.31,0.15,0.19,0.35,,,,,
5902,24174592,3034,93395.5938610355,52973.47862439924,9.2,4980.51,-1.0248695616610348e-06,128032.35555267334,0.7215017940616235,5.251655680000001e-07,0.9768446,4.53,0.31,0.15,0.19,0.35,,,,,
5903,24178688,3036,95200.14071096672,53974.258445199004,9.17,5075.83,-5.139172571944073e-07,194832.23862075806,0.7900492718908936,5.235599359999999e-07,0.95114285,4.4,0.32,0.15,0.19,0.34,,,,,
5904,24182784,3037,95693.73798537294,54249.08070991407,9.22,5088.84,-7.446669769706205e-07,45671.00522232056,0.8169770196545869,5.219543039999997e-07,0.9821868,4.44,0.32,0.15,0.18,0.35,,,,,
5905,24186880,3038,96184.31782703385,54509.44460094574,9.26,5083.2,-9.559480531606823e-07,117138.68218040466,0.766151761286892,5.203486719999994e-07,0.9688612,4.49,0.32,0.14,0.18,0.36,,,,,
5906,24190976,3038,96184.31782703385,54509.44460094574,9.26,5083.2,-4.281178007659037e-06,17725.740163326263,0.8396587215829641,5.187430399999992e-07,0.9636155,4.49,0.32,0.14,0.18,0.36,,,,,
5907,24195072,3039,94441.14677960215,53561.76200621366,9.19,5025.71,-4.983112376066856e-07,73384.67126464844,0.8007367785321549,5.17137407999999e-07,0.9738696,4.48,0.33,0.13,0.18,0.36,,,,,
5908,24199168,3041,95718.95629817128,54273.23111955177,9.25,5072.99,-3.460991138126701e-07,122231.42196846008,0.8524938388727605,5.155317759999988e-07,0.94032395,4.5,0.33,0.13,0.18,0.36,,,,,
5909,24203264,3044,93430.90486836499,52997.173217686934,9.3,4969.3,-2.4644232325954363e-06,29622.036268234253,0.897996888263151,5.139261440000003e-07,0.9789402,4.66,0.33,0.11,0.19,0.37,,,,,
5910,24207360,3044,93430.90486836499,52997.173217686934,9.3,4969.3,-2.8997446861467324e-06,26586.44822216034,0.7821875838562846,5.12320512e-07,0.97985184,4.66,0.33,0.11,0.19,0.37,,,,,
5911,24211456,3045,94208.18951739639,53419.309464349375,9.34,4998.83,-1.1179981811437756e-06,39332.602204322815,0.8082170862471685,5.107148799999998e-07,0.97740924,4.67,0.33,0.11,0.19,0.37,,,,,
5912,24215552,3046,94690.07513684178,53668.44088569802,9.3,5026.46,-4.828707460546866e-07,67531.79581832886,0.8398157836636528,5.091092479999996e-07,0.9747186,4.6,0.33,0.11,0.19,0.37,,,,,
5913,24219648,3047,94558.37249771872,53596.67409261832,9.33,4999.35,-3.391291102161631e-06,34564.97366523743,0.8432797710411251,5.075036159999994e-07,0.9688359,4.66,0.32,0.11,0.19,0.38,,,,,
5914,24223744,3047,94558.37249771872,53596.67409261832,9.33,4999.35,-4.031679054605775e-06,20056.212940216064,0.8151960164541379,5.058979840000008e-07,0.97934675,4.66,0.32,0.11,0.19,0.38,,,,,
5915,24227840,3047,94558.37249771872,53596.67409261832,9.33,4999.35,-5.401388989412226e-07,82380.40591812134,0.730897489702329,5.042923520000006e-07,0.9769467,4.66,0.32,0.11,0.19,0.38,,,,,
5916,24231936,3049,93232.15013817963,52870.06609901617,9.28,4925.89,-7.249618647620082e-07,110857.35094070435,0.86963743227534,5.026867200000004e-07,0.9750055,4.69,0.31,0.11,0.2,0.38,,,,,
5917,24236032,3051,92499.78514499628,52469.17849448655,9.34,4884.0,-1.8114405975211412e-07,99859.04684829712,0.8777784161502495,5.010810880000002e-07,0.9410028,4.79,0.31,0.11,0.18,0.4,,,,,
5918,24240128,3052,93406.99813441571,52973.045877701035,9.42,4922.61,-2.2107706172391772e-06,24750.52413749695,0.8831544939894229,4.99475456e-07,0.9820203,4.83,0.31,0.1,0.18,0.41,,,,,
5919,24244224,3053,93825.35955030916,53208.900015331164,9.39,4954.97,-3.546738298609853e-07,66202.24233436584,0.8310932524036616,4.978698239999997e-07,0.9742302,4.77,0.31,0.1,0.19,0.4,,,,,
5920,24248320,3056,91485.35427293452,51960.592161936576,9.29,4867.87,-1.15772127173841e-06,20643.182091474533,0.9342904738150537,4.962641919999995e-07,0.9309577,4.75,0.31,0.1,0.2,0.39,,,,,
5921,24252416,3056,91485.35427293452,51960.592161936576,9.29,4867.87,-6.92279172653798e-06,23783.224287986755,0.8837311359820887,4.946585599999993e-07,0.9784945,4.75,0.31,0.1,0.2,0.39,,,,,
5922,24256512,3057,91065.90631434102,51767.766744892026,9.28,4851.03,-3.2773373277450446e-06,32564.17150592804,0.7686538585694507,4.930529280000008e-07,0.9795869,4.75,0.31,0.1,0.2,0.39,,,,,
5923,24260608,3058,90845.08130778064,51646.77854017455,9.27,4836.56,-1.5916748452582397e-06,27460.386116981506,0.7807980742072687,4.914472960000005e-07,0.9798891,4.75,0.31,0.1,0.2,0.39,,,,,
5924,24264704,3059,90124.92846436655,51223.07250872189,9.29,4791.23,-1.7006368580041453e-07,314882.3611984253,0.8044409869471565,4.898416640000003e-07,0.945759,4.82,0.31,0.1,0.19,0.4,,,,,
5925,24268800,3059,90124.92846436655,51223.07250872189,9.29,4791.23,-3.6129549698671326e-06,19169.801691532135,0.8592654683161527,4.882360320000001e-07,0.982004,4.82,0.31,0.1,0.19,0.4,120356.26075411352,67314.50532923118,10.6,5679.4,0.5
5926,24272896,3059,90124.92846436655,51223.07250872189,9.29,4791.23,-9.560390026308596e-07,74545.61276245117,0.7871719215763733,4.866303999999999e-07,0.97531646,4.82,0.31,0.1,0.19,0.4,,,,,
5927,24276992,3061,90251.43445963052,51265.25511589593,9.25,4808.12,-1.4585039025405422e-06,76584.11549043655,0.9494692018488422,4.850247679999997e-07,0.798396,4.77,0.31,0.11,0.19,0.39,,,,,
5928,24281088,3062,90100.8564521461,51181.775939432075,9.26,4792.64,-1.3299759302753955e-06,31115.339592456818,0.875005517154932,4.834191359999994e-07,0.93388283,4.8,0.31,0.1,0.2,0.39,,,,,
5929,24285184,3063,89841.80443927227,51046.91007622565,9.25,4778.53,-1.574042471474968e-06,36514.65209388733,0.8590713881421834,4.818135039999992e-07,0.9581876,4.8,0.31,0.1,0.2,0.39,,,,,
5930,24289280,3065,89898.97433252887,51053.3896824168,9.36,4758.14,-7.07371327735018e-07,63865.01710319519,0.8271080943522975,4.80207871999999e-07,0.9690039,4.94,0.3,0.1,0.2,0.4,,,,,
5931,24293376,3065,89898.97433252887,51053.3896824168,9.36,4758.14,-1.576465456309961e-05,19577.942214488983,0.8167897972743958,4.786022400000005e-07,0.974144,4.94,0.3,0.1,0.2,0.4,,,,,
5932,24297472,3065,89898.97433252887,51053.3896824168,9.36,4758.14,-1.1620340956142172e-06,53845.99901390076,0.8137732984032482,4.769966080000002e-07,0.98002285,4.94,0.3,0.1,0.2,0.4,,,,,
5933,24301568,3065,89898.97433252887,51053.3896824168,9.36,4758.14,-5.005622369935736e-06,104180.75245571136,0.8258993574418128,4.75390976e-07,0.9810437,4.94,0.3,0.1,0.2,0.4,,,,,
5934,24305664,3066,92554.6377940722,52474.754447666135,9.43,4854.58,-7.890530469012447e-07,242952.74167633057,0.8493814464891329,4.737853439999998e-07,0.94913924,4.91,0.31,0.1,0.19,0.4,,,,,
5935,24309760,3067,91618.91873334246,51997.33810416316,9.37,4847.79,-9.051054803421721e-07,59195.66858768463,0.8627646293025464,4.721797119999996e-07,0.9232623,4.85,0.32,0.1,0.19,0.39,,,,,
5936,24313856,3067,91618.91873334246,51997.33810416316,9.37,4847.79,-4.30533145845402e-06,8754.021953582764,0.8121925058076158,4.7057407999999935e-07,0.9819257,4.85,0.32,0.1,0.19,0.39,,,,,
5937,24317952,3067,91618.91873334246,51997.33810416316,9.37,4847.79,-1.2039217835990712e-06,60133.623812675476,0.8254178542410955,4.6896844799999913e-07,0.9730578,4.85,0.32,0.1,0.19,0.39,,,,,
5938,24322048,3069,90747.05625709603,51543.62478332865,9.39,4824.15,-2.15818545257207e-07,83522.966588974,0.9174794211285189,4.673628159999989e-07,0.9420274,4.89,0.32,0.1,0.18,0.4,,,,,
5939,24326144,3070,89666.36532513186,50963.85404967155,9.36,4774.57,-1.9277849787613377e-06,30446.269213676453,0.8742240106221288,4.657571840000004e-07,0.96530277,4.91,0.32,0.1,0.17,0.41,,,,,
5940,24330240,3070,89666.36532513186,50963.85404967155,9.36,4774.57,-2.5297695174231194e-06,48086.52315044403,0.7845589343924075,4.6415155200000016e-07,0.987649,4.91,0.32,0.1,0.17,0.41,,,,,
5941,24334336,3071,91603.03717677164,51983.419418116435,9.43,4818.71,-2.913320713560097e-07,359488.0570869446,0.8198259461205453,4.6254591999999994e-07,0.9302143,4.95,0.31,0.1,0.18,0.41,,,,,
5942,24338432,3071,91603.03717677164,51983.419418116435,9.43,4818.71,-5.328247425495647e-07,31592.260842323303,0.7951538194902241,4.609402879999997e-07,0.9860526,4.95,0.31,0.1,0.18,0.41,,,,,
5943,24342528,3071,91603.03717677164,51983.419418116435,9.43,4818.71,-1.2184132174297702e-06,171402.8285446167,0.8079348927130923,4.593346559999995e-07,0.96933943,4.95,0.31,0.1,0.18,0.41,,,,,
5944,24346624,3074,93314.10701221772,52909.82366429552,9.56,4848.45,-3.495337296044454e-06,140796.58198356628,0.8788157395320013,4.577290239999993e-07,0.9674353,5.05,0.3,0.1,0.17,0.43,,,,,
5945,24350720,3074,93314.10701221772,52909.82366429552,9.56,4848.45,-9.826380846789107e-07,308817.0568847656,0.7454702699324116,4.5612339199999905e-07,0.96083283,5.05,0.3,0.1,0.17,0.43,,,,,
5946,24354816,3075,94004.67938881349,53237.692547032915,9.62,4822.95,-8.624583642813377e-07,394383.4008178711,0.7992882571415976,4.5451775999999883e-07,0.9463683,5.15,0.29,0.1,0.17,0.44,,,,,
5947,24358912,3075,94004.67938881349,53237.692547032915,9.62,4822.95,-1.2607096323336009e-05,18345.33663749695,0.8271985582541674,4.529121279999986e-07,0.9719094,5.15,0.29,0.1,0.17,0.44,,,,,
5948,24363008,3076,94204.13497164892,53362.43779698355,9.63,4827.11,-8.510496627422981e-07,51279.76387023926,0.8736380832269788,4.513064960000001e-07,0.9740593,5.15,0.29,0.1,0.17,0.44,,,,,
5949,24367104,3076,94204.13497164892,53362.43779698355,9.63,4827.11,-4.355639248387888e-06,22897.2359290123,0.7588324419921264,4.4970086399999986e-07,0.9692388,5.15,0.29,0.1,0.17,0.44,,,,,
5950,24371200,3078,95058.6907344225,53826.08051909878,9.58,4886.53,-4.8289221012964845e-06,9268.044206142426,0.8339028689078987,4.4809523199999964e-07,0.9397756,5.03,0.3,0.11,0.17,0.42,102897.21483811313,57917.14037555116,9.966666666666667,5009.6,0.43333333333333335
5951,24375296,3079,93284.16957173118,52887.31416586839,9.52,4820.91,-8.292226993944496e-07,51402.13073158264,0.8805672496091574,4.464895999999994e-07,0.9439822,5.04,0.29,0.12,0.17,0.42,,,,,
5952,24379392,3080,92997.59453291146,52680.89716533282,9.48,4813.63,-6.754244168405421e-07,60158.69015073776,0.8615786023437977,4.448839680000009e-07,0.9287847,5.01,0.29,0.12,0.17,0.42,,,,,
5953,24383488,3080,92997.59453291146,52680.89716533282,9.48,4813.63,-1.2358956155367196e-05,23437.680996894836,0.798614963539876,4.4327833600000067e-07,0.97989887,5.01,0.29,0.12,0.17,0.42,,,,,
5954,24387584,3081,93998.8257098027,53251.663188121274,9.5,4873.36,-8.625956979813054e-07,39972.58972454071,0.8576194004854187,4.4167270400000045e-07,0.95634687,4.96,0.3,0.12,0.17,0.41,,,,,
5955,24391680,3082,94700.83219772298,53648.84402301981,9.54,4907.59,-4.256778993294574e-06,41063.66965293884,0.8219300566706806,4.4006707200000023e-07,0.962421,4.96,0.3,0.12,0.17,0.41,,,,,
5956,24395776,3082,94700.83219772298,53648.84402301981,9.54,4907.59,-8.05750005383743e-07,77591.61781692505,0.8177109904354438,4.3846144e-07,0.9798348,4.96,0.3,0.12,0.17,0.41,,,,,
5957,24399872,3085,95345.92069558072,53977.766345330005,9.57,4920.63,-8.904562491807155e-07,29109.759145736694,0.9123683124780655,4.368558079999998e-07,0.95647514,4.99,0.29,0.12,0.18,0.41,,,,,
5958,24403968,3086,94462.57818788095,53484.0387736118,9.56,4884.68,-2.3798929760232568e-07,128364.91484260559,0.7562979169888422,4.3525017599999956e-07,0.9626484,5.02,0.29,0.12,0.18,0.41,,,,,
5959,24408064,3086,94462.57818788095,53484.0387736118,9.56,4884.68,-2.247145675937645e-05,13788.251140832901,0.857103641377762,4.3364454399999934e-07,0.96797067,5.02,0.29,0.12,0.18,0.41,,,,,
5960,24412160,3087,94946.69363345543,53756.182502251475,9.58,4907.17,-7.897015166236088e-07,81554.27598190308,0.8657688575331122,4.320389120000008e-07,0.9605146,5.02,0.29,0.12,0.18,0.41,,,,,
5961,24416256,3088,96286.77045438578,54471.2117265651,9.67,4941.48,-1.281005097553134e-07,404571.5390319824,0.7963597459020093,4.304332800000006e-07,0.94902647,5.08,0.29,0.12,0.18,0.41,,,,,
5962,24420352,3088,96286.77045438578,54471.2117265651,9.67,4941.48,-3.867073246510699e-06,19153.440021038055,0.8537787296809256,4.2882764800000037e-07,0.9620259,5.08,0.29,0.12,0.18,0.41,,,,,
5963,24424448,3089,96085.86940651579,54372.880927020014,9.66,4939.98,-5.3599069360643625e-06,35622.28405857086,0.8141331080114469,4.2722201600000015e-07,0.9779556,5.07,0.3,0.11,0.18,0.41,,,,,
5964,24428544,3090,94700.80853211088,53613.89276534059,9.62,4875.68,-1.1595766409300268e-06,45376.54020309448,0.8118625822244212,4.2561638399999993e-07,0.96509886,5.1,0.29,0.11,0.19,0.41,,,,,
5965,24432640,3090,94700.80853211088,53613.89276534059,9.62,4875.68,-4.515462933341041e-06,22214.55783677101,0.8654809371801093,4.240107519999997e-07,0.95642275,5.1,0.29,0.11,0.19,0.41,,,,,
5966,24436736,3091,93919.49237288712,53182.06622106116,9.59,4843.42,-8.521702511643525e-06,20885.941827774048,0.8359995990758762,4.224051199999995e-07,0.94999814,5.1,0.29,0.11,0.19,0.41,,,,,
5967,24440832,3091,93919.49237288712,53182.06622106116,9.59,4843.42,-5.291822162689641e-07,48712.886558532715,0.8238305773120373,4.2079948799999926e-07,0.9692963,5.1,0.29,0.11,0.19,0.41,,,,,
5968,24444928,3092,95420.81000357062,54019.70826206662,9.55,4927.44,-1.6822832549223676e-06,23712.59158039093,0.8539727272000164,4.1919385599999904e-07,0.9743652,4.97,0.3,0.11,0.19,0.4,,,,,
5969,24449024,3092,95420.81000357062,54019.70826206662,9.55,4927.44,-8.88551767275203e-07,39316.61105823517,0.7820014265598729,4.175882240000005e-07,0.98219657,4.97,0.3,0.11,0.19,0.4,,,,,
5970,24453120,3093,96264.90646071764,54479.916593813694,9.58,4953.37,-6.972986739128828e-07,77316.76467132568,0.7831481113098562,4.159825920000003e-07,0.9718924,4.98,0.3,0.11,0.19,0.4,,,,,
5971,24457216,3094,96810.29946009666,54787.92189944243,9.59,4991.94,-4.693342816608492e-06,20728.102016448975,0.8119914480485022,4.1437696000000007e-07,0.95729256,4.94,0.31,0.11,0.18,0.4,,,,,
5972,24461312,3094,96810.29946009666,54787.92189944243,9.59,4991.94,-3.5907214623875916e-06,15499.902354717255,0.8463065770920366,4.1277132799999985e-07,0.9706111,4.94,0.31,0.11,0.18,0.4,,,,,
5973,24465408,3095,96957.94927124631,54869.901371941174,9.54,5022.01,-2.563675479905214e-06,13949.235305547714,0.782734997337684,4.1116569599999963e-07,0.9780565,4.85,0.32,0.11,0.18,0.39,,,,,
5974,24469504,3095,96957.94927124631,54869.901371941174,9.54,5022.01,-1.204402906296309e-06,46521.215940475464,0.8031574508640915,4.095600639999994e-07,0.98005503,4.85,0.32,0.11,0.18,0.39,,,,,
5975,24473600,3095,96957.94927124631,54869.901371941174,9.54,5022.01,-5.800884537165985e-07,104127.68935775757,0.806397614069283,4.079544319999992e-07,0.97586375,4.85,0.32,0.11,0.18,0.39,107037.87553833728,59959.60198375515,9.966666666666667,5092.933333333333,0.36666666666666664
5976,24477696,3096,99691.53420761852,56355.65836923404,9.63,5137.78,-5.412412065197714e-07,98507.38229513168,0.8195730015868321,4.0634879999999896e-07,0.9573271,4.83,0.32,0.12,0.17,0.39,,,,,
5977,24481792,3096,99691.53420761852,56355.65836923404,9.63,5137.78,-1.1732113307516556e-06,31771.176365852356,0.844491163501516,4.0474316800000044e-07,0.97153246,4.83,0.32,0.12,0.17,0.39,,,,,
5978,24485888,3097,100080.80554823967,56542.62249274439,9.64,5150.65,-3.4974891605088487e-07,60644.297870635986,0.7667403589002788,4.031375360000002e-07,0.9798859,4.83,0.32,0.12,0.17,0.39,,,,,
5979,24489984,3098,100767.40297929119,56904.46171002177,9.67,5176.76,-2.1830055629834533e-07,77261.918674469,0.8175685652531683,4.01531904e-07,0.96595436,4.84,0.32,0.12,0.17,0.39,,,,,
5980,24494080,3098,100767.40297929119,56904.46171002177,9.67,5176.76,-1.1778465704992414e-06,21690.273420333862,0.7355896512744948,3.9992627199999977e-07,0.98138165,4.84,0.32,0.12,0.17,0.39,,,,,
5981,24498176,3098,100767.40297929119,56904.46171002177,9.67,5176.76,-4.602543413056992e-07,54706.14796638489,0.7623905120417476,3.9832063999999955e-07,0.98421454,4.84,0.32,0.12,0.17,0.39,,,,,
5982,24502272,3100,100580.05800868735,56826.3017818602,9.66,5167.76,-7.228791218949482e-07,21662.567315101624,0.8851450370857492,3.9671500799999933e-07,0.9468111,4.83,0.33,0.11,0.17,0.39,,,,,
5983,24506368,3100,100580.05800868735,56826.3017818602,9.66,5167.76,-2.7635633159661666e-07,104990.98923683167,0.8529389452887699,3.951093759999991e-07,0.9586145,4.83,0.33,0.11,0.17,0.39,,,,,
5984,24510464,3101,98843.05116610699,55876.27913461661,9.63,5088.81,-1.5097066352609545e-07,423093.1438908577,0.8732738994294778,3.935037439999989e-07,0.312535,4.89,0.32,0.11,0.17,0.4,,,,,
5985,24514560,3102,99077.1909235334,56004.4602027462,9.64,5107.87,-2.251978003187105e-06,24476.348422050476,0.880657606292516,3.9189811199999867e-07,0.97915226,4.88,0.33,0.1,0.17,0.4,,,,,
5986,24518656,3102,99077.1909235334,56004.4602027462,9.64,5107.87,-2.5351005206175614e-07,78123.65067863464,0.7638738736277446,3.9029248000000014e-07,0.9797297,4.88,0.33,0.1,0.17,0.4,,,,,
5987,24522752,3104,99109.7832106727,55995.11501729112,9.67,5082.12,-2.888282324420288e-07,80925.43773841858,0.7816165080294013,3.886868479999999e-07,0.95789486,4.94,0.33,0.09,0.17,0.41,,,,,
5988,24526848,3105,99234.53240936348,56070.34465728697,9.68,5086.86,-5.591873559751548e-07,38125.83082675934,0.8259230791591108,3.870812159999997e-07,0.9662787,4.94,0.33,0.09,0.17,0.41,,,,,
5989,24530944,3107,96297.34371489784,54517.99106196538,9.6,4981.94,-1.2250893632881343e-08,371270.1347885132,0.8624878720147535,3.854755839999995e-07,0.86788034,4.97,0.32,0.09,0.17,0.42,,,,,
5990,24535040,3108,96255.34129757746,54512.42283126641,9.53,4982.14,-3.8015978134353645e-06,28733.192620754242,0.7881899959174916,3.8386995200000095e-07,0.98382205,4.9,0.32,0.09,0.18,0.41,,,,,
5991,24539136,3108,96255.34129757746,54512.42283126641,9.53,4982.14,-4.6258446673164144e-07,108325.83071517944,0.7843050725059584,3.822643200000007e-07,0.9752046,4.9,0.32,0.09,0.18,0.41,,,,,
5992,24543232,3110,97913.18070175685,55424.998914296666,9.49,5043.06,-1.0459079931024462e-06,155057.11208724976,0.8907260040286928,3.806586880000005e-07,0.9693012,4.8,0.32,0.09,0.2,0.39,,,,,
5993,24547328,3110,97913.18070175685,55424.998914296666,9.49,5043.06,-7.296148396562785e-07,45359.91537666321,0.8660439824452624,3.790530559999986e-07,0.98489994,4.8,0.32,0.09,0.2,0.39,,,,,
5994,24551424,3111,99202.89147604398,56128.07906821512,9.57,5089.43,-2.7104761102236807e-07,110371.13055610657,0.8062263150932267,3.7744742400000006e-07,0.9417465,4.84,0.32,0.08,0.2,0.4,,,,,
5995,24555520,3112,96759.69410699265,54791.2054448736,9.48,4995.79,-1.0084147106681485e-05,16688.111122131348,0.8748417359311134,3.7584179199999984e-07,0.97579867,4.84,0.32,0.08,0.2,0.4,,,,,
5996,24559616,3113,96804.68586452432,54810.94154004028,9.49,4989.68,-3.8462258089566603e-07,31999.71373271942,0.8049143927637488,3.742361599999996e-07,0.96939236,4.86,0.31,0.09,0.2,0.4,,,,,
5997,24563712,3113,96804.68586452432,54810.94154004028,9.49,4989.68,-3.1272429623641074e-06,30594.32564353943,0.850160613306798,3.726305279999994e-07,0.9797909,4.86,0.31,0.09,0.2,0.4,,,,,
5998,24567808,3114,96887.81646285664,54858.87385720512,9.5,4982.35,-5.62527020520065e-07,50309.65340900421,0.8560422175796703,3.7102489600000087e-07,0.9772569,4.88,0.3,0.1,0.2,0.4,,,,,
5999,24571904,3114,96887.81646285664,54858.87385720512,9.5,4982.35,-1.0359990483266301e-06,31706.605617523193,0.8582239067181945,3.6941926400000065e-07,0.95795745,4.88,0.3,0.1,0.2,0.4,,,,,
6000,24576000,3114,96887.81646285664,54858.87385720512,9.5,4982.35,-5.557558324653655e-07,59027.68044281006,0.7791825066087767,3.678136320000004e-07,0.9791564,4.88,0.3,0.1,0.2,0.4,134188.72950075133,74446.01291555066,10.866666666666667,5951.533333333334,0.4666666666666667
6001,24580096,3115,98064.32996736401,55490.179160733904,9.51,5050.22,-5.048948878538795e-06,23447.79068160057,0.829683760763146,3.662080000000002e-07,0.9115523,4.82,0.31,0.1,0.2,0.39,,,,,
6002,24584192,3116,98087.32669961681,55502.71169710805,9.51,5051.42,-1.713178789941594e-07,84360.86793327332,0.8286648120265454,3.64602368e-07,0.9200903,4.82,0.31,0.1,0.2,0.39,,,,,
6003,24588288,3116,98087.32669961681,55502.71169710805,9.51,5051.42,-2.052793206530623e-06,26716.67337656021,0.8667692461749539,3.6299673599999976e-07,0.9432202,4.82,0.31,0.1,0.2,0.39,,,,,
6004,24592384,3117,98655.90146159787,55823.84201651851,9.51,5093.32,-5.52958226762712e-07,43741.08887004852,0.8802588637918234,3.6139110399999954e-07,0.95533437,4.77,0.32,0.1,0.2,0.38,,,,,
6005,24596480,3117,98655.90146159787,55823.84201651851,9.51,5093.32,-8.23825757834129e-07,44324.69560623169,0.7963611682644114,3.597854719999993e-07,0.98478687,4.77,0.32,0.1,0.2,0.38,,,,,
6006,24600576,3118,100545.97594641257,56860.85552499625,9.57,5174.55,-1.7270122043555602e-07,124728.59616851807,0.8380371463717893,3.581798399999991e-07,0.94782007,4.75,0.32,0.1,0.21,0.37,,,,,
6007,24604672,3120,99987.15699066111,56559.432787237645,9.64,5117.51,-1.0521398507989943e-07,96863.49619293213,0.8004580903798342,3.5657420800000057e-07,0.97239923,4.88,0.31,0.1,0.2,0.39,,,,,
6008,24608768,3120,99987.15699066111,56559.432787237645,9.64,5117.51,-1.5629575500497594e-07,92675.80520248413,0.8116147181717679,3.5496857600000035e-07,0.9669351,4.88,0.31,0.1,0.2,0.39,,,,,
6009,24612864,3124,98232.42722005892,55549.209083559625,9.51,5053.61,-1.6309422790072858e-07,45010.981241226196,0.9551785786170512,3.5336294400000013e-07,0.9718393,4.82,0.31,0.11,0.18,0.4,,,,,
6010,24616960,3124,98232.42722005892,55549.209083559625,9.51,5053.61,-1.4766519598197192e-06,24383.76446723938,0.8669851787853986,3.517573119999999e-07,0.96825665,4.82,0.31,0.11,0.18,0.4,,,,,
6011,24621056,3124,98232.42722005892,55549.209083559625,9.51,5053.61,-2.8944214136572555e-07,64263.11222267151,0.7897579204291105,3.501516799999997e-07,0.97815245,4.82,0.31,0.11,0.18,0.4,,,,,
6012,24625152,3127,96773.67304101905,54691.32357010988,9.63,4953.37,-2.978285920107737e-07,71982.69813919067,0.892837748862803,3.4854604799999946e-07,0.9174295,5.06,0.29,0.11,0.18,0.42,,,,,
6013,24629248,3128,97304.01107381217,54998.238281091966,9.65,4982.11,-1.8526498024584725e-07,78969.72087287903,0.8841567604104057,3.4694041599999924e-07,0.94527864,5.05,0.29,0.11,0.18,0.42,,,,,
6014,24633344,3128,97304.01107381217,54998.238281091966,9.65,4982.11,-6.870504876133054e-07,58766.37752151489,0.8201483776792884,3.45334783999999e-07,0.9796249,5.05,0.29,0.11,0.18,0.42,,,,,
6015,24637440,3129,97199.27310711815,54983.38394656318,9.64,4988.26,-3.8443658922915347e-07,120775.5666770935,0.8957951243501157,3.437291520000005e-07,0.9697238,5.03,0.29,0.11,0.19,0.41,,,,,
6016,24641536,3129,97199.27310711815,54983.38394656318,9.64,4988.26,-3.5724769986700267e-07,44571.94321727753,0.7539814603514969,3.4212352000000027e-07,0.98496246,5.03,0.29,0.11,0.19,0.41,,,,,
6017,24645632,3129,97199.27310711815,54983.38394656318,9.64,4988.26,-3.2387379178544506e-07,225670.1695213318,0.7719047949649394,3.4051788800000005e-07,0.9638716,5.03,0.29,0.11,0.19,0.41,,,,,
6018,24649728,3133,97723.25586277481,55212.98415296996,9.66,4967.9,-5.145620889379643e-07,57609.37159538269,0.9483086753170937,3.3891225599999983e-07,0.85259414,5.08,0.29,0.11,0.19,0.41,,,,,
6019,24653824,3133,97723.25586277481,55212.98415296996,9.66,4967.9,-4.888361218036152e-06,20561.46539402008,0.8526565341744572,3.373066239999996e-07,0.9837792,5.08,0.29,0.11,0.19,0.41,,,,,
6020,24657920,3134,97286.30975424558,54945.319598328126,9.65,4940.11,-2.3230495571624488e-07,102395.07730484009,0.8798527697799727,3.357009919999994e-07,0.9329256,5.11,0.28,0.11,0.2,0.41,,,,,
6021,24662016,3134,97286.30975424558,54945.319598328126,9.65,4940.11,-1.3311682778294198e-06,50284.35879898071,0.7772910231724381,3.3409535999999916e-07,0.98294955,5.11,0.28,0.11,0.2,0.41,,,,,
6022,24666112,3134,97286.30975424558,54945.319598328126,9.65,4940.11,-4.473167791729793e-07,227864.66860961914,0.7560819505015388,3.3248972799999894e-07,0.96580076,5.11,0.28,0.11,0.2,0.41,,,,,
6023,24670208,3135,97255.18305234617,54919.46416863951,9.66,4915.4,-1.0585554264253005e-06,173671.73870277405,0.9143761299783364,3.308840959999987e-07,0.95813286,5.15,0.27,0.11,0.21,0.41,,,,,
6024,24674304,3136,98762.80964295626,55756.857052957996,9.68,4976.28,-2.478627720847726e-07,93624.6777973175,0.8069195323623717,3.292784640000002e-07,0.9714962,5.11,0.27,0.11,0.21,0.41,,,,,
6025,24678400,3136,98762.80964295626,55756.857052957996,9.68,4976.28,-2.9156581149436533e-07,145922.70643997192,0.8457868833793327,3.2767283199999997e-07,0.9684419,5.11,0.27,0.11,0.21,0.41,128738.38952702636,71330.09625411367,10.633333333333333,5780.066666666667,0.4666666666666667
6026,24682496,3139,97596.80565447985,55092.02047454239,9.67,4907.51,-1.844273356255144e-08,289996.60455703735,0.8973085533361882,3.2606719999999975e-07,0.90364563,5.17,0.26,0.11,0.22,0.41,,,,,
6027,24686592,3140,97056.29862688734,54774.50515832713,9.66,4890.56,-1.7188194760819897e-06,30044.66166305542,0.8420219527324662,3.2446156799999953e-07,0.9866108,5.18,0.26,0.11,0.22,0.41,,,,,
6028,24690688,3142,96515.32022185894,54457.335575654964,9.66,4872.62,-5.976835382170975e-07,28396.733224868774,0.8530087362742051,3.22855936000001e-07,0.94398314,5.19,0.27,0.11,0.21,0.41,,,,,
6029,24694784,3142,96515.32022185894,54457.335575654964,9.66,4872.62,-1.0468347682035528e-06,35581.31326818466,0.7950034440727904,3.212503040000008e-07,0.9790571,5.19,0.27,0.11,0.21,0.41,,,,,
6030,24698880,3143,98366.16280549005,55475.31461101118,9.64,4951.65,-3.341519914101809e-07,51196.319794654846,0.8004802820505574,3.1964467200000056e-07,0.9847144,5.09,0.27,0.11,0.22,0.4,,,,,
6031,24702976,3143,98366.16280549005,55475.31461101118,9.64,4951.65,-2.9513539629988372e-06,20471.00235080719,0.7954890460241586,3.1803903999999864e-07,0.9812243,5.09,0.27,0.11,0.22,0.4,,,,,
6032,24707072,3143,98366.16280549005,55475.31461101118,9.64,4951.65,-7.234793883981183e-07,43523.410881996155,0.6948444603476673,3.164334080000001e-07,0.98587406,5.09,0.27,0.11,0.22,0.4,,,,,
6033,24711168,3144,100357.51190936327,56590.954749014534,9.67,5044.48,-3.056193236261606e-07,96950.80295753479,0.8254186655394733,3.148277759999999e-07,0.9812902,5.02,0.27,0.12,0.22,0.39,,,,,
6034,24715264,3146,99636.82521657653,56149.57879490938,9.64,5004.42,-1.9058734324062243e-07,123569.66853904724,0.9172131260856986,3.1322214399999967e-07,0.9490335,5.04,0.27,0.13,0.21,0.39,,,,,
6035,24719360,3148,96974.24900209898,54661.23250529191,9.55,4895.15,-1.1055726645281538e-07,106383.18069267273,0.8464006265858188,3.1161651199999945e-07,0.91782856,5.07,0.26,0.13,0.22,0.39,,,,,
6036,24723456,3149,97257.95918574109,54815.83256656598,9.58,4906.72,-1.3882599887438118e-06,33828.57660961151,0.8806883346987888,3.1001087999999923e-07,0.95967,5.09,0.26,0.13,0.21,0.4,,,,,
6037,24727552,3150,97156.18352139102,54750.88886771105,9.51,4912.28,-1.744361907185521e-05,15201.929936170578,0.8785900245420635,3.084052480000007e-07,0.9717054,5.01,0.26,0.14,0.21,0.39,,,,,
6038,24731648,3151,97917.11174770462,55173.170921529316,9.48,4961.74,-4.2248393583577126e-07,127638.78103637695,0.8275185073725879,3.067996160000005e-07,0.9717275,4.93,0.26,0.15,0.21,0.38,,,,,
6039,24735744,3152,98549.3520589729,55492.4007821986,9.54,4964.07,-6.787631718907505e-07,216246.31882476807,0.8037995551712811,3.0519398400000026e-07,0.9614937,4.99,0.26,0.15,0.21,0.38,,,,,
6040,24739840,3152,98549.3520589729,55492.4007821986,9.54,4964.07,-1.3684757504961453e-06,20681.713692188263,0.8042468131752685,3.0358835200000004e-07,0.9812717,4.99,0.26,0.15,0.21,0.38,,,,,
6041,24743936,3152,98549.3520589729,55492.4007821986,9.54,4964.07,-6.282352842390537e-07,49579.20391654968,0.7460550601826981,3.019827199999998e-07,0.98462695,4.99,0.26,0.15,0.21,0.38,,,,,
6042,24748032,3153,99953.89863528758,56260.99751267068,9.57,5024.03,-1.9927438188460656e-07,141508.12925338745,0.8086342278402299,3.003770879999996e-07,0.9662129,4.95,0.27,0.15,0.2,0.38,,,,,
6043,24752128,3154,100097.4223591772,56350.794752686415,9.49,5042.43,-8.577626431360841e-07,25790.197721481323,0.8019354721764103,2.9877145599999937e-07,0.9579345,4.85,0.28,0.15,0.2,0.37,,,,,
6044,24756224,3155,101473.87723730152,57098.8568251753,9.52,5107.84,-2.602891981950961e-07,50553.119426727295,0.802773124538362,2.9716582399999915e-07,0.9763657,4.81,0.28,0.16,0.2,0.36,,,,,
6045,24760320,3157,100678.7487765811,56635.76639789881,9.63,5048.98,-1.2872260413132608e-07,104512.1700592041,0.8578989637317136,2.955601920000006e-07,0.9748528,4.99,0.27,0.16,0.19,0.38,,,,,
6046,24764416,3157,100678.7487765811,56635.76639789881,9.63,5048.98,-1.6643571143504232e-07,104896.95748138428,0.7796673313714564,2.939545600000004e-07,0.9773979,4.99,0.27,0.16,0.19,0.38,,,,,
6047,24768512,3159,100874.1865187847,56734.87961163422,9.69,5036.13,-3.119839675491676e-08,1017325.6885108948,0.8642433176282793,2.923489280000002e-07,0.7469518,5.07,0.26,0.16,0.19,0.39,,,,,
6048,24772608,3160,99048.53288068724,55719.29075099565,9.64,4955.3,-1.4525176084134728e-07,247040.2579689026,0.8847587360069156,2.9074329599999996e-07,0.863624,5.1,0.26,0.16,0.18,0.4,,,,,
6049,24776704,3161,100221.96560095064,56387.89291728541,9.71,4999.01,-8.74833858688362e-08,126588.87532806396,0.8582388845970854,2.8913766399999974e-07,0.944556,5.13,0.26,0.15,0.19,0.4,,,,,
6050,24780800,3161,100221.96560095064,56387.89291728541,9.71,4999.01,-1.0502622899366543e-05,12471.345334529877,0.8314904584549367,2.875320319999995e-07,0.9768836,5.13,0.26,0.15,0.19,0.4,104564.53862797229,58757.14279225814,10.066666666666666,5092.366666666667,0.43333333333333335
6051,24784896,3162,101069.28297679673,56869.93366883874,9.73,5051.33,-2.809510988299735e-07,56406.58674430847,0.8330399169353768,2.859263999999993e-07,0.96599084,5.09,0.27,0.15,0.18,0.4,,,,,
6052,24788992,3162,101069.28297679673,56869.93366883874,9.73,5051.33,-1.3833523553330451e-06,20726.475506305695,0.7898267827695236,2.843207679999991e-07,0.9771894,5.09,0.27,0.15,0.18,0.4,,,,,
6053,24793088,3163,101527.92819750324,57120.68853312416,9.75,5071.15,-1.65619894687552e-07,112044.16143417358,0.8330395974917337,2.8271513599999885e-07,0.96437013,5.09,0.27,0.15,0.18,0.4,,,,,
6054,24797184,3164,102556.60590313881,57659.34871906512,9.81,5089.88,-4.744651960209012e-07,414263.8376121521,0.7856422192417085,2.811095040000003e-07,0.95369214,5.13,0.27,0.15,0.18,0.4,,,,,
6055,24801280,3164,102556.60590313881,57659.34871906512,9.81,5089.88,-2.5157069103443064e-06,15688.659237861633,0.8453740309923887,2.795038720000001e-07,0.98038155,5.13,0.27,0.15,0.18,0.4,,,,,
6056,24805376,3164,102556.60590313881,57659.34871906512,9.81,5089.88,-1.273951966140885e-06,59181.44867801666,0.8026611778186634,2.778982399999999e-07,0.97838414,5.13,0.27,0.15,0.18,0.4,,,,,
6057,24809472,3165,104636.15409418107,58823.11270194683,9.8,5192.53,-1.7274760466534644e-07,58525.78604221344,0.8369618358556181,2.7629260799999966e-07,0.9684576,5.01,0.28,0.15,0.18,0.39,,,,,
6058,24813568,3166,101295.1681652959,57019.68537465447,9.68,5073.37,-7.056305548758246e-07,31585.130778312683,0.8101096883183345,2.7468697599999944e-07,0.9443411,5.01,0.28,0.15,0.18,0.39,,,,,
6059,24817664,3167,101568.60071799101,57169.94716467075,9.7,5075.87,-1.57537215272896e-07,60097.064474105835,0.8530348038766533,2.730813439999992e-07,0.96542406,5.03,0.27,0.16,0.18,0.39,,,,,
6060,24821760,3167,101568.60071799101,57169.94716467075,9.7,5075.87,-7.84682015364524e-07,38795.31126785278,0.8025645795278251,2.71475711999999e-07,0.9778946,5.03,0.27,0.16,0.18,0.39,,,,,
6061,24825856,3168,101317.54561203913,57031.57356870325,9.7,5053.53,-7.820199243724346e-08,122853.21521091461,0.8471251797163859,2.698700799999988e-07,0.9042921,5.06,0.26,0.16,0.19,0.39,,,,,
6062,24829952,3168,101317.54561203913,57031.57356870325,9.7,5053.53,-7.675025699427351e-07,30235.254289627075,0.8051431499188766,2.6826444800000025e-07,0.9762803,5.06,0.26,0.16,0.19,0.39,,,,,
6063,24834048,3169,102512.21959634207,57717.74145103262,9.71,5120.84,-3.5166522138752043e-07,105781.13970375061,0.7832486175466329,2.66658816e-07,0.9669706,4.99,0.27,0.16,0.19,0.38,,,,,
6064,24838144,3169,102512.21959634207,57717.74145103262,9.71,5120.84,-9.968307495000772e-07,38012.83097934723,0.7569333462743089,2.650531839999998e-07,0.9848237,4.99,0.27,0.16,0.19,0.38,,,,,
6065,24842240,3169,102512.21959634207,57717.74145103262,9.71,5120.84,-9.722771210363135e-08,128091.57608795166,0.7979747038334608,2.634475519999996e-07,0.976608,4.99,0.27,0.16,0.19,0.38,,,,,
6066,24846336,3170,104775.62461649194,58936.309378334576,9.78,5200.67,-3.015575202880427e-07,51344.42056083679,0.8876664824783802,2.6184192000000106e-07,0.9715464,4.98,0.27,0.16,0.2,0.37,,,,,
6067,24850432,3172,100592.41230149961,56690.537782180654,9.65,5066.66,-1.3087264960631728e-07,98457.06421661377,0.9083698071772233,2.6023628800000083e-07,0.94068533,4.98,0.27,0.16,0.2,0.37,,,,,
6068,24854528,3173,101271.68225522498,57064.37597074374,9.68,5089.08,-2.189972292399034e-07,87885.03797340393,0.8038475431967527,2.586306559999989e-07,0.9783457,4.99,0.27,0.16,0.2,0.37,,,,,
6069,24858624,3174,101927.98956250744,57427.54208010376,9.72,5115.49,-9.732229955261573e-08,108253.1678352356,0.8387009617872536,2.570250239999987e-07,0.97455853,5.01,0.27,0.16,0.2,0.37,,,,,
6070,24862720,3175,100426.50283499194,56631.86462925248,9.67,5081.93,-6.254958861973137e-08,138670.50052261353,0.8470464014681056,2.554193919999985e-07,0.9623253,4.99,0.27,0.16,0.2,0.37,,,,,
6071,24866816,3175,100426.50283499194,56631.86462925248,9.67,5081.93,-8.641991371405311e-07,22335.962807655334,0.859229085734114,2.5381375999999995e-07,0.9749843,4.99,0.27,0.16,0.2,0.37,,,,,
6072,24870912,3176,100409.50725285229,56612.147565180225,9.67,5079.09,-1.7805268726078793e-07,72025.7708492279,0.8549394577275962,2.5220812799999973e-07,0.97086483,5.0,0.26,0.17,0.2,0.37,,,,,
6073,24875008,3177,100279.5277171342,56541.5453232623,9.66,5077.6,-9.010545909404755e-07,34599.307406425476,0.8203743560006842,2.506024959999995e-07,0.92419946,4.99,0.27,0.16,0.2,0.37,,,,,
6074,24879104,3177,100279.5277171342,56541.5453232623,9.66,5077.6,-3.504857886582613e-06,19240.30131673813,0.8775576367042959,2.489968639999993e-07,0.96923,4.99,0.27,0.16,0.2,0.37,,,,,
6075,24883200,3177,100279.5277171342,56541.5453232623,9.66,5077.6,-1.9295839592814445e-07,38837.1907787323,0.750180373317562,2.4739123200000076e-07,0.9832847,4.99,0.27,0.16,0.2,0.37,133516.89038392948,73769.35047445235,10.8,5968.8,0.5
6076,24887296,3178,101613.02875203334,57280.84927957921,9.73,5139.77,1.5465047908946872e-08,546200.180595398,0.8364419352728873,2.4578560000000054e-07,0.89550674,5.0,0.26,0.17,0.2,0.37,,,,,
6077,24891392,3179,101993.37887071866,57437.75568190722,9.8,5124.28,-2.4960127120721154e-06,16312.97011590004,0.8322424654616043,2.441799680000003e-07,0.96464086,5.09,0.26,0.16,0.2,0.38,,,,,
6078,24895488,3180,102919.70419946445,57981.379728416425,9.8,5183.7,-4.3883846956305206e-07,57764.07377910614,0.8015784586314112,2.425743360000001e-07,0.96927977,5.02,0.27,0.16,0.2,0.37,,,,,
6079,24899584,3181,101816.69389705565,57363.58488540857,9.76,5119.64,-6.462196324719116e-07,25851.235896110535,0.8518598425434902,2.4096870399999987e-07,0.959609,5.05,0.26,0.16,0.21,0.37,,,,,
6080,24903680,3182,101419.45669362694,57137.3400331262,9.75,5093.96,-5.013596819480881e-06,18280.520798683167,0.8635759989265352,2.3936307199999965e-07,0.9747449,5.07,0.25,0.17,0.21,0.37,,,,,
6081,24907776,3186,99711.2395891366,56207.42181633622,9.72,5037.09,-1.254729795618914e-07,80474.68221664429,0.9478326422395185,2.3775743999999943e-07,0.9407611,5.08,0.25,0.18,0.2,0.37,,,,,
6082,24911872,3191,94595.75313766512,53379.217102742376,9.61,4780.09,-2.7666828827932477e-08,132121.61730575562,1.04579014738556,2.361518079999992e-07,0.9010484,5.26,0.22,0.18,0.2,0.4,,,,,
6083,24915968,3191,94595.75313766512,53379.217102742376,9.61,4780.09,-9.659667739470024e-06,10388.158386707306,0.8399174468358979,2.3454617600000068e-07,0.97984517,5.26,0.22,0.18,0.2,0.4,,,,,
6084,24920064,3191,94595.75313766512,53379.217102742376,9.61,4780.09,-1.1928605090361089e-06,37956.81036281586,0.7314121266826987,2.3294054400000046e-07,0.9839858,5.26,0.22,0.18,0.2,0.4,,,,,
6085,24924160,3193,92666.8741041533,52328.806451739176,9.53,4696.13,-8.915594662539661e-08,81985.44966316223,0.7695319303311408,2.3133491200000024e-07,0.97401255,5.26,0.22,0.18,0.2,0.4,,,,,
6086,24928256,3194,93063.30428483634,52535.040814291824,9.6,4685.6,-1.4794477465329692e-07,107624.82816505432,0.8129932517185807,2.2972928000000002e-07,0.97867584,5.35,0.21,0.18,0.2,0.41,,,,,
6087,24932352,3195,94329.71169573186,53204.42833592567,9.68,4698.73,-2.024744389927946e-07,232258.27500152588,0.7781440221006051,2.281236479999998e-07,0.9640009,5.43,0.2,0.18,0.2,0.42,,,,,
6088,24936448,3195,94329.71169573186,53204.42833592567,9.68,4698.73,-2.721698365348857e-06,11453.779967069626,0.8780132858082652,2.2651801599999957e-07,0.97969455,5.43,0.2,0.18,0.2,0.42,,,,,
6089,24940544,3196,92245.70264815439,52092.84743160582,9.61,4629.45,-2.0305287762312219e-07,66866.84459495544,0.8336800339166075,2.2491238399999935e-07,0.9721507,5.42,0.21,0.17,0.2,0.42,,,,,
6090,24944640,3197,91296.92879578822,51563.08713731894,9.61,4569.85,-3.244576873839833e-08,352670.9833574295,0.8687965549761429,2.2330675199999913e-07,0.8263989,5.49,0.2,0.17,0.2,0.43,,,,,
6091,24948736,3197,91296.92879578822,51563.08713731894,9.61,4569.85,-5.079891707282513e-07,45852.653564453125,0.8276320764562115,2.217011199999989e-07,0.9602657,5.49,0.2,0.17,0.2,0.43,,,,,
6092,24952832,3199,89527.72578252698,50603.44213385262,9.49,4518.74,-1.3168391888029873e-07,65060.279936790466,0.8952912878012285,2.2009548800000038e-07,0.94031537,5.42,0.21,0.17,0.2,0.42,,,,,
6093,24956928,3199,89527.72578252698,50603.44213385262,9.49,4518.74,-1.17652234621346e-08,111233.24367141724,0.8031981183448806,2.1848985600000016e-07,0.97121555,5.42,0.21,0.17,0.2,0.42,,,,,
6094,24961024,3200,90778.98249067302,51299.79913724264,9.57,4556.06,-8.653823897475377e-06,6957.619168758392,0.8446920653805137,2.1688422399999994e-07,0.9828539,5.47,0.2,0.17,0.2,0.43,,,,,
6095,24965120,3201,90676.9972479134,51265.03501644969,9.54,4573.89,-3.7707286537624896e-07,54625.16625022888,0.8398521145572886,2.1527859199999972e-07,0.9616147,5.41,0.21,0.17,0.2,0.42,,,,,
6096,24969216,3201,90676.9972479134,51265.03501644969,9.54,4573.89,-1.5671148503315635e-06,36171.67527294159,0.8517367774620652,2.136729599999995e-07,0.9578144,5.41,0.21,0.17,0.2,0.42,,,,,
6097,24973312,3202,91518.37937253356,51733.29420396366,9.58,4612.0,-1.4889519661664963e-07,51653.95746898651,0.7964223915478215,2.1206732799999927e-07,0.9676108,5.41,0.21,0.17,0.2,0.42,,,,,
6098,24977408,3203,90053.34172661042,50954.130654729044,9.52,4573.13,-3.270070010330528e-07,43997.263991355896,0.7935314254136756,2.1046169599999905e-07,0.9533679,5.38,0.22,0.17,0.19,0.42,,,,,
6099,24981504,3203,90053.34172661042,50954.130654729044,9.52,4573.13,-1.045172211888712e-06,30225.52091407776,0.8855848629027605,2.0885606399999883e-07,0.9840664,5.38,0.22,0.17,0.19,0.42,,,,,
6100,24985600,3203,90053.34172661042,50954.130654729044,9.52,4573.13,-1.5985278878360987e-08,145303.55099487305,0.7604659068165347,2.072504320000003e-07,0.97120595,5.38,0.22,0.17,0.19,0.42,130666.01410642709,72542.74859583125,10.766666666666667,5924.766666666666,0.5666666666666667
6101,24989696,3204,92155.04264879342,52100.78591702952,9.57,4655.52,-1.4401748558157124e-06,21715.548038482666,0.9112337622791529,2.0564480000000008e-07,0.96063435,5.35,0.22,0.17,0.2,0.41,,,,,
6102,24993792,3205,92531.59328050779,52327.33299691881,9.59,4668.75,-7.903145160526037e-08,75456.13134765625,0.8726683100685477,2.0403916799999986e-07,0.9693347,5.36,0.21,0.18,0.2,0.41,,,,,
6103,24997888,3206,93187.35953868352,52709.761597037075,9.61,4692.19,-9.351970220450312e-08,99020.39001083374,0.8561515975743532,2.0243353599999964e-07,0.9687922,5.35,0.21,0.18,0.2,0.41,,,,,
6104,25000000,3206,93187.35953868352,52709.761597037075,9.61,4692.19,-1.4241403815421192e-06,44491.75578354344,0.8510330522602255,2.008279040000011e-07,0.97630787,5.35,0.21,0.18,0.2,0.41,,,,,
