update,timesteps,episodes,mean_reward,mean_score,mean_stage,mean_length,policy_loss,value_loss,entropy,learning_rate,explained_var,mean_start_stage,start_stage_t1_frac,start_stage_t2_frac,start_stage_t3_frac,start_stage_t4_frac,eval_mean_reward,eval_mean_score,eval_mean_max_stage,eval_mean_length,eval_over_max_rate
2,8192,2,48182.99671328502,31351.105060671638,6.0,3395.5,-0.002061674336800934,4434.50205719471,0.9287473325384781,2.999516672e-05,0.9402115,3.0,0.0,0.5,0.5,0.0,,,,,
3,12288,2,48182.99671328502,31351.105060671638,6.0,3395.5,-0.002606361966172699,8688.92499101162,0.8438019276363775,2.999033344e-05,0.9834513,3.0,0.0,0.5,0.5,0.0,,,,,
4,16384,3,69361.45947958303,44223.53371526839,7.0,4818.333333333333,-0.0023634899935132125,15981.8463357687,0.939905367558822,2.998550016e-05,0.97035927,2.3333333333333335,0.3333333333333333,0.3333333333333333,0.3333333333333333,0.0,,,,,
5,20480,3,69361.45947958303,44223.53371526839,7.0,4818.333333333333,-0.002172143047573627,21222.809963822365,0.9285750082926825,2.998066688e-05,0.95892745,2.3333333333333335,0.3333333333333333,0.3333333333333333,0.3333333333333333,0.0,,,,,
6,24576,4,70973.34290454192,45125.421469433626,7.0,5132.5,-0.0029575312546512578,21856.16620326042,0.9372265225974843,2.9975833600000002e-05,0.9617506,2.0,0.5,0.25,0.25,0.0,,,,,
7,28672,5,85789.42270350507,54960.66244925605,8.0,5558.4,-0.0013615682319141342,69928.7485563755,0.8835776204941794,2.997100032e-05,0.96028674,2.6,0.4,0.2,0.4,0.0,,,,,
8,32768,5,85789.42270350507,54960.66244925605,8.0,5558.4,-0.0035948252661910374,9469.32465094328,0.9544325603637844,2.996616704e-05,0.97866523,2.6,0.4,0.2,0.4,0.0,,,,,
9,36864,6,91328.97681644054,58477.17993636564,8.333333333333334,5783.333333333333,-0.002950011242319306,19492.42884039879,0.9054362847236916,2.996133376e-05,0.97828233,2.6666666666666665,0.3333333333333333,0.3333333333333333,0.3333333333333333,0.0,,,,,
10,40960,8,76136.48104392155,48701.206943617406,7.75,4870.5,-0.003749105314454937,7732.526931285858,1.0036455212393776,2.9956500480000002e-05,0.95030594,3.125,0.25,0.25,0.5,0.0,,,,,
11,45056,9,70316.29711303051,45021.69945188809,7.333333333333333,4612.777777777777,-0.004461243734112941,14857.520319104195,0.8728323120158166,2.99516672e-05,0.9445399,3.0,0.2222222222222222,0.3333333333333333,0.4444444444444444,0.0,,,,,
12,49152,9,70316.29711303051,45021.69945188809,7.333333333333333,4612.777777777777,-0.002608952924674668,76403.25644373894,0.859337733592838,2.994683392e-05,0.9672412,3.0,0.2222222222222222,0.3333333333333333,0.4444444444444444,0.0,,,,,
13,53248,10,78484.71037267463,50302.7933661842,7.8,4940.3,-0.004760777691444673,3528.7290444374084,0.8563850848004222,2.994200064e-05,0.9420516,3.2,0.2,0.3,0.5,0.0,,,,,
14,57344,10,78484.71037267463,50302.7933661842,7.8,4940.3,-0.0020280290982555016,15347.705716013908,0.8138562211534008,2.9937167360000002e-05,0.9664866,3.2,0.2,0.3,0.5,0.0,,,,,
15,61440,12,80009.3638682129,51120.99746012414,7.75,5038.166666666667,-0.004136760931942263,16033.996999502182,0.9725374976405874,2.993233408e-05,0.97362673,3.0,0.25,0.3333333333333333,0.4166666666666667,0.0,,,,,
16,65536,14,71490.76079042768,45731.02442975768,7.357142857142857,4582.357142857143,-0.005558793543968932,3886.070596575737,0.9452364691533148,2.99275008e-05,0.94897765,3.0714285714285716,0.21428571428571427,0.35714285714285715,0.42857142857142855,0.0,,,,,
17,69632,15,69550.43388038145,44549.638066527164,7.266666666666667,4513.333333333333,-0.004731224188617489,5061.204031944275,0.930910762399435,2.992266752e-05,0.9198745,3.066666666666667,0.2,0.4,0.4,0.0,,,,,
18,73728,17,64134.13426668495,41045.99009601158,6.882352941176471,4265.588235294118,-0.007376894355729746,3495.8297913074493,0.936770049855113,2.9917834240000002e-05,0.9348526,2.9411764705882355,0.23529411764705882,0.4117647058823529,0.35294117647058826,0.0,,,,,
19,77824,18,63837.36801934801,40904.76545803815,6.888888888888889,4273.722222222223,-0.004127649011024914,7897.385919511318,0.8803270632633939,2.991300096e-05,0.9678285,2.9444444444444446,0.2222222222222222,0.4444444444444444,0.3333333333333333,0.0,,,,,
20,81920,18,63837.36801934801,40904.76545803815,6.888888888888889,4273.722222222223,-0.0032977618557197275,6670.958421349525,0.9265897115692496,2.990816768e-05,0.9670884,2.9444444444444446,0.2222222222222222,0.4444444444444444,0.3333333333333333,0.0,,,,,
21,86016,19,65310.83092643634,41810.419860793685,6.947368421052632,4403.1578947368425,-0.004443892175913788,6413.804617643356,0.8117096133064479,2.99033344e-05,0.98403275,2.8421052631578947,0.2631578947368421,0.42105263157894735,0.3157894736842105,0.0,,,,,
22,90112,19,65310.83092643634,41810.419860793685,6.947368421052632,4403.1578947368425,-0.004251062704497599,15892.53351509571,0.966335357283242,2.989850112e-05,0.9775948,2.8421052631578947,0.2631578947368421,0.42105263157894735,0.3157894736842105,0.0,,,,,
23,94208,20,66698.93856121838,42666.68322399054,7.0,4530.3,-0.0051019858960899,5481.283291578293,0.896042141597718,2.989366784e-05,0.9636272,2.75,0.3,0.4,0.3,0.0,,,,,
24,98304,22,63169.603005490295,40672.13657007838,7.045454545454546,4347.545454545455,-0.00489812319392513,4493.368385195732,0.847843048395589,2.988883456e-05,0.939048,3.0,0.2727272727272727,0.4090909090909091,0.2727272727272727,0.045454545454545456,,,,,
25,102400,22,63169.603005490295,40672.13657007838,7.045454545454546,4347.545454545455,-0.004057797624227533,22262.86113202572,0.894550992641598,2.9884001280000002e-05,0.8236375,3.0,0.2727272727272727,0.4090909090909091,0.2727272727272727,0.045454545454545456,55121.59244465511,36144.60843871817,8.0,3671.4,0.2
26,106496,23,64635.20722973601,41549.2339696049,7.086956521739131,4467.260869565217,-0.004203523697469791,13879.482423782349,0.9206375400535762,2.9879168e-05,0.9408575,2.9130434782608696,0.30434782608695654,0.391304347826087,0.2608695652173913,0.043478260869565216,,,,,
27,110592,25,62993.240454781066,40543.358327683796,7.16,4330.44,-0.00418678351888957,9322.885652303696,0.8882690044119954,2.987433472e-05,0.9620776,3.16,0.28,0.36,0.24,0.12,,,,,
28,114688,26,62854.40655645199,40395.02498782472,7.115384615384615,4363.038461538462,-0.0031365918621304445,10210.9912815094,0.9287644755095243,2.986950144e-05,0.946432,3.076923076923077,0.3076923076923077,0.34615384615384615,0.23076923076923078,0.11538461538461539,,,,,
29,118784,27,62659.94406565425,40392.10661078216,7.185185185185185,4343.037037037037,-0.004479202432776219,6153.262996196747,0.9285720619373024,2.9864668160000002e-05,0.96880054,3.185185185185185,0.2962962962962963,0.3333333333333333,0.2222222222222222,0.14814814814814814,,,,,
30,122880,27,62659.94406565425,40392.10661078216,7.185185185185185,4343.037037037037,-0.003739235042303335,6614.9860716462135,0.8805554558057338,2.985983488e-05,0.9839248,3.185185185185185,0.2962962962962963,0.3333333333333333,0.2222222222222222,0.14814814814814814,,,,,
31,126976,28,63789.177306434714,41175.66142919905,7.25,4411.0,-0.003062467854761053,7921.682458102703,0.9075106139061972,2.98550016e-05,0.91787076,3.1785714285714284,0.2857142857142857,0.35714285714285715,0.21428571428571427,0.14285714285714285,,,,,
32,131072,29,62982.87468996888,40638.85910292239,7.172413793103448,4393.758620689655,-0.007092894084053114,3306.7478462457657,0.9231089584063739,2.985016832e-05,0.9671337,3.103448275862069,0.3103448275862069,0.3448275862068966,0.20689655172413793,0.13793103448275862,,,,,
33,135168,30,63922.779382391345,41220.90530593539,7.2,4474.233333333334,-0.0074995941104134545,6859.115893483162,0.9184950292110443,2.9845335040000002e-05,0.97471577,3.033333333333333,0.3333333333333333,0.3333333333333333,0.2,0.13333333333333333,,,,,
34,139264,31,63099.99615674677,40687.22753511344,7.129032258064516,4452.5161290322585,-0.0044251982390051126,4375.558457314968,1.0259890421293676,2.984050176e-05,0.95313495,2.967741935483871,0.3548387096774194,0.3225806451612903,0.1935483870967742,0.12903225806451613,,,,,
35,143360,32,61739.135831908774,39825.53783126402,7.09375,4368.6875,-0.004587873410855536,5134.491334378719,0.9628619523718953,2.983566848e-05,0.9221633,3.03125,0.34375,0.3125,0.21875,0.125,,,,,
36,147456,33,61873.004908114555,39910.34586976703,7.090909090909091,4391.393939393939,-0.002416995783278253,31248.910912632942,0.8874189351918176,2.98308352e-05,0.9584814,3.0,0.3333333333333333,0.3333333333333333,0.21212121212121213,0.12121212121212122,,,,,
37,151552,35,60877.283528245345,39374.37249725055,7.228571428571429,4299.628571428571,-0.0026788833165483084,18299.40442031622,0.9742629291722551,2.9826001920000002e-05,0.9279015,3.257142857142857,0.3142857142857143,0.3142857142857143,0.2,0.17142857142857143,,,,,
38,155648,35,60877.283528245345,39374.37249725055,7.228571428571429,4299.628571428571,-0.006542450630149688,3761.297963142395,0.8722030611243099,2.982116864e-05,0.9573488,3.257142857142857,0.3142857142857143,0.3142857142857143,0.2,0.17142857142857143,,,,,
39,159744,36,61140.048277313384,39506.88652622414,7.222222222222222,4334.138888888889,-0.005231297987847938,2542.8937244415283,0.8784780665300786,2.981633536e-05,0.9772593,3.1944444444444446,0.3333333333333333,0.3055555555555556,0.19444444444444445,0.16666666666666666,,,,,
40,163840,37,62588.71083079635,40417.99413685195,7.27027027027027,4427.324324324324,-0.0016752535484556574,12828.929466485977,0.8099271500250325,2.981150208e-05,0.9642591,3.135135135135135,0.35135135135135137,0.2972972972972973,0.1891891891891892,0.16216216216216217,,,,,
41,167936,37,62588.71083079635,40417.99413685195,7.27027027027027,4427.324324324324,-0.005895133709600486,2587.250515162945,0.9538069271948189,2.98066688e-05,0.9753775,3.135135135135135,0.35135135135135137,0.2972972972972973,0.1891891891891892,0.16216216216216217,,,,,
42,172032,38,63450.97057953169,40938.04428147138,7.2894736842105265,4500.5526315789475,-0.0038140215665407595,29147.368807315826,0.9256655164062977,2.980183552e-05,0.8291605,3.0789473684210527,0.3684210526315789,0.2894736842105263,0.18421052631578946,0.15789473684210525,,,,,
43,176128,39,63493.0906268891,40957.25897198595,7.282051282051282,4511.641025641025,-0.003777000275476894,9401.165456056595,0.9226733437972143,2.979700224e-05,0.9518616,3.051282051282051,0.358974358974359,0.3076923076923077,0.1794871794871795,0.15384615384615385,,,,,
44,180224,39,63493.0906268891,40957.25897198595,7.282051282051282,4511.641025641025,-0.0018020095967585803,6675.603110849857,0.9516948183299974,2.9792168960000002e-05,0.9798865,3.051282051282051,0.358974358974359,0.3076923076923077,0.1794871794871795,0.15384615384615385,,,,,
45,184320,39,63493.0906268891,40957.25897198595,7.282051282051282,4511.641025641025,-0.0028263918829907198,56330.49285078049,0.8642145619960502,2.978733568e-05,0.9719085,3.051282051282051,0.358974358974359,0.3076923076923077,0.1794871794871795,0.15384615384615385,,,,,
46,188416,40,66005.96609756195,42571.02363162136,7.4,4615.35,-0.008066069025517209,3611.8379818201065,0.8801312110153958,2.97825024e-05,0.9270803,3.075,0.35,0.3,0.2,0.15,,,,,
47,192512,41,67055.38987243694,43218.28069057026,7.439024390243903,4684.731707317073,-0.001948284585523652,24528.86959373951,0.9159075849456713,2.977766912e-05,0.87955743,3.024390243902439,0.36585365853658536,0.2926829268292683,0.1951219512195122,0.14634146341463414,,,,,
48,196608,42,65900.1708490179,42541.75524769811,7.476190476190476,4605.333333333333,-0.004099116711586248,6200.65114480257,0.9121163005474955,2.9772835840000002e-05,0.954496,3.142857142857143,0.35714285714285715,0.2857142857142857,0.19047619047619047,0.16666666666666666,,,,,
49,200704,43,65766.36438416658,42420.078377530925,7.441860465116279,4619.2558139534885,-0.00475893861039367,10420.568438470364,0.8764387012924999,2.976800256e-05,0.8781708,3.0930232558139537,0.37209302325581395,0.27906976744186046,0.18604651162790697,0.16279069767441862,,,,,
50,204800,44,64799.256002282025,41804.069902506744,7.363636363636363,4570.363636363636,-0.005996121662064979,3091.045255601406,0.9704883202211931,2.976316928e-05,0.9530257,3.0681818181818183,0.36363636363636365,0.29545454545454547,0.18181818181818182,0.1590909090909091,50766.80579344814,33664.85459163308,7.9,3541.1666666666665,0.13333333333333333
51,208896,45,64952.39917185025,41867.052886901714,7.355555555555555,4595.288888888889,-0.003022570022039872,10668.489332437515,0.9277370373019949,2.9758336e-05,0.95330995,3.022222222222222,0.37777777777777777,0.28888888888888886,0.17777777777777778,0.15555555555555556,,,,,
52,212992,46,65288.969729975455,42102.27468493303,7.369565217391305,4622.739130434783,-0.003914632792657358,7743.043204784393,0.9115054840222001,2.9753502720000002e-05,0.95933485,3.0,0.3695652173913043,0.30434782608695654,0.17391304347826086,0.15217391304347827,,,,,
53,217088,47,64871.5734995463,41810.54082028527,7.319148936170213,4615.510638297872,-0.006146059024104034,3598.1428703069687,0.8145339807961136,2.974866944e-05,0.9404751,2.9574468085106385,0.3829787234042553,0.2978723404255319,0.1702127659574468,0.14893617021276595,,,,,
54,221184,47,64871.5734995463,41810.54082028527,7.319148936170213,4615.510638297872,-0.005834556199260987,5285.948329806328,0.8896885474678129,2.974383616e-05,0.96960473,2.9574468085106385,0.3829787234042553,0.2978723404255319,0.1702127659574468,0.14893617021276595,,,,,
55,225280,50,63240.65782415141,40773.30734704526,7.22,4505.54,-0.003396607766262605,9413.558751285076,1.0704775269841775,2.973900288e-05,0.9544277,2.98,0.36,0.32,0.18,0.14,,,,,
56,229376,52,61001.2527014255,39403.017932918105,7.134615384615385,4366.673076923077,-0.0034756279455905315,13058.191361546516,0.9614358168328181,2.9734169600000002e-05,0.9487427,3.0384615384615383,0.34615384615384615,0.3269230769230769,0.17307692307692307,0.15384615384615385,,,,,
57,233472,55,59009.57774886572,38238.41091000715,7.1454545454545455,4243.254545454545,-0.004446492946954095,6531.058010756969,1.0342646450735629,2.972933632e-05,0.9070528,3.1818181818181817,0.32727272727272727,0.32727272727272727,0.16363636363636364,0.18181818181818182,,,,,
58,237568,55,59009.57774886572,38238.41091000715,7.1454545454545455,4243.254545454545,-0.0027074028948845807,23807.8822350502,0.9728924490045756,2.972450304e-05,0.9626767,3.1818181818181817,0.32727272727272727,0.32727272727272727,0.16363636363636364,0.18181818181818182,,,,,
59,241664,56,59394.002836579246,38499.370207742075,7.196428571428571,4248.267857142857,-0.006703518633003114,2709.439089655876,0.9348834368865937,2.971966976e-05,0.9448269,3.232142857142857,0.32142857142857145,0.32142857142857145,0.16071428571428573,0.19642857142857142,,,,,
60,245760,57,59688.54852531557,38661.58379102383,7.192982456140351,4277.631578947368,-0.002188328214288049,5712.5602296590805,0.9105915413238108,2.9714836480000002e-05,0.9715626,3.192982456140351,0.3333333333333333,0.3157894736842105,0.15789473684210525,0.19298245614035087,,,,,
61,249856,59,58191.45412391306,37718.78632537546,7.169491525423729,4194.864406779661,-0.005493138862220803,5138.858892738819,0.8826688913395628,2.97100032e-05,0.94727623,3.2542372881355934,0.3389830508474576,0.3050847457627119,0.15254237288135594,0.2033898305084746,,,,,
62,253952,61,57129.25809962756,37059.37265591493,7.180327868852459,4127.6557377049185,-0.005647973037412157,9404.098476707935,0.9842740691965446,2.970516992e-05,0.9155488,3.3442622950819674,0.32786885245901637,0.29508196721311475,0.16393442622950818,0.21311475409836064,,,,,
63,258048,61,57129.25809962756,37059.37265591493,7.180327868852459,4127.6557377049185,-0.00329460514785751,12990.834474086761,0.9027892627054825,2.970033664e-05,0.9341918,3.3442622950819674,0.32786885245901637,0.29508196721311475,0.16393442622950818,0.21311475409836064,,,,,
64,262144,62,58350.993518037576,37812.0653789045,7.225806451612903,4199.225806451613,-0.002642634874973737,10604.601333081722,0.9440843147458509,2.969550336e-05,0.97199345,3.306451612903226,0.3387096774193548,0.2903225806451613,0.16129032258064516,0.20967741935483872,,,,,
65,266240,63,58593.73649806158,37940.92150760029,7.222222222222222,4223.412698412699,-0.004415615411744511,6605.668264806271,0.9452269565081224,2.969067008e-05,0.96129054,3.2698412698412698,0.3492063492063492,0.2857142857142857,0.15873015873015872,0.20634920634920634,,,,,
66,270336,64,57948.815288502905,37534.820740056355,7.15625,4193.40625,-0.005873131921362074,4167.632828116417,0.9205075873760507,2.96858368e-05,0.845784,3.234375,0.359375,0.28125,0.15625,0.203125,,,,,
67,274432,65,57982.255703021525,37509.705059925414,7.138461538461539,4206.369230769231,-0.00425021159935568,7791.825313270092,0.8812169966986403,2.9681003520000002e-05,0.9539452,3.2,0.36923076923076925,0.27692307692307694,0.15384615384615385,0.2,,,,,
68,278528,65,57982.255703021525,37509.705059925414,7.138461538461539,4206.369230769231,-0.0037361599534051493,5015.299062401056,0.9100074688903987,2.967617024e-05,0.963501,3.2,0.36923076923076925,0.27692307692307694,0.15384615384615385,0.2,,,,,
69,282624,66,58756.08989440607,37985.061038449305,7.166666666666667,4258.0,-0.004182842298178002,15944.09205532074,0.9776719133369625,2.967133696e-05,0.94891804,3.1666666666666665,0.3787878787878788,0.2727272727272727,0.15151515151515152,0.19696969696969696,,,,,
70,286720,68,57570.14681401173,37218.809458011725,7.088235294117647,4186.691176470588,-0.003265045316766191,15834.52590250969,0.9980105237336829,2.966650368e-05,0.93305945,3.161764705882353,0.36764705882352944,0.27941176470588236,0.16176470588235295,0.19117647058823528,,,,,
71,290816,69,58080.61046196112,37566.686495163936,7.144927536231884,4198.072463768116,-0.0022929272145120194,63968.683598876,0.8807041220134124,2.9661670400000002e-05,0.95564353,3.217391304347826,0.36231884057971014,0.2753623188405797,0.15942028985507245,0.2028985507246377,,,,,
72,294912,69,58080.61046196112,37566.686495163936,7.144927536231884,4198.072463768116,-0.001490343376644887,23216.815109848976,0.8931838128482923,2.965683712e-05,0.97481656,3.217391304347826,0.36231884057971014,0.2753623188405797,0.15942028985507245,0.2028985507246377,,,,,
73,299008,70,58776.14176942917,38014.53847125507,7.185714285714286,4223.371428571429,-0.005264607494609663,8274.05375134945,0.8745006649987772,2.965200384e-05,0.97602427,3.2285714285714286,0.35714285714285715,0.2714285714285714,0.17142857142857143,0.2,,,,,
74,303104,71,58952.566540219275,38112.91231366915,7.183098591549296,4244.070422535211,-0.003946001517761033,8759.529946744442,0.9393003938021138,2.964717056e-05,0.93487906,3.1971830985915495,0.36619718309859156,0.2676056338028169,0.16901408450704225,0.19718309859154928,,,,,
75,307200,72,59102.54602411343,38199.94826806368,7.180555555555555,4260.013888888889,-0.0029378052222455153,21645.026114284992,0.8708992953179404,2.9642337280000002e-05,0.79916644,3.1805555555555554,0.3611111111111111,0.2777777777777778,0.16666666666666666,0.19444444444444445,76540.19097895962,50053.502405406696,9.133333333333333,4734.966666666666,0.23333333333333334
76,311296,74,57992.910640752096,37518.7002231607,7.175675675675675,4198.9324324324325,-0.005210482547227002,4978.794448316097,1.0090646892786026,2.9637504e-05,0.92522204,3.2432432432432434,0.35135135135135137,0.28378378378378377,0.16216216216216217,0.20270270270270271,,,,,
77,315392,74,57992.910640752096,37518.7002231607,7.175675675675675,4198.9324324324325,-0.0029766001116513507,29652.96284711361,0.8845717817312106,2.963267072e-05,0.96523565,3.2432432432432434,0.35135135135135137,0.28378378378378377,0.16216216216216217,0.20270270270270271,,,,,
78,319488,75,58971.72110870313,38146.87699788923,7.24,4226.946666666667,-0.0024664861339260824,85595.31228768826,0.9458339980337769,2.962783744e-05,0.9679011,3.28,0.3466666666666667,0.28,0.16,0.21333333333333335,,,,,
79,323584,76,58843.12379327083,38072.25661023343,7.2894736842105265,4204.3026315789475,-0.004459491565285134,8356.095021605492,0.9094512686133385,2.9623004160000002e-05,0.96541923,3.3552631578947367,0.34210526315789475,0.27631578947368424,0.15789473684210525,0.2236842105263158,,,,,
80,327680,77,59633.552291310305,38568.926238081454,7.324675324675325,4241.922077922078,-0.004298032357837656,10520.603798747063,0.8959783182945102,2.961817088e-05,0.9820676,3.3506493506493507,0.33766233766233766,0.2857142857142857,0.15584415584415584,0.22077922077922077,,,,,
81,331776,77,59633.552291310305,38568.926238081454,7.324675324675325,4241.922077922078,-0.007750873036457051,2308.6725294589996,0.8710575266741216,2.96133376e-05,0.97101295,3.3506493506493507,0.33766233766233766,0.2857142857142857,0.15584415584415584,0.22077922077922077,,,,,
82,335872,79,59559.414547249085,38522.62114003718,7.30379746835443,4241.329113924051,-0.00500765420110838,11023.950420200825,0.9025981067679822,2.960850432e-05,0.9705234,3.329113924050633,0.34177215189873417,0.27848101265822783,0.16455696202531644,0.21518987341772153,,,,,
83,339968,79,59559.414547249085,38522.62114003718,7.30379746835443,4241.329113924051,-0.006360310397212743,3032.8460343778133,0.952865413739346,2.960367104e-05,0.9327228,3.329113924050633,0.34177215189873417,0.27848101265822783,0.16455696202531644,0.21518987341772153,,,,,
84,344064,80,59502.755077162656,38491.52749188152,7.2875,4251.7125,-0.005794654700366664,2487.584896504879,0.8564772743266076,2.959883776e-05,0.9228331,3.3,0.35,0.275,0.1625,0.2125,,,,,
85,348160,80,59502.755077162656,38491.52749188152,7.2875,4251.7125,-0.003950302333123545,8403.306939959526,0.8987942674430087,2.959400448e-05,0.98195344,3.3,0.35,0.275,0.1625,0.2125,,,,,
86,352256,81,61067.622655511055,39484.186360927924,7.345679012345679,4333.925925925926,-0.0032453050353069557,52441.34694159031,0.9464035157579929,2.9589171200000002e-05,0.9699756,3.271604938271605,0.35802469135802467,0.2716049382716049,0.16049382716049382,0.20987654320987653,,,,,
87,356352,81,61067.622655511055,39484.186360927924,7.345679012345679,4333.925925925926,-0.003044548477191711,8800.927463531494,0.8980365445604548,2.958433792e-05,0.97452193,3.271604938271605,0.35802469135802467,0.2716049382716049,0.16049382716049382,0.20987654320987653,,,,,
88,360448,82,61609.636925200066,39824.72430403645,7.365853658536586,4365.5609756097565,-0.003039988979253394,6567.004813164473,0.9634857949567959,2.957950464e-05,0.9543304,3.2560975609756095,0.35365853658536583,0.2804878048780488,0.15853658536585366,0.2073170731707317,,,,,
89,364544,83,61613.63258761639,39838.094775357924,7.36144578313253,4371.987951807229,-0.005941006193097564,3979.590731859207,0.942405577050522,2.957467136e-05,0.96763605,3.2409638554216866,0.3493975903614458,0.2891566265060241,0.1566265060240964,0.20481927710843373,,,,,
90,368640,83,61613.63258761639,39838.094775357924,7.36144578313253,4371.987951807229,-0.00417537262183032,11465.037792921066,0.9560600680997595,2.9569838080000002e-05,0.9722649,3.2409638554216866,0.3493975903614458,0.2891566265060241,0.1566265060240964,0.20481927710843373,,,,,
91,372736,83,61613.63258761639,39838.094775357924,7.36144578313253,4371.987951807229,-0.002883841725633829,85847.78034853935,0.9033110268646851,2.95650048e-05,0.9685218,3.2409638554216866,0.3493975903614458,0.2891566265060241,0.1566265060240964,0.20481927710843373,,,,,
92,376832,84,63093.984902101976,40771.64270752844,7.416666666666667,4446.821428571428,-0.005864431504960521,9966.653270483017,0.8781668910523877,2.956017152e-05,0.7186576,3.2261904761904763,0.34523809523809523,0.2976190476190476,0.15476190476190477,0.20238095238095238,,,,,
93,380928,84,63093.984902101976,40771.64270752844,7.416666666666667,4446.821428571428,-0.003967237533288426,12710.318877518177,0.8709795604227111,2.955533824e-05,0.9719858,3.2261904761904763,0.34523809523809523,0.2976190476190476,0.15476190476190477,0.20238095238095238,,,,,
94,385024,87,62875.03752236043,40638.58340195472,7.436781609195402,4421.068965517241,-0.0024925678076215263,69106.23372125626,0.9547283638967201,2.9550504960000002e-05,0.94577026,3.2758620689655173,0.3448275862068966,0.2988505747126437,0.14942528735632185,0.20689655172413793,,,,,
95,389120,88,62504.594312481495,40411.28055699223,7.420454545454546,4399.931818181818,-0.007642388884050888,7449.425626575947,0.9807173833251,2.954567168e-05,0.94141823,3.284090909090909,0.3409090909090909,0.29545454545454547,0.1590909090909091,0.20454545454545456,,,,,
96,393216,89,62716.9936644443,40540.53471754739,7.426966292134831,4415.258426966292,-0.003879403604514664,11894.436413526535,0.9556197768542916,2.95408384e-05,0.95293546,3.269662921348315,0.33707865168539325,0.30337078651685395,0.15730337078651685,0.20224719101123595,,,,,
97,397312,90,62312.9965659117,40302.96907874384,7.411111111111111,4392.311111111111,-0.0069919909110467415,4111.990420222282,0.8857514365809038,2.953600512e-05,0.9398208,3.2777777777777777,0.3333333333333333,0.3,0.16666666666666666,0.2,,,,,
98,401408,90,62312.9965659117,40302.96907874384,7.411111111111111,4392.311111111111,-0.006473371291576768,5110.230457603931,0.9293679076945409,2.9531171840000002e-05,0.98022723,3.2777777777777777,0.3333333333333333,0.3,0.16666666666666666,0.2,,,,,
99,405504,91,62580.84013249076,40479.85414609843,7.417582417582418,4414.2307692307695,-0.0032317469813278876,11852.012697994709,0.9494569090893492,2.952633856e-05,0.68507695,3.2637362637362637,0.32967032967032966,0.3076923076923077,0.16483516483516483,0.1978021978021978,,,,,
100,409600,92,62733.605687051546,40561.43095977405,7.413043478260869,4432.923913043478,-0.0028847725934610935,13767.890441179276,0.8684142278507352,2.952150528e-05,0.945054,3.239130434782609,0.33695652173913043,0.30434782608695654,0.16304347826086957,0.1956521739130435,58013.99864648412,38017.77879920776,8.233333333333333,3872.8,0.1
101,413696,92,62733.605687051546,40561.43095977405,7.413043478260869,4432.923913043478,-0.0037175902621129353,6373.876686155796,0.9140760150039569,2.9516672e-05,0.9599966,3.239130434782609,0.33695652173913043,0.30434782608695654,0.16304347826086957,0.1956521739130435,,,,,
102,417792,93,63524.64592548499,41045.397205078654,7.440860215053763,4479.1612903225805,-0.0027717368338926462,17598.207331120968,0.872339523746632,2.951183872e-05,0.96738684,3.21505376344086,0.34408602150537637,0.3010752688172043,0.16129032258064516,0.1935483870967742,,,,,
103,421888,94,63446.71859100563,40979.739582786926,7.425531914893617,4483.212765957447,-0.007110343194653979,8567.557371914387,0.9058135859668255,2.950700544e-05,0.9569317,3.1914893617021276,0.35106382978723405,0.2978723404255319,0.1595744680851064,0.19148936170212766,,,,,
104,425984,94,63446.71859100563,40979.739582786926,7.425531914893617,4483.212765957447,-0.004388160439702915,5097.963660299778,0.9574870093492791,2.950217216e-05,0.9744523,3.1914893617021276,0.35106382978723405,0.2978723404255319,0.1595744680851064,0.19148936170212766,,,,,
105,430080,95,63768.98529278784,41167.099275738234,7.431578947368421,4511.505263157895,-0.002342635976674501,13820.74572712183,0.9347358777886257,2.9497338880000002e-05,0.9557876,3.168421052631579,0.35789473684210527,0.29473684210526313,0.15789473684210525,0.18947368421052632,,,,,
106,434176,96,63414.0855307128,40929.03461336115,7.395833333333333,4497.03125,-0.004206800134397781,15627.191409945488,0.9372409923234954,2.94925056e-05,0.9529601,3.1458333333333335,0.3645833333333333,0.2916666666666667,0.15625,0.1875,,,,,
107,438272,96,63414.0855307128,40929.03461336115,7.395833333333333,4497.03125,-0.0030500077482429333,34709.866052508354,0.8474358920939267,2.948767232e-05,0.9733856,3.1458333333333335,0.3645833333333333,0.2916666666666667,0.15625,0.1875,,,,,
108,442368,98,63938.62928284803,41289.14915167023,7.469387755102041,4502.408163265306,-0.0033478748127890867,45592.47219967842,0.9657069344539195,2.948283904e-05,0.9660462,3.2244897959183674,0.35714285714285715,0.2857142857142857,0.16326530612244897,0.19387755102040816,,,,,
109,446464,98,63938.62928284803,41289.14915167023,7.469387755102041,4502.408163265306,-0.0010386181756985025,26733.87732386589,0.8986346774036065,2.9478005760000002e-05,0.9785366,3.2244897959183674,0.35714285714285715,0.2857142857142857,0.16326530612244897,0.19387755102040816,,,,,
110,450560,100,64040.06722527491,41387.10899672331,7.49,4495.99,-0.0026472834924788913,45576.67537045479,0.9968474691268057,2.947317248e-05,0.9470571,3.26,0.35,0.28,0.18,0.19,,,,,
111,454656,100,64040.06722527491,41387.10899672331,7.49,4495.99,-0.0007916396598375286,26302.525010228157,0.9216462139738724,2.94683392e-05,0.97812474,3.26,0.35,0.28,0.18,0.19,,,,,
112,458752,101,64152.61817018189,41465.6537471348,7.5,4499.32,-0.007094815138771082,3911.098544716835,0.9196736586745828,2.946350592e-05,0.9623199,3.27,0.35,0.28,0.18,0.19,,,,,
113,462848,102,64637.919323638445,41771.84445984331,7.54,4528.85,-0.00307560674900742,16965.284644305706,0.8986728698946536,2.9458672640000002e-05,0.968802,3.28,0.35,0.28,0.18,0.19,,,,,
114,466944,105,61841.06592941149,40033.2421464054,7.45,4367.81,-0.004512665667789406,6173.640015006065,0.8833068488165736,2.945383936e-05,0.49041504,3.37,0.33,0.28,0.19,0.2,,,,,
115,471040,105,61841.06592941149,40033.2421464054,7.45,4367.81,-0.0031827168186282506,21842.104799628258,0.8543556701624766,2.944900608e-05,0.969877,3.37,0.33,0.28,0.19,0.2,,,,,
116,475136,106,62281.806501782696,40301.36216159388,7.46,4400.16,-0.0023327242997766007,32061.900398492813,0.9444167689653113,2.94441728e-05,0.9731694,3.35,0.34,0.27,0.19,0.2,,,,,
117,479232,107,62346.57453726828,40361.64575605628,7.46,4406.47,-0.004827506579204055,16795.42491400242,0.9397359213326126,2.9439339520000002e-05,0.9515538,3.34,0.34,0.27,0.19,0.2,,,,,
118,483328,108,62477.69457406532,40434.53830757264,7.45,4420.99,-0.0061721264664811315,3748.7617843151093,0.9525136644951999,2.943450624e-05,0.8908184,3.31,0.35,0.27,0.18,0.2,,,,,
119,487424,109,63006.04000562254,40741.1879773469,7.48,4453.53,-0.004087912403520022,5053.50676381588,0.9328979509882629,2.942967296e-05,0.973604,3.3,0.36,0.26,0.18,0.2,,,,,
120,491520,112,60164.86451436323,38938.9325787713,7.37,4309.43,-0.005830865212374192,4066.610464334488,0.9867515591904521,2.942483968e-05,0.92378336,3.34,0.36,0.25,0.17,0.22,,,,,
121,495616,114,60436.68205082624,39123.23894760938,7.42,4314.25,-0.0040235210180981085,20135.807178378105,0.9756715524708852,2.9420006400000002e-05,0.9681429,3.39,0.36,0.24,0.17,0.23,,,,,
122,499712,114,60436.68205082624,39123.23894760938,7.42,4314.25,-0.005014845848563709,5648.304170012474,0.9243788238381967,2.941517312e-05,0.9605006,3.39,0.36,0.24,0.17,0.23,,,,,
123,503808,116,60418.32840829914,39143.08589744843,7.44,4309.55,-0.0052327569683257025,10751.403656244278,0.9908747671870515,2.941033984e-05,0.95088357,3.41,0.36,0.23,0.18,0.23,,,,,
124,507904,118,60234.26739244835,39000.30849681737,7.41,4307.51,-0.009597813927939569,2136.8433804214,0.9885524644050747,2.9405506560000002e-05,0.84958196,3.38,0.37,0.22,0.18,0.23,,,,,
125,512000,118,60234.26739244835,39000.30849681737,7.41,4307.51,-0.0049048387900256785,7822.766134977341,0.9903333954280242,2.940067328e-05,0.9698441,3.38,0.37,0.22,0.18,0.23,68744.65540871624,44689.69619455375,8.6,4274.0,0.23333333333333334
126,516096,119,60078.45296822073,38901.86464142839,7.41,4292.7,-0.004874320157796319,10264.160373210907,0.9609022020595148,2.939584e-05,0.96190286,3.4,0.36,0.23,0.18,0.23,,,,,
127,520192,120,60157.22949527509,38968.2896988209,7.43,4282.29,-0.0017871917575575935,81852.74099206924,0.9165483959950507,2.939100672e-05,0.7984166,3.44,0.35,0.23,0.19,0.23,,,,,
128,524288,122,60099.59964012381,38893.912738134815,7.4,4275.84,-0.0033922483962669503,7546.8499818742275,0.9567912536440417,2.9386173440000002e-05,0.9528357,3.42,0.35,0.22,0.21,0.22,,,,,
129,528384,122,60099.59964012381,38893.912738134815,7.4,4275.84,-0.0047994756441767095,23379.759741425514,0.940440037753433,2.938134016e-05,0.97635007,3.42,0.35,0.22,0.21,0.22,,,,,
130,532480,123,60329.769353944255,39069.13301441792,7.43,4268.64,-0.0024621355451017735,22282.958733320236,0.9184331563301384,2.937650688e-05,0.95315635,3.46,0.34,0.22,0.22,0.22,,,,,
131,536576,123,60329.769353944255,39069.13301441792,7.43,4268.64,-0.0044839440952273435,9194.23765128851,0.9159257053397596,2.93716736e-05,0.98161566,3.46,0.34,0.22,0.22,0.22,,,,,
132,540672,125,61247.171601966955,39631.52074205147,7.45,4313.05,-0.002892057089411537,54100.24475026131,0.9106237867381424,2.9366840320000002e-05,0.9587049,3.43,0.34,0.23,0.22,0.21,,,,,
133,544768,125,61247.171601966955,39631.52074205147,7.45,4313.05,-0.0013713047264900524,22792.804741740227,0.8582555825123563,2.936200704e-05,0.98248583,3.43,0.34,0.23,0.22,0.21,,,,,
134,548864,125,61247.171601966955,39631.52074205147,7.45,4313.05,-0.002046314368271851,263113.9755206108,0.8334163135150447,2.935717376e-05,0.9524359,3.43,0.34,0.23,0.22,0.21,,,,,
135,552960,127,62585.403228794254,40486.76416511915,7.5,4355.74,-0.0050224761725985445,5717.1391869187355,0.9857672260841355,2.935234048e-05,0.9359587,3.44,0.33,0.24,0.23,0.2,,,,,
136,557056,127,62585.403228794254,40486.76416511915,7.5,4355.74,-0.007729742225819791,1584.9035939574242,0.9604269522242248,2.9347507200000002e-05,0.9650559,3.44,0.33,0.24,0.23,0.2,,,,,
137,561152,128,62231.23070433901,40234.9735581817,7.47,4345.9,-0.004665025293434155,11309.515971422195,0.9238311719382182,2.934267392e-05,0.8272422,3.42,0.34,0.23,0.23,0.2,,,,,
138,565248,129,62561.91739886315,40441.85381114251,7.49,4364.15,-0.004116885196708608,10942.137036561966,0.8858664913568646,2.933784064e-05,0.94620633,3.42,0.34,0.23,0.23,0.2,,,,,
139,569344,129,62561.91739886315,40441.85381114251,7.49,4364.15,-0.0027249531494817347,15317.652461528778,0.8798641598550603,2.933300736e-05,0.9613851,3.42,0.34,0.23,0.23,0.2,,,,,
140,573440,130,63038.38693919359,40736.02926337249,7.51,4385.21,-0.002410813396636513,35457.703535318375,0.827623731805943,2.9328174080000002e-05,0.9668847,3.42,0.34,0.23,0.23,0.2,,,,,
141,577536,131,62969.01280280601,40690.02640629265,7.5,4380.98,-0.0025643356539148954,15031.890909314156,0.9163056209217757,2.93233408e-05,0.84717125,3.42,0.34,0.23,0.23,0.2,,,,,
142,581632,133,62556.27023792047,40455.610320319065,7.53,4345.2,-0.0020777143308805535,20274.93879711628,0.9336849669925869,2.931850752e-05,0.9374536,3.49,0.34,0.22,0.22,0.22,,,,,
143,585728,134,62844.5939071412,40592.31459162772,7.5,4367.65,-0.0015316080880438676,22980.451233029366,0.9982112327124923,2.931367424e-05,0.8353645,3.43,0.34,0.23,0.22,0.21,,,,,
144,589824,135,63070.64054344052,40749.01436759188,7.5,4383.58,-0.004131238097215828,15532.757599771023,0.9604570745723322,2.930884096e-05,0.95865214,3.41,0.34,0.23,0.23,0.2,,,,,
145,593920,135,63070.64054344052,40749.01436759188,7.5,4383.58,-0.0031714485376141965,22668.45225262642,0.8902545709861442,2.930400768e-05,0.9554087,3.41,0.34,0.23,0.23,0.2,,,,,
146,598016,136,63585.60215086699,41095.07574426265,7.54,4392.6,-0.004198239226752776,23598.489282786846,0.8885426793713123,2.92991744e-05,0.9520635,3.45,0.33,0.23,0.24,0.2,,,,,
147,602112,136,63585.60215086699,41095.07574426265,7.54,4392.6,-0.0033716082484716026,10246.874234974384,0.8419334749924019,2.9294341120000002e-05,0.9661269,3.45,0.33,0.23,0.24,0.2,,,,,
148,606208,136,63585.60215086699,41095.07574426265,7.54,4392.6,-0.0038040875842852984,49003.1976429224,0.8258080909727141,2.928950784e-05,0.98182213,3.45,0.33,0.23,0.24,0.2,,,,,
149,610304,137,64651.756313510734,41767.35405989132,7.58,4436.67,-0.0024565448284192826,94214.57982063293,0.8769502367358655,2.928467456e-05,0.9367184,3.45,0.33,0.23,0.24,0.2,,,,,
150,614400,137,64651.756313510734,41767.35405989132,7.58,4436.67,-0.002534590356390254,17763.60808444023,0.9019939627032727,2.927984128e-05,0.97457284,3.45,0.33,0.23,0.24,0.2,73069.87839458523,47464.808624115176,8.733333333333333,4450.033333333334,0.4
151,618496,138,65361.67217712241,42218.883191643305,7.61,4466.85,-0.0028696792178379837,36844.466484069824,0.8276073143351823,2.9275008000000002e-05,0.96555483,3.45,0.33,0.23,0.24,0.2,,,,,
152,622592,139,65121.476755133044,42059.281090708944,7.59,4457.08,-0.005082823699922301,5684.174583256245,0.9349762382917106,2.927017472e-05,0.94871163,3.44,0.34,0.22,0.24,0.2,,,,,
153,626688,141,62854.8125190078,40636.12792081398,7.49,4337.83,-0.00320743846714322,9712.977973341942,1.0171438491670415,2.926534144e-05,0.8799067,3.47,0.33,0.22,0.25,0.2,,,,,
154,630784,141,62854.8125190078,40636.12792081398,7.49,4337.83,-0.0037284602258296218,10661.568349540234,0.9207925352966413,2.926050816e-05,0.97220755,3.47,0.33,0.22,0.25,0.2,,,,,
155,634880,142,64087.487221127056,41417.92060467236,7.51,4408.22,-0.0019679566685226746,35382.39387011528,0.88632573466748,2.9255674880000002e-05,0.9669839,3.42,0.33,0.23,0.25,0.19,,,,,
156,638976,142,64087.487221127056,41417.92060467236,7.51,4408.22,-0.005072390496479784,4825.1286244392395,0.9351655127247795,2.92508416e-05,0.96621656,3.42,0.33,0.23,0.25,0.19,,,,,
157,643072,144,64008.365092005886,41381.45849726742,7.56,4395.78,-0.003935474371246528,4777.805890798569,0.9676693144720048,2.924600832e-05,0.92180836,3.48,0.33,0.22,0.25,0.2,,,,,
158,647168,144,64008.365092005886,41381.45849726742,7.56,4395.78,-0.0027447980537544936,21930.90951025486,0.9336763857863843,2.924117504e-05,0.97419703,3.48,0.33,0.22,0.25,0.2,,,,,
159,651264,145,64868.39831944395,41933.338340585804,7.6,4431.09,-0.00415673385032278,17675.698026061058,0.8914821234066039,2.9236341760000002e-05,0.9706228,3.49,0.32,0.23,0.25,0.2,,,,,
160,655360,147,63814.97190369473,41295.378118941466,7.57,4358.99,-0.003978409346927947,5857.597278416157,0.9773845230229199,2.923150848e-05,0.90912163,3.54,0.31,0.23,0.25,0.21,,,,,
161,659456,148,63832.86560819907,41319.701623188164,7.57,4363.97,-0.0022466584232461173,12746.68049108982,1.00589729542844,2.92266752e-05,0.9685628,3.54,0.31,0.23,0.25,0.21,,,,,
162,663552,148,63832.86560819907,41319.701623188164,7.57,4363.97,-0.0029014669416937977,98688.18742847443,0.9399102049646899,2.922184192e-05,0.96605015,3.54,0.31,0.23,0.25,0.21,,,,,
163,667648,149,65043.88183785269,42111.98261233111,7.64,4404.92,-0.002900803109696426,119249.59683656693,0.8156979795312509,2.921700864e-05,0.9296508,3.57,0.31,0.23,0.24,0.22,,,,,
164,671744,150,65633.2085978415,42474.7244474085,7.69,4443.04,-0.0040687338487259694,3963.6230545043945,0.9383841453818604,2.921217536e-05,0.96439517,3.58,0.31,0.23,0.24,0.22,,,,,
165,675840,151,66257.48070908345,42856.95267656498,7.72,4488.54,-0.006198771647177637,4742.8038239479065,0.8963133225915954,2.920734208e-05,0.96838933,3.56,0.32,0.22,0.24,0.22,,,,,
166,679936,151,66257.48070908345,42856.95267656498,7.72,4488.54,-0.006969039969590085,2488.955953657627,0.8822606019675732,2.9202508800000002e-05,0.9821123,3.56,0.32,0.22,0.24,0.22,,,,,
167,684032,152,67009.89952318571,43308.21279484336,7.73,4544.69,-0.0053248527638061205,4929.268634676933,0.9428527585696429,2.919767552e-05,0.9705527,3.51,0.33,0.22,0.24,0.21,,,,,
168,688128,153,66928.21887917408,43224.00599652443,7.7,4543.93,-0.0024621136999485316,8506.41129219532,1.015811780351214,2.919284224e-05,0.91311604,3.48,0.33,0.22,0.25,0.2,,,,,
169,692224,155,67444.1001225463,43529.35486953114,7.69,4577.24,-0.006232862941942585,5055.838582992554,1.043904733727686,2.918800896e-05,0.9315705,3.44,0.33,0.23,0.25,0.19,,,,,
170,696320,156,67220.99581389506,43362.0698166867,7.65,4581.17,-0.004690095082878543,10274.873176932335,0.9286723942495883,2.9183175680000002e-05,0.95940626,3.39,0.34,0.23,0.25,0.18,,,,,
171,700416,156,67220.99581389506,43362.0698166867,7.65,4581.17,-0.005529981119252625,2112.3254732489586,0.8623778510373086,2.91783424e-05,0.98067373,3.39,0.34,0.23,0.25,0.18,,,,,
172,704512,157,67626.77572699478,43621.136824802794,7.67,4605.11,-0.002653717492648866,17984.79372549057,0.838305733865127,2.917350912e-05,0.9435588,3.39,0.34,0.23,0.25,0.18,,,,,
173,708608,157,67626.77572699478,43621.136824802794,7.67,4605.11,-0.005087502337119076,3525.564788341522,0.8857045429758728,2.916867584e-05,0.956674,3.39,0.34,0.23,0.25,0.18,,,,,
174,712704,158,68157.53605630036,43955.89318266429,7.71,4630.46,-0.004467009817744838,4932.507927060127,0.9285076416563243,2.9163842560000002e-05,0.9655753,3.4,0.33,0.24,0.25,0.18,,,,,
175,716800,159,68907.70265926605,44399.5963450925,7.69,4684.35,-0.004315421464525571,3816.4324826598167,0.8596058957045898,2.915900928e-05,0.980047,3.32,0.34,0.24,0.25,0.17,89459.78211263617,57966.567310190665,9.6,5343.066666666667,0.4
176,720896,159,68907.70265926605,44399.5963450925,7.69,4684.35,-0.0025834154494077666,21888.680118620396,0.8620384651003405,2.9154176e-05,0.97775835,3.32,0.34,0.24,0.25,0.17,,,,,
177,724992,161,69472.57486592984,44769.08384392874,7.71,4708.62,-0.002969745622976916,22116.534804821014,0.9100239340914413,2.914934272e-05,0.9544019,3.31,0.34,0.24,0.25,0.17,,,,,
178,729088,161,69472.57486592984,44769.08384392874,7.71,4708.62,-0.003053537042433163,54907.00872349739,0.9041573412250727,2.9144509440000002e-05,0.97715026,3.31,0.34,0.24,0.25,0.17,,,,,
179,733184,162,70080.89261593508,45194.410774277014,7.75,4713.54,-0.0030222230052459054,139572.80946207047,0.8908018380170688,2.913967616e-05,0.94052154,3.36,0.33,0.24,0.25,0.18,,,,,
180,737280,162,70080.89261593508,45194.410774277014,7.75,4713.54,-0.003919243398740946,17707.06188941002,0.8876231635222211,2.913484288e-05,0.9725656,3.36,0.33,0.24,0.25,0.18,,,,,
181,741376,163,70412.40862325083,45425.0663540174,7.78,4717.36,-0.0038201461065909825,7272.129542648792,0.898134556482546,2.91300096e-05,0.9846022,3.39,0.32,0.24,0.26,0.18,,,,,
182,745472,164,70990.151703785,45782.11729051152,7.82,4755.99,-0.002355741999053862,31335.091579794884,0.9104573304066435,2.912517632e-05,0.89664274,3.39,0.32,0.24,0.26,0.18,,,,,
183,749568,164,70990.151703785,45782.11729051152,7.82,4755.99,-0.0033067162112274673,13932.613397479057,0.9541582362726331,2.912034304e-05,0.96932864,3.39,0.32,0.24,0.26,0.18,,,,,
184,753664,165,71641.61354701301,46237.86907533216,7.87,4775.85,-0.001899369756301894,90399.27543783188,0.9217571520712227,2.911550976e-05,0.77501804,3.43,0.31,0.24,0.27,0.18,,,,,
185,757760,165,71641.61354701301,46237.86907533216,7.87,4775.85,-0.0024763447872828692,16371.149492561817,0.92189211898949,2.9110676480000002e-05,0.92750627,3.43,0.31,0.24,0.27,0.18,,,,,
186,761856,166,71907.31575791864,46398.0814564375,7.88,4785.46,-0.0024727314921619836,24524.63934659958,0.8997641609748825,2.91058432e-05,0.96508604,3.43,0.31,0.24,0.27,0.18,,,,,
187,765952,167,72276.31722061813,46622.619434469874,7.89,4812.4,-0.0039197537562358775,4489.633797824383,0.8592661521397531,2.910100992e-05,0.96508354,3.4,0.32,0.24,0.26,0.18,,,,,
188,770048,169,71548.92398747565,46148.351028631136,7.84,4783.18,-0.005018623813157319,8973.28125911951,0.926938937860541,2.909617664e-05,0.93375605,3.38,0.33,0.23,0.26,0.18,,,,,
189,774144,170,71324.61105372291,45988.67213464599,7.82,4782.27,-0.004325813539253431,5602.555326938629,0.9484161784639582,2.9091343360000002e-05,0.98086387,3.36,0.33,0.24,0.25,0.18,,,,,
190,778240,170,71324.61105372291,45988.67213464599,7.82,4782.27,-0.004536642602943175,3946.6587124466896,0.9413617881946266,2.908651008e-05,0.97897774,3.36,0.33,0.24,0.25,0.18,,,,,
191,782336,171,71431.57413299373,46071.287221030005,7.84,4775.4,-0.005358025560781243,7932.884723365307,0.943449207348749,2.90816768e-05,0.8693518,3.39,0.32,0.24,0.26,0.18,,,,,
192,786432,171,71431.57413299373,46071.287221030005,7.84,4775.4,-0.0044361201144056395,5783.057876706123,0.9163916509132832,2.907684352e-05,0.98583955,3.39,0.32,0.24,0.26,0.18,,,,,
193,790528,171,71431.57413299373,46071.287221030005,7.84,4775.4,-0.0019876251790265087,180986.28422307968,0.8799797551473603,2.9072010240000002e-05,0.9535351,3.39,0.32,0.24,0.26,0.18,,,,,
194,794624,172,73254.30492063933,47234.71357972811,7.91,4856.85,-0.0028643155592362746,96853.5133574009,0.8424895632779226,2.906717696e-05,0.9280553,3.38,0.33,0.23,0.26,0.18,,,,,
195,798720,175,71957.41354207075,46387.65020868987,7.76,4804.92,-0.004766398873471189,7072.42353105545,1.014178206329234,2.906234368e-05,0.19930208,3.28,0.35,0.22,0.27,0.16,,,,,
196,802816,175,71957.41354207075,46387.65020868987,7.76,4804.92,-0.005328189586180088,7618.230765640736,0.9140931973233819,2.90575104e-05,0.9771226,3.28,0.35,0.22,0.27,0.16,,,,,
197,806912,175,71957.41354207075,46387.65020868987,7.76,4804.92,-0.0019250453979111626,42188.12304508686,0.8970239254413173,2.9052677120000002e-05,0.9729396,3.28,0.35,0.22,0.27,0.16,,,,,
198,811008,176,73367.89014874982,47275.1258183576,7.77,4890.66,-0.003996706965153862,55843.300475120544,0.9937946684658527,2.904784384e-05,0.94150746,3.2,0.36,0.22,0.27,0.15,,,,,
199,815104,178,71731.09151806733,46280.81484469169,7.73,4791.78,-0.002864142886664922,13293.999575674534,1.006035765283741,2.904301056e-05,0.94627213,3.27,0.35,0.21,0.28,0.16,,,,,
200,819200,179,72498.64389556972,46762.163408275184,7.77,4839.82,-0.0033136379588540876,11629.630114674568,0.9436502205207944,2.903817728e-05,0.9682608,3.26,0.35,0.22,0.27,0.16,69550.5903957702,45379.013701814045,8.566666666666666,4295.266666666666,0.26666666666666666
201,823296,179,72498.64389556972,46762.163408275184,7.77,4839.82,-0.0032493494372829446,6069.686080813408,0.9035043047042564,2.9033344e-05,0.97197205,3.26,0.35,0.22,0.27,0.16,,,,,
202,827392,180,73102.50644989115,47132.45304222518,7.8,4868.79,-0.0031411085792569793,18560.063030719757,0.8653839222388342,2.902851072e-05,0.9745635,3.26,0.35,0.22,0.27,0.16,,,,,
203,831488,181,71645.59874304851,46197.36102557712,7.73,4799.1,-0.008206805692680064,2278.212095797062,0.9386909615714103,2.902367744e-05,0.9481478,3.26,0.35,0.22,0.27,0.16,,,,,
204,835584,182,71318.9294329434,46002.4842826745,7.73,4772.55,-0.0014927060747140786,27341.729068994522,0.896939332713373,2.901884416e-05,0.97200704,3.29,0.35,0.21,0.28,0.16,,,,,
205,839680,182,71318.9294329434,46002.4842826745,7.73,4772.55,-0.006233937253909971,3376.892042994499,0.8815426817163825,2.901401088e-05,0.97085965,3.29,0.35,0.21,0.28,0.16,,,,,
206,843776,185,68879.65911598393,44494.86617433179,7.68,4626.23,-0.003833713735730271,12577.069346785545,0.9809982168953866,2.90091776e-05,0.95491844,3.39,0.34,0.2,0.29,0.17,,,,,
207,847872,185,68879.65911598393,44494.86617433179,7.68,4626.23,-0.00412914807566267,8555.307933747768,0.8917336949380115,2.900434432e-05,0.97003835,3.39,0.34,0.2,0.29,0.17,,,,,
208,851968,185,68879.65911598393,44494.86617433179,7.68,4626.23,-0.001533846262645966,31785.873430728912,0.8896827619755641,2.8999511040000002e-05,0.9746011,3.39,0.34,0.2,0.29,0.17,,,,,
209,856064,186,70411.15587636117,45469.57049361717,7.76,4713.75,-0.003025379932296346,34846.95357322693,0.9526169978780672,2.899467776e-05,0.95270157,3.38,0.34,0.2,0.29,0.17,,,,,
210,860160,188,70668.11157674027,45600.99544239575,7.73,4725.88,-0.004101164294297632,27082.67349421978,0.8847516189562157,2.898984448e-05,0.9670243,3.33,0.34,0.2,0.3,0.16,,,,,
211,864256,189,70032.44589686905,45196.079195427235,7.68,4690.77,-0.007397937628411455,5791.079620540142,0.9499928187578917,2.89850112e-05,0.94627947,3.32,0.35,0.19,0.3,0.16,,,,,
212,868352,189,70032.44589686905,45196.079195427235,7.68,4690.77,-0.0034879501226896537,6257.713501572609,1.0036068515619263,2.8980177920000002e-05,0.984031,3.32,0.35,0.19,0.3,0.16,,,,,
213,872448,190,70947.36282168346,45757.7252983134,7.72,4738.36,-0.005202744992857333,11950.801453649998,0.9053760736715049,2.897534464e-05,0.96457464,3.31,0.35,0.2,0.29,0.16,,,,,
214,876544,191,70942.5886126251,45756.09511648145,7.72,4741.08,-0.005421836636742228,11220.403878867626,1.0161663818871602,2.897051136e-05,0.9348209,3.3,0.36,0.19,0.29,0.16,,,,,
215,880640,192,70815.00058254195,45700.0395481255,7.73,4723.74,-0.0038681403621012578,8704.541352272034,0.9419152409536764,2.896567808e-05,0.955082,3.33,0.35,0.19,0.3,0.16,,,,,
216,884736,193,69484.15943953041,44890.091502373965,7.7,4645.41,-0.0035271921378807747,7817.477261066437,0.9602063039783388,2.8960844800000002e-05,0.8562832,3.39,0.34,0.19,0.3,0.17,,,,,
217,888832,194,69675.98549841915,45017.6964942041,7.71,4657.52,-0.004073942171089584,14563.305537164211,0.9345240616239607,2.895601152e-05,0.9164553,3.39,0.34,0.19,0.3,0.17,,,,,
218,892928,195,69132.29309581446,44693.83590831043,7.69,4618.09,-0.005030668925428472,14537.941527485847,1.0191579626407474,2.895117824e-05,0.9253206,3.41,0.33,0.2,0.3,0.17,,,,,
219,897024,197,68080.9153450519,44029.673721398736,7.64,4572.2,-0.004499329382269934,10472.193581581116,0.99645362701267,2.894634496e-05,0.9649954,3.4,0.32,0.22,0.29,0.17,,,,,
220,901120,198,68047.56329919136,43983.643371166836,7.58,4577.34,-0.004384558322271914,3984.1179343760014,0.9174069883301854,2.894151168e-05,0.96281064,3.33,0.32,0.23,0.29,0.16,,,,,
221,905216,199,67601.1627304548,43655.299755388136,7.55,4558.84,-0.0032075890312626143,22496.60555446148,0.9907193215331063,2.89366784e-05,0.9702508,3.31,0.32,0.24,0.28,0.16,,,,,
222,909312,200,68192.13038561755,44037.762812687506,7.58,4591.61,-0.0027097482889075764,19254.90055334568,0.9037523020524532,2.893184512e-05,0.9492647,3.31,0.32,0.24,0.28,0.16,,,,,
223,913408,201,67709.2348121665,43746.52321323308,7.56,4569.68,-0.004873514940300083,8916.523240923882,0.9614219242939726,2.892701184e-05,0.9552147,3.31,0.32,0.24,0.28,0.16,,,,,
224,917504,202,67401.37904536696,43544.76207129666,7.53,4556.26,-0.006533233523441595,2797.39988642931,0.9399506961926818,2.8922178560000003e-05,0.91853464,3.29,0.33,0.23,0.28,0.16,,,,,
225,921600,202,67401.37904536696,43544.76207129666,7.53,4556.26,-0.0033836247102954076,8609.633173823357,0.9484049370512366,2.891734528e-05,0.9672476,3.29,0.33,0.23,0.28,0.16,78565.85301988306,51368.72511031053,9.0,4641.7,0.36666666666666664
226,925696,203,68514.79228721451,44238.260425089305,7.57,4617.0,-0.0032307680958183482,38445.67512214184,0.9218233628198504,2.8912512e-05,0.96625406,3.26,0.34,0.23,0.27,0.16,,,,,
227,929792,204,68539.86015570055,44258.0878682191,7.59,4620.5,-0.004146713605678087,11954.387881696224,0.9466209241654724,2.8907678720000002e-05,0.95982164,3.28,0.34,0.23,0.26,0.17,,,,,
228,933888,205,69497.30411476763,44844.18957864184,7.6,4675.04,-0.003022730224984116,22853.87665104866,0.9596673496998847,2.890284544e-05,0.9607984,3.23,0.34,0.24,0.26,0.16,,,,,
229,937984,206,68555.15317135841,44260.78599536712,7.56,4630.19,-0.008176060340701952,4292.53184825182,0.9484500208636746,2.889801216e-05,0.9724385,3.23,0.34,0.24,0.26,0.16,,,,,
230,942080,206,68555.15317135841,44260.78599536712,7.56,4630.19,-0.004118819495488424,5559.5961574316025,0.9198092544684187,2.889317888e-05,0.9682009,3.23,0.34,0.24,0.26,0.16,,,,,
231,946176,208,68789.06538698189,44415.57796174561,7.58,4646.01,-0.005591982490841474,4415.4876918792725,0.9903368416707963,2.8888345600000002e-05,0.96591413,3.23,0.34,0.24,0.26,0.16,,,,,
232,950272,208,68789.06538698189,44415.57796174561,7.58,4646.01,-0.006174223404741497,3801.452159166336,0.9189003105275333,2.888351232e-05,0.962816,3.23,0.34,0.24,0.26,0.16,,,,,
233,954368,209,68617.78325761486,44325.69964432143,7.57,4637.81,-0.001622165686057997,20330.123901605606,0.8574068486923352,2.887867904e-05,0.9703493,3.23,0.34,0.24,0.26,0.16,,,,,
234,958464,210,69775.53975715696,45082.86654758714,7.66,4682.32,-0.00332142315346573,38900.37506842613,0.8964207355165854,2.887384576e-05,0.96885014,3.28,0.33,0.24,0.26,0.17,,,,,
235,962560,210,69775.53975715696,45082.86654758714,7.66,4682.32,-0.004940306455864629,3683.7994359731674,0.8698923607589677,2.8869012480000002e-05,0.9723805,3.28,0.33,0.24,0.26,0.17,,,,,
236,966656,211,70417.94915200258,45484.12670242842,7.67,4729.48,-0.004695025208093284,3118.5014778375626,0.9316641959594563,2.88641792e-05,0.97505414,3.23,0.34,0.24,0.26,0.16,,,,,
237,970752,212,71100.91720608402,45921.657265762406,7.68,4781.2,-0.0032565790506851044,10835.170267403126,0.8910999660147354,2.885934592e-05,0.96476275,3.18,0.35,0.24,0.26,0.15,,,,,
238,974848,212,71100.91720608402,45921.657265762406,7.68,4781.2,-0.0023093304444046225,14810.778107404709,0.8637578838970512,2.885451264e-05,0.9725451,3.18,0.35,0.24,0.26,0.15,,,,,
239,978944,214,71613.11165194135,46224.17176385695,7.71,4811.83,-0.00634406504832441,5887.636685013771,0.9649071110179648,2.884967936e-05,0.96657574,3.18,0.35,0.24,0.26,0.15,,,,,
240,983040,215,71256.25483159463,45990.274784323105,7.69,4786.27,-0.0033714842711560777,16342.65591621399,0.940997367259115,2.884484608e-05,0.9692147,3.19,0.34,0.25,0.26,0.15,,,,,
241,987136,217,72045.26034049815,46501.22835601892,7.76,4821.95,-0.00694478269724641,10593.674259185791,0.9828697001794353,2.88400128e-05,0.97064155,3.22,0.34,0.24,0.26,0.16,,,,,
242,991232,218,72171.76428714389,46610.324563490954,7.79,4820.57,-0.0032849904373506433,16625.04700756073,0.9221466121962294,2.883517952e-05,0.93468386,3.25,0.33,0.24,0.27,0.16,,,,,
243,995328,220,70936.1629624849,45848.89381711206,7.73,4754.1,-0.0033107464896602323,12028.786008238792,0.976669532712549,2.883034624e-05,0.9408874,3.25,0.34,0.23,0.26,0.17,,,,,
244,999424,220,70936.1629624849,45848.89381711206,7.73,4754.1,-0.0038107852178654866,12876.785232782364,0.8215699560241774,2.882551296e-05,0.9589464,3.25,0.34,0.23,0.26,0.17,,,,,
245,1003520,221,71602.84750965062,46259.36661880068,7.75,4794.75,-0.0035054824911640026,12571.747834205627,0.9046903696144,2.882067968e-05,0.9752177,3.22,0.34,0.24,0.25,0.17,,,,,
246,1007616,222,72177.28140772966,46617.79017508297,7.77,4832.15,-0.0034603767280714237,8591.66614997387,0.887643382884562,2.8815846400000002e-05,0.97129124,3.19,0.35,0.24,0.24,0.17,,,,,
247,1011712,224,69701.18683603729,45033.43855328316,7.64,4717.97,-0.0073190211896871915,3646.256365418434,1.017627283348702,2.881101312e-05,0.9674549,3.17,0.35,0.24,0.24,0.17,,,,,
248,1015808,226,67777.64301831089,43802.763061638296,7.5,4640.88,-0.005165550719539169,3664.6838504076004,0.9373223828151822,2.880617984e-05,0.93417716,3.1,0.35,0.26,0.23,0.16,,,,,
249,1019904,227,67752.5120855445,43789.859816735116,7.49,4646.18,-0.004973343631718308,3994.1340572834015,0.8905644048936665,2.880134656e-05,0.9620444,3.08,0.36,0.25,0.23,0.16,,,,,
250,1024000,229,66997.1345489123,43314.32686706989,7.46,4587.89,-0.005199819074732659,5820.9955741763115,0.9665082866558805,2.8796513280000002e-05,0.9722106,3.11,0.35,0.25,0.24,0.16,70288.38791560072,46130.2028271282,8.666666666666666,4422.766666666666,0.36666666666666664
251,1028096,229,66997.1345489123,43314.32686706989,7.46,4587.89,-0.0033110530639532954,7711.672468543053,0.8870053470600396,2.879168e-05,0.983847,3.11,0.35,0.25,0.24,0.16,,,,,
252,1032192,230,66486.73008057737,42998.048178235425,7.44,4561.63,-0.002916474824814941,16251.27061021328,0.9253870655084029,2.878684672e-05,0.91613317,3.12,0.34,0.26,0.24,0.16,,,,,
253,1036288,232,66799.47669896614,43202.61112802969,7.47,4571.48,-0.004030058891657973,8270.299601256847,0.9873333531431854,2.878201344e-05,0.97217596,3.14,0.33,0.26,0.25,0.16,,,,,
254,1040384,232,66799.47669896614,43202.61112802969,7.47,4571.48,-0.005853676862443535,4422.909078776836,0.974065653863363,2.8777180160000002e-05,0.97169375,3.14,0.33,0.26,0.25,0.16,,,,,
255,1044480,233,67434.4324051125,43587.92329198397,7.47,4615.27,-0.0031123396470320586,12983.101635813713,0.9524951430503279,2.877234688e-05,0.9376219,3.09,0.33,0.27,0.25,0.15,,,,,
256,1048576,235,66657.78393408199,43078.93571174381,7.39,4584.39,-0.005614712687020074,5819.299844264984,0.8694627371151,2.87675136e-05,0.9224724,3.04,0.35,0.26,0.24,0.15,,,,,
257,1052672,236,65979.43969906635,42650.640565348745,7.36,4557.09,-0.004075654624102754,9436.83282315731,0.8527630505850539,2.876268032e-05,0.9573074,3.04,0.35,0.26,0.24,0.15,,,,,
258,1056768,237,64181.22727415359,41506.72480911953,7.28,4474.48,-0.005559259521760396,6346.704504370689,0.9981216780142859,2.8757847040000002e-05,0.95014054,3.04,0.35,0.26,0.24,0.15,,,,,
259,1060864,239,62705.16708500749,40606.35810762181,7.25,4374.34,-0.0030173854866006877,14295.439094007015,1.0524400501744822,2.875301376e-05,0.9401216,3.12,0.33,0.26,0.25,0.16,,,,,
260,1064960,239,62705.16708500749,40606.35810762181,7.25,4374.34,-0.004690165207648533,19977.064457774162,0.941556500387378,2.874818048e-05,0.9640613,3.12,0.33,0.26,0.25,0.16,,,,,
261,1069056,240,63886.535481215295,41349.03058179089,7.31,4433.14,-0.002930589724201127,30076.103834033012,0.8916334840469062,2.87433472e-05,0.94664353,3.12,0.33,0.26,0.25,0.16,,,,,
262,1073152,240,63886.535481215295,41349.03058179089,7.31,4433.14,-0.0034460578754078597,9937.731948554516,0.9412675842177123,2.8738513920000002e-05,0.9718528,3.12,0.33,0.26,0.25,0.16,,,,,
263,1077248,241,64898.01747625432,41980.39339459764,7.35,4493.12,-0.002714237931286334,23532.09577637911,0.8769046339439228,2.873368064e-05,0.96143043,3.09,0.34,0.26,0.24,0.16,,,,,
264,1081344,242,64082.424522760935,41417.59833345006,7.3,4460.8,-0.005383275806707388,6083.553282618523,0.8225354668684304,2.872884736e-05,0.9284027,3.07,0.35,0.25,0.24,0.16,,,,,
265,1085440,242,64082.424522760935,41417.59833345006,7.3,4460.8,-0.004010637389001204,7326.153115928173,0.8351860562106594,2.8724014080000002e-05,0.9498672,3.07,0.35,0.25,0.24,0.16,,,,,
266,1089536,244,64572.910350686194,41715.15478782876,7.29,4486.54,-0.0018500553342164494,33907.83323776722,0.856510974932462,2.87191808e-05,0.8316847,3.04,0.35,0.25,0.25,0.15,,,,,
267,1093632,245,63301.9046563017,40909.225150737744,7.22,4426.19,-0.007031562570773531,3232.847911596298,0.922165056806989,2.871434752e-05,0.94225156,3.03,0.36,0.24,0.25,0.15,,,,,
268,1097728,245,63301.9046563017,40909.225150737744,7.22,4426.19,-0.002898981449106941,24928.428128004074,0.9093374323565513,2.870951424e-05,0.9608873,3.03,0.36,0.24,0.25,0.15,,,,,
269,1101824,245,63301.9046563017,40909.225150737744,7.22,4426.19,-0.0017131676086137304,157848.94146728516,0.8437393782660365,2.8704680960000002e-05,0.95549953,3.03,0.36,0.24,0.25,0.15,,,,,
270,1105920,246,64987.74147982677,42003.55349040438,7.31,4500.8,-0.0026714150753832655,13560.219514787197,0.8825004958780482,2.869984768e-05,0.97542584,3.05,0.36,0.23,0.26,0.15,,,,,
271,1110016,247,66275.71192592155,42780.65838218556,7.36,4563.89,-0.001965415860468056,35980.3573577404,0.9228145740926266,2.86950144e-05,0.95151806,3.04,0.36,0.23,0.27,0.14,,,,,
272,1114112,247,66275.71192592155,42780.65838218556,7.36,4563.89,-0.0033901594524650136,7393.0597531199455,0.8987642503343523,2.869018112e-05,0.97789323,3.04,0.36,0.23,0.27,0.14,,,,,
273,1118208,248,66390.55962136149,42851.66219224009,7.37,4563.38,-0.005246039291705529,3538.346405684948,0.8342250157147646,2.8685347840000002e-05,0.9800613,3.05,0.36,0.22,0.28,0.14,,,,,
274,1122304,249,65804.17280443099,42462.707536028676,7.33,4551.48,-0.00392254104190215,14036.082246780396,0.9138684481149539,2.868051456e-05,0.9762666,3.02,0.36,0.22,0.29,0.13,,,,,
275,1126400,250,66333.10496414566,42848.08791357401,7.38,4566.7,-0.003315004598334781,52382.66485226154,0.8881986308842897,2.867568128e-05,0.9694906,3.06,0.36,0.21,0.29,0.14,76182.60258195919,49920.70605230389,8.966666666666667,4674.633333333333,0.3333333333333333
276,1130496,250,66333.10496414566,42848.08791357401,7.38,4566.7,-0.0064428216246597,4365.4628529548645,0.8811416424578056,2.8670848e-05,0.97826654,3.06,0.36,0.21,0.29,0.14,,,,,
277,1134592,250,66333.10496414566,42848.08791357401,7.38,4566.7,-0.002927619995716668,27802.873195171356,0.8735490147955716,2.8666014720000002e-05,0.9747012,3.06,0.36,0.21,0.29,0.14,,,,,
278,1138688,252,66465.20065496438,42929.88593252199,7.42,4544.43,-0.003136616721349128,22128.594763934612,0.9204899043543264,2.866118144e-05,0.9748987,3.13,0.34,0.22,0.29,0.15,,,,,
279,1142784,253,66985.19085478486,43270.15978159842,7.46,4564.3,-0.0026769459873321466,17103.97702741623,0.9157992609543726,2.865634816e-05,0.9808317,3.15,0.34,0.22,0.28,0.16,,,,,
280,1146880,254,66580.23639279231,43015.58738471638,7.42,4544.36,-0.00835995223133068,4419.5091480612755,0.913984221406281,2.865151488e-05,0.9189965,3.13,0.35,0.21,0.28,0.16,,,,,
281,1150976,256,66497.58468797695,42954.176748107,7.41,4538.07,-0.005759416781984328,5366.422717809677,0.9799193367362022,2.8646681600000002e-05,0.95913875,3.12,0.35,0.21,0.28,0.16,,,,,
282,1155072,257,65654.8278756202,42430.723580030965,7.37,4485.58,-0.004326813968873466,4682.126641511917,0.8818120016949251,2.864184832e-05,0.9550823,3.13,0.34,0.22,0.28,0.16,,,,,
283,1159168,258,65233.32184002634,42163.257101877934,7.34,4468.88,-0.005088432926640962,12822.334019780159,0.9112865555798635,2.863701504e-05,0.96444136,3.12,0.35,0.21,0.28,0.16,,,,,
284,1163264,259,65084.559394989294,42107.29755328944,7.37,4443.0,-0.0030861399827699643,20294.120752096176,0.9068806229624897,2.863218176e-05,0.9654093,3.18,0.34,0.21,0.28,0.17,,,,,
285,1167360,260,64523.96599222431,41754.513168452766,7.35,4414.14,-0.0033226572850253433,7363.953109800816,0.8554840787546709,2.862734848e-05,0.95145494,3.19,0.34,0.21,0.28,0.17,,,,,
286,1171456,261,65402.523127996035,42284.11137647737,7.36,4470.75,-0.001955028059455799,10285.266559302807,0.8978401144267991,2.86225152e-05,0.96703935,3.14,0.34,0.22,0.28,0.16,,,,,
287,1175552,262,64139.798566215766,41450.40559354456,7.29,4431.5,-0.005810012060464942,4941.620285868645,0.9499806304229423,2.861768192e-05,0.97247607,3.1,0.34,0.23,0.28,0.15,,,,,
288,1179648,264,62914.62451065286,40664.85420655603,7.25,4354.73,-0.0062033068115852075,4954.966737031937,1.0055293750483543,2.8612848640000002e-05,0.968491,3.14,0.33,0.24,0.27,0.16,,,,,
289,1183744,265,61751.1342840936,39906.16365810606,7.16,4297.35,-0.001468453213419707,39030.56511282921,0.9040634749690071,2.860801536e-05,0.96846795,3.1,0.34,0.24,0.26,0.16,,,,,
290,1187840,268,60363.589907695365,39086.259715558364,7.15,4187.39,-0.004512425553002686,8222.840499520302,0.9251113180071115,2.860318208e-05,0.8391402,3.22,0.31,0.25,0.27,0.17,,,,,
291,1191936,269,60711.045895684416,39310.39796278277,7.14,4221.98,-0.005198064382057055,5159.738542377949,0.9014106062240899,2.85983488e-05,0.95568925,3.17,0.32,0.25,0.27,0.16,,,,,
292,1196032,271,59268.18399738302,38410.64853386218,7.09,4144.75,-0.004047539225211949,13715.959462285042,0.9771205672295764,2.8593515520000002e-05,0.953702,3.21,0.33,0.24,0.26,0.17,,,,,
293,1200128,272,57586.39746756705,37361.33875482823,7.04,4062.61,-0.0030505205559165915,23754.530107736588,0.918634278816171,2.858868224e-05,0.96041745,3.24,0.32,0.24,0.27,0.17,,,,,
294,1204224,272,57586.39746756705,37361.33875482823,7.04,4062.61,-0.0012384364617901156,60801.107192754745,0.908616199856624,2.858384896e-05,0.96671367,3.24,0.32,0.24,0.27,0.17,,,,,
295,1208320,274,59091.83249094474,38303.018468221926,7.13,4124.04,-0.004636411829778808,47009.002401947975,0.9608713292982429,2.857901568e-05,0.95660555,3.27,0.31,0.25,0.26,0.18,,,,,
296,1212416,275,59110.05770905692,38320.99833365644,7.15,4121.71,-0.007530635089551652,2570.032679080963,0.9285245382925496,2.8574182400000002e-05,0.9397165,3.3,0.3,0.25,0.27,0.18,,,,,
297,1216512,277,57284.75782901552,37139.01448939071,7.03,4032.73,-0.006311133189228713,3849.81421867013,0.9782081464072689,2.856934912e-05,0.9680305,3.27,0.3,0.26,0.26,0.18,,,,,
298,1220608,277,57284.75782901552,37139.01448939071,7.03,4032.73,-0.0036838802971033147,8228.429937660694,0.8722854851512238,2.856451584e-05,0.96752214,3.27,0.3,0.26,0.26,0.18,,,,,
299,1224704,278,58510.49895705299,37876.61554567642,7.06,4104.08,-0.0018708426759985741,25183.85817885399,0.8683193173492327,2.855968256e-05,0.96690965,3.22,0.31,0.26,0.26,0.17,,,,,
300,1228800,280,57157.44922898633,37080.854267376686,7.05,4016.34,-0.0036444923334784107,14139.99908876419,0.984056111657992,2.8554849280000002e-05,0.9595633,3.31,0.3,0.25,0.26,0.19,85508.17023258124,55832.758271963154,9.4,5036.766666666666,0.36666666666666664
301,1232896,280,57157.44922898633,37080.854267376686,7.05,4016.34,-0.006174143617954542,6680.171454012394,0.9112293261568993,2.8550016e-05,0.9733578,3.31,0.3,0.25,0.26,0.19,,,,,
302,1236992,280,57157.44922898633,37080.854267376686,7.05,4016.34,-0.00276382476931758,46477.58390760422,0.9592148676747456,2.854518272e-05,0.9622215,3.31,0.3,0.25,0.26,0.19,,,,,
303,1241088,281,58449.54500604119,37918.86647819439,7.12,4068.46,-0.003672203176392941,33037.73615169525,0.8397125517949462,2.854034944e-05,0.96958745,3.33,0.29,0.26,0.26,0.19,,,,,
304,1245184,281,58449.54500604119,37918.86647819439,7.12,4068.46,-0.0029650744108948857,9699.374465107918,0.8869840567931533,2.853551616e-05,0.9769734,3.33,0.29,0.26,0.26,0.19,,,,,
305,1249280,282,59790.19563209369,38758.448831887,7.16,4136.52,-0.002212579112892854,135438.4665904045,0.9295269660651684,2.853068288e-05,0.95757926,3.3,0.29,0.27,0.25,0.19,,,,,
306,1253376,282,59790.19563209369,38758.448831887,7.16,4136.52,-0.00626355342046736,9884.982512950897,0.926045217900537,2.85258496e-05,0.93230313,3.3,0.29,0.27,0.25,0.19,,,,,
307,1257472,283,59720.7465866995,38718.14333617015,7.15,4141.55,-0.0014927921110938769,23656.502302229404,0.9089584705652669,2.8521016320000002e-05,0.95248985,3.29,0.3,0.26,0.25,0.19,,,,,
308,1261568,284,60434.17834698077,39168.6776397936,7.17,4175.53,-0.0025229126113117673,38560.92617493868,0.8522841795347631,2.851618304e-05,0.94858927,3.28,0.3,0.26,0.25,0.19,,,,,
309,1265664,285,60868.563960839536,39418.950131192585,7.17,4213.43,-0.003473822571322671,6707.713796317577,0.9338983418419957,2.851134976e-05,0.98199457,3.24,0.31,0.26,0.24,0.19,,,,,
310,1269760,285,60868.563960839536,39418.950131192585,7.17,4213.43,-0.005397545483901922,5997.3327840566635,0.925753052579239,2.850651648e-05,0.9778587,3.24,0.31,0.26,0.24,0.19,,,,,
311,1273856,286,59991.91878779115,38846.94649078594,7.13,4169.92,-0.00395079437566892,16237.579109609127,0.984979213331826,2.8501683200000002e-05,0.9802911,3.24,0.31,0.26,0.24,0.19,,,,,
312,1277952,287,59825.021528235724,38753.095862589194,7.13,4159.11,-0.0054765485947427806,11294.082058370113,0.9266101823886856,2.849684992e-05,0.9641576,3.25,0.31,0.26,0.24,0.19,,,,,
313,1282048,288,60769.98508424891,39371.73536073136,7.17,4220.16,-0.00546402543932345,17155.134629130363,0.8789078436093405,2.849201664e-05,0.9717409,3.23,0.31,0.27,0.23,0.19,,,,,
314,1286144,288,60769.98508424891,39371.73536073136,7.17,4220.16,-0.0038119330574772903,6156.635133087635,0.8347415964817628,2.848718336e-05,0.96543646,3.23,0.31,0.27,0.23,0.19,,,,,
315,1290240,290,60532.52566361661,39223.02540708317,7.2,4205.9,-0.002866687540517887,11706.971413254738,0.97019421774894,2.8482350080000002e-05,0.9589122,3.27,0.31,0.26,0.23,0.2,,,,,
316,1294336,294,58313.79583490274,37824.55363190416,7.09,4050.5,-0.005031207007050398,11616.172871232033,1.0177314572501928,2.84775168e-05,0.76156074,3.33,0.29,0.28,0.23,0.2,,,,,
317,1298432,295,58219.07186570397,37738.7751781595,7.07,4050.12,-0.009126737773840432,2527.590578317642,1.0314889473374933,2.847268352e-05,0.9524077,3.31,0.3,0.27,0.23,0.2,,,,,
318,1302528,297,58172.82765619037,37703.77082744897,7.07,4054.78,-0.0045188921940280125,19111.574857831,0.9806991282384843,2.846785024e-05,0.8808425,3.31,0.31,0.25,0.24,0.2,,,,,
319,1306624,297,58172.82765619037,37703.77082744897,7.07,4054.78,-0.004058759530380485,5591.6820840239525,0.8992420163704082,2.8463016960000002e-05,0.9693973,3.31,0.31,0.25,0.24,0.2,,,,,
320,1310720,297,58172.82765619037,37703.77082744897,7.07,4054.78,-0.0011797814977398957,38901.14246726036,0.9059815516229719,2.845818368e-05,0.9636463,3.31,0.31,0.25,0.24,0.2,,,,,
321,1314816,298,59362.48182756803,38454.4958390301,7.13,4125.97,-0.0024370335931962472,15271.38198941946,0.8706693031126633,2.84533504e-05,0.52231026,3.3,0.32,0.24,0.24,0.2,,,,,
322,1318912,299,59308.092136895546,38434.615177116044,7.12,4134.38,-0.004056366140503087,10655.262196063995,0.9792024492053315,2.844851712e-05,0.9434189,3.28,0.33,0.23,0.24,0.2,,,,,
323,1323008,299,59308.092136895546,38434.615177116044,7.12,4134.38,-0.0019214177218600526,14697.761867523193,0.9028332764282823,2.844368384e-05,0.9546853,3.28,0.33,0.23,0.24,0.2,,,,,
324,1327104,300,60138.83768293107,38938.547041046,7.14,4182.59,-0.0029846668821846833,33673.97794556618,0.900662675849162,2.843885056e-05,0.9688868,3.24,0.34,0.23,0.23,0.2,,,,,
325,1331200,301,59853.08559106381,38739.21285091671,7.12,4165.23,-0.002660895757799153,18034.80705523491,0.9167452176334336,2.843401728e-05,0.95320904,3.24,0.34,0.23,0.23,0.2,54292.760767275104,35898.60081768213,7.8,3563.266666666667,0.26666666666666666
326,1335296,302,60349.52252844655,39048.275044755945,7.17,4180.22,-0.0024991339687403524,17467.274040043354,0.839856029022485,2.8429184000000002e-05,0.9708901,3.28,0.33,0.23,0.24,0.2,,,,,
327,1339392,302,60349.52252844655,39048.275044755945,7.17,4180.22,-0.007336053522521979,10635.981650054455,0.9809313013684005,2.842435072e-05,0.9652362,3.28,0.33,0.23,0.24,0.2,,,,,
328,1343488,306,58115.02931944184,37630.665856990025,7.07,4042.25,-0.005155043381819269,3364.873908787966,0.9690703511005268,2.841951744e-05,0.8678348,3.33,0.31,0.24,0.25,0.2,,,,,
329,1347584,307,57771.34885702067,37392.89910574222,7.05,4021.55,-0.004660420490836259,3996.8222948908806,0.8805058805737644,2.841468416e-05,0.951604,3.33,0.31,0.24,0.25,0.2,,,,,
330,1351680,307,57771.34885702067,37392.89910574222,7.05,4021.55,-0.008015382099074486,4125.738336265087,0.9128935717744753,2.8409850880000002e-05,0.9625031,3.33,0.31,0.24,0.25,0.2,,,,,
331,1355776,307,57771.34885702067,37392.89910574222,7.05,4021.55,-0.001697709567451966,19954.347487092018,0.8944664428709075,2.84050176e-05,0.97924876,3.33,0.31,0.24,0.25,0.2,,,,,
332,1359872,308,59262.37969687627,38321.829248305476,7.11,4109.24,-0.003190664466274029,25282.976461291313,0.8532725106924772,2.840018432e-05,0.9689976,3.3,0.32,0.24,0.24,0.2,,,,,
333,1363968,310,57745.30947383244,37378.23216298415,7.07,4038.97,-0.006698810737361782,4319.840852856636,0.951447652769275,2.839535104e-05,0.8945107,3.33,0.32,0.24,0.24,0.2,,,,,
334,1368064,310,57745.30947383244,37378.23216298415,7.07,4038.97,-0.003036883244931232,15623.779367566109,0.8623592596268281,2.8390517760000002e-05,0.96406686,3.33,0.32,0.24,0.24,0.2,,,,,
335,1372160,311,58135.66678105588,37629.569124433416,7.09,4057.66,-0.004319209427876558,7124.270535171032,0.9433387776371092,2.838568448e-05,0.9741858,3.33,0.32,0.24,0.24,0.2,,,,,
336,1376256,312,57919.5397667352,37493.85198462286,7.09,4035.7,-0.0035365268149689655,7260.25587695837,0.8994148869533092,2.83808512e-05,0.98072577,3.36,0.31,0.24,0.25,0.2,,,,,
337,1380352,314,57481.234403171904,37242.615297890756,7.04,4030.02,-0.0034170116887253243,9359.979440629482,0.8882443903712556,2.837601792e-05,0.9645497,3.31,0.32,0.24,0.24,0.2,,,,,
338,1384448,314,57481.234403171904,37242.615297890756,7.04,4030.02,-0.005126951715283212,6996.008553683758,0.9817407161463052,2.8371184640000002e-05,0.9779088,3.31,0.32,0.24,0.24,0.2,,,,,
339,1388544,315,57889.41506004907,37488.73169286149,7.07,4046.68,-0.006202765694979462,2711.7410821020603,0.9264861246338114,2.836635136e-05,0.94938445,3.32,0.32,0.24,0.24,0.2,,,,,
340,1392640,316,57639.43289634992,37307.6646319931,7.03,4048.49,-0.0065846200104715535,5536.538110911846,0.8964173984713852,2.836151808e-05,0.9457589,3.27,0.33,0.24,0.24,0.19,,,,,
341,1396736,317,58127.510486076586,37596.69467044228,7.04,4086.43,-0.0051385192432462645,3852.51497644186,0.9091349270893261,2.83566848e-05,0.9714706,3.24,0.34,0.24,0.23,0.19,,,,,
342,1400832,319,57663.45161842562,37287.48693773509,6.95,4073.67,-0.004911871614240226,5096.852437674999,1.0115254108095542,2.835185152e-05,0.9124242,3.17,0.35,0.25,0.22,0.18,,,,,
343,1404928,319,57663.45161842562,37287.48693773509,6.95,4073.67,-0.003439948259256198,9075.8808324337,0.8416729237651452,2.834701824e-05,0.9657226,3.17,0.35,0.25,0.22,0.18,,,,,
344,1409024,320,58643.61497064812,37888.20508709672,7.01,4130.14,-0.004062030555360252,9762.533787846565,0.8334049003897235,2.834218496e-05,0.9722674,3.17,0.35,0.25,0.22,0.18,,,,,
345,1413120,320,58643.61497064812,37888.20508709672,7.01,4130.14,-0.004934548258461291,6708.064481019974,0.9473357718670741,2.833735168e-05,0.9776822,3.17,0.35,0.25,0.22,0.18,,,,,
346,1417216,320,58643.61497064812,37888.20508709672,7.01,4130.14,-0.003814253157543135,23674.289386749268,0.902663046377711,2.83325184e-05,0.98058903,3.17,0.35,0.25,0.22,0.18,,,,,
347,1421312,321,59410.67064900406,38365.03962864907,7.04,4171.95,-0.002524421528505627,19414.389872431755,0.830710208741948,2.832768512e-05,0.96933675,3.16,0.36,0.24,0.22,0.18,,,,,
348,1425408,323,59462.60337941861,38426.23871859254,7.09,4153.26,-0.006236162122149835,5739.948682367802,0.9708205321803689,2.832285184e-05,0.95502514,3.24,0.35,0.23,0.23,0.19,,,,,
349,1429504,323,59462.60337941861,38426.23871859254,7.09,4153.26,-0.003925123020053434,18970.377737402916,0.9537482419982553,2.8318018560000002e-05,0.9684138,3.24,0.35,0.23,0.23,0.19,,,,,
350,1433600,324,60032.1828074406,38784.76584725635,7.11,4191.23,-0.0042119709396502,8099.047116577625,0.8906141779152676,2.831318528e-05,0.90553993,3.22,0.35,0.24,0.22,0.19,73851.76911516702,48224.433749551754,8.666666666666666,4447.533333333334,0.3333333333333333
351,1437696,325,60324.21664662636,38983.39828684434,7.13,4213.54,-0.0027894232098333305,19907.5697132349,0.9751815990312025,2.8308352e-05,0.9658109,3.22,0.35,0.24,0.22,0.19,,,,,
352,1441792,326,61660.57285081024,39835.20612366897,7.23,4274.81,-0.002209605899224698,69662.87681102753,0.8822359301848337,2.830351872e-05,0.9585173,3.26,0.35,0.23,0.22,0.2,,,,,
353,1445888,327,61726.86766474079,39891.27834562619,7.25,4270.62,-0.003402597370040894,7675.609382748604,0.8939301292411983,2.8298685440000002e-05,0.95800644,3.29,0.34,0.23,0.23,0.2,,,,,
354,1449984,327,61726.86766474079,39891.27834562619,7.25,4270.62,-0.004398626823785889,8695.823103666306,0.8910062026698142,2.829385216e-05,0.975084,3.29,0.34,0.23,0.23,0.2,,,,,
355,1454080,328,62065.76870641544,40128.80570981234,7.27,4292.22,-0.0058313603103670175,3498.954312682152,0.9436953777913004,2.828901888e-05,0.96221644,3.29,0.34,0.23,0.23,0.2,,,,,
356,1458176,329,62630.34920700736,40472.06373943893,7.29,4339.02,-0.003928175739929429,5308.397358298302,0.9231753534404561,2.82841856e-05,0.9629711,3.26,0.35,0.23,0.22,0.2,,,,,
357,1462272,330,62632.73559920376,40516.70833215609,7.32,4324.81,-0.0020325760019659356,26894.493211627007,0.8954548856709152,2.8279352320000002e-05,0.96259046,3.31,0.35,0.22,0.22,0.21,,,,,
358,1466368,331,62379.84895851403,40370.74558615081,7.31,4312.52,-0.005067728931862803,5855.727468907833,0.9201884992653504,2.827451904e-05,0.9655658,3.31,0.35,0.22,0.22,0.21,,,,,
359,1470464,334,61369.904440707236,39746.12460230257,7.24,4246.54,-0.006251726983464323,4539.0634934306145,1.0098212904995307,2.826968576e-05,0.83794075,3.31,0.35,0.22,0.22,0.21,,,,,
360,1474560,335,61447.479558673185,39810.08814342843,7.27,4246.42,-0.003909445123099431,9577.370090126991,0.979208437493071,2.826485248e-05,0.9445822,3.34,0.34,0.22,0.23,0.21,,,,,
361,1478656,336,61960.18196904269,40145.97840151163,7.3,4265.72,-0.00432153229121468,25511.222098827362,0.9266514453338459,2.82600192e-05,0.97718734,3.35,0.34,0.22,0.22,0.22,,,,,
362,1482752,337,61832.12973545734,40064.13296252447,7.29,4255.93,-0.0053122289400562295,6888.823724150658,0.9536977348616347,2.825518592e-05,0.97140425,3.35,0.34,0.22,0.22,0.22,,,,,
363,1486848,338,62320.13220928249,40372.41456104702,7.31,4274.97,-0.0027754954980991897,18451.43708384037,0.885606741765514,2.825035264e-05,0.9780027,3.35,0.34,0.22,0.22,0.22,,,,,
364,1490944,339,62709.22687921396,40601.609295035094,7.32,4309.17,-0.002862888064555591,4792.756935298443,0.9233681686455384,2.824551936e-05,0.92074835,3.32,0.35,0.22,0.21,0.22,,,,,
365,1495040,339,62709.22687921396,40601.609295035094,7.32,4309.17,-0.004340941577538615,7858.4793102145195,0.9082379961619154,2.824068608e-05,0.97089326,3.32,0.35,0.22,0.21,0.22,,,,,
366,1499136,340,62547.47328818353,40475.08166525992,7.3,4316.4,-0.0022854592853036593,26009.20217180252,0.9011709400219843,2.82358528e-05,0.9508172,3.29,0.36,0.22,0.2,0.22,,,,,
367,1503232,340,62547.47328818353,40475.08166525992,7.3,4316.4,-0.0032563112708885456,20880.20862174034,0.9177665701135993,2.823101952e-05,0.96395534,3.29,0.36,0.22,0.2,0.22,,,,,
368,1507328,341,62608.08090854433,40516.78844851244,7.31,4306.74,-0.0023302274703382864,48420.067296385765,0.8605973143130541,2.8226186240000002e-05,0.9653489,3.32,0.35,0.22,0.21,0.22,,,,,
369,1511424,343,61672.104077532975,39996.99091718398,7.34,4223.7,-0.0028429052126739407,29226.429259598255,0.9899203159147874,2.822135296e-05,0.93294644,3.44,0.33,0.22,0.21,0.24,,,,,
370,1515520,345,61517.120088974625,39909.93986574164,7.33,4213.07,-0.005984619579976425,4116.654831409454,0.9825807916931808,2.821651968e-05,0.8521534,3.44,0.33,0.22,0.21,0.24,,,,,
371,1519616,346,60160.90721735253,39013.23701530498,7.26,4160.96,-0.004853218901189393,5735.125117480755,0.9259942641947418,2.82116864e-05,0.955877,3.41,0.34,0.22,0.2,0.24,,,,,
372,1523712,347,59533.78975565478,38622.5750607171,7.22,4139.96,-0.003690010160426027,4607.068619728088,0.8728648137766868,2.8206853120000002e-05,0.9629016,3.38,0.34,0.23,0.19,0.24,,,,,
373,1527808,348,58783.84897909225,38160.438154477066,7.18,4100.73,-0.005406084803325939,6192.28909355402,0.995594281819649,2.820201984e-05,0.95599914,3.38,0.34,0.23,0.19,0.24,,,,,
374,1531904,349,58679.59266901834,38094.077717508255,7.17,4101.26,-0.003309919505227299,13587.331233263016,0.9466823417460546,2.819718656e-05,0.9773544,3.37,0.34,0.23,0.19,0.24,,,,,
375,1536000,349,58679.59266901834,38094.077717508255,7.17,4101.26,-0.0038037006197555456,12918.4962246418,0.8759061066666618,2.819235328e-05,0.9737417,3.37,0.34,0.23,0.19,0.24,65782.29448397942,43048.91105535461,8.333333333333334,4014.3,0.3333333333333333
376,1540096,351,57494.24488886801,37311.13498217891,7.12,4039.82,-0.0036733850320160855,13938.139945209026,0.9704293004469946,2.8187520000000002e-05,0.960432,3.37,0.34,0.23,0.19,0.24,,,,,
377,1544192,352,57987.23162483398,37618.87169073563,7.11,4079.82,-0.003091628091169696,11622.658067941666,0.9326443924801424,2.818268672e-05,0.833618,3.32,0.34,0.24,0.19,0.23,,,,,
378,1548288,354,57496.44503218029,37326.86239632376,7.15,4046.03,-0.0007815305780241033,70095.48193240166,0.8770916608627886,2.817785344e-05,0.7837995,3.4,0.33,0.24,0.19,0.24,,,,,
379,1552384,354,57496.44503218029,37326.86239632376,7.15,4046.03,-0.0041415509667785955,4904.622101306915,0.8405627817846835,2.817302016e-05,0.9643746,3.4,0.33,0.24,0.19,0.24,,,,,
380,1556480,355,57705.26715825377,37462.24338118183,7.16,4060.2,-0.004255780158928246,5054.290794581175,0.8285087929107249,2.816818688e-05,0.95356727,3.4,0.33,0.24,0.19,0.24,,,,,
381,1560576,356,58213.82307112746,37773.57429086019,7.19,4094.68,-0.002069987180220778,11613.505475640297,0.9459827076643705,2.81633536e-05,0.87091625,3.4,0.33,0.24,0.19,0.24,,,,,
382,1564672,356,58213.82307112746,37773.57429086019,7.19,4094.68,-0.004935104509058874,7472.867858827114,0.8767245784401894,2.815852032e-05,0.969986,3.4,0.33,0.24,0.19,0.24,,,,,
383,1568768,358,58400.41127112725,37882.3919666037,7.19,4107.68,-0.003503448800984188,8060.800363302231,0.9662218658486381,2.815368704e-05,0.9571854,3.39,0.34,0.23,0.19,0.24,,,,,
384,1572864,359,58457.738667403246,37920.24378260107,7.19,4113.17,-0.0024060484847723274,27233.000598192215,0.857259837212041,2.8148853760000002e-05,0.9337465,3.39,0.34,0.23,0.19,0.24,,,,,
385,1576960,361,57347.94549323549,37220.86251823329,7.12,4047.6,-0.006900345583744638,7936.037775874138,0.9238499595085159,2.814402048e-05,0.90577304,3.39,0.34,0.23,0.19,0.24,,,,,
386,1581056,361,57347.94549323549,37220.86251823329,7.12,4047.6,-0.0022160601138239144,8066.164066314697,0.8861481337808073,2.81391872e-05,0.97017956,3.39,0.34,0.23,0.19,0.24,,,,,
387,1585152,363,57664.122434014724,37433.80469713475,7.14,4051.81,-0.0031196974250633502,24067.45015144348,0.8693906373810023,2.8134353920000002e-05,0.95841706,3.41,0.34,0.22,0.2,0.24,,,,,
388,1589248,363,57664.122434014724,37433.80469713475,7.14,4051.81,-0.0023532554896519287,22241.35555267334,0.8510586587944999,2.812952064e-05,0.9694365,3.41,0.34,0.22,0.2,0.24,,,,,
389,1593344,364,58877.13278560632,38199.53819828454,7.18,4122.48,-0.003683880664539174,16674.848204672337,0.911692900233902,2.812468736e-05,0.9563023,3.38,0.34,0.23,0.2,0.23,,,,,
390,1597440,365,59008.07153010881,38291.180779701965,7.2,4133.05,-0.005344441053239279,9241.324292242527,0.9742484078742564,2.811985408e-05,0.91530263,3.39,0.33,0.24,0.2,0.23,,,,,
391,1601536,366,58721.18205315799,38085.564437342364,7.14,4137.41,-0.00491726156178629,6128.205424964428,0.8972209580242634,2.8115020800000002e-05,0.9548228,3.32,0.34,0.24,0.2,0.22,,,,,
392,1605632,367,59788.14662731499,38756.86270455445,7.21,4203.8,-0.00361031804823142,10173.846213638783,0.838772350223735,2.811018752e-05,0.96949035,3.32,0.34,0.24,0.2,0.22,,,,,
393,1609728,367,59788.14662731499,38756.86270455445,7.21,4203.8,-0.003680946563690668,12417.168454885483,0.8414681490976363,2.810535424e-05,0.9626159,3.32,0.34,0.24,0.2,0.22,,,,,
394,1613824,369,60312.783005611105,39078.79805415914,7.24,4225.42,-0.006135837915280717,7058.218931496143,0.9666859267745167,2.810052096e-05,0.9642461,3.33,0.33,0.25,0.2,0.22,,,,,
395,1617920,369,60312.783005611105,39078.79805415914,7.24,4225.42,-0.005727338385440817,4551.803259253502,0.8796228634892032,2.8095687680000002e-05,0.9707768,3.33,0.33,0.25,0.2,0.22,,,,,
396,1622016,371,60896.313146357155,39434.85397937989,7.25,4261.8,-0.0024474396977893775,20905.069804430008,0.8939171910751611,2.80908544e-05,0.5898823,3.3,0.33,0.25,0.2,0.22,,,,,
397,1626112,373,58999.78635597843,38204.17688210505,7.13,4184.39,-0.005811770638501912,3333.0536929368973,0.9901108216727152,2.808602112e-05,0.90717167,3.25,0.34,0.25,0.2,0.21,,,,,
398,1630208,375,59269.19987085634,38393.269645576744,7.17,4196.37,-0.0014582918888663698,48318.19008243084,0.9376589882886037,2.808118784e-05,0.7503268,3.28,0.35,0.24,0.19,0.22,,,,,
399,1634304,375,59269.19987085634,38393.269645576744,7.17,4196.37,-0.0051301416042406345,10612.362631499767,0.8792950345668942,2.807635456e-05,0.9627454,3.28,0.35,0.24,0.19,0.22,,,,,
400,1638400,377,60011.211924267656,38869.11596088019,7.22,4227.93,-0.002372215818013501,13038.20095193386,0.9609466902911663,2.807152128e-05,0.9634653,3.29,0.34,0.25,0.19,0.22,63759.520090540995,41775.26691668782,8.3,4078.866666666667,0.23333333333333334
401,1642496,377,60011.211924267656,38869.11596088019,7.22,4227.93,-0.00720335745063494,4190.580649495125,0.8889259290881455,2.8066688e-05,0.96135914,3.29,0.34,0.25,0.19,0.22,,,,,
402,1646592,378,59534.54525778612,38584.701113687464,7.2,4211.55,-0.0044756348161172355,13429.570675492287,0.9752751988125965,2.806185472e-05,0.9565982,3.29,0.34,0.25,0.19,0.22,,,,,
403,1650688,379,59689.444082997,38656.30539007057,7.19,4221.4,-0.0031669704912928864,11353.852593064308,0.8341531265759841,2.8057021440000002e-05,0.96134806,3.26,0.34,0.26,0.19,0.21,,,,,
404,1654784,380,60570.63911190283,39213.001725971975,7.23,4259.86,-0.001650409218200366,30155.814984560013,0.8410244873957708,2.805218816e-05,0.97546595,3.26,0.34,0.26,0.19,0.21,,,,,
405,1658880,380,60570.63911190283,39213.001725971975,7.23,4259.86,-0.00446796129381255,2910.0736880898476,0.8942705825902522,2.804735488e-05,0.97068465,3.26,0.34,0.26,0.19,0.21,,,,,
406,1662976,381,59643.33527784518,38613.753397695305,7.19,4221.75,-0.005374151982323383,6139.021455049515,0.967330509563908,2.8042521600000002e-05,0.9615655,3.26,0.34,0.26,0.19,0.21,,,,,
407,1667072,381,59643.33527784518,38613.753397695305,7.19,4221.75,-0.0026083249467774294,11475.533453583717,0.8981772063998505,2.803768832e-05,0.9728244,3.26,0.34,0.26,0.19,0.21,,,,,
408,1671168,382,59454.185379846684,38484.42682682382,7.18,4219.64,-0.0025584780778444838,92859.45666086674,0.8646644988330081,2.803285504e-05,0.9666435,3.25,0.35,0.25,0.19,0.21,,,,,
409,1675264,384,58459.273060204294,37838.605524962004,7.14,4158.18,-0.005733675061492249,8140.117956936359,0.9617041376186535,2.802802176e-05,0.963901,3.27,0.34,0.25,0.2,0.21,,,,,
410,1679360,384,58459.273060204294,37838.605524962004,7.14,4158.18,-0.0059656733628798975,5516.0854623913765,0.9640316182048991,2.8023188480000002e-05,0.9639599,3.27,0.34,0.25,0.2,0.21,,,,,
411,1683456,385,58411.43460435623,37811.89408671802,7.14,4152.61,-0.00494514864658413,9371.815297603607,0.8824134001042694,2.80183552e-05,0.97642606,3.27,0.34,0.25,0.2,0.21,,,,,
412,1687552,386,58480.77266815761,37874.73095097469,7.16,4147.35,-0.003472130651061889,9898.924548506737,0.8728358107618988,2.801352192e-05,0.97511184,3.3,0.34,0.24,0.21,0.21,,,,,
413,1691648,386,58480.77266815761,37874.73095097469,7.16,4147.35,-0.00536283578730945,12489.708399653435,0.8781988192349672,2.800868864e-05,0.9602433,3.3,0.34,0.24,0.21,0.21,,,,,
414,1695744,388,58161.387821304124,37655.515850065625,7.11,4132.09,-0.0035217881049902644,25586.829070866108,0.9369251593016088,2.8003855360000002e-05,0.9437627,3.26,0.35,0.24,0.2,0.21,,,,,
415,1699840,388,58161.387821304124,37655.515850065625,7.11,4132.09,-0.0037789438165418687,4399.488363027573,0.9744817038299516,2.799902208e-05,0.98063713,3.26,0.35,0.24,0.2,0.21,,,,,
416,1703936,389,57959.87946537166,37529.66334724876,7.1,4120.86,-0.004351860947281239,10501.224442660809,0.8942842226242647,2.79941888e-05,0.9335333,3.27,0.34,0.25,0.2,0.21,,,,,
417,1708032,390,58343.98507300072,37764.70852182143,7.09,4146.91,-0.008213985720431083,10004.898469865322,0.9440486849052832,2.798935552e-05,0.9577189,3.23,0.34,0.26,0.2,0.2,,,,,
418,1712128,392,59185.31078076235,38271.59832362876,7.14,4209.01,-0.0055178065285872435,6312.853731036186,0.950212589232251,2.798452224e-05,0.8600435,3.21,0.34,0.26,0.2,0.2,,,,,
419,1716224,394,59618.93970966722,38539.95847529594,7.14,4231.13,-0.003179387566888181,16511.976984024048,0.9725021718768403,2.797968896e-05,0.9627081,3.19,0.34,0.26,0.2,0.2,,,,,
420,1720320,396,59385.79355340627,38458.36892532533,7.22,4191.91,-0.0020028085446028854,46910.017985105515,0.9495715816738084,2.797485568e-05,0.9302792,3.32,0.32,0.26,0.2,0.22,,,,,
421,1724416,397,59864.5550068117,38778.260733987816,7.29,4199.16,-0.0022392701539502013,68074.41101515293,0.8140610228292644,2.79700224e-05,0.9439058,3.38,0.32,0.26,0.19,0.23,,,,,
422,1728512,400,56482.16567886856,36647.32305932979,7.16,3989.78,-0.004665628109250974,10255.336730122566,0.8774396666558459,2.796518912e-05,0.8772832,3.47,0.3,0.26,0.2,0.24,,,,,
423,1732608,401,56735.19721949394,36772.096154053936,7.15,4012.41,-0.006297062765042938,3256.749804854393,0.8804345484822989,2.796035584e-05,0.97156835,3.43,0.31,0.26,0.19,0.24,,,,,
424,1736704,401,56735.19721949394,36772.096154053936,7.15,4012.41,-0.0019618194110080367,18874.717615008354,0.9122430444695055,2.795552256e-05,0.97587866,3.43,0.31,0.26,0.19,0.24,,,,,
425,1740800,402,57206.2392686078,37084.24444231533,7.16,4045.38,-0.003129380511381896,25026.010475873947,0.9873911166796461,2.795068928e-05,0.95738477,3.4,0.31,0.27,0.18,0.24,73182.4634283455,47995.15023497648,8.866666666666667,4530.266666666666,0.3
426,1744896,403,57440.065886527795,37262.077734790284,7.2,4035.31,-0.002207437842116633,50556.744744479656,0.8872428875183687,2.7945856e-05,0.9573635,3.45,0.31,0.26,0.18,0.25,,,,,
427,1748992,404,58022.40561228542,37636.82559779918,7.21,4076.99,-0.00451198304835998,11217.757097542286,0.9136872735107318,2.794102272e-05,0.94903195,3.41,0.31,0.27,0.18,0.24,,,,,
428,1753088,405,58055.48819255925,37654.00577806017,7.21,4080.18,-0.004937709556543268,7827.802751839161,0.8828056179918349,2.793618944e-05,0.93491966,3.41,0.31,0.27,0.18,0.24,,,,,
429,1757184,406,58603.63102970113,37989.4824059434,7.24,4121.63,-0.0039573704489157535,4716.903079032898,0.9383580990834162,2.7931356160000002e-05,0.91854274,3.39,0.32,0.26,0.18,0.24,,,,,
430,1761280,408,57166.9630649473,37114.16918645119,7.19,4040.7,-0.005205897451560304,6516.646051228046,0.96076228574384,2.792652288e-05,0.95271206,3.43,0.31,0.26,0.19,0.24,,,,,
431,1765376,410,57405.20952944449,37252.03250233059,7.16,4041.73,-0.0038314011708280304,10649.43969887495,0.9381720401579514,2.79216896e-05,0.9696168,3.4,0.3,0.27,0.2,0.23,,,,,
432,1769472,411,56460.382817061814,36668.63887132032,7.12,3983.63,-0.006786596213714802,3407.8910251259804,0.9497196696465835,2.791685632e-05,0.92832243,3.43,0.29,0.27,0.21,0.23,,,,,
433,1773568,412,56556.391916461194,36706.41998530414,7.11,3998.15,-0.00790069257345749,3085.9118823707104,0.9296431386610493,2.7912023040000002e-05,0.97526085,3.4,0.3,0.27,0.2,0.23,,,,,
434,1777664,413,55928.472508605926,36312.3891453853,7.07,3952.84,-0.00657599509213469,3898.6774686574936,0.8500721814343706,2.790718976e-05,0.9417292,3.41,0.29,0.28,0.2,0.23,,,,,
435,1781760,414,56500.187212560435,36648.37995749042,7.07,3996.27,-0.006205995131495001,6864.515150666237,0.8766819552984089,2.790235648e-05,0.9556301,3.36,0.3,0.28,0.2,0.22,,,,,
436,1785856,415,56765.84721020845,36824.87526761941,7.08,4009.1,-0.00313399335664144,11006.288632690907,0.8294022700283676,2.78975232e-05,0.968865,3.36,0.3,0.28,0.2,0.22,,,,,
437,1789952,417,55841.9994722859,36256.940578838374,7.04,3942.47,-0.00745635729526839,3817.7412643432617,0.967242588987574,2.7892689920000002e-05,0.964023,3.4,0.28,0.29,0.21,0.22,,,,,
438,1794048,418,56049.1700387285,36375.48198870469,7.08,3949.04,-0.005975199999738834,3181.2663799524307,1.0315230990527198,2.788785664e-05,0.97277224,3.43,0.27,0.29,0.22,0.22,,,,,
439,1798144,419,56310.134017130884,36525.775213533845,7.09,3966.85,-0.00511436022225098,10777.086923778057,0.9614565073279664,2.788302336e-05,0.9553906,3.42,0.27,0.29,0.22,0.22,,,,,
440,1802240,421,54338.14182462507,35321.654463685605,7.01,3844.72,-0.0045214244673843496,7150.189039707184,0.9026274990756065,2.787819008e-05,0.9546273,3.47,0.25,0.3,0.23,0.22,,,,,
441,1806336,421,54338.14182462507,35321.654463685605,7.01,3844.72,-0.0036486836597759975,4247.827668577433,0.9562962561612949,2.7873356800000002e-05,0.97451293,3.47,0.25,0.3,0.23,0.22,,,,,
442,1810432,421,54338.14182462507,35321.654463685605,7.01,3844.72,-0.0027472462843434187,21587.207870602608,0.9230709294788539,2.786852352e-05,0.96900415,3.47,0.25,0.3,0.23,0.22,,,,,
443,1814528,423,54803.93474894023,35624.7873578879,7.0,3891.24,-0.005573680780798895,5596.677107930183,0.9217456838814542,2.786369024e-05,0.931736,3.41,0.26,0.3,0.23,0.21,,,,,
444,1818624,424,54266.48327404298,35289.33008332527,6.97,3860.55,-0.00433656325640186,4241.930672168732,0.9682978517375886,2.785885696e-05,0.9538251,3.41,0.26,0.3,0.23,0.21,,,,,
445,1822720,424,54266.48327404298,35289.33008332527,6.97,3860.55,-0.00463908490837639,13429.30130827427,0.856693092151545,2.785402368e-05,0.97675866,3.41,0.26,0.3,0.23,0.21,,,,,
446,1826816,426,53595.96250598804,34840.652836220244,6.94,3836.52,-0.0070483048948517535,3480.7835782170296,0.9451187553349882,2.78491904e-05,0.9505408,3.4,0.27,0.29,0.23,0.21,,,,,
447,1830912,426,53595.96250598804,34840.652836220244,6.94,3836.52,-0.00464292270498845,5881.118942499161,0.8712091052439064,2.784435712e-05,0.9824029,3.4,0.27,0.29,0.23,0.21,,,,,
448,1835008,427,54312.5278206435,35264.571631583356,6.96,3882.76,-0.004497291331063025,8801.421000480652,0.9503392758779228,2.7839523840000002e-05,0.93268573,3.37,0.28,0.29,0.22,0.21,,,,,
449,1839104,427,54312.5278206435,35264.571631583356,6.96,3882.76,-0.007112500272342004,4822.240041255951,0.828963617561385,2.783469056e-05,0.97009224,3.37,0.28,0.29,0.22,0.21,,,,,
450,1843200,430,53184.163100469304,34495.56955402403,6.88,3805.28,-0.003389531786524458,7103.73585665226,0.9459218902047724,2.782985728e-05,0.96481234,3.37,0.27,0.3,0.22,0.21,55037.50249061351,36447.63851620964,7.966666666666667,3702.0666666666666,0.13333333333333333
451,1847296,431,53122.90171524589,34440.74092842713,6.86,3813.55,-0.0035721114745683735,10395.084143459797,0.9347138388548046,2.7825024e-05,0.9160992,3.34,0.28,0.3,0.21,0.21,,,,,
452,1851392,432,52971.13738770553,34346.10022903446,6.85,3796.13,-0.007744904333776503,3240.853082060814,0.9202120589325204,2.7820190720000002e-05,0.968133,3.35,0.27,0.31,0.21,0.21,,,,,
453,1855488,433,53632.50178607735,34768.07977606275,6.86,3849.21,-0.004443095234819339,6004.430215239525,0.9754757124464959,2.781535744e-05,0.95105845,3.3,0.28,0.31,0.21,0.2,,,,,
454,1859584,433,53632.50178607735,34768.07977606275,6.86,3849.21,-0.005798895730549702,4483.17644315958,0.8691586393397301,2.781052416e-05,0.97793794,3.3,0.28,0.31,0.21,0.2,,,,,
455,1863680,434,54953.06618436365,35588.21784232388,6.93,3927.65,-0.004569150222778262,10932.28035992384,0.8724174028029665,2.780569088e-05,0.97281295,3.29,0.29,0.3,0.21,0.2,,,,,
456,1867776,435,54884.20273127674,35521.64230331904,6.92,3922.58,-0.004154263702730532,6900.149437367916,0.8619114483008161,2.7800857600000002e-05,0.97219235,3.29,0.29,0.3,0.21,0.2,,,,,
457,1871872,436,54988.47893185468,35599.46455537549,6.92,3927.64,-0.0027602650598055334,39377.52692580223,0.8967254020972177,2.779602432e-05,0.9692083,3.28,0.29,0.3,0.22,0.19,,,,,
458,1875968,437,55126.918676960755,35690.585846071335,6.93,3940.76,-0.008954279892350314,3207.869880914688,0.9361698268912733,2.779119104e-05,0.9562005,3.28,0.29,0.3,0.22,0.19,,,,,
459,1880064,437,55126.918676960755,35690.585846071335,6.93,3940.76,-0.005054899347669561,7184.031521677971,0.8940941552864388,2.778635776e-05,0.9671618,3.28,0.29,0.3,0.22,0.19,,,,,
460,1884160,438,55339.1914639265,35798.16959326858,6.92,3962.37,-0.002513282169275044,15943.025273799896,0.842253195005469,2.7781524480000002e-05,0.9743871,3.24,0.29,0.31,0.22,0.18,,,,,
461,1888256,439,55562.05183959763,35950.292275327796,6.94,3970.27,-0.006267021428357111,8479.234820902348,0.9804635536856949,2.77766912e-05,0.96304536,3.25,0.28,0.32,0.22,0.18,,,,,
462,1892352,439,55562.05183959763,35950.292275327796,6.94,3970.27,-0.0029438620676955907,13825.116647958755,0.8888749728212133,2.777185792e-05,0.86170864,3.25,0.28,0.32,0.22,0.18,,,,,
463,1896448,440,55131.761440048,35714.55897533642,6.93,3942.35,-0.0040807429286360275,12823.511753678322,0.8920616308460012,2.776702464e-05,0.97502476,3.27,0.27,0.33,0.22,0.18,,,,,
464,1900544,444,53910.93024748544,34920.697167985265,6.87,3882.13,-0.003620123125074315,8753.42170125246,0.9895522862207144,2.776219136e-05,0.95866245,3.27,0.27,0.34,0.21,0.18,,,,,
465,1904640,445,54156.74397563053,35052.935643970966,6.89,3896.1,-0.004000970669949311,6464.089427471161,0.9324672828661278,2.775735808e-05,0.9437513,3.27,0.27,0.34,0.21,0.18,,,,,
466,1908736,446,54249.97120462371,35135.67722721363,6.93,3883.79,-0.004558892715976981,11115.852385699749,0.8942875554785132,2.77525248e-05,0.97733945,3.33,0.26,0.34,0.21,0.19,,,,,
467,1912832,447,53891.61767078814,34919.01843565715,6.9,3870.08,-0.005488597477778967,5114.869229376316,0.9020423750625923,2.7747691520000002e-05,0.87866426,3.32,0.27,0.33,0.21,0.19,,,,,
468,1916928,447,53891.61767078814,34919.01843565715,6.9,3870.08,-0.004236355409375392,13109.806316614151,0.9420820433879271,2.774285824e-05,0.9709692,3.32,0.27,0.33,0.21,0.19,,,,,
469,1921024,449,53802.82666814682,34844.13380424895,6.88,3872.22,-0.005543783449866169,5758.753739356995,0.8665048067923635,2.773802496e-05,0.9476499,3.29,0.28,0.33,0.2,0.19,,,,,
470,1925120,449,53802.82666814682,34844.13380424895,6.88,3872.22,-0.004339356582931941,14258.102613687515,0.8085287462454289,2.773319168e-05,0.98118836,3.29,0.28,0.33,0.2,0.19,,,,,
471,1929216,450,53958.85142291754,34929.92672363955,6.88,3885.61,-0.006174155381813762,4548.935981810093,0.8644650657661259,2.7728358400000002e-05,0.9604625,3.28,0.28,0.33,0.2,0.19,,,,,
472,1933312,450,53958.85142291754,34929.92672363955,6.88,3885.61,-0.002222116208940861,17221.480644464493,0.8140963293844834,2.772352512e-05,0.98157376,3.28,0.28,0.33,0.2,0.19,,,,,
473,1937408,455,53104.12945110101,34407.202371135725,6.81,3819.33,-0.004203182250421378,3484.971863389015,1.043208249262534,2.771869184e-05,0.94342005,3.28,0.27,0.33,0.23,0.17,,,,,
474,1941504,456,53074.41218238327,34407.41389305572,6.82,3809.53,-0.005194349108933238,12610.235527038574,0.9163254695013165,2.771385856e-05,0.96086144,3.3,0.27,0.32,0.24,0.17,,,,,
475,1945600,459,51550.30293431946,33461.3380302289,6.74,3707.35,-0.007346748743657372,4319.631906688213,0.9764084189664572,2.770902528e-05,0.9171829,3.32,0.26,0.32,0.25,0.17,66238.76599006368,43206.90275597407,8.6,4250.4,0.23333333333333334
476,1949696,460,52222.78612405877,33895.899625872284,6.77,3756.72,-0.0027095291634395835,12992.58135741949,0.8470941940322518,2.7704192e-05,0.946437,3.3,0.27,0.31,0.25,0.17,,,,,
477,1953792,461,52301.49550124564,33945.15833950611,6.76,3765.17,-0.0026321581435695407,8722.103920698166,0.9525026897899806,2.769935872e-05,0.9413289,3.28,0.27,0.32,0.24,0.17,,,,,
478,1957888,462,51857.54306922484,33670.21413406102,6.75,3737.52,-0.001990326381928753,15957.5536236763,0.8768736303318292,2.769452544e-05,0.9705191,3.3,0.27,0.31,0.25,0.17,,,,,
479,1961984,463,52016.12793825054,33781.04861542103,6.76,3750.62,-0.0032383356974605704,10349.309264540672,0.9681631154380739,2.7689692160000002e-05,0.92758083,3.3,0.27,0.31,0.25,0.17,,,,,
480,1966080,464,51576.21312952285,33497.83884298546,6.74,3728.43,-0.005038937092649576,8893.487074971199,0.8971548028057441,2.768485888e-05,0.97109133,3.3,0.27,0.31,0.25,0.17,,,,,
481,1970176,465,52341.09267535245,34014.71286574944,6.81,3756.53,-0.002261495834318339,39499.32293057442,0.8885867890203372,2.76800256e-05,0.9540827,3.34,0.27,0.3,0.25,0.18,,,,,
482,1974272,466,52417.84350443309,34078.300657076485,6.82,3759.77,-0.004333021131969872,3347.758310228586,0.9543290184810758,2.767519232e-05,0.95167154,3.35,0.26,0.31,0.25,0.18,,,,,
483,1978368,466,52417.84350443309,34078.300657076485,6.82,3759.77,-0.006657353069385863,2761.946489930153,0.9248487433651462,2.767035904e-05,0.9559572,3.35,0.26,0.31,0.25,0.18,,,,,
484,1982464,468,51648.90396369411,33610.85455167328,6.81,3714.89,-0.0038018041932446067,12638.572724342346,0.8844352924497798,2.766552576e-05,0.9584739,3.38,0.27,0.29,0.25,0.19,,,,,
485,1986560,468,51648.90396369411,33610.85455167328,6.81,3714.89,-0.006751784618245438,3930.9148124456406,0.9388109836727381,2.766069248e-05,0.95228773,3.38,0.27,0.29,0.25,0.19,,,,,
486,1990656,469,52072.628076468165,33859.52233257241,6.82,3748.93,-0.005913670427617035,3726.4052144885063,0.9626082624308765,2.7655859200000002e-05,0.9628951,3.35,0.28,0.29,0.24,0.19,,,,,
487,1994752,470,52015.45583633382,33842.73031829757,6.82,3746.58,-0.006499655342850019,4270.529241263866,0.9217080873204395,2.765102592e-05,0.9680756,3.35,0.28,0.29,0.24,0.19,,,,,
488,1998848,470,52015.45583633382,33842.73031829757,6.82,3746.58,-0.0049127412003144855,8696.127347648144,0.89038397569675,2.764619264e-05,0.9127537,3.35,0.28,0.29,0.24,0.19,,,,,
489,2002944,472,52304.758341309745,34050.57301064089,6.82,3767.61,-0.006781233953006449,6033.869793325663,0.9640136144589633,2.764135936e-05,0.8686469,3.33,0.28,0.29,0.25,0.18,,,,,
490,2007040,474,52435.554668674566,34127.371927371474,6.82,3778.78,-0.0037247680538712302,9617.266878664494,0.9341317095095292,2.7636526080000002e-05,0.6442578,3.32,0.28,0.29,0.25,0.18,,,,,
491,2011136,474,52435.554668674566,34127.371927371474,6.82,3778.78,-0.003466247329924954,13627.236644983292,0.9017541197827086,2.76316928e-05,0.97776407,3.32,0.28,0.29,0.25,0.18,,,,,
492,2015232,475,53570.82187990628,34834.648043336536,6.83,3851.19,-0.0023077266832842724,30127.08278030157,0.8930670121917501,2.762685952e-05,0.96894073,3.25,0.29,0.29,0.25,0.17,,,,,
493,2019328,475,53570.82187990628,34834.648043336536,6.83,3851.19,-0.0036584219051292166,7051.145195782185,0.9888363134814426,2.762202624e-05,0.88069075,3.25,0.29,0.29,0.25,0.17,,,,,
494,2023424,476,53648.26767666968,34873.653670990076,6.83,3859.4,-0.005097882240988838,9983.354134619236,0.9325072972569615,2.761719296e-05,0.9721711,3.24,0.3,0.28,0.25,0.17,,,,,
495,2027520,477,53599.863810028175,34844.58286887356,6.82,3856.3,-0.007409726378682535,2429.856493115425,0.9753315361449495,2.761235968e-05,0.96297216,3.24,0.3,0.28,0.25,0.17,,,,,
496,2031616,477,53599.863810028175,34844.58286887356,6.82,3856.3,-0.003933819670237426,6038.635738611221,0.860674521070905,2.76075264e-05,0.98544586,3.24,0.3,0.28,0.25,0.17,,,,,
497,2035712,478,54312.606140980235,35266.34414313407,6.85,3881.94,-0.004198459544568323,21890.686037898064,0.9065654736477882,2.760269312e-05,0.97932994,3.24,0.3,0.28,0.25,0.17,,,,,
498,2039808,479,53999.61376445195,35057.0972723249,6.82,3872.52,-0.004104690990970994,12405.621083498001,0.9105021718423814,2.7597859840000002e-05,0.9629909,3.22,0.31,0.27,0.25,0.17,,,,,
499,2043904,481,53214.99367841134,34586.516866547936,6.79,3828.18,-0.002452628626997466,38971.08412837982,0.9581639749230817,2.759302656e-05,0.9336461,3.23,0.31,0.26,0.26,0.17,,,,,
500,2048000,483,51965.99600772708,33799.64770715844,6.73,3760.1,-0.0036255835989322804,8748.524468362331,0.9872372813988477,2.758819328e-05,0.96445954,3.24,0.3,0.27,0.27,0.16,75870.34046371205,49751.95852375111,8.866666666666667,4564.266666666666,0.3333333333333333
501,2052096,484,51547.55361578702,33527.948805015396,6.69,3733.3,-0.0061358827697404195,2585.4249871969223,0.937824631575495,2.758336e-05,0.95582306,3.23,0.3,0.28,0.26,0.16,,,,,
502,2056192,485,51534.89530095635,33523.43552087894,6.69,3733.46,-0.006022689169185469,7735.667939066887,0.9776227591792122,2.757852672e-05,0.9649368,3.23,0.3,0.28,0.26,0.16,,,,,
503,2060288,485,51534.89530095635,33523.43552087894,6.69,3733.46,-0.0027272477045698906,8069.953462839127,0.870403204113245,2.757369344e-05,0.96934116,3.23,0.3,0.28,0.26,0.16,,,,,
504,2064384,487,50817.43946790209,33023.75105258179,6.63,3714.54,-0.005878766088244447,5848.09492379427,0.9312365965452045,2.756886016e-05,0.9509285,3.18,0.31,0.28,0.25,0.16,,,,,
505,2068480,487,50817.43946790209,33023.75105258179,6.63,3714.54,-0.005153789337782655,3013.425313025713,0.8748808983946219,2.756402688e-05,0.97243726,3.18,0.31,0.28,0.25,0.16,,,,,
506,2072576,488,51382.89700319754,33381.89100695068,6.67,3751.86,-0.003996510994511482,6745.594794213772,0.9419749808730558,2.75591936e-05,0.9483959,3.18,0.31,0.28,0.25,0.16,,,,,
507,2076672,489,51267.05021184919,33309.249416966675,6.66,3750.12,-0.0033357258726027794,17087.705821990967,0.8976845961296931,2.755436032e-05,0.9030836,3.17,0.32,0.27,0.25,0.16,,,,,
508,2080768,489,51267.05021184919,33309.249416966675,6.66,3750.12,-0.0031904309325909708,8288.074490308762,0.8569851474603638,2.754952704e-05,0.946491,3.17,0.32,0.27,0.25,0.16,,,,,
509,2084864,490,51779.83605719502,33629.02479144695,6.68,3784.96,-0.002893082036280248,11737.934659183025,0.8430569054326043,2.7544693760000002e-05,0.9711419,3.15,0.33,0.26,0.25,0.16,,,,,
510,2088960,490,51779.83605719502,33629.02479144695,6.68,3784.96,-0.003496580186038045,7909.562393844128,0.9273121488513425,2.753986048e-05,0.96186507,3.15,0.33,0.26,0.25,0.16,,,,,
511,2093056,493,51958.91438240548,33780.74645516813,6.79,3786.92,-0.004974976574885659,9042.912859678268,0.9607833479531109,2.75350272e-05,0.95757085,3.25,0.34,0.24,0.24,0.18,,,,,
512,2097152,493,51958.91438240548,33780.74645516813,6.79,3786.92,-0.00274805889603158,12921.58610099554,0.9059283242095262,2.753019392e-05,0.9719238,3.25,0.34,0.24,0.24,0.18,,,,,
513,2101248,495,52372.24608226554,34011.509477801184,6.75,3823.11,-0.007826603210560279,6399.071619153023,0.9619149297941476,2.7525360640000002e-05,0.93883175,3.17,0.34,0.25,0.25,0.16,,,,,
514,2105344,495,52372.24608226554,34011.509477801184,6.75,3823.11,-0.007912562933597656,5632.426040709019,0.8976422408595681,2.752052736e-05,0.9687852,3.17,0.34,0.25,0.25,0.16,,,,,
515,2109440,496,53049.85776509734,34430.146134403985,6.75,3873.55,-0.0052799533541474375,8448.5155621171,0.9326961998594925,2.751569408e-05,0.9519627,3.11,0.35,0.25,0.25,0.15,,,,,
516,2113536,497,53134.841848173455,34463.94267007448,6.7,3904.9,-0.003933874413633021,6131.267543017864,0.9247050940757617,2.75108608e-05,0.96506935,3.02,0.36,0.25,0.25,0.14,,,,,
517,2117632,497,53134.841848173455,34463.94267007448,6.7,3904.9,-0.005237228024270735,8138.939177393913,0.8921300962101668,2.7506027520000002e-05,0.92281526,3.02,0.36,0.25,0.25,0.14,,,,,
518,2121728,499,53984.35679336696,34978.79063788375,6.75,3960.56,-0.005004790798466274,7149.143195152283,0.9815987781621516,2.750119424e-05,0.96766883,3.01,0.36,0.26,0.24,0.14,,,,,
519,2125824,499,53984.35679336696,34978.79063788375,6.75,3960.56,-0.004184263278148137,4756.084752202034,0.9517853201832622,2.749636096e-05,0.95226026,3.01,0.36,0.26,0.24,0.14,,,,,
520,2129920,501,54566.607894208624,35379.81357700174,6.75,3990.63,-0.005277993072922982,9950.635237395763,0.8709412697935477,2.749152768e-05,0.96985257,2.98,0.35,0.28,0.24,0.13,,,,,
521,2134016,501,54566.607894208624,35379.81357700174,6.75,3990.63,-0.005987584383547073,3872.6587810516357,0.9562295688083395,2.74866944e-05,0.97599685,2.98,0.35,0.28,0.24,0.13,,,,,
522,2138112,503,53335.76255095308,34578.56951034436,6.66,3949.43,-0.004281109579096665,9529.14115613699,1.017965207574889,2.748186112e-05,0.9546155,2.93,0.36,0.28,0.24,0.12,,,,,
523,2142208,503,53335.76255095308,34578.56951034436,6.66,3949.43,-0.002737184744546539,50839.67921793461,0.8712065544677898,2.747702784e-05,0.96719646,2.93,0.36,0.28,0.24,0.12,,,,,
524,2146304,504,53962.17034829899,34976.27537978814,6.72,3955.12,-0.0034474494987080107,61454.85361665487,0.9631281424080953,2.747219456e-05,0.95084214,2.99,0.36,0.27,0.24,0.13,,,,,
525,2150400,505,54634.503968844285,35421.86938772919,6.75,3994.97,-0.003238066464291478,15930.257649719715,0.9504824856994674,2.7467361280000002e-05,0.9488923,2.98,0.36,0.27,0.24,0.13,67611.84769193445,43605.13826006325,8.566666666666666,4245.133333333333,0.16666666666666666
526,2154496,507,53818.6741325255,34907.22597607722,6.7,3937.31,-0.006273899811276351,3628.786446928978,0.9926940678851679,2.7462528e-05,0.93762296,3.0,0.34,0.29,0.24,0.13,,,,,
527,2158592,509,53435.75836036301,34653.613597490425,6.63,3916.97,-0.005329017607436981,4683.22488451004,0.9095754188019782,2.745769472e-05,0.91456735,2.95,0.35,0.3,0.22,0.13,,,,,
528,2162688,512,52996.64515464837,34361.40839843047,6.61,3893.31,-0.007868276250519557,2369.0117235183716,1.0315723089734092,2.7452861440000002e-05,0.9057078,2.95,0.36,0.29,0.21,0.14,,,,,
529,2166784,512,52996.64515464837,34361.40839843047,6.61,3893.31,-0.004930222618895641,3168.1306433081627,0.8750712448963895,2.744802816e-05,0.9695688,2.95,0.36,0.29,0.21,0.14,,,,,
530,2170880,515,52104.167564417265,33797.3726444089,6.58,3848.22,-0.005099485305890994,5624.523995876312,1.0115852890303358,2.744319488e-05,0.60150605,2.97,0.37,0.27,0.21,0.15,,,,,
531,2174976,515,52104.167564417265,33797.3726444089,6.58,3848.22,-0.007872681012486282,3052.807320713997,0.8824214596534148,2.74383616e-05,0.97626895,2.97,0.37,0.27,0.21,0.15,,,,,
532,2179072,515,52104.167564417265,33797.3726444089,6.58,3848.22,-0.0027715024316421477,22141.075073242188,0.8837909975554794,2.7433528320000002e-05,0.96393055,2.97,0.37,0.27,0.21,0.15,,,,,
533,2183168,516,54094.38088992063,35054.90554164658,6.66,3952.59,-0.0017342050778097473,98630.24699139595,0.8901295760879293,2.742869504e-05,0.9310925,2.94,0.38,0.27,0.2,0.15,,,,,
534,2187264,516,54094.38088992063,35054.90554164658,6.66,3952.59,-0.00798567093534075,3848.931254863739,0.8816773244179785,2.742386176e-05,0.97173816,2.94,0.38,0.27,0.2,0.15,,,,,
535,2191360,518,54784.0142393232,35497.28820161163,6.68,3995.49,-0.0027397453359299107,9888.740478932858,0.8938013728475198,2.741902848e-05,0.9689596,2.92,0.39,0.27,0.19,0.15,,,,,
536,2195456,518,54784.0142393232,35497.28820161163,6.68,3995.49,-0.0022981648216955364,19323.621010422707,0.9046997071709484,2.7414195200000002e-05,0.97687805,2.92,0.39,0.27,0.19,0.15,,,,,
537,2199552,519,55580.65210399947,36039.09681144727,6.74,4018.59,-0.0037730404419562547,52282.132855296135,0.8802047083154321,2.740936192e-05,0.95515,2.96,0.39,0.26,0.19,0.16,,,,,
538,2203648,520,55484.134889130415,35944.608942237384,6.71,4027.41,-0.0056626709495049,4743.475690186024,0.9278771054232493,2.740452864e-05,0.9460235,2.92,0.4,0.26,0.18,0.16,,,,,
539,2207744,520,55484.134889130415,35944.608942237384,6.71,4027.41,-0.004883296182015329,9689.126499176025,0.9088221860583872,2.739969536e-05,0.9786422,2.92,0.4,0.26,0.18,0.16,,,,,
540,2211840,521,56204.5366125055,36411.055401828504,6.77,4064.76,-0.006588625845324714,4425.3905255794525,0.968337707221508,2.739486208e-05,0.96136504,2.94,0.4,0.25,0.19,0.16,,,,,
541,2215936,521,56204.5366125055,36411.055401828504,6.77,4064.76,-0.0039746475167703466,9995.93255919218,0.9471538419602439,2.73900288e-05,0.9831443,2.94,0.4,0.25,0.19,0.16,,,,,
542,2220032,522,56471.42752143761,36563.465253371505,6.78,4073.8,-0.002724417558965797,33732.76112508774,0.963957350817509,2.738519552e-05,0.9507753,2.94,0.4,0.25,0.19,0.16,,,,,
543,2224128,522,56471.42752143761,36563.465253371505,6.78,4073.8,-0.002849083264663932,10566.450788676739,0.9782493482343853,2.738036224e-05,0.9723716,2.94,0.4,0.25,0.19,0.16,,,,,
544,2228224,524,57313.806533489886,37084.31953939793,6.82,4105.49,-0.004206578359116975,51608.73887860775,0.9557394700823352,2.7375528960000002e-05,0.949795,2.95,0.4,0.25,0.19,0.16,,,,,
545,2232320,525,56587.1044801652,36621.58769535954,6.78,4062.07,-0.007155660084208648,2234.652400314808,0.9438576946267858,2.737069568e-05,0.95541304,2.95,0.4,0.25,0.19,0.16,,,,,
546,2236416,525,56587.1044801652,36621.58769535954,6.78,4062.07,-0.003656564174889354,6434.465525269508,0.9529079134808853,2.73658624e-05,0.97764444,2.95,0.4,0.25,0.19,0.16,,,,,
547,2240512,526,57934.67009371084,37461.3693344825,6.82,4146.25,-0.004180165365141875,16925.32671916485,0.8946154118748382,2.7361029120000002e-05,0.97802484,2.9,0.41,0.25,0.19,0.15,,,,,
548,2244608,527,57423.59679777793,37146.09844729645,6.8,4115.03,-0.006259059366129804,6636.612952053547,1.004421416670084,2.735619584e-05,0.9691571,2.91,0.4,0.26,0.19,0.15,,,,,
549,2248704,530,56573.221657856775,36633.39210814941,6.78,4067.45,-0.0059120321784575935,3537.4888175427914,1.0508523744065315,2.735136256e-05,0.9440948,2.94,0.4,0.25,0.2,0.15,,,,,
550,2252800,530,56573.221657856775,36633.39210814941,6.78,4067.45,-0.008311360754305497,5191.775564134121,0.9389371584402397,2.734652928e-05,0.962269,2.94,0.4,0.25,0.2,0.15,64272.78277792107,41839.607992863916,8.466666666666667,4167.866666666667,0.2
551,2256896,530,56573.221657856775,36633.39210814941,6.78,4067.45,-0.004631661218809313,12202.392326056957,0.9444392855511978,2.7341696000000002e-05,0.9710677,2.94,0.4,0.25,0.2,0.15,,,,,
552,2260992,531,58149.134494740094,37623.58539507536,6.85,4133.09,-0.0015280457464541541,105293.51948833466,0.8858996779890731,2.733686272e-05,0.96698254,2.95,0.39,0.26,0.2,0.15,,,,,
553,2265088,532,58681.48752173924,37956.63956001441,6.9,4166.28,-0.0049722698431651224,10988.318116426468,0.941571023198776,2.733202944e-05,0.96303034,2.96,0.39,0.26,0.2,0.15,,,,,
554,2269184,532,58681.48752173924,37956.63956001441,6.9,4166.28,-0.0029687939277209807,16374.859525322914,0.9651361701544374,2.732719616e-05,0.97211546,2.96,0.39,0.26,0.2,0.15,,,,,
555,2273280,533,59318.823438244144,38361.150041531895,6.94,4178.51,-0.0037942833951092325,19342.460153460503,0.8759465666953474,2.7322362880000002e-05,0.9669903,2.99,0.38,0.26,0.21,0.15,,,,,
556,2277376,535,58045.17607659268,37576.08556189719,6.88,4100.37,-0.0061623039646292455,4180.298233151436,0.9788626892259344,2.73175296e-05,0.87761784,3.01,0.37,0.27,0.21,0.15,,,,,
557,2281472,537,57307.87835753131,37071.11115748305,6.83,4067.39,-0.005917302041780204,10073.886397659779,1.0035061646485701,2.731269632e-05,0.9504483,2.99,0.37,0.28,0.2,0.15,,,,,
558,2285568,537,57307.87835753131,37071.11115748305,6.83,4067.39,-0.007285696445251233,4869.045571863651,0.9594094764906913,2.730786304e-05,0.9614129,2.99,0.37,0.28,0.2,0.15,,,,,
559,2289664,538,56771.7467070639,36738.725061431265,6.8,4051.63,-0.005512528930012195,4125.931787490845,0.9022403931012377,2.730302976e-05,0.9672661,2.98,0.38,0.27,0.2,0.15,,,,,
560,2293760,538,56771.7467070639,36738.725061431265,6.8,4051.63,-0.004127306791815499,9666.330883204937,0.8511262644315138,2.729819648e-05,0.96739924,2.98,0.38,0.27,0.2,0.15,,,,,
561,2297856,539,57068.86423750059,36918.267595797355,6.81,4070.63,-0.00449160285461403,9381.272546291351,0.9632437553955242,2.72933632e-05,0.96766245,2.97,0.39,0.26,0.2,0.15,,,,,
562,2301952,540,57421.823955215405,37125.62502242006,6.82,4090.5,-0.0032523762365599396,14157.927830398083,0.9061423498205841,2.728852992e-05,0.95686203,2.96,0.39,0.26,0.2,0.15,,,,,
563,2306048,540,57421.823955215405,37125.62502242006,6.82,4090.5,-0.00494224644762653,4455.860506296158,0.9547971161082387,2.728369664e-05,0.96673995,2.96,0.39,0.26,0.2,0.15,,,,,
564,2310144,540,57421.823955215405,37125.62502242006,6.82,4090.5,-0.004193115868474706,21170.66273534298,0.8532570655224845,2.727886336e-05,0.97050345,2.96,0.39,0.26,0.2,0.15,,,,,
565,2314240,542,57862.96552992455,37376.97527038769,6.81,4126.03,-0.006936489292456827,4129.313676953316,0.9618543910328299,2.727403008e-05,0.9474788,2.91,0.4,0.26,0.2,0.14,,,,,
566,2318336,543,58199.14159517938,37581.33624211248,6.83,4152.27,-0.002550853105276474,21986.158395648003,0.9228230161825195,2.72691968e-05,0.97541,2.9,0.4,0.26,0.2,0.14,,,,,
567,2322432,544,58978.255678063,38083.04936231059,6.84,4191.71,-0.005026818310398085,4357.463190406561,0.970299884560518,2.726436352e-05,0.96075976,2.87,0.4,0.26,0.2,0.14,,,,,
568,2326528,545,59265.90549798233,38283.77545991629,6.86,4210.56,-0.0035620781090983655,9008.326066792011,0.9161458840826526,2.725953024e-05,0.9593624,2.87,0.4,0.26,0.2,0.14,,,,,
569,2330624,546,58964.61605753531,38076.201332736004,6.81,4207.06,-0.003827630707746721,20239.169699311256,0.9001212316798046,2.725469696e-05,0.9697875,2.82,0.4,0.27,0.2,0.13,,,,,
570,2334720,547,59308.65977479408,38288.2595630239,6.86,4210.92,-0.0024102906845655525,28579.00047290325,0.9237698253709823,2.7249863680000002e-05,0.6434944,2.87,0.39,0.27,0.2,0.14,,,,,
571,2338816,548,59461.37461213164,38392.74248917139,6.87,4215.22,-0.003389793560927501,19991.32985174656,0.9260463111568242,2.72450304e-05,0.93800956,2.88,0.38,0.28,0.2,0.14,,,,,
572,2342912,549,59871.60855492248,38653.437844769665,6.89,4246.59,-0.004614438033058832,6243.960536539555,0.9177690285723656,2.724019712e-05,0.95634633,2.87,0.38,0.29,0.19,0.14,,,,,
573,2347008,549,59871.60855492248,38653.437844769665,6.89,4246.59,-0.004533656557214272,6730.147518277168,0.9613305922830477,2.723536384e-05,0.9782927,2.87,0.38,0.29,0.19,0.14,,,,,
574,2351104,550,59494.49604724356,38406.91963836034,6.87,4236.1,-0.004512826790232793,10515.18018746376,0.9690216822782531,2.7230530560000002e-05,0.9461097,2.86,0.39,0.28,0.19,0.14,,,,,
575,2355200,551,58604.29114843164,37817.04332524371,6.83,4186.7,-0.006133073871751549,3044.360570013523,0.9171864492818713,2.722569728e-05,0.954325,2.87,0.39,0.27,0.2,0.14,64318.7212810304,42129.88555860957,8.333333333333334,4093.0,0.13333333333333333
576,2359296,553,59156.39565361312,38149.98856065102,6.81,4231.92,-0.005045193367550382,7349.177043616772,0.9645432435208932,2.7220864e-05,0.9587888,2.8,0.4,0.28,0.18,0.14,,,,,
577,2363392,554,59668.22489021246,38480.86390970402,6.85,4262.4,-0.00576342851127265,13722.658141255379,0.9621284649474546,2.721603072e-05,0.9757909,2.81,0.4,0.28,0.18,0.14,,,,,
578,2367488,554,59668.22489021246,38480.86390970402,6.85,4262.4,-0.0038881393875271897,13931.249918103218,0.9573420947417617,2.721119744e-05,0.9621322,2.81,0.4,0.28,0.18,0.14,,,,,
579,2371584,555,61109.39063900695,39408.22328834174,6.89,4345.31,-0.0033024285457941005,20950.566093683243,0.9360933119896799,2.720636416e-05,0.96147615,2.77,0.4,0.29,0.18,0.13,,,,,
580,2375680,555,61109.39063900695,39408.22328834174,6.89,4345.31,-0.003907806227289257,8260.927121162415,0.9502911986783147,2.720153088e-05,0.9750698,2.77,0.4,0.29,0.18,0.13,,,,,
581,2379776,555,61109.39063900695,39408.22328834174,6.89,4345.31,-0.002173268297156028,34639.95640337467,0.8576609730953351,2.71966976e-05,0.96352994,2.77,0.4,0.29,0.18,0.13,,,,,
582,2383872,559,62137.574676806085,40045.519637571655,6.93,4404.46,-0.0035641217400552705,9481.21818858385,0.9806176790734753,2.719186432e-05,0.53724146,2.75,0.4,0.31,0.16,0.13,,,,,
583,2387968,562,60562.750131423796,39043.62221581583,6.91,4304.66,-0.004706905625425861,14749.601088643074,1.0014663849724457,2.718703104e-05,0.94856644,2.83,0.4,0.3,0.15,0.15,,,,,
584,2392064,564,60102.79636828863,38750.552395424864,6.88,4275.07,-0.0018098121136063128,18887.07240307331,0.9317518183961511,2.718219776e-05,0.8717112,2.83,0.4,0.29,0.16,0.15,,,,,
585,2396160,564,60102.79636828863,38750.552395424864,6.88,4275.07,-0.0036051452825631713,8236.571103990078,0.9828264612006024,2.717736448e-05,0.9755356,2.83,0.4,0.29,0.16,0.15,,,,,
586,2400256,565,59710.38435208179,38472.791019678814,6.84,4269.23,-0.007859936402383028,2822.27297604084,0.9614980730693787,2.71725312e-05,0.9492326,2.8,0.4,0.3,0.16,0.14,,,,,
587,2404352,565,59710.38435208179,38472.791019678814,6.84,4269.23,-0.002209828391642077,16350.197698712349,0.8848534555872902,2.716769792e-05,0.96107256,2.8,0.4,0.3,0.16,0.14,,,,,
588,2408448,567,59834.21932701597,38540.59470671048,6.84,4278.24,-0.00499686824332457,3952.2340773940086,0.9244623988633975,2.716286464e-05,0.9300388,2.79,0.41,0.29,0.16,0.14,,,,,
589,2412544,567,59834.21932701597,38540.59470671048,6.84,4278.24,-0.007127809306439303,3748.2983213961124,1.008186577935703,2.7158031360000002e-05,0.9414207,2.79,0.41,0.29,0.16,0.14,,,,,
590,2416640,568,60081.580172637805,38668.818741934956,6.81,4306.88,-0.0020429012292879634,14953.318550467491,0.9518066324526444,2.715319808e-05,0.8239404,2.73,0.42,0.29,0.16,0.13,,,,,
591,2420736,568,60081.580172637805,38668.818741934956,6.81,4306.88,-0.006412409554286569,6878.820056319237,0.8736995629733428,2.71483648e-05,0.9826461,2.73,0.42,0.29,0.16,0.13,,,,,
592,2424832,569,60990.25794909819,39235.964924722895,6.85,4346.21,-0.005051448908488965,17920.87212318182,0.8394747250713408,2.714353152e-05,0.964565,2.74,0.41,0.3,0.16,0.13,,,,,
593,2428928,571,60243.407478895904,38742.14323715169,6.81,4281.35,-0.0037798276516696205,11514.934473156929,0.997978767263703,2.7138698240000002e-05,0.95926183,2.77,0.39,0.32,0.16,0.13,,,,,
594,2433024,573,60353.35284373152,38833.59195509908,6.87,4273.73,-0.004856845233916829,8525.48513007164,1.0116530221421272,2.713386496e-05,0.9485523,2.84,0.38,0.32,0.16,0.14,,,,,
595,2437120,575,59202.26219609489,38083.896462676064,6.79,4218.12,-0.004772887197759701,2997.394169986248,1.0278386028949171,2.712903168e-05,0.95743805,2.81,0.39,0.32,0.15,0.14,,,,,
596,2441216,575,59202.26219609489,38083.896462676064,6.79,4218.12,-0.003364475032867631,16127.90938514471,0.9180573896737769,2.71241984e-05,0.97297,2.81,0.39,0.32,0.15,0.14,,,,,
597,2445312,576,58980.94248547937,37968.32211539613,6.79,4198.55,-0.0034488917044654954,27851.333614587784,0.8652179833734408,2.7119365120000002e-05,0.94087124,2.84,0.38,0.32,0.16,0.14,,,,,
598,2449408,576,58980.94248547937,37968.32211539613,6.79,4198.55,-0.0028481145072873915,14624.224584162235,0.9337772695580497,2.711453184e-05,0.98076785,2.84,0.38,0.32,0.16,0.14,,,,,
599,2453504,577,60641.44080764843,39028.34199139912,6.89,4281.78,-0.0018971037407027325,75055.82342195511,0.9902826446341351,2.710969856e-05,0.9464237,2.85,0.38,0.32,0.16,0.14,,,,,
600,2457600,578,59925.99518806364,38604.03463702875,6.89,4231.55,-0.004142828436670243,23485.543822705746,0.9494606702355668,2.710486528e-05,0.9722818,2.91,0.37,0.32,0.16,0.15,69375.9088209405,45308.92506668249,8.6,4285.3,0.3333333333333333
601,2461696,578,59925.99518806364,38604.03463702875,6.89,4231.55,-0.0069573642540490255,3523.3628866672516,0.9834819779498503,2.7100032000000002e-05,0.9703108,2.91,0.37,0.32,0.16,0.15,,,,,
602,2465792,579,60892.558094983026,39207.71753173672,6.94,4282.19,-0.0021681691687263083,19275.98502957821,0.8752290774136782,2.709519872e-05,0.97402763,2.91,0.37,0.32,0.16,0.15,,,,,
603,2469888,580,60666.346187278425,39023.2326724256,6.9,4282.78,-0.004829361573683855,11159.513533115387,0.9875248760217801,2.709036544e-05,0.83666456,2.87,0.37,0.33,0.16,0.14,,,,,
604,2473984,581,60794.38264510628,39102.93547881477,6.88,4301.03,-0.006637834523644415,4187.808819830418,0.972356055281125,2.708553216e-05,0.8804379,2.83,0.38,0.33,0.15,0.14,,,,,
605,2478080,581,60794.38264510628,39102.93547881477,6.88,4301.03,-0.005927679023443488,3082.7195919156075,0.9169507179176435,2.708069888e-05,0.9771159,2.83,0.38,0.33,0.15,0.14,,,,,
606,2482176,583,60921.62160873231,39184.36008224998,6.9,4323.85,-0.005611527771179681,15070.844748437405,0.9541093192528933,2.70758656e-05,0.93254095,2.83,0.39,0.32,0.14,0.15,,,,,
607,2486272,583,60921.62160873231,39184.36008224998,6.9,4323.85,-0.0036196493101670058,16128.283770263195,0.9280596622265875,2.707103232e-05,0.9463735,2.83,0.39,0.32,0.14,0.15,,,,,
608,2490368,585,61823.83314543848,39755.9783058702,6.94,4364.13,-0.004025789402476221,23829.96148699522,0.9980972801567987,2.7066199040000002e-05,0.96221656,2.83,0.38,0.33,0.14,0.15,,,,,
609,2494464,585,61823.83314543848,39755.9783058702,6.94,4364.13,-0.004109451127078501,6061.140700042248,0.9577556233853102,2.706136576e-05,0.9316912,2.83,0.38,0.33,0.14,0.15,,,,,
610,2498560,586,61820.847770960994,39751.80812248725,6.94,4364.69,-0.0034175799828517484,10338.78093957901,0.9391340769361705,2.705653248e-05,0.9555725,2.83,0.38,0.33,0.14,0.15,,,,,
611,2502656,587,61671.175918378205,39662.46525804297,6.93,4358.75,-0.005531888342375169,11917.668622851372,0.9725871491245925,2.70516992e-05,0.95365596,2.83,0.38,0.33,0.14,0.15,,,,,
612,2506752,587,61671.175918378205,39662.46525804297,6.93,4358.75,-0.005158255104106502,11141.939807832241,0.9005192468175665,2.7046865920000002e-05,0.97058326,2.83,0.38,0.33,0.14,0.15,,,,,
613,2510848,587,61671.175918378205,39662.46525804297,6.93,4358.75,-0.0009672725882410305,214370.51220703125,0.8720336242113262,2.704203264e-05,0.95742327,2.83,0.38,0.33,0.14,0.15,,,,,
614,2514944,588,63826.30844476358,41042.75760178862,7.02,4428.39,-0.0029875498958062963,312551.80210745335,0.9318970199674368,2.703719936e-05,0.90272415,2.86,0.37,0.33,0.15,0.15,,,,,
615,2519040,590,62453.82500112857,40170.969249440095,6.94,4337.44,-0.006916248784364143,4641.549718260765,0.9798314201179892,2.703236608e-05,0.9434288,2.88,0.35,0.35,0.15,0.15,,,,,
616,2523136,594,61108.38264424544,39266.30718653181,6.84,4252.86,-0.004778776933562767,5743.099369287491,1.0089389141649008,2.70275328e-05,0.96309155,2.87,0.34,0.35,0.16,0.15,,,,,
617,2527232,595,61353.412469612405,39443.50889634152,6.87,4261.6,-0.004518683943388169,14301.489220619202,0.9803694790462032,2.702269952e-05,0.9504186,2.89,0.34,0.35,0.15,0.16,,,,,
618,2531328,596,60813.754769076215,39122.72071088614,6.87,4220.06,-0.006130746541202825,5961.211789011955,0.9162793575087562,2.701786624e-05,0.9659751,2.94,0.33,0.35,0.15,0.17,,,,,
619,2535424,598,59772.726006165976,38478.584593109976,6.85,4148.56,-0.00738322430424887,5067.779670059681,0.9836554962676018,2.701303296e-05,0.9531178,3.0,0.32,0.35,0.15,0.18,,,,,
620,2539520,598,59772.726006165976,38478.584593109976,6.85,4148.56,-0.0036134551446593832,16180.971751332283,0.9372321318369359,2.7008199680000002e-05,0.96693105,3.0,0.32,0.35,0.15,0.18,,,,,
621,2543616,599,60764.859533352515,39107.06269668527,6.89,4200.29,-0.005288129852488055,14204.574539244175,0.8446313613094389,2.70033664e-05,0.9864785,2.99,0.32,0.35,0.15,0.18,,,,,
622,2547712,602,59555.03887745277,38395.86283998796,6.88,4117.87,-0.003181006546583376,17333.08534181118,0.9975944210309535,2.699853312e-05,0.93532974,3.08,0.31,0.34,0.16,0.19,,,,,
623,2551808,602,59555.03887745277,38395.86283998796,6.88,4117.87,-0.007045847680274164,5619.9482961297035,0.9924332493683323,2.699369984e-05,0.96311074,3.08,0.31,0.34,0.16,0.19,,,,,
624,2555904,602,59555.03887745277,38395.86283998796,6.88,4117.87,-0.0029154845797165763,18486.020189523697,0.9759725178591907,2.698886656e-05,0.9794193,3.08,0.31,0.34,0.16,0.19,,,,,
625,2560000,603,60927.22084072807,39239.177630811,6.94,4192.08,-0.005189672856431571,17420.858778178692,0.8899079483235255,2.698403328e-05,0.9701764,3.06,0.32,0.33,0.16,0.19,79528.1811283933,51955.695735505746,9.1,4732.266666666666,0.3333333333333333
626,2564096,604,60261.16119128126,38803.43948628727,6.87,4188.8,-0.004876352060819045,9936.977906823158,1.004365485161543,2.69792e-05,0.94861627,2.99,0.33,0.33,0.16,0.18,,,,,
627,2568192,605,59780.96961919942,38483.76384950017,6.83,4171.17,-0.0045955272389619495,6778.935837090015,0.9671236159047112,2.6974366720000002e-05,0.91618466,2.96,0.34,0.33,0.15,0.18,,,,,
628,2572288,605,59780.96961919942,38483.76384950017,6.83,4171.17,-0.003924912976799533,11904.267159581184,1.0086608374258503,2.696953344e-05,0.9732186,2.96,0.34,0.33,0.15,0.18,,,,,
629,2576384,606,61075.34513121143,39287.08222637907,6.89,4239.19,-0.0027597111757131643,16939.060798346996,0.9383719331817701,2.696470016e-05,0.98335016,2.95,0.35,0.32,0.15,0.18,,,,,
630,2580480,606,61075.34513121143,39287.08222637907,6.89,4239.19,-0.003385421703569591,6859.525435656309,0.93659366609063,2.695986688e-05,0.95257306,2.95,0.35,0.32,0.15,0.18,,,,,
631,2584576,607,62079.933413128405,39917.21198270198,6.95,4301.61,-0.003271320683779777,6641.814643681049,0.9241601913236082,2.6955033600000002e-05,0.97981095,2.94,0.36,0.31,0.15,0.18,,,,,
632,2588672,607,62079.933413128405,39917.21198270198,6.95,4301.61,-0.006386129812199215,3550.3842537999153,0.9690172770060599,2.695020032e-05,0.9796954,2.94,0.36,0.31,0.15,0.18,,,,,
633,2592768,608,62554.72963959874,40208.30258483309,6.97,4339.71,-0.0033919999823410762,23996.880223035812,0.9478559379931539,2.694536704e-05,0.93650097,2.92,0.37,0.3,0.15,0.18,,,,,
634,2596864,609,63718.65115976883,40954.57377494819,7.07,4393.49,-0.002728653635131195,22809.196424245834,0.8870001457398757,2.694053376e-05,0.9691951,2.96,0.36,0.3,0.16,0.18,,,,,
635,2600960,609,63718.65115976883,40954.57377494819,7.07,4393.49,-0.004926227253235993,11704.354694604874,0.8862706893123686,2.693570048e-05,0.9390086,2.96,0.36,0.3,0.16,0.18,,,,,
636,2605056,611,64307.489357074766,41359.15491528927,7.15,4420.31,-0.004802584019216738,6166.678682923317,0.9438195151742548,2.69308672e-05,0.970869,3.01,0.35,0.3,0.16,0.19,,,,,
637,2609152,612,64779.45632773228,41653.669340185465,7.15,4457.26,-0.005462358558361302,7096.7473706007,0.9153036969946697,2.692603392e-05,0.9583796,2.97,0.35,0.31,0.16,0.18,,,,,
638,2613248,613,64868.659884203604,41726.940368912066,7.17,4452.87,-0.0019036293106182711,23090.203064143658,0.908800215809606,2.692120064e-05,0.88662374,3.0,0.34,0.31,0.17,0.18,,,,,
639,2617344,615,65041.44424538536,41822.99957835935,7.14,4468.82,-0.005761210547461815,4190.046307533979,1.0283587771700695,2.6916367360000002e-05,0.9179821,2.95,0.35,0.31,0.17,0.17,,,,,
640,2621440,615,65041.44424538536,41822.99957835935,7.14,4468.82,-0.005096705397590995,4469.2467512488365,0.9722839796449989,2.691153408e-05,0.9595647,2.95,0.35,0.31,0.17,0.17,,,,,
641,2625536,617,62639.666617396084,40310.06754792351,7.06,4341.45,-0.002651516413607169,10212.140607357025,0.9889409563038498,2.69067008e-05,0.8892323,3.0,0.34,0.31,0.17,0.18,,,,,
642,2629632,617,62639.666617396084,40310.06754792351,7.06,4341.45,-0.004987641406842158,6921.638155698776,0.8884402979165316,2.690186752e-05,0.9793349,3.0,0.34,0.31,0.17,0.18,,,,,
643,2633728,617,62639.666617396084,40310.06754792351,7.06,4341.45,-0.0032621704858684097,22592.06114113331,0.8305169363738969,2.689703424e-05,0.9758038,3.0,0.34,0.31,0.17,0.18,,,,,
644,2637824,618,64402.34791746471,41423.45406675286,7.15,4433.14,-0.003563239590221201,24591.937964737415,1.0202287506544963,2.689220096e-05,0.96589863,2.99,0.34,0.31,0.17,0.18,,,,,
645,2641920,619,63820.72040292828,41025.15002982385,7.11,4415.64,-0.0033938257165573305,26626.20955979824,0.9635370569303632,2.688736768e-05,0.9564647,2.96,0.34,0.32,0.17,0.17,,,,,
646,2646016,620,63743.08873770336,40994.36093825256,7.16,4390.95,-0.006659199709247332,3829.6620674729347,0.9793497766368091,2.68825344e-05,0.9554398,3.04,0.33,0.32,0.17,0.18,,,,,
647,2650112,621,63473.171877602654,40810.07771059856,7.13,4388.82,-0.0039035683312249603,8110.168307721615,0.920780148007907,2.687770112e-05,0.97077787,3.01,0.34,0.32,0.16,0.18,,,,,
648,2654208,622,62967.10336698797,40499.04490266152,7.12,4353.49,-0.002768065547570586,15052.66636645794,0.8788044375833124,2.687286784e-05,0.98042685,3.04,0.33,0.32,0.17,0.18,,,,,
649,2658304,624,61997.7793261742,39901.64395269914,7.11,4311.33,-0.004099948283510457,26871.297768831253,0.8645647659432143,2.686803456e-05,0.6425346,3.08,0.33,0.32,0.16,0.19,,,,,
650,2662400,624,61997.7793261742,39901.64395269914,7.11,4311.33,-0.0036339132093416993,12787.290608644485,0.9020238968078047,2.6863201280000002e-05,0.9549801,3.08,0.33,0.32,0.16,0.19,61541.33773361698,40439.21902236154,8.3,4018.1,0.2
651,2666496,625,62354.184450295565,40138.44986376822,7.14,4327.68,-0.005453553056213423,4747.748098373413,1.0105865004006773,2.6858368e-05,0.9360996,3.1,0.32,0.33,0.16,0.19,,,,,
652,2670592,625,62354.184450295565,40138.44986376822,7.14,4327.68,-0.0029407577912934357,20508.89626145363,0.948293773457408,2.685353472e-05,0.9743808,3.1,0.32,0.33,0.16,0.19,,,,,
653,2674688,625,62354.184450295565,40138.44986376822,7.14,4327.68,-0.0015400637821585406,65343.435550928116,0.8413583155488595,2.684870144e-05,0.95835376,3.1,0.32,0.33,0.16,0.19,,,,,
654,2678784,626,63125.133697133344,40632.129806970894,7.17,4355.62,-0.0026711448954301886,61532.33520525694,0.9220444845268503,2.684386816e-05,0.92467105,3.1,0.32,0.33,0.16,0.19,,,,,
655,2682880,626,63125.133697133344,40632.129806970894,7.17,4355.62,-0.005265556766971713,12014.64262330532,0.97721278143581,2.683903488e-05,0.95802295,3.1,0.32,0.33,0.16,0.19,,,,,
656,2686976,628,64176.31815419762,41297.41303417236,7.23,4403.51,-0.0029824598213963327,47911.91514086723,0.9155707308091223,2.68342016e-05,0.9712539,3.11,0.33,0.32,0.15,0.2,,,,,
657,2691072,629,64656.057978596284,41624.73331497143,7.3,4419.21,-0.004083857851583161,9551.949122190475,0.9791727900737897,2.682936832e-05,0.97392076,3.17,0.32,0.32,0.15,0.21,,,,,
658,2695168,630,64781.462468893646,41691.3956881974,7.29,4426.3,-0.003940436216907983,10044.733278632164,0.9461521550547332,2.6824535040000002e-05,0.96530277,3.15,0.32,0.32,0.16,0.2,,,,,
659,2699264,632,63314.911968383596,40791.25417179444,7.24,4346.91,-0.004246852857249905,16711.495877683163,0.9333787957439199,2.681970176e-05,0.95510715,3.19,0.32,0.31,0.16,0.21,,,,,
660,2703360,632,63314.911968383596,40791.25417179444,7.24,4346.91,-0.007456648338120431,3308.746935606003,0.8715723308268934,2.681486848e-05,0.956375,3.19,0.32,0.31,0.16,0.21,,,,,
661,2707456,633,62578.90916214673,40301.45849711012,7.19,4325.94,-0.002872930112062022,38544.73853826523,0.9112069746479392,2.68100352e-05,0.9718457,3.16,0.33,0.31,0.15,0.21,,,,,
662,2711552,634,63514.378856239506,40925.13135660419,7.26,4359.04,-0.003993341437308118,80798.32780599594,0.8917921957327053,2.680520192e-05,0.96169776,3.2,0.33,0.31,0.14,0.22,,,,,
663,2715648,634,63514.378856239506,40925.13135660419,7.26,4359.04,-0.006294284570685704,5657.383957982063,0.9912941481452435,2.680036864e-05,0.98458177,3.2,0.33,0.31,0.14,0.22,,,,,
664,2719744,636,64328.50058399522,41430.13343908572,7.31,4400.92,-0.0010990008795488393,88095.24805212021,0.9723100118571892,2.679553536e-05,0.84349394,3.21,0.32,0.32,0.14,0.22,,,,,
665,2723840,637,64195.82873325267,41401.784131217806,7.35,4386.14,-0.0043190873748244485,3990.9784498512745,0.9287907102843747,2.679070208e-05,0.9723168,3.27,0.32,0.31,0.14,0.23,,,,,
666,2727936,637,64195.82873325267,41401.784131217806,7.35,4386.14,-0.0037978945638315054,43578.722825944424,0.8729538612533361,2.67858688e-05,0.9766235,3.27,0.32,0.31,0.14,0.23,,,,,
667,2732032,639,64133.97489638696,41371.75309462375,7.39,4343.29,-0.007269587681548728,4062.64624273777,1.0008780270582065,2.678103552e-05,0.9590363,3.36,0.3,0.31,0.15,0.24,,,,,
668,2736128,641,62430.67679855982,40296.280152836924,7.33,4246.22,-0.002560037572948204,15646.714006483555,0.9079633898800239,2.677620224e-05,0.86897385,3.4,0.3,0.3,0.15,0.25,,,,,
669,2740224,642,62978.70392247107,40632.603780743055,7.35,4280.5,-0.002553771231760038,10680.105259299278,0.9684471187647432,2.6771368960000002e-05,0.9620084,3.38,0.3,0.31,0.14,0.25,,,,,
670,2744320,642,62978.70392247107,40632.603780743055,7.35,4280.5,-0.0042628563787729945,7624.51782143116,0.986295931506902,2.676653568e-05,0.9720381,3.38,0.3,0.31,0.14,0.25,,,,,
671,2748416,643,63381.46067549974,40892.662662883464,7.38,4300.79,-0.0040221387725978275,9754.417027235031,0.9169385200366378,2.67617024e-05,0.97903824,3.39,0.3,0.31,0.14,0.25,,,,,
672,2752512,644,63629.02229540049,41062.65838903513,7.39,4313.94,-0.0024166832608898403,29605.92165541649,0.8922270551556721,2.675686912e-05,0.95678794,3.39,0.3,0.31,0.14,0.25,,,,,
673,2756608,645,63477.33303287355,41003.119750255144,7.41,4294.17,-0.0033362347166985273,15631.087836623192,1.0034784948220477,2.6752035840000002e-05,0.94361514,3.44,0.29,0.31,0.14,0.26,,,,,
674,2760704,645,63477.33303287355,41003.119750255144,7.41,4294.17,-0.004427546443821484,7929.693134665489,0.9153329154942185,2.674720256e-05,0.97901225,3.44,0.29,0.31,0.14,0.26,,,,,
675,2764800,645,63477.33303287355,41003.119750255144,7.41,4294.17,-0.0031313488298110315,59715.55759215355,0.8605225975625217,2.674236928e-05,0.96979874,3.44,0.29,0.31,0.14,0.26,89125.40313482632,57822.67261558596,9.533333333333333,5178.7,0.36666666666666664
676,2768896,647,64758.18139642969,41810.970930614756,7.42,4358.27,-0.003845926152280299,48038.32402086258,0.9131183513673022,2.6737536e-05,0.96202767,3.38,0.31,0.3,0.14,0.25,,,,,
677,2772992,648,64539.14759031709,41663.94980659008,7.42,4336.72,-0.0030591731820095447,21168.891243100166,0.9294915605569258,2.6732702720000002e-05,0.9655105,3.4,0.31,0.29,0.15,0.25,,,,,
678,2777088,648,64539.14759031709,41663.94980659008,7.42,4336.72,-0.004958608136803377,3006.2807941138744,0.9092963688308373,2.672786944e-05,0.9812571,3.4,0.31,0.29,0.15,0.25,,,,,
679,2781184,649,65082.82137506526,41990.01468755846,7.44,4371.73,-0.0029750961948593613,8008.5328778624535,0.8860304491827264,2.672303616e-05,0.97041464,3.38,0.32,0.28,0.15,0.25,,,,,
680,2785280,651,64366.94862779127,41565.59790961584,7.4,4324.84,-0.005530393505978282,5838.148424446583,0.9488713508471847,2.671820288e-05,0.94189954,3.38,0.32,0.28,0.15,0.25,,,,,
681,2789376,652,64563.96080733168,41700.00542899921,7.43,4321.01,-0.0033387580751877977,18839.0208851099,0.9138221479952335,2.67133696e-05,0.9712639,3.42,0.31,0.28,0.16,0.25,,,,,
682,2793472,652,64563.96080733168,41700.00542899921,7.43,4321.01,-0.006043522353593289,5248.911292254925,0.9402596727013588,2.670853632e-05,0.9518823,3.42,0.31,0.28,0.16,0.25,,,,,
683,2797568,652,64563.96080733168,41700.00542899921,7.43,4321.01,-0.004319228381064022,9413.772192239761,0.978362353052944,2.670370304e-05,0.9665333,3.42,0.31,0.28,0.16,0.25,,,,,
684,2801664,655,63970.554393238315,41280.04919877131,7.46,4288.9,-0.005331039048542152,9251.331983923912,1.0414460017345846,2.669886976e-05,0.96078074,3.47,0.32,0.26,0.16,0.26,,,,,
685,2805760,656,63108.38714468914,40767.215490127826,7.44,4237.49,-0.0032924465585892904,11206.480687975883,0.9429664385970682,2.6694036480000002e-05,0.96064097,3.5,0.31,0.26,0.17,0.26,,,,,
686,2809856,657,63357.64107282712,40945.9574804777,7.48,4254.58,-0.0015305935357901035,16676.403881788254,0.9743907661177218,2.66892032e-05,0.83561605,3.53,0.31,0.25,0.18,0.26,,,,,
687,2813952,657,63357.64107282712,40945.9574804777,7.48,4254.58,-0.0028895797604491236,27857.252623856068,0.8566627671243623,2.668436992e-05,0.96894014,3.53,0.31,0.25,0.18,0.26,,,,,
688,2818048,658,64651.1684057844,41785.52231019066,7.56,4322.57,-0.004555686182357022,12874.900375127792,0.9639089964330196,2.6679536640000002e-05,0.9233602,3.54,0.31,0.24,0.19,0.26,,,,,
689,2822144,658,64651.1684057844,41785.52231019066,7.56,4322.57,-0.0039271794539672555,20806.271600186825,0.8841021077241749,2.667470336e-05,0.9723176,3.54,0.31,0.24,0.19,0.26,,,,,
690,2826240,659,66324.83098592765,42814.60197117997,7.6,4421.6,-0.0019308802347950405,19574.989829480648,0.9381983648054302,2.666987008e-05,0.95762324,3.48,0.32,0.24,0.19,0.25,,,,,
691,2830336,660,66895.28863709321,43179.58422092882,7.65,4449.67,-0.003083977866481291,16467.194163918495,0.9296400842722505,2.66650368e-05,0.9497669,3.5,0.31,0.25,0.19,0.25,,,,,
692,2834432,660,66895.28863709321,43179.58422092882,7.65,4449.67,-0.005307666202497785,3450.7987681627274,0.9814319234574214,2.6660203520000002e-05,0.98223215,3.5,0.31,0.25,0.19,0.25,,,,,
693,2838528,660,66895.28863709321,43179.58422092882,7.65,4449.67,-0.002143201003491413,29366.28154706955,0.9734360524453223,2.665537024e-05,0.97157943,3.5,0.31,0.25,0.19,0.25,,,,,
694,2842624,664,67372.6213333237,43500.59284030469,7.62,4486.63,-0.0015047237907310773,45890.78219914436,0.9961523612728342,2.665053696e-05,0.8094697,3.43,0.32,0.26,0.18,0.24,,,,,
695,2846720,666,66092.46188326487,42706.158590229286,7.6,4393.74,-0.001884918394353008,12471.100495398045,1.013263126835227,2.664570368e-05,0.882348,3.51,0.31,0.25,0.19,0.25,,,,,
696,2850816,667,66613.01848280476,43035.44070299236,7.63,4422.5,-0.005967448605588288,7229.8385853767395,0.9173093369463459,2.6640870400000002e-05,0.9723648,3.51,0.31,0.25,0.19,0.25,,,,,
697,2854912,667,66613.01848280476,43035.44070299236,7.63,4422.5,-0.008153915662660438,4089.7342547774315,0.9719844956416637,2.663603712e-05,0.9620991,3.51,0.31,0.25,0.19,0.25,,,,,
698,2859008,668,66930.88334318472,43238.18631462975,7.65,4440.74,-0.00503243778803153,10352.32039964199,0.9984434080542997,2.663120384e-05,0.93444335,3.51,0.31,0.25,0.19,0.25,,,,,
699,2863104,668,66930.88334318472,43238.18631462975,7.65,4440.74,-0.0024090924234769773,35460.69331228733,0.8890637397998944,2.662637056e-05,0.9622357,3.51,0.31,0.25,0.19,0.25,,,,,
700,2867200,669,66437.80419666841,42943.28034657204,7.64,4410.37,-0.004615331676177448,9314.798717200756,0.9932467072503641,2.662153728e-05,0.96975887,3.53,0.31,0.24,0.2,0.25,65618.4253358067,42978.83486543925,8.333333333333334,4028.133333333333,0.3
701,2871296,670,66942.41194664869,43265.75670357984,7.67,4429.82,-0.004897022230579751,7316.226669788361,0.8527871255064383,2.6616704e-05,0.97339195,3.54,0.31,0.24,0.2,0.25,,,,,
702,2875392,670,66942.41194664869,43265.75670357984,7.67,4429.82,-0.004955943488766934,8130.566628277302,0.9792279839748517,2.661187072e-05,0.9645454,3.54,0.31,0.24,0.2,0.25,,,,,
703,2879488,671,67687.38059218341,43724.76926561898,7.71,4486.06,-0.005322013708791928,7584.291752874851,0.9333863096544519,2.660703744e-05,0.9156797,3.52,0.32,0.23,0.2,0.25,,,,,
704,2883584,672,67853.58772102429,43810.145484559835,7.68,4511.12,-0.00720826422002574,2730.1504632234573,0.9768866010708734,2.6602204160000002e-05,0.9691068,3.46,0.33,0.23,0.2,0.24,,,,,
705,2887680,673,68390.43038031178,44132.06028832157,7.69,4553.44,-0.0052749702454093494,5499.369932204485,0.9893495413707569,2.659737088e-05,0.9439409,3.42,0.34,0.23,0.19,0.24,,,,,
706,2891776,673,68390.43038031178,44132.06028832157,7.69,4553.44,-0.00354909515408508,6738.093339383602,0.8952971394173801,2.65925376e-05,0.96783024,3.42,0.34,0.23,0.19,0.24,,,,,
707,2895872,675,68869.72577131577,44429.08701016817,7.74,4571.6,-0.003878561681631254,3682.254744321108,1.0027358069783077,2.658770432e-05,0.9851731,3.45,0.32,0.25,0.19,0.24,,,,,
708,2899968,675,68869.72577131577,44429.08701016817,7.74,4571.6,-0.004365966104160179,8417.360159397125,0.9566866207169369,2.658287104e-05,0.97250897,3.45,0.32,0.25,0.19,0.24,,,,,
709,2904064,675,68869.72577131577,44429.08701016817,7.74,4571.6,-0.0028968720816919813,46661.41828382015,0.8161188347730786,2.657803776e-05,0.9745339,3.45,0.32,0.25,0.19,0.24,,,,,
710,2908160,676,69642.65537136477,44896.07321475931,7.76,4613.75,-0.0067153878226235975,4195.932962715626,0.9869495588354766,2.657320448e-05,0.9502996,3.42,0.33,0.25,0.18,0.24,,,,,
711,2912256,677,68488.4032952044,44144.81429728889,7.7,4567.73,-0.0074311451562607544,3723.516390800476,0.9566778586013243,2.6568371200000002e-05,0.9606233,3.4,0.34,0.24,0.18,0.24,,,,,
712,2916352,678,68307.02464384414,44007.317056062566,7.66,4576.32,-0.004876173017692054,7105.060185790062,0.9069138583727181,2.656353792e-05,0.970306,3.34,0.35,0.24,0.18,0.23,,,,,
713,2920448,678,68307.02464384414,44007.317056062566,7.66,4576.32,-0.002419333923171507,12443.572238326073,0.9324629199691117,2.655870464e-05,0.97785825,3.34,0.35,0.24,0.18,0.23,,,,,
714,2924544,679,68547.94080952714,44175.49314303642,7.68,4570.6,-0.003329859920995659,40215.87953454256,0.8806726139737293,2.655387136e-05,0.974541,3.37,0.34,0.24,0.19,0.23,,,,,
715,2928640,680,68298.92236448074,44023.0577130352,7.67,4551.79,-0.006044955393917917,8458.401986002922,0.9793094553751871,2.6549038080000002e-05,0.9749683,3.38,0.34,0.24,0.19,0.23,,,,,
716,2932736,681,68992.14273700169,44468.78396320263,7.73,4576.26,-0.003420756927880575,9822.543482601643,0.8998529864475131,2.65442048e-05,0.9746137,3.42,0.33,0.24,0.2,0.23,,,,,
717,2936832,683,68647.5972371168,44247.140877250975,7.71,4552.3,-0.006669222804703168,2979.4007393717766,1.0031217314535752,2.653937152e-05,0.9637694,3.42,0.33,0.24,0.2,0.23,,,,,
718,2940928,683,68647.5972371168,44247.140877250975,7.71,4552.3,-0.004003648296929896,12510.425320029259,0.9334440650418401,2.653453824e-05,0.965472,3.42,0.33,0.24,0.2,0.23,,,,,
719,2945024,684,68194.87065688525,43960.48851562581,7.69,4534.58,-0.004041745125505258,5113.657262504101,0.8945569525239989,2.652970496e-05,0.97571474,3.42,0.33,0.24,0.2,0.23,,,,,
720,2949120,684,68194.87065688525,43960.48851562581,7.69,4534.58,-0.002880792053474579,15299.13027638197,1.0112992021022364,2.652487168e-05,0.97731173,3.42,0.33,0.24,0.2,0.23,,,,,
721,2953216,685,69889.86064650166,45030.52086606992,7.78,4622.15,-0.0011678716909955256,99650.66489076614,1.0587869070004672,2.65200384e-05,0.8552097,3.43,0.33,0.24,0.2,0.23,,,,,
722,2957312,685,69889.86064650166,45030.52086606992,7.78,4622.15,-0.0026550687271083007,24774.608684778214,0.9239722425118089,2.651520512e-05,0.9771657,3.43,0.33,0.24,0.2,0.23,,,,,
723,2961408,686,70610.37391997734,45528.98773256704,7.83,4634.35,-0.0008805841607681941,183124.5109333992,0.9484079494141042,2.651037184e-05,0.8191034,3.48,0.32,0.24,0.2,0.24,,,,,
724,2965504,686,70610.37391997734,45528.98773256704,7.83,4634.35,-0.0016892719768293318,28055.150512993336,0.9224703129148111,2.650553856e-05,0.9765342,3.48,0.32,0.24,0.2,0.24,,,,,
725,2969600,688,68445.99854672121,44169.0336008639,7.78,4533.93,-0.005604618323559407,5688.058355629444,1.0643966741627082,2.650070528e-05,0.9663373,3.53,0.32,0.23,0.2,0.25,77423.16752088546,50527.73882180949,8.9,4597.466666666666,0.36666666666666664
726,2973696,688,68445.99854672121,44169.0336008639,7.78,4533.93,-0.003907541615262744,21116.392814218998,0.9463613019324839,2.6495872e-05,0.96838063,3.53,0.32,0.23,0.2,0.25,,,,,
727,2977792,689,70338.58349172778,45369.20381118973,7.87,4622.67,-0.002623005988425575,75751.41845917702,0.8210413471097127,2.649103872e-05,0.9651422,3.53,0.32,0.23,0.2,0.25,,,,,
728,2981888,690,70407.39349833824,45444.97268531597,7.92,4623.56,-0.006093028532177414,5597.798603564501,0.9569593379274011,2.648620544e-05,0.9651269,3.58,0.32,0.22,0.2,0.26,,,,,
729,2985984,690,70407.39349833824,45444.97268531597,7.92,4623.56,-0.0041857847763822065,17738.62534326315,0.9557957393117249,2.648137216e-05,0.9730536,3.58,0.32,0.22,0.2,0.26,,,,,
730,2990080,692,71138.53529583808,45913.84155742496,7.95,4664.08,-0.0041819108664640225,13070.890073895454,0.9729785561794415,2.6476538880000002e-05,0.9523914,3.57,0.33,0.21,0.2,0.26,,,,,
731,2994176,692,71138.53529583808,45913.84155742496,7.95,4664.08,-0.005650098248224822,4618.771829307079,0.9180924262618646,2.64717056e-05,0.97053045,3.57,0.33,0.21,0.2,0.26,,,,,
732,2998272,693,71992.98783847582,46464.56573691666,7.96,4725.97,-0.006649921291227656,2871.079481691122,0.9712714430643246,2.646687232e-05,0.9660163,3.51,0.34,0.21,0.2,0.25,,,,,
733,3002368,695,72006.09481989172,46440.091344939756,7.93,4739.98,-0.006833726298282272,4049.007229745388,0.9820040494669229,2.646203904e-05,0.97584546,3.46,0.35,0.21,0.2,0.24,,,,,
734,3006464,696,72437.58914993575,46700.289514062024,7.93,4770.94,-0.004793500644154847,5601.557286500931,0.9421590912388638,2.6457205760000002e-05,0.9542771,3.43,0.35,0.22,0.2,0.23,,,,,
735,3010560,697,72702.77067374114,46866.323565161525,7.95,4781.61,-0.003067671887038159,14635.838280022144,0.9746474998537451,2.645237248e-05,0.96342254,3.44,0.34,0.23,0.2,0.23,,,,,
736,3014656,697,72702.77067374114,46866.323565161525,7.95,4781.61,-0.005741703895637329,3082.6572356820107,0.9715463678585365,2.64475392e-05,0.9774119,3.44,0.34,0.23,0.2,0.23,,,,,
737,3018752,697,72702.77067374114,46866.323565161525,7.95,4781.61,-0.00365690873877611,18091.402845442295,0.9726548105245456,2.644270592e-05,0.9740964,3.44,0.34,0.23,0.2,0.23,,,,,
738,3022848,698,74569.32925777305,48040.732155849655,8.0,4887.94,-0.0031538595922029344,52994.895424366,0.9186311747180298,2.643787264e-05,0.9579039,3.38,0.35,0.23,0.2,0.22,,,,,
739,3026944,699,73196.74117148905,47172.55316451901,7.92,4818.43,-0.003293558356745052,15860.71794617176,0.9570779065834358,2.643303936e-05,0.94455105,3.37,0.36,0.22,0.2,0.22,,,,,
740,3031040,700,73608.53814499549,47395.278301421924,7.91,4841.84,-0.0031073668505996466,4845.041214942932,0.9982895250432193,2.642820608e-05,0.9835674,3.33,0.36,0.22,0.21,0.21,,,,,
741,3035136,700,73608.53814499549,47395.278301421924,7.91,4841.84,-0.002294175797032949,18139.072495937347,0.9242553039221093,2.64233728e-05,0.9282793,3.33,0.36,0.22,0.21,0.21,,,,,
742,3039232,702,74779.40499558565,48125.88356490554,7.98,4916.71,-0.0031048228702275082,15289.3388966918,0.9243259803624824,2.641853952e-05,0.93905467,3.33,0.37,0.21,0.2,0.22,,,,,
743,3043328,702,74779.40499558565,48125.88356490554,7.98,4916.71,-0.004362668055364338,11445.219922661781,1.0193342721322551,2.641370624e-05,0.965146,3.33,0.37,0.21,0.2,0.22,,,,,
744,3047424,703,74356.99104823197,47877.70864951708,7.97,4888.81,-0.004847589115342998,11038.297985553741,0.9106937363976613,2.640887296e-05,0.97720885,3.35,0.36,0.22,0.2,0.22,,,,,
745,3051520,704,74447.68976877815,47932.88304977485,7.98,4887.54,-0.0023228672089317115,13880.084640860558,0.9388388181105256,2.640403968e-05,0.97107655,3.36,0.35,0.23,0.2,0.22,,,,,
746,3055616,704,74447.68976877815,47932.88304977485,7.98,4887.54,-0.0029558944361269823,9748.359496712685,0.8730690918164328,2.63992064e-05,0.9596456,3.36,0.35,0.23,0.2,0.22,,,,,
747,3059712,704,74447.68976877815,47932.88304977485,7.98,4887.54,-0.005010831360777956,7078.845153212547,0.8406477841781452,2.639437312e-05,0.97983664,3.36,0.35,0.23,0.2,0.22,,,,,
748,3063808,705,76260.96408708139,49087.4920798419,8.06,4973.39,-0.002230590206636407,101420.05583620071,0.8570685023441911,2.638953984e-05,0.9652551,3.36,0.35,0.23,0.2,0.22,,,,,
749,3067904,706,74637.8926497403,48092.114884258415,8.03,4879.04,-0.004005790578958113,5691.809058427811,0.9402185006765649,2.6384706560000002e-05,0.96552426,3.43,0.34,0.23,0.2,0.23,,,,,
750,3072000,707,74591.23525383844,48071.44784324337,8.03,4872.37,-0.002328402925741102,15037.744685590267,0.9590432498371229,2.637987328e-05,0.96656907,3.44,0.33,0.24,0.2,0.23,74500.18229336447,48658.56909497908,8.9,4598.866666666667,0.3333333333333333
751,3076096,707,74591.23525383844,48071.44784324337,8.03,4872.37,-0.0020444565470825182,31195.48820567131,0.9969653356820345,2.637504e-05,0.97251016,3.44,0.33,0.24,0.2,0.23,,,,,
752,3080192,708,75056.86103923574,48396.29651061539,8.08,4872.78,-0.004212163406009495,19157.40228867531,1.0336853623157367,2.637020672e-05,0.87007093,3.5,0.32,0.24,0.2,0.24,,,,,
753,3084288,710,73716.77211657986,47537.23412053254,7.99,4817.25,-0.005549505105591379,4142.814325869083,1.0143432766199112,2.6365373440000002e-05,0.89651376,3.47,0.32,0.25,0.19,0.24,,,,,
754,3088384,712,73552.65745265399,47403.37091584707,7.99,4803.02,-0.004159502226684708,12801.294752836227,1.0213786393869668,2.636054016e-05,0.8421129,3.49,0.32,0.25,0.19,0.24,,,,,
755,3092480,712,73552.65745265399,47403.37091584707,7.99,4803.02,-0.007672174549952615,3142.2219516038895,0.9559768224135041,2.635570688e-05,0.9336861,3.49,0.32,0.25,0.19,0.24,,,,,
756,3096576,712,73552.65745265399,47403.37091584707,7.99,4803.02,-0.0034216668727822253,14751.563880562782,0.9918973881285638,2.63508736e-05,0.97381926,3.49,0.32,0.25,0.19,0.24,,,,,
757,3100672,713,74820.24821306065,48185.80871878728,8.03,4870.1,-0.0014857220612611854,134803.4619127512,0.8736119625391439,2.6346040320000002e-05,0.8319436,3.46,0.33,0.25,0.18,0.24,,,,,
758,3104768,715,74862.51858862126,48218.011309222326,8.06,4869.4,-0.006612109686102485,3260.6009562015533,0.9512334446189925,2.634120704e-05,0.9623751,3.49,0.32,0.25,0.19,0.24,,,,,
759,3108864,716,74575.2446781826,48062.476333609746,8.09,4836.12,-0.0035774276620941237,19594.995902776718,0.9289902929449454,2.633637376e-05,0.95245135,3.56,0.31,0.25,0.19,0.25,,,,,
760,3112960,717,75092.75622161129,48391.26230651352,8.1,4867.84,-0.0020015153468193603,49399.520559728146,0.9674574740929529,2.633154048e-05,0.653987,3.53,0.31,0.26,0.19,0.24,,,,,
761,3117056,717,75092.75622161129,48391.26230651352,8.1,4867.84,-0.004240951032443263,5675.0896117687225,0.9570294497534633,2.6326707200000002e-05,0.9755634,3.53,0.31,0.26,0.19,0.24,,,,,
762,3121152,718,74463.19479189,47994.07323256929,8.07,4851.71,-0.0029940919084765483,20239.01453626156,1.0251609993865713,2.632187392e-05,0.94105595,3.52,0.32,0.25,0.19,0.24,,,,,
763,3125248,718,74463.19479189,47994.07323256929,8.07,4851.71,-0.0027664720655593555,26550.997662305832,0.8648801313247532,2.631704064e-05,0.97160745,3.52,0.32,0.25,0.19,0.24,,,,,
764,3129344,719,75075.25328056383,48411.914192106735,8.11,4873.17,-0.0041831362523225835,30915.50582355261,0.8802830800414085,2.631220736e-05,0.97232014,3.55,0.32,0.24,0.19,0.25,,,,,
765,3133440,720,75348.30729403213,48582.28668867258,8.08,4902.0,-0.004372570641862694,9725.004579424858,1.0315495941322297,2.630737408e-05,0.95410985,3.49,0.32,0.25,0.19,0.24,,,,,
766,3137536,720,75348.30729403213,48582.28668867258,8.08,4902.0,-0.0036880839106743224,7991.300029158592,0.8717965529067442,2.63025408e-05,0.9748132,3.49,0.32,0.25,0.19,0.24,,,,,
767,3141632,721,76216.0526557071,49132.30337709248,8.13,4930.99,-0.0027346523056621663,24800.48328602314,0.9366087290691212,2.629770752e-05,0.9667469,3.51,0.31,0.26,0.19,0.24,,,,,
768,3145728,722,75595.87288261905,48732.285149041956,8.09,4906.92,-0.004293888903703191,11440.016468554735,0.9900613508652896,2.6292874240000002e-05,0.95028746,3.49,0.31,0.27,0.18,0.24,,,,,
769,3149824,723,75453.26564952392,48637.22897081057,8.07,4904.92,-0.003096845850450336,11775.069459438324,0.9902087296359241,2.6288040960000003e-05,0.9426953,3.47,0.32,0.26,0.18,0.24,,,,,
770,3153920,723,75453.26564952392,48637.22897081057,8.07,4904.92,-0.0038443777466454776,41893.11490404606,0.9112661934923381,2.628320768e-05,0.969409,3.47,0.32,0.26,0.18,0.24,,,,,
771,3158016,724,76760.90563689469,49457.48747939559,8.11,4962.97,-0.004901852680632146,5385.510187089443,1.0016743182204664,2.62783744e-05,0.9412039,3.45,0.32,0.26,0.18,0.24,,,,,
772,3162112,726,74663.65697054805,48134.01346420439,8.02,4851.98,-0.004438441648744629,5272.445907592773,0.9940638871630654,2.6273541120000002e-05,0.9626937,3.47,0.31,0.26,0.19,0.24,,,,,
773,3166208,727,73303.6666421994,47275.71656828441,7.96,4786.7,-0.008347627672264935,2741.023544549942,1.0051207585493103,2.626870784e-05,0.9618774,3.48,0.3,0.27,0.19,0.24,,,,,
774,3170304,729,73160.89207666043,47172.78055166881,7.93,4795.01,-0.0032488680353708332,8949.041814029217,0.9807060834718868,2.626387456e-05,0.86885226,3.43,0.31,0.27,0.19,0.23,,,,,
775,3174400,729,73160.89207666043,47172.78055166881,7.93,4795.01,-0.003789981776208151,4427.95165002346,0.9654429362853989,2.625904128e-05,0.9673171,3.43,0.31,0.27,0.19,0.23,92660.08863181126,60162.760552784865,9.666666666666666,5402.1,0.43333333333333335
776,3178496,730,74362.57508367853,47936.83888331215,7.98,4868.43,-0.0026727014483185485,17604.8929438591,0.9517691711662337,2.6254208e-05,0.96182066,3.4,0.32,0.27,0.18,0.23,,,,,
777,3182592,734,71619.28310441558,46175.06193789051,7.84,4730.04,-0.007659417409740854,3427.8954247534275,1.0393912758445367,2.624937472e-05,0.8299309,3.4,0.32,0.26,0.2,0.22,,,,,
778,3186688,734,71619.28310441558,46175.06193789051,7.84,4730.04,-0.004411715835885843,3581.054768562317,0.9767839208943769,2.624454144e-05,0.9743081,3.4,0.32,0.26,0.2,0.22,,,,,
779,3190784,735,71312.40630495163,45972.72252536202,7.83,4708.83,-0.0036109363318246324,6585.852319300175,0.9572005140362307,2.623970816e-05,0.9758478,3.41,0.32,0.26,0.2,0.22,,,,,
780,3194880,736,71716.67728128115,46239.226156127865,7.87,4733.65,-0.006690847727440996,4522.327087044716,1.001758971135132,2.6234874880000002e-05,0.9323451,3.42,0.32,0.25,0.21,0.22,,,,,
781,3198976,737,71865.95607489625,46279.5644095591,7.82,4759.24,-0.0031044992174429353,14507.272151708603,0.9741949698654935,2.62300416e-05,0.95455664,3.34,0.33,0.25,0.21,0.21,,,,,
782,3203072,738,70902.32113297269,45678.6091546047,7.78,4717.83,-0.004351847129328235,7082.287764310837,0.9008977833436802,2.622520832e-05,0.9743432,3.34,0.33,0.25,0.21,0.21,,,,,
783,3207168,739,71392.85271035536,46006.122847036655,7.79,4746.79,-0.005609233075119846,4612.493242025375,0.9650426837615669,2.622037504e-05,0.94219613,3.32,0.33,0.25,0.22,0.2,,,,,
784,3211264,739,71392.85271035536,46006.122847036655,7.79,4746.79,-0.0028404945060174214,15885.164780378342,1.0099170735338703,2.621554176e-05,0.96862626,3.32,0.33,0.25,0.22,0.2,,,,,
785,3215360,741,72374.8522883993,46632.43464428376,7.81,4796.72,-0.004219095300868503,24493.840557336807,0.9745076617691666,2.621070848e-05,0.9541787,3.28,0.33,0.26,0.22,0.19,,,,,
786,3219456,742,72112.46071338083,46485.13986329125,7.81,4777.73,-0.004383584504466853,10851.320177316666,0.9332948789233342,2.62058752e-05,0.97583514,3.3,0.33,0.25,0.23,0.19,,,,,
787,3223552,743,72315.81529985699,46623.29480086702,7.83,4778.9,-0.002535109579184791,22936.943234562874,0.9622830935986713,2.620104192e-05,0.9616745,3.32,0.33,0.24,0.24,0.19,,,,,
788,3227648,744,71830.90975069467,46292.216873499296,7.78,4771.05,-0.0026152480668315548,13809.31667649746,0.9731850929092616,2.6196208640000003e-05,0.8804976,3.27,0.34,0.24,0.24,0.18,,,,,
789,3231744,744,71830.90975069467,46292.216873499296,7.78,4771.05,-0.00536367610857269,5744.727622926235,0.9873857914935797,2.619137536e-05,0.9627459,3.27,0.34,0.24,0.24,0.18,,,,,
790,3235840,746,70031.51749355003,45120.651773169804,7.7,4687.47,-0.003962193846746231,7696.618494093418,0.9624295622343197,2.618654208e-05,0.96109146,3.27,0.34,0.24,0.24,0.18,,,,,
791,3239936,747,70419.67509169549,45376.97002693625,7.75,4707.4,-0.004595052532749833,10664.178602337837,0.9676343650789931,2.6181708800000002e-05,0.93563443,3.3,0.33,0.24,0.25,0.18,,,,,
792,3244032,747,70419.67509169549,45376.97002693625,7.75,4707.4,-0.00308504330314463,13954.542273402214,0.928515613777563,2.617687552e-05,0.9657989,3.3,0.33,0.24,0.25,0.18,,,,,
793,3248128,748,70909.93880853466,45670.45298660752,7.76,4741.53,-0.0029369467047217768,12065.019730865955,0.8985920395934954,2.617204224e-05,0.9734647,3.27,0.34,0.24,0.24,0.18,,,,,
794,3252224,749,70421.40205735355,45370.66972946202,7.74,4709.75,-0.005355480191838069,9710.496215105057,1.0149590651271865,2.616720896e-05,0.9443804,3.28,0.33,0.25,0.24,0.18,,,,,
795,3256320,750,70405.23513656895,45366.45068260107,7.76,4701.19,-0.003528368596562359,8945.630190312862,1.0078643159940839,2.616237568e-05,0.95894015,3.31,0.32,0.25,0.25,0.18,,,,,
796,3260416,752,70383.25320073619,45368.553180482704,7.76,4705.48,-0.0013674134643224534,26749.28849172592,0.9443597323261201,2.61575424e-05,0.858956,3.31,0.32,0.26,0.23,0.19,,,,,
797,3264512,753,69055.41301596236,44542.29796564538,7.7,4624.01,-0.007972303064889275,3374.6237782239914,0.950916572008282,2.615270912e-05,0.94878185,3.34,0.31,0.26,0.24,0.19,,,,,
798,3268608,754,69478.57649562118,44810.508941320244,7.7,4663.7,-0.0006433601975004422,44585.849262714386,0.95016868354287,2.614787584e-05,0.8727131,3.3,0.32,0.26,0.23,0.19,,,,,
799,3272704,755,70101.95233846534,45203.272433158876,7.69,4700.47,-0.003069948897973518,18066.22770690918,0.9890262999106199,2.6143042560000002e-05,0.96428007,3.25,0.32,0.26,0.24,0.18,,,,,
800,3276800,756,70055.40380736733,45180.243354767685,7.7,4692.27,-0.0068031397722734255,7185.945947319269,1.0827210558345541,2.613820928e-05,0.9510336,3.27,0.32,0.26,0.23,0.19,90516.15277773028,58612.58994066261,9.633333333333333,5322.7,0.5
801,3280896,757,70641.82937488481,45515.11260358545,7.71,4732.76,-0.0037277666306181345,14223.343653321266,0.9528217492625117,2.6133376e-05,0.9664927,3.23,0.33,0.26,0.22,0.19,,,,,
802,3284992,757,70641.82937488481,45515.11260358545,7.71,4732.76,-0.0036488952609943226,6925.612055003643,0.8618601880734786,2.612854272e-05,0.96403474,3.23,0.33,0.26,0.22,0.19,,,,,
803,3289088,758,69974.59469328106,45072.46220943125,7.67,4709.58,-0.0026547675442998298,13241.627373099327,0.9373523218091577,2.612370944e-05,0.96259487,3.21,0.33,0.27,0.21,0.19,,,,,
804,3293184,759,68925.86468602087,44433.154086203926,7.65,4644.53,-0.006266653004786349,3217.1605812609196,0.9572868555551395,2.611887616e-05,0.9549241,3.26,0.32,0.27,0.21,0.2,,,,,
805,3297280,760,69278.16620362004,44654.29767566729,7.66,4670.0,-0.003287866755272262,11677.898690700531,0.9483287578914315,2.611404288e-05,0.95951116,3.24,0.33,0.26,0.21,0.2,,,,,
806,3301376,760,69278.16620362004,44654.29767566729,7.66,4670.0,-0.005752525893512939,4197.39378580451,0.9414652028353885,2.61092096e-05,0.9659353,3.24,0.33,0.26,0.21,0.2,,,,,
807,3305472,760,69278.16620362004,44654.29767566729,7.66,4670.0,-0.001474814963330573,18645.054437220097,0.9396724426187575,2.610437632e-05,0.9627721,3.24,0.33,0.26,0.21,0.2,,,,,
808,3309568,762,69335.69865626561,44676.05516697752,7.64,4671.53,-0.006207208637533768,6269.897367358208,0.9129751513246447,2.609954304e-05,0.8907348,3.22,0.33,0.26,0.22,0.19,,,,,
809,3313664,763,69849.91182134223,45003.881278807996,7.67,4712.68,-0.004618039496563142,5961.417695462704,0.9863621559925377,2.609470976e-05,0.9580369,3.2,0.34,0.25,0.22,0.19,,,,,
810,3317760,767,69014.95441452533,44446.42402354098,7.56,4666.48,-0.005586452789430041,2823.440685093403,1.0841014984762296,2.6089876480000002e-05,0.9031665,3.14,0.33,0.28,0.21,0.18,,,,,
811,3321856,767,69014.95441452533,44446.42402354098,7.56,4666.48,-0.004624986579074175,7727.867357909679,0.9862015378894284,2.60850432e-05,0.96035844,3.14,0.33,0.28,0.21,0.18,,,,,
812,3325952,770,66759.93394092892,43044.561789284584,7.45,4550.9,-0.0062920087402744684,7047.343502879143,0.9840433317003772,2.608020992e-05,0.79124224,3.15,0.33,0.28,0.2,0.19,,,,,
813,3330048,771,66431.69212260579,42838.47642997673,7.43,4532.29,-0.005687870076144463,4838.040615558624,0.9877248093253002,2.607537664e-05,0.90338993,3.15,0.33,0.28,0.2,0.19,,,,,
814,3334144,772,65976.62275958054,42558.98449540555,7.4,4498.41,-0.005321115870174253,7747.697019338608,1.0058621229836717,2.607054336e-05,0.8933976,3.16,0.32,0.29,0.2,0.19,,,,,
815,3338240,774,65043.975490478595,41985.25224218052,7.36,4435.32,-0.004129957460463629,9091.50145304203,0.9616505614249036,2.606571008e-05,0.93325627,3.19,0.31,0.29,0.21,0.19,,,,,
816,3342336,776,63838.76265837149,41251.7888893617,7.32,4370.92,-0.002690176472242456,12488.678774178028,1.0068659228272736,2.60608768e-05,0.962853,3.22,0.3,0.29,0.22,0.19,,,,,
817,3346432,779,61333.21917285021,39720.858704943916,7.31,4223.54,-0.005508432852366241,11114.882531225681,0.9907105244928971,2.605604352e-05,0.958352,3.38,0.28,0.29,0.22,0.21,,,,,
818,3350528,781,60421.77888169449,39153.82155924836,7.28,4175.9,-0.005433628290120396,4541.142797887325,1.006719366647303,2.6051210240000002e-05,0.9321905,3.4,0.28,0.28,0.22,0.22,,,,,
819,3354624,782,60754.7049205913,39366.33309416528,7.3,4195.7,-0.0043720894300349755,7445.590576410294,0.910747941234149,2.604637696e-05,0.9639002,3.4,0.28,0.28,0.22,0.22,,,,,
820,3358720,783,61279.400975317294,39691.35715144441,7.3,4230.17,-0.005588332488514425,4017.956023275852,0.9870311785489321,2.604154368e-05,0.97037286,3.36,0.28,0.29,0.22,0.21,,,,,
821,3362816,783,61279.400975317294,39691.35715144441,7.3,4230.17,-0.005624098844236869,6058.63588565588,0.9516430100193247,2.60367104e-05,0.96485424,3.36,0.28,0.29,0.22,0.21,,,,,
822,3366912,785,59368.54377476293,38475.87000348021,7.22,4131.06,-0.005306276013470779,3269.0570745170116,0.9698430828284472,2.603187712e-05,0.97048277,3.37,0.29,0.27,0.23,0.21,,,,,
823,3371008,786,57915.54081396199,37539.20765701399,7.13,4074.44,-0.006022842170750664,2897.2093863487244,1.0370261454954743,2.602704384e-05,0.9534458,3.33,0.29,0.28,0.23,0.2,,,,,
824,3375104,788,57384.30671217235,37164.06129902302,7.06,4061.88,-0.004987245513802918,4200.4356607198715,0.9926483926828951,2.602221056e-05,0.9537004,3.27,0.29,0.3,0.22,0.19,,,,,
825,3379200,789,56001.321382964554,36297.75842298204,7.0,4010.47,-0.007783040158756194,2889.0841922163963,0.9589047211920843,2.6017377279999998e-05,0.9721017,3.26,0.3,0.29,0.22,0.19,95293.3537315416,61634.483113903334,9.7,5397.6,0.43333333333333335
826,3383296,790,56225.48285015652,36419.78475318824,6.98,4028.04,-0.004950539027049672,5149.250481843948,0.876021709642373,2.6012544e-05,0.95298296,3.22,0.3,0.3,0.22,0.18,,,,,
827,3387392,791,55405.860915449404,35908.25114532932,6.95,3980.17,-0.0034388935164315626,8653.101209402084,0.9937691069208086,2.600771072e-05,0.96002537,3.24,0.29,0.31,0.22,0.18,,,,,
828,3391488,792,56175.53186956816,36401.23471455234,6.99,4025.67,-0.002215344960859511,24818.034946024418,0.9072132197907194,2.600287744e-05,0.88368237,3.24,0.29,0.31,0.22,0.18,,,,,
829,3395584,792,56175.53186956816,36401.23471455234,6.99,4025.67,-0.0073384695051572635,3784.1535964608192,1.010833105770871,2.5998044160000002e-05,0.9612474,3.24,0.29,0.31,0.22,0.18,,,,,
830,3399680,795,55764.87045848742,36162.74467169426,6.98,3986.27,-0.002594035222500679,10388.926641583443,0.8937456855783239,2.599321088e-05,0.95642614,3.27,0.28,0.31,0.23,0.18,,,,,
831,3403776,797,54490.493979556224,35400.35733988486,7.01,3900.34,-0.005818946259751101,5209.105111896992,1.043764530098997,2.59883776e-05,0.9763856,3.39,0.28,0.29,0.23,0.2,,,,,
832,3407872,798,53784.65484611045,34953.49512013283,6.99,3858.38,-0.00406230960652465,6874.971835613251,0.9449557602638379,2.598354432e-05,0.97341615,3.41,0.27,0.3,0.23,0.2,,,,,
833,3411968,798,53784.65484611045,34953.49512013283,6.99,3858.38,-0.004282957730538328,8862.781235277653,1.0153468833304942,2.597871104e-05,0.95275855,3.41,0.27,0.3,0.23,0.2,,,,,
834,3416064,799,54515.58365602748,35407.124657476685,7.04,3901.51,-0.005884556302589772,4649.064250051975,0.8981440316420048,2.597387776e-05,0.9796473,3.41,0.27,0.3,0.23,0.2,,,,,
835,3420160,799,54515.58365602748,35407.124657476685,7.04,3901.51,-0.0029978765815030783,14901.939534544945,1.0302520861150697,2.596904448e-05,0.970177,3.41,0.27,0.3,0.23,0.2,,,,,
836,3424256,801,53212.991330171404,34571.87452012378,6.98,3832.15,-0.00596654107721406,3377.1017287373543,0.9631297645391896,2.59642112e-05,0.8678061,3.42,0.27,0.3,0.23,0.2,,,,,
837,3428352,801,53212.991330171404,34571.87452012378,6.98,3832.15,-0.005322804837305739,3100.268895983696,0.8744373887311667,2.5959377920000002e-05,0.97560716,3.42,0.27,0.3,0.23,0.2,,,,,
838,3432448,803,53315.61081229477,34628.24500405827,6.96,3851.21,-0.0029773423930237186,6974.623141109943,1.0474845775170252,2.595454464e-05,0.9587055,3.37,0.28,0.3,0.23,0.19,,,,,
839,3436544,804,52934.020243830106,34395.08665972618,6.95,3824.31,-0.007500406848521379,2747.3163743019104,0.9738303415942937,2.594971136e-05,0.9555752,3.39,0.28,0.29,0.24,0.19,,,,,
840,3440640,805,51638.66718869348,33567.18577466564,6.9,3768.69,-0.0041808335699897725,12532.007158577442,1.0328459051670507,2.594487808e-05,0.97187066,3.39,0.28,0.29,0.24,0.19,,,,,
841,3444736,805,51638.66718869348,33567.18577466564,6.9,3768.69,-0.005702619240764761,4589.343412339687,0.9569082326488569,2.59400448e-05,0.9696378,3.39,0.28,0.29,0.24,0.19,,,,,
842,3448832,806,52647.824461636876,34191.75632475835,6.91,3830.1,-0.005287357198540121,10189.836159467697,0.9913086725864559,2.593521152e-05,0.97783643,3.33,0.28,0.3,0.24,0.18,,,,,
843,3452928,806,52647.824461636876,34191.75632475835,6.91,3830.1,-0.0015192377049970673,18379.26901614666,0.8832630258984864,2.593037824e-05,0.9768923,3.33,0.28,0.3,0.24,0.18,,,,,
844,3457024,808,51475.88208691098,33440.18753574027,6.89,3765.17,-0.007472251315448375,1836.8487786352634,1.0154106345726177,2.5925544959999998e-05,0.95784116,3.37,0.28,0.29,0.25,0.18,,,,,
845,3461120,808,51475.88208691098,33440.18753574027,6.89,3765.17,-0.002613806955196196,23110.075521349907,0.9168072763131931,2.592071168e-05,0.9765268,3.37,0.28,0.29,0.25,0.18,,,,,
846,3465216,809,52283.6712068751,33942.70612149961,6.93,3813.03,-0.00403441389244108,9632.385107338428,0.9671555268578231,2.59158784e-05,0.9308401,3.36,0.29,0.28,0.25,0.18,,,,,
847,3469312,810,52560.3756207247,34131.04673202263,6.96,3819.81,-0.005670916372764623,2234.427730500698,0.9208887101849541,2.591104512e-05,0.98334724,3.39,0.28,0.28,0.26,0.18,,,,,
848,3473408,810,52560.3756207247,34131.04673202263,6.96,3819.81,-0.0027161174512002617,11859.25438374281,0.837005911511369,2.590621184e-05,0.9731555,3.39,0.28,0.28,0.26,0.18,,,,,
849,3477504,811,53279.341345855195,34577.88867451987,6.99,3862.13,-0.006883206187922042,2675.9468084275723,1.025237571215257,2.590137856e-05,0.95974606,3.37,0.29,0.27,0.26,0.18,,,,,
850,3481600,812,54304.09311174364,35210.93243256656,7.01,3925.06,-0.004318413190958381,11929.139356017113,0.9460451900959015,2.589654528e-05,0.9787713,3.32,0.29,0.28,0.26,0.17,89172.98315271463,57793.97923747932,9.6,5314.6,0.4666666666666667
851,3485696,813,52724.31734353195,34226.57933187193,6.97,3834.9,-0.0032233749989245553,17055.43955528736,0.9806010163156316,2.5891712e-05,0.9521356,3.37,0.28,0.28,0.26,0.18,,,,,
852,3489792,815,53054.4994518507,34460.90028602316,7.03,3840.79,-0.004714097590294841,3935.4754061102867,1.0024014598457143,2.588687872e-05,0.9763049,3.43,0.27,0.28,0.26,0.19,,,,,
853,3493888,816,53021.05774548468,34410.37403149155,6.98,3853.28,-0.004230452633237292,5928.417133688927,0.958875305368565,2.588204544e-05,0.8953489,3.37,0.27,0.29,0.26,0.18,,,,,
854,3497984,816,53021.05774548468,34410.37403149155,6.98,3853.28,-0.0042515774084677105,5159.109862625599,0.9256684236461297,2.587721216e-05,0.9762206,3.37,0.27,0.29,0.26,0.18,,,,,
855,3502080,817,53688.27696478775,34817.709542579425,7.0,3891.46,-0.0019519860470609274,18101.783731341362,0.904522264841944,2.587237888e-05,0.9709936,3.35,0.28,0.28,0.26,0.18,,,,,
856,3506176,817,53688.27696478775,34817.709542579425,7.0,3891.46,-0.0044518737431644695,5958.204635202885,0.964276515180245,2.5867545600000002e-05,0.97201675,3.35,0.28,0.28,0.26,0.18,,,,,
857,3510272,818,53685.47293763261,34810.714344826134,7.0,3889.47,-0.0034602215364429867,6865.046479523182,0.8781822264427319,2.586271232e-05,0.97165114,3.35,0.28,0.28,0.26,0.18,,,,,
858,3514368,819,53049.217918112874,34386.68177473999,6.97,3862.24,-0.0037342478753998876,9186.214985728264,1.0027971072122455,2.585787904e-05,0.964553,3.34,0.28,0.28,0.27,0.17,,,,,
859,3518464,819,53049.217918112874,34386.68177473999,6.97,3862.24,-0.004821104410439148,5292.48497068882,0.9914150448748842,2.585304576e-05,0.97795177,3.34,0.28,0.28,0.27,0.17,,,,,
860,3522560,819,53049.217918112874,34386.68177473999,6.97,3862.24,-0.001831791542826977,19520.29323911667,0.8773192501394078,2.584821248e-05,0.97626203,3.34,0.28,0.28,0.27,0.17,,,,,
861,3526656,820,53939.27636804814,34934.11552639384,7.0,3910.72,-0.0046784717378614005,9821.78637099266,0.9026377988047898,2.58433792e-05,0.5575175,3.32,0.29,0.27,0.27,0.17,,,,,
862,3530752,822,52603.7380870927,34107.01627140665,6.94,3848.08,-0.004074677464814158,10434.726989984512,0.9355631655780599,2.583854592e-05,0.9182943,3.33,0.3,0.25,0.28,0.17,,,,,
863,3534848,823,52862.81131991568,34264.44996593882,6.96,3862.64,-0.0057346852190676145,5400.516770243645,0.9306286355713382,2.583371264e-05,0.95709205,3.33,0.3,0.25,0.28,0.17,,,,,
864,3538944,824,51678.75972317473,33502.58595708808,6.87,3817.8,-0.007920292342532775,3700.5220649838448,0.9607034811051562,2.5828879360000002e-05,0.9289947,3.28,0.31,0.25,0.28,0.16,,,,,
865,3543040,824,51678.75972317473,33502.58595708808,6.87,3817.8,-0.004119327816624718,12017.164645552635,0.9544933409197256,2.582404608e-05,0.96500653,3.28,0.31,0.25,0.28,0.16,,,,,
866,3547136,825,52017.08978376058,33705.58035716086,6.88,3842.56,-0.0037717189152317587,9034.55861890316,1.0197524449322373,2.58192128e-05,0.924848,3.27,0.32,0.24,0.28,0.16,,,,,
867,3551232,826,52733.30273376343,34136.952647784565,6.91,3894.36,-0.003753128099560854,14296.755574584007,0.9497403628192842,2.581437952e-05,0.9626116,3.24,0.33,0.24,0.27,0.16,,,,,
868,3555328,828,52226.80091584686,33823.95082704561,6.9,3849.03,-0.00536497699249594,4165.228691995144,0.9436440728604794,2.580954624e-05,0.9471806,3.28,0.33,0.23,0.27,0.17,,,,,
869,3559424,829,52517.36455562555,33990.76316361148,6.86,3875.5,-0.006439440900066984,4103.853204667568,1.0149395684711635,2.580471296e-05,0.92331195,3.21,0.34,0.23,0.27,0.16,,,,,
870,3563520,830,51998.303352264025,33670.99720464597,6.84,3848.33,-0.004180398386779416,9718.558090567589,0.9720638182479888,2.579987968e-05,0.9657227,3.22,0.33,0.24,0.27,0.16,,,,,
871,3567616,831,52408.16673291429,33903.73550336213,6.84,3881.32,-0.0033694009807732073,3984.345850288868,0.91506258235313,2.5795046400000002e-05,0.9366084,3.18,0.34,0.24,0.26,0.16,,,,,
872,3571712,832,52910.67817419596,34218.190771591355,6.83,3914.53,-0.003109644222604402,18905.37580728531,1.0723680614028126,2.5790213120000003e-05,0.94525284,3.13,0.34,0.25,0.26,0.15,,,,,
873,3575808,834,53121.9910019134,34383.362522084375,6.9,3912.17,-0.003452337428825558,6898.186179161072,0.9413320724852383,2.578537984e-05,0.97105783,3.2,0.33,0.25,0.26,0.16,,,,,
874,3579904,834,53121.9910019134,34383.362522084375,6.9,3912.17,-0.004493671708587499,4797.114926755428,0.8950233311625198,2.578054656e-05,0.9819732,3.2,0.33,0.25,0.26,0.16,,,,,
875,3584000,835,53988.12831515249,34920.75224555742,6.93,3961.77,-0.003473275277428911,18923.345113277435,0.8416787839960307,2.5775713280000002e-05,0.97129494,3.18,0.34,0.24,0.26,0.16,72604.89560099089,47338.1933876012,8.666666666666666,4423.7,0.26666666666666666
876,3588096,836,53788.68109284896,34789.776363035446,6.91,3952.43,-0.0035669929629875696,9561.744183659554,1.0788362690946087,2.577088e-05,0.96200603,3.17,0.34,0.25,0.25,0.16,,,,,
877,3592192,836,53788.68109284896,34789.776363035446,6.91,3952.43,-0.00471917651793774,8937.705629169941,0.9241252014180645,2.576604672e-05,0.97502136,3.17,0.34,0.25,0.25,0.16,,,,,
878,3596288,837,54410.214135954615,35193.86676848445,6.95,3973.9,-0.004148667318986554,3429.163161635399,0.9325644017662853,2.576121344e-05,0.9781302,3.19,0.33,0.26,0.25,0.16,,,,,
879,3600384,839,54069.14501779675,34954.523653419565,6.92,3969.23,-0.0032377941888626083,20607.414216160774,0.97618397930637,2.575638016e-05,0.79092836,3.17,0.34,0.26,0.23,0.17,,,,,
880,3604480,839,54069.14501779675,34954.523653419565,6.92,3969.23,-0.002927070604528126,7393.895270824432,0.9502348341047764,2.575154688e-05,0.9565504,3.17,0.34,0.26,0.23,0.17,,,,,
881,3608576,841,53481.235069640024,34570.931158586915,6.89,3937.06,-0.0023602419369126437,9742.293204128742,0.9361915707122535,2.57467136e-05,0.9711249,3.18,0.34,0.26,0.23,0.17,,,,,
882,3612672,843,52681.85595348454,34060.58807605817,6.85,3903.53,-0.004610083577063051,7546.7407685518265,0.9936571397120133,2.574188032e-05,0.95312124,3.17,0.34,0.27,0.21,0.18,,,,,
883,3616768,845,51383.55530046556,33260.29178746199,6.8,3811.19,-0.004871005854511168,3846.421593874693,0.9783872998086736,2.5737047040000002e-05,0.9411061,3.22,0.32,0.28,0.22,0.18,,,,,
884,3620864,846,51893.13077456698,33567.06224807101,6.8,3851.01,-0.004408844539284473,5509.521805763245,0.9722736076219007,2.573221376e-05,0.9508127,3.18,0.32,0.29,0.22,0.17,,,,,
885,3624960,846,51893.13077456698,33567.06224807101,6.8,3851.01,-0.006258747756874072,7738.19241052866,0.8987385185901076,2.572738048e-05,0.9613451,3.18,0.32,0.29,0.22,0.17,,,,,
886,3629056,847,52240.926570629046,33777.428102439,6.81,3874.97,-0.005076053645098,4015.9209244549274,0.9348825700581074,2.57225472e-05,0.96465504,3.16,0.32,0.3,0.21,0.17,,,,,
887,3633152,847,52240.926570629046,33777.428102439,6.81,3874.97,-0.0035977581719635054,8357.690739512444,0.8828897181665525,2.571771392e-05,0.9786627,3.16,0.32,0.3,0.21,0.17,,,,,
888,3637248,848,52246.20586229943,33771.097401862455,6.81,3872.38,-0.00897848136992252,2780.8037859499454,0.9357617513742298,2.571288064e-05,0.98671114,3.16,0.32,0.3,0.21,0.17,,,,,
889,3641344,849,52497.41865792472,33922.38076998343,6.82,3891.03,-0.005533266230941081,3526.5703997910023,0.9865461805602536,2.570804736e-05,0.9719955,3.15,0.33,0.29,0.21,0.17,,,,,
890,3645440,852,51804.39056608942,33482.55236993872,6.78,3848.71,-0.0033020878181559965,9693.093302249908,0.9762189079774544,2.5703214080000002e-05,0.98253465,3.15,0.33,0.29,0.21,0.17,,,,,
891,3649536,853,51970.47756949935,33587.40502638082,6.78,3863.67,-0.00556056849018205,5133.355123102665,1.0182096188655123,2.5698380800000003e-05,0.96321416,3.13,0.33,0.3,0.2,0.17,,,,,
892,3653632,856,50567.95226929463,32650.98062237842,6.72,3781.0,-0.007915039504950983,5010.915719807148,1.0618565996410325,2.569354752e-05,0.95326626,3.15,0.32,0.32,0.19,0.17,,,,,
893,3657728,856,50567.95226929463,32650.98062237842,6.72,3781.0,-0.0016332907553078257,17957.797211408615,0.8894114469876513,2.568871424e-05,0.9699418,3.15,0.32,0.32,0.19,0.17,,,,,
894,3661824,857,50786.272140011264,32810.89271015491,6.74,3780.35,-0.003257854497860535,17555.832951128483,0.9166848594322801,2.5683880960000002e-05,0.57186294,3.18,0.31,0.32,0.2,0.17,,,,,
895,3665920,857,50786.272140011264,32810.89271015491,6.74,3780.35,-0.0032677539020369295,11612.352645874023,0.9112911248812452,2.567904768e-05,0.9553525,3.18,0.31,0.32,0.2,0.17,,,,,
896,3670016,858,51284.22376550272,33119.65011594707,6.76,3809.8,-0.009298044000388472,1486.9837637841702,0.9437110252911225,2.56742144e-05,0.963945,3.17,0.32,0.31,0.2,0.17,,,,,
897,3674112,858,51284.22376550272,33119.65011594707,6.76,3809.8,-0.0038324630259012338,7767.176672697067,0.9742470760829747,2.566938112e-05,0.97143406,3.17,0.32,0.31,0.2,0.17,,,,,
898,3678208,862,49513.553147442966,31989.63735234367,6.63,3713.26,-0.00461603202529659,6766.002941906452,1.0171401090919971,2.566454784e-05,0.8082948,3.13,0.33,0.31,0.2,0.16,,,,,
899,3682304,862,49513.553147442966,31989.63735234367,6.63,3713.26,-0.0054018204027670436,3800.2417089939117,0.9905745905125514,2.565971456e-05,0.9544658,3.13,0.33,0.31,0.2,0.16,,,,,
900,3686400,863,49795.4957411422,32180.94639050506,6.65,3726.91,-0.003997532962785044,12082.99775326252,1.0024814737262204,2.565488128e-05,0.94809616,3.14,0.32,0.32,0.2,0.16,56397.67295903549,36922.58376882955,8.166666666666666,3805.9,0.2
901,3690496,864,49781.074881200206,32162.483740374424,6.64,3728.83,-0.005440996685138089,5248.644435048103,0.9163508206838742,2.5650048e-05,0.9630202,3.13,0.32,0.32,0.2,0.16,,,,,
902,3694592,866,50425.96484194487,32584.450482228753,6.69,3768.04,-0.002819341931171948,8437.215508580208,0.9531675847247243,2.5645214720000002e-05,0.9716951,3.14,0.32,0.32,0.2,0.16,,,,,
903,3698688,867,50999.222692152754,32945.026908323176,6.72,3809.14,-0.0062516638354281895,7403.816738605499,0.9138865679269657,2.564038144e-05,0.9643626,3.12,0.33,0.31,0.2,0.16,,,,,
904,3702784,868,50717.13012390633,32788.27438446818,6.72,3784.02,-0.006113962377639837,3856.5118822455406,1.0176289431983605,2.563554816e-05,0.9667,3.15,0.32,0.31,0.21,0.16,,,,,
905,3706880,869,50659.67143285772,32742.845251011815,6.71,3779.13,-0.005946008781393175,2979.78106880188,0.9432732367422432,2.563071488e-05,0.9637801,3.14,0.33,0.3,0.21,0.16,,,,,
906,3710976,869,50659.67143285772,32742.845251011815,6.71,3779.13,-0.0021404331178018765,11041.048112511635,0.9260498235234991,2.56258816e-05,0.96905404,3.14,0.33,0.3,0.21,0.16,,,,,
907,3715072,870,52274.46350479954,33756.85649740808,6.76,3876.91,-0.0014681611496598634,39783.79193687439,0.9219218847574666,2.562104832e-05,0.9673718,3.09,0.34,0.3,0.21,0.15,,,,,
908,3719168,871,52639.91196435062,34016.65895404821,6.83,3873.29,-0.0036072084330953658,27062.037494301796,0.8949407450854778,2.561621504e-05,0.9464487,3.17,0.33,0.3,0.21,0.16,,,,,
909,3723264,871,52639.91196435062,34016.65895404821,6.83,3873.29,-0.004584977060403617,10592.986387491226,0.8838373092003167,2.5611381760000002e-05,0.9635761,3.17,0.33,0.3,0.21,0.16,,,,,
910,3727360,873,53502.80697180342,34556.08928874724,6.88,3924.53,-0.004507992363869562,5076.875074565411,0.960492177400738,2.5606548480000003e-05,0.96949327,3.16,0.34,0.29,0.21,0.16,,,,,
911,3731456,874,54248.65789840796,35037.81231083498,6.94,3956.29,-0.0016518448283022735,28734.08340203762,0.8996195645304397,2.56017152e-05,0.9706774,3.19,0.34,0.29,0.2,0.17,,,,,
912,3735552,874,54248.65789840796,35037.81231083498,6.94,3956.29,-0.006221211719093844,3447.9151096343994,0.9372665628325194,2.559688192e-05,0.9529245,3.19,0.34,0.29,0.2,0.17,,,,,
913,3739648,876,54403.00253999264,35114.71134443888,6.94,3973.96,-0.0042656488931243075,4704.4757397174835,0.9522562242345884,2.5592048640000002e-05,0.97342235,3.17,0.35,0.28,0.2,0.17,,,,,
914,3743744,876,54403.00253999264,35114.71134443888,6.94,3973.96,-0.006661377748969244,4771.547338306904,0.9562506530201063,2.558721536e-05,0.9545206,3.17,0.35,0.28,0.2,0.17,,,,,
915,3747840,880,54789.03832804433,35343.92182411336,6.94,3998.55,-0.004807845141840517,8432.84295630455,1.0455700184684247,2.558238208e-05,0.9283835,3.14,0.35,0.29,0.19,0.17,,,,,
916,3751936,882,54102.458217452855,34910.17780986084,6.97,3947.06,-0.0065031196395466395,2548.5421488285065,1.0332107703434303,2.55775488e-05,0.9237267,3.23,0.34,0.29,0.19,0.18,,,,,
917,3756032,882,54102.458217452855,34910.17780986084,6.97,3947.06,-0.004880472415607073,7315.467968046665,0.9232917871559039,2.557271552e-05,0.9774492,3.23,0.34,0.29,0.19,0.18,,,,,
918,3760128,882,54102.458217452855,34910.17780986084,6.97,3947.06,-0.0034882978770838236,45703.39972424507,0.853162293904461,2.556788224e-05,0.9706341,3.23,0.34,0.29,0.19,0.18,,,,,
919,3764224,883,55714.62841873961,35950.946969805125,7.03,4030.68,-0.0040884177387852105,51841.776629149914,0.92262777837459,2.556304896e-05,0.9603776,3.21,0.35,0.28,0.19,0.18,,,,,
920,3768320,884,55688.98195948584,35924.90104399216,7.03,4027.0,-0.0045299911635083845,8015.6982825398445,0.9450370508711785,2.555821568e-05,0.9876858,3.21,0.35,0.28,0.19,0.18,,,,,
921,3772416,885,55877.7234763696,36059.053910824005,7.02,4048.4,-0.005005833484574396,5009.858777344227,0.977389466483146,2.5553382400000002e-05,0.938689,3.18,0.35,0.29,0.18,0.18,,,,,
922,3776512,886,56441.02229140405,36410.22935385001,7.06,4077.01,-0.006365450011799112,5470.050732374191,1.0132771470816806,2.554854912e-05,0.9713664,3.19,0.35,0.29,0.18,0.18,,,,,
923,3780608,887,56054.01302184433,36174.43549714165,7.04,4047.49,-0.006654517699644202,2423.855291336775,0.9567954824306071,2.554371584e-05,0.9532334,3.2,0.35,0.29,0.18,0.18,,,,,
924,3784704,890,55509.86129924818,35835.88313273543,7.07,4013.25,-0.0053205140293357545,6173.5840982198715,1.031434485805221,2.553888256e-05,0.9331256,3.27,0.35,0.27,0.19,0.19,,,,,
925,3788800,891,55563.120600888,35843.194736420875,7.07,4014.56,-0.004246795824656147,8885.0238301754,0.9729682384058833,2.553404928e-05,0.9642536,3.27,0.35,0.27,0.19,0.19,68244.11457185195,44895.5973371787,8.633333333333333,4255.266666666666,0.26666666666666666
926,3792896,892,55060.66013207636,35508.60002470869,7.02,3994.32,-0.008280538784674718,3128.415139377117,1.0077339899726212,2.5529216e-05,0.9341393,3.23,0.36,0.27,0.18,0.19,,,,,
927,3796992,893,54542.106614050856,35184.08135143612,6.99,3971.22,-0.005665578033585916,4028.9809886217117,0.9187375163892284,2.552438272e-05,0.97498125,3.23,0.36,0.27,0.18,0.19,,,,,
928,3801088,893,54542.106614050856,35184.08135143612,6.99,3971.22,-0.007393167794361943,4806.213727176189,1.0078892057063058,2.551954944e-05,0.97097814,3.23,0.36,0.27,0.18,0.19,,,,,
929,3805184,894,55226.65617334269,35604.22161244023,7.02,4021.93,-0.003603106221817143,6087.652340114117,1.0242445775074884,2.5514716160000003e-05,0.9839918,3.2,0.37,0.27,0.17,0.19,,,,,
930,3809280,897,56370.40354506037,36287.03434986923,7.05,4081.34,-0.002478197258824366,12109.017564356327,0.944233585614711,2.550988288e-05,0.96807945,3.17,0.37,0.27,0.18,0.18,,,,,
931,3813376,897,56370.40354506037,36287.03434986923,7.05,4081.34,-0.004497763976814895,10833.123211503029,0.9563134314958006,2.55050496e-05,0.97565734,3.17,0.37,0.27,0.18,0.18,,,,,
932,3817472,898,56228.419911939294,36198.554367904275,7.04,4080.88,-0.004469359329959843,8296.479028522968,0.9533325781812891,2.5500216320000002e-05,0.95981634,3.16,0.37,0.27,0.18,0.18,,,,,
933,3821568,898,56228.419911939294,36198.554367904275,7.04,4080.88,-0.005300032734567139,6748.002377450466,0.9195982632227242,2.549538304e-05,0.9529219,3.16,0.37,0.27,0.18,0.18,,,,,
934,3825664,900,55428.86007734449,35731.101421015985,7.06,4018.79,-0.007506474430556409,3114.648639202118,0.979299409664236,2.549054976e-05,0.97532874,3.25,0.35,0.28,0.18,0.19,,,,,
935,3829760,901,55831.057974430034,35968.97435053051,7.06,4053.21,-0.006205943325767294,2239.690708398819,0.9839267543284222,2.548571648e-05,0.9729278,3.21,0.36,0.28,0.17,0.19,,,,,
936,3833856,902,55274.86753609317,35623.1823385724,7.03,4026.23,-0.005542794906432391,5511.286875367165,0.95418305543717,2.54808832e-05,0.94955134,3.21,0.36,0.28,0.17,0.19,,,,,
937,3837952,904,55474.08116774228,35743.28055733637,7.05,4041.11,-0.004798909259989159,8584.849399089813,0.933668626123108,2.547604992e-05,0.9542203,3.22,0.36,0.28,0.16,0.2,,,,,
938,3842048,905,54690.760397645965,35251.35298220432,7.0,3988.85,-0.007379675074844272,2161.6790596544743,0.9641936157131568,2.547121664e-05,0.96155274,3.23,0.35,0.29,0.16,0.2,,,,,
939,3846144,905,54690.760397645965,35251.35298220432,7.0,3988.85,-0.006072378622775432,3344.6400614082813,0.922231444506906,2.546638336e-05,0.9815498,3.23,0.35,0.29,0.16,0.2,,,,,
940,3850240,910,51943.409212425584,33528.06095477575,6.85,3840.09,-0.0012183967301098164,12596.837846279144,0.9969578363234177,2.5461550080000002e-05,0.5570711,3.25,0.35,0.29,0.15,0.21,,,,,
941,3854336,911,50815.69313622867,32842.99872679318,6.81,3770.35,-0.006319974640973669,2787.5514082610607,0.887987693422474,2.54567168e-05,0.94372284,3.29,0.34,0.29,0.16,0.21,,,,,
942,3858432,912,50495.666685244556,32633.83688324566,6.79,3758.15,-0.004980764518222713,4706.233412146568,0.9617706397548318,2.545188352e-05,0.95795006,3.28,0.35,0.28,0.16,0.21,,,,,
943,3862528,912,50495.666685244556,32633.83688324566,6.79,3758.15,-0.0037577641978714382,5383.4476190805435,0.9553418392315507,2.544705024e-05,0.96614385,3.28,0.35,0.28,0.16,0.21,,,,,
944,3866624,913,51073.945899386534,32993.327612575114,6.79,3806.02,-0.0017836583410826279,21695.56297826767,0.998479972826317,2.544221696e-05,0.8635711,3.23,0.36,0.28,0.16,0.2,,,,,
945,3870720,914,50735.5373259007,32757.890969717955,6.76,3791.78,-0.006370646662617219,1457.2973356842995,1.0158670742530376,2.543738368e-05,0.97452444,3.21,0.36,0.29,0.15,0.2,,,,,
946,3874816,914,50735.5373259007,32757.890969717955,6.76,3791.78,-0.004274876304407371,8763.864029765129,0.9006133815273643,2.54325504e-05,0.9758911,3.21,0.36,0.29,0.15,0.2,,,,,
947,3878912,916,52095.73539944462,33615.91296806217,6.79,3870.04,-0.00300818628147681,27838.962161779404,0.9138828712748364,2.542771712e-05,0.9498858,3.15,0.38,0.28,0.15,0.19,,,,,
948,3883008,918,49938.9577117534,32332.286514527674,6.78,3733.39,-0.0033771365724533098,19559.275345802307,0.9650783699471503,2.542288384e-05,0.9427638,3.29,0.36,0.28,0.15,0.21,,,,,
949,3887104,918,49938.9577117534,32332.286514527674,6.78,3733.39,-0.0038428379366450827,4510.912491738796,0.9926348903682083,2.541805056e-05,0.95316184,3.29,0.36,0.28,0.15,0.21,,,,,
950,3891200,921,47723.382848561785,30922.783093923554,6.7,3606.79,-0.004958917403200758,4444.051517754793,0.9343595615355298,2.541321728e-05,0.9054118,3.34,0.35,0.29,0.14,0.22,52725.71776732677,34353.52280402729,7.833333333333333,3554.0,0.13333333333333333
951,3895296,922,48104.8100053411,31148.838631701256,6.7,3640.33,-0.00478338203538442,3561.5138714313507,0.9461442561587319,2.5408384000000002e-05,0.9660967,3.3,0.36,0.29,0.13,0.22,,,,,
952,3899392,923,48354.39224797727,31284.175620784124,6.71,3654.9,-0.008251484503489337,17106.854640841484,0.9217231686925516,2.540355072e-05,0.8887197,3.3,0.36,0.29,0.13,0.22,,,,,
953,3903488,924,48287.66493774531,31242.03799334541,6.71,3645.3,-0.003933897228307615,8271.638164937496,0.9196973745711148,2.539871744e-05,0.9703534,3.31,0.35,0.3,0.13,0.22,,,,,
954,3907584,925,47930.37806920542,31053.27837564272,6.72,3610.36,-0.00277701337927283,12899.137286901474,0.9359050733037293,2.539388416e-05,0.8912764,3.36,0.34,0.3,0.13,0.23,,,,,
955,3911680,926,47730.586292217246,30928.191342379327,6.71,3597.26,-0.005837316747602017,3100.137172460556,0.9641035600798205,2.538905088e-05,0.9674408,3.37,0.33,0.31,0.13,0.23,,,,,
956,3915776,927,48045.05163441196,31125.35071340506,6.7,3627.95,-0.005054779210695415,8699.32667529583,0.999839547323063,2.53842176e-05,0.9615201,3.33,0.33,0.32,0.13,0.22,,,,,
957,3919872,927,48045.05163441196,31125.35071340506,6.7,3627.95,-0.004891257348390354,8032.007137000561,0.9002627335721627,2.537938432e-05,0.97588885,3.33,0.33,0.32,0.13,0.22,,,,,
958,3923968,927,48045.05163441196,31125.35071340506,6.7,3627.95,-0.005901977653593349,25559.992296934128,0.8990166697185487,2.537455104e-05,0.95284015,3.33,0.33,0.32,0.13,0.22,,,,,
959,3928064,929,49864.07067886794,32278.59422603472,6.8,3708.18,-0.0016811969762784429,102620.44356417656,0.9486239150865003,2.5369717760000002e-05,0.9271527,3.35,0.31,0.34,0.13,0.22,,,,,
960,3932160,931,49087.42117468333,31819.63814815195,6.82,3646.61,-0.003632140969784814,14096.867486059666,0.9636401638854295,2.536488448e-05,0.9597962,3.44,0.3,0.33,0.14,0.23,,,,,
961,3936256,934,48398.64192498397,31345.345930002844,6.73,3613.76,-0.005128221296672564,3388.9697387218475,0.9164198433281854,2.53600512e-05,0.94887745,3.39,0.3,0.34,0.14,0.22,,,,,
962,3940352,934,48398.64192498397,31345.345930002844,6.73,3613.76,-0.0036148566505289637,10433.465295433998,0.8990301120793447,2.535521792e-05,0.9825595,3.39,0.3,0.34,0.14,0.22,,,,,
963,3944448,935,48339.240123558746,31374.584549563653,6.74,3600.47,-0.0015401929267682135,42285.70827245712,0.8954536592354998,2.535038464e-05,0.95010877,3.42,0.29,0.34,0.15,0.22,,,,,
964,3948544,935,48339.240123558746,31374.584549563653,6.74,3600.47,-0.005482307713464252,8346.363023459911,0.9111985493218526,2.534555136e-05,0.97409075,3.42,0.29,0.34,0.15,0.22,,,,,
965,3952640,937,47876.688118773214,31054.115106090954,6.7,3590.08,-0.006260682393985917,2798.7821401655674,1.0427538350922987,2.534071808e-05,0.9279583,3.39,0.3,0.33,0.15,0.22,,,,,
966,3956736,938,47860.0079489011,31060.442389758242,6.72,3574.08,-0.00416018373107363,10485.6314868927,0.9348002307815477,2.5335884799999998e-05,0.96365565,3.43,0.29,0.33,0.16,0.22,,,,,
967,3960832,939,47975.04003284732,31125.154976284077,6.69,3585.44,-0.005133432658112724,3255.10148614645,0.9589960430748761,2.533105152e-05,0.82052165,3.38,0.3,0.33,0.16,0.21,,,,,
968,3964928,940,47535.77481008558,30868.990804218858,6.67,3567.81,-0.0038007519533493905,7786.583162009716,0.9248711531981826,2.532621824e-05,0.94985926,3.38,0.3,0.33,0.16,0.21,,,,,
969,3969024,940,47535.77481008558,30868.990804218858,6.67,3567.81,-0.002892727874495904,8223.910155177116,0.9433441957226023,2.532138496e-05,0.9779862,3.38,0.3,0.33,0.16,0.21,,,,,
970,3973120,941,48387.7918350195,31411.995208421755,6.73,3616.56,-0.0063865538841128,2649.0682016909122,0.9720320004271343,2.5316551680000002e-05,0.97232413,3.39,0.3,0.32,0.17,0.21,,,,,
971,3977216,942,48799.75296338345,31680.924555800775,6.75,3649.96,-0.003591978798795026,7639.962529420853,0.9644240670604631,2.53117184e-05,0.9648701,3.38,0.31,0.31,0.17,0.21,,,,,
972,3981312,944,48820.71217503604,31679.262081780107,6.76,3647.16,-0.004302888446545694,8076.124472618103,0.9259568712441251,2.530688512e-05,0.8893881,3.39,0.31,0.31,0.17,0.21,,,,,
973,3985408,945,49262.00539844381,31940.999189960654,6.79,3673.3,-0.003703360340296058,6230.082759916782,0.9736332907341421,2.530205184e-05,0.95491546,3.39,0.31,0.31,0.17,0.21,,,,,
974,3989504,945,49262.00539844381,31940.999189960654,6.79,3673.3,-0.004561136898701079,2863.0135468244553,0.8953906232491136,2.529721856e-05,0.9835493,3.39,0.31,0.31,0.17,0.21,,,,,
975,3993600,946,49882.04940445355,32312.775796211772,6.82,3705.33,-0.0054548142761632334,2374.4142713546753,0.8297805167967454,2.529238528e-05,0.9792911,3.38,0.32,0.3,0.17,0.21,48697.12136361006,31971.4058436979,7.766666666666667,3456.4333333333334,0.06666666666666667
976,3997696,946,49882.04940445355,32312.775796211772,6.82,3705.33,-0.0037779013273393502,4723.0179408192635,0.89105469500646,2.5287552e-05,0.9809078,3.38,0.32,0.3,0.17,0.21,,,,,
977,4001792,947,50660.04696177486,32796.67136054185,6.85,3744.34,-0.003472051837889012,16915.341531157494,0.9456757241860032,2.528271872e-05,0.9727706,3.37,0.33,0.29,0.17,0.21,,,,,
978,4005888,948,49753.909060370075,32231.290834041905,6.8,3701.79,-0.006623928012231772,6602.648997962475,0.9896441180026159,2.5277885440000002e-05,0.93863523,3.37,0.33,0.29,0.17,0.21,,,,,
979,4009984,950,49023.73311876505,31822.947501532948,6.82,3648.39,-0.004566332272133877,5191.931347489357,0.9361968656303361,2.527305216e-05,0.9195614,3.45,0.32,0.29,0.17,0.22,,,,,
980,4014080,951,49589.699966696666,32158.10938317285,6.84,3693.71,-0.0033592654326639604,10714.248520612717,1.0258257656823844,2.526821888e-05,0.96152496,3.42,0.33,0.29,0.16,0.22,,,,,
981,4018176,952,49915.359209704126,32357.135824876936,6.84,3712.83,-0.005140221024703351,5866.573096811771,0.9316899706609547,2.52633856e-05,0.97214645,3.4,0.33,0.29,0.17,0.21,,,,,
982,4022272,953,49935.09375528608,32368.842933236665,6.84,3714.73,-0.007009883243881632,2551.7046253085136,0.9512245788937435,2.525855232e-05,0.9637332,3.4,0.33,0.29,0.17,0.21,,,,,
983,4026368,954,50545.22175202311,32753.95839374689,6.87,3755.78,-0.0037316744637792,7573.446874439716,0.9485833923099563,2.525371904e-05,0.96780384,3.39,0.34,0.28,0.17,0.21,,,,,
984,4030464,954,50545.22175202311,32753.95839374689,6.87,3755.78,-0.004539785705674149,7475.029545426369,0.9709290644386783,2.524888576e-05,0.96886384,3.39,0.34,0.28,0.17,0.21,,,,,
985,4034560,956,51323.43930924423,33239.8007885491,6.88,3807.15,-0.006085891802285914,3587.331872344017,0.9966103744227439,2.5244052479999998e-05,0.94424164,3.35,0.34,0.28,0.18,0.2,,,,,
986,4038656,957,51027.32779570547,33041.16388228396,6.86,3799.97,-0.002459714585711481,21858.779697179794,0.9529255389934406,2.52392192e-05,0.9345004,3.33,0.34,0.29,0.17,0.2,,,,,
987,4042752,957,51027.32779570547,33041.16388228396,6.86,3799.97,-0.007484794996344135,1980.6619201302528,0.9545055439230055,2.523438592e-05,0.968523,3.33,0.34,0.29,0.17,0.2,,,,,
988,4046848,960,49352.52216433196,31953.811117976406,6.79,3696.83,-0.004158989956522419,5426.952024936676,0.9969204774824902,2.522955264e-05,0.7776266,3.37,0.33,0.29,0.18,0.2,,,,,
989,4050944,961,49441.29992583328,32011.706696346042,6.83,3697.62,-0.008792828444711631,2955.4991193711758,0.9713462719228119,2.5224719360000002e-05,0.9665259,3.41,0.32,0.29,0.19,0.2,,,,,
990,4055040,962,50343.00574918503,32568.83354105256,6.86,3760.45,-0.002619528893774259,7660.841199994087,0.9897287377389148,2.521988608e-05,0.976359,3.37,0.33,0.29,0.18,0.2,,,,,
991,4059136,963,49940.92879494143,32295.5931593548,6.83,3741.78,-0.005564827344642254,4753.094702601433,0.9620277768699452,2.52150528e-05,0.9469598,3.36,0.34,0.28,0.18,0.2,,,,,
992,4063232,965,49104.94289621514,31773.748864669204,6.78,3684.38,-0.006191198766828165,4051.593510389328,0.985164605313912,2.521021952e-05,0.9714397,3.37,0.34,0.27,0.19,0.2,,,,,
993,4067328,966,50056.43860443381,32388.576101367733,6.84,3736.89,-0.0027560016606003046,16832.376366853714,0.9808479169150814,2.520538624e-05,0.9806501,3.38,0.34,0.27,0.19,0.2,,,,,
994,4071424,968,49403.7176658413,31969.61778901657,6.81,3687.23,-0.0036030271166964667,12657.856415212154,0.9538156390190125,2.520055296e-05,0.8638067,3.41,0.33,0.28,0.19,0.2,,,,,
995,4075520,968,49403.7176658413,31969.61778901657,6.81,3687.23,-0.005933721190558572,4070.7034804821014,0.938411806942895,2.519571968e-05,0.96736515,3.41,0.33,0.28,0.19,0.2,,,,,
996,4079616,970,48463.10178231617,31354.397848046596,6.8,3633.77,-0.003312725807518291,16611.82264137268,0.9962160171708092,2.51908864e-05,0.50210094,3.46,0.32,0.28,0.19,0.21,,,,,
997,4083712,971,48527.72532792683,31374.998148226823,6.76,3658.77,-0.006130005192972021,4511.42572298646,0.9197714320616797,2.5186053120000002e-05,0.9721233,3.39,0.32,0.29,0.19,0.2,,,,,
998,4087808,971,48527.72532792683,31374.998148226823,6.76,3658.77,-0.005084055906991125,3024.371414422989,0.9454438900575042,2.518121984e-05,0.9756026,3.39,0.32,0.29,0.19,0.2,,,,,
999,4091904,972,47992.73028981453,31054.08100319738,6.73,3636.96,-0.006304094664301374,6711.170236468315,0.9703829947393388,2.517638656e-05,0.94876814,3.39,0.32,0.29,0.19,0.2,,,,,
1000,4096000,972,47992.73028981453,31054.08100319738,6.73,3636.96,-0.0025588026437617373,17008.49133312702,0.8979422990232706,2.517155328e-05,0.9767515,3.39,0.32,0.29,0.19,0.2,59533.45804718199,39035.69070254974,8.3,4052.233333333333,0.13333333333333333
1001,4100096,973,49522.29780171591,32013.096717786324,6.81,3707.99,-0.005432949813439336,20862.41189289093,0.9144932184135541,2.516672e-05,0.9583765,3.4,0.32,0.29,0.19,0.2,,,,,
1002,4104192,974,49199.140264979054,31789.620897012177,6.76,3714.44,-0.004525857984845061,9657.871336579323,0.914243673090823,2.516188672e-05,0.950083,3.34,0.33,0.29,0.19,0.19,,,,,
1003,4108288,975,48664.65996226416,31451.157635664495,6.73,3683.27,-0.00431198431942903,4992.412521481514,0.9930867387447506,2.515705344e-05,0.9665646,3.34,0.33,0.29,0.19,0.19,,,,,
1004,4112384,977,48371.341170090454,31278.00537585331,6.74,3663.24,-0.005071456971563748,6029.500608742237,0.9725514684105292,2.5152220159999998e-05,0.9039068,3.37,0.33,0.29,0.18,0.2,,,,,
1005,4116480,979,49068.83653911439,31741.27185879812,6.77,3704.1,-0.0036115716120548313,45774.35168540478,0.9314955231966451,2.514738688e-05,0.9322113,3.36,0.33,0.3,0.17,0.2,,,,,
1006,4120576,980,48872.34744370429,31611.975036951764,6.73,3696.21,-0.007427296365676739,2115.7217656373978,0.9634028552100062,2.51425536e-05,0.9768577,3.33,0.33,0.3,0.18,0.19,,,,,
1007,4124672,982,49379.406739428836,31928.74653695737,6.68,3737.75,-0.00236979376495583,21602.349410057068,0.9751360890222713,2.513772032e-05,0.4991017,3.23,0.34,0.3,0.19,0.17,,,,,
1008,4128768,982,49379.406739428836,31928.74653695737,6.68,3737.75,-0.003783358097280143,8279.234890818596,0.9736242352519184,2.513288704e-05,0.9662749,3.23,0.34,0.3,0.19,0.17,,,,,
1009,4132864,985,47513.121181802315,30770.78984523349,6.66,3619.16,-0.0015025333759695059,26396.281940817833,0.9338813557988033,2.512805376e-05,0.95354986,3.33,0.32,0.3,0.19,0.19,,,,,
1010,4136960,986,46838.0804130736,30345.7077822174,6.62,3577.82,-0.00500221285437874,4199.900937974453,0.9805849452968687,2.512322048e-05,0.93688947,3.33,0.32,0.3,0.19,0.19,,,,,
1011,4141056,987,47470.64964020945,30743.23578784174,6.65,3626.24,-0.0072788421475706855,8326.08036160469,0.9446752426447347,2.51183872e-05,0.93681663,3.31,0.33,0.29,0.19,0.19,,,,,
1012,4145152,987,47470.64964020945,30743.23578784174,6.65,3626.24,-0.00475573233779869,9051.711176633835,0.99730325024575,2.511355392e-05,0.95034695,3.31,0.33,0.29,0.19,0.19,,,,,
1013,4149248,988,48276.595565972086,31235.862009316068,6.69,3660.98,-0.002759899966804369,11654.766292750835,0.9585652170935646,2.510872064e-05,0.9728776,3.31,0.33,0.29,0.19,0.19,,,,,
1014,4153344,988,48276.595565972086,31235.862009316068,6.69,3660.98,-0.004351437001787417,6299.029752671719,0.9903284887550399,2.510388736e-05,0.97216284,3.31,0.33,0.29,0.19,0.19,,,,,
1015,4157440,990,49280.535457930855,31843.27094249752,6.68,3734.39,-0.005082706882603816,4014.284117400646,0.9283750728936866,2.509905408e-05,0.9355091,3.22,0.34,0.3,0.18,0.18,,,,,
1016,4161536,991,49085.35703500627,31746.38028672575,6.67,3727.33,-0.0047205319851855165,4887.071320652962,0.9720861287787557,2.5094220800000002e-05,0.96518505,3.22,0.34,0.3,0.18,0.18,,,,,
1017,4165632,992,49299.16207435062,31899.524868439268,6.69,3743.1,-0.006076134191971505,5650.831019937992,0.9648913788842037,2.508938752e-05,0.95210266,3.23,0.33,0.31,0.18,0.18,,,,,
1018,4169728,993,48911.1849527521,31657.931664574295,6.67,3712.09,-0.006895859985888819,7115.037982463837,0.9346432239981368,2.508455424e-05,0.95093274,3.24,0.32,0.32,0.18,0.18,,,,,
1019,4173824,994,49082.747699103995,31769.669544179196,6.68,3719.11,-0.004596438287990168,7046.550084173679,0.9245608475757763,2.507972096e-05,0.95634377,3.25,0.31,0.33,0.18,0.18,,,,,
1020,4177920,994,49082.747699103995,31769.669544179196,6.68,3719.11,-0.006592925848963205,3110.175586283207,0.8885067538358271,2.507488768e-05,0.9645811,3.25,0.31,0.33,0.18,0.18,,,,,
1021,4182016,995,49345.48411959057,31923.439062410347,6.68,3741.94,-0.005204444945775322,9829.236590921879,0.9295545626664534,2.50700544e-05,0.972791,3.22,0.32,0.33,0.17,0.18,,,,,
1022,4186112,996,49726.54566302647,32149.776924073096,6.65,3775.0,-0.004491751344176009,3420.228262901306,0.959083323716186,2.506522112e-05,0.9572863,3.15,0.33,0.33,0.17,0.17,,,,,
1023,4190208,997,49972.02617065861,32280.63911289334,6.62,3802.45,-0.004719917011243524,4803.213279128075,0.9243112391559407,2.506038784e-05,0.9683912,3.09,0.33,0.34,0.17,0.16,,,,,
1024,4194304,999,48394.86225763295,31298.88624598317,6.55,3711.15,-0.006610727566112473,6198.748908162117,1.0239746439037845,2.5055554560000002e-05,0.92517805,3.12,0.33,0.33,0.18,0.16,,,,,
1025,4198400,1000,48794.35658757053,31533.338660266483,6.51,3744.9,-0.006060009411157807,2769.0844406485558,0.944518604199402,2.505072128e-05,0.9370369,3.04,0.34,0.33,0.18,0.15,59724.17349224176,39074.99695521969,8.2,3873.633333333333,0.23333333333333334
1026,4202496,1001,48785.02142204987,31539.762261785017,6.51,3747.43,-0.004604731312610966,2181.455340474844,0.920979137881659,2.5045888e-05,0.96552956,3.04,0.34,0.33,0.18,0.15,,,,,
1027,4206592,1001,48785.02142204987,31539.762261785017,6.51,3747.43,-0.006496166803117376,3030.856469333172,0.889993739547208,2.504105472e-05,0.97469664,3.04,0.34,0.33,0.18,0.15,,,,,
1028,4210688,1002,49118.900002430295,31765.759168995508,6.53,3766.59,-0.0034708713110376266,7210.311187386513,1.023157594841905,2.503622144e-05,0.9732948,3.04,0.34,0.33,0.18,0.15,,,,,
1029,4214784,1003,48728.514133649616,31499.716771082785,6.5,3743.09,-0.005177322524104966,3453.0285728275776,1.0030731681035832,2.503138816e-05,0.9582068,3.03,0.35,0.32,0.18,0.15,,,,,
1030,4218880,1003,48728.514133649616,31499.716771082785,6.5,3743.09,-0.004624071847501909,10325.166701197624,1.0077776921680197,2.502655488e-05,0.9726137,3.03,0.35,0.32,0.18,0.15,,,,,
1031,4222976,1005,49958.6783361421,32259.71300072903,6.54,3826.61,-0.005906027904529765,2531.791387796402,1.02320981642697,2.5021721600000002e-05,0.9279583,2.97,0.37,0.31,0.18,0.14,,,,,
1032,4227072,1005,49958.6783361421,32259.71300072903,6.54,3826.61,-0.005000963193197094,5006.93164306879,0.9088821412296966,2.5016888320000003e-05,0.96519667,2.97,0.37,0.31,0.18,0.14,,,,,
1033,4231168,1006,49937.65623239167,32244.303157835,6.54,3822.14,-0.010330887496820651,1776.7012395262718,0.991088867536746,2.501205504e-05,0.9850741,2.97,0.37,0.31,0.18,0.14,,,,,
1034,4235264,1006,49937.65623239167,32244.303157835,6.54,3822.14,-0.004584463616993162,8410.059272885323,0.968496392481029,2.500722176e-05,0.9674336,2.97,0.37,0.31,0.18,0.14,,,,,
1035,4239360,1006,49937.65623239167,32244.303157835,6.54,3822.14,-0.0035850681615556823,51602.36534810066,0.9071018419926986,2.5002388480000002e-05,0.9742794,2.97,0.37,0.31,0.18,0.14,,,,,
1036,4243456,1008,51611.864990349066,33301.94352134382,6.65,3910.27,-0.003954834376600047,6309.387808144093,0.9425061561632901,2.49975552e-05,0.92538035,2.98,0.38,0.3,0.17,0.15,,,,,
1037,4247552,1008,51611.864990349066,33301.94352134382,6.65,3910.27,-0.0017915935477503808,29791.594035863876,0.9139387706527486,2.499272192e-05,0.9757853,2.98,0.38,0.3,0.17,0.15,,,,,
1038,4251648,1010,53026.94836157648,34182.414876337694,6.67,3995.89,-0.003991848592704628,5638.1060301959515,0.975429754005745,2.498788864e-05,0.9749275,2.91,0.38,0.31,0.18,0.13,,,,,
1039,4255744,1011,53560.96943233065,34501.62232348794,6.68,4038.96,-0.004982749168448208,3703.062386870384,1.0850941413082182,2.498305536e-05,0.9668907,2.87,0.39,0.31,0.17,0.13,,,,,
1040,4259840,1011,53560.96943233065,34501.62232348794,6.68,4038.96,-0.003658750340946426,12336.915330171585,0.9406537521863356,2.497822208e-05,0.9804782,2.87,0.39,0.31,0.17,0.13,,,,,
1041,4263936,1012,54186.017511997925,34921.18277273649,6.72,4057.38,-0.0032666386559867533,24089.694738268852,0.9225041796453297,2.49733888e-05,0.9582474,2.9,0.38,0.31,0.18,0.13,,,,,
1042,4268032,1012,54186.017511997925,34921.18277273649,6.72,4057.38,-0.0019672063572215848,12259.466019034386,0.9054251509951428,2.496855552e-05,0.97779566,2.9,0.38,0.31,0.18,0.13,,,,,
1043,4272128,1013,54215.609153643825,34954.68988125887,6.74,4042.87,-0.0016667783729644725,22773.161346316338,0.9685133976163343,2.4963722240000002e-05,0.9303131,2.94,0.37,0.31,0.19,0.13,,,,,
1044,4276224,1014,55176.73271232909,35594.85693699547,6.8,4079.31,-0.001719592633889988,65752.41245865822,0.9559711165493354,2.495888896e-05,0.95669985,2.97,0.37,0.3,0.19,0.14,,,,,
1045,4280320,1016,53876.620193282186,34779.59426042947,6.79,4007.01,-0.004929563008772675,5346.129610419273,1.0549600347876549,2.495405568e-05,0.90559894,3.04,0.36,0.3,0.19,0.15,,,,,
1046,4284416,1019,53346.27510664741,34434.48040086017,6.77,3969.54,-0.005070604467618978,5492.0933148264885,1.065563885960728,2.49492224e-05,0.9568772,3.06,0.35,0.3,0.21,0.14,,,,,
1047,4288512,1019,53346.27510664741,34434.48040086017,6.77,3969.54,-0.002758070208983554,4626.842241734266,0.9316407464211807,2.494438912e-05,0.9543766,3.06,0.35,0.3,0.21,0.14,,,,,
1048,4292608,1020,53919.3221175667,34814.13525142246,6.8,4015.25,-0.0020409976414157427,19825.372314691544,0.9574347927700728,2.493955584e-05,0.9638672,3.04,0.36,0.29,0.21,0.14,,,,,
1049,4296704,1021,54394.90080422043,35116.07825925178,6.82,4038.78,-0.003404284817406733,25366.05029952526,0.9844918062444776,2.493472256e-05,0.72869587,3.04,0.36,0.29,0.21,0.14,,,,,
1050,4300800,1021,54394.90080422043,35116.07825925178,6.82,4038.78,-0.0035319395510668983,20050.64177298546,0.9214505542768165,2.4929889280000002e-05,0.9363901,3.04,0.36,0.29,0.21,0.14,71763.92134656428,46646.22794233435,8.766666666666667,4436.2,0.36666666666666664
1051,4304896,1022,55326.90382220283,35701.46211236165,6.87,4082.65,-0.008528191978257382,2710.7031768858433,0.9624352826504037,2.4925056000000003e-05,0.9573667,3.05,0.35,0.3,0.21,0.14,,,,,
1052,4308992,1023,55395.238627853876,35778.017054550306,6.88,4085.63,-0.002817096434228006,22537.42542052269,0.9784707651706412,2.492022272e-05,0.955318,3.06,0.34,0.31,0.21,0.14,,,,,
1053,4313088,1023,55395.238627853876,35778.017054550306,6.88,4085.63,-0.0025351399372084416,17863.725323319435,0.9601345552364364,2.491538944e-05,0.9714194,3.06,0.34,0.31,0.21,0.14,,,,,
1054,4317184,1024,56810.79035098534,36682.941366776686,6.97,4151.2,-0.006334919624350732,34915.107082784176,0.948538385448046,2.4910556160000002e-05,0.9701189,3.09,0.34,0.3,0.22,0.14,,,,,
1055,4321280,1024,56810.79035098534,36682.941366776686,6.97,4151.2,-0.004893308948339836,8417.648068487644,0.9308840146986768,2.490572288e-05,0.9780719,3.09,0.34,0.3,0.22,0.14,,,,,
1056,4325376,1025,57102.97590148691,36846.73135711401,6.96,4179.56,-0.0015493516548303887,22191.630592942238,0.9488716839114204,2.49008896e-05,0.93687683,3.05,0.34,0.31,0.22,0.13,,,,,
1057,4329472,1025,57102.97590148691,36846.73135711401,6.96,4179.56,-0.0038650466785838944,7075.36237514019,0.9250529103446752,2.489605632e-05,0.968581,3.05,0.34,0.31,0.22,0.13,,,,,
1058,4333568,1025,57102.97590148691,36846.73135711401,6.96,4179.56,-0.0018693062174861552,62867.02335655689,0.9137475978350267,2.489122304e-05,0.9620292,3.05,0.34,0.31,0.22,0.13,,,,,
1059,4337664,1029,55642.36865705219,35944.35047931839,6.94,4081.01,-0.003588081509406038,12214.313629031181,1.0342426741262898,2.488638976e-05,0.92462903,3.14,0.35,0.27,0.24,0.14,,,,,
1060,4341760,1029,55642.36865705219,35944.35047931839,6.94,4081.01,-0.005664946263550519,73107.00421535969,0.7813921811757609,2.488155648e-05,0.97740245,3.14,0.35,0.27,0.24,0.14,,,,,
1061,4345856,1031,56821.32003564628,36684.26640862874,6.97,4121.13,-0.001734133298668894,134503.96922016144,0.943139442242682,2.48767232e-05,0.82674444,3.14,0.35,0.27,0.24,0.14,,,,,
1062,4349952,1032,57371.85108866113,37022.45510330156,7.0,4166.61,-0.005248243857749912,5134.171500921249,0.9895549446810037,2.4871889920000002e-05,0.9255611,3.12,0.36,0.26,0.24,0.14,,,,,
1063,4354048,1033,57525.275995474316,37109.164193428274,6.98,4181.88,-0.005292769890729687,4183.214017987251,0.9378657840425149,2.486705664e-05,0.9418782,3.08,0.37,0.26,0.23,0.14,,,,,
1064,4358144,1033,57525.275995474316,37109.164193428274,6.98,4181.88,-0.0039667008650212665,11414.903850317001,0.9553383544553071,2.486222336e-05,0.96589136,3.08,0.37,0.26,0.23,0.14,,,,,
1065,4362240,1034,58261.76837462656,37564.50294135279,7.02,4230.8,-0.0032868040798348375,8272.533072412014,1.0018999269232154,2.485739008e-05,0.83817506,3.07,0.38,0.25,0.23,0.14,,,,,
1066,4366336,1036,56510.2414243395,36425.651587280096,6.94,4137.94,-0.0029309062356333015,15099.568750023842,1.0143688438693061,2.48525568e-05,0.96740824,3.07,0.39,0.24,0.23,0.14,,,,,
1067,4370432,1038,56416.383623778165,36381.80191309232,6.98,4118.07,-0.0040588015644971165,8974.553665876389,1.0031430289382115,2.484772352e-05,0.95828944,3.13,0.38,0.24,0.23,0.15,,,,,
1068,4374528,1040,56010.78963332897,36114.644134187314,6.96,4088.35,-0.003188046317518456,6597.89105629921,1.001796864788048,2.484289024e-05,0.7253713,3.15,0.36,0.26,0.23,0.15,,,,,
1069,4378624,1043,54611.560433258215,35229.727362375284,6.87,4005.15,-0.006260450782065163,4095.3696308732033,1.0397222554311156,2.483805696e-05,0.94974303,3.15,0.35,0.27,0.23,0.15,,,,,
1070,4382720,1044,54975.280710748986,35459.923138147795,6.87,4039.87,-0.005707983932552452,3965.393512070179,0.9392722790362313,2.4833223680000003e-05,0.93324834,3.11,0.36,0.27,0.22,0.15,,,,,
1071,4386816,1044,54975.280710748986,35459.923138147795,6.87,4039.87,-0.005935576513365959,7207.826422572136,0.9814014901639894,2.48283904e-05,0.94943875,3.11,0.36,0.27,0.22,0.15,,,,,
1072,4390912,1045,55484.167763953206,35795.3944269706,6.89,4073.49,-0.0033340257650706917,7471.050375878811,0.8853299954207614,2.482355712e-05,0.96990246,3.1,0.37,0.26,0.22,0.15,,,,,
1073,4395008,1046,54660.535244396444,35302.15007204182,6.86,4021.29,-0.002142159652976261,16582.188725590706,0.9828023642767221,2.4818723840000002e-05,0.9638519,3.13,0.36,0.26,0.23,0.15,,,,,
1074,4399104,1047,53609.279955095284,34662.017368809924,6.83,3962.3,-0.002744808734860271,11846.799622237682,0.9595202682539821,2.481389056e-05,0.9155691,3.17,0.35,0.26,0.24,0.15,,,,,
1075,4403200,1048,53803.008557929614,34792.8986558677,6.85,3967.6,-0.0033614347712500603,7770.548078894615,1.0029154615476727,2.480905728e-05,0.95343596,3.18,0.34,0.27,0.24,0.15,50785.08888350983,33272.09761600265,7.833333333333333,3506.4333333333334,0.1
1076,4407296,1049,54422.59244695879,35190.25891686904,6.88,4009.69,-0.0037297285416570958,14558.431034088135,1.0025174950715154,2.4804224e-05,0.9273742,3.17,0.34,0.27,0.24,0.15,,,,,
1077,4411392,1049,54422.59244695879,35190.25891686904,6.88,4009.69,-0.007340936766922823,1976.8502392470837,0.9583522161701694,2.479939072e-05,0.97096133,3.17,0.34,0.27,0.24,0.15,,,,,
1078,4415488,1050,55368.93326575446,35744.80363858614,6.88,4072.49,-0.0040605197282275185,19771.705305814743,0.9707315127598122,2.479455744e-05,0.9425251,3.1,0.35,0.27,0.24,0.14,,,,,
1079,4419584,1052,54504.42923313616,35254.79030038801,6.91,4011.61,-0.005158528167157783,7227.510442733765,1.042974742478691,2.478972416e-05,0.92047465,3.2,0.34,0.27,0.23,0.16,,,,,
1080,4423680,1053,54823.873403620266,35463.89186049859,6.93,4037.61,-0.00587071349582402,6231.77101701498,1.0141827467596158,2.478489088e-05,0.9390187,3.19,0.35,0.26,0.23,0.16,,,,,
1081,4427776,1054,54575.97129032504,35319.86462433477,6.92,4022.16,-0.004390636416246707,5376.4907193779945,0.9294553188374266,2.4780057600000002e-05,0.9599612,3.2,0.34,0.27,0.23,0.16,,,,,
1082,4431872,1054,54575.97129032504,35319.86462433477,6.92,4022.16,-0.003843672480797977,2900.057735621929,0.8939413480693474,2.477522432e-05,0.9759284,3.2,0.34,0.27,0.23,0.16,,,,,
1083,4435968,1057,53865.791246882145,34877.170553094125,6.93,3966.41,-0.0018672654950933065,31056.269669771194,1.0306211394490674,2.477039104e-05,0.9306946,3.26,0.35,0.25,0.23,0.17,,,,,
1084,4440064,1058,53889.85821067147,34904.43780076173,6.95,3955.7,-0.0022425025126722176,10942.405527591705,1.0290752387372777,2.476555776e-05,0.9701788,3.29,0.34,0.25,0.24,0.17,,,,,
1085,4444160,1058,53889.85821067147,34904.43780076173,6.95,3955.7,-0.00207291248079855,32009.128970861435,0.9054077079053968,2.476072448e-05,0.9734596,3.29,0.34,0.25,0.24,0.17,,,,,
1086,4448256,1059,55224.8815111932,35773.675369741104,7.04,4003.73,-0.003803656224590668,54671.7764005661,0.8947517822962254,2.47558912e-05,0.96565807,3.34,0.33,0.25,0.24,0.18,,,,,
1087,4452352,1060,55654.125781690025,36045.61361954458,7.06,4029.45,-0.006659359283730737,1758.228277593851,0.9405074297683313,2.475105792e-05,0.9799483,3.33,0.33,0.25,0.24,0.18,,,,,
1088,4456448,1060,55654.125781690025,36045.61361954458,7.06,4029.45,-0.00496285995177459,9688.409286499023,1.0104660398792475,2.474622464e-05,0.9754655,3.33,0.33,0.25,0.24,0.18,,,,,
1089,4460544,1062,55775.041909128915,36113.27879809847,7.07,4036.01,-0.0013991640480526257,47083.04462707043,1.0381281259469688,2.4741391360000003e-05,0.742731,3.34,0.33,0.25,0.23,0.19,,,,,
1090,4464640,1064,56396.68804371647,36522.44070805249,7.15,4046.0,-0.0021609704326692736,38142.40235102177,0.8847033545607701,2.473655808e-05,0.94673246,3.41,0.32,0.25,0.23,0.2,,,,,
1091,4468736,1065,56445.13090160161,36554.07290047172,7.15,4053.0,-0.0065403495682403445,3746.9402027130127,1.0157113015884534,2.47317248e-05,0.8583856,3.4,0.33,0.24,0.23,0.2,,,,,
1092,4472832,1066,55991.550145958645,36251.29599109446,7.11,4042.69,-0.006119005018263124,4712.340894281864,0.9830668772337958,2.4726891520000002e-05,0.9481994,3.36,0.34,0.24,0.22,0.2,,,,,
1093,4476928,1067,56259.850792839934,36411.151649406005,7.12,4066.74,-0.003859746182570234,13666.496512889862,1.0180233023129404,2.472205824e-05,0.9581638,3.34,0.35,0.23,0.22,0.2,,,,,
1094,4481024,1068,56655.57737596537,36666.55315952474,7.15,4086.56,-0.004296096451980702,13033.296634793282,1.0132331274216995,2.471722496e-05,0.9595218,3.35,0.35,0.23,0.21,0.21,,,,,
1095,4485120,1069,56630.17772447341,36663.828296983505,7.15,4086.63,-0.0025897660016198643,11112.03978151083,0.9632193922298029,2.471239168e-05,0.92233175,3.35,0.35,0.23,0.21,0.21,,,,,
1096,4489216,1070,56957.44829081988,36874.02943652777,7.14,4117.23,-0.003173330939716834,6334.9770983457565,1.04158016492147,2.47075584e-05,0.88064176,3.3,0.36,0.23,0.21,0.2,,,,,
1097,4493312,1070,56957.44829081988,36874.02943652777,7.14,4117.23,-0.004330894949816866,4165.047743797302,0.9887362602166831,2.470272512e-05,0.9625679,3.3,0.36,0.23,0.21,0.2,,,,,
1098,4497408,1071,56827.66218944846,36776.535164052766,7.13,4110.42,-0.005713970828765014,5920.497411698103,1.0157018330646679,2.469789184e-05,0.9410038,3.29,0.37,0.22,0.21,0.2,,,,,
1099,4501504,1071,56827.66218944846,36776.535164052766,7.13,4110.42,-0.003442851294494176,11451.535746693611,0.9536600082647055,2.469305856e-05,0.96398234,3.29,0.37,0.22,0.21,0.2,,,,,
1100,4505600,1072,57679.418562293984,37298.264625783355,7.17,4150.49,-0.0022468074084827094,23808.229367017746,0.9218436790397391,2.4688225280000002e-05,0.8623685,3.29,0.37,0.22,0.21,0.2,64400.146594942315,42047.53441627996,8.4,4101.166666666667,0.23333333333333334
1101,4509696,1072,57679.418562293984,37298.264625783355,7.17,4150.49,-0.003573657812012243,8757.003209114075,0.9403817867860198,2.4683392e-05,0.9620763,3.29,0.37,0.22,0.21,0.2,,,,,
1102,4513792,1073,57347.16805949504,37087.75085017142,7.15,4149.0,-0.0026206936981907347,23456.486241579056,0.971456648898311,2.467855872e-05,0.95178545,3.27,0.38,0.21,0.21,0.2,,,,,
1103,4517888,1073,57347.16805949504,37087.75085017142,7.15,4149.0,-0.002516520271456102,8263.87505877018,1.0672832147683948,2.467372544e-05,0.96539897,3.27,0.38,0.21,0.21,0.2,,,,,
1104,4521984,1074,58127.92532848896,37581.2244186511,7.19,4183.3,-0.003446603719567065,18356.712149500847,0.9341847612522542,2.466889216e-05,0.9604344,3.27,0.38,0.21,0.21,0.2,,,,,
1105,4526080,1074,58127.92532848896,37581.2244186511,7.19,4183.3,-0.0034189122225143365,11486.82596206665,0.902988938963972,2.466405888e-05,0.96716464,3.27,0.38,0.21,0.21,0.2,,,,,
1106,4530176,1075,59083.20225289437,38227.728239135424,7.25,4223.15,-0.00266574501983996,28880.32035303116,0.9298399183899164,2.46592256e-05,0.94830316,3.3,0.37,0.21,0.22,0.2,,,,,
1107,4534272,1076,59220.449564991315,38305.479594287455,7.25,4237.99,-0.0053623586281901225,3511.8552147746086,0.9932853082427755,2.4654392319999998e-05,0.96461636,3.28,0.38,0.2,0.22,0.2,,,,,
1108,4538368,1076,59220.449564991315,38305.479594287455,7.25,4237.99,-0.0037481466270037345,4690.950835227966,0.9745079632848501,2.464955904e-05,0.976894,3.28,0.38,0.2,0.22,0.2,,,,,
1109,4542464,1077,59964.259473985054,38772.55808318787,7.27,4285.59,-0.005191099097828555,5090.1491355896,0.9853393160738051,2.464472576e-05,0.97042626,3.25,0.38,0.21,0.22,0.19,,,,,
1110,4546560,1078,60420.29808364057,39064.68734033417,7.3,4307.67,-0.0011499740066938102,44735.26602613926,0.9402227301616222,2.463989248e-05,0.8305197,3.26,0.38,0.21,0.22,0.19,,,,,
1111,4550656,1080,60456.13448415137,39052.25361652262,7.27,4315.77,-0.002764460177786532,6087.960836470127,0.9977258382132277,2.4635059200000002e-05,0.92067695,3.22,0.38,0.21,0.22,0.19,,,,,
1112,4554752,1080,60456.13448415137,39052.25361652262,7.27,4315.77,-0.004269941065558669,8395.29124957323,0.9624795140698552,2.463022592e-05,0.96759504,3.22,0.38,0.21,0.22,0.19,,,,,
1113,4558848,1081,60823.917583061295,39286.81848371635,7.29,4336.45,-0.0029305967218533624,14866.392627000809,0.9791818778030574,2.462539264e-05,0.92823905,3.22,0.38,0.21,0.22,0.19,,,,,
1114,4562944,1083,60259.9113724316,38917.24724901582,7.23,4316.79,-0.003982089412602363,9309.433888733387,0.9976195726776496,2.462055936e-05,0.90847284,3.19,0.39,0.21,0.21,0.19,,,,,
1115,4567040,1085,60407.63611116785,38977.91603660825,7.18,4335.21,-0.0049956243456108496,6202.860362529755,1.004549360834062,2.461572608e-05,0.8050736,3.12,0.4,0.21,0.22,0.17,,,,,
1116,4571136,1085,60407.63611116785,38977.91603660825,7.18,4335.21,-0.0022832708591522533,13383.540650367737,0.9307984879706055,2.46108928e-05,0.9614777,3.12,0.4,0.21,0.22,0.17,,,,,
1117,4575232,1086,61428.68641509534,39607.49321096268,7.23,4396.66,-0.0019084771556663327,20389.176222860813,0.9698499185033143,2.460605952e-05,0.90719503,3.11,0.4,0.21,0.22,0.17,,,,,
1118,4579328,1087,60853.66855869226,39265.673088967014,7.2,4358.23,-0.002386936583206989,10235.330629110336,0.9836052505997941,2.460122624e-05,0.95898664,3.12,0.39,0.22,0.22,0.17,,,,,
1119,4583424,1090,59575.2460205964,38512.609963469455,7.19,4265.26,-0.0031493607930315193,13351.875512480736,1.018905067583546,2.4596392960000002e-05,0.9418718,3.22,0.37,0.21,0.24,0.18,,,,,
1120,4587520,1090,59575.2460205964,38512.609963469455,7.19,4265.26,-0.0035347199846000876,8825.020696759224,0.9966704862890765,2.459155968e-05,0.8719505,3.22,0.37,0.21,0.24,0.18,,,,,
1121,4591616,1091,59668.39781454452,38573.38115599766,7.19,4276.61,-0.005177703376830323,4389.008125603199,0.9796514828922227,2.45867264e-05,0.9162079,3.2,0.38,0.2,0.24,0.18,,,,,
1122,4595712,1091,59668.39781454452,38573.38115599766,7.19,4276.61,-0.00292904388243187,18631.538608133793,0.9846518283011392,2.458189312e-05,0.9549572,3.2,0.38,0.2,0.24,0.18,,,,,
1123,4599808,1093,60502.15588637078,39099.200689226134,7.27,4311.65,-0.0038146950410009595,9485.286836862564,0.9829339708667248,2.457705984e-05,0.97483,3.24,0.39,0.18,0.24,0.19,,,,,
1124,4603904,1093,60502.15588637078,39099.200689226134,7.27,4311.65,-0.004467677744287357,5022.293210417032,0.9812137651024386,2.457222656e-05,0.96520853,3.24,0.39,0.18,0.24,0.19,,,,,
1125,4608000,1094,60569.944851966044,39140.43415801846,7.27,4319.64,-0.006350248667331471,5830.552772730589,0.914027210441418,2.456739328e-05,0.9563632,3.23,0.4,0.17,0.24,0.19,53958.128676701024,35609.52258964493,7.833333333333333,3526.5333333333333,0.26666666666666666
1126,4612096,1095,60400.77258982943,39051.83813534791,7.27,4304.97,-0.003879066274748766,10215.34647512436,0.9755301020340994,2.4562559999999998e-05,0.9605383,3.25,0.39,0.18,0.24,0.19,,,,,
1127,4616192,1096,60585.88915565601,39191.729151724896,7.31,4302.47,-0.004276649926396203,10743.943116426468,0.9716901190113276,2.455772672e-05,0.9713045,3.3,0.38,0.18,0.24,0.2,,,,,
1128,4620288,1097,60783.37022589607,39323.08232635066,7.33,4305.31,-0.003468422776677471,9473.09188836813,0.9673753052484244,2.455289344e-05,0.9816898,3.32,0.38,0.17,0.25,0.2,,,,,
1129,4624384,1097,60783.37022589607,39323.08232635066,7.33,4305.31,-0.004785356244610739,6357.040725886822,0.9785823448328301,2.454806016e-05,0.9712346,3.32,0.38,0.17,0.25,0.2,,,,,
1130,4628480,1099,61200.105778538215,39568.03639355051,7.34,4327.23,-0.0013350442040973576,56530.868388175964,1.005143160233274,2.4543226880000002e-05,0.910717,3.31,0.38,0.17,0.25,0.2,,,,,
1131,4632576,1102,60098.365496503924,38943.222095389596,7.42,4223.36,-0.0026900055581791094,14474.578587293625,0.9904486025916412,2.45383936e-05,0.962952,3.51,0.35,0.17,0.25,0.23,,,,,
1132,4636672,1103,60802.122091785575,39419.385959702304,7.48,4252.54,-0.004272003466667229,22004.133561372757,0.9616658519953489,2.453356032e-05,0.96366805,3.55,0.34,0.17,0.26,0.23,,,,,
1133,4640768,1104,59689.797581807965,38727.12692251866,7.45,4178.77,-0.0048095637266669655,5312.921328485012,0.9511685178149492,2.452872704e-05,0.9787026,3.6,0.33,0.17,0.26,0.24,,,,,
1134,4644864,1105,60157.55636186123,39044.34925806806,7.5,4194.39,-0.004390550203424937,9593.125539541245,0.9480481987120584,2.452389376e-05,0.90726167,3.64,0.32,0.17,0.27,0.24,,,,,
1135,4648960,1105,60157.55636186123,39044.34925806806,7.5,4194.39,-0.0031892854249235825,9183.471217036247,0.890706472680904,2.451906048e-05,0.96972674,3.64,0.32,0.17,0.27,0.24,,,,,
1136,4653056,1106,60376.84656770484,39193.87462797759,7.51,4207.79,-0.0016836304748721886,13138.058230519295,0.9677019010996446,2.45142272e-05,0.9520158,3.64,0.32,0.17,0.27,0.24,,,,,
1137,4657152,1107,59410.6657288611,38594.174736538946,7.5,4145.69,-0.004798644481525116,11293.429768383503,0.9564108387567103,2.450939392e-05,0.9754434,3.7,0.31,0.17,0.27,0.25,,,,,
1138,4661248,1109,58817.893606750426,38213.79882262821,7.43,4122.93,-0.004380938389203948,11450.556929647923,0.9972008881159127,2.4504560640000002e-05,0.9353394,3.65,0.32,0.16,0.28,0.24,,,,,
1139,4665344,1109,58817.893606750426,38213.79882262821,7.43,4122.93,-0.004430952614711714,18936.665450572968,0.9877406890736893,2.449972736e-05,0.97562593,3.65,0.32,0.16,0.28,0.24,,,,,
1140,4669440,1110,60481.035724817346,39280.31135352087,7.51,4198.07,-0.001485640182181669,79117.42625451088,0.9084644936956465,2.449489408e-05,0.9595237,3.66,0.32,0.16,0.28,0.24,,,,,
1141,4673536,1111,60059.32839337849,39016.03425247097,7.49,4162.5,-0.007663854796192027,7222.521864533424,0.9805567131843418,2.44900608e-05,0.9509887,3.68,0.31,0.17,0.28,0.24,,,,,
1142,4677632,1111,60059.32839337849,39016.03425247097,7.49,4162.5,-0.00352684115023294,19331.68888795376,1.0060973177896813,2.448522752e-05,0.98192984,3.68,0.31,0.17,0.28,0.24,,,,,
1143,4681728,1113,59252.6758250244,38498.103090832636,7.44,4123.95,-0.002637258440699952,26972.279423475266,0.9932011384516954,2.448039424e-05,0.9590519,3.66,0.31,0.18,0.27,0.24,,,,,
1144,4685824,1114,58054.04415017184,37706.97079705199,7.35,4076.19,-0.0076794934102508705,1941.737929880619,0.9863492135191336,2.447556096e-05,0.9621965,3.61,0.32,0.18,0.27,0.23,,,,,
1145,4689920,1116,58340.169057834726,37896.371240687564,7.32,4097.6,-0.004065387502123485,15075.183613657951,1.084038378088735,2.4470727679999998e-05,0.9332378,3.56,0.32,0.19,0.27,0.22,,,,,
1146,4694016,1117,58458.55626174566,37965.422951558874,7.3,4114.08,-0.009591767322490341,1804.1206314861774,0.970191621221602,2.44658944e-05,0.96376604,3.52,0.33,0.19,0.26,0.22,,,,,
1147,4698112,1117,58458.55626174566,37965.422951558874,7.3,4114.08,-0.003222536632165429,10493.140278458595,0.9580601600464433,2.446106112e-05,0.9574735,3.52,0.33,0.19,0.26,0.22,,,,,
1148,4702208,1118,59860.294250084975,38817.58724628462,7.3,4198.32,-0.00300106882059481,9949.285010039806,0.8949822220019996,2.445622784e-05,0.9805494,3.43,0.34,0.19,0.26,0.21,,,,,
1149,4706304,1119,59844.46529697844,38798.65677724425,7.3,4194.95,-0.004070417678121885,5781.098246574402,0.9925560260890052,2.445139456e-05,0.95858663,3.43,0.34,0.19,0.26,0.21,,,,,
1150,4710400,1119,59844.46529697844,38798.65677724425,7.3,4194.95,-0.0023460524480469758,17236.898073136806,0.9615882748039439,2.444656128e-05,0.9773565,3.43,0.34,0.19,0.26,0.21,64635.17180327695,42412.277990142036,8.5,4188.066666666667,0.16666666666666666
1151,4714496,1120,60520.92090436627,39228.15056508968,7.33,4228.86,-0.005666769345225475,10827.115709245205,0.9298469832865521,2.4441728e-05,0.97070986,3.43,0.34,0.19,0.26,0.21,,,,,
1152,4718592,1121,60680.07716984945,39301.389066886535,7.3,4245.93,-0.002841861857632466,9873.12568384409,0.861698494059965,2.443689472e-05,0.96678,3.37,0.34,0.2,0.26,0.2,,,,,
1153,4722688,1121,60680.07716984945,39301.389066886535,7.3,4245.93,-0.003940625732866465,9605.628093719482,0.9403191497549415,2.443206144e-05,0.92226803,3.37,0.34,0.2,0.26,0.2,,,,,
1154,4726784,1122,60283.48742963497,39048.02775695265,7.28,4230.51,-0.0036611426648960332,12735.990839481354,0.899325093603693,2.442722816e-05,0.9761645,3.36,0.35,0.19,0.26,0.2,,,,,
1155,4730880,1123,60300.90735441624,39044.86247050542,7.28,4227.96,-0.0032225541972366045,18804.92878127098,1.0793853845680133,2.442239488e-05,0.958228,3.36,0.35,0.19,0.26,0.2,,,,,
1156,4734976,1123,60300.90735441624,39044.86247050542,7.28,4227.96,-0.004088429276634997,4752.915317714214,0.9547951914137229,2.44175616e-05,0.9719561,3.36,0.35,0.19,0.26,0.2,,,,,
1157,4739072,1124,60067.03586398028,38876.874536535724,7.26,4228.06,-0.003234352936487994,20955.282893180847,0.9433434773236513,2.4412728320000002e-05,0.9551571,3.33,0.35,0.2,0.25,0.2,,,,,
1158,4743168,1124,60067.03586398028,38876.874536535724,7.26,4228.06,-0.005268795355277689,4806.020929813385,0.9627520370995626,2.440789504e-05,0.9537593,3.33,0.35,0.2,0.25,0.2,,,,,
1159,4747264,1125,59533.830924621216,38536.489576596075,7.23,4203.86,-0.004131857400352601,15566.200723648071,0.9804144199006259,2.440306176e-05,0.97079074,3.32,0.36,0.19,0.25,0.2,,,,,
1160,4751360,1126,58317.9039840828,37797.511773342776,7.22,4130.08,-0.003517201247632329,5184.822361916304,0.9140965228434652,2.439822848e-05,0.92777604,3.39,0.35,0.19,0.25,0.21,,,,,
1161,4755456,1128,59030.957048394775,38246.319241825884,7.26,4184.88,-0.0038242862865445204,9229.006196856499,0.9807084940839559,2.43933952e-05,0.93783045,3.37,0.36,0.19,0.23,0.22,,,,,
1162,4759552,1128,59030.957048394775,38246.319241825884,7.26,4184.88,-0.0033636161642789375,11472.51954472065,1.0688514387002215,2.438856192e-05,0.96314704,3.37,0.36,0.19,0.23,0.22,,,,,
1163,4763648,1129,60011.759529911935,38849.648457663905,7.28,4244.27,-0.0028792498123948462,18185.906735897064,1.0102022512583062,2.438372864e-05,0.95804536,3.33,0.36,0.2,0.23,0.21,,,,,
1164,4767744,1131,59583.5094006483,38574.01831996841,7.26,4238.57,-0.003368310217410908,22010.284320950508,0.9746940494515002,2.4378895359999998e-05,0.95973676,3.31,0.36,0.2,0.23,0.21,,,,,
1165,4771840,1131,59583.5094006483,38574.01831996841,7.26,4238.57,-0.0072259279349964345,3994.485137462616,0.9969085892662406,2.437406208e-05,0.97673076,3.31,0.36,0.2,0.23,0.21,,,,,
1166,4775936,1132,59707.78940877555,38657.01589559142,7.27,4243.93,-0.004350157430053514,4607.164858877659,1.020615630899556,2.43692288e-05,0.9466477,3.31,0.36,0.2,0.23,0.21,,,,,
1167,4780032,1132,59707.78940877555,38657.01589559142,7.27,4243.93,-0.002174372970330296,20292.80882191658,0.9432114030933008,2.436439552e-05,0.97157174,3.31,0.36,0.2,0.23,0.21,,,,,
1168,4784128,1133,60901.96787791757,39439.43419069293,7.34,4315.88,-0.0028365495072648628,26278.849185884,0.9675461569568142,2.435956224e-05,0.9404833,3.31,0.36,0.2,0.23,0.21,,,,,
1169,4788224,1133,60901.96787791757,39439.43419069293,7.34,4315.88,-0.004507396255576168,8243.731449186802,0.9754205454373732,2.435472896e-05,0.9627973,3.31,0.36,0.2,0.23,0.21,,,,,
1170,4792320,1134,61292.026257870784,39687.11681151635,7.36,4329.22,-0.005982694594422355,9166.484885275364,0.9904328213306144,2.434989568e-05,0.9801121,3.31,0.36,0.2,0.23,0.21,,,,,
1171,4796416,1134,61292.026257870784,39687.11681151635,7.36,4329.22,-0.0031429468626811286,14930.94187104702,0.9182852465892211,2.43450624e-05,0.9830574,3.31,0.36,0.2,0.23,0.21,,,,,
1172,4800512,1135,62223.37466183351,40300.51466267683,7.42,4357.33,-0.0030175626798154553,37286.16560637951,0.9486462192144245,2.434022912e-05,0.96857154,3.35,0.35,0.2,0.24,0.21,,,,,
1173,4804608,1136,62806.54524267382,40678.917675704106,7.46,4389.94,-0.0059190370520809665,5426.704912126064,0.9007862248690799,2.433539584e-05,0.9641555,3.36,0.35,0.2,0.23,0.22,,,,,
1174,4808704,1136,62806.54524267382,40678.917675704106,7.46,4389.94,-0.004751325037432252,3162.8100158572197,0.9451288001146168,2.433056256e-05,0.9836087,3.36,0.35,0.2,0.23,0.22,,,,,
1175,4812800,1136,62806.54524267382,40678.917675704106,7.46,4389.94,-0.0019255610250183963,40510.76242697239,0.8660807132255286,2.432572928e-05,0.97525835,3.36,0.35,0.2,0.23,0.22,67458.70932624234,43983.57016628255,8.566666666666666,4217.933333333333,0.2
1176,4816896,1137,64084.1279506901,41487.20319917572,7.49,4462.2,-0.0041751319340619375,42631.93898755312,0.9657301323022693,2.4320896000000002e-05,0.95458037,3.32,0.36,0.2,0.22,0.22,,,,,
1177,4820992,1138,64546.7475090673,41778.76402881873,7.49,4492.23,-0.004403862556500826,15882.745244264603,1.0091649853857234,2.431606272e-05,0.96238494,3.29,0.36,0.2,0.23,0.21,,,,,
1178,4825088,1139,65067.74233967233,42121.82621788983,7.54,4513.11,-0.0038135068243718706,5249.559458017349,0.9682598400395364,2.431122944e-05,0.9744678,3.32,0.36,0.19,0.24,0.21,,,,,
1179,4829184,1139,65067.74233967233,42121.82621788983,7.54,4513.11,-0.004799600384558289,6131.533683300018,0.9604618342127651,2.430639616e-05,0.96834505,3.32,0.36,0.19,0.24,0.21,,,,,
1180,4833280,1140,65950.65309071477,42669.458817447,7.59,4565.81,-0.005152610307050054,9812.295264065266,1.0334127157693729,2.430156288e-05,0.96960235,3.31,0.37,0.18,0.24,0.21,,,,,
1181,4837376,1142,66553.98010083871,43062.15922306278,7.68,4587.22,-0.0026171756926487433,15308.233590126038,1.0150697464123368,2.42967296e-05,0.9539768,3.38,0.37,0.17,0.24,0.22,,,,,
1182,4841472,1144,66600.80920571885,43094.54841795229,7.68,4590.86,-0.003452273447692278,13828.501580357552,0.982735053752549,2.429189632e-05,0.9026875,3.38,0.37,0.17,0.24,0.22,,,,,
1183,4845568,1144,66600.80920571885,43094.54841795229,7.68,4590.86,-0.0032434941258543404,3330.1006712913513,0.9752648354042321,2.428706304e-05,0.95144373,3.38,0.37,0.17,0.24,0.22,,,,,
1184,4849664,1145,66184.05074856528,42829.818125069054,7.66,4569.25,-0.0032362002712034155,11867.11040365696,1.0054619067814201,2.4282229760000002e-05,0.96157336,3.38,0.37,0.17,0.24,0.22,,,,,
1185,4853760,1146,67304.28287648142,43551.04039543336,7.73,4610.2,-0.001962432579603046,115589.480966568,0.8852033573202789,2.427739648e-05,0.9544598,3.41,0.37,0.17,0.23,0.23,,,,,
1186,4857856,1147,67022.02772466946,43361.65553246027,7.71,4593.48,-0.005826250973768765,6816.379069685936,1.0143591482192278,2.42725632e-05,0.94990915,3.4,0.37,0.17,0.23,0.23,,,,,
1187,4861952,1147,67022.02772466946,43361.65553246027,7.71,4593.48,-0.0034085546340065775,13006.796115875244,0.9703341794665903,2.426772992e-05,0.97866595,3.4,0.37,0.17,0.23,0.23,,,,,
1188,4866048,1150,65822.98099276308,42611.43003618982,7.66,4506.04,-0.0031300316559281782,9486.632567763329,1.01984176132828,2.426289664e-05,0.9289616,3.45,0.36,0.17,0.24,0.23,,,,,
1189,4870144,1151,66624.54158266979,43097.806382055685,7.68,4540.25,-0.0030670049836771796,21500.38747859001,0.969244325067848,2.425806336e-05,0.9774946,3.43,0.36,0.17,0.24,0.23,,,,,
1190,4874240,1153,66506.10259247298,43034.69051443535,7.7,4516.17,-0.00303536196861387,26379.534801244736,0.9755387882469222,2.425323008e-05,0.9712576,3.48,0.35,0.17,0.24,0.24,,,,,
1191,4878336,1153,66506.10259247298,43034.69051443535,7.7,4516.17,-0.005621308439003769,2977.789739727974,0.9861273245187476,2.4248396800000002e-05,0.9685223,3.48,0.35,0.17,0.24,0.24,,,,,
1192,4882432,1155,66149.21665782081,42819.398721779624,7.72,4482.29,-0.007154849634389393,2591.9663891792297,0.9802751645911485,2.4243563520000003e-05,0.98801416,3.53,0.35,0.16,0.24,0.25,,,,,
1193,4886528,1155,66149.21665782081,42819.398721779624,7.72,4482.29,-0.0034550905347714433,7047.553227305412,0.9913669370580465,2.423873024e-05,0.976812,3.53,0.35,0.16,0.24,0.25,,,,,
1194,4890624,1156,67518.00384704075,43680.15255308634,7.77,4567.33,-0.005096962496281776,12856.921205103397,0.9334734001895413,2.423389696e-05,0.9770315,3.49,0.36,0.16,0.23,0.25,,,,,
1195,4894720,1157,67200.06274582405,43464.667182110854,7.69,4563.54,-0.004128746719288756,5258.334055244923,0.9607261178316548,2.4229063680000002e-05,0.95630425,3.41,0.37,0.16,0.23,0.24,,,,,
1196,4898816,1159,65987.96149127808,42698.4346202466,7.61,4525.91,-0.00580626898272385,3927.219892859459,1.014770237961784,2.42242304e-05,0.9633439,3.36,0.37,0.18,0.22,0.23,,,,,
1197,4902912,1159,65987.96149127808,42698.4346202466,7.61,4525.91,-0.0034696289458224783,11942.773548007011,0.9815451683243737,2.421939712e-05,0.968417,3.36,0.37,0.18,0.22,0.23,,,,,
1198,4907008,1159,65987.96149127808,42698.4346202466,7.61,4525.91,-0.0015127005508475122,80208.06670379639,0.9531155060976744,2.421456384e-05,0.96022683,3.36,0.37,0.18,0.22,0.23,,,,,
1199,4911104,1161,66526.55255738311,43095.76186929055,7.67,4527.11,-0.0038102208036434604,8472.662674963474,1.0061765185091645,2.420973056e-05,0.9704403,3.43,0.36,0.18,0.22,0.24,,,,,
1200,4915200,1162,66857.56321826905,43302.387710175506,7.66,4556.45,-0.0046440386158792535,3524.553726643324,1.0495432735187933,2.420489728e-05,0.92549485,3.39,0.36,0.19,0.22,0.23,63654.89203589222,41765.59288312371,8.366666666666667,3991.633333333333,0.23333333333333334
1201,4919296,1163,66107.59131426405,42804.15768806035,7.6,4534.34,-0.007584468088680296,6635.892675578594,1.0382255566073582,2.4200064e-05,0.94243747,3.35,0.37,0.19,0.21,0.23,,,,,
1202,4923392,1165,66385.61531611424,42993.262072524245,7.67,4544.84,-0.005187056998693151,2892.472977936268,0.9613129599019885,2.419523072e-05,0.9828648,3.41,0.36,0.19,0.21,0.24,,,,,
1203,4927488,1166,66651.3530470014,43163.65327246395,7.69,4553.74,-0.00232991747543565,5886.698784947395,0.9766363906674087,2.4190397440000002e-05,0.9612682,3.43,0.35,0.2,0.21,0.24,,,,,
1204,4931584,1166,66651.3530470014,43163.65327246395,7.69,4553.74,-0.004724190309389087,4617.364663600922,1.0478988735703751,2.418556416e-05,0.9616323,3.43,0.35,0.2,0.21,0.24,,,,,
1205,4935680,1168,66599.31379196398,43121.91421609991,7.66,4562.19,-0.003385739350960648,9841.89634090662,1.011337704025209,2.418073088e-05,0.8448535,3.39,0.35,0.21,0.21,0.23,,,,,
1206,4939776,1169,66375.33103607426,42992.969606914754,7.67,4536.63,-0.004662227455810353,9375.331793189049,1.0485219360562041,2.41758976e-05,0.9594731,3.43,0.34,0.21,0.22,0.23,,,,,
1207,4943872,1170,66178.37190535937,42883.55125626745,7.66,4521.21,-0.006394892508069461,6241.2253376841545,1.0110967352520674,2.417106432e-05,0.92759204,3.44,0.33,0.22,0.22,0.23,,,,,
1208,4947968,1170,66178.37190535937,42883.55125626745,7.66,4521.21,-0.004708135197688534,7681.987632870674,0.9986890024738386,2.416623104e-05,0.9756765,3.44,0.33,0.22,0.22,0.23,,,,,
1209,4952064,1171,67367.82663372414,43629.108854855614,7.71,4576.85,-0.0039208702382893534,37178.19035065174,0.9831258154008538,2.416139776e-05,0.97300076,3.44,0.33,0.22,0.22,0.23,,,,,
1210,4956160,1172,66008.52482842233,42783.04979801699,7.63,4496.08,-0.005988619321215083,3253.6360505223274,0.8880714806728065,2.415656448e-05,0.96235216,3.44,0.33,0.22,0.22,0.23,,,,,
1211,4960256,1172,66008.52482842233,42783.04979801699,7.63,4496.08,-0.0014642643018305534,14535.926493048668,0.97793344699312,2.4151731200000003e-05,0.9485877,3.44,0.33,0.22,0.22,0.23,,,,,
1212,4964352,1173,65704.36300452314,42605.7830401656,7.62,4481.12,-0.00721946575504262,3385.019748210907,0.9516892195679247,2.414689792e-05,0.9079714,3.44,0.33,0.22,0.22,0.23,,,,,
1213,4968448,1174,65283.03458028546,42334.362561853144,7.6,4461.83,-0.0038080477224866627,8858.996958732605,0.9646693310933188,2.414206464e-05,0.9527202,3.44,0.33,0.22,0.22,0.23,,,,,
1214,4972544,1174,65283.03458028546,42334.362561853144,7.6,4461.83,-0.005595257971435785,3706.347944676876,0.9443762326845899,2.4137231360000002e-05,0.97384495,3.44,0.33,0.22,0.22,0.23,,,,,
1215,4976640,1175,64611.052158443956,41878.732176737874,7.56,4437.58,-0.003912920164111711,14307.11960107088,0.9630384601186961,2.413239808e-05,0.8516222,3.42,0.33,0.23,0.21,0.23,,,,,
1216,4980736,1176,65104.9851132803,42189.151473568345,7.59,4457.35,-0.0028937308170498,10991.324051260948,0.9897534004412591,2.41275648e-05,0.9615345,3.43,0.32,0.24,0.21,0.23,,,,,
1217,4984832,1176,65104.9851132803,42189.151473568345,7.59,4457.35,-0.0033165065506182145,25902.228245973587,0.901682342402637,2.412273152e-05,0.97713554,3.43,0.32,0.24,0.21,0.23,,,,,
1218,4988928,1177,65551.4338807322,42489.60231831274,7.63,4467.28,-0.005579435450272285,3499.4641491770744,1.0310333190718666,2.411789824e-05,0.934193,3.47,0.32,0.23,0.21,0.24,,,,,
1219,4993024,1178,65099.611439940876,42197.7334497712,7.6,4444.48,-0.006052563875527994,2602.515246808529,0.9686950029572472,2.411306496e-05,0.9527688,3.46,0.32,0.23,0.21,0.24,,,,,
1220,4997120,1180,65137.76847394609,42206.11125041483,7.57,4459.32,-0.0027757118295994587,14399.223099529743,1.0734728153329343,2.410823168e-05,0.94442743,3.41,0.33,0.23,0.21,0.23,,,,,
1221,5001216,1181,64825.522497442274,42013.37443510083,7.58,4426.63,-0.002800592314088135,26113.939521968365,0.9268981345230713,2.41033984e-05,0.8541784,3.46,0.32,0.23,0.21,0.24,,,,,
1222,5005312,1181,64825.522497442274,42013.37443510083,7.58,4426.63,-0.003957285700380453,12378.160239994526,0.9712767866440117,2.4098565120000002e-05,0.97061616,3.46,0.32,0.23,0.21,0.24,,,,,
1223,5009408,1183,65950.92189574585,42730.462402069534,7.65,4471.38,-0.002877909982998972,34573.918513417244,0.9262954625301063,2.409373184e-05,0.9750992,3.48,0.31,0.23,0.22,0.24,,,,,
1224,5013504,1184,65927.78724590913,42720.105038502224,7.65,4468.62,-0.005364797340007499,6388.266264915466,0.9334512921050191,2.408889856e-05,0.9372569,3.48,0.31,0.23,0.22,0.24,,,,,
1225,5017600,1185,66665.1194627811,43191.08594021047,7.69,4516.96,-0.006963087389522116,6945.244520485401,0.9664374015992507,2.408406528e-05,0.9756817,3.47,0.31,0.24,0.21,0.24,85436.87635984094,55593.514455873636,9.4,5227.7,0.36666666666666664
1226,5021696,1186,65714.44206376756,42592.69020283245,7.63,4464.37,-0.005873373808753968,2748.7664175629616,0.9221730314893648,2.4079232e-05,0.90034103,3.46,0.32,0.23,0.21,0.24,,,,,
1227,5025792,1188,64895.64193055076,42031.631433809016,7.59,4421.08,-0.0031476931899305782,15445.336251974106,1.0830346089787781,2.407439872e-05,0.9288549,3.46,0.33,0.22,0.21,0.24,,,,,
1228,5029888,1189,66038.87289797995,42769.603171232,7.64,4471.36,-0.0016631082608000725,48511.84774041176,0.8893716421443969,2.406956544e-05,0.96894705,3.46,0.33,0.22,0.21,0.24,,,,,
1229,5033984,1189,66038.87289797995,42769.603171232,7.64,4471.36,-0.0073940174843301065,1501.5927320718765,1.0201377588091418,2.406473216e-05,0.96991116,3.46,0.33,0.22,0.21,0.24,,,,,
1230,5038080,1189,66038.87289797995,42769.603171232,7.64,4471.36,-0.00310143004389829,19265.568121433258,0.9660377280088142,2.4059898880000003e-05,0.97203225,3.46,0.33,0.22,0.21,0.24,,,,,
1231,5042176,1190,67411.2159030465,43631.04543995462,7.7,4560.57,-0.004041425920149777,15317.452332615852,0.9816032683011144,2.40550656e-05,0.8738869,3.43,0.34,0.22,0.2,0.24,,,,,
1232,5046272,1191,67557.65075872227,43708.527528660066,7.71,4562.69,-0.0046574395782954525,5542.391215980053,0.9168412068393081,2.405023232e-05,0.94928527,3.44,0.33,0.23,0.2,0.24,,,,,
1233,5050368,1192,66794.43841275861,43221.06369469668,7.67,4527.04,-0.00801024349493673,3017.340689331293,0.9881104973610491,2.4045399040000002e-05,0.98048013,3.44,0.33,0.23,0.2,0.24,,,,,
1234,5054464,1193,67208.59679570445,43447.70678583063,7.65,4562.62,-0.0031807981904421467,6462.028270125389,1.0436786593636498,2.404056576e-05,0.9649388,3.38,0.34,0.23,0.2,0.23,,,,,
1235,5058560,1195,65953.90698153058,42690.58143090603,7.67,4472.74,-0.003740007337910356,34208.32000148296,1.025609867181629,2.403573248e-05,0.84234273,3.5,0.33,0.22,0.2,0.25,,,,,
1236,5062656,1195,65953.90698153058,42690.58143090603,7.67,4472.74,-0.00437652668915689,10529.446479558945,0.9943302598549053,2.40308992e-05,0.95772743,3.5,0.33,0.22,0.2,0.25,,,,,
1237,5066752,1196,66583.81172311926,43073.52131370259,7.68,4510.96,-0.004821062439987145,10418.981424987316,0.9733124438207597,2.402606592e-05,0.96013016,3.47,0.33,0.23,0.2,0.24,,,,,
1238,5070848,1197,66461.57744747435,42993.720579162895,7.67,4510.0,-0.004614828536432469,6619.33391803503,0.9707243639277294,2.402123264e-05,0.9707962,3.46,0.33,0.24,0.19,0.24,,,,,
1239,5074944,1197,66461.57744747435,42993.720579162895,7.67,4510.0,-0.005356870413379511,4254.413512825966,1.0025459284661338,2.401639936e-05,0.9640187,3.46,0.33,0.24,0.19,0.24,,,,,
1240,5079040,1198,66314.185382116,42899.85819229521,7.66,4504.96,-0.004178720630079624,6014.2886326015,0.9435336450114846,2.401156608e-05,0.95340955,3.45,0.34,0.23,0.19,0.24,,,,,
1241,5083136,1199,67051.93370013492,43360.63598985368,7.69,4559.77,-0.005510753321686934,3967.5010664463043,0.9702823015395552,2.4006732800000002e-05,0.97240096,3.42,0.35,0.23,0.18,0.24,,,,,
1242,5087232,1199,67051.93370013492,43360.63598985368,7.69,4559.77,-0.0025873439208226046,11218.503332793713,0.9452584862010553,2.400189952e-05,0.9764572,3.42,0.35,0.23,0.18,0.24,,,,,
1243,5091328,1201,67412.8979842703,43574.490103366275,7.66,4592.2,-0.0032797720341477543,16969.060450911522,1.0069472140166909,2.399706624e-05,0.89312816,3.36,0.35,0.24,0.18,0.23,,,,,
1244,5095424,1201,67412.8979842703,43574.490103366275,7.66,4592.2,-0.004484662870709144,10097.75875467062,1.054009706596844,2.399223296e-05,0.97422165,3.36,0.35,0.24,0.18,0.23,,,,,
1245,5099520,1202,68938.72615728661,44519.7696732013,7.7,4678.16,-0.002598319084427203,18633.614034056664,0.9479362919228151,2.398739968e-05,0.96547407,3.31,0.35,0.25,0.18,0.22,,,,,
1246,5103616,1202,68938.72615728661,44519.7696732013,7.7,4678.16,-0.0029997113706485834,14389.279234528542,0.9518573305103928,2.39825664e-05,0.97358936,3.31,0.35,0.25,0.18,0.22,,,,,
1247,5107712,1203,69410.40937348925,44808.706835731864,7.72,4692.23,-0.004275162244994135,25818.478390693665,0.9262884850613773,2.397773312e-05,0.9695754,3.31,0.35,0.25,0.18,0.22,,,,,
1248,5111808,1203,69410.40937348925,44808.706835731864,7.72,4692.23,-0.005842118074724567,7008.1654705405235,1.0269909540656954,2.397289984e-05,0.96974283,3.31,0.35,0.25,0.18,0.22,,,,,
1249,5115904,1204,70796.85694177076,45677.76723703845,7.76,4780.25,-0.004629726545317681,12870.327183127403,0.9862175758462399,2.396806656e-05,0.9719285,3.26,0.36,0.25,0.18,0.21,,,,,
1250,5120000,1205,70238.07922353316,45318.72891294597,7.73,4752.17,-0.005686462018275051,4106.228175342083,0.9884192290483043,2.396323328e-05,0.9635779,3.26,0.36,0.25,0.18,0.21,69712.58012033453,45381.823799988175,8.6,4397.366666666667,0.2
1251,5124096,1206,69821.61003066596,45063.451408053246,7.72,4719.88,-0.0033982407903749845,10695.364269196987,1.052275063819252,2.39584e-05,0.96201944,3.28,0.35,0.26,0.18,0.21,,,,,
1252,5128192,1209,69166.9916982698,44675.36215584122,7.73,4672.88,-0.005299203910908545,6186.776234149933,1.0481155491434038,2.3953566720000002e-05,0.98203737,3.34,0.34,0.26,0.18,0.22,,,,,
1253,5132288,1209,69166.9916982698,44675.36215584122,7.73,4672.88,-0.005433681441900262,10667.004377424717,1.0302851342130452,2.394873344e-05,0.96277595,3.34,0.34,0.26,0.18,0.22,,,,,
1254,5136384,1211,68086.93954762988,43989.0413737337,7.67,4644.97,-0.006235122122234316,2396.7693300247192,0.9186672637006268,2.394390016e-05,0.9280361,3.3,0.35,0.26,0.17,0.22,,,,,
1255,5140480,1211,68086.93954762988,43989.0413737337,7.67,4644.97,-0.0031987942611522158,3236.115399301052,0.9238128693541512,2.393906688e-05,0.9764734,3.3,0.35,0.26,0.17,0.22,,,,,
1256,5144576,1212,67397.34558866381,43532.95335110284,7.64,4609.24,-0.007095499167917296,2226.395258694887,0.9470169424312189,2.39342336e-05,0.9831749,3.3,0.35,0.26,0.17,0.22,,,,,
1257,5148672,1212,67397.34558866381,43532.95335110284,7.64,4609.24,-0.003095873645179381,16959.779598593712,0.945677021285519,2.392940032e-05,0.9743444,3.3,0.35,0.26,0.17,0.22,,,,,
1258,5152768,1213,69230.32242623412,44709.49202327547,7.71,4716.89,-0.0020083374402020127,54145.30049467087,0.9584734147647396,2.392456704e-05,0.9498776,3.26,0.36,0.26,0.16,0.22,,,,,
1259,5156864,1214,69238.74431114233,44715.768986351926,7.71,4717.94,-0.006205963205502485,3759.2439917325974,0.8930722287623212,2.391973376e-05,0.9176001,3.26,0.36,0.26,0.16,0.22,,,,,
1260,5160960,1215,69066.51799521741,44589.32477184674,7.7,4703.87,-0.005879004673261079,3384.676304459572,0.9692887545097619,2.3914900480000002e-05,0.962975,3.26,0.36,0.26,0.16,0.22,,,,,
1261,5165056,1215,69066.51799521741,44589.32477184674,7.7,4703.87,-0.0061224616611070815,4778.568858653307,1.0105691084172577,2.39100672e-05,0.9717586,3.26,0.36,0.26,0.16,0.22,,,,,
1262,5169152,1215,69066.51799521741,44589.32477184674,7.7,4703.87,-0.002166559863326256,66126.27022767067,0.9868857596302405,2.390523392e-05,0.969093,3.26,0.36,0.26,0.16,0.22,,,,,
1263,5173248,1216,71502.6847211879,46138.10498696898,7.81,4824.81,-0.0028026563913954305,118453.20706874132,0.9214444577228278,2.390040064e-05,0.951392,3.25,0.36,0.26,0.16,0.22,,,,,
1264,5177344,1216,71502.6847211879,46138.10498696898,7.81,4824.81,-0.006141128204490087,11443.956122994423,0.9215846285223961,2.389556736e-05,0.9726843,3.25,0.36,0.26,0.16,0.22,,,,,
1265,5181440,1217,72563.08231533988,46833.66530163509,7.88,4870.59,-0.0033039219297279487,22535.516194701195,0.9507443982874975,2.389073408e-05,0.9751567,3.28,0.35,0.26,0.17,0.22,,,,,
1266,5185536,1218,71939.8079785014,46444.86716292384,7.86,4832.6,-0.007941901611047797,3639.0973150730133,0.9197916963603348,2.38859008e-05,0.985337,3.3,0.34,0.27,0.17,0.22,,,,,
1267,5189632,1220,70671.08402312818,45621.6742661758,7.76,4764.75,-0.0055172110314742895,6831.166339278221,1.0642313736025244,2.3881067519999998e-05,0.78581315,3.27,0.35,0.27,0.16,0.22,,,,,
1268,5193728,1220,70671.08402312818,45621.6742661758,7.76,4764.75,-0.004636704814402037,7627.315254211426,0.9650785438716412,2.387623424e-05,0.9844073,3.27,0.35,0.27,0.16,0.22,,,,,
1269,5197824,1220,70671.08402312818,45621.6742661758,7.76,4764.75,-0.0018929794068753836,78938.57799744606,0.8739146600710228,2.387140096e-05,0.96329,3.27,0.35,0.27,0.16,0.22,,,,,
1270,5201920,1223,70161.06204850574,45350.409194462365,7.74,4697.84,-0.006113446706876857,5340.934447705746,1.0155066431034356,2.386656768e-05,0.8038318,3.34,0.34,0.26,0.18,0.22,,,,,
1271,5206016,1223,70161.06204850574,45350.409194462365,7.74,4697.84,-0.007103214367589317,3428.5789989829063,0.9691482661291957,2.3861734400000002e-05,0.9812804,3.34,0.34,0.26,0.18,0.22,,,,,
1272,5210112,1224,70478.28937405691,45550.16218392764,7.75,4715.22,-0.0032025126656662906,15912.789758205414,0.9692893614992499,2.385690112e-05,0.982659,3.33,0.35,0.25,0.18,0.22,,,,,
1273,5214208,1225,70287.77522822468,45463.99854398529,7.77,4693.05,-0.00642479394809925,10824.037798345089,1.0062667321180925,2.385206784e-05,0.95688456,3.38,0.34,0.25,0.18,0.23,,,,,
1274,5218304,1225,70287.77522822468,45463.99854398529,7.77,4693.05,-0.004420581775775645,6001.623979926109,0.929311728104949,2.384723456e-05,0.9753418,3.38,0.34,0.25,0.18,0.23,,,,,
1275,5222400,1226,70917.42963270107,45818.352735881694,7.76,4738.16,-0.0019370984400666202,30949.167538762093,0.9955364532070234,2.384240128e-05,0.8934001,3.32,0.34,0.26,0.18,0.22,82289.85466475792,53286.667455799674,9.433333333333334,5067.066666666667,0.26666666666666666
1276,5226496,1226,70917.42963270107,45818.352735881694,7.76,4738.16,-0.004425971374075743,5226.641328036785,0.9148720324737951,2.3837568e-05,0.9834684,3.32,0.34,0.26,0.18,0.22,,,,,
1277,5230592,1227,71284.36008630515,46046.82663479341,7.79,4740.2,-0.006077724850001687,4505.691342592239,0.9194082543253899,2.383273472e-05,0.9683662,3.35,0.33,0.26,0.19,0.22,,,,,
1278,5234688,1227,71284.36008630515,46046.82663479341,7.79,4740.2,-0.006121934922703076,4687.65088737011,1.0152477744268253,2.382790144e-05,0.9779024,3.35,0.33,0.26,0.19,0.22,,,,,
1279,5238784,1227,71284.36008630515,46046.82663479341,7.79,4740.2,-0.002503561986486602,33849.42876255512,0.9086479597026482,2.3823068160000002e-05,0.96961135,3.35,0.33,0.26,0.19,0.22,,,,,
1280,5242880,1228,73401.87143514364,47380.37390391436,7.86,4851.62,-0.002962608887173701,55708.02506285906,1.0128965800395235,2.381823488e-05,0.9637973,3.3,0.34,0.26,0.19,0.21,,,,,
1281,5246976,1229,73171.77764519284,47257.54803854669,7.86,4833.69,-0.00376065056934749,18746.27422940731,0.9835645222337916,2.38134016e-05,0.95022154,3.32,0.34,0.25,0.2,0.21,,,,,
1282,5251072,1230,73367.64342551712,47367.38764459557,7.86,4846.87,-0.0035099270153295947,30719.431158423424,0.9361674220999703,2.380856832e-05,0.9699975,3.31,0.34,0.25,0.21,0.2,,,,,
1283,5255168,1230,73367.64342551712,47367.38764459557,7.86,4846.87,-0.005238936746536638,4530.376413285732,0.9743596769403666,2.380373504e-05,0.9682254,3.31,0.34,0.25,0.21,0.2,,,,,
1284,5259264,1231,74124.13122957046,47832.380818722435,7.89,4899.09,-0.0013804304026052705,18123.40499520302,0.9757291151909158,2.379890176e-05,0.95622367,3.28,0.35,0.25,0.2,0.2,,,,,
1285,5263360,1232,74325.23552029119,47992.1652437298,7.93,4890.24,-0.0032228713844233425,21201.39397907257,0.8942046938464046,2.379406848e-05,0.97200525,3.34,0.34,0.25,0.2,0.21,,,,,
1286,5267456,1232,74325.23552029119,47992.1652437298,7.93,4890.24,-0.002561731582318316,5100.987819075584,0.9541194174671546,2.3789235199999998e-05,0.9868168,3.34,0.34,0.25,0.2,0.21,,,,,
1287,5271552,1233,74300.10114386957,47953.85947274722,7.94,4870.66,-0.0028306543254075223,17957.648153841496,1.0243538222275674,2.378440192e-05,0.9832524,3.37,0.33,0.25,0.21,0.21,,,,,
1288,5275648,1233,74300.10114386957,47953.85947274722,7.94,4870.66,-0.003199313827281003,16130.40238559246,0.9711634722771123,2.377956864e-05,0.97417295,3.37,0.33,0.25,0.21,0.21,,,,,
1289,5279744,1234,74261.07545740364,47957.554215771605,7.95,4856.61,-0.0019871181452799647,25487.946539878845,0.945200307178311,2.377473536e-05,0.96307707,3.4,0.32,0.25,0.22,0.21,,,,,
1290,5283840,1234,74261.07545740364,47957.554215771605,7.95,4856.61,-0.005620851388812298,13934.887930572033,1.01261130371131,2.376990208e-05,0.97500414,3.4,0.32,0.25,0.22,0.21,,,,,
1291,5287936,1235,74402.11699713505,48033.54038353498,7.94,4878.81,-0.002808525023283437,11692.851099550724,0.8722533317049965,2.37650688e-05,0.97916037,3.36,0.33,0.25,0.21,0.21,,,,,
1292,5292032,1235,74402.11699713505,48033.54038353498,7.94,4878.81,-0.004821527048989083,10593.439716875553,0.9594671359518543,2.376023552e-05,0.95107335,3.36,0.33,0.25,0.21,0.21,,,,,
1293,5296128,1236,74536.29936578193,48100.333974846784,7.92,4901.53,-0.005490396231834893,3247.293707728386,1.0255033102585003,2.375540224e-05,0.94673556,3.31,0.34,0.25,0.21,0.2,,,,,
1294,5300224,1238,72609.28900437757,46861.34236416568,7.86,4805.3,-0.0037692017685913015,9601.871264576912,1.0515261624241248,2.375056896e-05,0.9560503,3.34,0.34,0.25,0.2,0.21,,,,,
1295,5304320,1239,72760.45804118188,46942.97118451046,7.86,4816.38,-0.002438446457745158,25647.46401166916,1.0226424799766392,2.374573568e-05,0.89411163,3.33,0.34,0.25,0.2,0.21,,,,,
1296,5308416,1240,72089.9304248745,46534.4216165982,7.83,4777.08,-0.003463691890829068,10711.062135756016,0.9702100628055632,2.37409024e-05,0.9031834,3.35,0.33,0.26,0.2,0.21,,,,,
1297,5312512,1241,71679.84410002654,46249.638516693645,7.77,4761.43,-0.007208687708043726,1954.407994478941,0.9879423185484484,2.373606912e-05,0.9673736,3.3,0.34,0.26,0.2,0.2,,,,,
1298,5316608,1241,71679.84410002654,46249.638516693645,7.77,4761.43,-0.004392124119476648,5229.940771281719,1.0574317116988823,2.3731235840000002e-05,0.98154086,3.3,0.34,0.26,0.2,0.2,,,,,
1299,5320704,1242,72479.22278005262,46746.97160623266,7.76,4816.92,-0.006501988609670661,6167.9441974163055,0.9863637411035597,2.372640256e-05,0.97489196,3.23,0.34,0.27,0.2,0.19,,,,,
1300,5324800,1243,72680.82476865323,46883.572344365326,7.78,4818.83,-0.004426850316122,8807.455023884773,1.034818290034309,2.372156928e-05,0.96540326,3.25,0.33,0.28,0.2,0.19,78354.82075242554,50773.31707677371,8.933333333333334,4620.166666666667,0.36666666666666664
1301,5328896,1243,72680.82476865323,46883.572344365326,7.78,4818.83,-0.0023539825006082538,16259.781886219978,0.9117379462113604,2.3716736e-05,0.97166103,3.25,0.33,0.28,0.2,0.19,,,,,
1302,5332992,1245,73562.7731494124,47425.184165109524,7.81,4856.9,-0.003928809409444511,13057.288633883,1.0875880379462615,2.371190272e-05,0.97475314,3.24,0.33,0.28,0.2,0.19,,,,,
1303,5337088,1246,72153.45960514781,46520.33268687589,7.71,4797.17,-0.007381904515568749,5234.186489582062,0.9245978934923187,2.370706944e-05,0.96190673,3.2,0.33,0.29,0.2,0.18,,,,,
1304,5341184,1248,71870.51362857118,46363.841645456996,7.72,4783.33,-0.0027839570229843957,16250.796677589417,0.9044752313056961,2.370223616e-05,0.9312679,3.23,0.34,0.28,0.19,0.19,,,,,
1305,5345280,1248,71870.51362857118,46363.841645456996,7.72,4783.33,-0.005521981414858601,9201.129217863083,0.9689586518798023,2.3697402879999998e-05,0.95752674,3.23,0.34,0.28,0.19,0.19,,,,,
1306,5349376,1249,73005.73469648474,47065.64852832932,7.76,4859.15,-0.005031421701460204,7659.779201209545,0.8999883618671447,2.36925696e-05,0.97110385,3.19,0.35,0.28,0.18,0.19,,,,,
1307,5353472,1250,73066.93708132808,47095.89210780085,7.75,4869.12,-0.005128439467625867,3504.195808529854,1.0103980695130304,2.368773632e-05,0.9745547,3.17,0.36,0.27,0.18,0.19,,,,,
1308,5357568,1252,72509.08280085446,46711.37025048703,7.71,4847.69,-0.007728177028184291,2664.0109591186047,0.9820404619676992,2.368290304e-05,0.8511637,3.16,0.36,0.27,0.18,0.19,,,,,
1309,5361664,1254,71443.62899493116,46022.01842394241,7.63,4794.9,-0.007228420881801867,3256.423368424177,0.9450093696359545,2.367806976e-05,0.89628416,3.14,0.36,0.27,0.19,0.18,,,,,
1310,5365760,1254,71443.62899493116,46022.01842394241,7.63,4794.9,-0.0030687644830322824,7298.14261251688,0.941300269914791,2.367323648e-05,0.9695683,3.14,0.36,0.27,0.19,0.18,,,,,
1311,5369856,1255,72325.00309853202,46583.262671174016,7.64,4858.64,-0.0018520487010391662,20737.978259325027,1.0235260388581082,2.36684032e-05,0.97416943,3.08,0.37,0.27,0.19,0.17,,,,,
1312,5373952,1257,71903.28899949646,46332.128326985614,7.67,4824.03,-0.004570227305521257,5659.974936902523,1.011603410472162,2.366356992e-05,0.92567897,3.16,0.35,0.28,0.19,0.18,,,,,
1313,5378048,1258,71530.69316628142,46113.189563377986,7.67,4799.72,-0.0031914288374537136,15835.049086093903,0.9580189215485007,2.365873664e-05,0.94238484,3.19,0.35,0.27,0.19,0.19,,,,,
1314,5382144,1260,70085.78357539643,45187.924987739345,7.62,4724.58,-0.005201163118726981,4947.2913429141045,0.9715079638408497,2.365390336e-05,0.9700611,3.22,0.35,0.26,0.19,0.2,,,,,
1315,5386240,1260,70085.78357539643,45187.924987739345,7.62,4724.58,-0.001936223392476677,14232.631106853485,0.9562635626643896,2.364907008e-05,0.97315884,3.22,0.35,0.26,0.19,0.2,,,,,
1316,5390336,1261,70853.90212583843,45676.44797361034,7.63,4769.23,-0.005297524854540825,4782.0414825081825,0.9604941818397492,2.36442368e-05,0.9503344,3.18,0.35,0.27,0.19,0.19,,,,,
1317,5394432,1261,70853.90212583843,45676.44797361034,7.63,4769.23,-0.0031004048887552926,5529.613161146641,1.013276990270242,2.3639403520000002e-05,0.9829205,3.18,0.35,0.27,0.19,0.19,,,,,
1318,5398528,1262,72110.38475058894,46473.31530914037,7.69,4834.63,-0.003076008970310795,15851.374497711658,1.0264944160589948,2.363457024e-05,0.96636647,3.17,0.36,0.26,0.19,0.19,,,,,
1319,5402624,1262,72110.38475058894,46473.31530914037,7.69,4834.63,-0.004395594975903805,3896.025405406952,0.9726684590568766,2.362973696e-05,0.97877795,3.17,0.36,0.26,0.19,0.19,,,,,
1320,5406720,1263,73050.68756186927,47073.26460838318,7.74,4881.66,-0.0032933872626017546,8788.525532782078,0.8822217014385387,2.362490368e-05,0.9813154,3.17,0.36,0.26,0.19,0.19,,,,,
1321,5410816,1263,73050.68756186927,47073.26460838318,7.74,4881.66,-0.0036827394878855557,7287.091268181801,0.9609117400832474,2.36200704e-05,0.94879675,3.17,0.36,0.26,0.19,0.19,,,,,
1322,5414912,1263,73050.68756186927,47073.26460838318,7.74,4881.66,-0.0032155183725990355,8105.945361614227,0.9133324405411258,2.361523712e-05,0.97747,3.17,0.36,0.26,0.19,0.19,,,,,
1323,5419008,1264,74129.68974814695,47731.2061783236,7.76,4949.85,-0.003380724650924094,24605.430390536785,0.9735490223392844,2.361040384e-05,0.4623431,3.12,0.37,0.26,0.19,0.18,,,,,
1324,5423104,1265,74852.97657782659,48174.0872084361,7.75,5003.78,-0.003908751825292711,9310.088284254074,0.9197612035786733,2.3605570559999998e-05,0.9583764,3.05,0.38,0.26,0.19,0.17,,,,,
1325,5427200,1266,75016.30435665791,48284.25740730094,7.77,4998.98,-0.0023360316808975767,13979.05079126358,0.9531999970786273,2.360073728e-05,0.95235735,3.07,0.38,0.25,0.2,0.17,64583.04882754701,41970.70003924667,8.5,4177.8,0.26666666666666666
1326,5431296,1266,75016.30435665791,48284.25740730094,7.77,4998.98,-0.0029370730426308,7855.9203671216965,0.9987662744242698,2.3595904e-05,0.97346383,3.07,0.38,0.25,0.2,0.17,,,,,
1327,5435392,1267,75374.52156103785,48527.75225929922,7.8,5003.12,-0.004024355654109968,15333.561944365501,0.8829184491187334,2.359107072e-05,0.9682487,3.1,0.37,0.25,0.21,0.17,,,,,
1328,5439488,1268,75704.39559036562,48750.86713372262,7.84,5015.2,-0.005161508981473162,3925.230506002903,0.9437292966758832,2.358623744e-05,0.93433,3.13,0.37,0.24,0.22,0.17,,,,,
1329,5443584,1269,76131.55229953531,49008.278191360034,7.84,5050.25,-0.004670991751481779,9339.225070178509,0.9634229637449607,2.358140416e-05,0.9348529,3.09,0.38,0.24,0.21,0.17,,,,,
1330,5447680,1270,76528.76900251952,49254.26298918956,7.87,5072.84,-0.003554932638508035,7809.631276071072,1.0677585314260796,2.357657088e-05,0.9626689,3.1,0.38,0.24,0.21,0.17,,,,,
1331,5451776,1271,74646.15320300181,48074.119453000865,7.85,4963.57,-0.004414943027768459,7431.564715564251,1.0128521895967424,2.35717376e-05,0.9544095,3.19,0.37,0.24,0.21,0.18,,,,,
1332,5455872,1274,73383.24410098535,47290.58097968022,7.81,4878.06,-0.003892786936376069,8459.488717556,1.0321424744324759,2.3566904320000002e-05,0.928872,3.25,0.34,0.26,0.22,0.18,,,,,
1333,5459968,1274,73383.24410098535,47290.58097968022,7.81,4878.06,-0.005728115938836709,4401.848614215851,0.9438907875446603,2.3562071040000003e-05,0.9597048,3.25,0.34,0.26,0.22,0.18,,,,,
1334,5464064,1275,73605.5524900593,47437.18236562271,7.82,4893.6,-0.005397829336288851,5091.9806760549545,0.944399221567437,2.355723776e-05,0.96864116,3.24,0.35,0.25,0.22,0.18,,,,,
1335,5468160,1275,73605.5524900593,47437.18236562271,7.82,4893.6,-0.006134366767582833,2168.8561381697655,0.9511961325770244,2.355240448e-05,0.98460865,3.24,0.35,0.25,0.22,0.18,,,,,
1336,5472256,1276,73932.51785300588,47626.68474444997,7.83,4911.69,-0.0032385655231337296,11694.586179077625,0.8836508733220398,2.3547571200000002e-05,0.98626083,3.23,0.36,0.24,0.22,0.18,,,,,
1337,5476352,1277,73424.57200853172,47279.837079161676,7.78,4902.02,-0.0038455516023532255,5456.124950289726,0.9453444735845551,2.354273792e-05,0.9701873,3.18,0.36,0.25,0.22,0.17,,,,,
1338,5480448,1277,73424.57200853172,47279.837079161676,7.78,4902.02,-0.004134891112698824,3271.056391119957,1.0018551389221102,2.353790464e-05,0.9752285,3.18,0.36,0.25,0.22,0.17,,,,,
1339,5484544,1278,74148.78762642833,47734.78472128847,7.82,4940.56,-0.0027961454034084454,15728.503810405731,0.9836339373141527,2.353307136e-05,0.9619567,3.18,0.36,0.25,0.22,0.17,,,,,
1340,5488640,1280,74115.51966422085,47712.6241981575,7.8,4937.42,-0.006688533127089613,2862.121535897255,0.9705075253732502,2.352823808e-05,0.95090485,3.16,0.35,0.27,0.21,0.17,,,,,
1341,5492736,1280,74115.51966422085,47712.6241981575,7.8,4937.42,-0.003362390819347638,9209.617220640182,0.98136967420578,2.35234048e-05,0.97339886,3.16,0.35,0.27,0.21,0.17,,,,,
1342,5496832,1281,74482.18750953871,47952.56368189081,7.81,4956.75,-0.004714541951670981,16728.04012364149,0.9374016692163423,2.351857152e-05,0.9507124,3.15,0.35,0.27,0.22,0.16,,,,,
1343,5500928,1282,73127.49209780747,47099.27591541203,7.74,4901.19,-0.0029568584122898756,11519.81375414133,0.9955100256484002,2.351373824e-05,0.7275934,3.14,0.36,0.26,0.22,0.16,,,,,
1344,5505024,1283,73495.31003366673,47324.37301676897,7.75,4933.29,-0.00728943157764661,3564.31939214468,1.026745157316327,2.3508904960000002e-05,0.95854825,3.11,0.37,0.26,0.21,0.16,,,,,
1345,5509120,1284,74069.31242804199,47689.72451614311,7.79,4961.73,-0.0016509282431798056,11514.185262143612,0.9970263809664175,2.350407168e-05,0.96101856,3.12,0.36,0.27,0.21,0.16,,,,,
1346,5513216,1286,73602.24099028886,47403.66181934851,7.79,4924.45,-0.003693110798849375,11068.157609164715,0.9628402373054996,2.34992384e-05,0.96098524,3.16,0.35,0.27,0.21,0.17,,,,,
1347,5517312,1287,73568.65017242267,47398.745964064285,7.82,4909.75,-0.0071295246489171404,3532.2285646498203,0.975682863034308,2.349440512e-05,0.97735554,3.21,0.34,0.27,0.21,0.18,,,,,
1348,5521408,1287,73568.65017242267,47398.745964064285,7.82,4909.75,-0.006506904424895765,4286.389728248119,0.9625634234398603,2.348957184e-05,0.9824633,3.21,0.34,0.27,0.21,0.18,,,,,
1349,5525504,1290,72644.43237701639,46786.765398041774,7.75,4863.2,-0.0025321534267277457,21553.761106729507,0.9320692234905437,2.348473856e-05,0.9528014,3.18,0.34,0.27,0.22,0.17,,,,,
1350,5529600,1291,72518.16856948481,46725.15806544622,7.76,4849.13,-0.003989065931818914,7276.7034140229225,0.9708457017550245,2.347990528e-05,0.96455103,3.21,0.34,0.26,0.23,0.17,69890.53842478857,45582.77971770331,8.533333333333333,4241.566666666667,0.26666666666666666
1351,5533696,1291,72518.16856948481,46725.15806544622,7.76,4849.13,-0.007061328306008363,4765.301588535309,0.9384991904953495,2.3475072e-05,0.960995,3.21,0.34,0.26,0.23,0.17,,,,,
1352,5537792,1292,72828.71866954559,46926.22676478222,7.78,4864.36,-0.0034414563579048263,8775.472959458828,0.956033494323492,2.3470238720000003e-05,0.97896963,3.21,0.34,0.26,0.23,0.17,,,,,
1353,5541888,1292,72828.71866954559,46926.22676478222,7.78,4864.36,-0.006360729104926577,4461.0341846346855,0.9362883429275826,2.346540544e-05,0.9799215,3.21,0.34,0.26,0.23,0.17,,,,,
1354,5545984,1294,73152.36716658818,47141.55679247083,7.81,4879.86,-0.00240957703863387,20882.229212403297,0.9884901284240186,2.346057216e-05,0.97123206,3.22,0.34,0.26,0.23,0.17,,,,,
1355,5550080,1295,73810.7092855608,47550.39372029723,7.8,4919.87,-0.004783173158102727,3826.667229115963,0.9512517385883257,2.3455738880000002e-05,0.9791068,3.17,0.34,0.26,0.24,0.16,,,,,
1356,5554176,1295,73810.7092855608,47550.39372029723,7.8,4919.87,-0.0034456407411198597,5603.209669589996,0.9418013592949137,2.34509056e-05,0.96683955,3.17,0.34,0.26,0.24,0.16,,,,,
1357,5558272,1296,73676.71612263861,47457.79216087656,7.79,4917.65,-0.004384601623314666,3843.8920130729675,0.9420619748998433,2.344607232e-05,0.97888887,3.16,0.34,0.26,0.24,0.16,,,,,
1358,5562368,1297,73519.57240069333,47344.55777108832,7.77,4917.15,-0.005752330160248675,5646.366714000702,0.9911723670084029,2.344123904e-05,0.95330983,3.14,0.35,0.25,0.24,0.16,,,,,
1359,5566464,1298,73146.9674666093,47135.38253822119,7.78,4884.12,-0.0034423520282871323,14510.938189029694,0.9614003471797332,2.343640576e-05,0.94276065,3.19,0.34,0.25,0.24,0.17,,,,,
1360,5570560,1300,72556.6492047955,46776.37959487949,7.79,4825.03,-0.003103497044321557,14376.548176407814,1.0561757177347317,2.343157248e-05,0.94893974,3.26,0.33,0.24,0.25,0.18,,,,,
1361,5574656,1300,72556.6492047955,46776.37959487949,7.79,4825.03,-0.00593196331828949,2453.512147665024,0.9762030572164804,2.34267392e-05,0.97045094,3.26,0.33,0.24,0.25,0.18,,,,,
1362,5578752,1300,72556.6492047955,46776.37959487949,7.79,4825.03,-0.0029106695310474606,24003.217134714127,0.9097936886828393,2.342190592e-05,0.92504174,3.26,0.33,0.24,0.25,0.18,,,,,
1363,5582848,1302,72353.24580292379,46621.49494329064,7.73,4828.45,-0.0052881569135934114,10615.888676166534,0.9819989763200283,2.3417072640000002e-05,0.71739733,3.19,0.35,0.23,0.25,0.17,,,,,
1364,5586944,1303,71319.13587754655,45961.682104106636,7.67,4791.57,-0.004201020264190447,5063.446760594845,1.0577618858078495,2.341223936e-05,0.936869,3.17,0.35,0.24,0.24,0.17,,,,,
1365,5591040,1304,70165.66965788075,45240.67607001152,7.61,4728.34,-0.004436047346644045,4262.721094727516,1.016336057917215,2.340740608e-05,0.8958868,3.17,0.35,0.24,0.24,0.17,,,,,
1366,5595136,1304,70165.66965788075,45240.67607001152,7.61,4728.34,-0.0022485248709926964,14040.796424865723,0.969922021147795,2.34025728e-05,0.9565431,3.17,0.35,0.24,0.24,0.17,,,,,
1367,5599232,1305,71865.73702297543,46301.00814069671,7.67,4821.31,-0.003345047845868976,34724.98138523102,0.8998630821006373,2.339773952e-05,0.9766184,3.13,0.36,0.24,0.23,0.17,,,,,
1368,5603328,1305,71865.73702297543,46301.00814069671,7.67,4821.31,-0.005026887227359111,5729.661230802536,0.9675827210303396,2.339290624e-05,0.9511951,3.13,0.36,0.24,0.23,0.17,,,,,
1369,5607424,1306,72264.56712868481,46538.77363651097,7.68,4850.66,-0.0034129278974432964,11068.970157027245,0.9606232920195907,2.338807296e-05,0.9783378,3.11,0.37,0.23,0.23,0.17,,,,,
1370,5611520,1306,72264.56712868481,46538.77363651097,7.68,4850.66,-0.00629788748210558,3655.566582620144,1.0102043587248772,2.338323968e-05,0.9588396,3.11,0.37,0.23,0.23,0.17,,,,,
1371,5615616,1307,72729.60708646888,46811.95905560036,7.67,4890.44,-0.0028292788465478225,10503.085595667362,0.9351032754639164,2.3378406400000003e-05,0.97352153,3.05,0.38,0.23,0.23,0.16,,,,,
1372,5619712,1309,72648.04660432058,46744.30738288423,7.63,4896.03,-0.006100069020249066,3540.9908636808395,0.9633654588833451,2.337357312e-05,0.9076019,3.0,0.39,0.23,0.23,0.15,,,,,
1373,5623808,1309,72648.04660432058,46744.30738288423,7.63,4896.03,-0.005120284503391304,4742.931609809399,0.9832131159491837,2.336873984e-05,0.9723889,3.0,0.39,0.23,0.23,0.15,,,,,
1374,5627904,1310,72996.42825631343,46942.5287794642,7.64,4919.3,-0.0057973261618826655,6938.444210648537,0.9608801009599119,2.3363906560000002e-05,0.9700413,2.98,0.4,0.22,0.23,0.15,,,,,
1375,5632000,1310,72996.42825631343,46942.5287794642,7.64,4919.3,-0.0035244733626313973,17022.35766750574,0.9284218677785248,2.335907328e-05,0.9803754,2.98,0.4,0.22,0.23,0.15,86182.60900544954,56110.3847778788,9.433333333333334,5137.2,0.43333333333333335
1376,5636096,1311,74164.07779021567,47689.14064869931,7.71,4971.85,-0.00437497109578544,7436.541476905346,1.0482360477326438,2.335424e-05,0.94380426,3.0,0.39,0.23,0.23,0.15,,,,,
1377,5640192,1311,74164.07779021567,47689.14064869931,7.71,4971.85,-0.0033122387612820603,4690.863718867302,0.9913861046079546,2.334940672e-05,0.978831,3.0,0.39,0.23,0.23,0.15,,,,,
1378,5644288,1312,74470.49128672852,47875.97683870765,7.72,4994.55,-0.0060949646576773375,3351.356720328331,0.9866079555358738,2.334457344e-05,0.89196247,2.99,0.4,0.22,0.23,0.15,,,,,
1379,5648384,1314,73408.42091620348,47186.793014241295,7.68,4936.49,-0.004628222786777769,9258.829984664917,0.9791172944242135,2.333974016e-05,0.96445334,3.01,0.39,0.23,0.23,0.15,,,,,
1380,5652480,1314,73408.42091620348,47186.793014241295,7.68,4936.49,-0.004121207941352623,10204.587148547173,1.0130018449854106,2.333490688e-05,0.9655606,3.01,0.39,0.23,0.23,0.15,,,,,
1381,5656576,1315,73837.30073768603,47463.40439148876,7.71,4949.8,-0.003764733677598997,5491.941078424454,0.9146367287030444,2.33300736e-05,0.98111296,3.03,0.38,0.24,0.23,0.15,,,,,
1382,5660672,1315,73837.30073768603,47463.40439148876,7.71,4949.8,-0.005608292415672622,9755.240241348743,0.8891187701374292,2.3325240320000002e-05,0.9848608,3.03,0.38,0.24,0.23,0.15,,,,,
1383,5664768,1317,71271.52206644247,45778.243086657356,7.58,4847.31,-0.0063898401022015605,3865.4407227039337,1.0299836990889162,2.332040704e-05,0.8976847,2.99,0.4,0.23,0.22,0.15,,,,,
1384,5668864,1318,71023.9780993062,45619.68939492962,7.56,4842.38,-0.004896045702480478,6141.257157862186,1.0128211156697944,2.331557376e-05,0.92074305,2.97,0.41,0.22,0.22,0.15,,,,,
1385,5672960,1318,71023.9780993062,45619.68939492962,7.56,4842.38,-0.002151758840227558,9124.820543766022,0.9429451362229884,2.331074048e-05,0.9738239,2.97,0.41,0.22,0.22,0.15,,,,,
1386,5677056,1319,71897.06495349252,46178.487597118394,7.64,4881.77,-0.0044813581016569515,4475.007147550583,0.9023481019539759,2.33059072e-05,0.98200154,3.01,0.4,0.22,0.23,0.15,,,,,
1387,5681152,1319,71897.06495349252,46178.487597118394,7.64,4881.77,-0.0028428994610294467,6551.215048313141,0.9801889025839046,2.330107392e-05,0.98440826,3.01,0.4,0.22,0.23,0.15,,,,,
1388,5685248,1322,70688.13013048367,45409.20410272232,7.64,4828.32,-0.005205500525335083,3896.9246475696564,1.0068197110667825,2.329624064e-05,0.9019098,3.06,0.4,0.21,0.23,0.16,,,,,
1389,5689344,1323,71446.18704992773,45854.15585811218,7.66,4882.82,-0.004993937365725287,6626.963267892599,0.9451522727031261,2.329140736e-05,0.9522988,3.02,0.41,0.21,0.22,0.16,,,,,
1390,5693440,1323,71446.18704992773,45854.15585811218,7.66,4882.82,-0.0040494631093679345,9557.754859030247,0.9446947653777897,2.328657408e-05,0.97476256,3.02,0.41,0.21,0.22,0.16,,,,,
1391,5697536,1325,70601.35839751533,45311.20562538245,7.62,4827.83,-0.005432389431007323,3815.2316858768463,0.9047689358703792,2.32817408e-05,0.97358745,3.04,0.4,0.21,0.24,0.15,,,,,
1392,5701632,1325,70601.35839751533,45311.20562538245,7.62,4827.83,-0.003315921405373956,6277.031289994717,0.9249999392777681,2.327690752e-05,0.9572233,3.04,0.4,0.21,0.24,0.15,,,,,
1393,5705728,1325,70601.35839751533,45311.20562538245,7.62,4827.83,-0.0026625932569004362,18610.998102724552,0.8894916835706681,2.3272074240000002e-05,0.98054844,3.04,0.4,0.21,0.24,0.15,,,,,
1394,5709824,1327,70322.42163733032,45123.12959234749,7.58,4818.19,-0.003193992240994703,23666.760857999325,0.9747369309188798,2.326724096e-05,0.9248875,3.0,0.42,0.2,0.23,0.15,,,,,
1395,5713920,1328,68579.77971312111,44017.90862630739,7.51,4732.69,-0.004723579530946154,4423.518809437752,1.038573163212277,2.326240768e-05,0.96604615,3.02,0.41,0.21,0.23,0.15,,,,,
1396,5718016,1329,68260.39069377835,43822.41207449701,7.49,4720.84,-0.004011120563518489,4176.299284934998,0.9965474556665868,2.32575744e-05,0.97449374,3.01,0.41,0.21,0.23,0.15,,,,,
1397,5722112,1331,66618.2219401342,42789.924518357286,7.38,4641.48,-0.005974574445644976,2350.660013407469,0.9662633849075064,2.325274112e-05,0.9465016,2.98,0.41,0.22,0.22,0.15,,,,,
1398,5726208,1332,66118.05007607414,42446.38087607361,7.32,4632.73,-0.005603243655059487,2368.989853680134,0.9969930988736451,2.324790784e-05,0.9555981,2.92,0.42,0.22,0.22,0.14,,,,,
1399,5730304,1332,66118.05007607414,42446.38087607361,7.32,4632.73,-0.003882130853526178,6474.218925356865,1.004485699115321,2.324307456e-05,0.97814226,2.92,0.42,0.22,0.22,0.14,,,,,
1400,5734400,1333,66099.12898318755,42441.965813969895,7.31,4643.81,-0.0034705622019828297,8688.836339712143,0.9381115017458797,2.323824128e-05,0.9706132,2.9,0.42,0.23,0.21,0.14,70968.31675809063,46480.15636879181,8.766666666666667,4428.333333333333,0.3
1401,5738496,1333,66099.12898318755,42441.965813969895,7.31,4643.81,-0.0057864806503857835,2156.1945286393166,0.9731854132842273,2.3233408000000002e-05,0.97156924,2.9,0.42,0.23,0.21,0.14,,,,,
1402,5742592,1336,63479.495064359886,40764.25468908449,7.21,4502.47,-0.003956543039748794,5395.757576882839,1.0271155891241506,2.322857472e-05,0.96469164,2.96,0.41,0.23,0.21,0.15,,,,,
1403,5746688,1337,62744.825352591826,40327.95624490726,7.21,4449.64,-0.0040917792211985216,11051.92514526844,0.9589425876038149,2.322374144e-05,0.9787432,3.02,0.4,0.23,0.21,0.16,,,,,
1404,5750784,1338,63604.48877581705,40890.209129359326,7.25,4490.04,-0.004062761262503045,7046.515375435352,0.9672436272958294,2.321890816e-05,0.9786811,3.02,0.4,0.23,0.21,0.16,,,,,
1405,5754880,1338,63604.48877581705,40890.209129359326,7.25,4490.04,-0.0053272503000698634,4027.3146710395813,0.952217098325491,2.321407488e-05,0.98487914,3.02,0.4,0.23,0.21,0.16,,,,,
1406,5758976,1339,64545.75221083546,41489.975271711686,7.28,4538.86,-0.0030220296885090647,51624.27831578255,0.8371323511237279,2.32092416e-05,0.9642602,2.99,0.41,0.23,0.2,0.16,,,,,
1407,5763072,1340,64539.18022101429,41468.40505349341,7.27,4539.36,-0.00826301527376927,2412.7790353894234,0.9301705118268728,2.320440832e-05,0.9541204,2.97,0.42,0.22,0.2,0.16,,,,,
1408,5767168,1340,64539.18022101429,41468.40505349341,7.27,4539.36,-0.0033673688158160076,8862.663977146149,1.0064595605945215,2.3199575039999998e-05,0.9678577,2.97,0.42,0.22,0.2,0.16,,,,,
1409,5771264,1341,65959.07565426007,42370.56474011768,7.35,4616.0,-0.0022677055285384995,32984.56983923912,0.9513420548755676,2.319474176e-05,0.9579754,2.97,0.42,0.22,0.2,0.16,,,,,
1410,5775360,1341,65959.07565426007,42370.56474011768,7.35,4616.0,-0.004817745110813121,5664.450054705143,0.9112477819435298,2.318990848e-05,0.9593743,2.97,0.42,0.22,0.2,0.16,,,,,
1411,5779456,1342,65425.10796053146,42036.30500415164,7.32,4590.97,-0.005588200207057525,5273.524432897568,1.0194841814227402,2.31850752e-05,0.9736173,2.96,0.43,0.21,0.2,0.16,,,,,
1412,5783552,1342,65425.10796053146,42036.30500415164,7.32,4590.97,-0.003279656391896424,9986.422091186047,0.9395721359178424,2.3180241920000002e-05,0.9852279,2.96,0.43,0.21,0.2,0.16,,,,,
1413,5787648,1344,65193.93012551956,41894.4430460566,7.32,4563.23,-0.001865523761807708,98271.2745373249,0.970689833513461,2.317540864e-05,0.96348864,2.99,0.43,0.2,0.2,0.17,,,,,
1414,5791744,1345,65635.84833003435,42180.36970979172,7.35,4589.8,-0.004377335402750759,3024.0326531529427,0.8541483515873551,2.317057536e-05,0.97911847,2.99,0.43,0.2,0.2,0.17,,,,,
1415,5795840,1345,65635.84833003435,42180.36970979172,7.35,4589.8,-0.0012982259031559806,83856.72369909286,0.8979222631314769,2.316574208e-05,0.9746059,2.99,0.43,0.2,0.2,0.17,,,,,
1416,5799936,1346,66688.58825731406,42868.05671464531,7.45,4635.63,-0.005136146050062962,3404.425246179104,0.9534336148062721,2.31609088e-05,0.93725073,3.05,0.43,0.19,0.2,0.18,,,,,
1417,5804032,1346,66688.58825731406,42868.05671464531,7.45,4635.63,-0.0022378178928192938,8044.01527762413,0.9022705312818289,2.315607552e-05,0.9771753,3.05,0.43,0.19,0.2,0.18,,,,,
1418,5808128,1347,67435.3946370355,43348.65711932956,7.49,4672.76,-0.004947293248733331,19095.248885393143,0.9040787902195007,2.315124224e-05,0.85391295,3.06,0.42,0.2,0.2,0.18,,,,,
1419,5812224,1349,66695.33302277654,42867.11429942493,7.44,4628.4,-0.0027979674059679382,20769.791877150536,0.9537319814553484,2.314640896e-05,0.91185224,3.05,0.41,0.21,0.2,0.18,,,,,
1420,5816320,1349,66695.33302277654,42867.11429942493,7.44,4628.4,-0.005723913471229025,5367.828800201416,1.01817853434477,2.3141575680000002e-05,0.9485247,3.05,0.41,0.21,0.2,0.18,,,,,
1421,5820416,1349,66695.33302277654,42867.11429942493,7.44,4628.4,-0.005885050122742541,6625.418627202511,0.9083874060306698,2.31367424e-05,0.9854718,3.05,0.41,0.21,0.2,0.18,,,,,
1422,5824512,1350,68153.62396459213,43792.27899437108,7.52,4707.35,-0.002734335180321068,12908.599611222744,0.9279304394731298,2.313190912e-05,0.93935364,3.05,0.41,0.21,0.2,0.18,,,,,
1423,5828608,1350,68153.62396459213,43792.27899437108,7.52,4707.35,-0.005615930975181982,7811.98046207428,0.9759016553871334,2.312707584e-05,0.97491795,3.05,0.41,0.21,0.2,0.18,,,,,
1424,5832704,1352,68773.68111212013,44172.951285080286,7.5,4757.38,-0.003937724615752813,13449.516223788261,0.9842873846646398,2.312224256e-05,0.87562954,2.97,0.42,0.22,0.2,0.16,,,,,
1425,5836800,1353,68884.74719486182,44254.720398487225,7.53,4750.13,-0.004444185506145004,6885.4223527908325,0.903558885678649,2.311740928e-05,0.96039057,3.01,0.41,0.22,0.21,0.16,86067.21821815897,55926.03426795973,9.3,5025.633333333333,0.3
1426,5840896,1353,68884.74719486182,44254.720398487225,7.53,4750.13,-0.0028079687090212246,11834.414697945118,0.9287745270412415,2.3112576e-05,0.963663,3.01,0.41,0.22,0.21,0.16,,,,,
1427,5844992,1353,68884.74719486182,44254.720398487225,7.53,4750.13,-0.0022982184345892165,87682.44849836826,0.8395277318777516,2.3107742719999998e-05,0.9637249,3.01,0.41,0.22,0.21,0.16,,,,,
1428,5849088,1354,70966.19825267048,45579.27411266842,7.61,4857.4,-0.00467140558976098,9346.786009132862,0.9521417869254947,2.310290944e-05,0.9631523,2.98,0.41,0.23,0.2,0.16,,,,,
1429,5853184,1354,70966.19825267048,45579.27411266842,7.61,4857.4,-0.004507445542913047,14675.567642688751,0.8949318759841844,2.309807616e-05,0.9686568,2.98,0.41,0.23,0.2,0.16,,,,,
1430,5857280,1356,70990.30986126322,45566.113329810694,7.57,4863.66,-0.003232581842894433,13065.669254004955,0.9361123614944518,2.309324288e-05,0.90391487,2.93,0.41,0.24,0.2,0.15,,,,,
1431,5861376,1356,70990.30986126322,45566.113329810694,7.57,4863.66,-0.005883662573978654,4014.880476474762,0.9588766437955201,2.30884096e-05,0.97022283,2.93,0.41,0.24,0.2,0.15,,,,,
1432,5865472,1358,71256.44836785246,45677.35351448766,7.54,4891.2,-0.0082849827440441,2241.1519135832787,0.9923177504679188,2.308357632e-05,0.9288007,2.86,0.43,0.23,0.2,0.14,,,,,
1433,5869568,1358,71256.44836785246,45677.35351448766,7.54,4891.2,-0.0017734486691551865,20506.505180478096,0.8483494278043509,2.307874304e-05,0.97080535,2.86,0.43,0.23,0.2,0.14,,,,,
1434,5873664,1359,72106.62603313084,46220.96726009264,7.58,4920.92,-0.00255604490848782,98664.05215370655,0.9201718730619177,2.307390976e-05,0.9626627,2.87,0.43,0.23,0.2,0.14,,,,,
1435,5877760,1360,72619.60341984738,46563.93370721751,7.62,4952.77,-0.006896475150824699,3382.8138686418533,0.9701155342627317,2.306907648e-05,0.98352486,2.88,0.43,0.23,0.2,0.14,,,,,
1436,5881856,1360,72619.60341984738,46563.93370721751,7.62,4952.77,-0.003267691360633762,15082.019327640533,0.955568139674142,2.30642432e-05,0.95851314,2.88,0.43,0.23,0.2,0.14,,,,,
1437,5885952,1362,71327.69185963139,45699.845701925544,7.54,4886.23,-0.004729152260551928,8710.0393512249,0.9231080263853073,2.305940992e-05,0.98533785,2.86,0.44,0.22,0.2,0.14,,,,,
1438,5890048,1362,71327.69185963139,45699.845701925544,7.54,4886.23,-0.006177845584716124,4724.477282226086,1.016507395193912,2.305457664e-05,0.9785417,2.86,0.44,0.22,0.2,0.14,,,,,
1439,5894144,1362,71327.69185963139,45699.845701925544,7.54,4886.23,-0.0035572368715293123,14293.169554948807,1.0045995813561603,2.3049743360000002e-05,0.983561,2.86,0.44,0.22,0.2,0.14,,,,,
1440,5898240,1362,71327.69185963139,45699.845701925544,7.54,4886.23,-0.002484252181602642,156485.43110847473,0.8806431627599522,2.304491008e-05,0.9650196,2.86,0.44,0.22,0.2,0.14,,,,,
1441,5902336,1363,72485.1951321946,46439.829072535744,7.58,4935.21,-0.005852238780789776,5952.491114556789,0.9447909377049655,2.30400768e-05,0.8552642,2.86,0.44,0.22,0.2,0.14,,,,,
1442,5906432,1363,72485.1951321946,46439.829072535744,7.58,4935.21,-0.00240216258498549,13882.503205895424,0.9371078691910952,2.303524352e-05,0.9750916,2.86,0.44,0.22,0.2,0.14,,,,,
1443,5910528,1364,72553.20139725764,46488.65962968653,7.59,4928.39,-0.002336756022486952,28932.498765587807,0.9079960836097598,2.303041024e-05,0.96160656,2.87,0.43,0.23,0.2,0.14,,,,,
1444,5914624,1365,72236.03395298858,46303.20831303908,7.57,4912.6,-0.003004425072504091,7971.999215722084,0.9921085559763014,2.302557696e-05,0.9301887,2.87,0.43,0.23,0.2,0.14,,,,,
1445,5918720,1365,72236.03395298858,46303.20831303908,7.57,4912.6,-0.003278777418017853,13595.33900052309,0.8888088442618027,2.302074368e-05,0.97763693,2.87,0.43,0.23,0.2,0.14,,,,,
1446,5922816,1366,72676.52536860711,46583.76751263048,7.58,4938.55,-0.0012631582649191841,68037.14341807365,1.002788430894725,2.3015910399999998e-05,0.75869304,2.86,0.43,0.23,0.2,0.14,,,,,
1447,5926912,1367,72076.82772793097,46189.86409996324,7.55,4910.56,-0.005925090324126359,5621.563601613045,0.9960748949088156,2.301107712e-05,0.97071904,2.86,0.43,0.23,0.2,0.14,,,,,
1448,5931008,1367,72076.82772793097,46189.86409996324,7.55,4910.56,-0.0025348816152472864,24349.352500915527,0.854432451305911,2.300624384e-05,0.963226,2.86,0.43,0.23,0.2,0.14,,,,,
1449,5935104,1368,73014.62599652898,46774.53155058465,7.58,4957.5,-0.004019187968879123,6815.971837878227,1.0011666625505313,2.300141056e-05,0.946282,2.84,0.43,0.24,0.19,0.14,,,,,
1450,5939200,1369,73094.09285611559,46818.96538169428,7.59,4953.29,-0.0027842151775985258,8049.006621062756,0.9808322500903159,2.299657728e-05,0.95528305,2.85,0.42,0.25,0.19,0.14,72906.82384385013,47665.61044770083,8.766666666666667,4486.433333333333,0.26666666666666666
1451,5943296,1370,73232.13214060094,46899.31874238533,7.6,4954.87,-0.004207222109926079,9697.150891304016,0.9649488712893799,2.2991744e-05,0.96687245,2.85,0.42,0.25,0.19,0.14,,,,,
1452,5947392,1371,73325.93264738943,46961.07676188622,7.53,4966.56,-0.0034044659814753686,10503.820391535759,1.0104224074166268,2.298691072e-05,0.94557685,2.77,0.42,0.26,0.19,0.13,,,,,
1453,5951488,1372,73396.94895458981,47019.21997343814,7.55,4961.12,-0.0017741880801622756,26142.972558379173,0.92458815430291,2.298207744e-05,0.97193974,2.8,0.42,0.25,0.2,0.13,,,,,
1454,5955584,1373,74533.77666725944,47752.773668990034,7.64,5010.86,-0.0012419491004038719,41094.87549829483,1.0173834136221558,2.297724416e-05,0.95169395,2.84,0.42,0.24,0.2,0.14,,,,,
1455,5959680,1375,73600.60351397426,47154.02442153258,7.56,4946.99,-0.004184387553323177,5930.992098748684,1.0171414026990533,2.297241088e-05,0.97078216,2.83,0.41,0.26,0.19,0.14,,,,,
1456,5963776,1377,72635.50927767133,46590.08258648472,7.56,4878.36,-0.00186872347148892,9090.752806663513,0.9687779747182503,2.29675776e-05,0.9692912,2.91,0.4,0.25,0.2,0.15,,,,,
1457,5967872,1377,72635.50927767133,46590.08258648472,7.56,4878.36,-0.0019275035215287062,14194.896087944508,0.9316540629370138,2.296274432e-05,0.9741057,2.91,0.4,0.25,0.2,0.15,,,,,
1458,5971968,1379,72034.63947937488,46254.3830366079,7.55,4831.78,-0.0033964698650379432,8881.804052054882,1.0348385862307623,2.2957911040000002e-05,0.8879246,2.95,0.4,0.24,0.2,0.16,,,,,
1459,5976064,1380,72517.09554244525,46539.13826446484,7.58,4859.67,-0.004545841385152016,3060.6507259607315,0.9304499314166605,2.295307776e-05,0.96822065,2.95,0.4,0.24,0.2,0.16,,,,,
1460,5980160,1381,72042.5128599961,46232.644042390566,7.54,4849.77,-0.004769083249811956,4991.317487716675,1.0109362923540175,2.294824448e-05,0.94318104,2.91,0.41,0.24,0.19,0.16,,,,,
1461,5984256,1381,72042.5128599961,46232.644042390566,7.54,4849.77,-0.003589883320273657,9935.88520371914,0.9810534968273714,2.29434112e-05,0.9477829,2.91,0.41,0.24,0.19,0.16,,,,,
1462,5988352,1384,71403.76538163444,45843.71251109247,7.52,4799.71,-0.003870710316732584,7053.735858023167,1.0631597366882488,2.293857792e-05,0.9097861,2.95,0.4,0.24,0.2,0.16,,,,,
1463,5992448,1385,71333.75753616693,45798.59145757841,7.53,4792.2,-0.006065820605726913,1549.319545775652,1.0300684473477304,2.293374464e-05,0.96084434,2.97,0.4,0.23,0.21,0.16,,,,,
1464,5996544,1386,71527.13695578142,45892.02748982682,7.51,4813.88,-0.005551938533244538,2948.861346721649,0.8799773970386013,2.292891136e-05,0.96050483,2.92,0.41,0.23,0.21,0.15,,,,,
1465,6000640,1387,71553.96367953443,45913.73794363802,7.48,4829.55,-0.0028869694651803,4611.088511943817,0.9325792423915118,2.2924078079999998e-05,0.95485324,2.87,0.42,0.23,0.21,0.14,,,,,
1466,6004736,1387,71553.96367953443,45913.73794363802,7.48,4829.55,-0.0012528459428722272,13970.416818380356,0.889195496449247,2.29192448e-05,0.9799285,2.87,0.42,0.23,0.21,0.14,,,,,
1467,6008832,1388,71530.41711804822,45903.954480378015,7.48,4824.18,-0.0020049793374710134,20146.015490233898,0.9285876384237781,2.291441152e-05,0.97187465,2.87,0.42,0.23,0.21,0.14,,,,,
1468,6012928,1388,71530.41711804822,45903.954480378015,7.48,4824.18,-0.005312401786795817,6854.727950274944,0.9798158495686948,2.290957824e-05,0.9690722,2.87,0.42,0.23,0.21,0.14,,,,,
1469,6017024,1389,72885.87805347808,46743.10723718562,7.53,4908.37,-0.0021228068999334937,23351.749781131744,0.8871887429850176,2.290474496e-05,0.98171794,2.83,0.43,0.23,0.2,0.14,,,,,
1470,6021120,1391,72833.41136476907,46690.541123947165,7.5,4918.33,-0.0059313590072633815,4250.040825664997,1.0899024198297411,2.289991168e-05,0.895615,2.78,0.44,0.24,0.18,0.14,,,,,
1471,6025216,1392,72250.65201545952,46321.97388277143,7.46,4884.11,-0.005006823663279647,3032.335171043873,0.9307502291630954,2.28950784e-05,0.8946243,2.78,0.44,0.24,0.18,0.14,,,,,
1472,6029312,1394,71066.25725721639,45576.05466728222,7.38,4816.6,-0.005981909976981115,3182.3418229222298,0.9560376962181181,2.289024512e-05,0.8773264,2.77,0.44,0.24,0.18,0.14,,,,,
1473,6033408,1395,70927.56546485981,45480.79649786271,7.36,4818.28,-0.004626213583833305,7173.205006837845,0.9780367355560884,2.288541184e-05,0.9551794,2.74,0.45,0.24,0.17,0.14,,,,,
1474,6037504,1396,70060.26969799836,44934.61098451184,7.31,4768.61,-0.005439115146145923,9031.020076692104,0.9350451924838126,2.288057856e-05,0.9787527,2.74,0.45,0.24,0.17,0.14,,,,,
1475,6041600,1397,70821.15112258513,45469.053037776735,7.37,4787.66,-0.002344481777981855,44762.86196351051,0.9687040810240433,2.287574528e-05,0.9566712,2.79,0.44,0.24,0.17,0.15,71917.42776954056,46778.30901565913,8.733333333333333,4422.9,0.2
1476,6045696,1397,70821.15112258513,45469.053037776735,7.37,4787.66,-0.003531754848154378,7691.058516204357,0.9980552054475993,2.2870912e-05,0.95646983,2.79,0.44,0.24,0.17,0.15,,,,,
1477,6049792,1398,71968.0445707946,46172.15806488866,7.4,4852.11,-0.00151093100066646,20977.23591041565,0.9087360460544005,2.2866078720000002e-05,0.9789357,2.75,0.44,0.25,0.17,0.14,,,,,
1478,6053888,1399,71262.1618028076,45705.42431011466,7.35,4819.27,-0.005352922377824143,4287.4037296772,1.001921186922118,2.286124544e-05,0.9287787,2.73,0.44,0.26,0.16,0.14,,,,,
1479,6057984,1400,71753.35808843505,46004.59874891255,7.35,4857.46,-0.005633030716126086,3154.7692767977715,0.9510255237109959,2.285641216e-05,0.96413153,2.69,0.44,0.27,0.16,0.13,,,,,
1480,6062080,1401,71198.37345396951,45644.696399998546,7.32,4831.76,-0.0022361482469932525,12493.278653979301,0.9447369519621134,2.285157888e-05,0.915488,2.69,0.44,0.27,0.16,0.13,,,,,
1481,6066176,1401,71198.37345396951,45644.696399998546,7.32,4831.76,-0.005388246407164843,1817.6472028493881,0.9526110988808796,2.28467456e-05,0.98183066,2.69,0.44,0.27,0.16,0.13,,,,,
1482,6070272,1402,72085.20945209649,46219.88063298155,7.38,4880.98,-0.0026776467725539987,12740.686851143837,0.9488082196330652,2.284191232e-05,0.9510813,2.7,0.43,0.28,0.16,0.13,,,,,
1483,6074368,1402,72085.20945209649,46219.88063298155,7.38,4880.98,-0.0043141569794897805,7158.64282053709,0.9638412126805633,2.283707904e-05,0.98211277,2.7,0.43,0.28,0.16,0.13,,,,,
1484,6078464,1403,72628.22933132832,46550.536087219174,7.41,4905.55,-0.002923348226431699,12596.542464375496,0.9358413757290691,2.2832245759999998e-05,0.9690369,2.7,0.43,0.28,0.16,0.13,,,,,
1485,6082560,1404,73330.42260494408,46989.45680531052,7.46,4935.18,-0.0035449667939246865,11343.269311606884,0.8999349784571677,2.282741248e-05,0.9798029,2.72,0.42,0.29,0.16,0.13,,,,,
1486,6086656,1404,73330.42260494408,46989.45680531052,7.46,4935.18,-0.0033049912462956854,5195.091709852219,0.8762405618326738,2.28225792e-05,0.97650295,2.72,0.42,0.29,0.16,0.13,,,,,
1487,6090752,1404,73330.42260494408,46989.45680531052,7.46,4935.18,-0.0012408493103066576,30196.90786743164,0.8959439967293292,2.281774592e-05,0.97739637,2.72,0.42,0.29,0.16,0.13,,,,,
1488,6094848,1405,73681.49883596374,47206.23454808404,7.47,4947.86,-0.00275123131723376,53302.90474689007,0.9104053098708391,2.281291264e-05,0.9737102,2.72,0.42,0.29,0.16,0.13,,,,,
1489,6098944,1405,73681.49883596374,47206.23454808404,7.47,4947.86,-0.005356667523301439,4790.127357244492,0.913125072256662,2.280807936e-05,0.972422,2.72,0.42,0.29,0.16,0.13,,,,,
1490,6103040,1406,73503.28644613069,47070.25950166826,7.46,4937.87,-0.005225319324381417,12507.783866465092,1.0110628893598914,2.280324608e-05,0.96607625,2.72,0.42,0.29,0.16,0.13,,,,,
1491,6107136,1408,72693.91806071799,46585.79490084786,7.46,4880.89,-0.004146339688304579,5060.256150066853,0.977190476260148,2.27984128e-05,0.94618326,2.79,0.4,0.3,0.16,0.14,,,,,
1492,6111232,1409,73252.91361031574,46931.2585524572,7.47,4927.16,-0.005853187243701541,5175.044811695814,1.027301932219416,2.2793579520000002e-05,0.91876376,2.75,0.41,0.3,0.15,0.14,,,,,
1493,6115328,1409,73252.91361031574,46931.2585524572,7.47,4927.16,-0.00493535534133116,4889.574837207794,0.8639625940704718,2.2788746240000003e-05,0.96771306,2.75,0.41,0.3,0.15,0.14,,,,,
1494,6119424,1410,73406.88313465804,47015.54510822964,7.48,4927.71,-0.00171416665216384,18187.029115259647,0.9316345570841804,2.278391296e-05,0.97726005,2.76,0.4,0.31,0.15,0.14,,,,,
1495,6123520,1411,73030.22971369752,46781.16342748714,7.47,4907.59,-0.0021821201144121005,14400.584408521652,0.897738971048966,2.277907968e-05,0.9768388,2.77,0.4,0.3,0.16,0.14,,,,,
1496,6127616,1412,71878.65555852847,46074.807114191026,7.43,4831.44,-0.002703950774957775,12519.794469237328,0.8814043384045362,2.2774246400000002e-05,0.9720669,2.81,0.39,0.3,0.17,0.14,,,,,
1497,6131712,1414,71916.60948670925,46113.755880430996,7.47,4823.23,-0.004890575815807097,9444.213171184063,0.9611421540612355,2.276941312e-05,0.96540856,2.86,0.38,0.29,0.19,0.14,,,,,
1498,6135808,1414,71916.60948670925,46113.755880430996,7.47,4823.23,-0.0033381773455403163,10059.558314919472,0.9636488090036437,2.276457984e-05,0.9736643,2.86,0.38,0.29,0.19,0.14,,,,,
1499,6139904,1415,72255.43261881397,46338.350710349616,7.49,4833.89,-0.0023668983976676827,11616.714762568474,0.8963267204817384,2.275974656e-05,0.97919464,2.87,0.38,0.28,0.2,0.14,,,,,
1500,6144000,1416,71905.11912451267,46150.328333118996,7.49,4802.1,-0.004597283806106134,8613.639037668705,0.9501793136587366,2.275491328e-05,0.96424484,2.9,0.37,0.28,0.21,0.14,64875.47886505217,42381.83949977792,8.4,4128.933333333333,0.36666666666666664
1501,6148096,1419,70874.2978000384,45512.70695068511,7.48,4727.51,-0.005452992189930228,5817.325789272785,1.078281404566951,2.275008e-05,0.96515024,2.97,0.35,0.3,0.2,0.15,,,,,
1502,6152192,1420,70077.28210846525,45028.50335781227,7.47,4669.38,-0.005662919228598184,3470.3598219156265,1.0100310256239027,2.274524672e-05,0.9716318,3.02,0.34,0.3,0.2,0.16,,,,,
1503,6156288,1421,70617.62350130289,45375.175700077234,7.5,4705.82,-0.004459671594304382,7466.89543813467,0.9902464770711958,2.274041344e-05,0.97473484,3.01,0.34,0.31,0.19,0.16,,,,,
1504,6160384,1423,70778.19187080878,45513.42314570345,7.53,4695.88,-0.005333898039680207,4842.478125393391,0.904603453585878,2.2735580160000002e-05,0.9888535,3.05,0.33,0.31,0.2,0.16,,,,,
1505,6164480,1423,70778.19187080878,45513.42314570345,7.53,4695.88,-0.004950854334310861,6707.841532409191,0.950129461591132,2.273074688e-05,0.9732175,3.05,0.33,0.31,0.2,0.16,,,,,
1506,6168576,1425,70805.14534943107,45522.02595324464,7.5,4710.59,-0.0028005265648971545,11858.11731159687,0.9113393714651465,2.27259136e-05,0.9568538,3.0,0.34,0.32,0.18,0.16,,,,,
1507,6172672,1425,70805.14534943107,45522.02595324464,7.5,4710.59,-0.004014402145912754,4256.519088506699,0.9736498041311279,2.272108032e-05,0.9668156,3.0,0.34,0.32,0.18,0.16,,,,,
1508,6176768,1426,70356.56015729142,45231.67396247755,7.48,4696.64,-0.0007445729670507717,87262.5255253315,0.9174113814951852,2.271624704e-05,0.84931237,3.0,0.34,0.32,0.18,0.16,,,,,
1509,6180864,1426,70356.56015729142,45231.67396247755,7.48,4696.64,-0.005175126071662817,3441.1599045693874,0.8970478011760861,2.271141376e-05,0.97681713,3.0,0.34,0.32,0.18,0.16,,,,,
1510,6184960,1426,70356.56015729142,45231.67396247755,7.48,4696.64,-0.0025056053900698316,21233.287618398666,0.8874718224396929,2.270658048e-05,0.9675034,3.0,0.34,0.32,0.18,0.16,,,,,
1511,6189056,1428,71799.35560206824,46157.879406652144,7.54,4754.63,-0.002972135351228644,64875.771854281425,0.9432279637549073,2.27017472e-05,0.9410063,3.01,0.33,0.33,0.18,0.16,,,,,
1512,6193152,1428,71799.35560206824,46157.879406652144,7.54,4754.63,-0.0036792245864489814,7314.122383475304,0.9470356402453035,2.2696913920000003e-05,0.96020114,3.01,0.33,0.33,0.18,0.16,,,,,
1513,6197248,1429,72640.26420344981,46683.65914925541,7.57,4803.63,-0.004491244946621009,10542.15295702219,0.9471178117673844,2.269208064e-05,0.97504944,2.99,0.33,0.34,0.17,0.16,,,,,
1514,6201344,1429,72640.26420344981,46683.65914925541,7.57,4803.63,-0.0031290475108107785,26307.789870738983,0.9198966858675703,2.268724736e-05,0.96851104,2.99,0.33,0.34,0.17,0.16,,,,,
1515,6205440,1431,73739.99956956677,47418.12670686579,7.68,4830.91,-0.002008347741139005,72026.3249310255,0.9965615704422817,2.2682414080000002e-05,0.9187868,3.08,0.32,0.33,0.17,0.18,,,,,
1516,6209536,1431,73739.99956956677,47418.12670686579,7.68,4830.91,-0.006893789121022564,4512.001714348793,0.9768420102773234,2.26775808e-05,0.9834703,3.08,0.32,0.33,0.17,0.18,,,,,
1517,6213632,1432,74095.1672793427,47630.67576249598,7.71,4841.02,-0.0027660913938234444,2605.898100376129,0.996869376860559,2.267274752e-05,0.95819056,3.1,0.31,0.34,0.17,0.18,,,,,
1518,6217728,1432,74095.1672793427,47630.67576249598,7.71,4841.02,-0.0031711550182080828,7002.608114242554,0.980692476616241,2.266791424e-05,0.9760102,3.1,0.31,0.34,0.17,0.18,,,,,
1519,6221824,1433,74127.91169343435,47631.57503619778,7.71,4846.27,-0.00340442951892328,9710.111282527447,0.9864996848627925,2.266308096e-05,0.97767127,3.09,0.32,0.33,0.17,0.18,,,,,
1520,6225920,1435,74482.1074913082,47884.702367419784,7.73,4855.14,-0.004611325996393134,12619.743074178696,0.9842558007221669,2.265824768e-05,0.9529135,3.1,0.31,0.34,0.17,0.18,,,,,
1521,6230016,1437,74555.714063478,47901.32349727405,7.66,4871.04,-0.004882061302851071,5222.457272708416,0.9702705743256956,2.26534144e-05,0.93903154,3.01,0.32,0.35,0.17,0.16,,,,,
1522,6234112,1439,72137.84604572083,46343.982199906495,7.55,4754.66,-0.00530670476382511,4554.950560808182,1.0137489783810452,2.264858112e-05,0.9472452,3.02,0.32,0.35,0.17,0.16,,,,,
1523,6238208,1439,72137.84604572083,46343.982199906495,7.55,4754.66,-0.0029023425850027706,9143.876662194729,0.9737637005746365,2.2643747840000002e-05,0.9860816,3.02,0.32,0.35,0.17,0.16,,,,,
1524,6242304,1440,73184.71488225042,47026.2027879207,7.62,4790.72,-0.0022241814385779435,28056.340719223022,0.9045610211323947,2.263891456e-05,0.9853727,3.06,0.31,0.35,0.18,0.16,,,,,
1525,6246400,1441,72391.77634503531,46529.5780836988,7.59,4748.42,-0.0033973980662267422,8353.657729804516,0.9469608531799167,2.263408128e-05,0.97265154,3.08,0.3,0.36,0.18,0.16,62299.02998086941,40839.93054225472,8.333333333333334,4038.733333333333,0.23333333333333334
1526,6250496,1441,72391.77634503531,46529.5780836988,7.59,4748.42,-0.00528693341948383,2650.3323638141155,0.9055817216867581,2.2629248e-05,0.97278404,3.08,0.3,0.36,0.18,0.16,,,,,
1527,6254592,1442,73031.30086680828,46928.81816752088,7.62,4783.28,-0.0030216933373594657,12951.545894742012,0.8749108444899321,2.262441472e-05,0.9471223,3.08,0.3,0.36,0.18,0.16,,,,,
1528,6258688,1443,71636.33850246962,46044.36474827471,7.55,4730.33,-0.004908523060294101,6601.342154920101,0.8939256285084412,2.261958144e-05,0.94261754,3.06,0.3,0.37,0.17,0.16,,,,,
1529,6262784,1443,71636.33850246962,46044.36474827471,7.55,4730.33,-0.004296985400287667,5241.4296416938305,0.9986787250963971,2.261474816e-05,0.968354,3.06,0.3,0.37,0.17,0.16,,,,,
1530,6266880,1445,71695.75844457827,46090.29989314138,7.55,4729.83,-0.003578265841497341,12369.873169720173,1.0254721448291093,2.2609914879999998e-05,0.9468015,3.07,0.29,0.38,0.18,0.15,,,,,
1531,6270976,1446,71343.7320141069,45865.95541978068,7.51,4725.23,-0.002945444906799821,13960.664506018162,0.9007472741650417,2.2605081600000002e-05,0.9633807,3.03,0.29,0.38,0.19,0.14,,,,,
1532,6275072,1446,71343.7320141069,45865.95541978068,7.51,4725.23,-0.00326838829278131,10804.67718654871,0.9673779378645122,2.260024832e-05,0.9745276,3.03,0.29,0.38,0.19,0.14,,,,,
1533,6279168,1447,71329.57024493102,45859.1979953464,7.51,4724.34,-0.0019301313968753675,16026.436785578728,0.9460275074234232,2.259541504e-05,0.93653506,3.03,0.29,0.38,0.19,0.14,,,,,
1534,6283264,1449,71013.2518255642,45669.79132795829,7.48,4713.94,-0.006631870057390188,4982.842846632004,0.9942030976526439,2.2590581760000002e-05,0.954637,3.01,0.3,0.37,0.2,0.13,,,,,
1535,6287360,1449,71013.2518255642,45669.79132795829,7.48,4713.94,-0.0033739136742951814,8224.05847465992,0.872760470607318,2.258574848e-05,0.9756048,3.01,0.3,0.37,0.2,0.13,,,,,
1536,6291456,1449,71013.2518255642,45669.79132795829,7.48,4713.94,-0.0019453973836789373,101458.15618991852,0.8762451814254746,2.25809152e-05,0.94836646,3.01,0.3,0.37,0.2,0.13,,,,,
1537,6295552,1450,71158.5611830974,45797.9331530709,7.5,4701.44,-0.002864704913008609,9549.24790430069,0.9254089947789907,2.257608192e-05,0.8971158,3.05,0.29,0.37,0.21,0.13,,,,,
1538,6299648,1450,71158.5611830974,45797.9331530709,7.5,4701.44,-0.0047849320776549575,6413.494149148464,0.9418664178811014,2.257124864e-05,0.9870106,3.05,0.29,0.37,0.21,0.13,,,,,
1539,6303744,1451,72272.70312268448,46520.79988613014,7.55,4737.73,-0.0008465259561489802,98480.57224035263,0.8790699322707951,2.2566415360000003e-05,0.9359583,3.07,0.28,0.38,0.21,0.13,,,,,
1540,6307840,1452,72583.50659694949,46741.42356315667,7.58,4758.06,-0.004095777530892519,7721.398515403271,0.9974588712211698,2.256158208e-05,0.9288355,3.08,0.28,0.37,0.22,0.13,,,,,
1541,6311936,1454,70125.8000358862,45178.287806985965,7.46,4639.56,-0.0065272646461380646,4644.656182587147,1.059440876240842,2.2556748799999998e-05,0.93771386,3.08,0.29,0.36,0.21,0.14,,,,,
1542,6316032,1456,68769.63049100315,44339.13943405536,7.4,4557.13,-0.00771660636382876,1674.0994091033936,0.9590398357249796,2.2551915520000002e-05,0.9668464,3.1,0.29,0.35,0.22,0.14,,,,,
1543,6320128,1457,68642.00882788266,44260.86724061745,7.39,4549.7,-0.002839965197381389,3712.051781117916,0.9881614212645218,2.254708224e-05,0.94651455,3.1,0.29,0.35,0.22,0.14,,,,,
1544,6324224,1458,68835.60996689991,44395.97504797155,7.41,4560.27,-0.005630666463730449,2495.6037296652794,0.9849152183160186,2.254224896e-05,0.9583622,3.11,0.28,0.36,0.22,0.14,,,,,
1545,6328320,1458,68835.60996689991,44395.97504797155,7.41,4560.27,-0.002623173662868794,5469.900655448437,0.9208711124956608,2.253741568e-05,0.98072404,3.11,0.28,0.36,0.22,0.14,,,,,
1546,6332416,1459,68812.25065626227,44351.25619257093,7.38,4587.3,-0.0038744628473068587,10216.098525583744,0.9445695322938263,2.25325824e-05,0.95954204,3.05,0.29,0.36,0.22,0.13,,,,,
1547,6336512,1460,68850.19134113984,44367.48509222808,7.39,4585.46,-0.005506276995220105,4863.065835475922,0.9729394163005054,2.252774912e-05,0.96891326,3.06,0.29,0.36,0.21,0.14,,,,,
1548,6340608,1460,68850.19134113984,44367.48509222808,7.39,4585.46,-0.004029096724480041,6359.3589869737625,0.926303218700923,2.252291584e-05,0.9720832,3.06,0.29,0.36,0.21,0.14,,,,,
1549,6344704,1462,68452.75196741987,44151.6636215806,7.41,4565.48,-0.002259366910038807,9675.069901108742,0.9879905458074063,2.2518082559999998e-05,0.96451753,3.11,0.28,0.36,0.21,0.15,,,,,
1550,6348800,1463,66781.65896878678,43110.657884062,7.38,4471.2,-0.002755450492259115,17135.76918464899,0.8833243696717545,2.2513249280000002e-05,0.9693217,3.17,0.27,0.36,0.21,0.16,68980.06202945558,45289.70640963369,8.6,4367.633333333333,0.3333333333333333
1551,6352896,1467,63498.88150014619,41023.69823333863,7.3,4287.86,-0.003830801231742953,9848.143961548805,1.034636358381249,2.2508416e-05,0.8535588,3.28,0.27,0.35,0.19,0.19,,,,,
1552,6356992,1467,63498.88150014619,41023.69823333863,7.3,4287.86,-0.005252881976048229,4158.5458208322525,0.9597683324245736,2.250358272e-05,0.9821388,3.28,0.27,0.35,0.19,0.19,,,,,
1553,6361088,1467,63498.88150014619,41023.69823333863,7.3,4287.86,-0.0014084530757827451,53626.30944776535,0.8323519355617464,2.2498749440000002e-05,0.96795094,3.28,0.27,0.35,0.19,0.19,,,,,
1554,6365184,1468,64308.82082457357,41541.85541993427,7.33,4316.42,-0.0028688532493106322,112914.77326750755,0.9563666062895209,2.249391616e-05,0.9620828,3.28,0.27,0.35,0.19,0.19,,,,,
1555,6369280,1469,64299.192745614775,41528.69604785156,7.34,4307.49,-0.0037178479333306313,12587.21038532257,0.9544032029807568,2.248908288e-05,0.9741139,3.31,0.27,0.34,0.2,0.19,,,,,
1556,6373376,1469,64299.192745614775,41528.69604785156,7.34,4307.49,-0.0041830355808087916,4433.196961760521,0.9303920853417367,2.24842496e-05,0.9740653,3.31,0.27,0.34,0.2,0.19,,,,,
1557,6377472,1471,64168.88314792651,41481.669563193245,7.4,4298.72,-0.005401361586336861,8906.734453260899,0.952207398135215,2.247941632e-05,0.93242717,3.38,0.27,0.33,0.2,0.2,,,,,
1558,6381568,1472,64013.51952024221,41363.63640404136,7.37,4304.83,-0.004971502015905571,8208.59852051735,0.9545743861235678,2.2474583040000003e-05,0.9272307,3.34,0.28,0.33,0.19,0.2,,,,,
1559,6385664,1472,64013.51952024221,41363.63640404136,7.37,4304.83,-0.0033988178638537647,10975.94472771883,0.8635363623034209,2.246974976e-05,0.96221703,3.34,0.28,0.33,0.19,0.2,,,,,
1560,6389760,1473,63937.3121289112,41289.09805603815,7.34,4319.3,-0.004974796170245099,6177.916244089603,0.9594489518785849,2.2464916479999998e-05,0.969772,3.29,0.28,0.34,0.19,0.19,,,,,
1561,6393856,1475,64431.99741359295,41595.91445615762,7.38,4361.47,-0.004199718936433783,3138.9484988451004,0.9808976794593036,2.2460083200000002e-05,0.95281047,3.28,0.29,0.33,0.19,0.19,,,,,
1562,6397952,1476,64293.99475479815,41493.68139445825,7.35,4368.03,-0.0046206499537220225,2859.5825612545013,1.0091429570456967,2.245524992e-05,0.9647487,3.24,0.3,0.33,0.18,0.19,,,,,
1563,6402048,1477,63925.26477660691,41247.28403911399,7.32,4344.98,-0.0028824937508034054,11967.912776768208,0.9395789207192138,2.245041664e-05,0.97556186,3.23,0.3,0.33,0.19,0.18,,,,,
1564,6406144,1479,64144.7287730533,41383.92512021325,7.33,4367.58,-0.003137338761916908,8159.218392431736,1.0253061602124944,2.244558336e-05,0.8915428,3.22,0.3,0.33,0.2,0.17,,,,,
1565,6410240,1481,63224.5835061477,40832.2823190128,7.33,4292.07,-0.004175840243988205,6988.2941145300865,1.0952110873768106,2.244075008e-05,0.95116895,3.3,0.29,0.32,0.21,0.18,,,,,
1566,6414336,1482,62814.92570412145,40571.56251589107,7.31,4269.27,-0.004511737425673346,4205.187352955341,0.9308831025846303,2.24359168e-05,0.9443659,3.31,0.29,0.32,0.21,0.18,,,,,
1567,6418432,1483,63055.49110676268,40734.269663107574,7.34,4282.27,-0.0076165548653079895,1339.1501067876816,1.0135953084100038,2.243108352e-05,0.9756799,3.33,0.28,0.33,0.21,0.18,,,,,
1568,6422528,1484,63932.3132806573,41267.1265339407,7.37,4340.27,-0.003015889804373728,6631.063267886639,0.8612514783162624,2.2426250239999998e-05,0.9848229,3.29,0.29,0.33,0.2,0.18,,,,,
1569,6426624,1484,63932.3132806573,41267.1265339407,7.37,4340.27,-0.006120400410509319,6386.746628403664,0.9695207772310823,2.2421416960000002e-05,0.96880347,3.29,0.29,0.33,0.2,0.18,,,,,
1570,6430720,1485,65050.63103975076,41972.30556832709,7.42,4415.92,-0.002929128058895003,8436.540041804314,0.9411542859161273,2.241658368e-05,0.9707519,3.26,0.3,0.33,0.19,0.18,,,,,
1571,6434816,1485,65050.63103975076,41972.30556832709,7.42,4415.92,-0.003516979539199383,5665.2095257639885,0.960962587967515,2.24117504e-05,0.9853584,3.26,0.3,0.33,0.19,0.18,,,,,
1572,6438912,1486,66264.53612142697,42772.00586392604,7.49,4454.62,-0.0012330351582932053,73209.94713544846,0.8891921433387324,2.240691712e-05,0.9658752,3.3,0.29,0.33,0.2,0.18,,,,,
1573,6443008,1486,66264.53612142697,42772.00586392604,7.49,4454.62,-0.0044129821976639505,3011.927318364382,0.8964937686687335,2.240208384e-05,0.9771435,3.3,0.29,0.33,0.2,0.18,,,,,
1574,6447104,1487,66813.77803864393,43110.14065780586,7.52,4487.4,-0.00274355750389077,11985.467738091946,1.0094401682727039,2.239725056e-05,0.9436891,3.3,0.29,0.33,0.2,0.18,,,,,
1575,6451200,1490,64226.71305430412,41497.204551883246,7.42,4339.33,-0.005730897394641943,6965.620683252811,0.9720197768183425,2.239241728e-05,0.90285695,3.36,0.28,0.32,0.22,0.18,85811.31597746226,55843.41488078564,9.2,4922.633333333333,0.43333333333333335
1576,6455296,1490,64226.71305430412,41497.204551883246,7.42,4339.33,-0.003950317748603993,4321.858884871006,0.912647109827958,2.2387584e-05,0.9650882,3.36,0.28,0.32,0.22,0.18,,,,,
1577,6459392,1491,65013.54029082426,41996.40775064166,7.46,4382.75,-0.002330362214706838,13113.462478637695,0.8622804536717013,2.238275072e-05,0.97576886,3.36,0.28,0.32,0.22,0.18,,,,,
1578,6463488,1491,65013.54029082426,41996.40775064166,7.46,4382.75,-0.005082672258140519,4086.212654709816,0.8852238183608279,2.237791744e-05,0.97690505,3.36,0.28,0.32,0.22,0.18,,,,,
1579,6467584,1492,65273.60406426509,42175.10861931784,7.48,4403.09,-0.005307948425070208,4249.877399086952,0.9257832355797291,2.2373084159999998e-05,0.91363335,3.36,0.28,0.32,0.22,0.18,,,,,
1580,6471680,1493,65780.41410211839,42493.40342874902,7.52,4433.3,-0.0023698427339695627,13515.46855956316,0.9650215407600626,2.2368250880000002e-05,0.9122842,3.37,0.27,0.33,0.22,0.18,,,,,
1581,6475776,1495,65464.45812827096,42294.938597716224,7.5,4408.54,-0.00853407464819611,1686.972359418869,0.9407649586210027,2.23634176e-05,0.9670997,3.38,0.26,0.34,0.22,0.18,,,,,
1582,6479872,1496,65859.45591174597,42536.19125694558,7.52,4438.67,-0.0025846107801044127,11539.611230373383,0.9602328650653362,2.235858432e-05,0.9572503,3.37,0.27,0.33,0.22,0.18,,,,,
1583,6483968,1497,65118.25244774925,42044.42771064606,7.5,4399.92,-0.004739279279419861,6291.052602052689,0.9378090256359428,2.235375104e-05,0.97993046,3.38,0.27,0.33,0.22,0.18,,,,,
1584,6488064,1497,65118.25244774925,42044.42771064606,7.5,4399.92,-0.002668169613571081,15193.21240413189,0.8945194451371208,2.234891776e-05,0.9741396,3.38,0.27,0.33,0.22,0.18,,,,,
1585,6492160,1499,65180.54002546091,42097.393199190505,7.53,4396.98,-0.0019341901806910755,14982.46190392971,0.8962982927914709,2.234408448e-05,0.96819174,3.41,0.27,0.32,0.22,0.19,,,,,
1586,6496256,1503,62351.024034746464,40358.02813548804,7.44,4206.45,-0.003002720007316384,10281.387633740902,0.9075680208625272,2.23392512e-05,0.95141816,3.52,0.26,0.3,0.23,0.21,,,,,
1587,6500352,1504,61699.0854301241,39937.743278931746,7.39,4178.89,-0.006305347149464069,3251.7559430003166,0.9825886531034485,2.2334417919999998e-05,0.9528691,3.5,0.27,0.29,0.23,0.21,,,,,
1588,6504448,1504,61699.0854301241,39937.743278931746,7.39,4178.89,-0.002975659445837664,20620.46314585209,0.9081097982125357,2.2329584640000002e-05,0.9652348,3.5,0.27,0.29,0.23,0.21,,,,,
1589,6508544,1506,59910.661992772446,38861.67591579203,7.32,4075.88,-0.004963680752553046,14028.985292673111,1.0102585272397846,2.232475136e-05,0.95598996,3.54,0.26,0.29,0.24,0.21,,,,,
1590,6512640,1506,59910.661992772446,38861.67591579203,7.32,4075.88,-0.004106273746401712,3817.8190025687218,0.9686151613714173,2.231991808e-05,0.98585176,3.54,0.26,0.29,0.24,0.21,,,,,
1591,6516736,1507,61010.066503958566,39577.37226676609,7.38,4121.05,-0.001882286438558367,44180.46577143669,0.9042058537015691,2.23150848e-05,0.96914625,3.56,0.26,0.28,0.25,0.21,,,,,
1592,6520832,1509,60644.76020628813,39343.63326594806,7.34,4096.28,-0.00406514110545686,6110.843535482883,0.9692878008354455,2.231025152e-05,0.9280844,3.55,0.25,0.29,0.26,0.2,,,,,
1593,6524928,1511,58800.55676759334,38202.01517230947,7.25,3994.49,-0.0020981136076443363,17283.692811131477,0.9075245342683047,2.230541824e-05,0.97398967,3.57,0.25,0.28,0.27,0.2,,,,,
1594,6529024,1511,58800.55676759334,38202.01517230947,7.25,3994.49,-0.0023553753744636197,73763.29311847687,0.8427143162116408,2.230058496e-05,0.97383434,3.57,0.25,0.28,0.27,0.2,,,,,
1595,6533120,1512,60256.283820423974,39146.34881494576,7.33,4058.58,-0.005013897740127504,6127.933190822601,0.9954541724873707,2.229575168e-05,0.9153022,3.59,0.25,0.28,0.26,0.21,,,,,
1596,6537216,1513,60538.71245709034,39309.90508159254,7.33,4086.42,-0.0018930802089016652,14913.517353534698,0.8692766422173008,2.22909184e-05,0.97067815,3.56,0.26,0.28,0.25,0.21,,,,,
1597,6541312,1514,60577.848334499606,39345.1464506283,7.35,4084.08,-0.001705375695564726,13939.696129858494,0.9405546584166586,2.228608512e-05,0.92386055,3.58,0.26,0.28,0.24,0.22,,,,,
1598,6545408,1516,59213.48451823202,38486.66793614758,7.29,4019.96,-0.006056411800273054,2542.7171297073364,0.9680535885272548,2.2281251839999998e-05,0.97990763,3.59,0.26,0.29,0.22,0.23,,,,,
1599,6549504,1517,58871.89384565733,38258.20902008926,7.26,4006.12,-0.002652213519468205,11607.89589369297,0.9029031249228865,2.2276418560000002e-05,0.9357566,3.57,0.27,0.28,0.22,0.23,,,,,
1600,6553600,1518,59268.23280444715,38522.57887177462,7.31,4030.88,-0.0026381118750578025,21296.33325088024,0.9041588113177568,2.227158528e-05,0.9276022,3.6,0.27,0.27,0.22,0.24,70709.28026848425,46186.68805818705,8.7,4479.433333333333,0.3
1601,6557696,1518,59268.23280444715,38522.57887177462,7.31,4030.88,-0.0017296367277594982,57271.59507107735,0.8461198495933786,2.2266752e-05,0.9273195,3.6,0.27,0.27,0.22,0.24,,,,,
1602,6561792,1520,60890.02403759222,39581.70706596366,7.35,4108.48,-0.003217598202809313,41098.98798072338,0.9386326543753967,2.226191872e-05,0.95008975,3.57,0.27,0.27,0.23,0.23,,,,,
1603,6565888,1520,60890.02403759222,39581.70706596366,7.35,4108.48,-0.003773953979361977,5827.355489850044,0.9819260471267626,2.225708544e-05,0.9785843,3.57,0.27,0.27,0.23,0.23,,,,,
1604,6569984,1521,61255.01505897777,39791.66964064129,7.36,4134.84,-0.007202391849205014,2202.731528043747,0.9326511457329616,2.225225216e-05,0.9535195,3.55,0.28,0.26,0.23,0.23,,,,,
1605,6574080,1522,61068.04381479682,39639.242531710275,7.33,4142.93,-0.005035001294800168,5178.105287373066,0.9435221554012969,2.224741888e-05,0.9632107,3.51,0.29,0.26,0.22,0.23,,,,,
1606,6578176,1524,60633.57915556218,39362.816792085105,7.32,4120.28,-0.0029522557933887583,9468.555904567242,0.9889367542928085,2.2242585599999998e-05,0.9561301,3.52,0.29,0.26,0.22,0.23,,,,,
1607,6582272,1526,59739.91753434144,38847.96237123494,7.32,4060.45,-0.0025654938090156065,16244.146166443825,0.9695327001390979,2.2237752320000002e-05,0.9639762,3.58,0.28,0.25,0.23,0.24,,,,,
1608,6586368,1526,59739.91753434144,38847.96237123494,7.32,4060.45,-0.002832515687259729,2469.9346277713776,0.9429946575546637,2.223291904e-05,0.9666826,3.58,0.28,0.25,0.23,0.24,,,,,
1609,6590464,1527,58368.239793787776,37987.2416215023,7.26,4004.56,-0.002829381042829482,10707.43551415205,0.9410820591729134,2.222808576e-05,0.9311962,3.57,0.29,0.24,0.23,0.24,,,,,
1610,6594560,1530,55911.77966725563,36409.60991342899,7.16,3884.92,-0.003262688966060523,4512.058777272701,1.0121170013444498,2.222325248e-05,0.96167165,3.59,0.29,0.23,0.24,0.24,,,,,
1611,6598656,1531,56340.353883291355,36680.34473041582,7.17,3911.39,-0.004766090394696221,3721.605326831341,0.949156989925541,2.22184192e-05,0.94484365,3.57,0.29,0.23,0.25,0.23,,,,,
1612,6602752,1532,56344.47548355223,36695.222036523075,7.16,3924.61,-0.003923335430954467,4296.617457151413,0.8785013667074963,2.221358592e-05,0.973997,3.55,0.3,0.22,0.25,0.23,,,,,
1613,6606848,1533,55019.97179029488,35882.33330894322,7.1,3843.74,-0.005676281327396282,1394.1139380037785,0.904008787125349,2.220875264e-05,0.97327,3.58,0.29,0.22,0.26,0.23,,,,,
1614,6610944,1533,55019.97179029488,35882.33330894322,7.1,3843.74,-0.0030623034854215803,10103.817506730556,0.9202324623474851,2.220391936e-05,0.9701698,3.58,0.29,0.22,0.26,0.23,,,,,
1615,6615040,1534,55682.52243234254,36298.12978744997,7.12,3881.54,-0.0018022425028902944,16559.171408057213,0.8782520493259653,2.219908608e-05,0.97377926,3.56,0.3,0.21,0.26,0.23,,,,,
1616,6619136,1536,56242.613468514646,36638.64265622279,7.15,3926.03,-0.0025145849849650403,13227.785935997963,0.9116172422654927,2.21942528e-05,0.5218151,3.54,0.31,0.2,0.26,0.23,,,,,
1617,6623232,1536,56242.613468514646,36638.64265622279,7.15,3926.03,-0.0044324007376417285,3874.114623427391,0.9789556598989293,2.2189419519999998e-05,0.9730836,3.54,0.31,0.2,0.26,0.23,,,,,
1618,6627328,1537,56732.42011668217,36943.77336538136,7.18,3951.1,-0.0019633322599474923,20716.876606464386,0.9953103396110237,2.2184586240000002e-05,0.8562722,3.55,0.3,0.21,0.26,0.23,,,,,
1619,6631424,1537,56732.42011668217,36943.77336538136,7.18,3951.1,-0.001136280715400062,39356.79938066006,0.9037975565297529,2.217975296e-05,0.9720485,3.55,0.3,0.21,0.26,0.23,,,,,
1620,6635520,1538,57913.389395499304,37726.384623463084,7.26,3997.32,-0.0025405340411452926,35410.24670481682,0.8877362258499488,2.217491968e-05,0.94376236,3.59,0.29,0.21,0.27,0.23,,,,,
1621,6639616,1538,57913.389395499304,37726.384623463084,7.26,3997.32,-0.001945571191754425,20274.22046494484,0.8883019292261451,2.21700864e-05,0.9664913,3.59,0.29,0.21,0.27,0.23,,,,,
1622,6643712,1539,59092.55105770435,38490.9934565668,7.28,4066.9,-0.006402143785635417,2708.3823334872723,0.9312177050160244,2.216525312e-05,0.9737609,3.54,0.29,0.22,0.27,0.22,,,,,
1623,6647808,1539,59092.55105770435,38490.9934565668,7.28,4066.9,-0.0024191356842493406,8722.26349902153,0.8877122809644789,2.216041984e-05,0.9793069,3.54,0.29,0.22,0.27,0.22,,,,,
1624,6651904,1540,59516.54749937738,38762.679049475344,7.28,4107.78,-0.0021683998911612434,34622.69403767586,0.9792867817450315,2.215558656e-05,0.9764918,3.5,0.3,0.22,0.26,0.22,,,,,
1625,6656000,1540,59516.54749937738,38762.679049475344,7.28,4107.78,-0.002511345123821229,15943.51644706726,0.872187098604627,2.2150753279999998e-05,0.9818653,3.5,0.3,0.22,0.26,0.22,73423.2574147952,47834.60487831253,8.6,4346.3,0.3333333333333333
1626,6660096,1541,59615.13440732153,38864.606119541095,7.31,4103.23,-0.004421825795361656,5290.724942684174,0.9694188439752907,2.2145920000000002e-05,0.91166925,3.54,0.3,0.21,0.26,0.23,,,,,
1627,6664192,1543,58751.94275575204,38324.9721057861,7.27,4049.05,-0.0037302343007468153,7930.302675247192,1.0297123008640483,2.214108672e-05,0.94682795,3.55,0.3,0.21,0.26,0.23,,,,,
1628,6668288,1543,58751.94275575204,38324.9721057861,7.27,4049.05,-0.003027906612260267,5636.7650998830795,0.9396045075263828,2.213625344e-05,0.9578741,3.55,0.3,0.21,0.26,0.23,,,,,
1629,6672384,1544,58834.30878766477,38364.6343843774,7.27,4054.0,-0.0021279856450746593,10160.003149032593,0.9800377512583509,2.213142016e-05,0.93636113,3.54,0.3,0.21,0.26,0.23,,,,,
1630,6676480,1544,58834.30878766477,38364.6343843774,7.27,4054.0,-0.0016357918775611324,14704.188634753227,0.8459330552723259,2.212658688e-05,0.9812386,3.54,0.3,0.21,0.26,0.23,,,,,
1631,6680576,1546,59739.47091211777,38928.763181094,7.32,4097.43,-0.0028791783752240008,17961.284437417984,0.9478339492343366,2.21217536e-05,0.9740509,3.54,0.3,0.22,0.24,0.24,,,,,
1632,6684672,1546,59739.47091211777,38928.763181094,7.32,4097.43,-0.0045698719568463275,2890.805791646242,0.9423551795771345,2.211692032e-05,0.98193496,3.54,0.3,0.22,0.24,0.24,,,,,
1633,6688768,1547,59185.18538648578,38564.72423321912,7.29,4074.39,-0.0057038862996705575,3609.278939962387,0.9615265927277505,2.211208704e-05,0.8968481,3.53,0.31,0.21,0.24,0.24,,,,,
1634,6692864,1547,59185.18538648578,38564.72423321912,7.29,4074.39,-0.003273627697126358,5543.789458394051,0.9378546284278855,2.210725376e-05,0.97759575,3.53,0.31,0.21,0.24,0.24,,,,,
1635,6696960,1548,60259.40763245434,39256.9644376663,7.34,4125.65,-0.0035225941610406153,10820.413956463337,0.9220232488587499,2.210242048e-05,0.9805004,3.53,0.31,0.21,0.24,0.24,,,,,
1636,6701056,1549,60972.38028311936,39689.97796916078,7.36,4177.09,-0.003637611138401553,5663.474379360676,0.9008720701094717,2.2097587199999998e-05,0.9582693,3.49,0.32,0.21,0.23,0.24,,,,,
1637,6705152,1550,60030.69851331161,39076.974421406936,7.34,4128.63,-0.00282222252280917,28465.927664756775,0.9648383053718135,2.2092753920000002e-05,0.9506345,3.51,0.32,0.21,0.22,0.25,,,,,
1638,6709248,1551,58063.544491162014,37827.56525260304,7.24,4034.11,-0.005726915069317329,3166.678739398718,1.0181190052535385,2.208792064e-05,0.8973297,3.5,0.32,0.21,0.22,0.25,,,,,
1639,6713344,1552,58018.36393553029,37790.79176587519,7.22,4042.11,-0.007939043683109048,2770.0513350367546,0.9986133662750944,2.208308736e-05,0.92456186,3.47,0.33,0.21,0.21,0.25,,,,,
1640,6717440,1552,58018.36393553029,37790.79176587519,7.22,4042.11,-0.004129701907004346,5997.305238544941,0.9128030119463801,2.207825408e-05,0.9765114,3.47,0.33,0.21,0.21,0.25,,,,,
1641,6721536,1553,59185.838829135224,38526.22534346116,7.29,4106.71,-0.0023533442508778535,8545.736706137657,0.8666278533637524,2.20734208e-05,0.9776091,3.47,0.33,0.21,0.21,0.25,,,,,
1642,6725632,1553,59185.838829135224,38526.22534346116,7.29,4106.71,-0.005173707337235101,2639.6741874814034,0.9114175724098459,2.206858752e-05,0.9859656,3.47,0.33,0.21,0.21,0.25,,,,,
1643,6729728,1554,60757.1735627626,39490.90651128908,7.34,4195.18,-0.002753471899268334,27322.892221450806,0.9149722532602027,2.206375424e-05,0.9756042,3.43,0.33,0.22,0.21,0.24,,,,,
1644,6733824,1556,60852.68678447461,39570.88420318372,7.36,4200.96,-0.005172154864339973,6360.947410643101,1.030284238513559,2.2058920959999998e-05,0.9074282,3.45,0.32,0.23,0.21,0.24,,,,,
1645,6737920,1556,60852.68678447461,39570.88420318372,7.36,4200.96,-0.001675685429290752,15775.589924514294,0.8840442185755819,2.2054087680000002e-05,0.9817909,3.45,0.32,0.23,0.21,0.24,,,,,
1646,6742016,1558,61102.26014371233,39735.91861701191,7.38,4192.3,-0.004956793753081001,3495.6563354730606,0.8998397294199094,2.20492544e-05,0.9855164,3.48,0.31,0.23,0.22,0.24,,,,,
1647,6746112,1559,60233.81252788453,39209.032910006346,7.36,4136.48,-0.0020683664643001975,11872.008355677128,0.9085960672236979,2.2044421119999997e-05,0.8918818,3.52,0.3,0.23,0.23,0.24,,,,,
1648,6750208,1561,59587.17250648601,38823.381935363825,7.32,4093.76,-0.0033811723160397378,10502.855184555054,0.9016869934275746,2.203958784e-05,0.95846015,3.52,0.29,0.24,0.24,0.23,,,,,
1649,6754304,1561,59587.17250648601,38823.381935363825,7.32,4093.76,-0.005932809201112832,5434.459992170334,0.9010826982557774,2.203475456e-05,0.9427472,3.52,0.29,0.24,0.24,0.23,,,,,
1650,6758400,1561,59587.17250648601,38823.381935363825,7.32,4093.76,-0.0019120920978821232,12385.664173662663,0.881593031459488,2.202992128e-05,0.9735449,3.52,0.29,0.24,0.24,0.23,74660.37442326911,48915.22841158607,8.933333333333334,4558.066666666667,0.3333333333333333
1651,6762496,1562,61294.7529673645,39891.97416091456,7.37,4187.45,-0.0029858591324227746,32249.015080690384,0.909557165345177,2.2025088e-05,0.9647702,3.47,0.3,0.24,0.24,0.22,,,,,
1652,6766592,1562,61294.7529673645,39891.97416091456,7.37,4187.45,-0.005952018538664561,6192.410353422165,0.8985335017787293,2.2020254719999998e-05,0.96855736,3.47,0.3,0.24,0.24,0.22,,,,,
1653,6770688,1563,61797.170567907786,40184.197307100374,7.36,4232.81,-0.001605430611562042,24231.02177274227,0.8926469699945301,2.201542144e-05,0.9692446,3.41,0.31,0.24,0.24,0.21,,,,,
1654,6774784,1566,61741.41650678235,40187.52800140567,7.37,4213.07,-0.002113390604790766,11930.489830732346,0.9606399651383981,2.201058816e-05,0.9541978,3.44,0.3,0.24,0.25,0.21,,,,,
1655,6778880,1566,61741.41650678235,40187.52800140567,7.37,4213.07,-0.0019051198833039962,16181.745241522789,0.8601314055267721,2.2005754879999998e-05,0.982828,3.44,0.3,0.24,0.25,0.21,,,,,
1656,6782976,1567,63198.24235484235,41114.17168879785,7.43,4283.08,-0.002593504991637019,28527.892624258995,0.8971110413549468,2.2000921600000002e-05,0.9723208,3.43,0.3,0.24,0.26,0.2,,,,,
1657,6787072,1568,61824.52937137974,40224.49611110092,7.37,4236.87,-0.004579668549922644,9852.890587210655,0.8797517074272037,2.199608832e-05,0.97266454,3.41,0.31,0.23,0.26,0.2,,,,,
1658,6791168,1568,61824.52937137974,40224.49611110092,7.37,4236.87,-0.006427913876905222,1406.6433303952217,0.9261897599790245,2.199125504e-05,0.9690094,3.41,0.31,0.23,0.26,0.2,,,,,
1659,6795264,1568,61824.52937137974,40224.49611110092,7.37,4236.87,-0.002652388851856813,9620.306594848633,0.8839621203951538,2.198642176e-05,0.97007823,3.41,0.31,0.23,0.26,0.2,,,,,
1660,6799360,1569,62172.70489528845,40469.28795492623,7.37,4271.5,-0.003802476639066299,4370.719630211592,0.9711834420450032,2.198158848e-05,0.94139516,3.37,0.32,0.23,0.25,0.2,,,,,
1661,6803456,1569,62172.70489528845,40469.28795492623,7.37,4271.5,-0.004066034395691531,7112.35546118021,0.9405215915758163,2.19767552e-05,0.98318374,3.37,0.32,0.23,0.25,0.2,,,,,
1662,6807552,1570,62539.77354458663,40692.40477787488,7.38,4301.06,-0.004484573790250579,3947.6322707235813,0.9691140581853688,2.197192192e-05,0.9803423,3.35,0.33,0.22,0.25,0.2,,,,,
1663,6811648,1571,63075.22979035508,41010.796843492135,7.35,4344.71,-0.0057112018766929395,4093.95148563385,0.9836867086123675,2.1967088639999998e-05,0.95138,3.27,0.34,0.22,0.25,0.19,,,,,
1664,6815744,1572,62920.04901160588,40917.36601084294,7.34,4335.29,-0.001772383042407455,15568.99226975441,0.9166146296774969,2.1962255360000002e-05,0.81634885,3.27,0.34,0.22,0.25,0.19,,,,,
1665,6819840,1573,62735.71511702347,40794.91378748486,7.33,4328.03,-0.0032881095867196564,12280.723307847977,0.9035422430606559,2.195742208e-05,0.9510587,3.27,0.34,0.22,0.25,0.19,,,,,
1666,6823936,1573,62735.71511702347,40794.91378748486,7.33,4328.03,-0.0024796981169856736,15206.872552394867,0.9458174353931099,2.1952588799999997e-05,0.9658226,3.27,0.34,0.22,0.25,0.19,,,,,
1667,6828032,1575,62878.630251728355,40925.46122533565,7.4,4319.97,-0.004014639946944953,4446.584065109491,0.9564894817303866,2.194775552e-05,0.94098973,3.36,0.33,0.21,0.26,0.2,,,,,
1668,6832128,1576,62945.21491246389,40974.975169025565,7.41,4317.77,-0.004035536643641535,6154.044054746628,0.9613782623782754,2.194292224e-05,0.96005476,3.37,0.32,0.22,0.26,0.2,,,,,
1669,6836224,1577,63678.02374436341,41426.98343595139,7.43,4372.85,-0.0029362067516558454,17125.492708683014,0.8981037785997614,2.193808896e-05,0.887675,3.33,0.33,0.22,0.25,0.2,,,,,
1670,6840320,1578,63492.6454924093,41300.47313217889,7.43,4358.28,-0.002624544822538155,9813.884394168854,0.8765108606312424,2.193325568e-05,0.97663265,3.34,0.33,0.22,0.24,0.21,,,,,
1671,6844416,1579,63534.365285426284,41324.10299431897,7.43,4362.88,-0.002965530762594426,12890.828070163727,1.0320011175936088,2.1928422399999998e-05,0.94662106,3.34,0.33,0.22,0.24,0.21,,,,,
1672,6848512,1581,64275.80223549546,41812.680245937656,7.46,4399.21,-0.0014569444574590307,30264.456401467323,0.9249953292310238,2.192358912e-05,0.9485893,3.34,0.33,0.22,0.24,0.21,,,,,
1673,6852608,1581,64275.80223549546,41812.680245937656,7.46,4399.21,-0.0007167176909206319,84631.25111055374,0.8823212838033214,2.191875584e-05,0.958582,3.34,0.33,0.22,0.24,0.21,,,,,
1674,6856704,1582,65168.04961954688,42407.03256501111,7.54,4417.94,-0.001558206797199091,96372.94338434935,0.9553381031146273,2.1913922559999998e-05,0.93955714,3.4,0.33,0.21,0.24,0.22,,,,,
1675,6860800,1583,65652.79585860141,42703.5279075539,7.56,4449.53,-0.003278178322943859,11502.005752563477,0.9167342656292021,2.1909089280000002e-05,0.97817254,3.38,0.34,0.2,0.24,0.22,64279.988306808904,41593.18530235902,8.333333333333334,4022.866666666667,0.23333333333333334
1676,6864896,1583,65652.79585860141,42703.5279075539,7.56,4449.53,-0.003738116501153854,4835.070926249027,0.9648934127762914,2.1904256e-05,0.9654146,3.38,0.34,0.2,0.24,0.22,,,,,
1677,6868992,1585,64214.2769309231,41806.28687606225,7.52,4360.07,-0.005813869144731143,3586.4511031210423,1.0308891737367958,2.189942272e-05,0.72289586,3.44,0.33,0.2,0.24,0.23,,,,,
1678,6873088,1586,62862.84120871466,40919.49534183956,7.44,4314.13,-0.006390737269612146,7179.916210889816,0.9677701372420415,2.189458944e-05,0.97844374,3.4,0.34,0.2,0.23,0.23,,,,,
1679,6877184,1587,62803.163586474584,40891.161910622075,7.45,4298.31,-0.0037644910389644792,7800.76771658659,0.9427672423189506,2.188975616e-05,0.96499866,3.43,0.33,0.2,0.24,0.23,,,,,
1680,6881280,1588,63089.621155155226,41074.55405829234,7.45,4321.7,-0.004212952032503381,5495.677077353001,0.9670737978303805,2.188492288e-05,0.9725486,3.41,0.33,0.21,0.23,0.23,,,,,
1681,6885376,1589,63302.08087874074,41224.81899810301,7.48,4335.67,-0.002658913635514182,10434.74168908596,0.9392308718524873,2.18800896e-05,0.63843334,3.43,0.33,0.21,0.22,0.24,,,,,
1682,6889472,1589,63302.08087874074,41224.81899810301,7.48,4335.67,-0.003150949542032322,11252.960653305054,0.9233521488495171,2.1875256319999998e-05,0.9741219,3.43,0.33,0.21,0.22,0.24,,,,,
1683,6893568,1590,64705.849183477556,42114.68463397788,7.56,4408.86,-0.002475488610798493,17636.474717259407,0.9610463691642508,2.187042304e-05,0.9567876,3.43,0.33,0.21,0.22,0.24,,,,,
1684,6897664,1590,64705.849183477556,42114.68463397788,7.56,4408.86,-0.0044595235276574385,9558.856879591942,0.9857651983620599,2.186558976e-05,0.96591866,3.43,0.33,0.21,0.22,0.24,,,,,
1685,6901760,1590,64705.849183477556,42114.68463397788,7.56,4408.86,-0.0009631754091969924,20056.224545121193,0.8915458194678649,2.1860756479999997e-05,0.97700626,3.43,0.33,0.21,0.22,0.24,,,,,
1686,6905856,1592,65090.70443992327,42375.56580614301,7.62,4404.06,-0.003051637151656905,29480.979822397232,0.9304762104293332,2.18559232e-05,0.9710012,3.5,0.32,0.21,0.22,0.25,,,,,
1687,6909952,1595,64410.03517996454,41931.917113085496,7.6,4352.18,-0.005053322591265896,8576.930142581463,1.0652518331771716,2.185108992e-05,0.86510766,3.54,0.32,0.2,0.22,0.26,,,,,
1688,6914048,1596,64109.47512991577,41747.40939397878,7.58,4331.62,-0.00798905042847764,2261.497992962599,0.9036270726937801,2.184625664e-05,0.94230217,3.54,0.32,0.2,0.22,0.26,,,,,
1689,6918144,1597,64410.42323885229,41914.764285569865,7.56,4366.51,-0.003334599889058154,10017.148897051811,0.9924174537882209,2.184142336e-05,0.9657562,3.48,0.33,0.2,0.22,0.25,,,,,
1690,6922240,1598,63454.1588540978,41304.344663054726,7.5,4322.45,-0.005808766150948941,5537.9969202280045,0.9641593457199633,2.1836590079999998e-05,0.9004711,3.47,0.34,0.19,0.22,0.25,,,,,
1691,6926336,1598,63454.1588540978,41304.344663054726,7.5,4322.45,-0.0027828549518744694,6490.7041427493095,0.9621880262857303,2.18317568e-05,0.971563,3.47,0.34,0.19,0.22,0.25,,,,,
1692,6930432,1599,63749.342238127356,41489.56936530706,7.49,4353.74,-0.005662213589403109,4045.7018933296204,1.0203490507556126,2.182692352e-05,0.9428191,3.43,0.34,0.2,0.22,0.24,,,,,
1693,6934528,1600,64713.38953806833,42109.343936969024,7.55,4412.4,-0.0022053972043067915,10425.45745754242,0.8805761954281479,2.1822090239999997e-05,0.96781504,3.43,0.34,0.2,0.22,0.24,,,,,
1694,6938624,1601,64604.993162212624,42028.041688206875,7.51,4414.14,-0.004231093522321316,6822.078072369099,0.9224990289658308,2.1817256960000002e-05,0.92433506,3.39,0.34,0.21,0.22,0.23,,,,,
1695,6942720,1604,64646.941072936206,42057.50756482184,7.49,4414.94,-0.006190824663008243,2808.5828616023064,0.9892915120581165,2.181242368e-05,0.93979955,3.37,0.33,0.23,0.22,0.22,,,,,
1696,6946816,1606,63755.99842704486,41480.22215551226,7.43,4383.88,-0.006046800981494016,3086.3805215358734,1.0175534451846033,2.18075904e-05,0.9484214,3.34,0.33,0.24,0.21,0.22,,,,,
1697,6950912,1608,62276.05233792963,40530.974721808176,7.36,4310.23,-0.005240781067186617,4237.693573921919,0.9563816678710282,2.180275712e-05,0.94219136,3.34,0.33,0.24,0.21,0.22,,,,,
1698,6955008,1610,62609.39097435491,40721.68168646705,7.41,4321.26,-0.002402762086603616,12643.804698586464,1.009349841508083,2.179792384e-05,0.96873784,3.38,0.33,0.24,0.19,0.24,,,,,
1699,6959104,1610,62609.39097435491,40721.68168646705,7.41,4321.26,-0.006348954672830587,8067.57869797945,1.0026157692773268,2.179309056e-05,0.9511529,3.38,0.33,0.24,0.19,0.24,,,,,
1700,6963200,1611,63248.40127858706,41111.68082738726,7.44,4364.51,-0.0036702101006085286,5873.496165513992,0.9488477237755433,2.178825728e-05,0.97494626,3.36,0.33,0.25,0.18,0.24,62430.975528061856,41047.939489287935,8.366666666666667,4121.766666666666,0.23333333333333334
1701,6967296,1611,63248.40127858706,41111.68082738726,7.44,4364.51,-0.0013876109987904783,13465.943880081177,0.8577375856693834,2.1783423999999998e-05,0.9907152,3.36,0.33,0.25,0.18,0.24,,,,,
1702,6971392,1612,63537.72030662922,41267.48983268448,7.43,4395.96,-0.002827365553457639,26757.06321889162,0.9646235443651676,2.177859072e-05,0.9659674,3.32,0.33,0.26,0.18,0.23,,,,,
1703,6975488,1614,62846.76814735349,40823.76418082675,7.37,4355.11,-0.008325585244165268,5742.536523759365,1.002580498228781,2.177375744e-05,0.95615286,3.3,0.32,0.28,0.18,0.22,,,,,
1704,6979584,1617,62199.281960961445,40412.46191890643,7.37,4312.37,-0.007817325399628317,1798.2403391599655,1.0072746399091557,2.1768924159999997e-05,0.9645178,3.35,0.32,0.27,0.18,0.23,,,,,
1705,6983680,1619,60465.77618809722,39249.73816520357,7.23,4248.68,-0.007643668676792004,2707.807761758566,1.0468905156012625,2.176409088e-05,0.88977474,3.26,0.34,0.27,0.17,0.22,,,,,
1706,6987776,1620,60622.17351725374,39341.12105768934,7.2,4266.69,-0.009513844528555637,1809.0169755220413,1.0580247740726918,2.17592576e-05,0.9393035,3.21,0.35,0.27,0.17,0.21,,,,,
1707,6991872,1620,60622.17351725374,39341.12105768934,7.2,4266.69,-0.003219465512302122,11300.615265130997,1.0254528700606897,2.175442432e-05,0.94307023,3.21,0.35,0.27,0.17,0.21,,,,,
1708,6995968,1621,61269.34137682708,39773.6957205264,7.23,4293.3,-0.0004908923256152775,58607.32673788071,0.8504196704598144,2.174959104e-05,0.900565,3.22,0.34,0.28,0.17,0.21,,,,,
1709,7000064,1623,60072.106277096515,39052.06703428383,7.16,4207.82,-0.004294692325856886,9940.14137852192,0.9412114745937288,2.1744757759999998e-05,0.91997606,3.25,0.32,0.3,0.17,0.21,,,,,
1710,7004160,1623,60072.106277096515,39052.06703428383,7.16,4207.82,-0.0011817229478765512,27543.356780529022,0.9040595815749839,2.173992448e-05,0.9752947,3.25,0.32,0.3,0.17,0.21,,,,,
1711,7008256,1624,61457.10394501083,39939.09977159151,7.19,4273.8,-0.0008705275308784621,99333.49370980263,0.9150382537627593,2.17350912e-05,0.87824655,3.22,0.32,0.3,0.17,0.21,,,,,
1712,7012352,1626,61973.30516384439,40271.81827375283,7.2,4299.18,-0.0012787783534804475,37273.842510819435,0.9325702551286668,2.1730257919999997e-05,0.9236508,3.21,0.32,0.31,0.16,0.21,,,,,
1713,7016448,1626,61973.30516384439,40271.81827375283,7.2,4299.18,-0.004877419076365186,3939.863768070936,0.9688429434318095,2.172542464e-05,0.9680977,3.21,0.32,0.31,0.16,0.21,,,,,
1714,7020544,1626,61973.30516384439,40271.81827375283,7.2,4299.18,-0.0028898601103719557,12101.59972512722,0.9120721983490512,2.172059136e-05,0.9720035,3.21,0.32,0.31,0.16,0.21,,,,,
1715,7024640,1627,63079.174069554916,40970.2090735682,7.25,4346.27,-0.0027450620273157256,38574.786761045456,0.8947481228969991,2.171575808e-05,0.9755768,3.21,0.32,0.31,0.16,0.21,,,,,
1716,7028736,1627,63079.174069554916,40970.2090735682,7.25,4346.27,-0.003012985818713787,7048.3537684082985,0.9468188736354932,2.17109248e-05,0.9845902,3.21,0.32,0.31,0.16,0.21,,,,,
1717,7032832,1629,64272.3367170878,41720.80682898063,7.29,4410.86,-0.001720386963825149,37703.151692032814,0.9048579863738269,2.170609152e-05,0.95157444,3.19,0.32,0.32,0.15,0.21,,,,,
1718,7036928,1629,64272.3367170878,41720.80682898063,7.29,4410.86,-0.0015374097602034453,20582.239682793617,0.8986039052251726,2.170125824e-05,0.9763278,3.19,0.32,0.32,0.15,0.21,,,,,
1719,7041024,1630,65666.01491239316,42640.28122238992,7.36,4472.85,-0.002746411913904012,65858.01806676388,0.861482338514179,2.169642496e-05,0.95986074,3.2,0.32,0.32,0.15,0.21,,,,,
1720,7045120,1630,65666.01491239316,42640.28122238992,7.36,4472.85,-0.0033928696111615864,9969.530107736588,0.9476918230066076,2.1691591679999998e-05,0.97776014,3.2,0.32,0.32,0.15,0.21,,,,,
1721,7049216,1630,65666.01491239316,42640.28122238992,7.36,4472.85,-0.001394512306433171,25647.284327745438,0.8308072526706383,2.1686758400000002e-05,0.97251344,3.2,0.32,0.32,0.15,0.21,,,,,
1722,7053312,1631,67640.06482874008,43883.97818104361,7.43,4568.52,-0.002391502088357811,129501.07118821144,0.8743503068108112,2.168192512e-05,0.9251782,3.17,0.33,0.32,0.14,0.21,,,,,
1723,7057408,1632,67447.12419508892,43757.394141521865,7.44,4543.92,-0.0021529247514990857,28759.262913286686,0.9563734385883436,2.167709184e-05,0.873745,3.21,0.32,0.32,0.15,0.21,,,,,
1724,7061504,1633,67862.8617803678,43991.216055557124,7.45,4579.31,-0.007164421906054486,3228.9912999272346,0.9475108010228723,2.167225856e-05,0.9381252,3.18,0.33,0.32,0.14,0.21,,,,,
1725,7065600,1633,67862.8617803678,43991.216055557124,7.45,4579.31,-0.004374454578282894,4746.344384551048,1.002079394645989,2.166742528e-05,0.945408,3.18,0.33,0.32,0.14,0.21,90006.01441589581,58811.90223575966,9.333333333333334,5079.9,0.43333333333333335
1726,7069696,1634,67359.95486371899,43664.39053449896,7.43,4556.42,-0.0020886456450170954,12560.09860932827,0.8675153865478933,2.1662592000000003e-05,0.97128755,3.18,0.33,0.32,0.14,0.21,,,,,
1727,7073792,1634,67359.95486371899,43664.39053449896,7.43,4556.42,-0.006477416633060784,6625.3639206290245,1.0222021820954978,2.165775872e-05,0.98150694,3.18,0.33,0.32,0.14,0.21,,,,,
1728,7077888,1635,68123.6202464426,44145.20139161411,7.46,4602.8,-0.002202808873335016,9516.813573420048,0.9708664055215195,2.165292544e-05,0.94396496,3.16,0.33,0.33,0.13,0.21,,,,,
1729,7081984,1636,68299.27379622954,44253.27097483854,7.47,4616.99,-0.003992740013927687,5882.916581064463,0.9930514661828056,2.1648092160000002e-05,0.8481804,3.16,0.33,0.33,0.13,0.21,,,,,
1730,7086080,1636,68299.27379622954,44253.27097483854,7.47,4616.99,-0.004241856682710932,3974.8455929756165,1.0052687881980091,2.164325888e-05,0.9822916,3.16,0.33,0.33,0.13,0.21,,,,,
1731,7090176,1638,67141.68791039182,43498.696615701585,7.4,4564.41,-0.003315539712275495,10570.68354254961,0.9304571513785049,2.16384256e-05,0.9665572,3.14,0.33,0.34,0.12,0.21,,,,,
1732,7094272,1639,66970.05453013086,43391.03670084067,7.43,4534.99,-0.0008582915415900061,100483.0787832737,0.8552339457673952,2.163359232e-05,0.94826955,3.2,0.33,0.33,0.12,0.22,,,,,
1733,7098368,1640,65579.47213086537,42504.85842214132,7.38,4457.74,-0.002245888985271449,27552.029182195663,0.9158043424831703,2.162875904e-05,0.89787215,3.23,0.32,0.33,0.13,0.22,,,,,
1734,7102464,1640,65579.47213086537,42504.85842214132,7.38,4457.74,-0.0009355709535157075,43935.82396578789,0.8643765362212434,2.1623925760000003e-05,0.96659946,3.23,0.32,0.33,0.13,0.22,,,,,
1735,7106560,1641,65862.36821063442,42648.112438294214,7.39,4462.76,-0.006635770120283269,2932.2577322125435,0.9658372233388945,2.161909248e-05,0.95061654,3.23,0.32,0.33,0.13,0.22,,,,,
1736,7110656,1642,65932.1886419216,42675.34239216176,7.39,4464.72,-0.0024932361320679775,17435.921566963196,0.9106425003847107,2.16142592e-05,0.96493024,3.23,0.32,0.33,0.13,0.22,,,,,
1737,7114752,1643,66774.11320615403,43228.14340569826,7.47,4497.3,-0.0017150174180642352,35885.80807137489,0.9105311554158106,2.1609425920000003e-05,0.9634891,3.28,0.32,0.32,0.13,0.23,,,,,
1738,7118848,1644,66260.27458539385,42926.483877917446,7.47,4460.55,-0.0024906489798013354,12872.251374065876,0.9481648622313514,2.160459264e-05,0.84758896,3.32,0.32,0.31,0.13,0.24,,,,,
1739,7122944,1647,64773.351642872585,41991.575030573345,7.43,4378.48,-0.0037146339900573366,11155.182950377464,0.9336802567122504,2.159975936e-05,0.9577198,3.36,0.32,0.3,0.13,0.25,,,,,
1740,7127040,1647,64773.351642872585,41991.575030573345,7.43,4378.48,-0.006552919905516319,2126.6823202073574,0.9700897431466728,2.1594926080000002e-05,0.9638131,3.36,0.32,0.3,0.13,0.25,,,,,
1741,7131136,1647,64773.351642872585,41991.575030573345,7.43,4378.48,-0.0031703271579317516,5034.180081605911,0.9529107665875927,2.15900928e-05,0.9778863,3.36,0.32,0.3,0.13,0.25,,,,,
1742,7135232,1649,63945.721045216436,41463.61611909483,7.38,4333.3,-0.0026429606514284387,10974.492971897125,0.9599673760822043,2.158525952e-05,0.9426751,3.36,0.32,0.3,0.13,0.25,,,,,
1743,7139328,1649,63945.721045216436,41463.61611909483,7.38,4333.3,-0.00812060997941444,1979.6478582918644,0.9596509711118415,2.158042624e-05,0.9732563,3.36,0.32,0.3,0.13,0.25,,,,,
1744,7143424,1649,63945.721045216436,41463.61611909483,7.38,4333.3,-0.002010025618801592,17107.62142276764,0.8523360074032098,2.157559296e-05,0.9791488,3.36,0.32,0.3,0.13,0.25,,,,,
1745,7147520,1650,64712.69028049663,41920.646886993345,7.38,4389.72,-0.0030054243661652436,7982.965592563152,0.8749854589113966,2.1570759680000003e-05,0.98218614,3.3,0.33,0.3,0.13,0.24,,,,,
1746,7151616,1650,64712.69028049663,41920.646886993345,7.38,4389.72,-0.0018959343960887054,13325.118330657482,0.8416964674834162,2.15659264e-05,0.98545516,3.3,0.33,0.3,0.13,0.24,,,,,
1747,7155712,1653,64239.66219022716,41626.82675784902,7.42,4341.97,-0.003359728840223397,7622.541291475296,0.9476130709517747,2.156109312e-05,0.945027,3.39,0.32,0.29,0.14,0.25,,,,,
1748,7159808,1654,63042.63840529446,40896.66007552889,7.36,4287.97,-0.004741327673400519,6488.1565939188,0.9226942621171474,2.1556259840000002e-05,0.9520294,3.38,0.33,0.28,0.14,0.25,,,,,
1749,7163904,1655,63732.20396794687,41306.309062596105,7.38,4331.7,-0.002790226848446764,4193.294470489025,0.8933537066914141,2.155142656e-05,0.9866909,3.35,0.33,0.29,0.13,0.25,,,,,
1750,7168000,1655,63732.20396794687,41306.309062596105,7.38,4331.7,-0.007666337279260915,3845.950380861759,0.9061917084036395,2.154659328e-05,0.9635751,3.35,0.33,0.29,0.13,0.25,90563.05914592817,58444.10686441906,9.5,5246.3,0.36666666666666664
1751,7172096,1656,64642.34372770681,41853.98516959673,7.43,4383.39,-0.004220460356009426,5891.991670072079,0.8472609636373818,2.154176e-05,0.9904232,3.34,0.34,0.28,0.13,0.25,,,,,
1752,7176192,1656,64642.34372770681,41853.98516959673,7.43,4383.39,-0.004469000401513767,5091.065756738186,0.8724337647436187,2.153692672e-05,0.9753277,3.34,0.34,0.28,0.13,0.25,,,,,
1753,7180288,1657,64707.78976045631,41879.08217571345,7.42,4399.78,-0.0036440571457205806,5448.268956065178,0.9575518781784922,2.153209344e-05,0.98542225,3.31,0.35,0.28,0.12,0.25,,,,,
1754,7184384,1657,64707.78976045631,41879.08217571345,7.42,4399.78,-0.0032725919409131166,7712.6531974077225,0.9320435291156173,2.152726016e-05,0.9759496,3.31,0.35,0.28,0.12,0.25,,,,,
1755,7188480,1658,66322.6772260246,42909.610790001956,7.51,4478.27,-0.001692467934844899,32931.38913691044,0.8682561991736293,2.152242688e-05,0.97925967,3.32,0.35,0.28,0.12,0.25,,,,,
1756,7192576,1658,66322.6772260246,42909.610790001956,7.51,4478.27,-0.004750435924506746,3476.0248970091343,0.9269009312847629,2.1517593600000003e-05,0.97665846,3.32,0.35,0.28,0.12,0.25,,,,,
1757,7196672,1658,66322.6772260246,42909.610790001956,7.51,4478.27,-0.0023893067045719363,17674.265330672264,0.8914240084122866,2.151276032e-05,0.9635877,3.32,0.35,0.28,0.12,0.25,,,,,
1758,7200768,1659,67367.12607892932,43559.160703824935,7.54,4538.24,-0.00215129173011519,10983.044845104218,0.940599282621406,2.150792704e-05,0.98790216,3.28,0.36,0.28,0.11,0.25,,,,,
1759,7204864,1660,67849.3762765357,43875.540706962835,7.57,4555.99,-0.0036909344144078204,14157.192241430283,0.8497840709751472,2.1503093760000002e-05,0.97880083,3.3,0.36,0.27,0.12,0.25,,,,,
1760,7208960,1660,67849.3762765357,43875.540706962835,7.57,4555.99,-0.00658728418420651,1927.328542560339,0.9636495943414047,2.149826048e-05,0.98220944,3.3,0.36,0.27,0.12,0.25,,,,,
1761,7213056,1661,68330.39528755259,44155.09826395851,7.58,4595.42,-0.0025547407876729267,13515.934920489788,0.9483312130905688,2.14934272e-05,0.86110526,3.27,0.37,0.27,0.11,0.25,,,,,
1762,7217152,1662,67785.8674744206,43812.706932856374,7.57,4558.06,-0.00137545916459203,38078.60007452965,0.8318557078018785,2.148859392e-05,0.9729605,3.3,0.36,0.27,0.12,0.25,,,,,
1763,7221248,1663,66992.82438099427,43326.514818302065,7.55,4508.38,-0.0034614931701071328,13747.500802636147,0.9123813374899328,2.148376064e-05,0.9541269,3.34,0.35,0.27,0.13,0.25,,,,,
1764,7225344,1665,66843.66201001122,43200.32345211084,7.46,4512.43,-0.005529333544473047,3144.4008151888847,1.0245861455332488,2.1478927360000003e-05,0.96531063,3.25,0.36,0.27,0.14,0.23,,,,,
1765,7229440,1667,66133.20644290237,42751.36654513416,7.44,4484.23,-0.001758962162057287,21293.68042588234,0.9456979120150208,2.147409408e-05,0.9315795,3.26,0.36,0.27,0.13,0.24,,,,,
1766,7233536,1669,64248.86803831763,41565.42904468823,7.35,4371.97,-0.005117060072734603,9930.140696942806,1.021640335675329,2.14692608e-05,0.8028027,3.29,0.35,0.27,0.14,0.24,,,,,
1767,7237632,1669,64248.86803831763,41565.42904468823,7.35,4371.97,-0.006546298296598252,2814.3008200526237,0.9556816240074113,2.1464427520000002e-05,0.95639586,3.29,0.35,0.27,0.14,0.24,,,,,
1768,7241728,1670,64317.586869583305,41603.27003750569,7.35,4374.96,-0.0014312969833554234,11260.371801555157,0.857590306433849,2.145959424e-05,0.9767127,3.29,0.35,0.27,0.14,0.24,,,,,
1769,7245824,1670,64317.586869583305,41603.27003750569,7.35,4374.96,-0.0061577492888318375,5157.045268654823,0.9688610723242164,2.145476096e-05,0.9553434,3.29,0.35,0.27,0.14,0.24,,,,,
1770,7249920,1672,64236.31447034708,41562.49268290404,7.35,4364.69,-0.0016035247490435722,12414.627327859402,0.9835675723152235,2.144992768e-05,0.6973746,3.3,0.34,0.28,0.14,0.24,,,,,
1771,7254016,1672,64236.31447034708,41562.49268290404,7.35,4364.69,-0.006262122082262067,1867.0866855978966,0.902929144911468,2.14450944e-05,0.9830465,3.3,0.34,0.28,0.14,0.24,,,,,
1772,7258112,1673,64462.52929553946,41720.3141870663,7.36,4380.53,-0.001631253366213059,10500.099833011627,0.9069072392303497,2.144026112e-05,0.966861,3.29,0.35,0.27,0.14,0.24,,,,,
1773,7262208,1674,64103.66120429473,41463.90796108765,7.32,4370.03,-0.004214858745399397,4531.7922104001045,0.9496612673392519,2.143542784e-05,0.95302296,3.26,0.35,0.28,0.13,0.24,,,,,
1774,7266304,1674,64103.66120429473,41463.90796108765,7.32,4370.03,-0.005771775604898721,3679.796667575836,0.9896117743337527,2.143059456e-05,0.9725528,3.26,0.35,0.28,0.13,0.24,,,,,
1775,7270400,1676,64794.77594008494,41897.50504111664,7.32,4408.16,-0.0035498153847584035,14084.267850637436,0.9278951828600839,2.1425761280000003e-05,0.96822286,3.22,0.36,0.27,0.14,0.23,65476.41267807957,42659.84916039088,8.6,4222.566666666667,0.2
1776,7274496,1677,64079.756085202294,41453.022013970025,7.28,4355.68,-0.006115194002632052,2695.1131535470486,0.9146544624818489,2.1420928e-05,0.97077084,3.24,0.35,0.28,0.14,0.23,,,,,
1777,7278592,1677,64079.756085202294,41453.022013970025,7.28,4355.68,-0.004547599552097381,10083.112515091896,0.8960805018432438,2.141609472e-05,0.974462,3.24,0.35,0.28,0.14,0.23,,,,,
1778,7282688,1678,64848.23415600604,41939.31039464985,7.29,4410.69,-0.002805056320539734,13094.471333622932,0.8817489069188014,2.1411261440000002e-05,0.9133905,3.19,0.36,0.28,0.14,0.22,,,,,
1779,7286784,1679,64805.80218300312,41904.09512503357,7.28,4408.4,-0.003944610303733498,6174.486393302679,0.9893151392461732,2.140642816e-05,0.8466291,3.18,0.37,0.27,0.14,0.22,,,,,
1780,7290880,1680,64904.94821342703,41936.12369303047,7.26,4430.37,-0.0013809849660901818,14245.239207029343,0.8750575758749619,2.140159488e-05,0.9699722,3.13,0.38,0.27,0.14,0.21,,,,,
1781,7294976,1681,65634.72728317532,42445.24446328665,7.33,4465.42,-0.0009885061808745377,60102.713289260864,0.8555916224140674,2.13967616e-05,0.9379272,3.17,0.38,0.27,0.13,0.22,,,,,
1782,7299072,1681,65634.72728317532,42445.24446328665,7.33,4465.42,-0.004760929834901617,3978.832768023014,0.9338248394196853,2.139192832e-05,0.9534149,3.17,0.38,0.27,0.13,0.22,,,,,
1783,7303168,1682,65068.209933699,42048.69974795612,7.26,4470.03,-0.006764122024833341,2833.153084307909,0.9797609960660338,2.1387095040000003e-05,0.9770445,3.09,0.39,0.27,0.13,0.21,,,,,
1784,7307264,1682,65068.209933699,42048.69974795612,7.26,4470.03,-0.001972456040675752,10424.30005043745,0.8461548228515312,2.138226176e-05,0.97525716,3.09,0.39,0.27,0.13,0.21,,,,,
1785,7311360,1684,64972.710840763924,42008.8665415493,7.26,4452.83,-0.0033230390363314655,6591.040623605251,0.9208762826165184,2.137742848e-05,0.8940996,3.12,0.37,0.29,0.13,0.21,,,,,
1786,7315456,1685,65015.080365931724,42021.48932861356,7.21,4457.14,-0.0075400720998004545,3798.331317961216,0.9961083895759657,2.1372595200000002e-05,0.92389363,3.06,0.38,0.29,0.13,0.2,,,,,
1787,7319552,1687,64228.936802111835,41533.17225298389,7.16,4412.53,-0.00714552710087446,2475.0299019813538,0.9424034160329029,2.136776192e-05,0.94899756,3.05,0.38,0.3,0.12,0.2,,,,,
1788,7323648,1687,64228.936802111835,41533.17225298389,7.16,4412.53,-0.003606596768804593,12067.869084954262,0.8954098075628281,2.136292864e-05,0.9705519,3.05,0.38,0.3,0.12,0.2,,,,,
1789,7327744,1689,64565.12376669459,41761.172039017234,7.2,4434.41,-0.0014550360101566184,55736.250437021255,0.8790672022150829,2.135809536e-05,0.96684754,3.06,0.39,0.29,0.12,0.2,,,,,
1790,7331840,1691,62148.29868252952,40267.55877289223,7.16,4272.22,-0.0010382395648775855,165014.94437122345,0.9550025351345539,2.135326208e-05,0.8660025,3.19,0.37,0.29,0.13,0.21,,,,,
1791,7335936,1693,62116.45227731734,40231.21586264117,7.11,4278.43,-0.006307388608547626,2372.887550652027,1.076824498246424,2.13484288e-05,0.95287967,3.13,0.38,0.28,0.14,0.2,,,,,
1792,7340032,1693,62116.45227731734,40231.21586264117,7.11,4278.43,-0.004153164380113594,5937.165906608105,0.8916812314419076,2.134359552e-05,0.9723844,3.13,0.38,0.28,0.14,0.2,,,,,
1793,7344128,1694,63049.02806636245,40801.37650958967,7.13,4343.42,-0.004778154294399428,2688.1600715518,0.8865983766736463,2.1338762239999998e-05,0.9753696,3.08,0.39,0.28,0.14,0.19,,,,,
1794,7348224,1695,63571.53540742428,41125.133512904664,7.13,4386.5,-0.004798045966708742,7905.652431845665,1.0487671961309388,2.1333928960000003e-05,0.9228181,3.03,0.4,0.28,0.14,0.18,,,,,
1795,7352320,1697,62756.229488440316,40623.73318556856,7.09,4329.51,-0.004817813749468769,1852.0113828778267,0.9262568859849125,2.132909568e-05,0.94635826,3.05,0.39,0.29,0.14,0.18,,,,,
1796,7356416,1697,62756.229488440316,40623.73318556856,7.09,4329.51,-0.0035431287606115802,9109.467326164246,0.8872910856734961,2.13242624e-05,0.9745945,3.05,0.39,0.29,0.14,0.18,,,,,
1797,7360512,1698,63727.66109741292,41232.95519174601,7.15,4374.85,-0.003912671409125323,4245.086459159851,0.9174294469412416,2.1319429120000002e-05,0.9871329,3.06,0.38,0.3,0.14,0.18,,,,,
1798,7364608,1698,63727.66109741292,41232.95519174601,7.15,4374.85,-0.003637376517872326,9682.68260884285,0.9132411550963297,2.131459584e-05,0.9761748,3.06,0.38,0.3,0.14,0.18,,,,,
1799,7368704,1699,63787.47936277618,41255.90895134208,7.15,4380.52,-0.0057114896926577785,3190.0358850955963,0.9152877458836883,2.130976256e-05,0.9592718,3.05,0.39,0.29,0.14,0.18,,,,,
1800,7372800,1701,63573.94416419972,41114.38141957528,7.16,4360.8,-0.0020703903883259045,15672.053062319756,0.910526379244402,2.130492928e-05,0.96703434,3.07,0.39,0.28,0.15,0.18,53310.209172143164,35133.12543400402,7.966666666666667,3617.0,0.16666666666666666
1801,7376896,1702,63641.42072633368,41156.45162359261,7.17,4361.43,-0.0022604672940360615,6499.196797966957,0.9199499828973785,2.1300096e-05,0.9636901,3.08,0.39,0.28,0.15,0.18,,,,,
1802,7380992,1704,64136.05279372518,41490.60933927687,7.24,4402.58,-0.004967996495906846,5476.080076575279,1.007315351627767,2.1295262720000003e-05,0.9625454,3.11,0.4,0.27,0.14,0.19,,,,,
1803,7385088,1704,64136.05279372518,41490.60933927687,7.24,4402.58,-0.004195363932012697,4688.553454220295,1.0021347010042518,2.129042944e-05,0.9700514,3.11,0.4,0.27,0.14,0.19,,,,,
1804,7389184,1705,65044.26525861971,42081.802493013536,7.3,4445.62,-0.0025143315870082006,7272.4775903224945,0.8906037438428029,2.128559616e-05,0.98258865,3.13,0.39,0.28,0.14,0.19,,,,,
1805,7393280,1705,65044.26525861971,42081.802493013536,7.3,4445.62,-0.0022575826060347026,9356.024778962135,0.9354589411523193,2.1280762880000002e-05,0.97386074,3.13,0.39,0.28,0.14,0.19,,,,,
1806,7397376,1705,65044.26525861971,42081.802493013536,7.3,4445.62,-0.0018908466945504188,50328.787717461586,0.8360605452908203,2.12759296e-05,0.97020805,3.13,0.39,0.28,0.14,0.19,,,,,
1807,7401472,1707,66540.53135287687,43023.76874463668,7.34,4513.4,-0.003106292255324661,14436.985790133476,0.9189676044043154,2.127109632e-05,0.919458,3.1,0.4,0.28,0.13,0.19,,,,,
1808,7405568,1707,66540.53135287687,43023.76874463668,7.34,4513.4,-0.0009898659409373067,9305.374216079712,0.883167042513378,2.126626304e-05,0.976941,3.1,0.4,0.28,0.13,0.19,,,,,
1809,7409664,1708,67346.39754675941,43522.00827014603,7.38,4559.96,-0.0016197830518649425,18061.65367591381,0.9062900270801038,2.126142976e-05,0.97312146,3.09,0.41,0.27,0.13,0.19,,,,,
1810,7413760,1710,67704.12968650821,43774.939549193645,7.4,4571.17,-0.0019127701234538108,28964.57284593582,0.9148227048572153,2.125659648e-05,0.96660113,3.1,0.41,0.27,0.14,0.18,,,,,
1811,7417856,1711,67725.36945561315,43818.94759975501,7.43,4560.96,-0.003958249701099703,8109.764023065567,0.9240807800088078,2.12517632e-05,0.9316703,3.15,0.41,0.26,0.14,0.19,,,,,
1812,7421952,1711,67725.36945561315,43818.94759975501,7.43,4560.96,-0.0028542830877995584,11042.99831545353,0.8982046520104632,2.1246929919999998e-05,0.9518377,3.15,0.41,0.26,0.14,0.19,,,,,
1813,7426048,1712,67633.97211737347,43753.27282355436,7.42,4563.8,-0.004060890387336258,14849.593552589417,0.7994740073336288,2.1242096640000003e-05,0.9865471,3.13,0.42,0.25,0.14,0.19,,,,,
1814,7430144,1712,67633.97211737347,43753.27282355436,7.42,4563.8,-0.004428994118825358,8764.66507780552,0.8986794782103971,2.123726336e-05,0.96571493,3.13,0.42,0.25,0.14,0.19,,,,,
1815,7434240,1713,68143.77267785165,44086.55114314153,7.45,4590.73,-0.0021035101453890093,11358.561044216156,0.9175531346118078,2.123243008e-05,0.9520943,3.14,0.42,0.24,0.15,0.19,,,,,
1816,7438336,1713,68143.77267785165,44086.55114314153,7.45,4590.73,-0.003115862564300187,5890.562299668789,0.813436167081818,2.1227596800000002e-05,0.9836695,3.14,0.42,0.24,0.15,0.19,,,,,
1817,7442432,1715,69111.36696176836,44680.63157378311,7.5,4639.04,-0.0016145803883773624,18461.822160720825,0.9337927571032196,2.122276352e-05,0.9815421,3.14,0.42,0.24,0.15,0.19,,,,,
1818,7446528,1715,69111.36696176836,44680.63157378311,7.5,4639.04,-0.005189939592128212,7015.598913908005,0.8697224141797051,2.121793024e-05,0.95657164,3.14,0.42,0.24,0.15,0.19,,,,,
1819,7450624,1716,70440.67316203122,45512.045149050624,7.53,4720.7,-0.003228930852856138,11862.467531263828,0.9084342753048986,2.121309696e-05,0.9685656,3.09,0.42,0.25,0.15,0.18,,,,,
1820,7454720,1717,70948.62405614486,45819.1477253089,7.52,4760.63,-0.0048688351052987855,4016.211314022541,1.007373194792308,2.120826368e-05,0.9476907,3.03,0.43,0.25,0.15,0.17,,,,,
1821,7458816,1718,70949.54439358086,45821.771404014806,7.54,4750.76,-0.004634841408915236,2787.6783868074417,0.9074109883513302,2.1203430400000003e-05,0.9682943,3.06,0.42,0.25,0.16,0.17,,,,,
1822,7462912,1720,71246.49481996216,46038.749943565,7.6,4755.6,-0.004343937274825294,5282.839813053608,0.9677522560814396,2.119859712e-05,0.9536861,3.11,0.4,0.26,0.17,0.17,,,,,
1823,7467008,1720,71246.49481996216,46038.749943565,7.6,4755.6,-0.0046194727801776025,4680.461305439472,0.981534302351065,2.119376384e-05,0.9579212,3.11,0.4,0.26,0.17,0.17,,,,,
1824,7471104,1720,71246.49481996216,46038.749943565,7.6,4755.6,-0.0014464425876212772,23117.772871255875,0.84438320400659,2.1188930560000002e-05,0.9723344,3.11,0.4,0.26,0.17,0.17,,,,,
1825,7475200,1722,71675.18580235523,46293.99152853998,7.62,4783.6,-0.00284150572042563,22345.31911510229,0.9830810230923817,2.118409728e-05,0.9517629,3.09,0.42,0.24,0.17,0.17,58072.86473850028,38250.593260928435,8.1,3694.8,0.16666666666666666
1826,7479296,1724,70292.45182398592,45423.49566726883,7.64,4713.39,-0.002076848790238728,14448.448923110962,0.9133136089658365,2.1179264e-05,0.9734296,3.18,0.42,0.23,0.17,0.18,,,,,
1827,7483392,1725,69919.11429611745,45170.582243303405,7.63,4694.24,-0.004679523903178051,10208.619309008121,0.9226034199818969,2.117443072e-05,0.9396212,3.19,0.42,0.23,0.17,0.18,,,,,
1828,7487488,1727,68720.31457674764,44410.97178553444,7.61,4634.93,-0.002973105931232567,6326.108663320541,0.8705991682363674,2.116959744e-05,0.9617231,3.23,0.41,0.23,0.17,0.19,,,,,
1829,7491584,1730,66098.78358397586,42705.62064245055,7.49,4499.49,-0.004468427190658986,6546.143955945969,0.9445901261642575,2.116476416e-05,0.93482286,3.24,0.41,0.22,0.18,0.19,,,,,
1830,7495680,1731,64348.630200222746,41593.82162379666,7.42,4424.55,-0.0031058577060321113,6674.723428010941,0.9786606234265491,2.115993088e-05,0.9586134,3.24,0.41,0.22,0.18,0.19,,,,,
1831,7499776,1731,64348.630200222746,41593.82162379666,7.42,4424.55,-0.006679078248453152,2755.6064124703407,0.9213679579552263,2.1155097599999998e-05,0.9691377,3.24,0.41,0.22,0.18,0.19,,,,,
1832,7503872,1732,64883.3272537799,41927.14530399998,7.43,4462.56,-0.003240690079110209,14384.939425349236,0.9489266602322459,2.1150264320000002e-05,0.9644426,3.2,0.42,0.22,0.17,0.19,,,,,
1833,7507968,1734,63812.483805811826,41289.81431340382,7.42,4388.59,-0.005730761206905299,4917.789098054171,0.9624496008036658,2.114543104e-05,0.8060576,3.27,0.41,0.22,0.17,0.2,,,,,
1834,7512064,1734,63812.483805811826,41289.81431340382,7.42,4388.59,-0.0039207002464536345,6427.895320057869,0.9207953022560105,2.114059776e-05,0.96121305,3.27,0.41,0.22,0.17,0.2,,,,,
1835,7516160,1735,63454.99227454812,41059.71666512334,7.41,4363.2,-0.004904605916635774,3410.19501888752,0.997525259735994,2.1135764480000002e-05,0.9873771,3.28,0.41,0.22,0.17,0.2,,,,,
1836,7520256,1737,62983.0267953261,40810.270848241045,7.4,4327.43,-0.003476407989182917,6855.8370678424835,0.9448732705786824,2.11309312e-05,0.9634288,3.31,0.4,0.22,0.18,0.2,,,,,
1837,7524352,1738,63249.04595461511,40958.902340396635,7.41,4347.33,-0.00459211308407248,4135.944591969252,0.9325896354857832,2.112609792e-05,0.94027436,3.29,0.41,0.21,0.18,0.2,,,,,
1838,7528448,1738,63249.04595461511,40958.902340396635,7.41,4347.33,-0.002341751007406856,6505.899513244629,0.906086174887605,2.112126464e-05,0.9716307,3.29,0.41,0.21,0.18,0.2,,,,,
1839,7532544,1740,62839.09561355084,40716.026736939115,7.37,4345.25,-0.0030453196268354077,11779.211677074432,0.9928158859256655,2.111643136e-05,0.9533863,3.25,0.41,0.22,0.17,0.2,,,,,
1840,7536640,1742,61594.37692981108,39978.29565389983,7.38,4274.58,-0.0013863956064597005,27712.83543920517,0.8707926764618605,2.1111598080000003e-05,0.943433,3.34,0.4,0.22,0.17,0.21,,,,,
1841,7540736,1742,61594.37692981108,39978.29565389983,7.38,4274.58,-0.0052056471849937225,2747.674627304077,0.9249626690289006,2.11067648e-05,0.9529412,3.34,0.4,0.22,0.17,0.21,,,,,
1842,7544832,1742,61594.37692981108,39978.29565389983,7.38,4274.58,-0.0023612776758454856,8168.104367852211,0.8353699637809768,2.1101931519999998e-05,0.98371696,3.34,0.4,0.22,0.17,0.21,,,,,
1843,7548928,1743,62018.62758377903,40215.786749150095,7.36,4317.32,-0.005141763299434388,5093.602039039135,0.9142303346889094,2.1097098240000002e-05,0.93164974,3.27,0.41,0.22,0.17,0.2,,,,,
1844,7553024,1744,62792.28646493644,40680.58106999199,7.37,4370.35,-0.0017847351896307373,10525.633403420448,0.9369683475233614,2.109226496e-05,0.9622432,3.22,0.42,0.22,0.17,0.19,,,,,
1845,7557120,1744,62792.28646493644,40680.58106999199,7.37,4370.35,-0.003693073965223448,11227.521016955376,0.9214356483425945,2.108743168e-05,0.9687571,3.22,0.42,0.22,0.17,0.19,,,,,
1846,7561216,1745,62856.88775225347,40724.62671952607,7.38,4363.62,-0.004323107922573399,3870.8402889966965,0.9150867462158203,2.10825984e-05,0.98741585,3.24,0.41,0.23,0.17,0.19,,,,,
1847,7565312,1745,62856.88775225347,40724.62671952607,7.38,4363.62,-0.004703586824234662,9246.525838434696,0.8958362657576799,2.107776512e-05,0.9747887,3.24,0.41,0.23,0.17,0.19,,,,,
1848,7569408,1746,64407.38336870546,41713.52811911653,7.43,4454.7,-0.003168141292007931,25248.945613384247,0.8648800882510841,2.107293184e-05,0.9709616,3.19,0.42,0.23,0.17,0.18,,,,,
1849,7573504,1748,63524.00286997379,41158.92437649406,7.37,4398.93,-0.0023144514998421073,9724.341265618801,0.9511636082315817,2.106809856e-05,0.8992715,3.19,0.41,0.23,0.19,0.17,,,,,
1850,7577600,1750,62083.63902094354,40270.41034056609,7.3,4319.83,-0.002778623122139834,10295.77233672142,0.9426252137636766,2.1063265279999998e-05,0.8877721,3.2,0.4,0.24,0.19,0.17,74887.29125588815,48799.64451049209,9.066666666666666,4687.133333333333,0.23333333333333334
1851,7581696,1751,61499.59709530787,39936.273146360145,7.3,4277.81,-0.0017663279631960904,10822.000228524208,0.8998318373924121,2.1058432000000002e-05,0.96456534,3.25,0.39,0.24,0.19,0.18,,,,,
1852,7585792,1752,62339.038704777835,40458.94293520513,7.35,4324.51,-0.0024578760130680166,6991.545853793621,0.8803593585034832,2.105359872e-05,0.9776384,3.25,0.39,0.24,0.19,0.18,,,,,
1853,7589888,1753,62457.111218421545,40507.18231097757,7.3,4343.92,-0.004136980633120402,4628.616448044777,1.0198529759654775,2.104876544e-05,0.9387747,3.18,0.4,0.24,0.19,0.17,,,,,
1854,7593984,1754,62433.83081533317,40494.96137761457,7.33,4328.49,-0.00459170213980542,5929.707453131676,0.8811814615037292,2.104393216e-05,0.948277,3.23,0.39,0.24,0.19,0.18,,,,,
1855,7598080,1755,62144.199015522485,40321.767631670016,7.31,4318.88,-0.005335295646546001,1426.371653854847,0.9382272362709045,2.103909888e-05,0.9794363,3.22,0.4,0.23,0.19,0.18,,,,,
1856,7602176,1757,60460.25460366172,39312.4320499933,7.26,4223.51,-0.0014239967313187663,29073.273824572563,0.9312439152272418,2.10342656e-05,0.8743181,3.28,0.39,0.23,0.19,0.19,,,,,
1857,7606272,1757,60460.25460366172,39312.4320499933,7.26,4223.51,-0.0025965160348278005,46494.750504016876,0.8081783964298666,2.102943232e-05,0.94849986,3.28,0.39,0.23,0.19,0.19,,,,,
1858,7610368,1759,58392.450178702384,38026.64925080925,7.19,4100.95,-0.004783717798090947,2255.834467291832,0.9680520185502246,2.102459904e-05,0.9294104,3.34,0.38,0.23,0.19,0.2,,,,,
1859,7614464,1759,58392.450178702384,38026.64925080925,7.19,4100.95,-0.002865449237106077,12866.19181394577,0.8626313868444413,2.101976576e-05,0.9617691,3.34,0.38,0.23,0.19,0.2,,,,,
1860,7618560,1759,58392.450178702384,38026.64925080925,7.19,4100.95,-0.0014721757961524418,43925.977894067764,0.8234662293689325,2.101493248e-05,0.9665733,3.34,0.38,0.23,0.19,0.2,,,,,
1861,7622656,1761,58588.225228716925,38133.896290394885,7.17,4110.17,-0.004710581340077624,2890.709948658943,1.0115822408115491,2.1010099199999998e-05,0.84625834,3.31,0.38,0.24,0.18,0.2,,,,,
1862,7626752,1762,57658.058329396714,37528.39653028301,7.11,4075.16,-0.004538124261671328,4944.133809626102,0.9640369738917798,2.1005265920000002e-05,0.9454595,3.28,0.39,0.24,0.17,0.2,,,,,
1863,7630848,1762,57658.058329396714,37528.39653028301,7.11,4075.16,-0.004550705560177448,8579.605707645416,0.828883973415941,2.100043264e-05,0.98405075,3.28,0.39,0.24,0.17,0.2,,,,,
1864,7634944,1762,57658.058329396714,37528.39653028301,7.11,4075.16,-0.0014597897124986048,81920.56662130356,0.8158223915379494,2.099559936e-05,0.96923095,3.28,0.39,0.24,0.17,0.2,,,,,
1865,7639040,1763,59530.64460483377,38699.83049007273,7.17,4159.95,-0.0015653842474421253,73850.08531069756,0.9425295845139772,2.099076608e-05,0.94148725,3.25,0.39,0.25,0.16,0.2,,,,,
1866,7643136,1764,60024.34358763716,38999.52655653996,7.21,4196.84,-0.003821122612862382,5288.614044249058,0.9951503729680553,2.09859328e-05,0.9244429,3.25,0.39,0.25,0.16,0.2,,,,,
1867,7647232,1764,60024.34358763716,38999.52655653996,7.21,4196.84,-0.0050748309686241555,2655.466709136963,0.9077573689864948,2.098109952e-05,0.98194885,3.25,0.39,0.25,0.16,0.2,,,,,
1868,7651328,1766,60061.603951614794,39021.28351996136,7.21,4211.94,-0.002749177177065576,7047.117571949959,0.9636193776968867,2.097626624e-05,0.95596266,3.23,0.4,0.25,0.14,0.21,,,,,
1869,7655424,1767,60989.07679518392,39605.52355258082,7.24,4264.9,-0.004677197577620973,10985.490024209023,0.8677231724141166,2.0971432959999998e-05,0.9715615,3.2,0.4,0.26,0.14,0.2,,,,,
1870,7659520,1768,60848.41767212849,39510.37501839724,7.29,4251.43,-0.0016572946378801134,14497.367718935013,0.9538671659538522,2.0966599680000002e-05,0.9762359,3.26,0.4,0.26,0.13,0.21,,,,,
1871,7663616,1769,61276.176903693275,39791.38312662522,7.35,4261.05,-0.002342620096897008,30140.196938991547,0.9625735842855647,2.09617664e-05,0.70823455,3.32,0.39,0.26,0.13,0.22,,,,,
1872,7667712,1771,60441.525741462705,39243.86673167872,7.3,4207.28,-0.007244980079121888,1656.4911448657513,1.0055939047597349,2.095693312e-05,0.97087014,3.33,0.38,0.27,0.13,0.22,,,,,
1873,7671808,1771,60441.525741462705,39243.86673167872,7.3,4207.28,-0.0047197771336868755,4825.482690691948,0.9414080051938072,2.095209984e-05,0.9633176,3.33,0.38,0.27,0.13,0.22,,,,,
1874,7675904,1772,61038.32785907938,39608.682389980524,7.33,4243.32,-0.004905486138341075,6985.591674268246,0.874273160006851,2.094726656e-05,0.96083695,3.32,0.39,0.26,0.13,0.22,,,,,
1875,7680000,1773,60662.55325392779,39358.903430698105,7.32,4213.15,-0.004314665882702684,9194.548109292984,0.9267298709601164,2.094243328e-05,0.9731505,3.34,0.38,0.27,0.13,0.22,77297.29335478887,50024.47120231613,9.0,4663.133333333333,0.3333333333333333
1876,7684096,1773,60662.55325392779,39358.903430698105,7.32,4213.15,-0.006211297886693501,4554.718043744564,0.8269909059163183,2.09376e-05,0.9771196,3.34,0.38,0.27,0.13,0.22,,,,,
1877,7688192,1774,61482.855371585836,39863.64987113627,7.36,4259.75,-0.004695079647717648,9351.228042244911,0.8831070141168311,2.093276672e-05,0.9782336,3.33,0.39,0.26,0.13,0.22,,,,,
1878,7692288,1774,61482.855371585836,39863.64987113627,7.36,4259.75,-0.003923946747818263,6629.308469891548,0.912630207836628,2.092793344e-05,0.98050785,3.33,0.39,0.26,0.13,0.22,,,,,
1879,7696384,1774,61482.855371585836,39863.64987113627,7.36,4259.75,-0.001027775611873949,44618.11097562313,0.839052016264759,2.092310016e-05,0.97404194,3.33,0.39,0.26,0.13,0.22,,,,,
1880,7700480,1775,62121.207419127604,40281.211535585964,7.39,4274.4,-0.0024087351530397427,46877.43780720234,1.0062607700238004,2.0918266879999998e-05,0.9573764,3.35,0.38,0.27,0.13,0.22,,,,,
1881,7704576,1776,62488.37339930884,40488.932848433506,7.4,4303.75,-0.003290643164291396,7186.63970631361,0.9875282406574115,2.0913433600000002e-05,0.94707084,3.33,0.38,0.28,0.12,0.22,,,,,
1882,7708672,1778,61992.24778413133,40151.85690428312,7.38,4280.64,-0.00544732795242453,5513.189241707325,0.9428017098689452,2.090860032e-05,0.95103294,3.33,0.37,0.29,0.12,0.22,,,,,
1883,7712768,1780,61046.58716542004,39562.59291677784,7.4,4206.75,-0.0033824702099991555,9416.266360104084,0.9126075464300811,2.090376704e-05,0.9786534,3.43,0.35,0.3,0.12,0.23,,,,,
1884,7716864,1780,61046.58716542004,39562.59291677784,7.4,4206.75,-0.002464619714373839,11151.37958073616,0.9643466855632141,2.089893376e-05,0.917763,3.43,0.35,0.3,0.12,0.23,,,,,
1885,7720960,1781,61196.02689051159,39610.47052353083,7.36,4234.54,-0.0032702576463634614,13036.728825509548,0.9506044397130609,2.089410048e-05,0.95473075,3.35,0.36,0.3,0.12,0.22,,,,,
1886,7725056,1782,60777.68391003762,39349.29307965443,7.35,4202.47,-0.0037445116445269377,4461.102649927139,0.984642397146672,2.08892672e-05,0.9736855,3.38,0.35,0.3,0.13,0.22,,,,,
1887,7729152,1783,60457.12192480628,39153.52893090634,7.34,4183.92,-0.0036373388875290402,4542.26294413209,0.9379104331601411,2.088443392e-05,0.94739544,3.39,0.35,0.3,0.13,0.22,,,,,
1888,7733248,1785,60764.56346381475,39341.757897034964,7.35,4211.43,-0.00407990284384141,4178.530865967274,1.0235716858878732,2.0879600639999998e-05,0.93906873,3.37,0.36,0.29,0.13,0.22,,,,,
1889,7737344,1786,60691.03102896045,39317.06408722904,7.38,4194.2,-0.002637639290696825,6876.118430554867,0.896728852763772,2.0874767360000002e-05,0.9455869,3.42,0.35,0.29,0.13,0.23,,,,,
1890,7741440,1787,61157.53649797917,39617.19096107532,7.41,4226.37,-0.003892916988888828,6144.175441622734,0.9657522652996704,2.086993408e-05,0.9564711,3.42,0.35,0.29,0.13,0.23,,,,,
1891,7745536,1788,60990.33849316053,39511.52561766308,7.41,4210.72,-0.0038223506753638503,10486.341592252254,1.038542713969946,2.08651008e-05,0.97213376,3.44,0.34,0.3,0.13,0.23,,,,,
1892,7749632,1789,61179.650329554344,39600.5985090508,7.39,4220.07,-0.0037827449186806916,7848.883678138256,0.9166025227168575,2.086026752e-05,0.9687578,3.41,0.34,0.3,0.13,0.23,,,,,
1893,7753728,1790,60579.32878663395,39180.78246900447,7.31,4213.04,-0.003950722578338173,4075.264465868473,1.0366976292571053,2.085543424e-05,0.941589,3.33,0.34,0.31,0.13,0.22,,,,,
1894,7757824,1791,61016.7022214318,39430.01078860044,7.31,4249.18,-0.009650555590269505,2153.838467657566,0.9593602807726711,2.085060096e-05,0.9665492,3.29,0.35,0.31,0.12,0.22,,,,,
1895,7761920,1793,61098.4716203593,39514.62376076446,7.34,4260.58,-0.005005447497751447,3723.8276539444923,0.9650365523993969,2.084576768e-05,0.9388079,3.31,0.35,0.31,0.11,0.23,,,,,
1896,7766016,1795,60163.19575149752,38923.42794890253,7.29,4195.54,-0.005035997198319819,1840.3383374214172,1.0510715993586928,2.08409344e-05,0.9769337,3.33,0.33,0.33,0.11,0.23,,,,,
1897,7770112,1796,60344.78028556374,39033.35539641406,7.29,4215.06,-0.003983547672760324,5353.099316120148,0.9686393823940307,2.083610112e-05,0.87156713,3.31,0.34,0.32,0.11,0.23,,,,,
1898,7774208,1796,60344.78028556374,39033.35539641406,7.29,4215.06,-0.005033111505326815,4791.0780918598175,1.0306345750577748,2.083126784e-05,0.9525294,3.31,0.34,0.32,0.11,0.23,,,,,
1899,7778304,1796,60344.78028556374,39033.35539641406,7.29,4215.06,-0.0017227239768544678,17044.40262567997,0.8207701632054523,2.0826434559999998e-05,0.97699064,3.31,0.34,0.32,0.11,0.23,,,,,
1900,7782400,1798,60964.45910040691,39455.444549067935,7.31,4234.24,-0.0022457180439232616,70514.19175851345,0.9141423880355433,2.0821601280000002e-05,0.9642786,3.32,0.34,0.32,0.11,0.23,66025.71920951697,42820.03199113443,8.5,4228.2,0.23333333333333334
1901,7786496,1798,60964.45910040691,39455.444549067935,7.31,4234.24,-0.004530028315457457,6429.002375483513,0.9852048902539536,2.0816768e-05,0.9747734,3.32,0.34,0.32,0.11,0.23,,,,,
1902,7790592,1799,60802.33537549094,39362.664841907615,7.31,4216.41,-0.004682033179051359,5134.04614007473,0.9328231274848804,2.081193472e-05,0.97952396,3.34,0.33,0.33,0.11,0.23,,,,,
1903,7794688,1803,59964.84889242026,38849.716197629554,7.3,4149.46,-0.0016641795873511,9594.453337788582,1.0202985580544919,2.080710144e-05,0.96978265,3.41,0.32,0.32,0.12,0.24,,,,,
1904,7798784,1803,59964.84889242026,38849.716197629554,7.3,4149.46,-0.0035851634820573963,11732.26275330782,0.8860910745570436,2.080226816e-05,0.9577431,3.41,0.32,0.32,0.12,0.24,,,,,
1905,7802880,1804,60373.51148647529,39078.32632745292,7.27,4179.43,-0.005179067786230007,3041.30613809824,0.9710163130657747,2.079743488e-05,0.9684768,3.34,0.32,0.33,0.12,0.23,,,,,
1906,7806976,1805,60254.582684775545,38992.30485352761,7.26,4180.02,-0.003152267043333268,10403.982103943825,0.920438319328241,2.07926016e-05,0.95858634,3.32,0.33,0.32,0.12,0.23,,,,,
1907,7811072,1806,58797.17789015654,38072.8849718016,7.23,4105.9,-0.0017590977804502472,12983.572208046913,0.9591213475214317,2.0787768319999998e-05,0.96896636,3.37,0.33,0.31,0.12,0.24,,,,,
1908,7815168,1806,58797.17789015654,38072.8849718016,7.23,4105.9,-0.0010908409094554372,21775.996822297573,0.8618814131477848,2.0782935040000002e-05,0.9849019,3.37,0.33,0.31,0.12,0.24,,,,,
1909,7819264,1808,59291.801293063516,38408.351997520054,7.3,4112.12,-0.005225055343544227,22442.31173682213,0.9368623746559024,2.077810176e-05,0.96151876,3.44,0.31,0.31,0.14,0.24,,,,,
1910,7823360,1810,58813.79809861993,38097.23821151884,7.25,4105.41,-0.003168171541801712,5719.312656253576,0.9411743814125657,2.077326848e-05,0.9315431,3.39,0.31,0.32,0.13,0.24,,,,,
1911,7827456,1811,58581.72842429695,37918.859839050354,7.2,4110.45,-0.0028110445618949598,7150.298772871494,0.9725331114605069,2.07684352e-05,0.86611044,3.33,0.32,0.32,0.13,0.23,,,,,
1912,7831552,1811,58581.72842429695,37918.859839050354,7.2,4110.45,-0.002839445807694574,18877.871756911278,0.9032937954179943,2.076360192e-05,0.97427547,3.33,0.32,0.32,0.13,0.23,,,,,
1913,7835648,1812,58365.25518550582,37801.1832765162,7.21,4079.98,-0.0029483106882253196,33010.324430942535,0.9143217013916001,2.075876864e-05,0.97783786,3.37,0.31,0.32,0.14,0.23,,,,,
1914,7839744,1813,57868.24235063902,37474.42264501844,7.17,4059.89,-0.004495817831411841,5955.640625596046,0.9551080876262859,2.075393536e-05,0.9478535,3.34,0.32,0.32,0.13,0.23,,,,,
1915,7843840,1814,57101.63906561829,37009.489841039365,7.14,4019.66,-0.003640307377281715,6859.252519547939,0.8952825288288295,2.074910208e-05,0.97323775,3.36,0.31,0.33,0.13,0.23,,,,,
1916,7847936,1816,56473.668468013595,36639.77411030844,7.19,3971.89,-0.002607384803923196,7214.128741681576,0.9682556601474062,2.07442688e-05,0.98371714,3.46,0.31,0.31,0.13,0.25,,,,,
1917,7852032,1816,56473.668468013595,36639.77411030844,7.19,3971.89,-0.0038950541411395534,5901.634026944637,0.8786030493211001,2.073943552e-05,0.9877986,3.46,0.31,0.31,0.13,0.25,,,,,
1918,7856128,1818,57199.85934133032,37126.60651977094,7.25,3988.54,-0.0014658984164270805,48172.454446554184,0.9617191524012014,2.0734602239999998e-05,0.9512194,3.52,0.3,0.31,0.13,0.26,,,,,
1919,7860224,1818,57199.85934133032,37126.60651977094,7.25,3988.54,-0.002745361494817189,19090.029030799866,0.9492815175326541,2.0729768960000002e-05,0.9660834,3.52,0.3,0.31,0.13,0.26,,,,,
1920,7864320,1819,57638.29188287984,37421.835514547645,7.28,4007.85,-0.0017735797473505954,11534.783618330956,0.9003516525262967,2.072493568e-05,0.93222773,3.54,0.3,0.3,0.14,0.26,,,,,
1921,7868416,1821,56534.538189028055,36711.98900058891,7.23,3947.46,-0.003067534176807385,5031.337456583977,0.9820244562579319,2.07201024e-05,0.9647641,3.55,0.3,0.3,0.14,0.26,,,,,
1922,7872512,1821,56534.538189028055,36711.98900058891,7.23,3947.46,-0.006184196239701123,4078.6691683530807,0.8878193983109668,2.071526912e-05,0.9761729,3.55,0.3,0.3,0.14,0.26,,,,,
1923,7876608,1821,56534.538189028055,36711.98900058891,7.23,3947.46,-0.0012320280093263136,27649.49606347084,0.8576788433128968,2.071043584e-05,0.9758414,3.55,0.3,0.3,0.14,0.26,,,,,
1924,7880704,1822,58273.303384694904,37802.20738816575,7.32,4038.21,-0.0022173914485392743,29396.55419176817,1.0274795673321933,2.070560256e-05,0.9708285,3.55,0.3,0.3,0.14,0.26,,,,,
1925,7884800,1824,58691.03050032477,38030.30003977767,7.22,4078.07,-0.005173248924620566,4409.910962879658,0.9643733124248683,2.070076928e-05,0.9510012,3.4,0.31,0.31,0.14,0.24,70756.64693981406,46089.722279020134,8.666666666666666,4443.5,0.23333333333333334
1926,7888896,1824,58691.03050032477,38030.30003977767,7.22,4078.07,-0.005038091832830105,2950.3527539372444,0.9604610519018024,2.0695935999999998e-05,0.9665623,3.4,0.31,0.31,0.14,0.24,,,,,
1927,7892992,1825,59130.086582461714,38297.6409506784,7.21,4119.42,-0.002310498111455672,13379.497122764587,0.957593011087738,2.0691102720000002e-05,0.9585545,3.34,0.32,0.31,0.14,0.23,,,,,
1928,7897088,1826,58895.61253782413,38146.672990126695,7.19,4112.65,-0.006822202476541861,2740.372994363308,0.9792140332283452,2.068626944e-05,0.93312126,3.33,0.33,0.3,0.14,0.23,,,,,
1929,7901184,1826,58895.61253782413,38146.672990126695,7.19,4112.65,-0.006216535887688224,2186.1308848559856,0.9446448622038588,2.068143616e-05,0.97527045,3.33,0.33,0.3,0.14,0.23,,,,,
1930,7905280,1828,59511.35807413087,38511.13176026707,7.17,4159.77,-0.0031627788475816487,5757.539241164923,0.9470964894862846,2.067660288e-05,0.9750708,3.26,0.34,0.31,0.13,0.22,,,,,
1931,7909376,1828,59511.35807413087,38511.13176026707,7.17,4159.77,-0.007125779116904596,2409.1350988447666,0.9285332284634933,2.06717696e-05,0.9725057,3.26,0.34,0.31,0.13,0.22,,,,,
1932,7913472,1828,59511.35807413087,38511.13176026707,7.17,4159.77,-0.0008865095960572944,11790.511151909828,0.8716921419836581,2.066693632e-05,0.97014767,3.26,0.34,0.31,0.13,0.22,,,,,
1933,7917568,1829,61046.52154476335,39495.84816745538,7.26,4252.6,-0.0032924256365731708,9814.188721597195,0.9329366794554517,2.066210304e-05,0.9798038,3.25,0.35,0.3,0.13,0.22,,,,,
1934,7921664,1830,61559.73286423826,39822.63823754865,7.26,4296.19,-0.0035084161299892003,6490.27217566967,1.0141230516601354,2.0657269759999998e-05,0.9641472,3.2,0.36,0.3,0.13,0.21,,,,,
1935,7925760,1831,61780.28892559891,40003.00308410418,7.29,4296.19,-0.0015939852892188355,10984.92382645607,0.9105871632928029,2.065243648e-05,0.96934336,3.24,0.35,0.3,0.14,0.21,,,,,
1936,7929856,1832,61306.69386622706,39731.52982197526,7.28,4263.42,-0.0028438988811103627,14920.29730284214,1.0005744888912886,2.06476032e-05,0.9175083,3.27,0.34,0.3,0.15,0.21,,,,,
1937,7933952,1832,61306.69386622706,39731.52982197526,7.28,4263.42,-0.0064051932604343165,2349.9510315060616,0.9504095229785889,2.0642769919999998e-05,0.9784016,3.27,0.34,0.3,0.15,0.21,,,,,
1938,7938048,1832,61306.69386622706,39731.52982197526,7.28,4263.42,-0.0018250422572236857,14399.14889127016,0.8386389137012884,2.0637936640000002e-05,0.9749686,3.27,0.34,0.3,0.15,0.21,,,,,
1939,7942144,1833,62982.343713865885,40772.578234306064,7.31,4359.23,-0.0010333483787690056,60125.05394601822,0.915951024973765,2.063310336e-05,0.965284,3.2,0.35,0.3,0.15,0.2,,,,,
1940,7946240,1834,63095.41340870712,40847.45376477669,7.32,4364.39,-0.00429035455090343,7037.540869295597,0.9348924777004868,2.062827008e-05,0.96996605,3.2,0.35,0.3,0.15,0.2,,,,,
1941,7950336,1834,63095.41340870712,40847.45376477669,7.32,4364.39,-0.0012004290183540434,38380.175562500954,0.9183254697127268,2.06234368e-05,0.982134,3.2,0.35,0.3,0.15,0.2,,,,,
1942,7954432,1835,64597.146072769276,41816.35106200287,7.39,4411.86,-0.000876362100825645,233479.50282287598,0.8411863963119686,2.061860352e-05,0.94733423,3.23,0.35,0.29,0.15,0.21,,,,,
1943,7958528,1835,64597.146072769276,41816.35106200287,7.39,4411.86,-0.002186847223129007,10772.76721471548,0.863009127904661,2.061377024e-05,0.9878018,3.23,0.35,0.29,0.15,0.21,,,,,
1944,7962624,1835,64597.146072769276,41816.35106200287,7.39,4411.86,-0.0010020091704063816,91355.47156786919,0.8184241036651656,2.060893696e-05,0.9627652,3.23,0.35,0.29,0.15,0.21,,,,,
1945,7966720,1836,66095.32152293339,42770.92479148048,7.45,4461.01,-0.0018527024167269701,186279.19902026653,0.8376525052590296,2.0604103679999998e-05,0.94731635,3.24,0.35,0.29,0.15,0.21,,,,,
1946,7970816,1837,66846.69592674337,43243.38784469273,7.51,4489.93,-0.0015006347093731165,27126.59337770939,0.8865992025239393,2.0599270400000002e-05,0.9649982,3.27,0.35,0.28,0.16,0.21,,,,,
1947,7974912,1837,66846.69592674337,43243.38784469273,7.51,4489.93,-0.00208927131643577,14434.178543448448,0.9022824047133327,2.059443712e-05,0.9654416,3.27,0.35,0.28,0.16,0.21,,,,,
1948,7979008,1838,67616.20408436056,43752.61054869487,7.56,4524.28,-0.004514919679422746,4828.919740587473,0.9883453223155811,2.0589603839999997e-05,0.97541404,3.29,0.34,0.29,0.16,0.21,,,,,
1949,7983104,1838,67616.20408436056,43752.61054869487,7.56,4524.28,-0.0031925499970384408,3263.0636170506477,0.9369479822926223,2.058477056e-05,0.9812104,3.29,0.34,0.29,0.16,0.21,,,,,
1950,7987200,1839,68209.64434190319,44104.9618919757,7.58,4558.1,-0.0020919742037222022,15365.787410616875,0.8975876498734578,2.057993728e-05,0.9759562,3.27,0.35,0.28,0.16,0.21,84697.2278662492,55029.40809253077,9.4,5086.966666666666,0.4
1951,7991296,1840,68662.78076549072,44356.653507737654,7.58,4586.36,-0.0034026071243715705,9111.373556554317,0.9049182460876182,2.0575104e-05,0.9747875,3.24,0.35,0.29,0.16,0.2,,,,,
1952,7995392,1840,68662.78076549072,44356.653507737654,7.58,4586.36,-0.0013564719438363682,13993.374876499176,0.9061785674421117,2.057027072e-05,0.97802943,3.24,0.35,0.29,0.16,0.2,,,,,
1953,7999488,1842,69426.80492071698,44815.06227818591,7.53,4632.66,-0.0027512415526871337,17865.7361600399,0.9805888684932142,2.0565437439999998e-05,0.9526116,3.14,0.35,0.3,0.17,0.18,,,,,
1954,8003584,1843,68294.8127290253,44120.49021826785,7.49,4564.83,-0.006645743885201227,2660.1582974791527,1.0813094991026446,2.056060416e-05,0.96232486,3.17,0.34,0.3,0.18,0.18,,,,,
1955,8007680,1843,68294.8127290253,44120.49021826785,7.49,4564.83,-0.003530572018462408,6694.446917235851,0.9516309694154188,2.055577088e-05,0.98421365,3.17,0.34,0.3,0.18,0.18,,,,,
1956,8011776,1843,68294.8127290253,44120.49021826785,7.49,4564.83,-0.001607247679203283,36141.17365646362,0.9295580196194351,2.0550937599999998e-05,0.96577096,3.17,0.34,0.3,0.18,0.18,,,,,
1957,8015872,1844,69038.23692204017,44597.163093374234,7.52,4599.5,-0.003182223788826377,39173.109014332294,0.8775834501720965,2.0546104320000002e-05,0.9695588,3.17,0.34,0.3,0.18,0.18,,,,,
1958,8019968,1847,66490.620198566,42977.00444777201,7.4,4460.07,-0.0027348692319719703,13252.558611989021,0.9761629909044132,2.054127104e-05,0.9517213,3.2,0.34,0.29,0.18,0.19,,,,,
1959,8024064,1848,66869.22709869898,43215.89864966134,7.43,4482.47,-0.00419976264674915,5606.709156155586,0.9064892766764387,2.053643776e-05,0.94207484,3.21,0.34,0.29,0.17,0.2,,,,,
1960,8028160,1851,66504.88225667918,42961.93527621742,7.4,4461.04,-0.003963897779613035,2938.501227378845,1.0057933350326493,2.053160448e-05,0.96574646,3.2,0.34,0.29,0.18,0.19,,,,,
1961,8032256,1851,66504.88225667918,42961.93527621742,7.4,4461.04,-0.002698128429983626,8246.683607578278,0.9328268290264532,2.05267712e-05,0.9684791,3.2,0.34,0.29,0.18,0.19,,,,,
1962,8036352,1852,67012.55268140383,43263.541937458205,7.41,4496.48,-0.00358915152719419,7148.271869897842,0.9670678130351007,2.052193792e-05,0.98654014,3.17,0.35,0.29,0.17,0.19,,,,,
1963,8040448,1852,67012.55268140383,43263.541937458205,7.41,4496.48,-0.004224683946631558,4043.6704711318016,0.9495363959576935,2.051710464e-05,0.9845593,3.17,0.35,0.29,0.17,0.19,,,,,
1964,8044544,1853,68256.75635270303,44067.58743696372,7.48,4555.23,-0.0016791776070022024,43782.105998158455,0.838789694942534,2.0512271359999998e-05,0.9678988,3.18,0.34,0.3,0.17,0.19,,,,,
1965,8048640,1854,68119.39605403243,43983.69905126643,7.5,4544.9,-0.0048850209977899794,10301.583000063896,0.9412269813474268,2.0507438080000002e-05,0.8938289,3.21,0.34,0.3,0.17,0.19,,,,,
1966,8052736,1854,68119.39605403243,43983.69905126643,7.5,4544.9,-0.0024517070023648557,14260.182325005531,0.8379919639555737,2.05026048e-05,0.9808884,3.21,0.34,0.3,0.17,0.19,,,,,
1967,8056832,1857,68341.78829177361,44088.7917488066,7.48,4542.83,-0.0008973462417998235,25980.86377799511,1.0431391865713522,2.0497771519999997e-05,0.40551722,3.2,0.33,0.31,0.18,0.18,,,,,
1968,8060928,1858,67626.23948472836,43605.54758969905,7.42,4523.25,-0.002878092533137533,9721.164095938206,0.9607945366296917,2.049293824e-05,0.9510747,3.16,0.33,0.32,0.18,0.17,,,,,
1969,8065024,1861,65957.77997128355,42560.26188677555,7.37,4424.16,-0.0034789007222570945,3437.996907353401,0.9945644827093929,2.048810496e-05,0.9438448,3.21,0.32,0.32,0.18,0.18,,,,,
1970,8069120,1863,63799.24801329484,41199.5052950277,7.31,4318.86,-0.0031904945226415293,5702.818020999432,1.0074940149206668,2.048327168e-05,0.9655494,3.26,0.31,0.32,0.18,0.19,,,,,
1971,8073216,1864,63723.192142427324,41172.646134113136,7.33,4299.31,-0.0017360064794047503,11111.231780409813,0.8980010648956522,2.04784384e-05,0.97380126,3.3,0.3,0.32,0.19,0.19,,,,,
1972,8077312,1865,63176.58549078004,40835.434657414145,7.33,4254.91,-0.0024497914309904445,22687.193850040436,0.9384214117890224,2.0473605119999998e-05,0.9688714,3.35,0.29,0.32,0.19,0.2,,,,,
1973,8081408,1865,63176.58549078004,40835.434657414145,7.33,4254.91,-0.0010982178546328214,147671.15779161453,0.8836373352678493,2.046877184e-05,0.9469005,3.35,0.29,0.32,0.19,0.2,,,,,
1974,8085504,1866,64905.78005228508,41948.29543156652,7.41,4326.65,-0.002556852998168324,16458.74946331978,0.9396777098299935,2.046393856e-05,0.89020586,3.36,0.29,0.32,0.19,0.2,,,,,
1975,8089600,1867,64500.99635279189,41676.81919439009,7.38,4313.3,-0.0036835407354374183,8345.354102730751,0.9543234430020675,2.0459105279999997e-05,0.9445085,3.34,0.3,0.31,0.19,0.2,84999.66126060708,55377.08718259617,9.4,5158.133333333333,0.4
1976,8093696,1868,65359.90803060667,42223.58186206211,7.36,4375.15,-0.004463597316316736,5240.057980000973,0.9640916314674541,2.0454272000000002e-05,0.97622794,3.25,0.31,0.31,0.19,0.19,,,,,
1977,8097792,1869,65142.15542417892,42068.44432416895,7.32,4373.57,-0.004051230155710073,6434.166619420052,1.0203554778127,2.044943872e-05,0.94351083,3.2,0.31,0.32,0.19,0.18,,,,,
1978,8101888,1870,64710.58656775186,41837.952295676216,7.35,4340.62,-0.0045328088071983075,11785.588450729847,0.9410683650057763,2.044460544e-05,0.93877953,3.27,0.31,0.31,0.19,0.19,,,,,
1979,8105984,1871,65103.60704555755,42080.331229122334,7.38,4367.77,-0.004842741160700825,3477.9912779927254,0.9689197783591226,2.043977216e-05,0.9600356,3.27,0.31,0.31,0.19,0.19,,,,,
1980,8110080,1872,64374.97643397872,41620.015439198505,7.34,4320.97,-0.0020862335159108625,9599.210307776928,1.0040287567535415,2.043493888e-05,0.98177147,3.28,0.3,0.32,0.19,0.19,,,,,
1981,8114176,1873,64866.90895448562,41949.37335101585,7.37,4339.81,-0.002562594557275588,14717.817671895027,0.9037387741263956,2.04301056e-05,0.9536172,3.3,0.3,0.31,0.2,0.19,,,,,
1982,8118272,1874,64112.31231713658,41470.880480241,7.33,4297.68,-0.006089957378208055,4008.139778316021,0.943501036381349,2.042527232e-05,0.9399912,3.3,0.3,0.31,0.2,0.19,,,,,
1983,8122368,1875,62844.717055202724,40670.551709441876,7.28,4244.09,-0.0032852672811714,6355.226938426495,0.9726446168497205,2.0420439039999998e-05,0.97467446,3.3,0.3,0.31,0.2,0.19,,,,,
1984,8126464,1876,62695.05645077249,40590.33128135233,7.27,4233.93,-0.00512379967221932,2173.729181587696,0.9579719706671312,2.041560576e-05,0.9667031,3.3,0.3,0.31,0.2,0.19,,,,,
1985,8130560,1876,62695.05645077249,40590.33128135233,7.27,4233.93,-0.003747932376427343,11905.221603393555,0.9521089788759127,2.041077248e-05,0.9715034,3.3,0.3,0.31,0.2,0.19,,,,,
1986,8134656,1877,63387.44505167454,41028.44484916112,7.3,4272.64,-0.0026422405171615537,12021.399529397488,0.8553832377074286,2.0405939199999997e-05,0.97509944,3.29,0.31,0.3,0.2,0.19,,,,,
1987,8138752,1877,63387.44505167454,41028.44484916112,7.3,4272.64,-0.003478644841834466,3780.440659403801,0.911174918175675,2.040110592e-05,0.9778043,3.29,0.31,0.3,0.2,0.19,,,,,
1988,8142848,1878,64519.36318735718,41732.91442175667,7.36,4336.66,-0.0025489258387096925,19375.55712580681,0.9557049389695749,2.039627264e-05,0.9709391,3.28,0.32,0.29,0.2,0.19,,,,,
1989,8146944,1878,64519.36318735718,41732.91442175667,7.36,4336.66,-0.003849643549983739,5251.7117565870285,0.9098082538694143,2.039143936e-05,0.9793783,3.28,0.32,0.29,0.2,0.19,,,,,
1990,8151040,1881,64414.55959096686,41694.06006811908,7.35,4323.29,-0.0009712696009955835,29534.901401758194,0.9338329331949353,2.038660608e-05,0.947748,3.28,0.32,0.28,0.21,0.19,,,,,
1991,8155136,1882,64255.24593788026,41586.72997736477,7.32,4315.89,-0.0023461669916287065,8056.690293371677,0.9426164558390155,2.0381772799999998e-05,0.9531948,3.25,0.33,0.28,0.2,0.19,,,,,
1992,8159232,1884,63297.154524020385,41015.572143745514,7.32,4240.61,-0.004643202782062872,5934.741039335728,1.0415141923585907,2.037693952e-05,0.96672785,3.33,0.32,0.27,0.21,0.2,,,,,
1993,8163328,1885,64330.72413439204,41684.91889721383,7.4,4292.88,-0.0022460239483734767,10704.74303561449,0.880784920649603,2.037210624e-05,0.9810841,3.36,0.31,0.27,0.22,0.2,,,,,
1994,8167424,1886,64342.83608297112,41683.82429932507,7.37,4307.7,-0.00544004066978232,4456.1667958498,1.0376225173240528,2.0367272959999997e-05,0.93887246,3.31,0.32,0.27,0.22,0.19,,,,,
1995,8171520,1886,64342.83608297112,41683.82429932507,7.37,4307.7,-0.004064033126269351,6171.744489908218,0.9663509834790602,2.0362439680000002e-05,0.9766788,3.31,0.32,0.27,0.22,0.19,,,,,
1996,8175616,1887,65114.51281010999,42142.756424001345,7.4,4347.31,-0.001514521617536957,12997.900322675705,0.9277626754483208,2.03576064e-05,0.9602782,3.3,0.32,0.27,0.22,0.19,,,,,
1997,8179712,1888,64514.24656146814,41767.72872247094,7.37,4310.96,-0.0047891019748931285,5460.373323917389,1.040583114256151,2.035277312e-05,0.9619737,3.31,0.32,0.26,0.23,0.19,,,,,
1998,8183808,1889,64651.746790501,41840.71218079183,7.35,4324.14,-0.006160416886814346,2684.995861440897,0.9800553735112771,2.034793984e-05,0.97750795,3.27,0.32,0.27,0.23,0.18,,,,,
1999,8187904,1889,64651.746790501,41840.71218079183,7.35,4324.14,-0.0026413721298013115,11738.78619813919,0.9188913265243173,2.034310656e-05,0.98032516,3.27,0.32,0.27,0.23,0.18,,,,,
2000,8192000,1890,65693.25476998594,42510.61934853316,7.4,4375.22,-0.002652797128575912,18721.473444640636,0.9398746371734887,2.033827328e-05,0.9636959,3.27,0.32,0.27,0.23,0.18,68529.62824096449,45203.299345910506,8.466666666666667,4187.8,0.2
2001,8196096,1892,65219.56526897915,42259.47877092048,7.42,4338.69,-0.003736495579687471,4453.1852759718895,1.083946882165037,2.033344e-05,0.9568692,3.33,0.31,0.27,0.23,0.19,,,,,
2002,8200192,1892,65219.56526897915,42259.47877092048,7.42,4338.69,-0.0015821530341781909,16105.01180255413,0.9012989348266274,2.0328606719999998e-05,0.97494584,3.33,0.31,0.27,0.23,0.19,,,,,
2003,8204288,1893,66544.25117757083,43079.39959668236,7.47,4405.61,-0.003241315539526113,9710.07412469387,0.9671991057693958,2.032377344e-05,0.97468895,3.31,0.31,0.27,0.24,0.18,,,,,
2004,8208384,1893,66544.25117757083,43079.39959668236,7.47,4405.61,-0.0020969977467757417,11641.913133740425,0.85236302530393,2.031894016e-05,0.98311734,3.31,0.31,0.27,0.24,0.18,,,,,
2005,8212480,1894,67517.48771787337,43694.09455751183,7.52,4457.27,-0.0019018478860743926,18524.254195690155,0.9618112399475649,2.0314106879999997e-05,0.96793467,3.3,0.32,0.26,0.24,0.18,,,,,
2006,8216576,1896,67710.29782653166,43805.50954524048,7.52,4464.31,-0.004831099088733026,2427.495029568672,1.0281187752261758,2.03092736e-05,0.9724282,3.29,0.33,0.25,0.24,0.18,,,,,
2007,8220672,1897,66115.93918248857,42812.09070930905,7.47,4389.69,-0.003558960986083548,6674.467799127102,1.0197995221242309,2.030444032e-05,0.95076203,3.32,0.33,0.24,0.24,0.19,,,,,
2008,8224768,1898,66455.79449662958,43019.076767729726,7.5,4416.38,-0.005816870192575152,2783.8045757114887,0.9856738450471312,2.029960704e-05,0.9181991,3.32,0.33,0.24,0.24,0.19,,,,,
2009,8228864,1899,66440.36525858179,42999.412184121065,7.49,4422.69,-0.003558979509762139,3543.1510995030403,0.9149526229593903,2.029477376e-05,0.9691384,3.3,0.34,0.23,0.24,0.19,,,,,
2010,8232960,1899,66440.36525858179,42999.412184121065,7.49,4422.69,-0.0037742922904726584,2853.125683248043,1.0010060142958537,2.0289940479999998e-05,0.9811162,3.3,0.34,0.23,0.24,0.19,,,,,
2011,8237056,1900,66925.72403035342,43306.50046203592,7.51,4447.06,-0.002855610019651067,21662.26294350624,0.8715361665235832,2.02851072e-05,0.97238135,3.3,0.34,0.23,0.24,0.19,,,,,
2012,8241152,1900,66925.72403035342,43306.50046203592,7.51,4447.06,-0.0038598914252361283,5477.700571060181,0.9748975456459448,2.028027392e-05,0.9668705,3.3,0.34,0.23,0.24,0.19,,,,,
2013,8245248,1901,67848.70912624967,43869.44302469692,7.52,4506.55,-0.0006116513450251659,57095.280797600746,0.9027751761022955,2.0275440639999997e-05,0.77080834,3.25,0.34,0.24,0.24,0.18,,,,,
2014,8249344,1901,67848.70912624967,43869.44302469692,7.52,4506.55,-0.0037921015373285627,6684.233797729015,0.900437164818868,2.027060736e-05,0.9803756,3.25,0.34,0.24,0.24,0.18,,,,,
2015,8253440,1902,68943.68134579374,44542.00571440095,7.57,4577.47,-0.0030615511404903373,7978.297657549381,0.9650703523075208,2.026577408e-05,0.98044527,3.22,0.35,0.24,0.23,0.18,,,,,
2016,8257536,1902,68943.68134579374,44542.00571440095,7.57,4577.47,-0.0014003598707859055,12802.990561127663,0.8850547369802371,2.02609408e-05,0.97778165,3.22,0.35,0.24,0.23,0.18,,,,,
2017,8261632,1902,68943.68134579374,44542.00571440095,7.57,4577.47,-0.001549599208374275,67134.69262957573,0.8251651044702157,2.025610752e-05,0.97315335,3.22,0.35,0.24,0.23,0.18,,,,,
2018,8265728,1903,71239.10052562659,46016.375337798156,7.67,4688.8,-0.00218438721185521,54509.079708755016,0.9616542560979724,2.025127424e-05,0.9498801,3.21,0.35,0.25,0.22,0.18,,,,,
2019,8269824,1903,71239.10052562659,46016.375337798156,7.67,4688.8,-0.0024931483449108782,21303.949519634247,0.8828246389748529,2.024644096e-05,0.95764744,3.21,0.35,0.25,0.22,0.18,,,,,
2020,8273920,1904,72173.86263243463,46595.45016692389,7.71,4736.07,-0.0023977632658898074,18588.85387122631,0.8590750981820747,2.024160768e-05,0.98392904,3.2,0.36,0.24,0.22,0.18,,,,,
2021,8278016,1905,71585.21086712262,46218.9167866963,7.69,4694.18,-0.003205102814717975,6782.872313976288,0.9073452899465337,2.0236774399999998e-05,0.96411115,3.23,0.35,0.24,0.23,0.18,,,,,
2022,8282112,1905,71585.21086712262,46218.9167866963,7.69,4694.18,-0.001643828282794857,8034.27840679884,0.9423230999382213,2.023194112e-05,0.97287226,3.23,0.35,0.24,0.23,0.18,,,,,
2023,8286208,1906,72517.3847675035,46792.860859768996,7.69,4758.95,-0.0021992760011926293,10145.423911809921,0.8392590483417735,2.022710784e-05,0.97128123,3.16,0.36,0.24,0.23,0.17,,,,,
2024,8290304,1907,71425.53441233268,46105.13970980621,7.64,4714.51,-0.004257475364283891,9603.34066104889,0.9996108454652131,2.0222274559999997e-05,0.9589977,3.15,0.36,0.25,0.22,0.17,,,,,
2025,8294400,1907,71425.53441233268,46105.13970980621,7.64,4714.51,-0.0013742345154241775,16163.919680595398,0.9041123167844489,2.021744128e-05,0.9817799,3.15,0.36,0.25,0.22,0.17,89303.42205698093,57985.1330701446,9.366666666666667,5047.733333333334,0.4
2026,8298496,1908,72710.0023964779,46924.71088052977,7.7,4779.47,-0.0027691895274983835,13754.169708132744,0.9949412775458768,2.0212608e-05,0.9690404,3.14,0.36,0.25,0.22,0.17,,,,,
2027,8302592,1908,72710.0023964779,46924.71088052977,7.7,4779.47,-0.002384986576544179,9099.220714271069,0.8940074765123427,2.020777472e-05,0.9870872,3.14,0.36,0.25,0.22,0.17,,,,,
2028,8306688,1909,74263.02451909517,47899.227745218996,7.77,4859.44,-0.0019569818969102926,60493.30801343918,0.8499393027741462,2.020294144e-05,0.97193724,3.13,0.37,0.24,0.22,0.17,,,,,
2029,8310784,1909,74263.02451909517,47899.227745218996,7.77,4859.44,-0.003985756748079439,5608.676930546761,0.9580147707602009,2.0198108159999998e-05,0.9477811,3.13,0.37,0.24,0.22,0.17,,,,,
2030,8314880,1911,74809.37081722166,48235.43804854989,7.83,4883.15,-0.0028524067092803307,13336.262428283691,0.9163856086088344,2.019327488e-05,0.9829341,3.16,0.37,0.24,0.22,0.17,,,,,
2031,8318976,1911,74809.37081722166,48235.43804854989,7.83,4883.15,-0.003836735426375526,7308.63941013813,0.9059750799788162,2.01884416e-05,0.96347094,3.16,0.37,0.24,0.22,0.17,,,,,
2032,8323072,1912,74475.12394852047,48014.983088093606,7.8,4888.06,-0.001541071743304201,18902.10892176628,0.8810791396535933,2.0183608319999997e-05,0.98015404,3.12,0.38,0.24,0.21,0.17,,,,,
2033,8327168,1912,74475.12394852047,48014.983088093606,7.8,4888.06,-0.0010054967306132312,30285.451713323593,0.8901477145263925,2.017877504e-05,0.97726196,3.12,0.38,0.24,0.21,0.17,,,,,
2034,8331264,1913,75238.57366317367,48520.00606394015,7.87,4907.23,-0.0012712232764897635,24890.874780774117,0.9727218656335026,2.017394176e-05,0.9571155,3.18,0.37,0.24,0.21,0.18,,,,,
2035,8335360,1914,75578.89288481204,48739.8937522951,7.9,4913.69,-0.0033668209298411966,7921.125620961189,0.9328151613008231,2.016910848e-05,0.9773325,3.2,0.37,0.23,0.22,0.18,,,,,
2036,8339456,1915,75328.91959276097,48557.47732444757,7.86,4915.32,-0.003946435479520005,3465.748921751976,0.8917619000421837,2.01642752e-05,0.9692605,3.15,0.38,0.23,0.22,0.17,,,,,
2037,8343552,1916,75977.76309458497,48960.34828849311,7.84,4962.09,-0.0031230444019456627,11935.347119927406,1.0282464212505147,2.015944192e-05,0.95177025,3.08,0.38,0.24,0.22,0.16,,,,,
2038,8347648,1917,74634.40014546932,48094.592892931076,7.75,4905.76,-0.006658656880972558,3756.7251084446907,0.9530918957898393,2.0154608640000003e-05,0.9439292,3.04,0.39,0.24,0.21,0.16,,,,,
2039,8351744,1918,75204.30123462885,48458.109035513786,7.76,4945.77,-0.003910059377631114,8767.274769723415,1.0012954021804035,2.014977536e-05,0.9618203,3.01,0.39,0.25,0.21,0.15,,,,,
2040,8355840,1918,75204.30123462885,48458.109035513786,7.76,4945.77,-0.006029381258485955,2910.4846905469894,0.9723187990020961,2.014494208e-05,0.97938335,3.01,0.39,0.25,0.21,0.15,,,,,
2041,8359936,1918,75204.30123462885,48458.109035513786,7.76,4945.77,-0.0013173888755773078,23841.794713258743,0.8229115315480158,2.0140108800000002e-05,0.9788255,3.01,0.39,0.25,0.21,0.15,,,,,
2042,8364032,1919,76410.8385972123,49207.68890225286,7.79,5011.01,-0.0014401937551156152,89265.77784633636,0.9439641941571608,2.013527552e-05,0.96748817,2.97,0.4,0.25,0.2,0.15,,,,,
2043,8368128,1921,76540.75154038092,49294.75297192724,7.83,5009.76,-0.0014165341999614611,21358.111559987068,0.8937047008657828,2.013044224e-05,0.96609527,3.02,0.39,0.25,0.2,0.16,,,,,
2044,8372224,1922,75065.8037612182,48370.64745278012,7.77,4932.48,-0.005200557068747003,9487.710097193718,0.8959187767468393,2.012560896e-05,0.94064635,3.04,0.38,0.26,0.2,0.16,,,,,
2045,8376320,1922,75065.8037612182,48370.64745278012,7.77,4932.48,-0.0032844631632542587,4334.71179485321,0.8845614491729066,2.012077568e-05,0.96536493,3.04,0.38,0.26,0.2,0.16,,,,,
2046,8380416,1923,75170.3607755359,48430.37407864923,7.77,4942.8,-0.0031831787346163765,7836.700064480305,0.9799187402240932,2.0115942400000003e-05,0.94430566,3.03,0.39,0.25,0.2,0.16,,,,,
2047,8384512,1924,75473.78525872531,48632.518451309305,7.8,4961.89,-0.004671282254093967,6956.79471296072,0.9340823524398729,2.011110912e-05,0.94255453,3.04,0.38,0.26,0.2,0.16,,,,,
2048,8388608,1926,74663.61491133909,48105.26113744287,7.8,4897.28,-0.0025929498165169207,7951.047316670418,0.8997023005504161,2.010627584e-05,0.92117846,3.11,0.36,0.27,0.2,0.17,,,,,
2049,8392704,1927,74286.64752492047,47865.14278521172,7.78,4875.73,-0.004741921242384706,4351.406986415386,0.9412321097915992,2.0101442560000002e-05,0.96014297,3.11,0.36,0.27,0.2,0.17,,,,,
2050,8396800,1927,74286.64752492047,47865.14278521172,7.78,4875.73,-0.002838564452758874,6389.798548579216,0.9109995032195002,2.009660928e-05,0.96127856,3.11,0.36,0.27,0.2,0.17,85432.54212980863,55381.77113744037,9.366666666666667,5031.666666666667,0.36666666666666664
2051,8400896,1928,74982.52506279435,48295.39620518815,7.82,4927.45,-0.002223412941020797,6726.526187539101,0.991461121942848,2.0091776e-05,0.96580493,3.09,0.37,0.26,0.2,0.17,,,,,
2052,8404992,1929,74034.99801302403,47716.918801101245,7.79,4873.84,-0.003516632667469821,10079.46646785736,0.9784048815490678,2.008694272e-05,0.9547622,3.12,0.36,0.26,0.21,0.17,,,,,
2053,8409088,1929,74034.99801302403,47716.918801101245,7.79,4873.84,-0.0022469925970654003,29114.66704773903,0.8722509553190321,2.008210944e-05,0.971402,3.12,0.36,0.26,0.21,0.17,,,,,
2054,8413184,1930,74702.91956643728,48151.02615826587,7.83,4901.43,-0.0027126409568154486,5951.155779927969,0.8660660084569827,2.007727616e-05,0.98540246,3.14,0.35,0.27,0.21,0.17,,,,,
2055,8417280,1932,74543.28533895983,48000.86247030563,7.86,4881.74,-0.0015954436785250437,38437.354974627495,0.9200734437908977,2.007244288e-05,0.9642207,3.19,0.35,0.27,0.2,0.18,,,,,
2056,8421376,1932,74543.28533895983,48000.86247030563,7.86,4881.74,-0.005005959984373476,4868.7781418561935,0.9927124364767224,2.00676096e-05,0.9555666,3.19,0.35,0.27,0.2,0.18,,,,,
2057,8425472,1933,73175.94792061055,47139.402090024225,7.8,4818.2,-0.0020232852912158705,29385.750031471252,0.9000825635157526,2.0062776320000003e-05,0.96255875,3.19,0.35,0.27,0.2,0.18,,,,,
2058,8429568,1934,73483.4597472699,47362.55020888078,7.86,4819.21,-0.006246901921258541,3477.374659538269,0.9394829818047583,2.005794304e-05,0.94190675,3.26,0.34,0.27,0.2,0.19,,,,,
2059,8433664,1935,72006.4770502719,46405.57221178628,7.78,4782.5,-0.002693218224521843,11281.734354615211,0.8784255114151165,2.005310976e-05,0.96150494,3.21,0.35,0.27,0.2,0.18,,,,,
2060,8437760,1935,72006.4770502719,46405.57221178628,7.78,4782.5,-0.002046834721113555,16454.681640267372,0.8735373746603727,2.0048276480000002e-05,0.965226,3.21,0.35,0.27,0.2,0.18,,,,,
2061,8441856,1937,69669.01653266557,44918.6089608637,7.71,4692.05,-0.0016612840963716735,7955.212207913399,0.9780860705068335,2.00434432e-05,0.9741128,3.23,0.35,0.28,0.18,0.19,,,,,
2062,8445952,1938,69272.27736615822,44667.15734041951,7.7,4671.6,-0.0009041994089784566,55413.99369120598,0.9084795612143353,2.003860992e-05,0.7730604,3.25,0.35,0.27,0.19,0.19,,,,,
2063,8450048,1939,68634.1432152747,44251.265779292735,7.67,4639.42,-0.0041411375441384735,2703.1589599251747,0.8953128716675565,2.003377664e-05,0.97129196,3.25,0.35,0.27,0.19,0.19,,,,,
2064,8454144,1939,68634.1432152747,44251.265779292735,7.67,4639.42,-0.00495980350933678,2698.02558863163,0.899701752467081,2.002894336e-05,0.9805997,3.25,0.35,0.27,0.19,0.19,,,,,
2065,8458240,1939,68634.1432152747,44251.265779292735,7.67,4639.42,-0.0014530778371408815,11553.748611211777,0.8756940247258171,2.0024110080000003e-05,0.98395467,3.25,0.35,0.27,0.19,0.19,,,,,
2066,8462336,1940,69475.18777630135,44774.811342104746,7.7,4685.6,-0.0031608341587343602,10148.8122330904,0.9255169231910259,2.00192768e-05,0.9687234,3.23,0.36,0.26,0.19,0.19,,,,,
2067,8466432,1941,68879.82321845967,44371.62538889207,7.66,4664.81,-0.003709073293975962,4973.246434986591,0.9560744048794731,2.001444352e-05,0.9760052,3.2,0.36,0.27,0.18,0.19,,,,,
2068,8470528,1942,69083.19604817429,44504.84636063206,7.68,4676.91,-0.004891273466455459,5059.7233409285545,0.9813031752128154,2.0009610240000002e-05,0.96140194,3.21,0.36,0.27,0.18,0.19,,,,,
2069,8474624,1944,67899.26613580153,43765.43891752812,7.62,4619.69,-0.002153061973331205,10983.96235525608,1.0278569142101333,2.000477696e-05,0.94026077,3.21,0.35,0.29,0.17,0.19,,,,,
2070,8478720,1944,67899.26613580153,43765.43891752812,7.62,4619.69,-0.0019495248179737246,10516.677484750748,0.886928305728361,1.999994368e-05,0.97791815,3.21,0.35,0.29,0.17,0.19,,,,,
2071,8482816,1945,68870.72481632268,44429.2919129966,7.69,4651.45,-0.002171317171814735,54621.92972445488,0.8423643287969753,1.99951104e-05,0.9619936,3.25,0.34,0.29,0.18,0.19,,,,,
2072,8486912,1945,68870.72481632268,44429.2919129966,7.69,4651.45,-0.005145962928509107,5028.796453714371,0.9149745886679739,1.999027712e-05,0.9841067,3.25,0.34,0.29,0.18,0.19,,,,,
2073,8491008,1946,69778.49810896015,44990.10068219676,7.71,4714.69,-0.0015828722425794695,18716.202835559845,0.8799900317098945,1.998544384e-05,0.96580184,3.2,0.35,0.29,0.18,0.18,,,,,
2074,8495104,1947,70981.26195810924,45742.22630594294,7.78,4772.8,-0.0029653032288479153,29365.181092500687,0.8716149553656578,1.998061056e-05,0.9832778,3.21,0.35,0.29,0.18,0.18,,,,,
2075,8499200,1949,70465.05327476127,45416.643038290495,7.73,4743.06,-0.005931283496465767,3585.7754884958267,0.9902228721184656,1.9975777279999998e-05,0.94677716,3.19,0.35,0.29,0.19,0.17,92685.46649476906,59912.650406621266,9.666666666666666,5432.1,0.3333333333333333
2076,8503296,1950,70748.48734431042,45584.960400525626,7.74,4769.9,-0.003962207681979635,3768.846250832081,0.949534484767355,1.9970944000000003e-05,0.92736894,3.17,0.36,0.28,0.19,0.17,,,,,
2077,8507392,1950,70748.48734431042,45584.960400525626,7.74,4769.9,-0.004822379954930511,3355.985796689987,0.9363054181449115,1.996611072e-05,0.9800666,3.17,0.36,0.28,0.19,0.17,,,,,
2078,8511488,1950,70748.48734431042,45584.960400525626,7.74,4769.9,-0.00185267756205576,26350.147555589676,0.9070069316076115,1.996127744e-05,0.9779436,3.17,0.36,0.28,0.19,0.17,,,,,
2079,8515584,1953,69477.25747316527,44782.879049383926,7.69,4695.4,-0.0037546387720794883,7484.127389192581,0.9522038280265406,1.9956444160000002e-05,0.92362356,3.2,0.36,0.27,0.2,0.17,,,,,
2080,8519680,1953,69477.25747316527,44782.879049383926,7.69,4695.4,-0.002552263038523961,12706.900102376938,0.9148455223767087,1.995161088e-05,0.9777527,3.2,0.36,0.27,0.2,0.17,,,,,
2081,8523776,1954,71003.77942148695,45746.40134301062,7.71,4778.9,-0.001982155838959443,42654.434163451195,0.8990806881338358,1.99467776e-05,0.96991616,3.14,0.36,0.28,0.2,0.16,,,,,
2082,8527872,1954,71003.77942148695,45746.40134301062,7.71,4778.9,-0.0034225257604703074,3853.3757288455963,0.9890912768896669,1.994194432e-05,0.9731044,3.14,0.36,0.28,0.2,0.16,,,,,
2083,8531968,1956,70978.95113525688,45788.556407144984,7.73,4773.49,-0.001296358057516045,24313.50324332714,0.9478409229777753,1.993711104e-05,0.9455069,3.17,0.35,0.28,0.21,0.16,,,,,
2084,8536064,1956,70978.95113525688,45788.556407144984,7.73,4773.49,-0.00414262704543944,6914.708379685879,0.8662104161921889,1.9932277760000003e-05,0.97097206,3.17,0.35,0.28,0.21,0.16,,,,,
2085,8540160,1957,72185.05770089233,46546.02569151406,7.79,4842.13,-0.0019907087280444102,17371.371919989586,0.9002002477645874,1.992744448e-05,0.97474265,3.16,0.35,0.29,0.2,0.16,,,,,
2086,8544256,1957,72185.05770089233,46546.02569151406,7.79,4842.13,-0.00589857944578398,4583.6551958322525,0.924421896925196,1.99226112e-05,0.96908987,3.16,0.35,0.29,0.2,0.16,,,,,
2087,8548352,1959,72582.84391851231,46794.90596892676,7.81,4869.43,-0.0036437652133827214,17547.859925866127,0.8638051240704954,1.9917777920000002e-05,0.9714481,3.15,0.36,0.28,0.2,0.16,,,,,
2088,8552448,1959,72582.84391851231,46794.90596892676,7.81,4869.43,-0.0030528004272127873,4883.906115531921,0.9213402753230184,1.991294464e-05,0.9541424,3.15,0.36,0.28,0.2,0.16,,,,,
2089,8556544,1960,73897.72531325737,47617.519771240186,7.88,4947.18,-0.0016879136837815167,13084.607324123383,0.7939151515020058,1.990811136e-05,0.9802939,3.13,0.37,0.27,0.2,0.16,,,,,
2090,8560640,1960,73897.72531325737,47617.519771240186,7.88,4947.18,-0.0033419956344005186,4371.282908022404,0.909770697588101,1.990327808e-05,0.9872908,3.13,0.37,0.27,0.2,0.16,,,,,
2091,8564736,1961,74919.38377318699,48276.40960201012,7.95,5000.38,-0.001363388404570287,24214.49283027649,0.9029623804381117,1.98984448e-05,0.96985686,3.15,0.37,0.26,0.21,0.16,,,,,
2092,8568832,1961,74919.38377318699,48276.40960201012,7.95,5000.38,-0.0008767661693127593,70274.27862668037,0.8692932392004877,1.989361152e-05,0.9749491,3.15,0.37,0.26,0.21,0.16,,,,,
2093,8572928,1962,75875.48709200298,48917.622212497954,8.02,5024.73,-0.0028165470466774423,74015.70936501026,0.9128152311313897,1.988877824e-05,0.90373456,3.21,0.37,0.25,0.21,0.17,,,,,
2094,8577024,1962,75875.48709200298,48917.622212497954,8.02,5024.73,-0.00289963740578969,10763.682487010956,0.8422170139383525,1.9883944959999998e-05,0.98253113,3.21,0.37,0.25,0.21,0.17,,,,,
2095,8581120,1963,77014.54785962077,49635.07536496008,8.05,5100.63,-0.001222499180585146,25272.459084272385,0.8880646318430081,1.9879111680000003e-05,0.953598,3.16,0.38,0.25,0.21,0.16,,,,,
2096,8585216,1965,77079.78472521182,49665.555039435734,8.02,5102.82,-0.0015858717379160225,28005.313149333,0.9015639864373952,1.98742784e-05,0.9436388,3.13,0.38,0.26,0.2,0.16,,,,,
2097,8589312,1965,77079.78472521182,49665.555039435734,8.02,5102.82,-0.0031606133561581373,12742.683769345284,0.9126254463335499,1.986944512e-05,0.964016,3.13,0.38,0.26,0.2,0.16,,,,,
2098,8593408,1966,76469.23897957883,49259.204639284566,7.98,5092.23,-0.001933387667122588,10875.392302393913,0.8857745646964759,1.9864611840000002e-05,0.9815397,3.09,0.38,0.27,0.2,0.15,,,,,
2099,8597504,1967,76668.63300963765,49393.188468288594,7.99,5107.58,-0.0033374921194990748,10093.225734651089,0.940214108210057,1.985977856e-05,0.9476867,3.09,0.38,0.27,0.2,0.15,,,,,
2100,8601600,1967,76668.63300963765,49393.188468288594,7.99,5107.58,-0.0008791167911113007,29772.342153191566,0.9063527913531289,1.985494528e-05,0.9783426,3.09,0.38,0.27,0.2,0.15,60184.43096466108,39093.248453033404,8.166666666666666,3915.4,0.16666666666666666
2101,8605696,1968,76990.29690728144,49619.73490077742,8.03,5104.05,-0.0007978462094797578,80137.82092487812,0.9310115075204521,1.9850112e-05,0.7887607,3.15,0.37,0.27,0.2,0.16,,,,,
2102,8609792,1969,76803.65718537301,49494.15438620007,8.01,5095.31,-0.005091868611089012,3413.6977100670338,0.9498278491664678,1.984527872e-05,0.95742965,3.14,0.38,0.26,0.2,0.16,,,,,
2103,8613888,1970,77120.71920858296,49651.89195187861,7.97,5126.94,-0.003953069407543808,7598.509638845921,0.9670827444642782,1.9840445440000003e-05,0.9587672,3.06,0.39,0.26,0.2,0.15,,,,,
2104,8617984,1970,77120.71920858296,49651.89195187861,7.97,5126.94,-0.000932922174797568,19815.99779200554,0.8279228361789137,1.983561216e-05,0.97093046,3.06,0.39,0.26,0.2,0.15,,,,,
2105,8622080,1971,78759.21076890152,50707.117873757685,8.05,5182.7,-0.002264696995553095,134061.1183385849,0.7916150037199259,1.983077888e-05,0.95072144,3.09,0.38,0.26,0.21,0.15,,,,,
2106,8626176,1971,78759.21076890152,50707.117873757685,8.05,5182.7,-0.0060817455105279805,3666.783909022808,0.8801653614500538,1.9825945600000002e-05,0.9541653,3.09,0.38,0.26,0.21,0.15,,,,,
2107,8630272,1972,79111.26825317515,50927.03526781019,8.07,5208.88,-0.001209108662806102,18384.070020854473,0.9061070493189618,1.982111232e-05,0.978305,3.08,0.39,0.25,0.21,0.15,,,,,
2108,8634368,1973,79042.91798153965,50890.62116467641,8.08,5198.55,-0.001579894971655449,35352.24094903469,0.9130017333664,1.981627904e-05,0.97829,3.1,0.39,0.25,0.2,0.16,,,,,
2109,8638464,1974,79583.81728532772,51264.775721250895,8.13,5213.05,-0.00248950995865016,18633.264988541603,0.8668042314238846,1.981144576e-05,0.97503424,3.14,0.38,0.25,0.21,0.16,,,,,
2110,8642560,1974,79583.81728532772,51264.775721250895,8.13,5213.05,-0.006067312251616386,2235.512197613716,0.8922012682305649,1.980661248e-05,0.97482795,3.14,0.38,0.25,0.21,0.16,,,,,
2111,8646656,1974,79583.81728532772,51264.775721250895,8.13,5213.05,-0.000814239709143294,14569.335729718208,0.9046291372505948,1.98017792e-05,0.9759522,3.14,0.38,0.25,0.21,0.16,,,,,
2112,8650752,1977,79063.70195698105,50946.92601313202,8.1,5176.55,-0.0028051620774931507,10273.97414124012,0.9817682652501389,1.979694592e-05,0.93238765,3.16,0.39,0.23,0.21,0.17,,,,,
2113,8654848,1979,76619.33075439166,49416.19010684935,7.98,5036.88,-0.004224616368446732,4639.037949562073,0.9462811545236036,1.9792112639999998e-05,0.8632116,3.2,0.38,0.23,0.22,0.17,,,,,
2114,8658944,1979,76619.33075439166,49416.19010684935,7.98,5036.88,-0.0024093501406241558,7984.887331545353,0.8913843053160235,1.9787279360000002e-05,0.97502893,3.2,0.38,0.23,0.22,0.17,,,,,
2115,8663040,1980,77624.11774509994,50042.33917898245,8.03,5097.85,-0.0011677710344883963,34060.64910018444,0.8890293403528631,1.978244608e-05,0.9624845,3.19,0.38,0.24,0.21,0.17,,,,,
2116,8667136,1982,78611.67461384503,50651.3343746184,8.06,5137.31,-0.0015282201093214098,21973.728157877922,0.9000011961907148,1.97776128e-05,0.98142695,3.19,0.37,0.25,0.21,0.17,,,,,
2117,8671232,1983,78406.3122313788,50501.978812894515,8.03,5128.87,-0.0020931548369844677,4948.397850930691,0.9218662665225565,1.9772779520000002e-05,0.7403771,3.17,0.37,0.25,0.22,0.16,,,,,
2118,8675328,1984,79318.85825737195,51066.46740010108,8.06,5192.69,-0.0017711994787532603,13172.237126111984,0.8457166251027957,1.976794624e-05,0.9715793,3.13,0.38,0.25,0.21,0.16,,,,,
2119,8679424,1985,78487.22770313703,50530.089619088394,8.0,5158.75,-0.003965876732763718,3761.403886079788,0.9253692080965266,1.976311296e-05,0.85676867,3.1,0.39,0.25,0.2,0.16,,,,,
2120,8683520,1986,78527.80694138045,50553.54013985003,8.0,5163.05,-0.005488348332619353,2081.8153760433197,0.9973278748802841,1.975827968e-05,0.9588688,3.1,0.39,0.25,0.2,0.16,,,,,
2121,8687616,1987,77536.34818047978,49941.96083093817,7.95,5111.67,-0.005748612670686271,4713.573428034782,0.9581448555691168,1.97534464e-05,0.94386655,3.1,0.39,0.25,0.2,0.16,,,,,
2122,8691712,1987,77536.34818047978,49941.96083093817,7.95,5111.67,-0.0032353506176150404,5011.601342201233,0.9493573503568769,1.9748613120000003e-05,0.97299737,3.1,0.39,0.25,0.2,0.16,,,,,
2123,8695808,1988,78888.16618699933,50803.14242385158,8.01,5185.12,-0.0012757152908307035,26319.105922460556,0.9355978835374117,1.974377984e-05,0.96556234,3.08,0.39,0.26,0.19,0.16,,,,,
2124,8699904,1988,78888.16618699933,50803.14242385158,8.01,5185.12,-0.002709138834688929,7272.76486235857,0.9097864495124668,1.973894656e-05,0.96468776,3.08,0.39,0.26,0.19,0.16,,,,,
2125,8704000,1989,79037.11125595417,50878.30443437691,8.01,5200.66,-0.003579741752218979,4027.5034478008747,1.0230729292379692,1.9734113280000002e-05,0.96697044,3.06,0.4,0.25,0.19,0.16,57409.4496662626,37380.19760313641,8.2,3845.4333333333334,0.16666666666666666
2126,8708096,1992,78117.61147106435,50297.43343914243,7.96,5142.13,-0.0013248741697680089,16295.220994114876,0.9301197512540966,1.972928e-05,0.96042603,3.08,0.39,0.26,0.19,0.16,,,,,
2127,8712192,1994,75668.61760112758,48749.589591003525,7.82,5013.76,-0.006211028578945843,3775.2325207591057,0.979152268730104,1.972444672e-05,0.8708203,3.08,0.39,0.26,0.19,0.16,,,,,
2128,8716288,1996,75418.33176205412,48618.752078184225,7.83,4998.97,-0.0035151919819327304,5705.055481016636,0.9344364292919636,1.971961344e-05,0.9515277,3.11,0.38,0.26,0.2,0.16,,,,,
2129,8720384,1997,75435.22411610656,48623.445373823626,7.81,5005.88,-0.003669646410344285,6386.0435101389885,0.9037847568979487,1.971478016e-05,0.96285284,3.08,0.38,0.27,0.2,0.15,,,,,
2130,8724480,1999,74712.40104261585,48166.46321945866,7.81,4941.79,-0.001972708052562666,16674.35421204567,0.9624363470356911,1.970994688e-05,0.74456465,3.15,0.36,0.28,0.2,0.16,,,,,
2131,8728576,1999,74712.40104261585,48166.46321945866,7.81,4941.79,-0.003709828004502924,9589.573502063751,0.9575855563161895,1.97051136e-05,0.95185125,3.15,0.36,0.28,0.2,0.16,,,,,
2132,8732672,2000,74298.42168421064,47899.80005192636,7.79,4924.27,-0.0030308150749078777,6141.54856467247,0.955721813836135,1.9700280319999998e-05,0.94965523,3.14,0.36,0.28,0.2,0.16,,,,,
2133,8736768,2001,74026.62490054246,47738.84126066883,7.78,4911.9,-0.0037112024838279467,7046.609722733498,0.9627512636361644,1.9695447040000002e-05,0.97117084,3.14,0.36,0.28,0.2,0.16,,,,,
2134,8740864,2001,74026.62490054246,47738.84126066883,7.78,4911.9,-0.003266681400418747,4321.093852877617,0.9253588849678636,1.969061376e-05,0.97121775,3.14,0.36,0.28,0.2,0.16,,,,,
2135,8744960,2001,74026.62490054246,47738.84126066883,7.78,4911.9,-0.001364187848594156,20251.635619163513,0.8224942995002493,1.968578048e-05,0.97757787,3.14,0.36,0.28,0.2,0.16,,,,,
2136,8749056,2003,72663.5873169223,46895.67992583074,7.7,4856.51,-0.0017247046653210418,29606.122907042503,0.8954386067343876,1.9680947200000002e-05,0.94614524,3.12,0.37,0.27,0.2,0.16,,,,,
2137,8753152,2004,71095.89999627427,45926.424792543294,7.67,4766.17,-0.0020439593799892464,9355.286943376064,0.8735259773675352,1.967611392e-05,0.98590195,3.19,0.36,0.27,0.2,0.17,,,,,
2138,8757248,2006,70635.50899199834,45658.97185654219,7.7,4719.91,-0.0024641075488034403,16069.44914394617,0.9587081476347521,1.967128064e-05,0.93101716,3.27,0.35,0.27,0.2,0.18,,,,,
2139,8761344,2006,70635.50899199834,45658.97185654219,7.7,4719.91,-0.002721282084166887,5240.3390390872955,0.8539731755154207,1.966644736e-05,0.97805035,3.27,0.35,0.27,0.2,0.18,,,,,
2140,8765440,2007,71142.18160188262,45962.55910649203,7.72,4746.76,-0.0014304899032140383,11299.060629367828,0.8984729268122464,1.966161408e-05,0.9788554,3.26,0.35,0.27,0.2,0.18,,,,,
2141,8769536,2007,71142.18160188262,45962.55910649203,7.72,4746.76,-0.0034162636529799784,4332.578001260757,0.9448040641145781,1.9656780800000003e-05,0.97944754,3.26,0.35,0.27,0.2,0.18,,,,,
2142,8773632,2008,71414.8895610872,46120.82221749725,7.72,4773.35,-0.00232675438564911,19201.132719397545,0.8154063790570945,1.965194752e-05,0.9734972,3.23,0.36,0.27,0.19,0.18,,,,,
2143,8777728,2008,71414.8895610872,46120.82221749725,7.72,4773.35,-0.0059946586334262975,4979.419920146465,0.9224782735109329,1.9647114239999998e-05,0.9604117,3.23,0.36,0.27,0.19,0.18,,,,,
2144,8781824,2009,70786.05055076965,45745.334140513136,7.7,4745.85,-0.0022631786023339373,12558.41729915142,0.9049989300547168,1.9642280960000002e-05,0.9749015,3.24,0.35,0.28,0.19,0.18,,,,,
2145,8785920,2010,70424.31332199388,45542.710201641414,7.7,4716.75,-0.0017616593495404231,17969.491704702377,0.8831595942610875,1.963744768e-05,0.9613585,3.28,0.34,0.28,0.2,0.18,,,,,
2146,8790016,2011,70708.08215525631,45710.116479990706,7.65,4745.39,-0.00417505737641477,3989.9804569482803,0.940433441195637,1.96326144e-05,0.8358357,3.2,0.35,0.28,0.2,0.17,,,,,
2147,8794112,2011,70708.08215525631,45710.116479990706,7.65,4745.39,-0.0020086258964511217,18363.429726600647,0.9491505248006433,1.962778112e-05,0.8981504,3.2,0.35,0.28,0.2,0.17,,,,,
2148,8798208,2011,70708.08215525631,45710.116479990706,7.65,4745.39,-0.0010013201135734562,24058.347586870193,0.8311665665823966,1.962294784e-05,0.97883457,3.2,0.35,0.28,0.2,0.17,,,,,
2149,8802304,2012,71672.64368185597,46314.6898286127,7.69,4778.84,-0.002981138839459163,61715.95473527908,0.8853394279722124,1.961811456e-05,0.96655726,3.21,0.34,0.29,0.2,0.17,,,,,
2150,8806400,2013,71096.34072949107,45920.128536394404,7.63,4773.48,-0.004702103924500989,8187.650509238243,0.9010555549757555,1.961328128e-05,0.93368864,3.15,0.35,0.29,0.2,0.16,100901.27811576649,65661.16113354864,10.066666666666666,5756.4,0.43333333333333335
2151,8810496,2014,70359.22576753044,45452.199149987835,7.57,4743.99,-0.003786372877584654,8806.810277819633,0.9009758803294972,1.9608447999999998e-05,0.9449822,3.12,0.35,0.3,0.19,0.16,,,,,
2152,8814592,2015,70778.35568361527,45714.93156566747,7.6,4756.82,-0.0024788286345938104,18229.708611249924,0.8779680154984817,1.9603614720000002e-05,0.973876,3.14,0.34,0.31,0.19,0.16,,,,,
2153,8818688,2015,70778.35568361527,45714.93156566747,7.6,4756.82,-0.003192048550772597,4404.870336532593,0.8865724585484713,1.959878144e-05,0.9690103,3.14,0.34,0.31,0.19,0.16,,,,,
2154,8822784,2016,71500.03388995423,46154.276727367316,7.63,4794.28,-0.002201376844823244,28210.81393945217,0.8013059012591839,1.959394816e-05,0.978441,3.13,0.35,0.3,0.19,0.16,,,,,
2155,8826880,2017,71681.24135547795,46268.79372224531,7.65,4805.46,-0.00475556451601733,6029.576790571213,0.9479182113427669,1.958911488e-05,0.9522244,3.14,0.34,0.31,0.19,0.16,,,,,
2156,8830976,2018,71729.26912816713,46293.9615778675,7.67,4799.54,-0.0025167440089717275,16121.926635980606,0.9871784240240231,1.95842816e-05,0.9401961,3.17,0.34,0.3,0.19,0.17,,,,,
2157,8835072,2020,69186.31230886791,44693.12788672952,7.56,4673.59,-0.0015108316474652383,16631.50674176216,0.9868132139090449,1.957944832e-05,0.90704536,3.19,0.34,0.3,0.18,0.18,,,,,
2158,8839168,2020,69186.31230886791,44693.12788672952,7.56,4673.59,-0.0020378658264235128,12502.56436407566,0.9441532503115013,1.957461504e-05,0.9684344,3.19,0.34,0.3,0.18,0.18,,,,,
2159,8843264,2021,69869.60997759934,45130.75912683935,7.58,4714.6,-0.0029976486912346445,12288.55492901802,0.9479353383649141,1.956978176e-05,0.972691,3.16,0.34,0.31,0.18,0.17,,,,,
2160,8847360,2022,69985.03948530393,45216.46658548912,7.58,4729.49,-0.003419840675633168,5478.746115624905,0.9456654214300215,1.956494848e-05,0.9480903,3.14,0.35,0.3,0.18,0.17,,,,,
2161,8851456,2023,70436.78275556331,45504.41396089996,7.61,4745.13,-0.0025442312253289856,8188.571337103844,0.844021164230071,1.95601152e-05,0.9750469,3.15,0.34,0.31,0.18,0.17,,,,,
2162,8855552,2023,70436.78275556331,45504.41396089996,7.61,4745.13,-0.002731359572862857,12014.208573818207,0.9534848384791985,1.9555281919999998e-05,0.95009816,3.15,0.34,0.31,0.18,0.17,,,,,
2163,8859648,2026,70240.4191934132,45417.27191809355,7.65,4720.95,-0.00524423013212072,9142.145504415035,1.005286131054163,1.9550448640000002e-05,0.9521699,3.22,0.34,0.29,0.2,0.17,,,,,
2164,8863744,2026,70240.4191934132,45417.27191809355,7.65,4720.95,-0.001557881183543941,21226.528113484383,0.835778541630134,1.954561536e-05,0.9753381,3.22,0.34,0.29,0.2,0.17,,,,,
2165,8867840,2027,70828.88615079044,45801.194011956344,7.69,4741.72,-0.00029773097958241124,66680.93753552437,0.8983345315791667,1.954078208e-05,0.7830865,3.25,0.33,0.29,0.21,0.17,,,,,
2166,8871936,2027,70828.88615079044,45801.194011956344,7.69,4741.72,-0.002111402736773016,6629.942612826824,0.8837573252385482,1.95359488e-05,0.9770224,3.25,0.33,0.29,0.21,0.17,,,,,
2167,8876032,2027,70828.88615079044,45801.194011956344,7.69,4741.72,-0.0010878349758058903,45946.741926670074,0.8021257759537548,1.953111552e-05,0.96612555,3.25,0.33,0.29,0.21,0.17,,,,,
2168,8880128,2030,70256.23771948002,45420.499420485925,7.66,4688.28,-0.0049215592225664295,4522.817503631115,0.9641175563447177,1.952628224e-05,0.8477895,3.28,0.33,0.29,0.2,0.18,,,,,
2169,8884224,2030,70256.23771948002,45420.499420485925,7.66,4688.28,-0.0025163067430185038,5631.658763289452,0.9008816686691716,1.952144896e-05,0.97131306,3.28,0.33,0.29,0.2,0.18,,,,,
2170,8888320,2031,70280.1891827535,45430.673599385496,7.65,4707.04,-0.0016144970704772277,23195.595166802406,0.8615369837498292,1.9516615679999998e-05,0.95910794,3.25,0.34,0.29,0.19,0.18,,,,,
2171,8892416,2031,70280.1891827535,45430.673599385496,7.65,4707.04,-0.0037166957063163863,7169.8005202412605,0.920250081922859,1.9511782400000002e-05,0.952559,3.25,0.34,0.29,0.19,0.18,,,,,
2172,8896512,2032,70965.59569083546,45862.71476567634,7.62,4761.42,-0.0036759351378350402,3631.323043048382,0.9334079244872555,1.950694912e-05,0.9766984,3.16,0.35,0.29,0.19,0.17,,,,,
2173,8900608,2034,70569.49353811034,45584.87858562172,7.57,4739.19,-0.002409684462691075,10917.765728533268,0.8596530772047117,1.950211584e-05,0.97966987,3.13,0.34,0.3,0.2,0.16,,,,,
2174,8904704,2035,70110.95709219946,45294.62582088911,7.54,4712.33,-0.005024248745030491,1712.0269207954407,0.9939595046453178,1.949728256e-05,0.93321633,3.13,0.34,0.3,0.2,0.16,,,,,
2175,8908800,2035,70110.95709219946,45294.62582088911,7.54,4712.33,-0.0033745790933608077,7187.466779112816,0.9315633798250929,1.949244928e-05,0.9767926,3.13,0.34,0.3,0.2,0.16,83788.28204806759,54211.97508079924,9.233333333333333,4979.1,0.36666666666666664
2176,8912896,2035,70110.95709219946,45294.62582088911,7.54,4712.33,-0.0011886143838637508,30855.197878956795,0.8278998655732721,1.9487616e-05,0.9830158,3.13,0.34,0.3,0.2,0.16,,,,,
2177,8916992,2036,71399.57143911855,46078.46021572271,7.58,4775.72,-0.002283856455505884,44839.001741051674,0.8921696956967935,1.948278272e-05,0.96211886,3.11,0.35,0.29,0.2,0.16,,,,,
2178,8921088,2036,71399.57143911855,46078.46021572271,7.58,4775.72,-0.0027652413591567893,5569.348915815353,0.9430304361740127,1.947794944e-05,0.9640872,3.11,0.35,0.29,0.2,0.16,,,,,
2179,8925184,2037,72740.2632781398,46925.9807599606,7.59,4861.96,-0.0011195344022780773,17214.593191742897,0.8764941385015845,1.947311616e-05,0.97708493,3.03,0.36,0.29,0.2,0.15,,,,,
2180,8929280,2039,71822.18260537046,46366.260106947506,7.59,4793.73,-0.003160943890179624,11904.51236975193,0.965857818373479,1.946828288e-05,0.9641264,3.1,0.35,0.29,0.19,0.17,,,,,
2181,8933376,2039,71822.18260537046,46366.260106947506,7.59,4793.73,-0.0031588036399625707,7423.970513224602,0.860193646280095,1.9463449599999998e-05,0.9892244,3.1,0.35,0.29,0.19,0.17,,,,,
2182,8937472,2040,71529.85084009991,46217.486080856004,7.59,4770.94,-0.0016705335183360148,17040.99110043049,0.9208339800825343,1.9458616320000002e-05,0.97057736,3.13,0.34,0.29,0.2,0.17,,,,,
2183,8941568,2040,71529.85084009991,46217.486080856004,7.59,4770.94,-0.002303986490915122,7093.161417007446,0.8422734555788338,1.945378304e-05,0.98767364,3.13,0.34,0.29,0.2,0.17,,,,,
2184,8945664,2041,72633.44640178933,46924.83041492955,7.64,4818.64,-0.0014988652937972802,51636.39421272278,0.8517051645321772,1.944894976e-05,0.97796416,3.14,0.34,0.29,0.2,0.17,,,,,
2185,8949760,2041,72633.44640178933,46924.83041492955,7.64,4818.64,-0.00586990907049767,3450.9398153424263,0.8794140440877527,1.944411648e-05,0.98093873,3.14,0.34,0.29,0.2,0.17,,,,,
2186,8953856,2042,73365.96246685472,47374.14751305049,7.67,4863.6,-0.0015374707872979343,16597.556613981724,0.915846232092008,1.94392832e-05,0.9681137,3.12,0.35,0.28,0.2,0.17,,,,,
2187,8957952,2043,72859.72219039178,47026.33423569539,7.63,4833.93,-0.005731661964091472,2399.6324413716793,0.9466237250017002,1.943444992e-05,0.97060454,3.11,0.35,0.28,0.2,0.17,,,,,
2188,8962048,2044,73320.22649300373,47315.406577266585,7.66,4862.01,-0.0036936038286512485,8328.986019194126,1.009937162627466,1.942961664e-05,0.9633426,3.11,0.35,0.28,0.2,0.17,,,,,
2189,8966144,2045,72659.27066678093,46861.06128811528,7.63,4835.04,-0.001688441041551414,13762.391789913177,0.9464934896677732,1.9424783359999998e-05,0.9732607,3.11,0.35,0.28,0.2,0.17,,,,,
2190,8970240,2046,72176.67635421176,46572.19708691006,7.62,4797.43,-0.00537527628330281,7373.514315485954,1.0112276969011873,1.9419950080000002e-05,0.9353318,3.14,0.34,0.28,0.21,0.17,,,,,
2191,8974336,2047,71169.36776448502,45908.21686217907,7.54,4755.69,-0.005708922531994176,3682.019590854645,0.9014491174602881,1.94151168e-05,0.931436,3.1,0.35,0.28,0.2,0.17,,,,,
2192,8978432,2048,72073.85102105181,46461.51616886296,7.58,4818.61,-0.001603222631274548,11908.776075839996,0.9169714547460899,1.941028352e-05,0.9501398,3.07,0.36,0.28,0.19,0.17,,,,,
2193,8982528,2049,71919.1994167155,46373.81113924958,7.58,4804.69,-0.0037475732096936554,3270.0284311771393,0.9741103108972311,1.940545024e-05,0.97149026,3.09,0.35,0.29,0.19,0.17,,,,,
2194,8986624,2049,71919.1994167155,46373.81113924958,7.58,4804.69,-0.0015047424767544726,10951.660859942436,0.8519248359370977,1.940061696e-05,0.96660686,3.09,0.35,0.29,0.19,0.17,,,,,
2195,8990720,2050,73174.79050196057,47175.94728867586,7.65,4862.78,-0.001314712266321294,18778.58101427555,0.8659010125556961,1.939578368e-05,0.97074056,3.1,0.34,0.3,0.19,0.17,,,,,
2196,8994816,2051,72299.54468746074,46624.574307189425,7.61,4821.68,-0.0020793069907085737,21795.270110607147,0.9023391396040097,1.93909504e-05,0.933247,3.1,0.34,0.3,0.19,0.17,,,,,
2197,8998912,2052,72369.24506149972,46649.99607844138,7.66,4825.08,-0.0018200929080194328,14784.12382030487,0.9415349566843361,1.938611712e-05,0.97293675,3.15,0.34,0.3,0.18,0.18,,,,,
2198,9003008,2053,73590.88905241474,47438.75438578238,7.72,4890.27,-0.0014775542549614329,43804.17647051811,0.976726101944223,1.938128384e-05,0.83817834,3.15,0.34,0.3,0.18,0.18,,,,,
2199,9007104,2053,73590.88905241474,47438.75438578238,7.72,4890.27,-0.0023324647218032624,7494.199836134911,0.9148104804335162,1.937645056e-05,0.9811802,3.15,0.34,0.3,0.18,0.18,,,,,
2200,9011200,2053,73590.88905241474,47438.75438578238,7.72,4890.27,-0.0016918829751375597,21070.70759868622,0.8417824846692383,1.9371617279999998e-05,0.98161745,3.15,0.34,0.3,0.18,0.18,84407.71882185717,54712.02557960872,9.333333333333334,5038.933333333333,0.36666666666666664
2201,9015296,2054,73678.16554383966,47491.47365516468,7.72,4898.65,-0.0034608900018611166,20246.79013609886,0.9234975340077654,1.9366784000000002e-05,0.97622406,3.14,0.34,0.3,0.18,0.18,,,,,
2202,9019392,2057,71926.36098267013,46355.378801198174,7.67,4796.43,-0.002239743104837544,14326.511524498463,1.0056760301813483,1.936195072e-05,0.9389045,3.19,0.34,0.29,0.18,0.19,,,,,
2203,9023488,2057,71926.36098267013,46355.378801198174,7.67,4796.43,-0.00397572231850063,3743.8245378136635,0.9332484712358564,1.935711744e-05,0.9650305,3.19,0.34,0.29,0.18,0.19,,,,,
2204,9027584,2057,71926.36098267013,46355.378801198174,7.67,4796.43,-0.0010001956325140782,20804.62968301773,0.8814521955791861,1.935228416e-05,0.96499205,3.19,0.34,0.29,0.18,0.19,,,,,
2205,9031680,2058,72169.13543299015,46507.40068022588,7.68,4808.3,-0.004730725741865172,3784.021896570921,1.0023311990080401,1.934745088e-05,0.85344064,3.19,0.34,0.29,0.18,0.19,,,,,
2206,9035776,2058,72169.13543299015,46507.40068022588,7.68,4808.3,-0.0023281953699552105,11308.092791259289,0.8892348137451336,1.93426176e-05,0.9804221,3.19,0.34,0.29,0.18,0.19,,,,,
2207,9039872,2059,73765.57414057273,47505.025285877884,7.72,4902.74,-0.002317227568710223,14822.934657871723,0.9183756019920111,1.933778432e-05,0.9737806,3.13,0.35,0.29,0.18,0.18,,,,,
2208,9043968,2061,71748.86531837545,46230.46516264141,7.61,4793.54,-0.006113245233791531,4627.7147606015205,0.9939157296903431,1.9332951039999998e-05,0.9510714,3.14,0.34,0.31,0.17,0.18,,,,,
2209,9048064,2062,70933.74090587543,45723.88712605467,7.57,4768.02,-0.0023377627876470797,16411.17784535885,0.9460327223641798,1.9328117760000002e-05,0.9700796,3.12,0.34,0.31,0.17,0.18,,,,,
2210,9052160,2062,70933.74090587543,45723.88712605467,7.57,4768.02,-0.005412457183410879,2483.5991521179676,0.9653205928625539,1.932328448e-05,0.9750578,3.12,0.34,0.31,0.17,0.18,,,,,
2211,9056256,2064,70224.74617654456,45288.59958833109,7.55,4727.42,-0.0014862752041153726,32781.28006052971,0.9528125827200711,1.93184512e-05,0.95989645,3.14,0.33,0.32,0.17,0.18,,,,,
2212,9060352,2064,70224.74617654456,45288.59958833109,7.55,4727.42,-0.00488758718711324,3386.5891327261925,0.9931346799712628,1.931361792e-05,0.9598915,3.14,0.33,0.32,0.17,0.18,,,,,
2213,9064448,2064,70224.74617654456,45288.59958833109,7.55,4727.42,-0.0018061785376630723,20322.95263147354,0.8488202390726656,1.930878464e-05,0.97857386,3.14,0.33,0.32,0.17,0.18,,,,,
2214,9068544,2065,71753.15222437805,46249.21630218663,7.63,4816.83,-0.00347516757210542,7729.945551216602,0.885365717113018,1.930395136e-05,0.98277473,3.13,0.34,0.31,0.17,0.18,,,,,
2215,9072640,2065,71753.15222437805,46249.21630218663,7.63,4816.83,-0.0032028746136347763,7877.053127110004,0.860621462459676,1.929911808e-05,0.98134375,3.13,0.34,0.31,0.17,0.18,,,,,
2216,9076736,2066,71911.03939746233,46337.44536270149,7.63,4829.8,-0.0033532988891238347,7157.464763641357,0.8728880946291611,1.9294284799999998e-05,0.97879964,3.12,0.34,0.31,0.17,0.18,,,,,
2217,9080832,2066,71911.03939746233,46337.44536270149,7.63,4829.8,-0.004733534732622502,6361.115045845509,0.916854242561385,1.928945152e-05,0.98173606,3.12,0.34,0.31,0.17,0.18,,,,,
2218,9084928,2067,72295.54350128952,46579.951727628584,7.65,4848.06,-0.0027429683004811523,10958.061824798584,0.9635614688741043,1.928461824e-05,0.9764229,3.12,0.34,0.31,0.17,0.18,,,,,
2219,9089024,2070,70661.23733663592,45577.83569878615,7.61,4749.79,-0.003592953589759418,18472.07774692774,1.0472098300233483,1.9279784959999998e-05,0.8897732,3.19,0.32,0.31,0.19,0.18,,,,,
2220,9093120,2070,70661.23733663592,45577.83569878615,7.61,4749.79,-0.0016246333416347625,10605.478649437428,0.903349234489724,1.9274951680000002e-05,0.9871792,3.19,0.32,0.31,0.19,0.18,,,,,
2221,9097216,2071,70431.60319798766,45445.99918970675,7.6,4746.22,-0.0013472208174789557,65417.92393517494,0.8986553176073357,1.92701184e-05,0.9699407,3.18,0.32,0.32,0.18,0.18,,,,,
2222,9101312,2072,70644.53708381884,45611.87840845904,7.64,4741.41,-0.0013642646072185016,14021.281180500984,0.990561060141772,1.926528512e-05,0.97938913,3.23,0.31,0.32,0.18,0.19,,,,,
2223,9105408,2072,70644.53708381884,45611.87840845904,7.64,4741.41,-0.0016325585861522995,8893.681602597237,0.9010797743685544,1.926045184e-05,0.9797379,3.23,0.31,0.32,0.18,0.19,,,,,
2224,9109504,2073,70584.35277682834,45557.051708281826,7.62,4747.7,-0.003337755817483412,15403.310498774052,0.932824554038234,1.925561856e-05,0.97533214,3.2,0.31,0.32,0.19,0.18,,,,,
2225,9113600,2075,68680.07431927757,44351.090001400415,7.54,4649.12,-0.002590846180282824,12314.514443993568,0.9892936255782843,1.925078528e-05,0.5620541,3.23,0.3,0.33,0.18,0.19,98750.13085253834,64083.788400054436,9.933333333333334,5658.666666666667,0.43333333333333335
2226,9117696,2076,69017.33467555275,44559.96350033505,7.58,4676.24,-0.0029988637134010787,6015.590593099594,0.9862497634021565,1.9245952e-05,0.97960883,3.24,0.29,0.34,0.18,0.19,,,,,
2227,9121792,2078,69288.13260693008,44750.27131259744,7.65,4670.66,-0.001483033096519648,42759.95576953888,0.9492860216414556,1.9241118719999998e-05,0.95711666,3.31,0.28,0.34,0.18,0.2,,,,,
2228,9125888,2079,69515.56390147428,44915.623716705435,7.7,4683.96,-0.003248841250751866,6567.887609601021,0.9472840155940503,1.9236285440000002e-05,0.96875834,3.35,0.28,0.34,0.17,0.21,,,,,
2229,9129984,2079,69515.56390147428,44915.623716705435,7.7,4683.96,-0.0008233187973019085,38443.52544927597,0.9051626019645482,1.923145216e-05,0.97631466,3.35,0.28,0.34,0.17,0.21,,,,,
2230,9134080,2082,69288.7388946137,44802.95395559303,7.78,4667.2,-0.002178605509470799,23883.529596567154,0.9432242168113589,1.922661888e-05,0.96977305,3.44,0.28,0.33,0.17,0.22,,,,,
2231,9138176,2082,69288.7388946137,44802.95395559303,7.78,4667.2,-0.0034003326854872284,3846.6707233786583,0.9551207668846473,1.92217856e-05,0.9668743,3.44,0.28,0.33,0.17,0.22,,,,,
2232,9142272,2082,69288.7388946137,44802.95395559303,7.78,4667.2,-0.0022880315573274856,16994.373384714127,0.9341637385077775,1.921695232e-05,0.97297317,3.44,0.28,0.33,0.17,0.22,,,,,
2233,9146368,2083,70981.93413882743,45866.185273546434,7.84,4760.02,-0.0008718384724488715,52310.93309676647,0.9446496901800856,1.921211904e-05,0.94464386,3.4,0.29,0.33,0.16,0.22,,,,,
2234,9150464,2083,70981.93413882743,45866.185273546434,7.84,4760.02,-0.002566022321843775,7847.1949263215065,0.8986367795150727,1.920728576e-05,0.97411346,3.4,0.29,0.33,0.16,0.22,,,,,
2235,9154560,2083,70981.93413882743,45866.185273546434,7.84,4760.02,-0.0032841140991877182,13971.92275428772,0.8448762461775914,1.9202452479999998e-05,0.9822478,3.4,0.29,0.33,0.16,0.22,,,,,
2236,9158656,2084,71934.39213438035,46468.05589121566,7.88,4800.37,-0.001786647275366704,28180.986788392067,0.9817574237240478,1.91976192e-05,0.96598995,3.4,0.29,0.33,0.16,0.22,,,,,
2237,9162752,2085,72409.4945885011,46789.379207809565,7.94,4810.46,-0.007489590187105932,7515.206363976002,0.9582537348615006,1.919278592e-05,0.9661027,3.45,0.28,0.33,0.16,0.23,,,,,
2238,9166848,2086,73082.84863039566,47229.326973348834,7.98,4845.14,-0.0017775064461602597,18094.200355529785,0.917696472723037,1.9187952639999998e-05,0.95102465,3.45,0.28,0.33,0.16,0.23,,,,,
2239,9170944,2088,71642.01513055271,46332.50682493097,7.94,4762.25,-0.003108428998530144,8570.283188939095,0.9728951764991507,1.9183119360000002e-05,0.94628286,3.5,0.28,0.32,0.16,0.24,,,,,
2240,9175040,2088,71642.01513055271,46332.50682493097,7.94,4762.25,-0.0029635887367476244,3511.114850848913,0.9326606164686382,1.917828608e-05,0.9798558,3.5,0.28,0.32,0.16,0.24,,,,,
2241,9179136,2088,71642.01513055271,46332.50682493097,7.94,4762.25,-0.002979046954351361,11247.167749285698,0.9258968462236226,1.91734528e-05,0.98033726,3.5,0.28,0.32,0.16,0.24,,,,,
2242,9183232,2089,72792.59181161676,47074.39136719452,7.99,4813.89,-0.0019515370249791886,28058.64038825035,0.9330910883145407,1.916861952e-05,0.9830362,3.5,0.28,0.32,0.16,0.24,,,,,
2243,9187328,2090,72348.01042835558,46780.03663115775,7.96,4795.19,-0.0030337051557580708,9386.377670407295,1.0030000761616975,1.916378624e-05,0.9636337,3.49,0.28,0.32,0.16,0.24,,,,,
2244,9191424,2091,72748.913983678,47076.7794366431,8.01,4814.19,-0.0032019648142522783,19488.347508907318,0.941109171952121,1.915895296e-05,0.95615745,3.52,0.28,0.32,0.16,0.24,,,,,
2245,9195520,2091,72748.913983678,47076.7794366431,8.01,4814.19,-0.003212024359527277,9351.526018977165,0.9303829565178603,1.915411968e-05,0.9665275,3.52,0.28,0.32,0.16,0.24,,,,,
2246,9199616,2093,73708.1178336151,47679.9439523838,8.1,4869.51,-0.0043459694816192496,5495.812173902988,1.0019154446199536,1.9149286399999998e-05,0.9742436,3.55,0.28,0.31,0.16,0.25,,,,,
2247,9203712,2094,74357.28660905249,48093.7162579046,8.14,4909.13,-0.0026440793808433227,12808.442615449429,0.9336833871202543,1.9144453120000002e-05,0.960751,3.55,0.28,0.31,0.16,0.25,,,,,
2248,9207808,2097,73995.71549176343,47851.28651535465,8.14,4879.5,-0.0020915854038321413,10183.294604480267,0.9510698409285396,1.913961984e-05,0.86713946,3.59,0.27,0.31,0.16,0.26,,,,,
2249,9211904,2097,73995.71549176343,47851.28651535465,8.14,4879.5,-0.0013132481144566555,28216.965386152267,0.874825447332114,1.9134786559999997e-05,0.9657044,3.59,0.27,0.31,0.16,0.26,,,,,
2250,9216000,2098,74797.91805750816,48376.85717402655,8.2,4909.63,-0.0010801010448631132,35406.77090263367,1.012133336509578,1.912995328e-05,0.9545668,3.63,0.27,0.3,0.16,0.27,84914.37358346164,55078.451101141254,9.4,5176.933333333333,0.3333333333333333
2251,9220096,2098,74797.91805750816,48376.85717402655,8.2,4909.63,-0.00137175846430182,9249.670616865158,0.9209941047010943,1.912512e-05,0.98662406,3.63,0.27,0.3,0.16,0.27,,,,,
2252,9224192,2099,76471.60699232802,49453.11681939543,8.26,4997.99,-0.002694823650017497,23512.931951999664,0.8611807412235066,1.912028672e-05,0.9713399,3.6,0.27,0.31,0.16,0.26,,,,,
2253,9228288,2099,76471.60699232802,49453.11681939543,8.26,4997.99,-0.004508455547693302,3332.560822248459,0.9601358564104885,1.911545344e-05,0.97890866,3.6,0.27,0.31,0.16,0.26,,,,,
2254,9232384,2100,77048.09033380478,49816.5749049471,8.28,5032.69,-0.0019386163821764058,23892.30257678032,0.9330067221308127,1.9110620159999998e-05,0.9568202,3.59,0.28,0.3,0.16,0.26,,,,,
2255,9236480,2100,77048.09033380478,49816.5749049471,8.28,5032.69,-0.004164176994891022,6359.853799760342,0.9634393140440807,1.910578688e-05,0.95049745,3.59,0.28,0.3,0.16,0.26,,,,,
2256,9240576,2101,76790.26341746938,49633.31331786483,8.26,5021.08,-0.0018005819165409775,28520.138444185257,0.9110238909488544,1.91009536e-05,0.97209126,3.58,0.29,0.29,0.16,0.26,,,,,
2257,9244672,2102,75970.90637614188,49104.60203046139,8.27,4956.25,-0.003209545292065741,42960.38339102268,0.9412487433291972,1.9096120319999997e-05,0.96350986,3.66,0.28,0.29,0.16,0.27,,,,,
2258,9248768,2103,76793.99114541826,49628.50097492125,8.33,4998.93,-0.002852763498594868,11825.85953706503,0.9848898374475539,1.9091287040000002e-05,0.95558786,3.68,0.27,0.3,0.16,0.27,,,,,
2259,9252864,2103,76793.99114541826,49628.50097492125,8.33,4998.93,-0.0038983583563094726,3977.0889477729797,0.8806625141296536,1.908645376e-05,0.97337806,3.68,0.27,0.3,0.16,0.27,,,,,
2260,9256960,2103,76793.99114541826,49628.50097492125,8.33,4998.93,-0.0021087036966491723,17169.62626862526,0.9008567091077566,1.908162048e-05,0.96821606,3.68,0.27,0.3,0.16,0.27,,,,,
2261,9261056,2105,77571.88861530558,50106.48680253194,8.33,5050.57,-0.0022420253762902576,7200.724492311478,0.9799491291632876,1.90767872e-05,0.9298156,3.62,0.28,0.3,0.15,0.27,,,,,
2262,9265152,2106,77993.77099186473,50358.24398192834,8.31,5089.52,-0.003406508725220192,10075.621703267097,0.9521076005185023,1.907195392e-05,0.95194954,3.56,0.28,0.31,0.15,0.26,,,,,
2263,9269248,2107,77091.70249215452,49791.63114071301,8.25,5040.98,-0.002306586247868836,10663.407502412796,1.0526909343898296,1.906712064e-05,0.96042985,3.55,0.29,0.3,0.15,0.26,,,,,
2264,9273344,2107,77091.70249215452,49791.63114071301,8.25,5040.98,-0.000760369979616371,69791.49319338799,0.8736715544946492,1.906228736e-05,0.9735532,3.55,0.29,0.3,0.15,0.26,,,,,
2265,9277440,2108,77194.48653575947,49894.57707861709,8.28,5018.69,-0.002238750161268399,78324.61627995968,0.8954926993465051,1.9057454079999998e-05,0.91037256,3.61,0.28,0.3,0.15,0.27,,,,,
2266,9281536,2109,76629.74165802471,49511.656201328275,8.25,4990.95,-0.001271571087272605,13356.355399906635,0.9722311054356396,1.90526208e-05,0.96776533,3.6,0.29,0.29,0.15,0.27,,,,,
2267,9285632,2109,76629.74165802471,49511.656201328275,8.25,4990.95,-0.002146462007658556,47507.504677295685,0.831085849320516,1.904778752e-05,0.9780648,3.6,0.29,0.29,0.15,0.27,,,,,
2268,9289728,2111,77144.37410959255,49874.98082217367,8.33,4988.26,-0.0014506610596072278,48455.42975246906,0.948026021127589,1.9042954239999997e-05,0.95154,3.68,0.28,0.29,0.14,0.29,,,,,
2269,9293824,2112,75678.7933160226,48952.27708662188,8.27,4924.23,-0.0020801890932489187,48231.08646559715,0.984321421943605,1.903812096e-05,0.7450262,3.69,0.28,0.29,0.14,0.29,,,,,
2270,9297920,2112,75678.7933160226,48952.27708662188,8.27,4924.23,-0.002578550345788244,4631.354872047901,0.8902198445284739,1.903328768e-05,0.9728943,3.69,0.28,0.29,0.14,0.29,,,,,
2271,9302016,2114,76114.57045028843,49237.96048764413,8.31,4943.58,-0.0020489867274591234,17057.9954726696,0.9237335426732898,1.90284544e-05,0.9555457,3.71,0.28,0.28,0.15,0.29,,,,,
2272,9306112,2114,76114.57045028843,49237.96048764413,8.31,4943.58,-0.005293387508572778,3294.8506268262863,0.9592345678247511,1.902362112e-05,0.96761084,3.71,0.28,0.28,0.15,0.29,,,,,
2273,9310208,2115,76035.77251253568,49196.97953664828,8.3,4948.53,-0.0032468997023897828,7864.039863288403,0.92554816394113,1.9018787839999998e-05,0.9546539,3.69,0.29,0.27,0.15,0.29,,,,,
2274,9314304,2115,76035.77251253568,49196.97953664828,8.3,4948.53,-0.004911058489597053,4203.076463222504,0.8898594006896019,1.901395456e-05,0.98586166,3.69,0.29,0.27,0.15,0.29,,,,,
2275,9318400,2115,76035.77251253568,49196.97953664828,8.3,4948.53,-0.00206270771468553,15128.468484818935,0.9482421111315489,1.900912128e-05,0.98616326,3.69,0.29,0.27,0.15,0.29,71246.79606449384,46437.133620575885,8.633333333333333,4418.133333333333,0.23333333333333334
2276,9322496,2117,76115.92228315068,49251.29287693777,8.29,4951.11,-0.005288839633067255,3577.713117957115,0.9399002415593714,1.9004287999999997e-05,0.75650454,3.68,0.3,0.26,0.15,0.29,,,,,
2277,9326592,2117,76115.92228315068,49251.29287693777,8.29,4951.11,-0.0029373266861512093,5256.2812378406525,0.9139921789756045,1.8999454720000002e-05,0.97571707,3.68,0.3,0.26,0.15,0.29,,,,,
2278,9330688,2118,76849.81231678404,49704.93509549911,8.3,5000.76,-0.002753500450126012,14951.257732748985,0.9247788994107395,1.899462144e-05,0.9688268,3.63,0.31,0.26,0.15,0.28,,,,,
2279,9334784,2118,76849.81231678404,49704.93509549911,8.3,5000.76,-0.0029438508845487377,6081.621686369181,0.8805545349605381,1.898978816e-05,0.936319,3.63,0.31,0.26,0.15,0.28,,,,,
2280,9338880,2120,77562.4685324354,50136.181092510575,8.35,5040.38,-0.001606383164471481,12727.954701900482,0.9287861660122871,1.898495488e-05,0.97050375,3.63,0.31,0.26,0.15,0.28,,,,,
2281,9342976,2121,77195.48583949711,49894.79675599932,8.32,5025.78,-0.005847835339409357,1821.5825932621956,1.012383574503474,1.89801216e-05,0.9736545,3.62,0.31,0.26,0.15,0.28,,,,,
2282,9347072,2122,76886.78391951752,49688.457949493655,8.31,4998.23,-0.002485260274625034,13546.649687469006,0.9826916499296203,1.897528832e-05,0.9736405,3.64,0.3,0.27,0.15,0.28,,,,,
2283,9351168,2123,76639.3066665638,49565.8424993638,8.34,4974.42,-0.0015080597022461006,55469.0313501358,0.923786981147714,1.897045504e-05,0.8952285,3.71,0.3,0.26,0.15,0.29,,,,,
2284,9355264,2124,76312.18829235467,49329.81183095499,8.31,4962.45,-0.003880146781739313,3763.5812096595764,0.920446471311152,1.8965621759999998e-05,0.95071733,3.69,0.3,0.27,0.14,0.29,,,,,
2285,9359360,2125,77023.39557170932,49754.757384840355,8.28,5013.19,-0.005504723014382762,4061.584342479706,0.9489879324100912,1.896078848e-05,0.9662941,3.6,0.31,0.27,0.14,0.28,,,,,
2286,9363456,2125,77023.39557170932,49754.757384840355,8.28,5013.19,-0.0031688421840954106,5963.543061494827,0.9818547184113413,1.89559552e-05,0.96684396,3.6,0.31,0.27,0.14,0.28,,,,,
2287,9367552,2126,77965.37986720746,50343.64948629834,8.32,5073.22,-0.0015852691449254053,18878.368222355843,0.9297322091879323,1.8951121919999997e-05,0.97048134,3.57,0.32,0.27,0.13,0.28,,,,,
2288,9371648,2127,77487.32182953804,50058.77747244711,8.32,5043.35,-0.0025237458630726906,14090.254536986351,0.8783942079171538,1.894628864e-05,0.95783335,3.6,0.32,0.27,0.12,0.29,,,,,
2289,9375744,2128,76221.69658130768,49255.25819067107,8.27,4980.48,-0.0035734283173951553,6900.618107914925,0.8948634974658489,1.894145536e-05,0.96970326,3.61,0.31,0.28,0.12,0.29,,,,,
2290,9379840,2128,76221.69658130768,49255.25819067107,8.27,4980.48,-0.0032684656289347913,5516.912973821163,0.9764932026155293,1.893662208e-05,0.961445,3.61,0.31,0.28,0.12,0.29,,,,,
2291,9383936,2129,77528.80746784182,50060.07017829227,8.3,5057.36,-0.0027998290770483436,18779.077875494957,0.8500195104861632,1.89317888e-05,0.9711674,3.55,0.32,0.28,0.12,0.28,,,,,
2292,9388032,2129,77528.80746784182,50060.07017829227,8.3,5057.36,-0.0029696837946175947,4676.166589379311,0.9392358136828989,1.8926955519999998e-05,0.9640949,3.55,0.32,0.28,0.12,0.28,,,,,
2293,9392128,2131,76881.25274421337,49647.77861685033,8.27,5023.25,-0.0029071877997921547,7467.388309836388,0.9247375567210838,1.892212224e-05,0.89725655,3.55,0.32,0.28,0.12,0.28,,,,,
2294,9396224,2131,76881.25274421337,49647.77861685033,8.27,5023.25,-0.0019215458551116171,9801.78736770153,0.992939367890358,1.891728896e-05,0.9720078,3.55,0.32,0.28,0.12,0.28,,,,,
2295,9400320,2134,76578.02561469209,49496.92533929836,8.29,5000.66,-0.0016766672551966622,26338.144866108894,1.0249073603190482,1.8912455679999997e-05,0.8574972,3.6,0.32,0.27,0.12,0.29,,,,,
2296,9404416,2135,76632.94561589485,49537.19420286889,8.3,5001.57,-0.004708479954388167,6376.174798667431,1.0171538960421458,1.89076224e-05,0.90044534,3.61,0.31,0.28,0.12,0.29,,,,,
2297,9408512,2138,73212.98597003824,47392.71122144281,8.15,4813.16,-0.0015835393642191775,13130.934875488281,1.0036339346552268,1.890278912e-05,0.9510457,3.66,0.29,0.29,0.13,0.29,,,,,
2298,9412608,2138,73212.98597003824,47392.71122144281,8.15,4813.16,-0.0022591016204387415,6237.117305636406,0.8540817379252985,1.889795584e-05,0.970151,3.66,0.29,0.29,0.13,0.29,,,,,
2299,9416704,2140,72516.70379751873,46923.783509598616,8.12,4783.31,-0.004685335916292388,4944.657431453466,0.9577975100837648,1.889312256e-05,0.9482764,3.66,0.29,0.3,0.12,0.29,,,,,
2300,9420800,2142,70029.86208985835,45382.76658323347,8.01,4653.46,-0.0026171727640758036,8950.656265437603,0.922829914605245,1.888828928e-05,0.82165545,3.69,0.28,0.3,0.13,0.29,96138.91972996351,62600.422191149686,9.7,5484.7,0.4
2301,9424896,2143,70346.48481415407,45596.70600949355,8.03,4678.9,-0.004274109947800753,5919.440427660942,0.9825024604797363,1.8883456e-05,0.9682579,3.68,0.29,0.29,0.13,0.29,,,,,
2302,9428992,2143,70346.48481415407,45596.70600949355,8.03,4678.9,-0.002129886065631581,11318.655428051949,0.9306284966878593,1.887862272e-05,0.9726928,3.68,0.29,0.29,0.13,0.29,,,,,
2303,9433088,2145,70057.86708859091,45430.43912566676,8.02,4652.82,-0.002372588813159382,9901.213582634926,1.0126928795361891,1.8873789439999998e-05,0.96477574,3.7,0.29,0.28,0.14,0.29,,,,,
2304,9437184,2146,70726.49906799651,45851.6923763658,8.05,4684.74,-0.0018837230727513088,14204.709414601326,0.886172225465998,1.886895616e-05,0.98081166,3.7,0.29,0.28,0.14,0.29,,,,,
2305,9441280,2147,70768.42300594164,45887.833018281766,8.06,4687.68,-0.006630238864090643,1756.327481776476,0.9569847185630351,1.886412288e-05,0.97504944,3.71,0.28,0.29,0.14,0.29,,,,,
2306,9445376,2147,70768.42300594164,45887.833018281766,8.06,4687.68,-0.003880046439007856,4051.518328309059,0.9403295688098297,1.8859289599999997e-05,0.9852614,3.71,0.28,0.29,0.14,0.29,,,,,
2307,9449472,2148,71463.97647313793,46340.23162710098,8.09,4719.43,-0.0009950016110451543,28776.6563975811,0.8990187369054183,1.885445632e-05,0.963457,3.71,0.28,0.29,0.14,0.29,,,,,
2308,9453568,2148,71463.97647313793,46340.23162710098,8.09,4719.43,-0.0044395837057891185,6739.839119315147,0.9704867536202073,1.884962304e-05,0.9765417,3.71,0.28,0.29,0.14,0.29,,,,,
2309,9457664,2148,71463.97647313793,46340.23162710098,8.09,4719.43,-0.0012000528349744854,18416.66548848152,0.8577508474700153,1.884478976e-05,0.9766964,3.71,0.28,0.29,0.14,0.29,,,,,
2310,9461760,2149,72759.08916826324,47155.790069007315,8.15,4787.82,-0.0020091696806048276,21520.429739773273,0.9085459227208048,1.883995648e-05,0.9439844,3.7,0.28,0.29,0.14,0.29,,,,,
2311,9465856,2150,71788.05707012182,46536.41506223988,8.1,4747.87,-0.0036044649095856585,12020.179729223251,1.0557810250902548,1.8835123199999998e-05,0.9446303,3.69,0.29,0.28,0.14,0.29,,,,,
2312,9469952,2151,72100.90926109525,46744.689654262875,8.13,4749.55,-0.0018699534020925057,25973.208035230637,0.9227254565339535,1.883028992e-05,0.9767875,3.72,0.28,0.28,0.15,0.29,,,,,
2313,9474048,2151,72100.90926109525,46744.689654262875,8.13,4749.55,-0.0034718997976597166,3714.0406473875046,0.9477406740188599,1.882545664e-05,0.89977086,3.72,0.28,0.28,0.15,0.29,,,,,
2314,9478144,2153,71777.67693041063,46537.673896315515,8.08,4746.96,-0.0011850819864775985,16835.847755670547,0.9469999753637239,1.8820623359999997e-05,0.9586207,3.66,0.29,0.28,0.14,0.29,,,,,
2315,9482240,2154,70532.53008427667,45739.985210947496,8.02,4694.01,-0.0019371221842447994,18331.438301324844,0.9192890332778916,1.881579008e-05,0.77009094,3.65,0.3,0.27,0.14,0.29,,,,,
2316,9486336,2156,70225.46671844678,45572.223566324785,8.03,4675.91,-0.0032564565572101856,6701.516450345516,1.0087118688970804,1.88109568e-05,0.75669134,3.68,0.3,0.27,0.13,0.3,,,,,
2317,9490432,2156,70225.46671844678,45572.223566324785,8.03,4675.91,-0.002875293843317195,14527.957760691643,0.9502577533712611,1.880612352e-05,0.9450282,3.68,0.3,0.27,0.13,0.3,,,,,
2318,9494528,2157,70801.61834417832,45911.62518847133,8.01,4715.33,-0.005741941779888293,4099.956230342388,0.9227668005041778,1.880129024e-05,0.9735945,3.62,0.3,0.28,0.13,0.29,,,,,
2319,9498624,2158,70482.69018395065,45721.829543672895,8.0,4694.08,-0.0016836227860039799,11684.641085028648,0.8982357993954793,1.879645696e-05,0.96121716,3.63,0.29,0.29,0.13,0.29,,,,,
2320,9502720,2158,70482.69018395065,45721.829543672895,8.0,4694.08,-0.003524805095366901,2566.21839427948,0.8515706289326772,1.879162368e-05,0.97183454,3.63,0.29,0.29,0.13,0.29,,,,,
2321,9506816,2159,70203.64189914774,45557.33524225696,7.99,4681.81,-0.001996693203182076,18275.91391813755,0.9067547692684457,1.87867904e-05,0.9757037,3.63,0.29,0.29,0.13,0.29,,,,,
2322,9510912,2159,70203.64189914774,45557.33524225696,7.99,4681.81,-0.002840026873855095,4487.824745893478,0.8757380387978628,1.8781957119999998e-05,0.9633116,3.63,0.29,0.29,0.13,0.29,,,,,
2323,9515008,2159,70203.64189914774,45557.33524225696,7.99,4681.81,-0.0029026764941590955,12773.767841219902,0.8846939170034602,1.877712384e-05,0.97869533,3.63,0.29,0.29,0.13,0.29,,,,,
2324,9519104,2160,71995.85811911977,46690.819265735736,8.06,4768.99,-0.0018670804965950083,47142.15161943436,0.8989854833343998,1.877229056e-05,0.97805446,3.61,0.3,0.28,0.13,0.29,,,,,
2325,9523200,2161,72381.85229267264,46976.95952108561,8.13,4788.95,-0.0020652849516409333,17748.26185941696,0.9228999884799123,1.8767457279999997e-05,0.9610993,3.66,0.3,0.27,0.13,0.3,64479.1249891339,42247.92647674012,8.366666666666667,4058.1,0.3333333333333333
2326,9527296,2161,72381.85229267264,46976.95952108561,8.13,4788.95,-0.001968631571799051,8374.809136867523,0.8880003936355934,1.8762624e-05,0.9879953,3.66,0.3,0.27,0.13,0.3,,,,,
2327,9531392,2163,71947.41076785172,46663.619941836485,8.08,4751.71,-0.0016328685796906939,43575.27480697632,0.9055850532604381,1.875779072e-05,0.9453219,3.65,0.3,0.27,0.14,0.29,,,,,
2328,9535488,2163,71947.41076785172,46663.619941836485,8.08,4751.71,-0.004384909234431689,3360.1198891103268,0.9348626311402768,1.875295744e-05,0.9762347,3.65,0.3,0.27,0.14,0.29,,,,,
2329,9539584,2163,71947.41076785172,46663.619941836485,8.08,4751.71,-0.0015589213357998233,13185.610343456268,0.8063967698253691,1.874812416e-05,0.9786939,3.65,0.3,0.27,0.14,0.29,,,,,
2330,9543680,2165,72355.31648422962,46877.90001840736,8.07,4773.05,-0.002374398820393253,7871.261396706104,0.9490376136964187,1.8743290879999998e-05,0.9873138,3.61,0.3,0.28,0.14,0.28,,,,,
2331,9547776,2165,72355.31648422962,46877.90001840736,8.07,4773.05,-0.005340968989003159,3066.5661076307297,0.9341815558727831,1.87384576e-05,0.9900878,3.61,0.3,0.28,0.14,0.28,,,,,
2332,9551872,2166,71730.42509853489,46479.494131045045,8.04,4743.38,-0.0039044300210662186,6645.130104899406,1.02573672356084,1.873362432e-05,0.9300193,3.61,0.3,0.28,0.14,0.28,,,,,
2333,9555968,2166,71730.42509853489,46479.494131045045,8.04,4743.38,-0.0025906794171532965,10033.045058369637,0.9407737933797762,1.8728791039999997e-05,0.98109406,3.61,0.3,0.28,0.14,0.28,,,,,
2334,9560064,2168,71555.33502515417,46339.564177802255,8.01,4731.25,-0.006338363125905744,2304.189476251602,1.02486371435225,1.872395776e-05,0.96251607,3.59,0.29,0.3,0.13,0.28,,,,,
2335,9564160,2169,72049.9638931601,46634.57474892838,8.0,4768.22,-0.003668932377877354,12233.820275902748,0.9984112314414233,1.871912448e-05,0.9600662,3.54,0.29,0.31,0.13,0.27,,,,,
2336,9568256,2170,72713.45540476243,47048.804498483965,8.04,4806.74,-0.0035808843349514063,6636.443289875984,0.9317683891858906,1.87142912e-05,0.96811855,3.54,0.29,0.31,0.13,0.27,,,,,
2337,9572352,2171,71028.3001348783,45963.457129632036,7.95,4737.35,-0.004195971995613945,3480.1709954738617,0.9957199203781784,1.870945792e-05,0.9343287,3.52,0.3,0.3,0.13,0.27,,,,,
2338,9576448,2172,70550.25793054629,45643.64594002163,7.9,4721.78,-0.0019973402359028114,14882.021460652351,0.9560178089886904,1.870462464e-05,0.9641589,3.48,0.3,0.31,0.13,0.26,,,,,
2339,9580544,2174,69818.59828382429,45188.045015602496,7.87,4682.54,-0.004674404734032578,4656.026401877403,1.0363463348476216,1.869979136e-05,0.89999914,3.49,0.3,0.31,0.13,0.26,,,,,
2340,9584640,2174,69818.59828382429,45188.045015602496,7.87,4682.54,-0.00464027077305218,3414.5712624788284,0.9831569999223575,1.869495808e-05,0.9718158,3.49,0.3,0.31,0.13,0.26,,,,,
2341,9588736,2175,71173.25429333789,46034.46278923648,7.9,4768.13,-0.0003468265358606004,110350.12501382828,0.9235836882144213,1.8690124799999998e-05,0.82457495,3.43,0.31,0.31,0.13,0.25,,,,,
2342,9592832,2176,70963.38222765578,45917.16320354838,7.92,4746.41,-0.0030902386824891437,7015.974063754082,0.9495205688290298,1.868529152e-05,0.9586053,3.47,0.31,0.3,0.13,0.26,,,,,
2343,9596928,2177,70851.4285924827,45835.590489875634,7.89,4754.36,-0.002086920434521744,7728.441123187542,0.9067495040362701,1.868045824e-05,0.9824208,3.43,0.31,0.31,0.13,0.25,,,,,
2344,9601024,2178,72051.23672734991,46596.88250675263,7.94,4809.5,-0.0005373850508476608,65324.69394874573,0.882575829164125,1.867562496e-05,0.96799976,3.43,0.31,0.31,0.13,0.25,,,,,
2345,9605120,2178,72051.23672734991,46596.88250675263,7.94,4809.5,-0.0047489728299296985,2649.9939125478268,0.9619794960599393,1.867079168e-05,0.93783003,3.43,0.31,0.31,0.13,0.25,,,,,
2346,9609216,2179,72525.9460583838,46875.718301112174,7.91,4850.84,-0.004410073313920293,5337.553795158863,0.9406419914448634,1.86659584e-05,0.9791625,3.35,0.32,0.31,0.13,0.24,,,,,
2347,9613312,2179,72525.9460583838,46875.718301112174,7.91,4850.84,-0.0027966283378191292,8548.999268472195,0.9227085282327607,1.866112512e-05,0.9669515,3.35,0.32,0.31,0.13,0.24,,,,,
2348,9617408,2180,72140.41901440699,46619.60734878119,7.89,4840.56,-0.0012094897920178482,18552.75818824768,0.9392683752812445,1.865629184e-05,0.80933887,3.34,0.32,0.31,0.13,0.24,,,,,
2349,9621504,2181,72880.36267055476,47083.91389717035,7.86,4897.66,-0.0025076341844396666,16987.899505257607,0.9336234992370009,1.8651458559999998e-05,0.948223,3.25,0.33,0.31,0.13,0.23,,,,,
2350,9625600,2182,72869.1757812888,47051.01877017499,7.82,4906.28,-0.004294159496566863,6326.024900197983,0.9200954454718158,1.8646625280000002e-05,0.9733,3.2,0.33,0.32,0.13,0.22,80853.502812251,52621.12289030934,9.133333333333333,4837.366666666667,0.3
2351,9629696,2182,72869.1757812888,47051.01877017499,7.82,4906.28,-0.0013623932463815436,9050.483307778835,0.8597139026969671,1.8641792e-05,0.98246753,3.2,0.33,0.32,0.13,0.22,,,,,
2352,9633792,2182,72869.1757812888,47051.01877017499,7.82,4906.28,-0.0005691210262739332,59205.41538453102,0.8613497988553718,1.863695872e-05,0.96083283,3.2,0.33,0.32,0.13,0.22,,,,,
2353,9637888,2183,73112.15777088217,47190.474344874856,7.83,4907.48,-0.003362878092957544,39042.792572915554,0.9154701163060963,1.863212544e-05,0.97008544,3.21,0.32,0.33,0.13,0.22,,,,,
2354,9641984,2184,71798.63227620414,46342.86882242728,7.77,4845.64,-0.001364022669804399,23447.819040954113,0.9778925327118486,1.862729216e-05,0.9699876,3.21,0.32,0.33,0.13,0.22,,,,,
2355,9646080,2186,70510.61233885292,45501.48755426475,7.72,4766.12,-0.0046928676556490245,2574.042613565922,0.9830542866839096,1.862245888e-05,0.95467037,3.25,0.31,0.33,0.14,0.22,,,,,
2356,9650176,2186,70510.61233885292,45501.48755426475,7.72,4766.12,-0.00258205215959606,12655.560903251171,0.8725750290323049,1.86176256e-05,0.9689799,3.25,0.31,0.33,0.14,0.22,,,,,
2357,9654272,2188,71429.2232452696,46046.79146047132,7.73,4832.97,-0.005429043625554186,4533.332464993,0.9835573899326846,1.861279232e-05,0.9410057,3.18,0.33,0.32,0.14,0.21,,,,,
2358,9658368,2188,71429.2232452696,46046.79146047132,7.73,4832.97,-0.0029697540749111795,3816.6472955942154,0.9393944937037304,1.8607959040000003e-05,0.9667634,3.18,0.33,0.32,0.14,0.21,,,,,
2359,9662464,2189,70315.66864258965,45330.30523217209,7.68,4783.76,-0.0043374757187848445,6784.901115596294,0.948052286170423,1.860312576e-05,0.97634923,3.18,0.33,0.32,0.14,0.21,,,,,
2360,9666560,2191,70079.75833209873,45165.4258875901,7.68,4777.21,-0.0037311783744371496,12351.885266900063,0.9030268879141659,1.859829248e-05,0.9281804,3.18,0.34,0.31,0.14,0.21,,,,,
2361,9670656,2192,69174.85077691486,44599.468872678764,7.66,4716.75,-0.0011563919069885742,46397.522658109665,0.9618834669236094,1.8593459200000002e-05,0.9579567,3.23,0.33,0.31,0.14,0.22,,,,,
2362,9674752,2193,70585.80650413144,45521.44976462569,7.75,4767.19,-0.0023206052219393314,200474.36363315582,0.8298446252010763,1.858862592e-05,0.9566971,3.27,0.33,0.31,0.14,0.22,,,,,
2363,9678848,2195,70158.42280579144,45235.41863835175,7.74,4747.48,-0.0029850850005459506,4307.70359647274,1.0174757749773562,1.858379264e-05,0.91723496,3.28,0.34,0.3,0.13,0.23,,,,,
2364,9682944,2195,70158.42280579144,45235.41863835175,7.74,4747.48,-0.003918122502909682,4317.001451313496,0.9489408389199525,1.857895936e-05,0.9660947,3.28,0.34,0.3,0.13,0.23,,,,,
2365,9687040,2196,70909.21236387137,45692.513096801435,7.75,4799.57,-0.001696576251561055,14998.89707505703,0.8982171141542494,1.857412608e-05,0.9340771,3.23,0.35,0.3,0.13,0.22,,,,,
2366,9691136,2197,71572.88853085735,46128.1712628118,7.8,4828.59,-0.001837196781707462,14781.453787565231,0.8636582673061639,1.8569292800000003e-05,0.9742506,3.25,0.35,0.3,0.12,0.23,,,,,
2367,9695232,2197,71572.88853085735,46128.1712628118,7.8,4828.59,-0.0032493201670149574,8974.72519737482,0.9858449278399348,1.856445952e-05,0.96129423,3.25,0.35,0.3,0.12,0.23,,,,,
2368,9699328,2198,71739.21700085854,46200.42839289962,7.78,4855.09,-0.0010031150741269812,17549.708864927292,0.8314287841785699,1.855962624e-05,0.97799754,3.19,0.36,0.3,0.12,0.22,,,,,
2369,9703424,2198,71739.21700085854,46200.42839289962,7.78,4855.09,-0.0026381170082458993,11705.15268278122,0.9402607441879809,1.8554792960000002e-05,0.9779649,3.19,0.36,0.3,0.12,0.22,,,,,
2370,9707520,2201,69120.8765858232,44551.81249511459,7.73,4697.61,-0.0028846712802987895,13510.875259160995,0.9283003692980856,1.854995968e-05,0.93299997,3.3,0.34,0.3,0.13,0.23,,,,,
2371,9711616,2202,68471.35898206715,44126.87652641569,7.65,4690.35,-0.004796583156348788,3341.62868475914,0.9630888078827411,1.85451264e-05,0.9540642,3.22,0.35,0.3,0.13,0.22,,,,,
2372,9715712,2203,67520.28692174029,43523.21914180015,7.61,4632.43,-0.00234230734713492,8386.348711371422,0.9592834605136886,1.854029312e-05,0.97919875,3.24,0.35,0.29,0.14,0.22,,,,,
2373,9719808,2204,67263.65506635777,43396.53008703728,7.62,4605.84,-0.0020326990852481686,19895.645019173622,0.9097583349794149,1.853545984e-05,0.94096243,3.29,0.34,0.29,0.14,0.23,,,,,
2374,9723904,2204,67263.65506635777,43396.53008703728,7.62,4605.84,-0.001656215757066093,6421.451470017433,0.9186851213453338,1.853062656e-05,0.9676504,3.29,0.34,0.29,0.14,0.23,,,,,
2375,9728000,2205,68199.0986310112,43991.21490280821,7.64,4671.8,-0.004542908979601634,6507.793727040291,0.9067037751665339,1.852579328e-05,0.9614929,3.24,0.35,0.29,0.14,0.22,96702.31462998794,63101.32268669597,9.566666666666666,5401.933333333333,0.5
2376,9732096,2205,68199.0986310112,43991.21490280821,7.64,4671.8,-0.0022590174257857143,10597.162702202797,0.9402813102351502,1.8520959999999998e-05,0.9735175,3.24,0.35,0.29,0.14,0.22,,,,,
2377,9736192,2206,68226.42995665228,43996.62773040428,7.64,4673.45,-0.0049650456703602686,1666.8799210190773,0.9554455934558064,1.8516126720000003e-05,0.9635558,3.23,0.36,0.28,0.14,0.22,,,,,
2378,9740288,2207,68786.92164789281,44344.609494164884,7.68,4709.57,-0.0024570193145336816,16383.571068525314,0.8565035490319133,1.851129344e-05,0.9662069,3.23,0.36,0.28,0.14,0.22,,,,,
2379,9744384,2208,68278.73409293717,44009.24586967468,7.66,4692.2,-0.0008746472494749469,36895.4347512722,0.9123079486889765,1.850646016e-05,0.97144455,3.23,0.36,0.28,0.14,0.22,,,,,
2380,9748480,2208,68278.73409293717,44009.24586967468,7.66,4692.2,-0.004560545728963916,4089.884883105755,0.9598895744420588,1.8501626880000002e-05,0.9712748,3.23,0.36,0.28,0.14,0.22,,,,,
2381,9752576,2209,68315.38991277922,44040.480351170845,7.66,4698.25,-0.0035701628112292383,6589.977818012238,0.9651798265986145,1.84967936e-05,0.93943095,3.23,0.36,0.28,0.14,0.22,,,,,
2382,9756672,2209,68315.38991277922,44040.480351170845,7.66,4698.25,-0.0026650205654732417,10119.61339366436,0.8485762665513903,1.849196032e-05,0.9842267,3.23,0.36,0.28,0.14,0.22,,,,,
2383,9760768,2211,68178.00548083194,43910.848407748184,7.61,4724.08,-0.0024441776949970517,15295.888569712639,0.9466807263670489,1.848712704e-05,0.9586298,3.15,0.37,0.28,0.15,0.2,,,,,
2384,9764864,2212,67861.28268151166,43705.4675750086,7.58,4709.63,-0.003247578208174673,3560.6769760251045,1.0057307376991957,1.848229376e-05,0.9364555,3.13,0.38,0.27,0.15,0.2,,,,,
2385,9768960,2212,67861.28268151166,43705.4675750086,7.58,4709.63,-0.0033821872048065416,5009.924728453159,0.9272362582851201,1.8477460480000003e-05,0.96977675,3.13,0.38,0.27,0.15,0.2,,,,,
2386,9773056,2214,67818.06029252092,43682.490600798905,7.6,4701.26,-0.0004663211047954974,51971.00573217869,0.9305494836298749,1.84726272e-05,0.84050405,3.17,0.37,0.28,0.14,0.21,,,,,
2387,9777152,2214,67818.06029252092,43682.490600798905,7.6,4701.26,-0.003983101323683513,4910.576007843018,0.9998615550575778,1.846779392e-05,0.98131603,3.17,0.37,0.28,0.14,0.21,,,,,
2388,9781248,2215,68455.6868533419,44095.947532726714,7.63,4726.85,-0.0013924947070336202,25099.08507502079,0.867235365905799,1.8462960640000002e-05,0.97500193,3.18,0.36,0.29,0.14,0.21,,,,,
2389,9785344,2216,67132.50077401496,43285.08405389102,7.59,4647.63,-0.003843195308036229,7418.805877566338,1.0252645777072757,1.845812736e-05,0.9469633,3.22,0.35,0.29,0.15,0.21,,,,,
2390,9789440,2218,66260.77251444319,42746.13413545131,7.56,4597.23,-0.0025399550422662287,8781.825354039669,0.9950051823398098,1.845329408e-05,0.8978419,3.25,0.34,0.29,0.16,0.21,,,,,
2391,9793536,2218,66260.77251444319,42746.13413545131,7.56,4597.23,-0.002535619491027319,9878.073274075985,0.8945243445923552,1.84484608e-05,0.95799434,3.25,0.34,0.29,0.16,0.21,,,,,
2392,9797632,2219,66159.70552199309,42694.95784219964,7.56,4586.65,-0.004371221934889036,2913.9111500382423,0.9146306712646037,1.844362752e-05,0.9803345,3.27,0.33,0.3,0.16,0.21,,,,,
2393,9801728,2219,66159.70552199309,42694.95784219964,7.56,4586.65,-0.0024043532994255656,11599.306547522545,0.9524671492399648,1.843879424e-05,0.97432667,3.27,0.33,0.3,0.16,0.21,,,,,
2394,9805824,2219,66159.70552199309,42694.95784219964,7.56,4586.65,-0.001031611522193998,32114.281104803085,0.8879227465949953,1.843396096e-05,0.97952336,3.27,0.33,0.3,0.16,0.21,,,,,
2395,9809920,2220,67935.30416298773,43803.169680579325,7.6,4680.76,-0.0014971053706176463,34434.562477469444,0.8873813831014559,1.8429127679999998e-05,0.9603202,3.21,0.34,0.3,0.16,0.2,,,,,
2396,9814016,2221,68579.0444658362,44230.972240816736,7.64,4713.25,-0.001954507803020533,18343.90440273285,0.8839522696798667,1.8424294400000002e-05,0.97521824,3.22,0.34,0.3,0.16,0.2,,,,,
2397,9818112,2221,68579.0444658362,44230.972240816736,7.64,4713.25,-0.001759072020831809,10704.38164305687,0.880644851946272,1.841946112e-05,0.9818145,3.22,0.34,0.3,0.16,0.2,,,,,
2398,9822208,2222,69586.33381443984,44888.214065755186,7.7,4760.8,-0.001346469530290051,18968.200764894485,0.9543534300755709,1.841462784e-05,0.97514963,3.24,0.34,0.29,0.17,0.2,,,,,
2399,9826304,2222,69586.33381443984,44888.214065755186,7.7,4760.8,-0.0006109315709181828,33274.64580535889,0.8497867761179805,1.8409794560000002e-05,0.9744528,3.24,0.34,0.29,0.17,0.2,,,,,
2400,9830400,2223,70395.28491444261,45389.58952592066,7.71,4793.4,-0.0014176189852150856,66373.32951653004,0.8793493150733411,1.840496128e-05,0.94903624,3.21,0.34,0.29,0.17,0.2,89825.27184052859,58644.8813884926,9.533333333333333,5260.533333333334,0.4666666666666667
2401,9834496,2224,70262.85165512172,45298.62542703692,7.7,4784.26,-0.006070502244256204,4535.490204691887,0.9346047057770193,1.8400128e-05,0.91863686,3.21,0.34,0.29,0.17,0.2,,,,,
2402,9838592,2225,70129.01996012912,45212.48755015662,7.69,4780.35,-0.004381730843306286,5229.245054066181,0.958968271035701,1.839529472e-05,0.970114,3.21,0.34,0.29,0.17,0.2,,,,,
2403,9842688,2226,69446.2535490016,44788.36610682092,7.66,4739.29,-0.003211264313904394,6430.709025204182,0.9327245675958693,1.839046144e-05,0.9378295,3.23,0.33,0.3,0.17,0.2,,,,,
2404,9846784,2227,69676.11773875718,44909.388708581275,7.64,4766.04,-0.0030711831077496754,9457.75079101324,0.9442819525720552,1.8385628160000003e-05,0.97699845,3.17,0.34,0.3,0.17,0.19,,,,,
2405,9850880,2227,69676.11773875718,44909.388708581275,7.64,4766.04,-0.0009039914066306665,33383.67696595192,0.8428406032035127,1.838079488e-05,0.9849411,3.17,0.34,0.3,0.17,0.19,,,,,
2406,9854976,2228,70018.6526758154,45152.74179489285,7.69,4766.11,-0.0008547237166567356,30963.28945493698,0.8744571754941717,1.83759616e-05,0.95819765,3.23,0.34,0.29,0.17,0.2,,,,,
2407,9859072,2229,69648.26429831349,44945.81733814519,7.71,4728.98,-0.002863363873984781,28007.52699661255,0.9290240569971502,1.8371128320000002e-05,0.9312083,3.3,0.33,0.29,0.17,0.21,,,,,
2408,9863168,2230,69455.00835920485,44839.92384176339,7.7,4719.88,-0.0025153891365334857,4064.0078192949295,0.8926906652050093,1.836629504e-05,0.9623761,3.3,0.33,0.29,0.17,0.21,,,,,
2409,9867264,2230,69455.00835920485,44839.92384176339,7.7,4719.88,-0.0037673871138395043,8193.25933521986,0.8688407770823687,1.836146176e-05,0.97728455,3.3,0.33,0.29,0.17,0.21,,,,,
2410,9871360,2231,70354.91255399992,45391.585240507404,7.75,4778.34,-0.0013796303892377182,15879.30381423235,0.9074811035534367,1.835662848e-05,0.9413359,3.29,0.33,0.29,0.17,0.21,,,,,
2411,9875456,2232,70361.75382874036,45386.87567386131,7.77,4757.16,-0.0021548734530369984,15790.482705652714,0.9297982507850975,1.83517952e-05,0.9717832,3.34,0.32,0.29,0.17,0.22,,,,,
2412,9879552,2233,70828.37125755951,45691.643855528484,7.79,4783.04,-0.004475095579437038,8750.638638496399,0.9323895432753488,1.834696192e-05,0.90962493,3.33,0.32,0.29,0.18,0.21,,,,,
2413,9883648,2233,70828.37125755951,45691.643855528484,7.79,4783.04,-0.0031196766531138564,8926.402913630009,0.9151557511650026,1.834212864e-05,0.9780778,3.33,0.32,0.29,0.18,0.21,,,,,
2414,9887744,2235,71850.5446878398,46345.478507005835,7.85,4843.35,-0.0011360085700289346,32001.196667790413,0.9442724514519796,1.8337295359999998e-05,0.93390834,3.33,0.33,0.28,0.17,0.22,,,,,
2415,9891840,2235,71850.5446878398,46345.478507005835,7.85,4843.35,-0.0059697020615203655,1985.147171318531,0.911480113863945,1.8332462080000002e-05,0.9786495,3.33,0.33,0.28,0.17,0.22,,,,,
2416,9895936,2237,72620.01912050713,46812.270750835014,7.87,4900.86,-0.0041420137940804125,9904.645918905735,0.9339507539989427,1.83276288e-05,0.9589401,3.28,0.35,0.27,0.16,0.22,,,,,
2417,9900032,2237,72620.01912050713,46812.270750835014,7.87,4900.86,-0.003315929154268815,3821.3926241993904,0.8494684952311218,1.832279552e-05,0.9697371,3.28,0.35,0.27,0.16,0.22,,,,,
2418,9904128,2238,73338.11022682975,47245.483700954916,7.87,4950.61,-0.0013503021646101843,13466.824069976807,0.8447843350004405,1.8317962240000002e-05,0.9746485,3.22,0.36,0.27,0.16,0.21,,,,,
2419,9908224,2238,73338.11022682975,47245.483700954916,7.87,4950.61,-0.0033637549495324492,7630.7404163479805,0.8373307893052697,1.831312896e-05,0.96882707,3.22,0.36,0.27,0.16,0.21,,,,,
2420,9912320,2240,73355.95179662154,47242.977619358746,7.83,4961.59,-0.00274324233578227,6387.936479210854,0.9803301829379052,1.830829568e-05,0.9642406,3.16,0.37,0.27,0.16,0.2,,,,,
2421,9916416,2241,73760.84568820463,47498.20076826397,7.86,4986.07,-0.0015867804268054897,21754.434526741505,0.9480352952377871,1.83034624e-05,0.8625252,3.16,0.37,0.27,0.16,0.2,,,,,
2422,9920512,2242,73966.50724028073,47624.338095077015,7.89,4990.22,-0.00272079809292336,11527.911398112774,1.006500672083348,1.829862912e-05,0.9266445,3.18,0.37,0.27,0.15,0.21,,,,,
2423,9924608,2243,74277.47375278053,47808.41946774083,7.91,5002.52,-0.0026010517785834963,4156.168703556061,0.9379123385297135,1.8293795840000003e-05,0.98224825,3.19,0.36,0.28,0.15,0.21,,,,,
2424,9928704,2243,74277.47375278053,47808.41946774083,7.91,5002.52,-0.0021226016724540386,6602.783867239952,0.9597089648013934,1.828896256e-05,0.9633997,3.19,0.36,0.28,0.15,0.21,,,,,
2425,9932800,2243,74277.47375278053,47808.41946774083,7.91,5002.52,-0.0016352913853552309,22602.32884478569,0.7844376101857051,1.828412928e-05,0.9813507,3.19,0.36,0.28,0.15,0.21,80783.63335654516,52516.28596845542,9.066666666666666,4880.033333333334,0.3333333333333333
2426,9936896,2244,74992.82912458212,48239.17858693006,7.93,5039.93,-0.002768566268059658,36168.00307762623,0.9794885568553582,1.8279296000000002e-05,0.9637513,3.17,0.36,0.29,0.14,0.21,,,,,
2427,9940992,2244,74992.82912458212,48239.17858693006,7.93,5039.93,-0.003517860113788629,8860.360925376415,0.8667600753251463,1.827446272e-05,0.983372,3.17,0.36,0.29,0.14,0.21,,,,,
2428,9945088,2245,76787.279694064,49371.10473143358,8.0,5135.42,-0.0012976481975783827,27754.307257652283,0.8741955945733935,1.826962944e-05,0.9819588,3.14,0.36,0.3,0.13,0.21,,,,,
2429,9949184,2246,76399.55534365785,49126.94875310931,7.98,5123.55,-0.0022437165625888156,10043.77684044838,1.0009437480475754,1.826479616e-05,0.97508585,3.13,0.36,0.31,0.12,0.21,,,,,
2430,9953280,2246,76399.55534365785,49126.94875310931,7.98,5123.55,-0.005297390120176715,1592.373669564724,0.9159185922471806,1.825996288e-05,0.9866689,3.13,0.36,0.31,0.12,0.21,,,,,
2431,9957376,2246,76399.55534365785,49126.94875310931,7.98,5123.55,-0.0010213740706603858,25718.697464108467,0.9238273241790012,1.82551296e-05,0.97387683,3.13,0.36,0.31,0.12,0.21,,,,,
2432,9961472,2247,77498.20772750286,49825.17631997347,8.04,5184.38,-0.00169896824627358,8928.572722554207,0.9259092203574255,1.825029632e-05,0.9793808,3.12,0.37,0.3,0.12,0.21,,,,,
2433,9965568,2247,77498.20772750286,49825.17631997347,8.04,5184.38,-0.0018440259455019259,29407.397241950035,0.8759739401284605,1.8245463039999998e-05,0.97542214,3.12,0.37,0.3,0.12,0.21,,,,,
2434,9969664,2248,77313.83257670859,49740.27011031231,8.04,5168.85,-0.0029114786157151684,14702.815185964108,0.9547675037756562,1.8240629760000002e-05,0.9723277,3.14,0.36,0.31,0.12,0.21,,,,,
2435,9973760,2249,77219.99020431083,49693.76734929785,8.05,5149.83,-0.001391303338095895,46991.56287562847,0.875814575701952,1.823579648e-05,0.9711308,3.17,0.36,0.3,0.13,0.21,,,,,
2436,9977856,2249,77219.99020431083,49693.76734929785,8.05,5149.83,-0.0012996354380447883,12231.912360668182,0.8562256935983896,1.82309632e-05,0.98064214,3.17,0.36,0.3,0.13,0.21,,,,,
2437,9981952,2250,77650.6118436809,49963.735410638285,8.08,5164.46,-0.002860449226318451,6137.488476157188,0.9027931942837313,1.822612992e-05,0.9594854,3.19,0.35,0.31,0.13,0.21,,,,,
2438,9986048,2250,77650.6118436809,49963.735410638285,8.08,5164.46,-0.0014612159448006423,12812.94391143322,0.9163130490342155,1.822129664e-05,0.9819803,3.19,0.35,0.31,0.13,0.21,,,,,
2439,9990144,2251,78006.48067101114,50190.04202681583,8.09,5184.82,-0.0013373060182857444,17676.971203804016,0.8672045959392563,1.821646336e-05,0.9813869,3.18,0.35,0.32,0.12,0.21,,,,,
2440,9994240,2252,77773.12450426236,50041.50457615054,8.07,5171.39,-0.006988173687204835,2287.528365075588,0.975522491382435,1.821163008e-05,0.8792192,3.18,0.35,0.32,0.12,0.21,,,,,
2441,9998336,2253,77935.89295486163,50108.8490599185,8.04,5197.16,-0.00241992289738846,8039.958224654198,0.977910834364593,1.82067968e-05,0.95054966,3.12,0.36,0.32,0.12,0.2,,,,,
2442,10002432,2253,77935.89295486163,50108.8490599185,8.04,5197.16,-0.0014797273070144001,24389.65229344368,0.8869066331535578,1.8201963520000003e-05,0.9838818,3.12,0.36,0.32,0.12,0.2,,,,,
2443,10006528,2255,79045.53014051735,50836.72527411264,8.09,5225.81,-0.0018139617377528339,72634.72503900528,0.9550280907424167,1.819713024e-05,0.9638287,3.14,0.35,0.32,0.14,0.19,,,,,
2444,10010624,2255,79045.53014051735,50836.72527411264,8.09,5225.81,-0.002864420777768828,5410.2338743805885,0.9609103004913777,1.8192296959999998e-05,0.96118236,3.14,0.35,0.32,0.14,0.19,,,,,
2445,10014720,2255,79045.53014051735,50836.72527411264,8.09,5225.81,-0.0011961436157434946,16990.377059817314,0.8427544329315424,1.8187463680000002e-05,0.97483224,3.14,0.35,0.32,0.14,0.19,,,,,
2446,10018816,2256,81281.03173995482,52244.91478959631,8.19,5331.73,-0.0013300972404977074,123549.08700299263,0.8964364659041166,1.81826304e-05,0.9687464,3.13,0.36,0.31,0.14,0.19,,,,,
2447,10022912,2256,81281.03173995482,52244.91478959631,8.19,5331.73,-0.0018643731536940322,16131.56683653593,0.9120087132323533,1.817779712e-05,0.9865582,3.13,0.36,0.31,0.14,0.19,,,,,
2448,10027008,2257,82213.89486084117,52863.958581513965,8.25,5354.68,-0.001956232837983407,124554.825122118,0.8990176435327157,1.817296384e-05,0.96416736,3.17,0.36,0.3,0.14,0.2,,,,,
2449,10031104,2257,82213.89486084117,52863.958581513965,8.25,5354.68,-0.00259367130274768,18654.092302441597,0.9095581845613196,1.816813056e-05,0.97363234,3.17,0.36,0.3,0.14,0.2,,,,,
2450,10035200,2258,82836.26703798167,53256.92794170566,8.28,5373.83,-0.0010397085125077865,40399.649013757706,0.8478381033055484,1.816329728e-05,0.9777201,3.18,0.36,0.3,0.14,0.2,89928.6626129579,58708.6250539291,9.433333333333334,5216.866666666667,0.43333333333333335
2451,10039296,2260,79402.62097656287,51059.459414809455,8.12,5181.1,-0.004347906761722697,1813.9503868222237,1.0040831684600562,1.8158464e-05,0.9509007,3.22,0.35,0.3,0.15,0.2,,,,,
2452,10043392,2261,79625.69633452522,51150.84984927795,8.09,5201.58,-0.0016652377416903619,6371.3651831150055,0.8754840126493946,1.8153630719999998e-05,0.9562392,3.16,0.35,0.31,0.15,0.19,,,,,
2453,10047488,2261,79625.69633452522,51150.84984927795,8.09,5201.58,-0.001895816914839088,13962.847051382065,0.8789242685306817,1.8148797440000002e-05,0.97045404,3.16,0.35,0.31,0.15,0.19,,,,,
2454,10051584,2261,79625.69633452522,51150.84984927795,8.09,5201.58,-0.0010958512484648963,39256.12539768219,0.8077042866498232,1.814396416e-05,0.97749364,3.16,0.35,0.31,0.15,0.19,,,,,
2455,10055680,2262,80129.39185096066,51459.114039466716,8.1,5227.37,-0.0035610724069101707,36914.351240217686,0.9398749121464789,1.813913088e-05,0.9731651,3.14,0.35,0.32,0.14,0.19,,,,,
2456,10059776,2263,81060.97538490553,52062.176743803735,8.16,5285.55,-0.001125277008213743,18239.155937075615,0.9116268792422488,1.81342976e-05,0.9739729,3.14,0.35,0.32,0.14,0.19,,,,,
2457,10063872,2263,81060.97538490553,52062.176743803735,8.16,5285.55,-0.0028939984513272066,2475.2051686644554,0.9016065746545792,1.812946432e-05,0.9746053,3.14,0.35,0.32,0.14,0.19,,,,,
2458,10067968,2263,81060.97538490553,52062.176743803735,8.16,5285.55,-0.0011774679533118615,12287.384849905968,0.8941961007658392,1.812463104e-05,0.9866653,3.14,0.35,0.32,0.14,0.19,,,,,
2459,10072064,2264,81636.36228477022,52446.32284630836,8.18,5310.69,-0.002659784826391842,56547.28312945366,0.862754495232366,1.811979776e-05,0.97828555,3.14,0.35,0.32,0.14,0.19,,,,,
2460,10076160,2266,81198.61885004496,52198.41659461338,8.2,5273.34,-0.0016646645863147569,14657.032254099846,0.9058384008239955,1.811496448e-05,0.9648836,3.2,0.35,0.3,0.15,0.2,,,,,
2461,10080256,2267,80207.93072925895,51590.81355204774,8.14,5215.53,-0.004762855362514529,2000.6386497020721,0.858301893225871,1.81101312e-05,0.93293303,3.2,0.35,0.3,0.15,0.2,,,,,
2462,10084352,2268,80751.38760026179,51935.8379755734,8.17,5254.17,-0.0033309310074400855,8056.362214148045,0.8977200367953628,1.810529792e-05,0.9501475,3.19,0.36,0.29,0.15,0.2,,,,,
2463,10088448,2268,80751.38760026179,51935.8379755734,8.17,5254.17,-0.0026730208610388217,4133.474564015865,0.8752138571580872,1.8100464639999998e-05,0.9660243,3.19,0.36,0.29,0.15,0.2,,,,,
2464,10092544,2269,81360.84194202595,52309.28093095943,8.2,5286.62,-0.0017941604264706257,20031.148453712463,0.8922902224585414,1.8095631360000002e-05,0.98002344,3.18,0.37,0.28,0.15,0.2,,,,,
2465,10096640,2270,81160.0401090625,52173.21897959193,8.18,5280.96,-0.002393530010522227,4662.389075636864,0.9003830135334283,1.809079808e-05,0.9704243,3.16,0.37,0.29,0.14,0.2,,,,,
2466,10100736,2270,81160.0401090625,52173.21897959193,8.18,5280.96,-0.0016718209317332366,12048.912249088287,0.861009594402276,1.80859648e-05,0.98252916,3.16,0.37,0.29,0.14,0.2,,,,,
2467,10104832,2271,82267.35806727485,52881.026001268445,8.25,5325.63,-0.001960944782695151,22457.467312812805,0.8741609780117869,1.808113152e-05,0.93724775,3.19,0.36,0.29,0.15,0.2,,,,,
2468,10108928,2271,82267.35806727485,52881.026001268445,8.25,5325.63,-0.0012294018706597853,22660.155827879906,0.9376048482954502,1.807629824e-05,0.9761713,3.19,0.36,0.29,0.15,0.2,,,,,
2469,10113024,2272,83355.2189397314,53575.69756005404,8.31,5376.03,-0.0014796298646615469,26791.37911248207,0.9132100711576641,1.807146496e-05,0.9535811,3.2,0.36,0.29,0.15,0.2,,,,,
2470,10117120,2273,83501.62008177556,53658.61775714581,8.32,5380.08,-0.00334740875132411,7288.294036030769,0.8699146941071376,1.806663168e-05,0.9736212,3.2,0.36,0.29,0.15,0.2,,,,,
2471,10121216,2274,83794.78530308626,53851.4973443905,8.33,5407.04,-0.0020019398734802962,9488.130380272865,0.9272650068160146,1.8061798399999998e-05,0.9458354,3.18,0.37,0.28,0.15,0.2,,,,,
2472,10125312,2274,83794.78530308626,53851.4973443905,8.33,5407.04,-0.00355909361041995,3637.00539624691,0.8093622736632824,1.8056965120000002e-05,0.98650515,3.18,0.37,0.28,0.15,0.2,,,,,
2473,10129408,2275,83738.22117340416,53805.27081068649,8.33,5400.53,-0.0011254156779614277,18974.196736097336,0.924121581367217,1.805213184e-05,0.9761982,3.18,0.37,0.28,0.15,0.2,,,,,
2474,10133504,2275,83738.22117340416,53805.27081068649,8.33,5400.53,-0.0022397558932425454,9430.115997672081,0.898843597038649,1.804729856e-05,0.98176694,3.18,0.37,0.28,0.15,0.2,,,,,
2475,10137600,2276,84722.02464962762,54431.23043150278,8.36,5455.78,-0.002357892035433906,15698.867588460445,0.9209983282489702,1.804246528e-05,0.895503,3.16,0.37,0.28,0.16,0.19,70062.88886800878,45782.94928993274,8.666666666666666,4355.233333333334,0.3333333333333333
2476,10141696,2276,84722.02464962762,54431.23043150278,8.36,5455.78,-0.001828729825319897,10872.365879178047,0.9102875015232712,1.8037632e-05,0.96870625,3.16,0.37,0.28,0.16,0.19,,,,,
2477,10145792,2276,84722.02464962762,54431.23043150278,8.36,5455.78,-0.0016783943128757528,28413.03700017929,0.8651242982596159,1.803279872e-05,0.96761274,3.16,0.37,0.28,0.16,0.19,,,,,
2478,10149888,2278,85316.229155723,54794.76464868587,8.36,5486.6,-0.001356427010250627,115433.4720029831,0.8753777439706028,1.802796544e-05,0.9613605,3.13,0.38,0.27,0.16,0.19,,,,,
2479,10153984,2279,84615.38162580822,54354.26930765781,8.36,5431.96,-0.004138777087064227,4215.809226095676,0.9336214701179415,1.802313216e-05,0.96023,3.19,0.37,0.27,0.16,0.2,,,,,
2480,10158080,2279,84615.38162580822,54354.26930765781,8.36,5431.96,-0.0026829127018572763,17936.911336541176,0.8964643792714924,1.801829888e-05,0.96856064,3.19,0.37,0.27,0.16,0.2,,,,,
2481,10162176,2280,84903.70718844116,54533.01296992122,8.37,5447.34,-0.0023162497018347494,9394.730471014977,0.8994984765304253,1.80134656e-05,0.97611016,3.18,0.38,0.26,0.16,0.2,,,,,
2482,10166272,2281,84596.96309832679,54339.68744267973,8.37,5416.43,-0.007204290517620393,2027.5025875866413,0.8944455094169825,1.8008632319999998e-05,0.9616984,3.21,0.37,0.26,0.17,0.2,,,,,
2483,10170368,2281,84596.96309832679,54339.68744267973,8.37,5416.43,-0.0013060014207439963,17488.997625231743,0.9347636210732162,1.8003799040000002e-05,0.96581304,3.21,0.37,0.26,0.17,0.2,,,,,
2484,10174464,2283,83530.65782769778,53680.210710699626,8.33,5370.79,-0.0019443056685304327,10856.429461181164,0.9203216478927061,1.799896576e-05,0.96952754,3.21,0.38,0.24,0.18,0.2,,,,,
2485,10178560,2284,83293.98542609261,53557.79412232609,8.32,5355.87,-0.00730027571626124,1798.442432552576,0.9647703513037413,1.799413248e-05,0.96901107,3.22,0.37,0.25,0.18,0.2,,,,,
2486,10182656,2284,83293.98542609261,53557.79412232609,8.32,5355.87,-0.0017106252762459917,9955.891463160515,0.8745754970004782,1.79892992e-05,0.97602975,3.22,0.37,0.25,0.18,0.2,,,,,
2487,10186752,2285,84475.8971302385,54294.03330482479,8.34,5428.14,-0.0020287513216317166,18848.903832674026,0.940378345316276,1.798446592e-05,0.9677421,3.16,0.38,0.25,0.18,0.19,,,,,
2488,10190848,2287,83719.13622627594,53815.36216184117,8.29,5383.13,-0.004078698484590859,2912.3523761332035,1.0158521345583722,1.797963264e-05,0.96474063,3.16,0.38,0.25,0.18,0.19,,,,,
2489,10194944,2287,83719.13622627594,53815.36216184117,8.29,5383.13,-0.004779278319801961,2871.9603374004364,0.9287308682687581,1.797479936e-05,0.9895122,3.16,0.38,0.25,0.18,0.19,,,,,
2490,10199040,2287,83719.13622627594,53815.36216184117,8.29,5383.13,-0.0010841958201126545,31570.621968746185,0.9058065345743671,1.7969966079999998e-05,0.97139657,3.16,0.38,0.25,0.18,0.19,,,,,
2491,10203136,2289,85053.15194630335,54717.887739179554,8.38,5426.03,-0.0020357458352009417,96165.74452519417,0.9152301861904562,1.7965132800000002e-05,0.9516326,3.22,0.37,0.25,0.18,0.2,,,,,
2492,10207232,2289,85053.15194630335,54717.887739179554,8.38,5426.03,-0.0018040832292172126,7220.800144433975,0.9141172079835087,1.796029952e-05,0.96882945,3.22,0.37,0.25,0.18,0.2,,,,,
2493,10211328,2290,84865.25185640868,54603.853817037896,8.37,5416.69,-0.0032203257933360874,4461.701935708523,0.8751442824723199,1.795546624e-05,0.9291446,3.22,0.37,0.25,0.18,0.2,,,,,
2494,10215424,2290,84865.25185640868,54603.853817037896,8.37,5416.69,-0.0017017038117046468,15633.68938589096,0.903256042744033,1.795063296e-05,0.97577465,3.22,0.37,0.25,0.18,0.2,,,,,
2495,10219520,2292,86328.05890139272,55478.39717131433,8.34,5514.49,-0.003200090224709129,7390.996879398823,0.9410127948503941,1.794579968e-05,0.97784066,3.08,0.39,0.25,0.18,0.18,,,,,
2496,10223616,2292,86328.05890139272,55478.39717131433,8.34,5514.49,-0.002150117762539594,6613.945222079754,0.9504008517833427,1.79409664e-05,0.9402506,3.08,0.39,0.25,0.18,0.18,,,,,
2497,10227712,2293,85580.11794961776,54957.61995177983,8.26,5511.45,-0.0036508546018012566,7166.651980638504,0.928350456058979,1.793613312e-05,0.96548545,2.99,0.4,0.25,0.18,0.17,,,,,
2498,10231808,2294,85624.74023041707,54986.291383053285,8.26,5513.84,-0.004624390119715827,3757.1443434357643,0.9272359110182151,1.793129984e-05,0.9644153,2.99,0.4,0.25,0.18,0.17,,,,,
2499,10235904,2294,85624.74023041707,54986.291383053285,8.26,5513.84,-0.0019632880303106504,13817.68699324131,0.9132843562401831,1.792646656e-05,0.9730204,2.99,0.4,0.25,0.18,0.17,,,,,
2500,10240000,2296,86316.96877001663,55458.768073413965,8.32,5539.0,-0.0015653268728783587,25215.31985092163,0.9060836869757622,1.792163328e-05,0.970337,3.02,0.39,0.26,0.18,0.17,71111.40760819774,46566.69807167906,8.7,4474.9,0.23333333333333334
2501,10244096,2296,86316.96877001663,55458.768073413965,8.32,5539.0,-0.001347824965705513,13696.673929572105,0.8584397715749219,1.7916799999999998e-05,0.9689493,3.02,0.39,0.26,0.18,0.17,,,,,
2502,10248192,2297,86829.60869122444,55773.57869895863,8.33,5568.24,-0.001819103761590668,18311.06632876396,0.9034803274553269,1.7911966720000002e-05,0.97206354,3.0,0.39,0.26,0.19,0.16,,,,,
2503,10252288,2298,86026.11141436006,55295.707452873656,8.3,5524.75,-0.0028851039396613487,7632.702485501766,0.9963087509386241,1.790713344e-05,0.9624347,3.02,0.38,0.27,0.19,0.16,,,,,
2504,10256384,2299,85489.96699615082,54946.47536170314,8.26,5495.88,-0.0037787746787216747,3638.8904774188995,0.9254481894895434,1.790230016e-05,0.983099,3.01,0.38,0.27,0.19,0.16,,,,,
2505,10260480,2299,85489.96699615082,54946.47536170314,8.26,5495.88,-0.0010431077462271787,19748.922759652138,0.9226458676857874,1.789746688e-05,0.9798469,3.01,0.38,0.27,0.19,0.16,,,,,
2506,10264576,2301,86666.75510221499,55663.015309307746,8.27,5554.0,-0.0017034799620887497,16889.743778944016,1.046095141209662,1.78926336e-05,0.958106,2.96,0.38,0.28,0.19,0.15,,,,,
2507,10268672,2302,86504.09366715468,55566.08283055341,8.26,5542.65,-0.0031733405448903795,4978.5152423381805,0.9627415685681626,1.788780032e-05,0.9712601,2.96,0.38,0.28,0.19,0.15,,,,,
2508,10272768,2302,86504.09366715468,55566.08283055341,8.26,5542.65,-0.001380393317049311,22154.453292369843,0.8978059905348346,1.788296704e-05,0.96715426,2.96,0.38,0.28,0.19,0.15,,,,,
2509,10276864,2304,87170.21473741197,55980.42564594872,8.29,5583.87,-0.0020109414454054786,23714.983381986618,0.924288330017589,1.7878133759999998e-05,0.9627361,2.94,0.38,0.29,0.18,0.15,,,,,
2510,10280960,2304,87170.21473741197,55980.42564594872,8.29,5583.87,-0.0009149094776148559,29260.60839653015,0.8822665219195187,1.7873300480000002e-05,0.9579157,2.94,0.38,0.29,0.18,0.15,,,,,
2511,10285056,2305,87848.11959110167,56430.847616289015,8.34,5587.01,-0.0007481737047783099,123988.48941063881,0.9131643560249358,1.78684672e-05,0.94483054,3.0,0.37,0.29,0.18,0.16,,,,,
2512,10289152,2305,87848.11959110167,56430.847616289015,8.34,5587.01,-0.003948442987166345,3540.243953704834,0.9219501324696466,1.786363392e-05,0.97840166,3.0,0.37,0.29,0.18,0.16,,,,,
2513,10293248,2305,87848.11959110167,56430.847616289015,8.34,5587.01,-0.0010305797295586672,23433.447120904922,0.8979065651074052,1.785880064e-05,0.9749237,3.0,0.37,0.29,0.18,0.16,,,,,
2514,10297344,2306,88803.76350858384,57033.834052618404,8.38,5629.62,-0.0012914222588733537,30879.95444738865,0.8968783877789974,1.785396736e-05,0.966427,3.0,0.37,0.29,0.18,0.16,,,,,
2515,10301440,2306,88803.76350858384,57033.834052618404,8.38,5629.62,-0.003815763329839683,6872.242980659008,0.9225318384123966,1.784913408e-05,0.9868019,3.0,0.37,0.29,0.18,0.16,,,,,
2516,10305536,2308,88148.99704896592,56625.81371242563,8.32,5610.15,-0.0006761080112482887,29475.847727537155,0.9721341422991827,1.78443008e-05,0.8325329,2.96,0.37,0.3,0.18,0.15,,,,,
2517,10309632,2310,86676.14333805972,55704.85849967745,8.3,5495.62,-0.002524378995076404,12312.786169826984,0.9535982781089842,1.7839467519999998e-05,0.86064184,3.06,0.35,0.3,0.18,0.17,,,,,
2518,10313728,2311,87068.66380474834,55937.44098856083,8.3,5530.26,-0.0019285296293674037,9705.347947537899,0.9304988272488117,1.783463424e-05,0.97228664,3.02,0.36,0.3,0.17,0.17,,,,,
2519,10317824,2313,86220.52741536386,55420.16135504157,8.3,5467.48,-0.0013800384058413329,14250.864438056946,0.9502063465770334,1.782980096e-05,0.93349284,3.09,0.35,0.29,0.19,0.17,,,,,
2520,10321920,2313,86220.52741536386,55420.16135504157,8.3,5467.48,-0.0033363207994625554,4824.058196485043,0.9317477309377864,1.7824967679999998e-05,0.9769308,3.09,0.35,0.29,0.19,0.17,,,,,
2521,10326016,2314,87051.02421955473,55928.169138654375,8.31,5520.79,-0.002365501266467618,6247.321964800358,0.9052410371368751,1.7820134400000002e-05,0.981383,3.04,0.35,0.3,0.19,0.16,,,,,
2522,10330112,2315,85760.71805363038,55106.7743512237,8.24,5456.99,-0.002436619253785466,4623.066027522087,0.9337597492849454,1.781530112e-05,0.95210826,3.03,0.36,0.29,0.19,0.16,,,,,
2523,10334208,2315,85760.71805363038,55106.7743512237,8.24,5456.99,-0.0009471395533182658,13751.296739697456,0.8419404934393242,1.781046784e-05,0.98166454,3.03,0.36,0.29,0.19,0.16,,,,,
2524,10338304,2316,86748.99977376676,55737.157800914414,8.27,5519.41,-0.0011158711531606968,31648.5871475935,0.9618547081481665,1.780563456e-05,0.9647797,3.0,0.36,0.3,0.18,0.16,,,,,
2525,10342400,2316,86748.99977376676,55737.157800914414,8.27,5519.41,-0.0010336892828490818,195849.48254680634,0.8031799806049094,1.780080128e-05,0.9637764,3.0,0.36,0.3,0.18,0.16,77087.11108103306,50290.43195631552,8.966666666666667,4712.066666666667,0.23333333333333334
2526,10346496,2318,87821.58337605072,56451.06035309452,8.36,5538.95,-0.0024729722790652886,9265.795656502247,0.9457974629476666,1.7795968e-05,0.95456946,3.08,0.35,0.3,0.18,0.17,,,,,
2527,10350592,2319,87677.35964404538,56386.569382963506,8.36,5531.35,-0.003893463710483047,4662.875253766775,0.9348175383638591,1.779113472e-05,0.96650577,3.09,0.35,0.29,0.19,0.17,,,,,
2528,10354688,2319,87677.35964404538,56386.569382963506,8.36,5531.35,-0.0016592785859756987,13560.340197205544,0.943613535608165,1.7786301439999998e-05,0.9699682,3.09,0.35,0.29,0.19,0.17,,,,,
2529,10358784,2319,87677.35964404538,56386.569382963506,8.36,5531.35,-0.0015590572093060473,34188.28163087368,0.865342823904939,1.7781468160000002e-05,0.9788821,3.09,0.35,0.29,0.19,0.17,,,,,
2530,10362880,2320,87947.66616226787,56547.28244843672,8.37,5539.86,-0.0031228897205437534,75993.30737423897,0.8743642973713577,1.777663488e-05,0.9716386,3.09,0.35,0.29,0.19,0.17,,,,,
2531,10366976,2321,87265.44628706871,56103.474250691135,8.34,5500.84,-0.004401086371217389,7620.675997972488,0.9561191521352157,1.77718016e-05,0.81062376,3.1,0.35,0.28,0.2,0.17,,,,,
2532,10371072,2322,86394.473715615,55539.71127283245,8.28,5469.18,-0.003718676179232716,4263.73566287756,0.9247538421768695,1.776696832e-05,0.9575104,3.06,0.36,0.28,0.19,0.17,,,,,
2533,10375168,2322,86394.473715615,55539.71127283245,8.28,5469.18,-0.0022981024831096875,11864.530193209648,0.9160118839936331,1.776213504e-05,0.9890676,3.06,0.36,0.28,0.19,0.17,,,,,
2534,10379264,2323,86885.6694538192,55866.909643167,8.28,5510.68,-0.0015790131819812814,84991.31619405746,0.8763007159577683,1.775730176e-05,0.9620403,3.02,0.36,0.29,0.19,0.16,,,,,
2535,10383360,2324,86900.48094204086,55902.52703468678,8.29,5510.39,-0.0038542210513696773,8772.228297293186,0.9975232796277851,1.775246848e-05,0.927114,3.03,0.36,0.29,0.19,0.16,,,,,
2536,10387456,2324,86900.48094204086,55902.52703468678,8.29,5510.39,-0.002544237438996788,12060.827518820763,0.9713791474932805,1.7747635199999998e-05,0.9280441,3.03,0.36,0.29,0.19,0.16,,,,,
2537,10391552,2325,86990.14674082893,55973.58375861358,8.3,5512.53,-0.003099191832006909,3783.033816754818,0.9187429322628304,1.774280192e-05,0.891029,3.04,0.35,0.3,0.19,0.16,,,,,
2538,10395648,2326,87691.52934870293,56413.75067380839,8.33,5557.54,-0.0023192048702185275,10961.41190814972,0.90863395947963,1.773796864e-05,0.9753085,3.02,0.36,0.29,0.19,0.16,,,,,
2539,10399744,2326,87691.52934870293,56413.75067380839,8.33,5557.54,-0.0025319957294414053,6003.828711092472,0.8915634236764163,1.7733135359999997e-05,0.9780058,3.02,0.36,0.29,0.19,0.16,,,,,
2540,10403840,2326,87691.52934870293,56413.75067380839,8.33,5557.54,-0.0011270791101196664,24490.527431488037,0.9380180770531297,1.7728302080000002e-05,0.98331594,3.02,0.36,0.29,0.19,0.16,,,,,
2541,10407936,2327,89164.23125912424,57347.9624645819,8.39,5610.31,-0.0015394413994727074,113001.91499531269,0.8450651264283806,1.77234688e-05,0.9768549,3.04,0.35,0.3,0.19,0.16,,,,,
2542,10412032,2328,88593.4157843106,56972.977185615804,8.34,5591.99,-0.003966675178162404,9205.42093706131,0.9497168507659808,1.771863552e-05,0.97482455,3.0,0.35,0.3,0.2,0.15,,,,,
2543,10416128,2329,88040.6625933549,56589.975337248005,8.3,5570.83,-0.0036459342500165803,6332.298898279667,0.9776768018491566,1.771380224e-05,0.9767675,2.98,0.35,0.3,0.2,0.15,,,,,
2544,10420224,2329,88040.6625933549,56589.975337248005,8.3,5570.83,-0.0017899484118970577,7465.304898023605,0.8556357461493462,1.770896896e-05,0.97319096,2.98,0.35,0.3,0.2,0.15,,,,,
2545,10424320,2330,88849.29564666488,57085.28892775046,8.34,5609.79,-0.0020167786387901288,11267.387001752853,0.8468898280989379,1.770413568e-05,0.9804308,2.98,0.35,0.3,0.2,0.15,,,,,
2546,10428416,2330,88849.29564666488,57085.28892775046,8.34,5609.79,-0.001216634936099581,13776.268437802792,0.8706547197652981,1.76993024e-05,0.97136,2.98,0.35,0.3,0.2,0.15,,,,,
2547,10432512,2332,87901.9893536352,56471.669642687935,8.26,5568.17,-0.001757828214977053,12383.939534068108,0.9985398461576551,1.7694469119999998e-05,0.9361167,2.93,0.36,0.3,0.2,0.14,,,,,
2548,10436608,2332,87901.9893536352,56471.669642687935,8.26,5568.17,-0.0008567619233872392,18710.873198747635,0.9647428677417338,1.7689635840000002e-05,0.9751114,2.93,0.36,0.3,0.2,0.14,,,,,
2549,10440704,2333,88541.20723639456,56845.2549487622,8.27,5612.33,-0.0022105866664787754,7794.530592262745,0.9908802276477218,1.768480256e-05,0.9531109,2.89,0.37,0.3,0.19,0.14,,,,,
2550,10444800,2333,88541.20723639456,56845.2549487622,8.27,5612.33,-0.002139676501883514,11562.024119853973,0.9342313484521583,1.7679969279999997e-05,0.9604714,2.89,0.37,0.3,0.19,0.14,61723.02611315602,40625.051284232664,8.166666666666666,3901.0333333333333,0.23333333333333334
2551,10448896,2334,88251.04611480408,56672.00169344026,8.26,5596.54,-0.0018924756259366404,10662.22201347351,0.9132221192121506,1.7675136e-05,0.98244447,2.89,0.37,0.3,0.19,0.14,,,,,
2552,10452992,2336,88313.36330078501,56708.4573548311,8.26,5584.8,-0.0022444235346483765,10129.903592407703,0.9125646412139758,1.767030272e-05,0.97295994,2.91,0.36,0.3,0.21,0.13,,,,,
2553,10457088,2336,88313.36330078501,56708.4573548311,8.26,5584.8,-0.004020044225399033,2258.002623260021,0.8932318205479532,1.766546944e-05,0.97066724,2.91,0.36,0.3,0.21,0.13,,,,,
2554,10461184,2337,89520.7147021178,57457.270419428096,8.33,5652.7,-0.0010498463771000388,15953.676241278648,0.8718723552301526,1.766063616e-05,0.9860707,2.91,0.36,0.3,0.21,0.13,,,,,
2555,10465280,2337,89520.7147021178,57457.270419428096,8.33,5652.7,-0.004682972195951152,3110.85493478179,0.8751473877346143,1.7655802879999998e-05,0.9691222,2.91,0.36,0.3,0.21,0.13,,,,,
2556,10469376,2338,89078.53504755063,57178.111383888296,8.31,5630.04,-0.0046424719203059794,3779.37208622694,0.9399272289592773,1.76509696e-05,0.9720016,2.91,0.36,0.3,0.21,0.13,,,,,
2557,10473472,2339,88787.61722198446,56971.97652463827,8.29,5608.62,-0.005475484120324836,2362.54244145751,0.8969813574803993,1.764613632e-05,0.9711837,2.91,0.36,0.3,0.21,0.13,,,,,
2558,10477568,2339,88787.61722198446,56971.97652463827,8.29,5608.62,-0.0017124812770816789,20318.83656311035,0.8527729432098567,1.7641303039999997e-05,0.94785774,2.91,0.36,0.3,0.21,0.13,,,,,
2559,10481664,2340,89817.18760326094,57623.509714183776,8.34,5676.5,-0.004966899246937828,2120.176056623459,0.8726744055747986,1.7636469760000002e-05,0.96718967,2.89,0.37,0.29,0.21,0.13,,,,,
2560,10485760,2342,89762.25208150296,57565.29126092615,8.31,5681.52,-0.0017719831439535483,9551.511471152306,0.8886101123644039,1.763163648e-05,0.95496637,2.86,0.38,0.28,0.22,0.12,,,,,
2561,10489856,2344,87536.20809545515,56173.25227651099,8.21,5557.64,-0.0045047104849800235,3876.146720647812,0.978938624728471,1.76268032e-05,0.9610203,2.89,0.38,0.27,0.23,0.12,,,,,
2562,10493952,2345,86168.02651312076,55328.919399268925,8.18,5486.71,-0.0027480524531711126,14686.845010757446,0.9247605291893706,1.762196992e-05,0.93823093,2.94,0.38,0.26,0.23,0.13,,,,,
2563,10498048,2346,86393.8141893704,55479.18240987364,8.2,5488.59,-0.0021168570547160925,12996.106338739395,0.8584597777808085,1.761713664e-05,0.98002833,2.96,0.38,0.25,0.24,0.13,,,,,
2564,10502144,2346,86393.8141893704,55479.18240987364,8.2,5488.59,-0.004195847047412826,2659.2133013010025,0.8773143362486735,1.761230336e-05,0.9686524,2.96,0.38,0.25,0.24,0.13,,,,,
2565,10506240,2346,86393.8141893704,55479.18240987364,8.2,5488.59,-0.001415992618603923,18578.19129395485,0.9157439551781863,1.760747008e-05,0.97182566,2.96,0.38,0.25,0.24,0.13,,,,,
2566,10510336,2348,85140.90892671642,54662.549283055756,8.14,5423.85,-0.004642784055249649,3480.0767474770546,0.9843265485251322,1.7602636799999998e-05,0.91496897,2.97,0.38,0.24,0.25,0.13,,,,,
2567,10514432,2349,84127.58654622262,53997.175632722174,8.07,5391.73,-0.003223362785320205,6366.153001725674,0.9653110820800066,1.759780352e-05,0.9464834,2.93,0.39,0.24,0.24,0.13,,,,,
2568,10518528,2349,84127.58654622262,53997.175632722174,8.07,5391.73,-0.0017789148059819127,15666.602718949318,0.8176623724866658,1.759297024e-05,0.98055017,2.93,0.39,0.24,0.24,0.13,,,,,
2569,10522624,2350,84877.22422546323,54472.455300732756,8.1,5421.2,-0.0015344908688348369,25953.72986161709,0.8353350637480617,1.7588136959999997e-05,0.9832505,2.93,0.39,0.24,0.24,0.13,,,,,
2570,10526720,2351,84058.81234012007,53975.79830351277,8.09,5373.21,-0.0019708537565747974,8959.664297282696,0.9134488913696259,1.758330368e-05,0.9796034,2.97,0.39,0.23,0.24,0.14,,,,,
2571,10530816,2351,84058.81234012007,53975.79830351277,8.09,5373.21,-0.0011965482626692392,16565.862868070602,0.8720332161756232,1.75784704e-05,0.9737771,2.97,0.39,0.23,0.24,0.14,,,,,
2572,10534912,2352,84982.66233170986,54585.85845699195,8.16,5406.94,-0.0029782746842101915,6021.774691879749,0.8928648686269298,1.757363712e-05,0.98006034,3.01,0.38,0.23,0.25,0.14,,,,,
2573,10539008,2355,83166.16782318604,53439.761243699904,8.03,5329.28,-0.0027672635442286264,8507.069874465466,0.9070736657595262,1.756880384e-05,0.7867861,2.96,0.39,0.23,0.24,0.14,,,,,
2574,10543104,2355,83166.16782318604,53439.761243699904,8.03,5329.28,-0.004109473386051832,5809.295579791069,0.9856867776252329,1.7563970559999998e-05,0.9579875,2.96,0.39,0.23,0.24,0.14,,,,,
2575,10547200,2355,83166.16782318604,53439.761243699904,8.03,5329.28,-0.0010644385993145988,12000.846596121788,0.9184655027929693,1.755913728e-05,0.9844896,2.96,0.39,0.23,0.24,0.14,75697.47814011635,49689.13798774711,8.866666666666667,4612.533333333334,0.26666666666666666
2576,10551296,2356,82282.13168008566,52881.958938859614,8.0,5296.14,-0.0026703174680733355,20448.373879909515,0.8729441072791815,1.7554304e-05,0.9741459,2.96,0.39,0.23,0.24,0.14,,,,,
2577,10555392,2357,81415.24198127404,52336.62572667395,7.97,5263.17,-0.0014940121945983265,20324.549231171608,0.9233550004428253,1.7549470719999997e-05,0.96833813,2.96,0.39,0.23,0.24,0.14,,,,,
2578,10559488,2357,81415.24198127404,52336.62572667395,7.97,5263.17,-0.002745699101978971,7900.283232808113,0.8030176935717463,1.754463744e-05,0.97933316,2.96,0.39,0.23,0.24,0.14,,,,,
2579,10563584,2358,81106.42110398533,52122.026051253524,7.95,5262.0,-0.0019773269623328815,13361.971759319305,0.9673986213747412,1.753980416e-05,0.9811093,2.94,0.4,0.22,0.24,0.14,,,,,
2580,10567680,2359,81874.16071489945,52624.30702254628,8.0,5303.09,-0.0034246659706695937,8502.267676770687,0.9581771527882665,1.753497088e-05,0.9872217,2.95,0.4,0.22,0.23,0.15,,,,,
2581,10571776,2359,81874.16071489945,52624.30702254628,8.0,5303.09,-0.0036825985971518094,5459.078753590584,0.894145430997014,1.75301376e-05,0.9670204,2.95,0.4,0.22,0.23,0.15,,,,,
2582,10575872,2360,82902.79897957099,53267.069144286594,8.07,5364.43,-0.0014167678464218625,16184.8794567585,0.919741733931005,1.752530432e-05,0.9759011,2.95,0.4,0.22,0.23,0.15,,,,,
2583,10579968,2361,83111.29132175593,53418.984467534785,8.08,5379.59,-0.0017247815276277834,11056.499147415161,0.8622979387873784,1.752047104e-05,0.9656306,2.95,0.4,0.22,0.23,0.15,,,,,
2584,10584064,2361,83111.29132175593,53418.984467534785,8.08,5379.59,-0.0039072254758139024,4166.574120044708,0.854802772286348,1.751563776e-05,0.9876954,2.95,0.4,0.22,0.23,0.15,,,,,
2585,10588160,2362,82269.5830528832,52878.617885991756,8.05,5347.63,-0.0013391940756264376,12922.488715350628,0.8893689560936764,1.7510804479999998e-05,0.98421955,2.95,0.4,0.22,0.23,0.15,,,,,
2586,10592256,2363,81546.09494435093,52399.09774678237,8.0,5307.17,-0.0025909300456987694,5189.951433122158,0.965629015234299,1.75059712e-05,0.97060007,2.94,0.4,0.22,0.23,0.15,,,,,
2587,10596352,2363,81546.09494435093,52399.09774678237,8.0,5307.17,-0.0012905155253974954,30029.953014731407,0.9247560101794079,1.750113792e-05,0.9838867,2.94,0.4,0.22,0.23,0.15,,,,,
2588,10600448,2364,81459.06279374314,52360.11190612786,8.01,5284.39,-0.0021254814346320927,97982.12977266312,0.8613508730195463,1.7496304639999997e-05,0.9689198,2.98,0.39,0.22,0.24,0.15,,,,,
2589,10604544,2364,81459.06279374314,52360.11190612786,8.01,5284.39,-0.0027755955470638582,1720.1247844099998,0.9138308960245922,1.749147136e-05,0.9824044,2.98,0.39,0.22,0.24,0.15,,,,,
2590,10608640,2365,81759.38118346769,52526.53497025488,8.01,5310.85,-0.0022206900493983994,11971.762882947922,0.9477898456389084,1.748663808e-05,0.9307415,2.95,0.4,0.22,0.23,0.15,,,,,
2591,10612736,2366,82352.48283653261,52908.9349873972,8.01,5353.53,-0.0018874937359214528,17242.4762635231,0.9706136320019141,1.74818048e-05,0.89336175,2.9,0.4,0.23,0.23,0.14,,,,,
2592,10616832,2366,82352.48283653261,52908.9349873972,8.01,5353.53,-0.0018979228007083293,15025.817778468132,0.9000732137355953,1.747697152e-05,0.9814067,2.9,0.4,0.23,0.23,0.14,,,,,
2593,10620928,2367,83548.99845006861,53724.98804795586,8.1,5408.73,-0.0032114164296217496,16093.489463686943,0.899535745033063,1.7472138239999998e-05,0.96559495,2.94,0.4,0.22,0.23,0.15,,,,,
2594,10625024,2367,83548.99845006861,53724.98804795586,8.1,5408.73,-0.002936269112979062,5578.51705121994,0.912814112380147,1.746730496e-05,0.98461777,2.94,0.4,0.22,0.23,0.15,,,,,
2595,10629120,2368,84158.22157518112,54113.38730953275,8.13,5438.86,-0.002550558869188535,22508.438589930534,0.9258334111655131,1.746247168e-05,0.95990866,2.94,0.4,0.22,0.23,0.15,,,,,
2596,10633216,2369,83337.35343638124,53609.61823846206,8.1,5386.19,-0.0017605633674975252,8446.202224195004,0.9564404884586111,1.7457638399999997e-05,0.9623631,2.97,0.39,0.22,0.24,0.15,,,,,
2597,10637312,2369,83337.35343638124,53609.61823846206,8.1,5386.19,-0.0010055609109258512,18734.699039936066,0.9343366278335452,1.745280512e-05,0.9726505,2.97,0.39,0.22,0.24,0.15,,,,,
2598,10641408,2370,84539.28452296453,54412.23816236409,8.16,5442.23,-0.0037557741488853935,19034.026517629623,0.9366814836394042,1.744797184e-05,0.98638904,2.98,0.39,0.22,0.24,0.15,,,,,
2599,10645504,2370,84539.28452296453,54412.23816236409,8.16,5442.23,-0.002583147775112593,7242.383442461491,0.8808948359219357,1.744313856e-05,0.9779566,2.98,0.39,0.22,0.24,0.15,,,,,
2600,10649600,2370,84539.28452296453,54412.23816236409,8.16,5442.23,-0.0017450963923693052,15871.69511437416,0.8137870504288003,1.743830528e-05,0.98409367,2.98,0.39,0.22,0.24,0.15,69997.30223150343,45663.4739771407,8.566666666666666,4299.466666666666,0.26666666666666666
2601,10653696,2371,85060.11385175248,54751.708682862874,8.17,5479.47,-0.002629941449413309,30250.64506983757,0.9439216851023957,1.7433472e-05,0.94659674,2.95,0.4,0.22,0.23,0.15,,,,,
2602,10657792,2372,84518.65033213231,54403.25322735525,8.14,5461.88,-0.0013660759468621109,14609.441628813744,0.8980482664192095,1.742863872e-05,0.9716405,2.94,0.4,0.22,0.23,0.15,,,,,
2603,10661888,2372,84518.65033213231,54403.25322735525,8.14,5461.88,-0.004007816924058716,6018.5597613453865,0.9198173289187253,1.742380544e-05,0.9600507,2.94,0.4,0.22,0.23,0.15,,,,,
2604,10665984,2373,85048.32935585272,54733.376977149164,8.15,5503.9,-0.0015005427239884739,16365.553501009941,0.9509191695833579,1.7418972159999998e-05,0.9635527,2.91,0.41,0.22,0.22,0.15,,,,,
2605,10670080,2374,84669.85382953803,54506.83991355586,8.16,5468.64,-0.0026809814571606694,8380.332806199789,0.9669062381144613,1.741413888e-05,0.90441096,2.96,0.4,0.22,0.22,0.16,,,,,
2606,10674176,2374,84669.85382953803,54506.83991355586,8.16,5468.64,-0.0014210393533176102,11670.250257372856,0.9336342585738748,1.74093056e-05,0.9838337,2.96,0.4,0.22,0.22,0.16,,,,,
2607,10678272,2374,84669.85382953803,54506.83991355586,8.16,5468.64,-0.0014131380785329384,25896.813578605652,0.8779609597986564,1.7404472319999997e-05,0.97961193,2.96,0.4,0.22,0.22,0.16,,,,,
2608,10682368,2378,81790.95903684404,52720.74998247844,8.08,5315.9,-0.0004360179987088486,101254.4509499073,1.0402528936974704,1.739963904e-05,0.5764973,3.04,0.39,0.22,0.22,0.17,,,,,
2609,10686464,2379,82488.49794188493,53171.5078115079,8.1,5352.43,-0.0019110493267362472,21449.421144604683,0.8824220866663381,1.739480576e-05,0.9466483,3.02,0.39,0.22,0.23,0.16,,,,,
2610,10690560,2379,82488.49794188493,53171.5078115079,8.1,5352.43,-0.004048146263812669,2908.098600924015,0.9087823510635644,1.738997248e-05,0.97599417,3.02,0.39,0.22,0.23,0.16,,,,,
2611,10694656,2382,80272.74347170816,51756.201363121036,7.98,5232.36,-0.00222749930981081,8824.535149693489,0.9811826444929466,1.73851392e-05,0.92104524,3.03,0.39,0.22,0.23,0.16,,,,,
2612,10698752,2383,80696.47318110493,52036.095233461354,8.0,5261.78,-0.002244325455649232,11296.259956359863,0.9359743881504983,1.7380305919999998e-05,0.95240223,3.02,0.39,0.23,0.22,0.16,,,,,
2613,10702848,2383,80696.47318110493,52036.095233461354,8.0,5261.78,-0.002498459743037529,9718.696081340313,0.9271633959142491,1.737547264e-05,0.96985376,3.02,0.39,0.23,0.22,0.16,,,,,
2614,10706944,2384,81609.06101052374,52609.1269757149,8.05,5307.97,-0.0020137882438575616,14102.27434206009,0.9093532999977469,1.737063936e-05,0.95625067,3.02,0.39,0.23,0.22,0.16,,,,,
2615,10711040,2384,81609.06101052374,52609.1269757149,8.05,5307.97,-0.003360769547725795,2132.583874106407,0.8610829279059544,1.7365806079999997e-05,0.97958887,3.02,0.39,0.23,0.22,0.16,,,,,
2616,10715136,2385,80891.80308455719,52147.396290395314,8.02,5272.17,-0.0021390558304119622,8455.259754240513,0.857174584758468,1.73609728e-05,0.96934533,3.02,0.39,0.23,0.22,0.16,,,,,
2617,10719232,2386,81425.0897074107,52473.90715886503,8.06,5305.07,-0.0025388944718542916,6755.757573366165,0.8631408471846953,1.735613952e-05,0.9714495,3.02,0.39,0.23,0.22,0.16,,,,,
2618,10723328,2387,81922.94223144537,52795.1990902397,8.09,5333.86,-0.002005565585932345,7758.428341329098,0.941657624207437,1.735130624e-05,0.9654431,3.02,0.39,0.23,0.22,0.16,,,,,
2619,10727424,2387,81922.94223144537,52795.1990902397,8.09,5333.86,-0.004078941961779492,4031.1447568535805,0.9439969152444974,1.734647296e-05,0.98023206,3.02,0.39,0.23,0.22,0.16,,,,,
2620,10731520,2387,81922.94223144537,52795.1990902397,8.09,5333.86,-0.0019014713452634169,15366.691347241402,0.8127433577319607,1.734163968e-05,0.9845539,3.02,0.39,0.23,0.22,0.16,,,,,
2621,10735616,2389,81277.24076057186,52372.314251813405,8.09,5304.7,-0.0009654243476688862,20964.509848952293,0.9688422558829188,1.73368064e-05,0.9545168,3.04,0.39,0.23,0.22,0.16,,,,,
2622,10739712,2390,81295.98334832441,52406.82886576883,8.13,5284.22,-0.005535189469810575,2550.532789349556,0.9090364311123267,1.733197312e-05,0.98789096,3.1,0.38,0.23,0.22,0.17,,,,,
2623,10743808,2390,81295.98334832441,52406.82886576883,8.13,5284.22,-0.003168862380334758,8242.415500044823,0.8818533860612661,1.7327139839999998e-05,0.9832978,3.1,0.38,0.23,0.22,0.17,,,,,
2624,10747904,2392,81163.34814823233,52352.5902887633,8.16,5267.61,-0.0020372788148961263,15743.786329746246,0.9826729818014428,1.732230656e-05,0.95793337,3.15,0.37,0.23,0.22,0.18,,,,,
2625,10752000,2392,81163.34814823233,52352.5902887633,8.16,5267.61,-0.0017089250850403914,10458.000207543373,0.8117521607782692,1.731747328e-05,0.97374296,3.15,0.37,0.23,0.22,0.18,60511.241962758824,39550.850073248526,8.1,3785.766666666667,0.2
2626,10756096,2393,81985.05890565996,52868.97484157561,8.2,5300.71,-0.0017180539489345392,14863.642030596733,0.8602749396814033,1.7312639999999997e-05,0.97825694,3.16,0.36,0.24,0.22,0.18,,,,,
2627,10760192,2394,82040.36132572044,52906.77294311439,8.21,5299.74,-0.005205666191614,4274.6172747612,0.9215532661182806,1.730780672e-05,0.94986343,3.17,0.35,0.25,0.22,0.18,,,,,
2628,10764288,2394,82040.36132572044,52906.77294311439,8.21,5299.74,-0.005928719659095805,4181.171330273151,0.8989584810333326,1.730297344e-05,0.9664702,3.17,0.35,0.25,0.22,0.18,,,,,
2629,10768384,2396,81437.71744379806,52509.89753797957,8.17,5275.95,-0.0021680758018192137,11885.081593990326,0.9290003329515457,1.729814016e-05,0.9657332,3.15,0.36,0.24,0.22,0.18,,,,,
2630,10772480,2396,81437.71744379806,52509.89753797957,8.17,5275.95,-0.0026260986869601766,10087.312870681286,0.8697418539086357,1.729330688e-05,0.98069304,3.15,0.36,0.24,0.22,0.18,,,,,
2631,10776576,2397,81529.37252201913,52561.75555540401,8.17,5280.24,-0.001328251162703964,19954.4283554554,0.8209318253211677,1.7288473599999998e-05,0.9746236,3.14,0.36,0.25,0.21,0.18,,,,,
2632,10780672,2398,81282.30586613229,52382.018588801904,8.14,5271.43,-0.0024737096355238464,9888.27902686596,0.975913351518102,1.728364032e-05,0.96081984,3.12,0.37,0.24,0.21,0.18,,,,,
2633,10784768,2399,81461.31376445344,52529.53013930866,8.19,5275.66,-0.00495557826343429,2454.606760919094,0.899293766124174,1.727880704e-05,0.95044684,3.17,0.37,0.23,0.21,0.19,,,,,
2634,10788864,2400,80943.66838628132,52191.46689206935,8.16,5261.74,-0.001983720743737649,10519.571198403835,0.9229557086946443,1.7273973759999997e-05,0.98201257,3.15,0.38,0.22,0.21,0.19,,,,,
2635,10792960,2400,80943.66838628132,52191.46689206935,8.16,5261.74,-0.0018923899151559453,9439.828443646431,0.8917409416753799,1.726914048e-05,0.9789831,3.15,0.38,0.22,0.21,0.19,,,,,
2636,10797056,2401,81676.63479223974,52657.88322660951,8.19,5308.35,-0.005383859346693498,2781.529701054096,0.8689264907734469,1.72643072e-05,0.9516804,3.13,0.38,0.23,0.2,0.19,,,,,
2637,10801152,2402,82347.97021770067,53069.519288549374,8.23,5345.65,-0.0033372685420545167,11486.602911353111,0.9569549604784697,1.725947392e-05,0.9770685,3.13,0.38,0.23,0.2,0.19,,,,,
2638,10805248,2402,82347.97021770067,53069.519288549374,8.23,5345.65,-0.0029781182665828965,5768.372672975063,0.9857064397074282,1.725464064e-05,0.9696184,3.13,0.38,0.23,0.2,0.19,,,,,
2639,10809344,2403,81656.80419920063,52630.27646292737,8.19,5324.34,-0.0029200407916505355,4392.292216479778,0.8852443428477272,1.724980736e-05,0.88077533,3.11,0.39,0.22,0.2,0.19,,,,,
2640,10813440,2404,81790.68618647606,52707.71367800297,8.17,5343.19,-0.0016925461968639866,11913.90217089653,0.9031473600771278,1.724497408e-05,0.96581465,3.06,0.4,0.22,0.2,0.18,,,,,
2641,10817536,2405,81075.45768292839,52243.07994985403,8.14,5317.55,-0.001548931943034404,16824.403411984444,0.8606885118642822,1.72401408e-05,0.97202533,3.05,0.4,0.22,0.2,0.18,,,,,
2642,10821632,2406,79581.53504892456,51300.056924198165,8.07,5243.13,-0.0013724725249630865,12730.091439247131,0.9574522480834275,1.7235307519999998e-05,0.8559512,3.06,0.39,0.23,0.2,0.18,,,,,
2643,10825728,2408,78741.7961965166,50745.81876352033,8.04,5188.75,-0.003402923455723794,8435.29446965456,0.9537077428540215,1.723047424e-05,0.9643697,3.08,0.39,0.22,0.21,0.18,,,,,
2644,10829824,2409,79588.40869542313,51305.080489173786,8.08,5228.83,-0.0016252825125775416,17584.468379497528,0.8844983283197507,1.722564096e-05,0.97955656,3.08,0.39,0.22,0.21,0.18,,,,,
2645,10833920,2410,79745.30058694066,51400.32033065154,8.07,5241.63,-0.00566022513066855,2374.0975061059,0.8969231906812638,1.7220807679999997e-05,0.9684958,3.06,0.39,0.22,0.22,0.17,,,,,
2646,10838016,2410,79745.30058694066,51400.32033065154,8.07,5241.63,-0.003113477934675757,9191.698944985867,0.9529647150775418,1.72159744e-05,0.977872,3.06,0.39,0.22,0.22,0.17,,,,,
2647,10842112,2411,80654.33622292583,51977.14332119278,8.11,5279.73,-0.00101574562904716,39952.13895654678,0.9178888102760538,1.721114112e-05,0.9735011,3.06,0.39,0.22,0.22,0.17,,,,,
2648,10846208,2411,80654.33622292583,51977.14332119278,8.11,5279.73,-0.003344926285535621,6058.584799706936,1.000391142675653,1.720630784e-05,0.955505,3.06,0.39,0.22,0.22,0.17,,,,,
2649,10850304,2412,80783.4533988942,52061.03291843466,8.1,5299.58,-0.0012650422631850233,24039.7955827713,0.8885079297469929,1.720147456e-05,0.96878386,3.02,0.4,0.22,0.21,0.17,,,,,
2650,10854400,2414,80789.44418241545,52103.936752883776,8.13,5289.34,-0.004758689237860381,4450.379110813141,0.9295668759150431,1.7196641279999998e-05,0.92888796,3.06,0.4,0.21,0.21,0.18,63212.25832406475,41455.70771656313,8.433333333333334,4111.066666666667,0.2
2651,10858496,2414,80789.44418241545,52103.936752883776,8.13,5289.34,-0.003257992681938049,8094.0821216106415,0.888818183564581,1.7191808e-05,0.969274,3.06,0.4,0.21,0.21,0.18,,,,,
2652,10862592,2415,81573.8484820223,52616.221308977416,8.18,5333.82,-0.0018332847666897578,11655.62386739254,0.9323693433543667,1.718697472e-05,0.96317106,3.07,0.39,0.22,0.21,0.18,,,,,
2653,10866688,2415,81573.8484820223,52616.221308977416,8.18,5333.82,-0.0037082933722558664,7104.562808036804,0.9412009336519986,1.7182141439999997e-05,0.97373366,3.07,0.39,0.22,0.21,0.18,,,,,
2654,10870784,2415,81573.8484820223,52616.221308977416,8.18,5333.82,-0.0011874099200213095,34752.48493933678,0.8327936582500115,1.717730816e-05,0.9791971,3.07,0.39,0.22,0.21,0.18,,,,,
2655,10874880,2416,82159.56705016758,52962.45207413043,8.2,5356.9,-0.0019464175220491597,7039.7125223279,0.8749652648111805,1.717247488e-05,0.98177713,3.06,0.4,0.21,0.21,0.18,,,,,
2656,10878976,2417,81636.81299956844,52572.31016379229,8.15,5351.04,-0.002068180720016244,11951.393824338913,0.9115111180581152,1.71676416e-05,0.98231566,3.0,0.4,0.22,0.21,0.17,,,,,
2657,10883072,2417,81636.81299956844,52572.31016379229,8.15,5351.04,-0.0016405667806793645,9831.706913173199,0.826198254013434,1.716280832e-05,0.98266065,3.0,0.4,0.22,0.21,0.17,,,,,
2658,10887168,2418,82417.380821605,53064.62611190978,8.19,5401.11,-0.002399670447630342,10122.06374180317,0.9056181547930464,1.7157975039999998e-05,0.96113425,2.99,0.4,0.23,0.2,0.17,,,,,
2659,10891264,2420,80214.01043910095,51667.39105826966,8.1,5288.72,-0.0024004010538192233,5039.352933585644,0.8982363978866488,1.715314176e-05,0.9720372,3.01,0.39,0.24,0.2,0.17,,,,,
2660,10895360,2421,80748.79864940754,51989.72347708543,8.13,5313.75,-0.0014766474887437653,18636.085772752762,0.9478045791620389,1.714830848e-05,0.97171277,3.01,0.39,0.24,0.2,0.17,,,,,
2661,10899456,2422,80641.43807584474,51933.817654684244,8.14,5299.77,-0.0025233630208276736,6104.2187668681145,0.8997924997238442,1.7143475199999998e-05,0.9505363,3.04,0.38,0.24,0.21,0.17,,,,,
2662,10903552,2422,80641.43807584474,51933.817654684244,8.14,5299.77,-0.0010935879981843755,10492.09787619114,0.8705605079885572,1.7138641920000002e-05,0.9762456,3.04,0.38,0.24,0.21,0.17,,,,,
2663,10907648,2424,79528.63686820252,51157.63991020966,8.11,5239.81,-0.0009742183528942405,24939.972135186195,0.9630701059941202,1.713380864e-05,0.91231996,3.07,0.38,0.23,0.21,0.18,,,,,
2664,10911744,2425,79346.33002647682,51031.81266746188,8.1,5227.39,-0.004865776357291907,2413.0006874501705,0.9430836472893134,1.712897536e-05,0.9613183,3.07,0.38,0.23,0.21,0.18,,,,,
