update,timesteps,episodes,mean_reward,mean_score,mean_stage,mean_length,policy_loss,value_loss,entropy,learning_rate,explained_var,mean_start_stage,start_stage_t1_frac,start_stage_t2_frac,start_stage_t3_frac,start_stage_t4_frac,eval_mean_reward,eval_mean_score,eval_mean_max_stage,eval_mean_length,eval_over_max_rate
5577,22843392,1,78374.27512482149,45821.531066305404,7.0,5639.0,-0.00022133692345960299,20404.87837076187,0.840842570643872,2.002634752000001e-06,0.9669905,1.0,1.0,0.0,0.0,0.0,,,,,
5578,22847488,2,79276.85426146779,46260.686532738095,7.0,5884.0,-5.452934692584677e-05,28290.594185352325,0.916223959880881,1.9994071039999985e-06,0.9385296,1.0,1.0,0.0,0.0,0.0,,,,,
5579,22851584,3,72756.63314169772,42588.33132876612,7.333333333333333,5097.333333333333,-4.136882671446074e-05,35483.78694820404,0.8208135825116187,1.9961794559999996e-06,0.9560204,2.3333333333333335,0.6666666666666666,0.0,0.3333333333333333,0.0,,,,,
5580,22855680,3,72756.63314169772,42588.33132876612,7.333333333333333,5097.333333333333,-5.876126760995248e-05,21929.642448425293,0.7592047289945185,1.9929518080000008e-06,0.97825176,2.3333333333333335,0.6666666666666666,0.0,0.3333333333333333,0.0,,,,,
5581,22859776,5,80318.5385921708,46150.033541621684,8.2,4883.6,-9.158942702924833e-06,122567.34358215332,0.8869040695717558,1.989724160000002e-06,0.9202725,3.6,0.4,0.0,0.4,0.2,,,,,
5582,22863872,6,70266.51369066269,40528.15561667125,7.333333333333333,4483.5,-8.815983892418444e-05,27033.018513202667,0.8361694085178897,1.9864965119999996e-06,0.48090178,3.1666666666666665,0.5,0.0,0.3333333333333333,0.16666666666666666,,,,,
5583,22867968,6,70266.51369066269,40528.15561667125,7.333333333333333,4483.5,-8.519091261405265e-05,18894.284140110016,0.8821916998131201,1.9832688640000007e-06,0.9685659,3.1666666666666665,0.5,0.0,0.3333333333333333,0.16666666666666666,,,,,
5584,22872064,8,71896.01514048906,41706.215029827814,7.375,4604.125,-1.747432725096587e-05,36632.00099945068,0.8200891998130828,1.980041216000002e-06,0.97098815,3.0,0.5,0.0,0.375,0.125,,,,,
5585,22876160,8,71896.01514048906,41706.215029827814,7.375,4604.125,-0.0003571261941033299,8008.235767364502,0.9069885660428554,1.9768135679999995e-06,0.9756975,3.0,0.5,0.0,0.375,0.125,,,,,
5586,22880256,8,71896.01514048906,41706.215029827814,7.375,4604.125,-3.348211612319574e-05,46281.14845943451,0.8394379438832402,1.9735859200000006e-06,0.97086734,3.0,0.5,0.0,0.375,0.125,,,,,
5587,22884352,9,90034.1834006146,51828.83389705511,8.0,5314.555555555556,-2.6940748284687288e-05,109371.10864257812,0.8624845516169444,1.9703582720000017e-06,0.9651983,2.888888888888889,0.4444444444444444,0.1111111111111111,0.3333333333333333,0.1111111111111111,,,,,
5588,22888448,9,90034.1834006146,51828.83389705511,8.0,5314.555555555556,-1.3512137229554355e-05,103732.91766166687,0.7865602612728253,1.9671306239999995e-06,0.95907617,2.888888888888889,0.4444444444444444,0.1111111111111111,0.3333333333333333,0.1111111111111111,,,,,
5589,22892544,12,79774.57111977179,46047.103020026865,7.583333333333333,4640.583333333333,-5.28035625393386e-05,15098.031937122345,0.8636107163038105,1.9639029760000006e-06,0.8528438,3.25,0.4166666666666667,0.08333333333333333,0.3333333333333333,0.16666666666666666,,,,,
5590,22896640,12,79774.57111977179,46047.103020026865,7.583333333333333,4640.583333333333,-0.00011925397120648995,12572.44438123703,0.8917570228222758,1.9606753279999983e-06,0.969171,3.25,0.4166666666666667,0.08333333333333333,0.3333333333333333,0.16666666666666666,,,,,
5591,22900736,13,85379.09307988003,49176.6978662422,7.769230769230769,4977.307692307692,-3.108435066678794e-05,54941.94765472412,0.8469219076214358,1.957447680000003e-06,0.95730156,3.076923076923077,0.46153846153846156,0.07692307692307693,0.3076923076923077,0.15384615384615385,,,,,
5592,22904832,13,85379.09307988003,49176.6978662422,7.769230769230769,4977.307692307692,-0.0003407048097869847,6006.65010035038,0.8574303312925622,1.9542200320000005e-06,0.9717236,3.076923076923077,0.46153846153846156,0.07692307692307693,0.3076923076923077,0.15384615384615385,,,,,
5593,22908928,14,89865.92026177641,51819.35563480126,7.928571428571429,5246.571428571428,-5.0365395509288646e-05,33819.00783634186,0.8861033770954236,1.9509923840000016e-06,0.9719833,2.9285714285714284,0.5,0.07142857142857142,0.2857142857142857,0.14285714285714285,,,,,
5594,22913024,15,84486.20050208962,48741.864690707436,7.533333333333333,4985.533333333334,-0.00017717967693897663,5397.8703401088715,0.9285448304144666,1.9477647359999994e-06,0.9605749,2.8,0.5333333333333333,0.06666666666666667,0.26666666666666666,0.13333333333333333,,,,,
5595,22917120,16,82722.80407038424,47780.730743747234,7.4375,4949.75,-3.131638459308306e-05,32977.54203128815,0.9401237071724609,1.9445370880000005e-06,0.93994063,2.75,0.5,0.125,0.25,0.125,,,,,
5596,22921216,17,85847.19642860074,49481.84193566884,7.647058823529412,5030.705882352941,-4.665884262067266e-05,53301.39305305481,0.8738463257905096,1.9413094400000016e-06,0.9686926,2.8823529411764706,0.47058823529411764,0.11764705882352941,0.29411764705882354,0.11764705882352941,,,,,
5597,22925312,17,85847.19642860074,49481.84193566884,7.647058823529412,5030.705882352941,-3.9483524233219214e-05,36251.72273540497,0.811688560876064,1.9380817919999993e-06,0.9605393,2.8823529411764706,0.47058823529411764,0.11764705882352941,0.29411764705882354,0.11764705882352941,,,,,
5598,22929408,17,85847.19642860074,49481.84193566884,7.647058823529412,5030.705882352941,-2.04195202968549e-05,90423.30576515198,0.8098745649913326,1.9348541440000004e-06,0.97701377,2.8823529411764706,0.47058823529411764,0.11764705882352941,0.29411764705882354,0.11764705882352941,,,,,
5599,22933504,18,94520.10352965503,54115.62056611644,8.0,5280.222222222223,-7.964292581164045e-05,50865.82728147507,0.8618672511074692,1.931626495999998e-06,0.96494985,3.0,0.4444444444444444,0.1111111111111111,0.3333333333333333,0.1111111111111111,,,,,
5600,22937600,18,94520.10352965503,54115.62056611644,8.0,5280.222222222223,-6.283234597503906e-05,32164.227229118347,0.7979762970935553,1.9283988480000026e-06,0.97713315,3.0,0.4444444444444444,0.1111111111111111,0.3333333333333333,0.1111111111111111,143348.84823956544,79970.51623520159,10.866666666666667,6675.4,0.6333333333333333
5601,22941696,19,97842.58668374123,55948.36386984313,8.105263157894736,5478.368421052632,-4.1148163290927187e-05,42762.49995326996,0.8155208623502403,1.9251712000000004e-06,0.96627915,2.8947368421052633,0.47368421052631576,0.10526315789473684,0.3157894736842105,0.10526315789473684,,,,,
5602,22945792,20,97021.62808186843,55500.823878427946,8.15,5411.25,-0.00011477844145701965,25091.453247070312,0.8166448749834672,1.9219435520000015e-06,0.9714888,3.0,0.45,0.1,0.35,0.1,,,,,
5603,22949888,21,95879.12689118169,54878.21449142565,8.095238095238095,5395.809523809524,-2.022170247073518e-05,52286.25799655914,0.8497368332464248,1.918715903999999e-06,0.94888586,2.9523809523809526,0.42857142857142855,0.14285714285714285,0.3333333333333333,0.09523809523809523,,,,,
5604,22953984,21,95879.12689118169,54878.21449142565,8.095238095238095,5395.809523809524,-3.322391967230942e-05,81089.32089805603,0.817320958361961,1.9154882560000003e-06,0.97293484,2.9523809523809526,0.42857142857142855,0.14285714285714285,0.3333333333333333,0.09523809523809523,,,,,
5605,22958080,22,97808.6713575427,55899.231532138394,8.272727272727273,5413.818181818182,-9.62515732680913e-05,11072.967290639877,0.8630654331063852,1.9122606080000014e-06,0.9675221,3.1363636363636362,0.4090909090909091,0.13636363636363635,0.3181818181818182,0.13636363636363635,,,,,
5606,22962176,23,97796.50586169215,55918.47149599168,8.26086956521739,5450.913043478261,-8.304996117658447e-05,33093.745406627655,0.8098176405765116,1.909032959999999e-06,0.949372,3.0869565217391304,0.391304347826087,0.17391304347826086,0.30434782608695654,0.13043478260869565,,,,,
5607,22966272,23,97796.50586169215,55918.47149599168,8.26086956521739,5450.913043478261,-7.172498408181127e-05,34448.2596950531,0.8116818369599059,1.9058053120000002e-06,0.9734201,3.0869565217391304,0.391304347826087,0.17391304347826086,0.30434782608695654,0.13043478260869565,,,,,
5608,22970368,24,102313.79897741333,58322.39637957283,8.416666666666666,5629.916666666667,-1.2725104170385748e-05,158800.70790100098,0.8021819271380082,1.9025776640000014e-06,0.9316325,3.0833333333333335,0.375,0.20833333333333334,0.2916666666666667,0.125,,,,,
5609,22974464,24,102313.79897741333,58322.39637957283,8.416666666666666,5629.916666666667,-0.00012653608428081498,16424.341139793396,0.8857242510421202,1.8993500160000025e-06,0.97235197,3.0833333333333335,0.375,0.20833333333333334,0.2916666666666667,0.125,,,,,
5610,22978560,26,97812.24935392613,55812.72185284576,8.23076923076923,5415.884615384615,-8.642245302326046e-05,13166.444517612457,0.8970363796688616,1.8961223680000002e-06,0.9678895,3.1153846153846154,0.34615384615384615,0.23076923076923078,0.3076923076923077,0.11538461538461539,,,,,
5611,22982656,26,97812.24935392613,55812.72185284576,8.23076923076923,5415.884615384615,-0.00010229732652078383,11927.190748214722,0.8933196829166263,1.8928947200000013e-06,0.9844368,3.1153846153846154,0.34615384615384615,0.23076923076923078,0.3076923076923077,0.11538461538461539,,,,,
5612,22986752,26,97812.24935392613,55812.72185284576,8.23076923076923,5415.884615384615,-1.7611455405130982e-05,58603.874371528625,0.8069370912853628,1.889667071999999e-06,0.98020905,3.1153846153846154,0.34615384615384615,0.23076923076923078,0.3076923076923077,0.11538461538461539,,,,,
5613,22990848,27,102130.40730366755,58187.76478914921,8.37037037037037,5619.148148148148,-0.00021844749153387966,20698.311686754227,0.8668590397574008,1.8864394240000001e-06,0.891224,3.037037037037037,0.37037037037037035,0.2222222222222222,0.2962962962962963,0.1111111111111111,,,,,
5614,22994944,28,101469.29131253847,57845.34671758424,8.321428571428571,5633.678571428572,-2.3633713681192603e-05,29028.19033050537,0.84256710880436,1.8832117760000012e-06,0.9422991,2.9642857142857144,0.39285714285714285,0.21428571428571427,0.2857142857142857,0.10714285714285714,,,,,
5615,22999040,29,102165.56099655817,58229.703417852215,8.379310344827585,5649.6551724137935,-1.811480069591198e-05,46984.952763557434,0.7968063340522349,1.879984127999999e-06,0.96530837,3.0,0.3793103448275862,0.20689655172413793,0.3103448275862069,0.10344827586206896,,,,,
5616,23003136,29,102165.56099655817,58229.703417852215,8.379310344827585,5649.6551724137935,-0.0001689507353148656,14124.902470350266,0.9179783016443253,1.87675648e-06,0.9700348,3.0,0.3793103448275862,0.20689655172413793,0.3103448275862069,0.10344827586206896,,,,,
5617,23007232,30,100961.49654161434,57574.69729642864,8.333333333333334,5614.5,-7.35331896066782e-05,15802.91560125351,0.9048686382593587,1.8735288320000012e-06,0.9251143,3.0,0.36666666666666664,0.23333333333333334,0.3,0.1,,,,,
5618,23011328,30,100961.49654161434,57574.69729642864,8.333333333333334,5614.5,-3.3678697946015745e-05,38087.00395011902,0.7800459859427065,1.8703011840000023e-06,0.9766756,3.0,0.36666666666666664,0.23333333333333334,0.3,0.1,,,,,
5619,23015424,31,102305.64333344731,58359.229108117754,8.387096774193548,5686.4838709677415,-0.00010014226882049115,13976.738017082214,0.8806795962154865,1.867073536e-06,0.9241452,2.967741935483871,0.3548387096774194,0.25806451612903225,0.2903225806451613,0.0967741935483871,,,,,
5620,23019520,32,102274.9846094085,58360.50845508816,8.375,5721.0,-9.690647220850224e-05,18899.549964904785,0.8000050175469369,1.8638458880000011e-06,0.9739647,2.90625,0.375,0.25,0.28125,0.09375,,,,,
5621,23023616,32,102274.9846094085,58360.50845508816,8.375,5721.0,-5.158547219252796e-05,19617.46967124939,0.7906852401793003,1.8606182400000022e-06,0.96695876,2.90625,0.375,0.25,0.28125,0.09375,,,,,
5622,23027712,34,98960.68683299876,56513.92184389997,8.176470588235293,5595.088235294118,-4.099808575119823e-05,19808.13530611992,0.8880963992560282,1.857390592e-06,0.5845796,2.823529411764706,0.38235294117647056,0.2647058823529412,0.2647058823529412,0.08823529411764706,,,,,
5623,23031808,35,97505.6605547674,55687.99340480586,8.085714285714285,5557.771428571428,-3.6526931580738164e-05,26594.204127073288,0.9000288211973384,1.854162944000001e-06,0.8330049,2.7714285714285714,0.4,0.2571428571428571,0.2571428571428571,0.08571428571428572,,,,,
5624,23035904,35,97505.6605547674,55687.99340480586,8.085714285714285,5557.771428571428,-4.834751507587498e-05,21968.31140756607,0.8627322973916307,1.8509352959999988e-06,0.97126275,2.7714285714285714,0.4,0.2571428571428571,0.2571428571428571,0.08571428571428572,,,,,
5625,23040000,35,97505.6605547674,55687.99340480586,8.085714285714285,5557.771428571428,-4.504050775722135e-05,48160.43245792389,0.7507288246415555,1.8477076480000033e-06,0.9728933,2.7714285714285714,0.4,0.2571428571428571,0.2571428571428571,0.08571428571428572,100718.63956999421,56936.9045205264,9.333333333333334,5082.9,0.43333333333333335
5626,23044096,36,100615.02832009412,57397.64078541849,8.194444444444445,5700.833333333333,-3.6593246477423236e-05,39358.73456335068,0.9198996876366436,1.844480000000001e-06,0.98100924,2.7222222222222223,0.4166666666666667,0.25,0.25,0.08333333333333333,,,,,
5627,23048192,36,100615.02832009412,57397.64078541849,8.194444444444445,5700.833333333333,-2.311594016646268e-05,33558.01934957504,0.7420677082845941,1.8412523520000021e-06,0.98140603,2.7222222222222223,0.4166666666666667,0.25,0.25,0.08333333333333333,,,,,
5628,23052288,37,102944.24178031167,58650.89776301598,8.297297297297296,5772.648648648648,-0.00010805173951666802,36915.82318067551,0.8404185976833105,1.8380247039999998e-06,0.97418344,2.7567567567567566,0.40540540540540543,0.24324324324324326,0.2702702702702703,0.08108108108108109,,,,,
5629,23056384,37,102944.24178031167,58650.89776301598,8.297297297297296,5772.648648648648,-5.9495347159099765e-05,32426.610898971558,0.8556660792091861,1.834797056000001e-06,0.96914995,2.7567567567567566,0.40540540540540543,0.24324324324324326,0.2702702702702703,0.08108108108108109,,,,,
5630,23060480,38,105844.94489082752,60248.22535989084,8.394736842105264,5911.289473684211,-1.967741991393268e-05,56264.571776390076,0.8010973825585097,1.831569408000002e-06,0.97852767,2.710526315789474,0.42105263157894735,0.23684210526315788,0.2631578947368421,0.07894736842105263,,,,,
5631,23064576,38,105844.94489082752,60248.22535989084,8.394736842105264,5911.289473684211,-0.00023236738616105868,15677.964407920837,0.8311416410142556,1.8283417599999998e-06,0.9545453,2.710526315789474,0.42105263157894735,0.23684210526315788,0.2631578947368421,0.07894736842105263,,,,,
5632,23068672,38,105844.94489082752,60248.22535989084,8.394736842105264,5911.289473684211,-2.847800715244375e-05,23955.433508872986,0.7595227059209719,1.825114112000001e-06,0.9810486,2.710526315789474,0.42105263157894735,0.23684210526315788,0.2631578947368421,0.07894736842105263,,,,,
5633,23072768,39,107712.47531027645,61289.29323907597,8.461538461538462,6001.589743589743,-7.614662263222272e-05,32731.655391216278,0.8399948492879048,1.8218864639999986e-06,0.9677618,2.6666666666666665,0.4358974358974359,0.23076923076923078,0.2564102564102564,0.07692307692307693,,,,,
5634,23076864,39,107712.47531027645,61289.29323907597,8.461538461538462,6001.589743589743,-4.273394552001264e-05,38818.4737329483,0.8229114471469074,1.8186588159999997e-06,0.9736107,2.6666666666666665,0.4358974358974359,0.23076923076923078,0.2564102564102564,0.07692307692307693,,,,,
5635,23080960,40,110137.40548397004,62614.03793627878,8.55,6097.975,-3.179594295943389e-05,51492.95979976654,0.7801264763111249,1.8154311680000008e-06,0.9788685,2.65,0.425,0.25,0.25,0.075,,,,,
5636,23085056,40,110137.40548397004,62614.03793627878,8.55,6097.975,-0.0003881793672917411,7660.4230144023895,0.8688044163864106,1.812203520000002e-06,0.9791868,2.65,0.425,0.25,0.25,0.075,,,,,
5637,23089152,40,110137.40548397004,62614.03793627878,8.55,6097.975,-9.583147402736358e-06,43579.0153503418,0.829313998692669,1.8089758719999997e-06,0.97612756,2.65,0.425,0.25,0.25,0.075,,,,,
5638,23093248,42,109279.86832243484,62144.28660678834,8.5,6059.571428571428,-9.310331552114803e-05,14734.14894747734,0.8706298068864271,1.8057482240000008e-06,0.9430211,2.642857142857143,0.42857142857142855,0.23809523809523808,0.2619047619047619,0.07142857142857142,,,,,
5639,23097344,44,106061.36312825495,60351.69718018734,8.409090909090908,5912.318181818182,-4.4856105887447484e-05,17986.52586698532,0.9319265951635316,1.802520576000002e-06,0.94767475,2.7045454545454546,0.4090909090909091,0.25,0.25,0.09090909090909091,,,,,
5640,23101440,46,103078.11776912249,58683.16051033983,8.282608695652174,5775.239130434783,-1.857117695180932e-05,54744.81910467148,0.8386674977373332,1.7992929279999996e-06,0.8951191,2.717391304347826,0.391304347826087,0.2608695652173913,0.2608695652173913,0.08695652173913043,,,,,
5641,23105536,47,101816.68025399091,57996.32343951999,8.212765957446809,5736.063829787234,-0.00020977400981792016,9228.681718826294,0.9083245450165123,1.7960652800000007e-06,0.9513242,2.6808510638297873,0.40425531914893614,0.2553191489361702,0.2553191489361702,0.0851063829787234,,,,,
5642,23109632,47,101816.68025399091,57996.32343951999,8.212765957446809,5736.063829787234,-4.449075822776649e-05,29266.15961742401,0.8851855741813779,1.7928376320000018e-06,0.9799811,2.6808510638297873,0.40425531914893614,0.2553191489361702,0.2553191489361702,0.0851063829787234,,,,,
5643,23113728,48,103692.75008781494,58972.777716433884,8.3125,5777.916666666667,-3.114870560239069e-05,90921.2438173294,0.8428460017312318,1.7896099839999996e-06,0.97033614,2.75,0.3958333333333333,0.25,0.25,0.10416666666666667,,,,,
5644,23117824,48,103692.75008781494,58972.777716433884,8.3125,5777.916666666667,-0.00017542059140396304,13805.270913362503,0.8807233583647758,1.7863823360000007e-06,0.9746072,2.75,0.3958333333333333,0.25,0.25,0.10416666666666667,,,,,
5645,23121920,49,103064.94219119693,58668.56394226586,8.285714285714286,5771.040816326531,-0.00020685128765762784,17710.929911136627,0.8959847742225975,1.7831546879999984e-06,0.890693,2.7142857142857144,0.40816326530612246,0.24489795918367346,0.24489795918367346,0.10204081632653061,,,,,
5646,23126016,50,102702.04386930268,58480.91183421228,8.26,5778.42,-3.0873307878209744e-05,62466.27616405487,0.9104410099098459,1.7799270399999995e-06,0.90353966,2.68,0.42,0.24,0.24,0.1,,,,,
5647,23130112,52,100644.02280597208,57325.35533990803,8.23076923076923,5663.25,-3.647515950433444e-05,33175.935482501984,0.9169786210404709,1.7766993920000006e-06,0.9664557,2.769230769230769,0.40384615384615385,0.23076923076923078,0.25,0.11538461538461539,,,,,
5648,23134208,53,99581.23152610858,56719.70704535386,8.169811320754716,5627.471698113208,-0.0002576445731392596,4322.0379902124405,0.9195336261764169,1.7734717440000017e-06,0.9772907,2.7358490566037736,0.41509433962264153,0.22641509433962265,0.24528301886792453,0.11320754716981132,,,,,
5649,23138304,54,99083.12729082663,56473.11108948636,8.166666666666666,5606.444444444444,-5.566409163293429e-05,19383.0778093338,0.9187419522786513,1.7702440959999995e-06,0.97282404,2.759259259259259,0.4074074074074074,0.2222222222222222,0.25925925925925924,0.1111111111111111,,,,,
5650,23142400,54,99083.12729082663,56473.11108948636,8.166666666666666,5606.444444444444,-0.00020668303841375746,11577.91617512703,0.8632218426791951,1.7670164480000006e-06,0.98185396,2.759259259259259,0.4074074074074074,0.2222222222222222,0.25925925925925924,0.1111111111111111,131168.14688725286,73140.35749558693,10.366666666666667,6135.133333333333,0.4666666666666667
5651,23146496,55,99175.99233821855,56548.91710395398,8.181818181818182,5609.818181818182,-6.139138986327453e-05,23319.121109485626,0.898077619727701,1.7637888000000017e-06,0.9700314,2.7636363636363637,0.4,0.23636363636363636,0.2545454545454545,0.10909090909090909,,,,,
5652,23150592,56,98347.05073600754,56099.009620933975,8.142857142857142,5582.732142857143,-3.896050930052297e-05,17737.214074134827,0.9483497791225091,1.7605611519999994e-06,0.9515991,2.75,0.39285714285714285,0.25,0.25,0.10714285714285714,,,,,
5653,23154688,57,97423.04375449414,55587.98556713547,8.105263157894736,5544.122807017544,-2.046879853878636e-05,55303.48091030121,0.858068520668894,1.7573335040000005e-06,0.9699251,2.754385964912281,0.38596491228070173,0.2631578947368421,0.24561403508771928,0.10526315789473684,,,,,
5654,23158784,58,99017.06070726457,56446.95256872962,8.206896551724139,5573.758620689655,-1.9037626771023497e-05,165679.77590179443,0.816772518446669,1.7541058559999982e-06,0.9615351,2.8448275862068964,0.3793103448275862,0.25862068965517243,0.2413793103448276,0.1206896551724138,,,,,
5655,23162880,60,96437.26765453834,54993.50244536881,8.116666666666667,5451.983333333334,-1.1929700576729374e-05,76447.4168522358,0.896241533337161,1.7508782080000027e-06,0.72297275,2.8833333333333333,0.36666666666666664,0.26666666666666666,0.23333333333333334,0.13333333333333333,,,,,
5656,23166976,60,96437.26765453834,54993.50244536881,8.116666666666667,5451.983333333334,-0.0001436584761904669,7419.413835287094,0.9025926367612556,1.7476505600000005e-06,0.9738128,2.8833333333333333,0.36666666666666664,0.26666666666666666,0.23333333333333334,0.13333333333333333,,,,,
5657,23171072,61,96133.34155061905,54833.97599141754,8.098360655737705,5456.770491803279,-6.565206240338739e-05,20542.515077114105,0.8772013433044776,1.7444229120000016e-06,0.96177304,2.8524590163934427,0.3770491803278688,0.26229508196721313,0.22950819672131148,0.13114754098360656,,,,,
5658,23175168,62,96219.38395214669,54874.27375869127,8.112903225806452,5457.290322580645,-2.6254749172949232e-05,41203.524903297424,0.8692705149296671,1.7411952639999993e-06,0.96622974,2.870967741935484,0.3709677419354839,0.25806451612903225,0.24193548387096775,0.12903225806451613,,,,,
5659,23179264,63,95976.22310543663,54731.05178461748,8.142857142857142,5432.9682539682535,-3.63628969353158e-05,47948.364040374756,0.8087786714313552,1.7379676160000004e-06,0.9620666,2.9365079365079363,0.36507936507936506,0.25396825396825395,0.23809523809523808,0.14285714285714285,,,,,
5660,23183360,63,95976.22310543663,54731.05178461748,8.142857142857142,5432.9682539682535,-3.987270611105487e-05,24167.65606212616,0.7635760006960481,1.7347399680000015e-06,0.9518506,2.9365079365079363,0.36507936507936506,0.25396825396825395,0.23809523809523808,0.14285714285714285,,,,,
5661,23187456,64,96065.1325582416,54795.81441489987,8.140625,5458.25,-6.017729720042553e-05,18292.23055934906,0.8539335775421932,1.7315123199999992e-06,0.9781543,2.90625,0.375,0.25,0.234375,0.140625,,,,,
5662,23191552,65,95558.0665294511,54516.77771410608,8.123076923076923,5436.7692307692305,-4.484860346565256e-05,43426.45756864548,0.9055753096472472,1.7282846720000003e-06,0.9679388,2.9076923076923076,0.36923076923076925,0.26153846153846155,0.23076923076923078,0.13846153846153847,,,,,
5663,23195648,65,95558.0665294511,54516.77771410608,8.123076923076923,5436.7692307692305,-2.5456286493863445e-05,85174.85179281235,0.847678649937734,1.7250570240000015e-06,0.97816706,2.9076923076923076,0.36923076923076925,0.26153846153846155,0.23076923076923078,0.13846153846153847,,,,,
5664,23199744,66,98084.29326513779,55871.60159879386,8.227272727272727,5501.030303030303,-4.907813490717672e-06,396503.6146659851,0.8268222878687084,1.7218293760000026e-06,0.8662392,2.9545454545454546,0.36363636363636365,0.25757575757575757,0.22727272727272727,0.15151515151515152,,,,,
5665,23203840,67,97845.67870360243,55768.40569858934,8.238805970149254,5486.164179104478,-4.7667349463154096e-05,23755.184588432312,0.8840387339005247,1.7186017280000003e-06,0.96919525,2.985074626865672,0.3582089552238806,0.2537313432835821,0.23880597014925373,0.14925373134328357,,,,,
5666,23207936,68,96843.26828955801,55199.4754511345,8.191176470588236,5440.89705882353,-0.00019668070308398455,5484.177386522293,0.8825789127731696,1.7153740800000014e-06,0.96700716,2.985294117647059,0.35294117647058826,0.2647058823529412,0.23529411764705882,0.14705882352941177,,,,,
5667,23212032,69,96102.45361232583,54796.91689684841,8.144927536231885,5421.840579710145,-0.0001317464284511516,11668.530728578568,0.911881203413941,1.7121464319999991e-06,0.94010466,2.9565217391304346,0.36231884057971014,0.2608695652173913,0.2318840579710145,0.14492753623188406,,,,,
5668,23216128,70,95542.3845774152,54507.911273910606,8.114285714285714,5414.085714285714,-4.281563815311529e-05,19181.813841819763,0.9189670896157622,1.7089187840000002e-06,0.9570237,2.9285714285714284,0.37142857142857144,0.2571428571428571,0.22857142857142856,0.14285714285714285,,,,,
5669,23220224,71,94711.54496524941,54046.78256446705,8.070422535211268,5381.197183098591,-5.9403449995443225e-05,19993.506067276,0.8697811187012121,1.7056911360000013e-06,0.9677734,2.915492957746479,0.36619718309859156,0.2676056338028169,0.22535211267605634,0.14084507042253522,,,,,
5670,23224320,72,95188.03330897693,54301.84944536282,8.097222222222221,5397.805555555556,-1.5911566151771694e-05,33014.4071187973,0.8019468846032396,1.702463487999999e-06,0.96674716,2.9305555555555554,0.3611111111111111,0.2638888888888889,0.2361111111111111,0.1388888888888889,,,,,
5671,23228416,72,95188.03330897693,54301.84944536282,8.097222222222221,5397.805555555556,-0.00015001056453911588,12671.33115196228,0.8238609413383529,1.6992358400000002e-06,0.96144474,2.9305555555555554,0.3611111111111111,0.2638888888888889,0.2361111111111111,0.1388888888888889,,,,,
5672,23232512,73,95633.6201607271,54558.076710802634,8.10958904109589,5431.630136986301,-4.2189953092020005e-05,21499.861230373383,0.8427447597496212,1.6960081920000013e-06,0.98094606,2.904109589041096,0.3698630136986301,0.2602739726027397,0.2328767123287671,0.136986301369863,,,,,
5673,23236608,74,94482.24295572493,53913.31874258548,8.027027027027026,5378.216216216216,-8.264821371994913e-05,15492.199729442596,0.9141576717374846,1.6927805440000024e-06,0.92225844,2.8783783783783785,0.3783783783783784,0.25675675675675674,0.22972972972972974,0.13513513513513514,,,,,
5674,23240704,74,94482.24295572493,53913.31874258548,8.027027027027026,5378.216216216216,-1.673813494562637e-05,33936.498341560364,0.7722577675012872,1.6895528960000001e-06,0.9734822,2.8783783783783785,0.3783783783783784,0.25675675675675674,0.22972972972972974,0.13513513513513514,,,,,
5675,23244800,75,95722.89099283086,54607.24961474816,8.066666666666666,5445.96,-8.323022484546527e-07,484678.08046627045,0.8115805548150092,1.6863252480000012e-06,0.72338295,2.8533333333333335,0.38666666666666666,0.25333333333333335,0.22666666666666666,0.13333333333333333,129068.60312666891,71825.84839176659,10.133333333333333,5950.233333333334,0.43333333333333335
5676,23248896,75,95722.89099283086,54607.24961474816,8.066666666666666,5445.96,-0.0001494666012149537,15922.408043384552,0.8522900026291609,1.6830976000000023e-06,0.97209936,2.8533333333333335,0.38666666666666666,0.25333333333333335,0.22666666666666666,0.13333333333333333,,,,,
5677,23252992,76,96702.19029513183,55158.21673965648,8.105263157894736,5491.315789473684,-3.379295958438888e-05,56809.881341934204,0.8482212296221405,1.679869952e-06,0.97498006,2.8421052631578947,0.3815789473684211,0.2631578947368421,0.2236842105263158,0.13157894736842105,,,,,
5678,23257088,77,95882.29987806917,54708.72775638173,8.077922077922079,5453.454545454545,-0.00010288655812473735,16898.48817896843,0.9410793682327494,1.6766423040000012e-06,0.9446381,2.857142857142857,0.37662337662337664,0.2597402597402597,0.23376623376623376,0.12987012987012986,,,,,
5679,23261184,77,95882.29987806917,54708.72775638173,8.077922077922079,5453.454545454545,-9.146741467702668e-05,19362.71527338028,0.7535424162633717,1.6734146559999989e-06,0.95795065,2.857142857142857,0.37662337662337664,0.2597402597402597,0.23376623376623376,0.12987012987012986,,,,,
5680,23265280,78,95966.47764733844,54775.18653874327,8.076923076923077,5474.474358974359,-9.522407162876334e-05,13091.54987359047,0.8544638402527198,1.670187008e-06,0.9744159,2.8333333333333335,0.38461538461538464,0.2564102564102564,0.23076923076923078,0.1282051282051282,,,,,
5681,23269376,79,96064.91405282727,54828.232847497646,8.075949367088608,5491.367088607595,-6.209963794390205e-05,18465.248873710632,0.7938813287764788,1.6669593600000011e-06,0.9765762,2.810126582278481,0.3924050632911392,0.25316455696202533,0.22784810126582278,0.12658227848101267,,,,,
5682,23273472,79,96064.91405282727,54828.232847497646,8.075949367088608,5491.367088607595,-0.0001541172150609782,14239.539712429047,0.8620016295462847,1.6637317120000022e-06,0.96444494,2.810126582278481,0.3924050632911392,0.25316455696202533,0.22784810126582278,0.12658227848101267,,,,,
5683,23277568,80,96413.35169975096,55009.482930931474,8.0875,5513.725,-4.4713870011037216e-06,142438.86665916443,0.887599888490513,1.660504064e-06,0.8497106,2.8,0.3875,0.2625,0.225,0.125,,,,,
5684,23281664,80,96413.35169975096,55009.482930931474,8.0875,5513.725,-4.099626221432118e-05,31337.614300251007,0.7788747707381845,1.657276416000001e-06,0.9819014,2.8,0.3875,0.2625,0.225,0.125,,,,,
5685,23285760,81,96992.7974540088,55316.13910044862,8.123456790123457,5526.3456790123455,-3.274220671301009e-05,39364.037344932556,0.8324579729232937,1.6540487680000022e-06,0.9807028,2.8271604938271606,0.38271604938271603,0.25925925925925924,0.2345679012345679,0.12345679012345678,,,,,
5686,23289856,82,97496.03142055844,55576.64882731355,8.170731707317072,5527.963414634146,-2.2661799448542297e-05,55945.389607429504,0.8453913312405348,1.6508211199999999e-06,0.9741405,2.8780487804878048,0.3780487804878049,0.25609756097560976,0.23170731707317074,0.13414634146341464,,,,,
5687,23293952,83,96695.72252886758,55125.426129930864,8.120481927710843,5498.686746987952,-0.0002009655763686169,4082.1415182352066,0.9270701182540506,1.647593472000001e-06,0.95703065,2.855421686746988,0.3855421686746988,0.25301204819277107,0.2289156626506024,0.13253012048192772,,,,,
5688,23298048,83,96695.72252886758,55125.426129930864,8.120481927710843,5498.686746987952,-0.0001435529557056725,19926.9594039917,0.8480910741491243,1.6443658239999987e-06,0.9779569,2.855421686746988,0.3855421686746988,0.25301204819277107,0.2289156626506024,0.13253012048192772,,,,,
5689,23302144,84,97110.12401684381,55329.281092826546,8.130952380952381,5527.988095238095,-3.922429868907784e-05,15541.01711678505,0.9113868746208027,1.6411381759999998e-06,0.98124236,2.8333333333333335,0.39285714285714285,0.25,0.2261904761904762,0.13095238095238096,,,,,
5690,23306240,84,97110.12401684381,55329.281092826546,8.130952380952381,5527.988095238095,-5.3853989811614156e-05,20961.504477977753,0.7560444411356002,1.637910528000001e-06,0.9737414,2.8333333333333335,0.39285714285714285,0.25,0.2261904761904762,0.13095238095238096,,,,,
5691,23310336,85,97207.77576255208,55389.069676631545,8.129411764705882,5546.917647058824,-7.028525124042062e-05,15449.606634616852,0.9285689826356247,1.634682880000002e-06,0.9658945,2.8117647058823527,0.4,0.24705882352941178,0.2235294117647059,0.12941176470588237,,,,,
5692,23314432,86,97862.67386704033,55751.103898209025,8.162790697674419,5569.569767441861,-2.5055327569134533e-05,47356.87034225464,0.8172331701498479,1.6314552319999998e-06,0.97959393,2.8255813953488373,0.3953488372093023,0.2441860465116279,0.23255813953488372,0.12790697674418605,,,,,
5693,23318528,86,97862.67386704033,55751.103898209025,8.162790697674419,5569.569767441861,-0.00014669026131741703,22850.88642501831,0.7818593598203734,1.6282275840000009e-06,0.9697267,2.8255813953488373,0.3953488372093023,0.2441860465116279,0.23255813953488372,0.12790697674418605,,,,,
5694,23322624,87,97909.57485899224,55773.69308743481,8.172413793103448,5569.413793103448,-6.632322947552893e-05,22945.605786561966,0.86087641492486,1.624999936000002e-06,0.9688552,2.839080459770115,0.39080459770114945,0.2413793103448276,0.2413793103448276,0.12643678160919541,,,,,
5695,23326720,87,97909.57485899224,55773.69308743481,8.172413793103448,5569.413793103448,-3.7367168260971084e-05,38256.54706287384,0.8957590090576559,1.6217722879999997e-06,0.9482222,2.839080459770115,0.39080459770114945,0.2413793103448276,0.2413793103448276,0.12643678160919541,,,,,
5696,23330816,88,99168.8886215981,56473.66615996536,8.215909090909092,5628.340909090909,-9.812185453483835e-06,52488.89125394821,0.7817065588897094,1.6185446400000008e-06,0.98285097,2.8181818181818183,0.3977272727272727,0.23863636363636365,0.23863636363636365,0.125,,,,,
5697,23334912,88,99168.8886215981,56473.66615996536,8.215909090909092,5628.340909090909,-0.0003546030493453145,13029.06303691864,0.8830073776189238,1.615316992000002e-06,0.9687158,2.8181818181818183,0.3977272727272727,0.23863636363636365,0.23863636363636365,0.125,,,,,
5698,23339008,89,99209.92945092663,56507.18558445184,8.213483146067416,5643.685393258427,-5.1151685511285905e-05,22837.92342233658,0.9392557436367497,1.6120893439999997e-06,0.9803933,2.797752808988764,0.4044943820224719,0.23595505617977527,0.23595505617977527,0.12359550561797752,,,,,
5699,23343104,91,97735.5757470753,55680.40076615463,8.153846153846153,5574.1648351648355,-1.851651268225396e-05,76647.91028118134,0.8816027214052156,1.6088616960000008e-06,0.8532207,2.8131868131868134,0.3956043956043956,0.24175824175824176,0.24175824175824176,0.12087912087912088,,,,,
5700,23347200,92,96812.44925667412,55166.08873032352,8.097826086956522,5531.076086956522,-6.93227702868171e-05,31317.502113342285,0.8737608012743294,1.6056340479999985e-06,0.87299246,2.8043478260869565,0.391304347826087,0.25,0.2391304347826087,0.11956521739130435,113289.69236791345,63741.06113991567,9.733333333333333,5402.4,0.5
5701,23351296,93,96833.59985138719,55177.01176365501,8.096774193548388,5539.021505376344,-5.141287874721456e-05,29772.175924777985,0.8096803067019209,1.6024063999999996e-06,0.96241385,2.795698924731183,0.3870967741935484,0.25806451612903225,0.23655913978494625,0.11827956989247312,,,,,
5702,23355392,93,96833.59985138719,55177.01176365501,8.096774193548388,5539.021505376344,-0.00010874842701014131,8361.464967727661,0.7808975310763344,1.5991787520000007e-06,0.98007596,2.795698924731183,0.3870967741935484,0.25806451612903225,0.23655913978494625,0.11827956989247312,,,,,
5703,23359488,93,96833.59985138719,55177.01176365501,8.096774193548388,5539.021505376344,-2.594997567939572e-05,36380.23567867279,0.8094974204432219,1.5959511040000018e-06,0.9733351,2.795698924731183,0.3870967741935484,0.25806451612903225,0.23655913978494625,0.11827956989247312,,,,,
5704,23363584,94,97716.31533094023,55672.224935828206,8.127659574468085,5582.510638297872,-7.99430490587838e-05,24072.714594841003,0.8415340279461816,1.5927234559999996e-06,0.9804263,2.776595744680851,0.39361702127659576,0.2553191489361702,0.23404255319148937,0.11702127659574468,,,,,
5705,23367680,95,97647.38918617922,55632.80355404084,8.126315789473685,5582.968421052631,-6.5776621340774e-06,137960.1745443344,0.8016563173150644,1.5894958080000007e-06,0.7573549,2.778947368421053,0.3894736842105263,0.2631578947368421,0.23157894736842105,0.11578947368421053,,,,,
5706,23371776,96,97098.59844173414,55332.27227386087,8.09375,5566.864583333333,-8.70326748554362e-05,9398.984827756882,0.897921746247448,1.5862681600000018e-06,0.94385856,2.7604166666666665,0.3958333333333333,0.2604166666666667,0.22916666666666666,0.11458333333333333,,,,,
5707,23375872,97,96567.93658835166,55025.7049659121,8.061855670103093,5549.927835051546,-0.00012847310972574633,9368.998540639877,0.9613392821047455,1.5830405119999995e-06,0.94369686,2.7422680412371134,0.4020618556701031,0.25773195876288657,0.2268041237113402,0.1134020618556701,,,,,
5708,23379968,98,96037.596522389,54733.06977235721,8.03061224489796,5535.4795918367345,-0.00011315609845041763,11533.393922567368,0.9129888459574431,1.5798128640000006e-06,0.9542864,2.7244897959183674,0.40816326530612246,0.25510204081632654,0.22448979591836735,0.11224489795918367,,,,,
5709,23384064,99,95977.08962341447,54708.552426588394,8.030303030303031,5537.686868686868,-4.890730633633211e-05,31090.241835594177,0.8488894277252257,1.5765852159999983e-06,0.959851,2.717171717171717,0.40404040404040403,0.26262626262626265,0.2222222222222222,0.1111111111111111,,,,,
5710,23388160,100,95194.43180984,54272.89842312305,7.98,5504.92,-0.00014639395521953702,8275.720485687256,0.8957208872307092,1.5733575680000028e-06,0.96143615,2.7,0.41,0.26,0.22,0.11,,,,,
5711,23392256,100,95194.43180984,54272.89842312305,7.98,5504.92,-5.220980801823316e-05,41620.3387928009,0.8292698237346485,1.5701299200000005e-06,0.9634891,2.7,0.41,0.26,0.22,0.11,,,,,
5712,23396352,101,96202.04617757116,54813.24867816039,8.02,5539.45,-2.132339886884438e-05,38351.78151226044,0.8340028516249731,1.5669022720000017e-06,0.9753258,2.71,0.4,0.27,0.22,0.11,,,,,
5713,23400448,101,96202.04617757116,54813.24867816039,8.02,5539.45,-1.0485772691026796e-05,49837.63667488098,0.8781792829977348,1.5636746239999994e-06,0.9568505,2.71,0.4,0.27,0.22,0.11,,,,,
5714,23404544,102,96422.46302047731,54950.01066014922,8.04,5539.0,-3.9672274397162255e-05,31903.83019542694,0.9038644398096949,1.5604469760000005e-06,0.9651016,2.73,0.39,0.28,0.22,0.11,,,,,
5715,23408640,103,97064.7412525639,55309.47805430228,8.06,5567.52,-2.1119632947375067e-05,38756.27994966507,0.8373382239369676,1.5572193280000016e-06,0.9751548,2.72,0.39,0.28,0.22,0.11,,,,,
5716,23412736,104,96079.29222667383,54782.230123918736,8.04,5522.38,-1.8184184227720834e-05,52164.51612281799,0.9199402692029253,1.5539916799999993e-06,0.96333617,2.74,0.39,0.28,0.21,0.12,,,,,
5717,23416832,104,96079.29222667383,54782.230123918736,8.04,5522.38,-2.452851549605839e-05,36688.82658290863,0.8339926486369222,1.5507640320000004e-06,0.98143905,2.74,0.39,0.28,0.21,0.12,,,,,
5718,23420928,105,98256.14419736782,55976.7774447212,8.1,5603.97,-8.247485311585478e-06,168944.02110671997,0.7655006103450432,1.5475363839999982e-06,0.9589225,2.72,0.39,0.28,0.22,0.11,,,,,
5719,23425024,105,98256.14419736782,55976.7774447212,8.1,5603.97,-1.7679582015261985e-05,43071.75791454315,0.7720204996876419,1.5443087360000027e-06,0.98052937,2.72,0.39,0.28,0.22,0.11,,,,,
5720,23429120,106,99219.16056052674,56515.22981852418,8.18,5631.1,-3.5176966775907204e-05,36537.474145412445,0.8621407808968797,1.5410810880000004e-06,0.8940029,2.77,0.38,0.28,0.22,0.12,,,,,
5721,23433216,107,98428.63461791679,56081.494030746566,8.14,5596.32,-9.297008546127472e-05,14243.122215509415,0.8579828705405816,1.5378534400000015e-06,0.9542399,2.77,0.38,0.28,0.22,0.12,,,,,
5722,23437312,108,99280.76920048379,56550.70367131372,8.17,5643.66,-3.248284974688431e-05,30943.315984249115,0.8317536987597123,1.5346257919999992e-06,0.98017037,2.75,0.38,0.29,0.21,0.12,,,,,
5723,23441408,108,99280.76920048379,56550.70367131372,8.17,5643.66,-7.283245031430852e-05,14454.030778169632,0.8606679956428707,1.5313981440000003e-06,0.96440876,2.75,0.38,0.29,0.21,0.12,,,,,
5724,23445504,108,99280.76920048379,56550.70367131372,8.17,5643.66,-1.4207874301064294e-05,37366.78990793228,0.7942161086248234,1.5281704960000014e-06,0.9781924,2.75,0.38,0.29,0.21,0.12,,,,,
5725,23449600,109,99052.29472830852,56408.61356953479,8.16,5642.18,-1.7590220522833988e-05,45339.2104177475,0.8537350049009547,1.5249428479999992e-06,0.9833584,2.74,0.39,0.28,0.21,0.12,92906.34552087239,52523.65011216166,9.133333333333333,4774.966666666666,0.26666666666666666
5726,23453696,109,99052.29472830852,56408.61356953479,8.16,5642.18,-2.753659737209091e-05,28224.90911245346,0.8670827944297343,1.5217152000000003e-06,0.96704406,2.74,0.39,0.28,0.21,0.12,,,,,
5727,23457792,111,99406.93404098833,56625.16021387612,8.19,5671.56,-6.084619599278085e-06,73686.84542560577,0.8451807778328657,1.5184875520000014e-06,0.9664157,2.73,0.39,0.28,0.21,0.12,,,,,
5728,23461888,112,99664.59900913502,56751.01008097361,8.18,5691.26,-0.0002729503103182651,6838.204924583435,0.8306686315918341,1.5152599040000025e-06,0.8949363,2.7,0.39,0.29,0.2,0.12,,,,,
5729,23465984,112,99664.59900913502,56751.01008097361,8.18,5691.26,-0.00018437469043419696,15022.33859205246,0.9163914768723771,1.5120322560000002e-06,0.9765617,2.7,0.39,0.29,0.2,0.12,,,,,
5730,23470080,112,99664.59900913502,56751.01008097361,8.18,5691.26,-1.3219480933912564e-05,55240.055733680725,0.7922169462544844,1.5088046080000013e-06,0.976517,2.7,0.39,0.29,0.2,0.12,,,,,
5731,23474176,114,98926.76093935852,56307.15043564656,8.14,5651.54,-3.255334377172403e-06,340296.93300390244,0.8320703433128074,1.5055769600000024e-06,0.4391343,2.71,0.38,0.3,0.2,0.12,,,,,
5732,23478272,114,98926.76093935852,56307.15043564656,8.14,5651.54,-0.00014705138346471358,19799.74506521225,0.8601557165384293,1.5023493120000002e-06,0.9724271,2.71,0.38,0.3,0.2,0.12,,,,,
5733,23482368,116,99494.51150136546,56649.038516157794,8.22,5659.86,-8.412280294578522e-06,77398.2290725708,0.8466753656975925,1.4991216640000013e-06,0.93976146,2.78,0.37,0.29,0.21,0.13,,,,,
5734,23486464,116,99494.51150136546,56649.038516157794,8.22,5659.86,-7.97481161498581e-05,41436.8889169693,0.8303820420987904,1.495894015999999e-06,0.9457629,2.78,0.37,0.29,0.21,0.13,,,,,
5735,23490560,117,99569.08805750436,56689.608186095465,8.21,5673.67,-2.450780084473081e-05,23048.06080341339,0.8238750105956569,1.492666368e-06,0.9823594,2.75,0.37,0.3,0.2,0.13,,,,,
5736,23494656,117,99569.08805750436,56689.608186095465,8.21,5673.67,-2.069271977234166e-05,35469.85557079315,0.8577908509178087,1.4894387200000012e-06,0.96305376,2.75,0.37,0.3,0.2,0.13,,,,,
5737,23498752,119,96905.4430598706,55227.01806351283,8.09,5575.04,-3.038186696358025e-05,19702.927451372147,0.8523701474769041,1.4862110720000023e-06,0.8777789,2.73,0.36,0.32,0.19,0.13,,,,,
5738,23502848,121,95858.39840351553,54634.10078826514,8.05,5530.52,-3.3544458347023465e-05,9363.979911088943,0.9459943972760811,1.482983424e-06,0.94245726,2.74,0.37,0.31,0.18,0.14,,,,,
5739,23506944,122,95311.84830972247,54348.944191481925,8.01,5525.78,-2.3300409338844474e-05,41253.60273742676,0.876805484178476,1.4797557760000012e-06,0.9505003,2.7,0.37,0.32,0.18,0.13,,,,,
5740,23511040,122,95311.84830972247,54348.944191481925,8.01,5525.78,-0.00013873583338863682,9825.584194660187,0.9146854841383174,1.4765281280000023e-06,0.9673685,2.7,0.37,0.32,0.18,0.13,,,,,
5741,23515136,123,95103.06874454346,54218.830948603434,8.0,5516.05,-0.00013609565030492377,9839.650197505951,0.8799849600763991,1.47330048e-06,0.9665297,2.7,0.37,0.32,0.18,0.13,,,,,
5742,23519232,124,93874.21386385954,53548.71744697335,7.95,5478.03,-2.037655394815374e-05,37378.54901409149,0.9148159878095612,1.470072832000001e-06,0.96724087,2.68,0.38,0.31,0.18,0.13,,,,,
5743,23523328,125,93677.68237982149,53429.3116935712,7.99,5454.51,-1.1372285371180624e-05,78980.75776481628,0.8796006699558347,1.4668451839999988e-06,0.95598066,2.75,0.38,0.3,0.18,0.14,,,,,
5744,23527424,127,92518.04638402109,52802.413219449,7.96,5398.84,-2.3992047317733523e-05,35228.12658023834,0.9120055433595553,1.463617536e-06,0.969218,2.78,0.37,0.31,0.17,0.15,,,,,
5745,23531520,127,92518.04638402109,52802.413219449,7.96,5398.84,-8.532762876711786e-05,16552.87009191513,0.872596392291598,1.460389888000001e-06,0.95307773,2.78,0.37,0.31,0.17,0.15,,,,,
5746,23535616,128,92958.6528528218,53039.266350957325,7.98,5416.6,-1.651140337344259e-05,33261.147433280945,0.7576094856485724,1.4571622399999988e-06,0.97524923,2.78,0.37,0.31,0.17,0.15,,,,,
5747,23539712,130,91326.00536466863,52146.465986287425,7.94,5332.58,-3.8138054151204415e-05,22041.417354106903,0.9000910262111574,1.4539345919999999e-06,0.9604823,2.83,0.37,0.3,0.17,0.16,,,,,
5748,23543808,132,89937.66145689218,51353.24137646188,7.91,5249.38,-6.202727490745019e-06,75621.08416366577,0.8671098937047645,1.450706944000001e-06,0.927085,2.9,0.36,0.29,0.18,0.17,,,,,
5749,23547904,133,89626.66051076005,51170.152380103355,7.89,5234.08,-6.133784518169705e-05,6749.049366235733,0.9241223273565993,1.447479296000002e-06,0.9528004,2.9,0.36,0.29,0.18,0.17,,,,,
5750,23552000,134,89551.87355704079,51128.65192593444,7.92,5226.59,-5.2588181006285595e-05,20139.52378845215,0.8711874401196837,1.4442516479999998e-06,0.8325826,2.94,0.36,0.28,0.18,0.18,112047.45759174843,62884.17192652233,9.566666666666666,5303.233333333334,0.4
5751,23556096,134,89551.87355704079,51128.65192593444,7.92,5226.59,-2.9562537747551687e-05,30122.975666999817,0.8175942010711879,1.441024000000001e-06,0.9774498,2.94,0.36,0.28,0.18,0.18,,,,,
5752,23560192,135,90892.82817992716,51878.6618069138,7.98,5281.68,-2.9040496883681044e-05,24736.799079418182,0.8278299024095759,1.4377963519999986e-06,0.9807396,2.94,0.36,0.28,0.18,0.18,,,,,
5753,23564288,136,89226.08316200477,50963.13126400519,7.91,5211.67,-7.133723556762561e-05,13716.535674571991,0.8498009742470458,1.4345687039999998e-06,0.9397447,2.94,0.36,0.28,0.18,0.18,,,,,
5754,23568384,136,89226.08316200477,50963.13126400519,7.91,5211.67,-3.9428316995326895e-05,31201.68066215515,0.9167236767243594,1.4313410560000009e-06,0.9635769,2.94,0.36,0.28,0.18,0.18,,,,,
5755,23572480,138,86586.24135299807,49519.41022572782,7.79,5119.81,-5.6916402172646485e-05,10666.093344926834,0.8720927374670282,1.4281134079999986e-06,0.8544137,2.91,0.37,0.28,0.17,0.18,,,,,
5756,23576576,139,85456.80591402398,48900.96811368743,7.75,5072.41,-8.137130862451158e-06,58164.777795791626,0.8399081674870104,1.4248857599999997e-06,0.89975655,2.93,0.36,0.29,0.17,0.18,,,,,
5757,23580672,140,83929.26594714337,48082.18890716888,7.74,4998.09,-1.5085004633874632e-05,49165.223554611206,0.9134630095213652,1.4216581120000008e-06,0.97513336,3.0,0.36,0.28,0.17,0.19,,,,,
5758,23584768,141,83302.80474929264,47729.75287369143,7.74,4950.19,-8.902612535166554e-06,51051.41412401199,0.815413138596341,1.418430464000002e-06,0.97896135,3.05,0.35,0.28,0.17,0.2,,,,,
5759,23588864,141,83302.80474929264,47729.75287369143,7.74,4950.19,-0.00013510956159734633,10251.112049818039,0.8318965680664405,1.4152028159999996e-06,0.9712327,3.05,0.35,0.28,0.17,0.2,,,,,
5760,23592960,142,84372.5091116604,48317.85974963168,7.78,5016.0,-3.8532184589712415e-05,17567.635444879532,0.9313728535780683,1.4119751680000008e-06,0.96678257,3.02,0.36,0.28,0.16,0.2,,,,,
5761,23597056,144,84074.58444843929,48151.990119802795,7.75,5006.41,-5.188601880945498e-05,7862.561693429947,1.0133640981512144,1.4087475200000019e-06,0.96286666,3.0,0.37,0.27,0.17,0.19,,,,,
5762,23601152,145,83672.77850462099,47934.56777696021,7.72,4990.89,-5.517395220522303e-05,11450.245748996735,0.9352365133818239,1.4055198719999996e-06,0.9405523,2.99,0.38,0.26,0.17,0.19,,,,,
5763,23605248,147,83415.61711898498,47794.63048627561,7.7,4970.88,-5.2626542128564324e-05,12610.211423635483,0.9530502383131534,1.4022922240000007e-06,0.95039284,2.99,0.37,0.28,0.16,0.19,,,,,
5764,23609344,148,81927.69587345354,47004.07186754551,7.62,4933.29,-5.154165319254389e-05,13271.22500038147,0.8581132942344993,1.3990645759999984e-06,0.9667547,2.94,0.38,0.28,0.16,0.18,,,,,
5765,23613440,149,82333.32868137547,47206.183080329414,7.64,4944.85,-9.449881872569676e-06,39102.246814250946,0.9076642582658678,1.395836928000003e-06,0.96849215,2.96,0.37,0.29,0.16,0.18,,,,,
5766,23617536,149,82333.32868137547,47206.183080329414,7.64,4944.85,-4.431113484315574e-05,28815.10267019272,0.8007546986918896,1.3926092800000006e-06,0.97337806,2.96,0.37,0.29,0.16,0.18,,,,,
5767,23621632,150,82626.22220937158,47357.12616897471,7.66,4946.68,-6.065429352020146e-05,18572.381051063538,0.8161510294303298,1.3893816320000018e-06,0.97874403,2.98,0.36,0.3,0.16,0.18,,,,,
5768,23625728,150,82626.22220937158,47357.12616897471,7.66,4946.68,-1.471218820370268e-05,24813.174706459045,0.8049226514995098,1.3861539839999995e-06,0.98474723,2.98,0.36,0.3,0.16,0.18,,,,,
5769,23629824,152,83190.9668709471,47671.473302597136,7.64,4985.9,-3.360145819897298e-05,18517.96987438202,0.8925754254451022,1.3829263360000006e-06,0.83343256,2.92,0.37,0.31,0.15,0.17,,,,,
5770,23633920,153,83464.54907252749,47836.2005283118,7.66,4997.42,-5.778909917353303e-05,23338.611265182495,0.8647278723074123,1.3796986880000017e-06,0.9651134,2.93,0.36,0.32,0.15,0.17,,,,,
5771,23638016,153,83464.54907252749,47836.2005283118,7.66,4997.42,-8.518933464074507e-05,13093.663786649704,0.8725009141489863,1.3764710399999994e-06,0.9687574,2.93,0.36,0.32,0.15,0.17,,,,,
5772,23642112,153,83464.54907252749,47836.2005283118,7.66,4997.42,-1.3606819265987724e-05,49978.034618377686,0.8378006962593645,1.3732433920000005e-06,0.9655032,2.93,0.36,0.32,0.15,0.17,,,,,
5773,23646208,155,83844.37238308386,48016.1264533179,7.67,5013.25,-3.983616807090584e-05,38942.671087265015,0.9108253513695672,1.3700157439999983e-06,0.97428465,2.92,0.37,0.31,0.15,0.17,,,,,
5774,23650304,158,81625.92220806687,46779.33897454436,7.62,4914.23,-3.381460737728048e-05,11924.485705137253,0.9365273140138015,1.3667880960000028e-06,0.957052,2.97,0.37,0.29,0.16,0.18,,,,,
5775,23654400,158,81625.92220806687,46779.33897454436,7.62,4914.23,-0.0002171733440263779,11316.868438243866,0.8717520303325728,1.3635604480000005e-06,0.9602506,2.97,0.37,0.29,0.16,0.18,111649.7164565082,63084.01553533129,9.8,5490.5,0.5
5776,23658496,158,81625.92220806687,46779.33897454436,7.62,4914.23,-3.2587900932412595e-05,25097.196154117584,0.8394705317914486,1.3603328000000016e-06,0.9833697,2.97,0.37,0.29,0.16,0.18,,,,,
5777,23662592,159,83090.28923015333,47600.80884619839,7.68,4984.74,-1.2264436008990742e-05,26512.04474067688,0.9220134031493217,1.3571051519999993e-06,0.9827839,2.96,0.38,0.28,0.16,0.18,,,,,
5778,23666688,159,83090.28923015333,47600.80884619839,7.68,4984.74,-8.821141454973258e-05,29215.745636940002,0.7850002170307562,1.3538775040000004e-06,0.98208773,2.96,0.38,0.28,0.16,0.18,,,,,
5779,23670784,161,83639.8411079703,47921.67296977227,7.72,5000.61,-1.4013347936270293e-05,44746.16654777527,0.8900485328631476,1.3506498560000015e-06,0.91813636,2.99,0.37,0.29,0.16,0.18,,,,,
5780,23674880,162,83527.80457397905,47871.36030772225,7.73,4987.57,-3.372102810317301e-05,32395.540712356567,0.8603599643101916,1.3474222079999993e-06,0.98067033,3.01,0.37,0.29,0.15,0.19,,,,,
5781,23678976,162,83527.80457397905,47871.36030772225,7.73,4987.57,-7.669964361411985e-06,51742.65365028381,0.810148500604555,1.3441945600000004e-06,0.97492427,3.01,0.37,0.29,0.15,0.19,,,,,
5782,23683072,165,82653.70063731312,47342.198297438845,7.69,4920.7,-3.99435157305561e-06,119774.70976734161,0.904588655452244,1.3409669120000015e-06,0.35039443,3.05,0.36,0.29,0.16,0.19,,,,,
5783,23687168,165,82653.70063731312,47342.198297438845,7.69,4920.7,-3.098267643508734e-05,43221.32524871826,0.9015145900193602,1.3377392640000026e-06,0.9326875,3.05,0.36,0.29,0.16,0.19,,,,,
5784,23691264,166,81321.1783007789,46637.75537726826,7.63,4906.43,-1.3070795830572024e-05,78198.27213668823,0.8617719972971827,1.3345116160000003e-06,0.9399479,3.0,0.37,0.29,0.16,0.18,,,,,
5785,23695360,167,81528.69013278361,46729.758402141866,7.65,4906.02,-4.836236257688142e-06,85496.4318561554,0.8799444097094238,1.3312839680000014e-06,0.954038,3.02,0.37,0.29,0.15,0.19,,,,,
5786,23699456,167,81528.69013278361,46729.758402141866,7.65,4906.02,-5.68208906770451e-06,53670.25015449524,0.7371458717389032,1.3280563200000025e-06,0.97299767,3.02,0.37,0.29,0.15,0.19,,,,,
5787,23703552,168,82572.55244815709,47330.40351411574,7.71,4945.57,-0.0001518289682280738,12779.867596149445,0.9021918362705037,1.3248286720000003e-06,0.95411414,3.04,0.37,0.28,0.16,0.19,,,,,
5788,23707648,168,82572.55244815709,47330.40351411574,7.71,4945.57,-1.2938246072735637e-05,40470.89423084259,0.7644376043463126,1.3216010240000014e-06,0.96942854,3.04,0.37,0.28,0.16,0.19,,,,,
5789,23711744,169,84608.91629649852,48431.01882469218,7.79,5020.91,-6.562330781889614e-06,152211.2944869995,0.741934263263829,1.318373375999999e-06,0.9525483,3.05,0.36,0.29,0.16,0.19,,,,,
5790,23715840,169,84608.91629649852,48431.01882469218,7.79,5020.91,-1.983493348234333e-05,15020.167024612427,0.8959893981227651,1.3151457280000002e-06,0.97230893,3.05,0.36,0.29,0.16,0.19,,,,,
5791,23719936,169,84608.91629649852,48431.01882469218,7.79,5020.91,-1.2429723938112147e-05,50121.32102108002,0.8076183088123798,1.3119180800000013e-06,0.97884136,3.05,0.36,0.29,0.16,0.19,,,,,
5792,23724032,171,85803.40606346741,49066.03827922369,7.84,5063.66,-3.0489411983580794e-05,33193.59833788872,0.9276101483264938,1.3086904320000024e-06,0.90598726,3.06,0.35,0.3,0.16,0.19,,,,,
5793,23728128,172,84585.01453583187,48386.36880828807,7.81,5006.69,-4.1138919186778367e-05,19006.519105434418,0.8581119073787704,1.3054627840000001e-06,0.94654965,3.09,0.35,0.3,0.15,0.2,,,,,
5794,23732224,172,84585.01453583187,48386.36880828807,7.81,5006.69,-1.753321339492686e-05,30014.109461307526,0.7581211413489655,1.3022351360000012e-06,0.9833314,3.09,0.35,0.3,0.15,0.2,,,,,
5795,23736320,173,84751.93356993122,48470.55580507549,7.82,5005.18,-0.00010322555226593977,17760.671905517578,0.87208067253232,1.2990074880000024e-06,0.94706994,3.1,0.34,0.31,0.15,0.2,,,,,
5796,23740416,174,85184.29165918512,48719.29329898018,7.86,5031.94,-5.705520015908405e-05,9890.25411438942,0.8193918693577871,1.29577984e-06,0.96499944,3.11,0.33,0.32,0.15,0.2,,,,,
5797,23744512,176,82683.58894664468,47320.86224128133,7.79,4913.35,-2.6852518203668296e-05,42319.53094291687,0.8390582783613354,1.2925521920000012e-06,0.935806,3.16,0.33,0.31,0.15,0.21,,,,,
5798,23748608,176,82683.58894664468,47320.86224128133,7.79,4913.35,-7.648404243809637e-05,9970.090826511383,0.8673613984137774,1.289324543999999e-06,0.9755172,3.16,0.33,0.31,0.15,0.21,,,,,
5799,23752704,177,83175.07940947454,47595.12111135562,7.8,4948.65,-2.2861124307382852e-05,23451.3156208992,0.8631470786640421,1.286096896e-06,0.95505273,3.13,0.34,0.31,0.14,0.21,,,,,
5800,23756800,177,83175.07940947454,47595.12111135562,7.8,4948.65,-1.2568598322104663e-06,191112.94841003418,0.8249949110904709,1.2828692480000011e-06,0.87098914,3.13,0.34,0.31,0.14,0.21,87224.01665329548,49304.63465830541,8.766666666666667,4597.166666666667,0.23333333333333334
5801,23760896,178,83857.37827273151,47947.210580351726,7.83,4963.3,-2.936734199465718e-05,22631.799233436584,0.9005454643629491,1.2796415999999989e-06,0.9735065,3.15,0.33,0.32,0.14,0.21,,,,,
5802,23764992,178,83857.37827273151,47947.210580351726,7.83,4963.3,-1.9391349269426428e-05,40679.60858345032,0.9047966299112886,1.276413952e-06,0.9601779,3.15,0.33,0.32,0.14,0.21,,,,,
5803,23769088,179,83823.56080470743,47951.24959053159,7.83,4965.51,-3.5025599572691135e-05,14474.733065128326,0.8403782703680918,1.273186304000001e-06,0.9666629,3.15,0.33,0.32,0.14,0.21,,,,,
5804,23773184,181,82068.68438536636,46990.619812791534,7.8,4885.6,-6.364060027408414e-06,61781.815417289734,0.8872667682589963,1.2699586560000022e-06,0.9381722,3.2,0.33,0.32,0.13,0.22,,,,,
5805,23777280,183,81111.43538024883,46489.140175242515,7.78,4838.7,-2.0671718630183022e-05,41916.4972486496,0.9074991806410253,1.266731008e-06,0.9695145,3.23,0.32,0.32,0.14,0.22,,,,,
5806,23781376,183,81111.43538024883,46489.140175242515,7.78,4838.7,-3.279092561569996e-05,12658.771090984344,0.8204499400453642,1.263503360000001e-06,0.97726154,3.23,0.32,0.32,0.14,0.22,,,,,
5807,23785472,184,81340.87597933256,46643.18140811114,7.79,4846.41,-8.036591680138372e-06,44572.921010017395,0.8550245193764567,1.2602757119999987e-06,0.9751392,3.23,0.32,0.32,0.14,0.22,,,,,
5808,23789568,184,81340.87597933256,46643.18140811114,7.79,4846.41,-9.95345294541039e-06,59450.688802719116,0.9082333138212562,1.2570480639999999e-06,0.9539276,3.23,0.32,0.32,0.14,0.22,,,,,
5809,23793664,185,81550.61568497735,46742.646522933916,7.81,4839.29,-2.562116878834786e-05,21044.80789542198,0.8881385286804289,1.253820416000001e-06,0.97874963,3.26,0.31,0.32,0.15,0.22,,,,,
5810,23797760,185,81550.61568497735,46742.646522933916,7.81,4839.29,-9.668135544416145e-05,21912.1495885849,0.8341183954617009,1.2505927679999987e-06,0.9789064,3.26,0.31,0.32,0.15,0.22,,,,,
5811,23801856,185,81550.61568497735,46742.646522933916,7.81,4839.29,-2.8437478249543346e-05,52278.51207065582,0.8225106573663652,1.2473651199999998e-06,0.9790111,3.26,0.31,0.32,0.15,0.22,,,,,
5812,23805952,186,82283.66917349225,47106.01669997011,7.82,4877.81,-5.20349476573756e-06,65063.08786010742,0.9056381451664492,1.244137472000001e-06,0.9708437,3.23,0.32,0.32,0.14,0.22,,,,,
5813,23810048,187,82283.98186165302,47107.57525137239,7.84,4866.91,-3.722043493326055e-05,46514.06603860855,0.844549038563855,1.240909824000002e-06,0.9501002,3.26,0.32,0.32,0.13,0.23,,,,,
5814,23814144,189,80105.44027364376,45898.156539081574,7.75,4754.03,-2.2497067220683675e-05,46288.97801446915,0.8823522375896573,1.2376821759999997e-06,0.89149994,3.29,0.3,0.34,0.13,0.23,,,,,
5815,23818240,189,80105.44027364376,45898.156539081574,7.75,4754.03,-0.0002455403246131027,16769.05455183983,0.8528326667146757,1.2344545280000009e-06,0.97143555,3.29,0.3,0.34,0.13,0.23,,,,,
5816,23822336,190,81289.28953672868,46560.23070692311,7.78,4820.84,-2.6198152227152605e-05,39390.20178222656,0.8196066913660616,1.231226880000002e-06,0.9699615,3.25,0.31,0.34,0.12,0.23,,,,,
5817,23826432,191,81232.4721667537,46533.328670058596,7.78,4815.75,-6.987104097788688e-05,15640.877400398254,1.005354558932595,1.2279992319999997e-06,0.94959456,3.25,0.31,0.34,0.12,0.23,,,,,
5818,23830528,193,81356.41126336035,46603.09649360294,7.85,4801.28,-5.019764103053603e-06,48605.37625789642,0.7824087897315621,1.2247715840000008e-06,0.97845,3.33,0.31,0.32,0.13,0.24,,,,,
5819,23834624,194,79590.71899300397,45612.46814221942,7.84,4710.01,-7.9891801760823e-05,7210.580947399139,0.9243378214305267,1.2215439359999985e-06,0.9736991,3.42,0.3,0.32,0.13,0.25,,,,,
5820,23838720,194,79590.71899300397,45612.46814221942,7.84,4710.01,-9.461211448069662e-06,42339.68106651306,0.8110593943856657,1.218316288000003e-06,0.96992356,3.42,0.3,0.32,0.13,0.25,,,,,
5821,23842816,196,80056.06216846242,45871.962959598306,7.89,4722.31,-4.1465518734185025e-06,73560.37950515747,0.8375646164640784,1.2150886400000007e-06,0.93619585,3.46,0.3,0.31,0.13,0.26,,,,,
5822,23846912,197,80023.8905084836,45877.19720634177,7.89,4722.37,-5.1416085625533015e-05,12644.9028506279,0.8649392013903707,1.2118609920000019e-06,0.9385114,3.46,0.3,0.31,0.13,0.26,,,,,
5823,23851008,197,80023.8905084836,45877.19720634177,7.89,4722.37,-8.499969135300489e-05,12355.370089530945,0.8256938117556274,1.2086333439999996e-06,0.9796967,3.46,0.3,0.31,0.13,0.26,,,,,
5824,23855104,198,80780.83134178106,46298.23139425134,7.93,4752.25,-5.546175998460967e-06,39342.4054441452,0.8594746106537059,1.2054056960000007e-06,0.96994513,3.47,0.29,0.32,0.13,0.26,,,,,
5825,23859200,199,80391.34293449242,46074.63487265312,7.94,4723.83,-1.455580240872223e-05,139830.55497169495,0.8869707251433283,1.2021780480000018e-06,0.8815498,3.52,0.29,0.31,0.13,0.27,129964.71912957184,72372.18875033272,10.266666666666667,6121.9,0.4666666666666667
5826,23863296,200,81611.48016638844,46748.43923210498,8.02,4765.92,-4.035858182760421e-06,103005.19369697571,0.7906092524062842,1.1989503999999995e-06,0.9571408,3.56,0.28,0.31,0.14,0.27,,,,,
5827,23867392,201,80491.19342153965,46136.56919466946,8.0,4709.15,-2.7456813768367283e-05,30139.87698841095,0.8268917894456536,1.1957227520000006e-06,0.9643358,3.6,0.28,0.3,0.14,0.28,,,,,
5828,23871488,201,80491.19342153965,46136.56919466946,8.0,4709.15,-2.562836198194418e-05,30262.62216615677,0.7845419028308243,1.1924951039999984e-06,0.9840105,3.6,0.28,0.3,0.14,0.28,,,,,
5829,23875584,202,81051.85242648059,46427.96896131534,8.02,4726.93,-1.1000469385180622e-05,51682.55404663086,0.9220131661277264,1.1892674560000028e-06,0.9528214,3.61,0.28,0.29,0.15,0.28,,,,,
5830,23879680,203,80035.685910484,45857.66101814373,7.96,4686.46,-8.493548739352264e-05,7925.283285617828,0.8857021797448397,1.1860398080000006e-06,0.96643996,3.59,0.28,0.3,0.14,0.28,,,,,
5831,23883776,203,80035.685910484,45857.66101814373,7.96,4686.46,-9.715198302728822e-06,28704.306178092957,0.7615591698559001,1.1828121600000017e-06,0.9818672,3.59,0.28,0.3,0.14,0.28,,,,,
5832,23887872,204,81314.40203425138,46540.62416514866,7.98,4756.36,-3.943860065191984e-06,72606.1210026741,0.847020678804256,1.1795845119999994e-06,0.94994354,3.54,0.29,0.3,0.14,0.27,,,,,
5833,23891968,204,81314.40203425138,46540.62416514866,7.98,4756.36,-4.543740033113863e-05,17980.637760162354,0.9003194080432877,1.1763568640000005e-06,0.96969587,3.54,0.29,0.3,0.14,0.27,,,,,
5834,23896064,205,80423.76395880146,46073.083037956356,7.94,4748.61,-7.57929592509754e-06,44212.62292289734,0.8798508420586586,1.1731292160000016e-06,0.97989225,3.5,0.3,0.3,0.13,0.27,,,,,
5835,23900160,205,80423.76395880146,46073.083037956356,7.94,4748.61,-0.00014079754419071833,11535.916138887405,0.8679569682572037,1.1699015679999993e-06,0.9788146,3.5,0.3,0.3,0.13,0.27,,,,,
5836,23904256,206,80095.27334930644,45884.45044015728,7.9,4757.68,-6.370015944412444e-05,15820.20536661148,0.9058106030570343,1.1666739200000005e-06,0.9749514,3.45,0.31,0.3,0.13,0.26,,,,,
5837,23908352,206,80095.27334930644,45884.45044015728,7.9,4757.68,-1.0630382348608691e-05,63304.51763057709,0.8430804449599236,1.1634462720000016e-06,0.9738254,3.45,0.31,0.3,0.13,0.26,,,,,
5838,23912448,207,81232.52942797604,46499.64084304831,7.96,4794.16,-3.4069889807142317e-06,130708.25082015991,0.801652068621479,1.1602186240000027e-06,0.957091,3.48,0.3,0.3,0.14,0.26,,,,,
5839,23916544,207,81232.52942797604,46499.64084304831,7.96,4794.16,-7.5044263212475926e-06,402778.4125289917,0.7771009369753301,1.1569909760000004e-06,0.9484495,3.48,0.3,0.3,0.14,0.26,,,,,
5840,23920640,208,82512.6751430648,47150.13491259842,8.03,4801.71,-3.1221905373968184e-05,28273.234043598175,0.8224901233334094,1.1537633280000015e-06,0.9566827,3.55,0.3,0.29,0.14,0.27,,,,,
5841,23924736,209,81715.02486368715,46717.155952336674,8.01,4760.79,-4.3885755076189525e-05,27942.22047519684,0.7477459229994565,1.1505356799999992e-06,0.9849901,3.57,0.29,0.3,0.14,0.27,,,,,
5842,23928832,209,81715.02486368715,46717.155952336674,8.01,4760.79,-0.00022205047389434185,12540.67617559433,0.8393226939952001,1.1473080320000003e-06,0.980136,3.57,0.29,0.3,0.14,0.27,,,,,
5843,23932928,210,81469.02387949023,46565.65414356104,8.0,4753.91,-1.4300116163212806e-05,44550.282094955444,0.7758762307930738,1.1440803840000015e-06,0.9703545,3.57,0.29,0.3,0.14,0.27,,,,,
5844,23937024,210,81469.02387949023,46565.65414356104,8.0,4753.91,-7.356632977462141e-05,21294.646652698517,0.8712068134918809,1.1408527359999992e-06,0.9822279,3.57,0.29,0.3,0.14,0.27,,,,,
5845,23941120,211,83140.1303819829,47498.139399375665,8.06,4823.17,-5.0364214985165745e-06,79222.1599407196,0.8014981743181124,1.1376250880000003e-06,0.97118783,3.56,0.29,0.3,0.15,0.26,,,,,
5846,23945216,211,83140.1303819829,47498.139399375665,8.06,4823.17,-8.47747469379101e-06,35437.49845409393,0.8169026244431734,1.1343974400000014e-06,0.9751039,3.56,0.29,0.3,0.15,0.26,,,,,
5847,23949312,212,83931.11276871836,47942.1411700537,8.11,4856.31,-8.000242814887315e-07,394255.53453445435,0.8179454809287563,1.1311697919999991e-06,0.81218326,3.58,0.29,0.29,0.16,0.26,,,,,
5848,23953408,213,83012.01868674705,47442.33567203825,8.11,4793.38,-2.1054005628684536e-05,46864.72930240631,0.8291187100112438,1.1279421440000002e-06,0.9668003,3.64,0.28,0.29,0.16,0.27,,,,,
5849,23957504,213,83012.01868674705,47442.33567203825,8.11,4793.38,-5.1657965741469525e-05,37409.06722450256,0.8285278421826661,1.1247144960000013e-06,0.98173106,3.64,0.28,0.29,0.16,0.27,,,,,
5850,23961600,214,84136.36873257365,48057.99144380862,8.16,4842.49,-6.247486999200191e-05,11201.073168754578,0.8571160217979923,1.1214868480000025e-06,0.9398179,3.64,0.28,0.29,0.16,0.27,134872.2760825845,75120.69387521964,10.366666666666667,6260.266666666666,0.5333333333333333
5851,23965696,214,84136.36873257365,48057.99144380862,8.16,4842.49,-1.0214745998382568e-05,38453.528091430664,0.8064621599623933,1.1182592000000002e-06,0.97206557,3.64,0.28,0.29,0.16,0.27,,,,,
5852,23969792,215,84723.36736751169,48373.654751333896,8.17,4879.51,-1.3036302334512584e-05,26327.37140750885,0.8144191364990547,1.1150315520000013e-06,0.9834816,3.61,0.29,0.29,0.15,0.27,,,,,
5853,23973888,215,84723.36736751169,48373.654751333896,8.17,4879.51,-1.637629156903131e-05,12288.508256912231,0.8117186314193532,1.111803903999999e-06,0.97489756,3.61,0.29,0.29,0.15,0.27,,,,,
5854,23977984,216,86574.05366417408,49394.879136446434,8.22,4975.92,-1.029438317345921e-05,81918.31603431702,0.8921065459726378,1.1085762560000001e-06,0.9686228,3.56,0.3,0.29,0.15,0.26,,,,,
5855,23982080,217,85206.2635688417,48628.81409533333,8.18,4907.05,-1.6099857930385042e-05,11716.192809581757,0.8624674477614462,1.1053486080000012e-06,0.8876509,3.6,0.3,0.28,0.15,0.27,,,,,
5856,23986176,217,85206.2635688417,48628.81409533333,8.18,4907.05,-5.433472142613027e-05,28559.201307296753,0.8476845842087641,1.102120959999999e-06,0.98121023,3.6,0.3,0.28,0.15,0.27,,,,,
5857,23990272,218,85865.1849508599,48999.86905031102,8.2,4936.56,-7.98687142378185e-06,54812.35423755646,0.8438778303097934,1.098893312e-06,0.9684803,3.59,0.31,0.27,0.15,0.27,,,,,
5858,23994368,218,85865.1849508599,48999.86905031102,8.2,4936.56,-1.4199560609995387e-05,41530.706068992615,0.8273928199196234,1.0956656639999978e-06,0.9826401,3.59,0.31,0.27,0.15,0.27,,,,,
5859,23998464,219,87257.93389073134,49784.98747931189,8.29,4987.42,-9.352289453090634e-06,41183.162959098816,0.8796487944200635,1.0924380160000023e-06,0.972207,3.63,0.31,0.26,0.15,0.28,,,,,
5860,24002560,219,87257.93389073134,49784.98747931189,8.29,4987.42,-9.73756868916098e-06,42362.398962020874,0.7434851316502318,1.089210368e-06,0.9791485,3.63,0.31,0.26,0.15,0.28,,,,,
5861,24006656,221,88478.17384255174,50463.79627406625,8.32,5031.15,-2.2157222701935098e-05,24874.19414949417,0.931668956996873,1.0859827200000011e-06,0.9811187,3.62,0.3,0.27,0.16,0.27,,,,,
5862,24010752,222,88455.50554313828,50457.71705181524,8.32,5029.31,-1.7256072169402614e-05,31559.009917736053,0.830687437322922,1.0827550719999988e-06,0.97224844,3.62,0.3,0.27,0.16,0.27,,,,,
5863,24014848,222,88455.50554313828,50457.71705181524,8.32,5029.31,-2.0079795831406955e-05,21632.901800632477,0.8610929334536195,1.079527424e-06,0.96039987,3.62,0.3,0.27,0.16,0.27,,,,,
5864,24018944,223,88853.45971467445,50690.71070189283,8.34,5045.41,-2.961364407383371e-05,33278.390416145325,0.8276142942486331,1.076299776000001e-06,0.9738039,3.62,0.3,0.27,0.16,0.27,,,,,
5865,24023040,225,88330.23099058749,50437.12667815468,8.31,5017.07,-1.3431212209980004e-05,60911.27878284454,0.8706928454339504,1.0730721279999988e-06,0.957409,3.62,0.29,0.27,0.17,0.27,,,,,
5866,24027136,227,87647.27677444623,50051.30541406576,8.29,4985.41,-3.570442822820041e-05,10659.406810760498,0.9279647562652826,1.06984448e-06,0.97831255,3.63,0.29,0.27,0.17,0.27,,,,,
5867,24031232,228,86828.78174741015,49601.86693636768,8.26,4942.66,-1.7299786122748628e-05,22617.190324306488,0.9095389653230086,1.066616832000001e-06,0.9645969,3.65,0.28,0.28,0.17,0.27,,,,,
5868,24035328,229,87829.19844139658,50146.40410034934,8.28,4988.48,-5.165590664546471e-06,67308.92219161987,0.8668416509171948,1.0633891840000021e-06,0.96812123,3.62,0.28,0.28,0.18,0.26,,,,,
5869,24039424,230,87981.547631297,50233.45731594946,8.26,5005.13,-8.693835388839943e-05,6379.849553346634,0.8726348642958328,1.0601615359999998e-06,0.9129746,3.58,0.29,0.28,0.17,0.26,,,,,
5870,24043520,230,87981.547631297,50233.45731594946,8.26,5005.13,-0.00018709533378569176,14069.515813112259,0.9162638034904376,1.056933888000001e-06,0.9729166,3.58,0.29,0.28,0.17,0.26,,,,,
5871,24047616,231,88754.18064665761,50666.76094217082,8.28,5045.8,-6.927934009581804e-06,41029.81832122803,0.8504618932493031,1.053706240000002e-06,0.9838232,3.55,0.3,0.28,0.16,0.26,,,,,
5872,24051712,231,88754.18064665761,50666.76094217082,8.28,5045.8,-7.625623584317509e-05,15557.118351459503,0.8236606317805126,1.0504785919999998e-06,0.96231604,3.55,0.3,0.28,0.16,0.26,,,,,
5873,24055808,232,89326.46856471166,51002.73144508454,8.28,5087.91,-3.3050357160391286e-05,13528.04604101181,0.9215090007055551,1.0472509440000009e-06,0.9196032,3.5,0.31,0.28,0.16,0.25,,,,,
5874,24059904,232,89326.46856471166,51002.73144508454,8.28,5087.91,-1.159335624834057e-05,31342.112889766693,0.8084901950787753,1.0440232959999986e-06,0.9782472,3.5,0.31,0.28,0.16,0.25,,,,,
5875,24064000,233,90380.91075992722,51591.28685267633,8.33,5134.98,-2.7266977667750325e-05,20265.71890449524,0.8600909798406065,1.0407956480000031e-06,0.98118824,3.5,0.31,0.28,0.16,0.25,115386.08894638084,64396.59452987762,9.6,5407.366666666667,0.43333333333333335
5876,24068096,233,90380.91075992722,51591.28685267633,8.33,5134.98,-9.650609172240365e-06,30843.22372198105,0.7840543141355738,1.0375680000000008e-06,0.97971755,3.5,0.31,0.28,0.16,0.25,,,,,
5877,24072192,233,90380.91075992722,51591.28685267633,8.33,5134.98,-5.322654033079743e-06,76256.46807861328,0.7490221955813468,1.034340352000002e-06,0.97859895,3.5,0.31,0.28,0.16,0.25,,,,,
5878,24076288,236,90898.85659899986,51856.55969091322,8.34,5144.81,-5.472725206345785e-06,35495.087564468384,0.8976047328906134,1.0311127039999997e-06,0.86843026,3.51,0.3,0.29,0.16,0.25,,,,,
5879,24080384,236,90898.85659899986,51856.55969091322,8.34,5144.81,-0.00011367826209607301,13078.315718650818,0.859145495458506,1.0278850560000008e-06,0.9698473,3.51,0.3,0.29,0.16,0.25,,,,,
5880,24084480,237,90457.2667089387,51608.31630443508,8.32,5121.87,-6.522286821564194e-05,11011.705156564713,0.8839433620451018,1.0246574080000019e-06,0.97191805,3.51,0.3,0.29,0.16,0.25,,,,,
5881,24088576,238,91321.65294311396,52095.701626942566,8.37,5160.77,-1.03036636573961e-05,44478.17628097534,0.7877349586924538,1.0214297599999996e-06,0.9699651,3.52,0.29,0.3,0.16,0.25,,,,,
5882,24092672,238,91321.65294311396,52095.701626942566,8.37,5160.77,-7.326627110160189e-05,12733.080103874207,0.8828433937160298,1.0182021120000007e-06,0.9689661,3.52,0.29,0.3,0.16,0.25,,,,,
5883,24096768,238,91321.65294311396,52095.701626942566,8.37,5160.77,-9.548294656269718e-06,34606.23483753204,0.8239666973240674,1.0149744639999984e-06,0.9795727,3.52,0.29,0.3,0.16,0.25,,,,,
5884,24100864,239,92522.81323531062,52747.19517676322,8.41,5214.31,-1.8274244666827144e-05,35502.27185487747,0.8069020315306261,1.011746816000003e-06,0.9746305,3.5,0.3,0.29,0.16,0.25,,,,,
5885,24104960,241,91259.71735590714,52017.554943753414,8.28,5180.8,-9.960620536730858e-05,15612.600043773651,0.9410049505531788,1.0085191680000007e-06,0.9397058,3.4,0.31,0.29,0.17,0.23,,,,,
5886,24109056,242,91015.59846907217,51884.77925475184,8.27,5170.6,-3.374906282260781e-05,15062.679466247559,0.8393677762942389,1.0052915200000018e-06,0.9813474,3.4,0.31,0.29,0.17,0.23,,,,,
5887,24113152,242,91015.59846907217,51884.77925475184,8.27,5170.6,-2.857998424588004e-05,15194.159950971603,0.7972312992205843,1.0020638719999995e-06,0.9696182,3.4,0.31,0.29,0.17,0.23,,,,,
5888,24117248,243,91395.45989663432,52105.776172095175,8.29,5190.0,-1.7160708011942916e-05,39761.72658061981,0.8567064841045067,9.988362240000006e-07,0.9162332,3.4,0.31,0.29,0.17,0.23,,,,,
5889,24121344,244,91729.87663580786,52293.879990866,8.29,5214.21,-4.51314353995258e-05,12099.789615154266,0.8121901182457805,9.956085760000017e-07,0.93866,3.37,0.31,0.3,0.16,0.23,,,,,
5890,24125440,245,92444.4330765504,52682.229720012154,8.33,5247.44,-1.0211113476543687e-05,31464.63564968109,0.8128854976966977,9.923809279999994e-07,0.9652369,3.37,0.31,0.3,0.16,0.23,,,,,
5891,24129536,246,93080.99601436272,53033.26445548607,8.38,5271.29,-9.027811756823212e-06,28317.91956806183,0.8518775332486257,9.891532800000006e-07,0.9806841,3.4,0.31,0.29,0.17,0.23,,,,,
5892,24133632,246,93080.99601436272,53033.26445548607,8.38,5271.29,-2.4524681975890417e-05,21234.944174289703,0.8652334727812558,9.859256320000017e-07,0.9631342,3.4,0.31,0.29,0.17,0.23,,,,,
5893,24137728,247,94033.67874212006,53572.0981328963,8.43,5329.52,-1.103260728996247e-05,21372.544236660004,0.8995728756999597,9.826979840000028e-07,0.95820713,3.39,0.31,0.29,0.17,0.23,,,,,
5894,24141824,248,94386.71204889109,53785.51227096711,8.45,5350.68,-3.182533328072168e-05,24084.891091823578,0.8740887721069157,9.794703360000005e-07,0.9615032,3.39,0.31,0.29,0.17,0.23,,,,,
5895,24145920,248,94386.71204889109,53785.51227096711,8.45,5350.68,-4.782830365002155e-05,14619.376541137695,0.890796409570612,9.762426880000016e-07,0.96221656,3.39,0.31,0.29,0.17,0.23,,,,,
5896,24150016,250,93491.63072128267,53318.18380011318,8.42,5311.94,-1.0084635505336337e-05,43422.21125793457,0.8559834973420948,9.730150399999993e-07,0.97260165,3.39,0.32,0.27,0.18,0.23,,,,,
5897,24154112,251,92180.25507124055,52585.534374447874,8.39,5246.82,-6.731727353326278e-05,10064.69508934021,0.8441560558276251,9.697873920000004e-07,0.9447571,3.43,0.32,0.26,0.18,0.24,,,,,
5898,24158208,251,92180.25507124055,52585.534374447874,8.39,5246.82,-1.0322586604161188e-05,27400.080221176147,0.7543444893090054,9.665597440000016e-07,0.97943324,3.43,0.32,0.26,0.18,0.24,,,,,
5899,24162304,252,93902.5179799187,53540.02257895753,8.47,5325.66,-3.830578862107359e-06,59072.211161613464,0.7994374539703131,9.633320959999993e-07,0.9719012,3.43,0.32,0.26,0.18,0.24,,,,,
5900,24166400,255,91464.26567698325,52190.43676320619,8.32,5209.45,-3.133355494355783e-05,11064.4829788208,0.9719071269501001,9.601044480000004e-07,0.94814986,3.41,0.31,0.28,0.17,0.24,113475.30966905938,63578.87921362663,9.666666666666666,5424.066666666667,0.36666666666666664
5901,24170496,256,91304.46467178088,52107.00198049799,8.26,5208.36,-9.238170969183557e-05,4582.852319955826,0.9497040264541283,9.568768000000015e-07,0.9719579,3.35,0.31,0.29,0.17,0.23,,,,,
5902,24174592,256,91304.46467178088,52107.00198049799,8.26,5208.36,-7.606234021295677e-05,22731.67560482025,0.8869724404066801,9.536491519999992e-07,0.97958696,3.35,0.31,0.29,0.17,0.23,,,,,
5903,24178688,257,92803.32913316069,52950.41050490996,8.3,5292.61,-1.54701410792768e-05,44164.824677467346,0.837902725324966,9.504215040000003e-07,0.9575689,3.3,0.32,0.29,0.17,0.22,,,,,
5904,24182784,257,92803.32913316069,52950.41050490996,8.3,5292.61,-2.4319551812368445e-05,28266.344327926636,0.886114498716779,9.471938560000014e-07,0.9660157,3.3,0.32,0.29,0.17,0.22,,,,,
5905,24186880,259,92325.651170105,52685.37582595629,8.3,5258.86,-5.709272954845801e-06,48886.18860626221,0.8144046202069148,9.439662080000026e-07,0.98079807,3.33,0.31,0.3,0.16,0.23,,,,,
5906,24190976,259,92325.651170105,52685.37582595629,8.3,5258.86,-3.315412141091656e-05,19658.17172241211,0.8586412172298878,9.407385600000003e-07,0.95702493,3.33,0.31,0.3,0.16,0.23,,,,,
5907,24195072,260,91734.91205702497,52352.841014615995,8.27,5240.87,-6.0257302266109036e-05,17514.411520957947,0.874711901997216,9.375109120000014e-07,0.97430426,3.31,0.32,0.29,0.16,0.23,,,,,
5908,24199168,261,92497.50186226869,52792.33346479163,8.27,5294.56,-4.631064257409889e-06,41669.882098674774,0.8613155439961702,9.342832639999991e-07,0.89134514,3.25,0.33,0.29,0.16,0.22,,,,,
5909,24203264,261,92497.50186226869,52792.33346479163,8.27,5294.56,-9.46718682826031e-06,26129.61504793167,0.8799505365313962,9.310556160000002e-07,0.96604645,3.25,0.33,0.29,0.16,0.22,,,,,
5910,24207360,262,92886.6549797392,52995.82726373576,8.26,5333.51,-8.451561370748095e-06,39182.588078022,0.8388511722441763,9.278279680000013e-07,0.96603966,3.2,0.34,0.29,0.16,0.21,,,,,
5911,24211456,264,91985.07231822032,52494.193692589404,8.22,5306.14,-8.863096809363924e-06,54980.99141931534,0.9446408699732274,9.24600319999999e-07,0.8184945,3.18,0.34,0.3,0.15,0.21,,,,,
5912,24215552,264,91985.07231822032,52494.193692589404,8.22,5306.14,-3.7298535971785896e-05,23035.459911823273,0.8016764358617365,9.213726720000002e-07,0.9624751,3.18,0.34,0.3,0.15,0.21,,,,,
5913,24219648,266,91740.52993719744,52363.49658653847,8.16,5296.52,-2.0272899746487383e-05,22260.16476750374,0.8969356722664088,9.181450239999979e-07,0.9688227,3.12,0.35,0.3,0.15,0.2,,,,,
5914,24223744,266,91740.52993719744,52363.49658653847,8.16,5296.52,-1.869993138825521e-05,15536.64548778534,0.7750730195548385,9.149173760000024e-07,0.9777834,3.12,0.35,0.3,0.15,0.2,,,,,
5915,24227840,266,91740.52993719744,52363.49658653847,8.16,5296.52,-9.847502951743081e-06,57797.872385025024,0.7359680876834318,9.116897280000001e-07,0.9785644,3.12,0.35,0.3,0.15,0.2,,,,,
5916,24231936,267,92636.31266492812,52850.11367196477,8.16,5354.32,-3.6369874578667805e-07,230315.6794347763,0.8489627863746136,9.084620800000012e-07,0.49520403,3.06,0.36,0.3,0.15,0.19,,,,,
5917,24236032,268,92327.9485594289,52678.61978642872,8.13,5362.87,-9.810895789996721e-06,25868.316312789917,0.8217909705126658,9.052344319999989e-07,0.96749735,3.02,0.37,0.3,0.14,0.19,,,,,
5918,24240128,268,92327.9485594289,52678.61978642872,8.13,5362.87,-2.5695818294479977e-05,14676.979516983032,0.8896939170081168,9.02006784e-07,0.9420592,3.02,0.37,0.3,0.14,0.19,,,,,
5919,24244224,269,90279.5614427304,51576.14413208981,8.05,5288.64,-5.76896409256733e-05,12163.460137844086,0.8732029458042234,8.987791360000012e-07,0.9443956,3.01,0.38,0.29,0.14,0.19,,,,,
5920,24248320,269,90279.5614427304,51576.14413208981,8.05,5288.64,-1.9353151401446667e-05,46329.50092601776,0.7638292866759002,8.955514879999989e-07,0.97019035,3.01,0.38,0.29,0.14,0.19,,,,,
5921,24252416,270,90118.05911028097,51490.616157146316,8.04,5288.0,-5.197880454943515e-06,43321.70070838928,0.806229948415421,8.9232384e-07,0.96235496,3.0,0.39,0.28,0.14,0.19,,,,,
5922,24256512,271,90399.80963463068,51661.95894943251,8.06,5301.43,-1.5056802112667356e-05,31532.27828860283,0.8404469958040863,8.890961920000011e-07,0.9145638,3.01,0.39,0.28,0.14,0.19,,,,,
5923,24260608,271,90399.80963463068,51661.95894943251,8.06,5301.43,-1.4866045603412203e-05,19923.329833984375,0.9279106839094311,8.858685440000022e-07,0.9724227,3.01,0.39,0.28,0.14,0.19,,,,,
5924,24264704,272,92210.08046783747,52659.61582091379,8.1,5395.36,-1.4696761354571208e-06,129902.24715805054,0.8651316914474592,8.826408959999999e-07,0.9503196,2.95,0.4,0.28,0.14,0.18,,,,,
5925,24268800,273,91220.45400162395,52111.074803918746,8.05,5358.98,-4.307899871491827e-05,7616.616084575653,0.9703440577723086,8.79413248000001e-07,0.967792,2.94,0.41,0.27,0.14,0.18,105430.35724264222,58907.1062195872,9.266666666666667,5125.666666666667,0.4
5926,24272896,273,91220.45400162395,52111.074803918746,8.05,5358.98,-8.418384823016822e-06,49486.572265625,0.8253176064463332,8.761856000000022e-07,0.97039306,2.94,0.41,0.27,0.14,0.18,,,,,
5927,24276992,274,92413.4682134853,52760.07719051177,8.11,5391.42,-4.937917765346356e-06,77774.34601020813,0.8230389477685094,8.729579519999999e-07,0.9753676,2.97,0.41,0.26,0.15,0.18,,,,,
5928,24281088,275,91638.2384939925,52312.156073443504,8.09,5342.69,-5.005580169381574e-05,10250.601958274841,0.8379729737062007,8.69730304000001e-07,0.9347588,3.01,0.4,0.26,0.16,0.18,,,,,
5929,24285184,277,91674.34836134396,52345.80595407558,8.05,5349.63,-1.946199881786015e-05,29480.732981204987,0.9553716880036518,8.665026559999987e-07,0.9604116,2.95,0.41,0.26,0.16,0.17,,,,,
5930,24289280,277,91674.34836134396,52345.80595407558,8.05,5349.63,-6.130445399321616e-06,26273.347460746765,0.8759224367095158,8.632750079999998e-07,0.98565733,2.95,0.41,0.26,0.16,0.17,,,,,
5931,24293376,277,91674.34836134396,52345.80595407558,8.05,5349.63,-2.251605565106729e-06,165465.69112586975,0.8079490028321743,8.600473600000009e-07,0.9716829,2.95,0.41,0.26,0.16,0.17,,,,,
5932,24297472,278,92196.11301084302,52626.159075403724,8.08,5349.8,-2.7040560780733358e-05,27538.43333530426,0.8453670545713976,8.56819712000002e-07,0.90071297,2.98,0.41,0.25,0.16,0.18,,,,,
5933,24301568,279,92456.721867255,52753.20640734361,8.09,5357.49,-9.971146482712356e-06,36836.298283576965,0.7750131862703711,8.535920639999998e-07,0.9753426,2.98,0.41,0.25,0.16,0.18,,,,,
5934,24305664,279,92456.721867255,52753.20640734361,8.09,5357.49,-0.00011612791922743781,8132.553307533264,0.8595634589437395,8.503644160000009e-07,0.9822818,2.98,0.41,0.25,0.16,0.18,,,,,
5935,24309760,279,92456.721867255,52753.20640734361,8.09,5357.49,-8.93658034328837e-06,60853.04740905762,0.841085406835191,8.47136768000002e-07,0.971095,2.98,0.41,0.25,0.16,0.18,,,,,
5936,24313856,280,93734.64973967588,53451.973724350886,8.13,5414.75,-5.233865522313863e-06,61096.573034763336,0.8160536387003958,8.439091199999997e-07,0.9787034,2.96,0.42,0.24,0.16,0.18,,,,,
5937,24317952,281,94500.60073154645,53889.15491370004,8.12,5457.73,-1.2651747965719551e-05,23450.19549369812,0.8388594926800579,8.406814720000008e-07,0.97602767,2.9,0.42,0.25,0.16,0.17,,,,,
5938,24322048,281,94500.60073154645,53889.15491370004,8.12,5457.73,-5.5736638387315907e-05,14750.11968755722,0.8989096193108708,8.374538239999985e-07,0.9558038,2.9,0.42,0.25,0.16,0.17,,,,,
5939,24326144,282,95337.47774693201,54344.67355602121,8.12,5512.97,-8.380379767913837e-06,55689.06573295593,0.8062703686300665,8.34226176000003e-07,0.9746361,2.84,0.43,0.25,0.16,0.16,,,,,
5940,24330240,285,92720.12390247289,52899.177732890676,8.02,5388.63,-1.145618807640858e-05,18451.6696228981,0.9394336937693879,8.309985280000008e-07,0.898211,2.87,0.43,0.25,0.15,0.17,,,,,
5941,24334336,285,92720.12390247289,52899.177732890676,8.02,5388.63,-6.516569555969909e-06,42099.19696140289,0.8483021594583988,8.277708800000019e-07,0.97997916,2.87,0.43,0.25,0.15,0.17,,,,,
5942,24338432,286,92067.32184282377,52562.558825295775,8.02,5346.12,-1.073368730430957e-05,46248.39177894592,0.8706994480453432,8.245432319999996e-07,0.98233944,2.92,0.42,0.25,0.15,0.18,,,,,
5943,24342528,288,90583.89717187744,51729.97824949445,7.9,5293.57,-5.944718395767268e-05,14481.505350351334,0.859882355784066,8.213155840000007e-07,0.9804195,2.86,0.43,0.25,0.15,0.17,,,,,
5944,24346624,288,90583.89717187744,51729.97824949445,7.9,5293.57,-8.81707455846481e-06,58978.9600353241,0.8753700600937009,8.180879360000018e-07,0.9801629,2.86,0.43,0.25,0.15,0.17,,,,,
5945,24350720,289,92809.9325812555,52927.35668246858,8.01,5368.75,-4.2539504647720605e-06,163895.5156059265,0.8724871388403699,8.148602879999995e-07,0.956328,2.9,0.43,0.24,0.15,0.18,,,,,
5946,24354816,290,91366.62973549018,52116.18691444413,7.94,5291.45,-5.934542332397541e-05,9393.04740524292,0.8700132957892492,8.116326400000007e-07,0.95438504,2.91,0.42,0.25,0.15,0.18,,,,,
5947,24358912,291,91579.89431196557,52238.15929713337,7.95,5309.52,-4.093873758392874e-05,14655.004151821136,0.9252530148951337,8.084049919999984e-07,0.9711715,2.9,0.43,0.24,0.15,0.18,,,,,
5948,24363008,292,91527.9456465491,52209.55451784955,7.94,5319.16,-5.0657044994295575e-06,30126.386231422424,0.8453843609895557,8.051773439999995e-07,0.9779866,2.88,0.43,0.25,0.14,0.18,,,,,
5949,24367104,292,91527.9456465491,52209.55451784955,7.94,5319.16,-4.637681195163168e-05,19423.389486074448,0.824495917884633,8.019496960000006e-07,0.9842371,2.88,0.43,0.25,0.14,0.18,,,,,
5950,24371200,293,93448.5672789382,53274.58747863147,7.98,5404.7,-1.9521739886840805e-06,75868.56720924377,0.7697841058252379,7.987220480000017e-07,0.9763583,2.83,0.43,0.26,0.14,0.17,96628.798423502,54509.460484265925,9.1,4887.033333333334,0.4
5951,24375296,293,93448.5672789382,53274.58747863147,7.98,5404.7,-9.562486411596183e-06,30337.942176818848,0.7833424377022311,7.954943999999994e-07,0.9788585,2.83,0.43,0.26,0.14,0.17,,,,,
5952,24379392,294,94596.59816190839,53909.64005426751,7.98,5457.45,-4.1098910514847375e-06,46281.26904773712,0.9102609646506608,7.922667520000005e-07,0.9534519,2.78,0.43,0.26,0.15,0.16,,,,,
5953,24383488,294,94596.59816190839,53909.64005426751,7.98,5457.45,-1.8069207726512104e-05,19123.54197692871,0.9029767350293696,7.890391040000016e-07,0.9874408,2.78,0.43,0.26,0.15,0.16,,,,,
5954,24387584,296,94270.51437499226,53720.56733819697,7.99,5437.27,-4.537084350886289e-06,72161.14971733093,0.8642922560684383,7.858114559999994e-07,0.9734308,2.81,0.42,0.27,0.15,0.16,,,,,
5955,24391680,296,94270.51437499226,53720.56733819697,7.99,5437.27,-1.312442691414617e-06,310468.66829681396,0.7803493834799156,7.825838080000005e-07,0.9554733,2.81,0.42,0.27,0.15,0.16,,,,,
5956,24395776,297,95965.98351055403,54612.310462712245,8.1,5464.18,-1.605137913429644e-05,172804.4689631462,0.8559529037447646,7.793561600000016e-07,0.93127865,2.9,0.41,0.27,0.15,0.17,,,,,
5957,24399872,297,95965.98351055403,54612.310462712245,8.1,5464.18,-1.0178015145356767e-05,29636.771040916443,0.8477576381992549,7.761285119999993e-07,0.9798666,2.9,0.41,0.27,0.15,0.17,,,,,
5958,24403968,298,96845.49752100668,55089.27563918129,8.13,5497.87,-1.1325291779940017e-06,79388.79842472076,0.8154006032273173,7.729008640000004e-07,0.9756431,2.89,0.42,0.26,0.15,0.17,,,,,
5959,24408064,299,96501.9260367434,54890.905212018435,8.07,5489.16,-2.8074528017896228e-05,15790.46637392044,0.9567210614914075,7.696732160000015e-07,0.96233535,2.83,0.43,0.26,0.15,0.16,,,,,
5960,24412160,300,95968.41358049265,54618.61627485223,8.04,5480.35,-4.36997834185604e-06,61106.9546918869,0.8561644032597542,7.664455680000026e-07,0.9298404,2.81,0.43,0.27,0.14,0.16,,,,,
5961,24416256,300,95968.41358049265,54618.61627485223,8.04,5480.35,-4.1846860767691396e-05,17529.394053936005,0.8875392496120185,7.632179200000004e-07,0.97482365,2.81,0.43,0.27,0.14,0.16,,,,,
5962,24420352,300,95968.41358049265,54618.61627485223,8.04,5480.35,-4.732765773951542e-06,88839.49044418335,0.755931364139542,7.599902720000015e-07,0.96406364,2.81,0.43,0.27,0.14,0.16,,,,,
5963,24424448,301,97392.84567322265,55419.58407528579,8.07,5552.72,-1.6041733033489436e-05,51608.151471138,0.8780342509271577,7.567626239999992e-07,0.97114617,2.76,0.44,0.27,0.14,0.15,,,,,
5964,24428544,303,96560.75145070361,54960.596772036944,8.08,5507.43,-4.5459582906914875e-06,43376.125997543335,0.8459436512785032,7.535349760000003e-07,0.9677394,2.81,0.44,0.26,0.14,0.16,,,,,
5965,24432640,303,96560.75145070361,54960.596772036944,8.08,5507.43,-1.486451037635561e-05,24905.56918144226,0.8807129738852382,7.503073280000014e-07,0.9577514,2.81,0.44,0.26,0.14,0.16,,,,,
5966,24436736,303,96560.75145070361,54960.596772036944,8.08,5507.43,-1.376900399918668e-06,35677.34421157837,0.7326815710403025,7.470796799999991e-07,0.9867562,2.81,0.44,0.26,0.14,0.16,,,,,
5967,24440832,304,97156.84126974069,55301.81123785681,8.1,5525.98,-3.2704483601264656e-06,119176.30583763123,0.779588347999379,7.438520320000003e-07,0.9716275,2.81,0.44,0.26,0.14,0.16,,,,,
5968,24444928,305,97036.2480714512,55211.16486670422,8.12,5495.99,-3.284019840066321e-06,60700.27429199219,0.763103223638609,7.40624383999998e-07,0.9797237,2.87,0.43,0.26,0.14,0.17,,,,,
5969,24449024,305,97036.2480714512,55211.16486670422,8.12,5495.99,-7.19465097063221e-05,16234.066961050034,0.8615595538867638,7.373967360000025e-07,0.97588706,2.87,0.43,0.26,0.14,0.17,,,,,
5970,24453120,305,97036.2480714512,55211.16486670422,8.12,5495.99,-1.8576174625195563e-06,65030.446435928345,0.8369617802090943,7.341690880000002e-07,0.9758557,2.87,0.43,0.26,0.14,0.17,,,,,
5971,24457216,305,97036.2480714512,55211.16486670422,8.12,5495.99,-2.4299333745148033e-06,166106.24198150635,0.7485031915130094,7.309414400000013e-07,0.9648447,2.87,0.43,0.26,0.14,0.17,,,,,
5972,24461312,306,99507.52757764373,56529.47384371608,8.2,5575.01,-1.8470309441909194e-06,261630.4653301239,0.788220971939154,7.27713791999999e-07,0.88932306,2.88,0.42,0.27,0.14,0.17,,,,,
5973,24465408,308,95937.19995572003,54610.74804764869,8.05,5463.59,-7.654180080862716e-06,26964.107863903046,0.8911087396554649,7.244861440000001e-07,0.87308365,2.83,0.43,0.27,0.13,0.17,,,,,
5974,24469504,311,92097.74400599627,52478.41889365485,7.91,5293.52,-5.333278750185855e-06,27294.899676322937,0.9060916517628357,7.212584960000013e-07,0.9599588,2.87,0.43,0.26,0.13,0.18,,,,,
5975,24473600,311,92097.74400599627,52478.41889365485,7.91,5293.52,-2.109757042489946e-05,18203.513568401337,0.8998055460397154,7.18030847999999e-07,0.9710622,2.87,0.43,0.26,0.13,0.18,136577.82448710574,76117.46900719743,10.466666666666667,6247.633333333333,0.5333333333333333
5976,24477696,314,89560.35803630501,51087.847558511894,7.79,5192.45,-2.260225301142782e-06,65231.04994010925,0.9923753131879494,7.148032000000001e-07,0.79890895,2.85,0.43,0.27,0.12,0.18,,,,,
5977,24481792,315,87995.71061036416,50221.966365191816,7.73,5115.77,-7.868660759413615e-06,27007.586833000183,0.9335202944930643,7.115755520000012e-07,0.92315924,2.87,0.42,0.28,0.12,0.18,,,,,
5978,24485888,316,86464.72967705934,49366.93338526632,7.66,5045.84,-1.330821032752283e-05,17300.92998123169,0.9600940188392997,7.083479040000023e-07,0.9762713,2.87,0.42,0.28,0.12,0.18,,,,,
5979,24489984,317,87919.30620887385,50179.26231805877,7.71,5109.38,-2.0457910068216734e-06,53093.57303714752,0.7630785109940916,7.05120256e-07,0.98076564,2.85,0.42,0.28,0.13,0.17,,,,,
5980,24494080,318,86609.41697434937,49457.00523379874,7.66,5051.59,-1.7886331988847815e-05,21919.21188735962,0.9352500486420467,7.018926080000011e-07,0.95865124,2.86,0.41,0.29,0.13,0.17,,,,,
5981,24498176,318,86609.41697434937,49457.00523379874,7.66,5051.59,-3.883405952365138e-06,49832.5967502594,0.8026631079846993,6.986649600000023e-07,0.97748524,2.86,0.41,0.29,0.13,0.17,,,,,
5982,24502272,320,84613.9673410467,48338.80364387965,7.6,4963.33,-1.7798947737901472e-06,127456.48474121094,0.8549806189257652,6.95437312e-07,0.7856829,2.89,0.41,0.28,0.13,0.18,,,,,
5983,24506368,320,84613.9673410467,48338.80364387965,7.6,4963.33,-9.411749488208443e-06,22375.406797409058,0.9067935029743239,6.922096640000011e-07,0.9676964,2.89,0.41,0.28,0.13,0.18,,,,,
5984,24510464,321,86107.31593957785,49180.689155842374,7.66,5047.95,-1.1206866474822164e-06,80559.08724975586,0.8108229401987046,6.889820159999988e-07,0.9510934,2.86,0.42,0.28,0.12,0.18,,,,,
5985,24514560,323,84781.65316033414,48425.30813905534,7.59,4975.79,-1.7742218915373087e-05,28775.53812646866,0.9692453555762768,6.857543679999999e-07,0.9687161,2.87,0.42,0.28,0.12,0.18,,,,,
5986,24518656,323,84781.65316033414,48425.30813905534,7.59,4975.79,-4.9618285629549064e-05,11460.665915727615,0.9231848405906931,6.82526720000001e-07,0.9748178,2.87,0.42,0.28,0.12,0.18,,,,,
5987,24522752,324,85006.23851089674,48544.347269762904,7.59,4991.27,-1.0629594726196956e-05,61292.06311225891,0.8586741701001301,6.792990720000021e-07,0.96003634,2.85,0.42,0.29,0.11,0.18,,,,,
5988,24526848,325,85912.28652138756,49035.049338811084,7.61,5036.75,-2.6950237952405587e-07,295914.1746330261,0.8354726320831105,6.760714239999999e-07,0.8327584,2.83,0.42,0.29,0.12,0.17,,,,,
5989,24530944,326,86320.04402885427,49275.440506431296,7.61,5064.29,-5.746348506363574e-06,28122.234539985657,0.9213240448152646,6.72843776000001e-07,0.96611136,2.8,0.42,0.3,0.12,0.16,,,,,
5990,24535040,327,86822.7704105342,49562.57348967066,7.65,5089.24,-1.3057087926426902e-06,105892.16995048523,0.8388335246127099,6.696161280000021e-07,0.9010882,2.82,0.42,0.29,0.13,0.16,,,,,
5991,24539136,328,86807.50763316994,49549.2937643688,7.64,5093.4,-3.174522134941071e-05,17058.698520183563,0.8858909299597144,6.663884799999998e-07,0.95475155,2.8,0.43,0.28,0.13,0.16,,,,,
5992,24543232,329,86532.73285856938,49399.68734934674,7.63,5081.38,-2.956032403744757e-06,50748.28491592407,0.8359182387357578,6.631608320000009e-07,0.96611387,2.8,0.43,0.28,0.13,0.16,,,,,
5993,24547328,330,86790.9088345812,49537.34268407823,7.65,5097.38,-5.698941822629422e-05,11970.818624019623,0.9044307617004961,6.599331839999986e-07,0.9595327,2.8,0.43,0.28,0.13,0.16,,,,,
5994,24551424,330,86790.9088345812,49537.34268407823,7.65,5097.38,-1.304402576352004e-05,23694.510489463806,0.9066124819219112,6.567055360000031e-07,0.9417516,2.8,0.43,0.28,0.13,0.16,,,,,
5995,24555520,331,85737.86169837356,48950.168419820424,7.61,5050.5,-1.2535287169157527e-05,17616.53515434265,0.8505738429958001,6.534778880000009e-07,0.97039634,2.81,0.42,0.29,0.13,0.16,,,,,
5996,24559616,332,85716.58050709552,48935.628838558645,7.61,5052.62,-1.673277438385412e-05,16323.775805473328,0.9426250400720164,6.50250240000002e-07,0.96453035,2.81,0.42,0.29,0.13,0.16,,,,,
5997,24563712,333,85426.35467987237,48774.56302374911,7.61,5027.68,-3.234017640352249e-06,95791.45065879822,0.821063932729885,6.470225919999997e-07,0.958591,2.84,0.41,0.29,0.14,0.16,,,,,
5998,24567808,333,85426.35467987237,48774.56302374911,7.61,5027.68,-8.431444894085871e-05,7763.591553449631,0.8539434636477381,6.437949440000008e-07,0.97897935,2.84,0.41,0.29,0.14,0.16,,,,,
5999,24571904,335,83509.55047206915,47743.03689570494,7.55,4950.04,-6.500752533611376e-06,28374.13628768921,0.8839948377572,6.405672960000019e-07,0.9606058,2.85,0.41,0.29,0.14,0.16,,,,,
6000,24576000,336,83632.29355547614,47800.21395224486,7.52,4961.04,-2.7194206268177368e-05,11989.46313881874,0.9063746212050319,6.373396479999996e-07,0.96881044,2.81,0.41,0.3,0.14,0.15,148370.1375682888,82880.37517900161,11.066666666666666,6787.833333333333,0.5333333333333333
6001,24580096,337,84268.60042897699,48163.85376089642,7.55,4990.12,-4.142413672525436e-06,47715.51214313507,0.8460007330868393,6.341120000000007e-07,0.9675241,2.81,0.41,0.3,0.14,0.15,,,,,
6002,24584192,337,84268.60042897699,48163.85376089642,7.55,4990.12,-1.725709626043681e-05,23784.530739068985,0.8860451580258086,6.308843519999985e-07,0.95558137,2.81,0.41,0.3,0.14,0.15,,,,,
6003,24588288,338,83704.46826109436,47852.298548604194,7.52,4970.81,-6.327622941171285e-05,8538.269391298294,0.8608964431332424,6.276567039999996e-07,0.95364165,2.8,0.42,0.29,0.14,0.15,,,,,
6004,24592384,338,83704.46826109436,47852.298548604194,7.52,4970.81,-5.328000042936765e-06,46850.482694625854,0.8469635181827471,6.244290560000007e-07,0.97195077,2.8,0.42,0.29,0.14,0.15,,,,,
6005,24596480,339,83424.0068701795,47697.639068204844,7.51,4962.99,-7.330137123062741e-06,35782.93083190918,0.7947679405333474,6.212014080000018e-07,0.9651808,2.8,0.42,0.29,0.14,0.15,,,,,
6006,24600576,341,83584.61293081117,47787.30804797135,7.53,4969.19,-7.99153440311784e-06,19369.509578704834,0.9188294013729319,6.179737599999995e-07,0.960396,2.81,0.42,0.29,0.14,0.15,,,,,
6007,24604672,341,83584.61293081117,47787.30804797135,7.53,4969.19,-1.6949423297774047e-05,9940.185632705688,0.8291910185944289,6.147461120000006e-07,0.98405933,2.81,0.42,0.29,0.14,0.15,,,,,
6008,24608768,341,83584.61293081117,47787.30804797135,7.53,4969.19,-5.891361070098355e-07,77880.27171516418,0.8555979481898248,6.115184640000017e-07,0.97596294,2.81,0.42,0.29,0.14,0.15,,,,,
6009,24612864,342,84955.71286889788,48535.95013492004,7.58,5021.39,-2.7438100005383603e-06,46525.16355752945,0.8697877677623183,6.082908159999995e-07,0.97710466,2.81,0.42,0.29,0.14,0.15,,,,,
6010,24616960,344,84551.96498598176,48291.295521509404,7.58,4978.6,-3.7385179894044995e-06,44268.40438556671,0.9598506523761898,6.050631680000006e-07,0.9572976,2.86,0.41,0.29,0.14,0.16,,,,,
6011,24621056,345,84390.87668400304,48204.048073000085,7.58,4963.9,-1.9442476514086593e-05,40544.43176174164,0.8648503799922764,6.018355200000017e-07,0.96719015,2.88,0.4,0.3,0.14,0.16,,,,,
6012,24625152,345,84390.87668400304,48204.048073000085,7.58,4963.9,-5.767370566900354e-06,28560.585110664368,0.85833849478513,5.986078719999994e-07,0.97704417,2.88,0.4,0.3,0.14,0.16,,,,,
6013,24629248,346,84561.51069555027,48321.01691015872,7.58,4978.37,-3.297614057373721e-06,26492.52860069275,0.8344275308772922,5.953802240000005e-07,0.97063076,2.86,0.4,0.31,0.13,0.16,,,,,
6014,24633344,346,84561.51069555027,48321.01691015872,7.58,4978.37,-9.714894986245781e-06,30982.624654769897,0.7764676316874102,5.921525759999982e-07,0.9740676,2.86,0.4,0.31,0.13,0.16,,,,,
6015,24637440,346,84561.51069555027,48321.01691015872,7.58,4978.37,-2.9018665372859687e-06,61429.66358566284,0.7719900691881776,5.889249280000027e-07,0.9818541,2.86,0.4,0.31,0.13,0.16,,,,,
6016,24641536,347,85826.49057587663,48998.162014021575,7.62,5028.34,-4.627377165888902e-06,26731.38813686371,0.8347051227465272,5.856972800000005e-07,0.91100335,2.85,0.41,0.3,0.13,0.16,,,,,
6017,24645632,348,85515.09431238627,48806.458308484944,7.6,5007.74,-1.870097912615165e-05,14582.224165916443,0.868112422642298,5.824696320000016e-07,0.9527171,2.85,0.41,0.3,0.13,0.16,,,,,
6018,24649728,350,85009.71139173342,48506.70414140777,7.57,4982.33,-4.542013812169898e-06,29474.839016914368,0.9596236841753125,5.792419839999993e-07,0.9497305,2.84,0.41,0.3,0.13,0.16,,,,,
6019,24653824,350,85009.71139173342,48506.70414140777,7.57,4982.33,-1.8957029169541784e-05,23578.529772281647,0.8418961983406916,5.760143360000004e-07,0.9803636,2.84,0.41,0.3,0.13,0.16,,,,,
6020,24657920,350,85009.71139173342,48506.70414140777,7.57,4982.33,-6.038735591573641e-07,112135.70630264282,0.8715816814219579,5.727866880000015e-07,0.97052,2.84,0.41,0.3,0.13,0.16,,,,,
6021,24662016,351,87708.43511279338,49989.41617858966,7.64,5094.98,-3.178813130944036e-06,149234.1930952072,0.7973827789537609,5.695590399999992e-07,0.9678402,2.79,0.41,0.31,0.13,0.15,,,,,
6022,24666112,351,87708.43511279338,49989.41617858966,7.64,5094.98,-1.5945141967677046e-05,22957.275080680847,0.8558359468588606,5.663313920000004e-07,0.9716476,2.79,0.41,0.31,0.13,0.15,,,,,
6023,24670208,353,86781.98896693185,49473.60497531319,7.63,5057.35,-1.1804286259575747e-06,63546.01597213745,0.9081984674558043,5.631037439999981e-07,0.9024997,2.82,0.41,0.3,0.14,0.15,,,,,
6024,24674304,353,86781.98896693185,49473.60497531319,7.63,5057.35,-3.5762695915764198e-06,48958.65240764618,0.7901554778218269,5.598760960000026e-07,0.9718465,2.82,0.41,0.3,0.14,0.15,,,,,
6025,24678400,354,87943.19390070556,50123.793095786285,7.69,5107.84,-1.2016227628919296e-05,14938.822789907455,0.8557669225847349,5.566484480000003e-07,0.9838522,2.83,0.41,0.3,0.14,0.15,123615.49888996234,69139.38036576156,10.166666666666666,5936.533333333334,0.5333333333333333
6026,24682496,357,87068.40158101058,49616.24565054596,7.74,5057.95,-4.02294062951114e-06,36799.96959877014,0.9928441051160917,5.534208000000014e-07,0.95722693,2.93,0.41,0.28,0.14,0.17,,,,,
6027,24686592,357,87068.40158101058,49616.24565054596,7.74,5057.95,-9.692868479760364e-05,8582.100232839584,0.8313179851975292,5.501931519999991e-07,0.97799635,2.93,0.41,0.28,0.14,0.17,,,,,
6028,24690688,358,86123.02491361054,49104.62901966285,7.7,5026.58,-2.719415624596877e-05,20949.920831680298,0.8659715884132311,5.469655040000002e-07,0.9715996,2.92,0.42,0.27,0.14,0.17,,,,,
6029,24694784,358,86123.02491361054,49104.62901966285,7.7,5026.58,-6.5552903834031895e-06,23502.02938938141,0.8173124071909115,5.437378560000014e-07,0.9782094,2.92,0.42,0.27,0.14,0.17,,,,,
6030,24698880,359,87404.06052820828,49814.08323422378,7.73,5101.15,-6.059404768166132e-06,20649.10559606552,0.7955887055722997,5.405102079999991e-07,0.97620535,2.87,0.43,0.27,0.14,0.16,,,,,
6031,24702976,360,87704.72380041369,49982.33473162306,7.74,5115.5,-4.6433115130639635e-06,54687.86304664612,0.8123170157196,5.372825600000002e-07,0.96110064,2.87,0.43,0.27,0.14,0.16,,,,,
6032,24707072,360,87704.72380041369,49982.33473162306,7.74,5115.5,-9.991044680646155e-05,15164.886020183563,0.8318412306252867,5.340549120000013e-07,0.97053176,2.87,0.43,0.27,0.14,0.16,,,,,
6033,24711168,361,88294.12777865418,50314.13118131945,7.77,5130.43,-1.1415650078561157e-06,87439.92975234985,0.8870790916262195,5.308272640000024e-07,0.96113527,2.88,0.42,0.28,0.14,0.16,,,,,
6034,24715264,361,88294.12777865418,50314.13118131945,7.77,5130.43,-2.0871153537882492e-05,34231.91080904007,0.8134829925838858,5.275996160000001e-07,0.9684257,2.88,0.42,0.28,0.14,0.16,,,,,
6035,24719360,362,88614.07769281612,50515.87470214096,7.79,5131.57,-1.4653269317932427e-06,67375.0709323883,0.8496966295642778,5.243719680000012e-07,0.97606534,2.9,0.41,0.29,0.14,0.16,,,,,
6036,24723456,363,89042.4273888303,50756.073956638684,7.83,5146.28,-2.3017582861939445e-06,51411.04938697815,0.8175847488455474,5.21144319999999e-07,0.9683751,2.93,0.41,0.28,0.14,0.17,,,,,
6037,24727552,363,89042.4273888303,50756.073956638684,7.83,5146.28,-3.830848072539084e-06,41569.07922935486,0.8732072415295988,5.179166720000001e-07,0.97708577,2.93,0.41,0.28,0.14,0.17,,,,,
6038,24731648,364,90015.4249582795,51308.7698415035,7.88,5187.51,-5.124893505126238e-07,483850.28946208954,0.8561111011076719,5.146890240000012e-07,0.7312254,2.94,0.41,0.27,0.15,0.17,,,,,
6039,24735744,365,89587.30194868792,51081.447134777634,7.86,5171.49,-4.331499440013431e-06,26344.035356521606,0.8472495703026652,5.114613759999989e-07,0.9415368,2.94,0.41,0.27,0.15,0.17,,,,,
6040,24739840,366,90143.24250759186,51394.591995328294,7.9,5208.84,-9.647950719227083e-06,20913.277599334717,0.8865702621405944,5.08233728e-07,0.958895,2.94,0.41,0.27,0.15,0.17,,,,,
6041,24743936,367,88596.54594974653,50552.99021425786,7.84,5137.87,-5.6236331147374585e-06,18548.85177898407,0.8616015439620242,5.050060800000011e-07,0.93381345,2.95,0.4,0.28,0.15,0.17,,,,,
6042,24748032,367,88596.54594974653,50552.99021425786,7.84,5137.87,-2.8594553441507742e-05,19418.012082099915,0.8604868982220069,5.017784320000022e-07,0.9752747,2.95,0.4,0.28,0.15,0.17,,,,,
6043,24752128,367,88596.54594974653,50552.99021425786,7.84,5137.87,-1.2930145203426946e-06,75768.75128555298,0.7578733582049608,4.98550784e-07,0.97322387,2.95,0.4,0.28,0.15,0.17,,,,,
6044,24756224,368,89367.66669163815,50971.08051808867,7.87,5163.47,-2.379674515395891e-05,18213.617976665497,0.8021100567420945,4.953231360000011e-07,0.9646813,2.95,0.4,0.28,0.15,0.17,,,,,
6045,24760320,369,89638.48912437621,51109.90295637664,7.89,5168.41,-1.4240247764973901e-05,16341.967490673065,0.8813223557081074,4.920954880000022e-07,0.9674116,2.96,0.39,0.29,0.15,0.17,,,,,
6046,24764416,369,89638.48912437621,51109.90295637664,7.89,5168.41,-1.2649231393879745e-05,25197.7515540123,0.8685469487681985,4.888678399999999e-07,0.9856617,2.96,0.39,0.29,0.15,0.17,,,,,
6047,24768512,370,89810.94392876634,51214.61857332336,7.9,5173.66,-1.3494445738615468e-06,66861.85629177094,0.8258820846676826,4.85640192000001e-07,0.97306585,2.96,0.39,0.29,0.15,0.17,,,,,
6048,24772608,370,89810.94392876634,51214.61857332336,7.9,5173.66,-5.797488483949564e-06,11680.329607009888,0.8075560440775007,4.824125439999987e-07,0.982979,2.96,0.39,0.29,0.15,0.17,,,,,
6049,24776704,370,89810.94392876634,51214.61857332336,7.9,5173.66,-3.309774911031127e-06,45172.22251033783,0.8061588810523972,4.791848959999998e-07,0.9844048,2.96,0.39,0.29,0.15,0.17,,,,,
6050,24780800,371,91054.99208917277,51883.969716262975,7.94,5231.41,-5.586425686487928e-07,127108.5792093277,0.8470261862967163,4.7595724800000096e-07,0.8228189,2.94,0.4,0.28,0.15,0.17,141338.3637390853,79139.88907304523,10.733333333333333,6455.2,0.5333333333333333
6051,24784896,372,90151.97045126536,51401.643078873465,7.91,5192.47,-7.739354259683751e-07,119868.8948097229,0.8555859302869067,4.7272960000000207e-07,0.8844224,2.95,0.39,0.29,0.15,0.17,,,,,
6052,24788992,373,89949.29213138176,51291.04212335361,7.9,5175.44,-8.478773452225141e-06,23956.11872959137,0.817018122645095,4.695019519999998e-07,0.9289869,2.96,0.38,0.3,0.15,0.17,,,,,
6053,24793088,374,89051.63567792738,50806.052442460845,7.85,5160.69,-2.0570660126395524e-06,27463.49292087555,0.8246130226179957,4.662743040000009e-07,0.9622193,2.92,0.39,0.3,0.14,0.17,,,,,
6054,24797184,374,89051.63567792738,50806.052442460845,7.85,5160.69,-8.507046004524454e-06,30734.841974258423,0.8326258801389486,4.63046656000002e-07,0.966819,2.92,0.39,0.3,0.14,0.17,,,,,
6055,24801280,375,89620.43209447824,51149.23163271669,7.86,5203.92,-4.676605385611765e-05,10927.004615068436,0.8778928420506418,4.5981900799999973e-07,0.9713173,2.88,0.4,0.3,0.13,0.17,,,,,
6056,24805376,376,89863.11043262325,51279.65750146079,7.87,5217.43,-1.19155811262317e-06,37412.235447883606,0.8650842333445325,4.5659136000000084e-07,0.9668324,2.88,0.4,0.3,0.13,0.17,,,,,
6057,24809472,376,89863.11043262325,51279.65750146079,7.87,5217.43,-5.871453140571248e-06,28373.316556930542,0.852394612156786,4.5336371199999857e-07,0.95284617,2.88,0.4,0.3,0.13,0.17,,,,,
6058,24813568,377,90327.85226387998,51541.66939894282,7.9,5246.55,-1.8701184671954252e-06,42378.470465660095,0.8587338393554091,4.501360639999997e-07,0.9762306,2.88,0.4,0.3,0.13,0.17,,,,,
6059,24817664,378,89155.218422869,50915.96879437534,7.86,5213.75,-3.9314818423008546e-07,73748.44879817963,0.9429471640614793,4.469084160000008e-07,0.94695884,2.87,0.4,0.3,0.14,0.16,,,,,
6060,24821760,379,88305.10951880018,50440.35857003717,7.83,5164.93,-1.2430409697117284e-06,91730.13199615479,0.863073852029629,4.436807680000019e-07,0.96937597,2.89,0.39,0.31,0.14,0.16,,,,,
6061,24825856,381,86570.06781365082,49458.91047081116,7.81,5060.98,-3.855474460578989e-06,69228.252120018,0.9019373812479898,4.404531199999996e-07,0.9629466,2.99,0.38,0.3,0.14,0.18,,,,,
6062,24829952,382,85862.21808008537,49071.72216432446,7.78,5033.08,-1.7499105524620973e-06,78587.95723724365,0.8230637611122802,4.3722547200000073e-07,0.897489,2.99,0.38,0.3,0.14,0.18,,,,,
6063,24834048,383,86207.15880765568,49253.32653785913,7.78,5053.78,-1.5053574315970764e-06,36000.570994377136,0.9531201360514387,4.3399782400000184e-07,0.96851355,2.97,0.38,0.3,0.15,0.17,,,,,
6064,24838144,384,87157.41845310232,49810.045675461755,7.86,5083.93,-6.477530405391008e-07,108937.7983455658,0.8396615848178044,4.3077017599999957e-07,0.96472347,3.02,0.37,0.3,0.15,0.18,,,,,
6065,24842240,384,87157.41845310232,49810.045675461755,7.86,5083.93,-1.8819581555362674e-05,11251.213142871857,0.870412040501833,4.275425280000007e-07,0.97910976,3.02,0.37,0.3,0.15,0.18,,,,,
6066,24846336,384,87157.41845310232,49810.045675461755,7.86,5083.93,-1.1043775884900242e-06,60734.911425590515,0.7544771395623684,4.243148800000018e-07,0.9740402,3.02,0.37,0.3,0.15,0.18,,,,,
6067,24850432,385,89965.77688690732,51360.87525393408,7.95,5207.06,-5.370902727008797e-07,220189.8983001709,0.780948156490922,4.210872319999995e-07,0.95943964,2.98,0.38,0.3,0.14,0.18,,,,,
6068,24854528,385,89965.77688690732,51360.87525393408,7.95,5207.06,-3.680184454424307e-05,13650.346826553345,0.7820445722900331,4.178595840000006e-07,0.9726817,2.98,0.38,0.3,0.14,0.18,,,,,
6069,24858624,386,89111.21799735345,50914.8594998355,7.9,5191.87,-1.332685314991977e-06,38012.079305648804,0.8594440880697221,4.1463193599999834e-07,0.930026,2.93,0.39,0.3,0.14,0.17,,,,,
6070,24862720,386,89111.21799735345,50914.8594998355,7.9,5191.87,-9.613018846721388e-06,27536.119246959686,0.8419171165442094,4.1140428799999945e-07,0.97416914,2.93,0.39,0.3,0.14,0.17,,,,,
6071,24866816,387,90414.88593500717,51643.96324838036,7.97,5253.69,-8.139895726344548e-07,53976.43032836914,0.8539617573842406,4.0817664000000056e-07,0.9718266,2.93,0.39,0.3,0.14,0.17,,,,,
6072,24870912,387,90414.88593500717,51643.96324838036,7.97,5253.69,-8.857496140990406e-07,29281.89625930786,0.83607748511713,4.049489920000017e-07,0.9760665,2.93,0.39,0.3,0.14,0.17,,,,,
6073,24875008,388,91534.25157857005,52260.88531029658,8.02,5315.04,-2.240944013465196e-06,22213.419388771057,0.8066808199509978,4.017213439999994e-07,0.9788794,2.91,0.4,0.29,0.14,0.17,,,,,
6074,24879104,388,91534.25157857005,52260.88531029658,8.02,5315.04,-1.4148681657388806e-06,31368.553184509277,0.7780125897843391,3.984936960000005e-07,0.97286075,2.91,0.4,0.29,0.14,0.17,,,,,
6075,24883200,389,91328.96057029176,52170.53985597631,8.0,5328.65,-6.286973075475544e-07,76514.19211101532,0.7984588510589674,3.952660480000016e-07,0.9822778,2.86,0.41,0.29,0.14,0.16,116607.55005190326,65261.22463171683,9.866666666666667,5628.633333333333,0.43333333333333335
6076,24887296,390,91524.11804093752,52294.41006952277,8.03,5338.76,-1.6374433471355587e-06,49310.60261440277,0.9253191273892298,3.9203839999999934e-07,0.9647133,2.88,0.41,0.28,0.15,0.16,,,,,
6077,24891392,390,91524.11804093752,52294.41006952277,8.03,5338.76,-6.522495823446661e-07,75838.34313678741,0.790753660374321,3.8881075200000045e-07,0.97931504,2.88,0.41,0.28,0.15,0.16,,,,,
6078,24895488,391,93480.26284687109,53320.635092001576,8.12,5391.21,-3.121349436696619e-07,176530.2610244751,0.8785708975046873,3.8558310399999817e-07,0.95709985,2.93,0.4,0.28,0.15,0.17,,,,,
6079,24899584,391,93480.26284687109,53320.635092001576,8.12,5391.21,-9.108448466577101e-06,23032.0492978096,0.8292025973787531,3.8235545600000267e-07,0.96967936,2.93,0.4,0.28,0.15,0.17,,,,,
6080,24903680,392,93294.02001640163,53219.54693584621,8.11,5387.91,-3.586669663491193e-06,19512.3790705204,0.8989555450389162,3.791278080000004e-07,0.9725616,2.92,0.41,0.27,0.15,0.17,,,,,
6081,24907776,392,93294.02001640163,53219.54693584621,8.11,5387.91,-1.0138000106962863e-05,40343.64383125305,0.8110471407417208,3.759001600000015e-07,0.9665248,2.92,0.41,0.27,0.15,0.17,,,,,
6082,24911872,393,92886.0056189721,53004.52445978549,8.09,5386.8,-9.110317478189245e-07,61186.53237056732,0.8412961002904922,3.7267251199999923e-07,0.9699127,2.9,0.42,0.26,0.15,0.17,,,,,
6083,24915968,393,92886.0056189721,53004.52445978549,8.09,5386.8,-1.2618802429642528e-06,44843.230684280396,0.8677625723648816,3.6944486400000034e-07,0.98004144,2.9,0.42,0.26,0.15,0.17,,,,,
6084,24920064,394,93502.55520920912,53349.75625973116,8.11,5409.87,-6.130576366558671e-07,78241.57497501373,0.8234812242444605,3.6621721600000145e-07,0.973808,2.89,0.42,0.26,0.15,0.17,,,,,
6085,24924160,394,93502.55520920912,53349.75625973116,8.11,5409.87,-1.0093735909322277e-06,33521.85020542145,0.7823003516532481,3.6298956799999917e-07,0.98217076,2.89,0.42,0.26,0.15,0.17,,,,,
6086,24928256,395,94346.2500568147,53796.12050686201,8.14,5429.12,-3.805489541264251e-07,153604.01995658875,0.7686410929309204,3.597619200000003e-07,0.96855557,2.9,0.42,0.26,0.15,0.17,,,,,
6087,24932352,396,94623.70791688077,53951.450512348136,8.09,5455.15,-5.324559424479958e-06,20220.415697813034,0.9341162424534559,3.565342720000014e-07,0.9669031,2.82,0.43,0.26,0.15,0.16,,,,,
6088,24936448,398,91376.13932043964,52189.376164665984,8.0,5332.68,-5.154488462721929e-07,72991.46855926514,0.835603482206352,3.533066240000025e-07,0.9678136,2.86,0.42,0.26,0.15,0.17,,,,,
6089,24940544,400,90859.99638108996,51881.9376100699,8.0,5300.5,-1.9577223611122463e-06,21948.049138069153,0.8956396485446021,3.500789760000002e-07,0.96025586,2.89,0.42,0.25,0.15,0.18,,,,,
6090,24944640,400,90859.99638108996,51881.9376100699,8.0,5300.5,-7.431284484482603e-05,13914.497922420502,0.8459697419311851,3.4685132800000134e-07,0.9741308,2.89,0.42,0.25,0.15,0.18,,,,,
6091,24948736,400,90859.99638108996,51881.9376100699,8.0,5300.5,-2.3065658751875162e-06,70762.8012046814,0.7501077802153304,3.4362367999999906e-07,0.9700952,2.89,0.42,0.25,0.15,0.18,,,,,
6092,24952832,402,90005.68763773893,51381.96020442508,7.96,5259.29,-1.5406585589516908e-06,54481.757289886475,0.8476000187220052,3.4039603200000017e-07,0.98083884,2.9,0.42,0.25,0.15,0.18,,,,,
6093,24956928,402,90005.68763773893,51381.96020442508,7.96,5259.29,-7.558461220469326e-06,18996.633854866028,0.8694490785710514,3.371683840000013e-07,0.96269035,2.9,0.42,0.25,0.15,0.18,,,,,
6094,24961024,402,90005.68763773893,51381.96020442508,7.96,5259.29,-6.843256414867938e-07,43219.69553279877,0.7733819710556418,3.33940735999999e-07,0.9821877,2.9,0.42,0.25,0.15,0.18,,,,,
6095,24965120,403,92104.23104848595,52537.33847354556,8.01,5360.8,-9.517862054053694e-07,72295.04983520508,0.8225583304883912,3.307130880000001e-07,0.97625095,2.84,0.43,0.25,0.15,0.17,,,,,
6096,24969216,403,92104.23104848595,52537.33847354556,8.01,5360.8,-8.917950253817253e-06,24583.057027816772,0.8201973175164312,3.274854400000012e-07,0.9806989,2.84,0.43,0.25,0.15,0.17,,,,,
6097,24973312,404,90885.66231846146,51881.05555495853,7.97,5320.05,-2.1614432625938207e-06,40101.22064399719,0.8252575878286734,3.2425779200000233e-07,0.96435887,2.84,0.43,0.25,0.15,0.17,,,,,
6098,24977408,405,90106.02639814181,51467.45135245922,7.91,5312.32,-4.272685146133881e-06,28588.118586540222,0.8745714217657223,3.2103014400000006e-07,0.9551771,2.78,0.44,0.25,0.15,0.16,,,,,
6099,24981504,406,87725.10114597356,50210.447950362905,7.85,5222.34,-5.984375093248673e-07,62638.386991500854,0.9104192570084706,3.1780249600000117e-07,0.96696335,2.8,0.44,0.24,0.16,0.16,,,,,
6100,24985600,406,87725.10114597356,50210.447950362905,7.85,5222.34,-5.94885932514444e-07,128771.88488769531,0.8677187830908224,3.145748480000023e-07,0.9748121,2.8,0.44,0.24,0.16,0.16,128285.5601813504,71845.16906690894,10.266666666666667,5978.066666666667,0.4
6101,24989696,407,88893.78778272583,50829.65937193323,7.94,5240.09,-4.264165909262374e-07,162356.5304737091,0.8208327767206356,3.113472e-07,0.936758,2.88,0.43,0.24,0.16,0.17,,,,,
6102,24993792,407,88893.78778272583,50829.65937193323,7.94,5240.09,-2.0322095224400982e-06,34642.23739242554,0.8029415897326544,3.081195520000011e-07,0.97513586,2.88,0.43,0.24,0.16,0.17,,,,,
6103,24997888,408,91088.33410316508,52031.40683559235,7.99,5348.04,-1.560219970997423e-07,113199.98477554321,0.7979897467885166,3.0489190399999883e-07,0.9696007,2.82,0.44,0.24,0.16,0.16,,,,,
6104,25000000,408,91088.33410316508,52031.40683559235,7.99,5348.04,-2.581939792655634e-05,10353.409567630652,0.927109713129925,3.0166425599999994e-07,0.913047,2.82,0.44,0.24,0.16,0.16,,,,,
