update,timesteps,episodes,mean_reward,mean_score,mean_stage,mean_length,policy_loss,value_loss,entropy,learning_rate,explained_var,mean_start_stage,start_stage_t1_frac,start_stage_t2_frac,start_stage_t3_frac,start_stage_t4_frac,eval_mean_reward,eval_mean_score,eval_mean_max_stage,eval_mean_length,eval_over_max_rate
1,4096,1,20518.76140153587,12661.110863084403,4.0,2057.0,-0.0013954418777757382,4143.755585849285,0.4112508818216156,1e-05,0.93654144,2.0,0.0,1.0,0.0,0.0,,,,,
2,8192,1,20518.76140153587,12661.110863084403,4.0,2057.0,-0.000945566940572462,3989.050307571888,0.41853002208517864,9.998394368e-06,0.974014,2.0,0.0,1.0,0.0,0.0,,,,,
3,12288,3,37855.65205306155,23519.10135382041,5.333333333333333,3070.6666666666665,-0.000685842047460028,6835.403312802315,0.400672867835965,9.996788736e-06,0.9758241,2.3333333333333335,0.3333333333333333,0.3333333333333333,0.3333333333333333,0.0,,,,,
4,16384,5,32415.328374849712,20804.460485671323,6.0,2754.0,-0.0012211401881359052,4891.85185700655,0.3713039878348354,9.995183104e-06,0.93848825,3.4,0.2,0.4,0.2,0.2,,,,,
5,20480,7,32106.40634763239,20606.40076288744,5.714285714285714,2798.714285714286,-0.0006879659522383008,5710.444930434227,0.4701111780013889,9.993577472000002e-06,0.9521903,3.0,0.2857142857142857,0.42857142857142855,0.14285714285714285,0.14285714285714285,,,,,
6,24576,9,29555.832770585024,18831.92556809806,5.444444444444445,2613.1111111111113,-0.0018859554102164111,2792.640223145485,0.46899220475461334,9.991971840000001e-06,0.9277277,2.888888888888889,0.3333333333333333,0.3333333333333333,0.2222222222222222,0.1111111111111111,,,,,
7,28672,10,27598.44254755383,17619.60554648776,5.1,2508.0,-0.0007077506452333182,3612.2768762111664,0.4056133934063837,9.990366208000001e-06,0.96684366,2.7,0.4,0.3,0.2,0.1,,,,,
8,32768,12,27872.971527231,17980.92547988307,5.166666666666667,2488.1666666666665,-0.0007118308985809563,4438.08516150713,0.4608961892663501,9.988760576000001e-06,0.95735747,2.8333333333333335,0.3333333333333333,0.3333333333333333,0.25,0.08333333333333333,,,,,
9,36864,13,31267.69202129797,20064.71292233848,5.3076923076923075,2748.923076923077,-0.0012391750315146055,5533.087136209011,0.34693731865263544,9.987154944e-06,0.9766692,2.6923076923076925,0.38461538461538464,0.3076923076923077,0.23076923076923078,0.07692307692307693,,,,,
10,40960,14,32106.995885036216,20750.00972036656,5.571428571428571,2754.0,-0.0007678858601138927,5078.718042016029,0.34580363976419903,9.985549312e-06,0.9507681,3.0,0.35714285714285715,0.2857142857142857,0.21428571428571427,0.14285714285714285,,,,,
11,45056,15,33914.80261055993,21777.890699402524,5.6,2907.266666666667,-0.0010838876587513369,3095.0452982783318,0.42001821467420086,9.98394368e-06,0.9747834,2.8666666666666667,0.4,0.26666666666666666,0.2,0.13333333333333333,,,,,
12,49152,16,36089.25566719221,23128.331419017908,5.6875,3062.5625,-0.0015375168086393387,3412.3542097210884,0.41029082948807627,9.982338048e-06,0.97519165,2.8125,0.375,0.3125,0.1875,0.125,,,,,
13,53248,17,37904.158316656874,24417.77770342159,5.9411764705882355,3122.705882352941,-0.0006213900696820929,11374.142021656036,0.3679978302970994,9.980732416000002e-06,0.9715065,3.0588235294117645,0.35294117647058826,0.29411764705882354,0.17647058823529413,0.17647058823529413,,,,,
14,57344,19,35497.84489555472,22787.733258463802,5.631578947368421,2978.7894736842104,-0.00044581436850421596,3767.8025974035263,0.39916675913264044,9.979126784000001e-06,0.8485264,2.8947368421052633,0.3684210526315789,0.3157894736842105,0.15789473684210525,0.15789473684210525,,,,,
15,61440,20,34571.77472237355,22300.822297849143,5.75,2895.6,-0.0008579668456150102,12569.594315886497,0.3852115352055989,9.977521152000001e-06,0.9820609,3.1,0.35,0.3,0.15,0.2,,,,,
16,65536,22,34751.59330109673,22485.535063193263,5.818181818181818,2850.318181818182,-0.00037143335066502914,18850.428421020508,0.3725790049356874,9.975915520000001e-06,-0.096435905,3.272727272727273,0.3181818181818182,0.3181818181818182,0.13636363636363635,0.22727272727272727,,,,,
17,69632,23,35716.935936093294,23022.03665411761,5.826086956521739,2944.6521739130435,-0.0009939790470525622,9957.815046191216,0.3308274966548197,9.974309888e-06,0.9561155,3.1739130434782608,0.34782608695652173,0.30434782608695654,0.13043478260869565,0.21739130434782608,,,,,
18,73728,24,36426.26613775699,23590.106320642662,6.041666666666667,2952.2916666666665,-0.00011056298535550013,93541.26226377487,0.37005203156149946,9.972704256e-06,0.8563488,3.4166666666666665,0.3333333333333333,0.2916666666666667,0.125,0.25,,,,,
19,77824,25,38112.977377504605,24773.585616661432,6.28,2997.6,-0.0007426088359352434,36461.43357384205,0.3970813669729978,9.971098624e-06,0.9456316,3.64,0.32,0.28,0.12,0.28,,,,,
20,81920,27,39142.739894289465,25473.104367181822,6.407407407407407,3028.925925925926,-0.00027039662199968006,20605.256163954735,0.40285944851348177,9.969492992e-06,0.97751474,3.740740740740741,0.2962962962962963,0.2962962962962963,0.1111111111111111,0.2962962962962963,,,,,
21,86016,27,39142.739894289465,25473.104367181822,6.407407407407407,3028.925925925926,-0.001957033597136615,2707.5943266153336,0.40696795834810473,9.967887360000001e-06,0.9608019,3.740740740740741,0.2962962962962963,0.2962962962962963,0.1111111111111111,0.2962962962962963,,,,,
22,90112,29,38257.1345296798,24875.379036395458,6.206896551724138,3014.7241379310344,-0.0009636319809942506,3798.6552342176437,0.3646437564166263,9.966281728000001e-06,0.87729,3.5517241379310347,0.3448275862068966,0.27586206896551724,0.10344827586206896,0.27586206896551724,,,,,
23,94208,30,38890.72912862736,25217.028045624327,6.2,3084.3333333333335,-0.0014733910993527388,3694.0565341711044,0.38037837090087123,9.964676096000001e-06,0.96131015,3.466666666666667,0.36666666666666664,0.26666666666666666,0.1,0.26666666666666666,,,,,
24,98304,31,38320.75495507356,24856.73063567348,6.225806451612903,3040.0,-0.0009159238979918882,5613.25495326519,0.3672927432053257,9.963070464e-06,0.91534543,3.5483870967741935,0.3548387096774194,0.25806451612903225,0.0967741935483871,0.2903225806451613,,,,,
25,102400,33,38077.03462320261,24633.235831958933,6.181818181818182,3034.6060606060605,-0.0004979344885214232,47929.426518559456,0.3745559465314727,9.961464832e-06,0.9543942,3.484848484848485,0.36363636363636365,0.24242424242424243,0.12121212121212122,0.2727272727272727,40977.0611704829,26472.027190467383,7.2,2975.4333333333334,0.06666666666666667
26,106496,34,40303.824345267196,26134.71350441459,6.411764705882353,3095.5882352941176,-0.0003410953513593995,138666.4584262371,0.34035305099678226,9.9598592e-06,0.95444286,3.676470588235294,0.35294117647058826,0.23529411764705882,0.11764705882352941,0.29411764705882354,,,,,
27,110592,35,40582.5193567465,26325.73855023046,6.514285714285714,3091.942857142857,-0.0005399555520853028,8605.35944700241,0.4036945625266526,9.958253568e-06,0.9597139,3.8,0.34285714285714286,0.22857142857142856,0.11428571428571428,0.3142857142857143,,,,,
28,114688,37,40084.97342616083,25939.366671977972,6.405405405405405,3086.027027027027,-0.0007907793751655845,2451.254359483719,0.39873194790561683,9.956647936000002e-06,0.97505987,3.675675675675676,0.35135135135135137,0.24324324324324326,0.10810810810810811,0.2972972972972973,,,,,
29,118784,39,38624.26974278783,24978.060464197166,6.256410256410256,3003.6153846153848,-0.00054764727519796,3748.643609881401,0.3456156796310097,9.955042304000001e-06,0.8463337,3.6153846153846154,0.358974358974359,0.23076923076923078,0.1282051282051282,0.28205128205128205,,,,,
30,122880,39,38624.26974278783,24978.060464197166,6.256410256410256,3003.6153846153848,-0.0015401772543555126,3222.3816638588905,0.39594776183366776,9.953436672000001e-06,0.9786096,3.6153846153846154,0.358974358974359,0.23076923076923078,0.1282051282051282,0.28205128205128205,,,,,
31,126976,40,39934.943793254206,25782.79494647112,6.3,3100.45,-0.0011345327966409968,6383.437597095966,0.384378526621731,9.951831040000001e-06,0.970421,3.55,0.375,0.225,0.125,0.275,,,,,
32,131072,40,39934.943793254206,25782.79494647112,6.3,3100.45,-0.0007216905578388833,21214.81985116005,0.36994654673617333,9.950225408e-06,0.961044,3.55,0.375,0.225,0.125,0.275,,,,,
33,135168,43,40028.61887233089,25823.15576329977,6.372093023255814,3071.6279069767443,-0.0013543452441808768,3346.8735496997833,0.43673828936880454,9.948619776e-06,0.9175369,3.6511627906976742,0.3488372093023256,0.23255813953488372,0.13953488372093023,0.27906976744186046,,,,,
34,139264,45,39816.13609331179,25642.01668869947,6.288888888888889,3087.3333333333335,-0.0008054440368141513,4176.003732204437,0.40035413985606283,9.947014144e-06,0.96789557,3.533333333333333,0.37777777777777777,0.2222222222222222,0.13333333333333333,0.26666666666666666,,,,,
35,143360,47,39015.55883644344,25207.880876839572,6.319148936170213,3032.063829787234,-0.0004517053039307939,22939.21108174324,0.40280527068534866,9.945408512e-06,0.9148073,3.6382978723404253,0.3617021276595745,0.23404255319148937,0.1276595744680851,0.2765957446808511,,,,,
36,147456,51,36596.904491921305,23664.372863418208,6.2745098039215685,2878.764705882353,-0.0011187733161932556,4099.259175121784,0.4258247487596236,9.943802880000002e-06,0.81434214,3.764705882352941,0.35294117647058826,0.23529411764705882,0.11764705882352941,0.29411764705882354,,,,,
37,151552,51,36596.904491921305,23664.372863418208,6.2745098039215685,2878.764705882353,-0.0005608322244370356,4452.206034421921,0.4139215321629308,9.942197248000001e-06,0.95537126,3.764705882352941,0.35294117647058826,0.23529411764705882,0.11764705882352941,0.29411764705882354,,,,,
38,155648,53,36922.773398309284,23848.35114295056,6.245283018867925,2922.5849056603774,-0.000835223278045305,5808.171267271042,0.4213171657756902,9.940591616000001e-06,0.9045934,3.6792452830188678,0.3584905660377358,0.24528301886792453,0.11320754716981132,0.2830188679245283,,,,,
39,159744,53,36922.773398309284,23848.35114295056,6.245283018867925,2922.5849056603774,-0.000658964865579037,4863.451285481453,0.38742657599505037,9.938985984000001e-06,0.991011,3.6792452830188678,0.3584905660377358,0.24528301886792453,0.11320754716981132,0.2830188679245283,,,,,
40,163840,56,36830.943621738224,23784.136296681703,6.25,2897.964285714286,-0.001056718083418673,5208.911625862122,0.3865232803800609,9.937380352e-06,0.96374416,3.7142857142857144,0.3392857142857143,0.23214285714285715,0.16071428571428573,0.26785714285714285,,,,,
41,167936,57,37994.30776776646,24552.879884285554,6.333333333333333,2942.280701754386,-0.0004123677981624496,23176.972209453583,0.3572464837343432,9.93577472e-06,0.97600806,3.754385964912281,0.3333333333333333,0.22807017543859648,0.15789473684210525,0.2807017543859649,,,,,
42,172032,58,37630.109932809864,24332.710637817432,6.362068965517241,2910.0,-0.00033342950518999714,9713.587198376656,0.41324839525623247,9.934169088e-06,0.93764573,3.810344827586207,0.3275862068965517,0.22413793103448276,0.15517241379310345,0.29310344827586204,,,,,
43,176128,59,37650.186034563674,24327.139131974694,6.338983050847458,2924.508474576271,-0.0008985609811134054,6893.856723189354,0.4191764190327376,9.932563456e-06,0.9580677,3.76271186440678,0.3389830508474576,0.22033898305084745,0.15254237288135594,0.288135593220339,,,,,
44,180224,60,37766.69144808126,24383.087076360294,6.333333333333333,2936.9333333333334,-0.0005680120975739555,7113.393535733223,0.3617275597935077,9.930957824000001e-06,0.92538255,3.75,0.3333333333333333,0.23333333333333334,0.15,0.2833333333333333,,,,,
45,184320,62,37691.863415779204,24312.663907298273,6.274193548387097,2952.4193548387098,-0.0009975720804504817,4261.678832292557,0.38878045754972845,9.929352192000001e-06,0.5803069,3.6774193548387095,0.3387096774193548,0.24193548387096775,0.14516129032258066,0.27419354838709675,,,,,
46,188416,63,37757.73307619841,24333.50710480775,6.253968253968254,2969.6349206349205,-0.001266110666165332,2637.187372326851,0.36195054356358014,9.927746560000001e-06,0.9542595,3.634920634920635,0.3492063492063492,0.23809523809523808,0.14285714285714285,0.2698412698412698,,,,,
47,192512,63,37757.73307619841,24333.50710480775,6.253968253968254,2969.6349206349205,-0.0010247112604702124,4988.568832397461,0.38497470479342155,9.926140928e-06,0.96676093,3.634920634920635,0.3492063492063492,0.23809523809523808,0.14285714285714285,0.2698412698412698,,,,,
48,196608,64,38313.162177895894,24649.005922447985,6.265625,3016.0625,-0.0006884858103148872,4847.872708201408,0.373415441630641,9.924535296e-06,0.97068006,3.59375,0.359375,0.234375,0.140625,0.265625,,,,,
49,200704,67,37941.533780209335,24458.715316017006,6.3283582089552235,2980.313432835821,-0.00035243292040831875,42431.69018125534,0.3509232673677616,9.922929664e-06,0.97275907,3.6865671641791047,0.3582089552238806,0.22388059701492538,0.13432835820895522,0.2835820895522388,,,,,
50,204800,68,38602.55770547645,24900.112169386266,6.382352941176471,3007.3970588235293,-0.0004852648271480575,8651.71044933796,0.34105415327940136,9.921324032e-06,0.9805891,3.7205882352941178,0.35294117647058826,0.22058823529411764,0.1323529411764706,0.29411764705882354,36793.03252602506,23628.546985093846,7.033333333333333,2770.3333333333335,0.16666666666666666
51,208896,70,37866.60746397771,24416.081031154896,6.3428571428571425,2967.385714285714,-0.0009770382694114232,7485.165110647678,0.412378869834356,9.919718400000002e-06,0.91772425,3.7285714285714286,0.35714285714285715,0.21428571428571427,0.12857142857142856,0.3,,,,,
52,212992,72,37400.17186246057,24117.344286093314,6.375,2927.4583333333335,-0.0012194667069707066,3606.1353241205215,0.38116926251677796,9.918112768000001e-06,0.91549164,3.8055555555555554,0.3472222222222222,0.20833333333333334,0.1388888888888889,0.3055555555555556,,,,,
53,217088,75,36842.27968282346,23772.4061549699,6.373333333333333,2893.4666666666667,-0.0005085416214569705,9655.93837761879,0.37850972611340694,9.916507136000001e-06,0.9606926,3.84,0.3466666666666667,0.2,0.13333333333333333,0.32,,,,,
54,221184,76,36422.874561438264,23498.05292640893,6.421052631578948,2861.9736842105262,-0.00045149848665460013,4372.1603791713715,0.4039906322141178,9.914901504000001e-06,0.96445864,3.9210526315789473,0.34210526315789475,0.19736842105263158,0.13157894736842105,0.32894736842105265,,,,,
55,225280,77,36721.74711062471,23674.24731302264,6.415584415584416,2893.181818181818,-0.0016554892054045922,4419.788363993168,0.4470047692884691,9.913295872e-06,0.9377438,3.883116883116883,0.35064935064935066,0.19480519480519481,0.12987012987012986,0.3246753246753247,,,,,
56,229376,77,36721.74711062471,23674.24731302264,6.415584415584416,2893.181818181818,-0.0005893585284866276,7609.691146850586,0.38614345600944944,9.91169024e-06,0.9801737,3.883116883116883,0.35064935064935066,0.19480519480519481,0.12987012987012986,0.3246753246753247,,,,,
57,233472,78,38022.07397053264,24465.401494487644,6.461538461538462,2973.846153846154,-0.0006284735172812361,7813.465105295181,0.39350606728112325,9.910084608e-06,0.9875905,3.8461538461538463,0.358974358974359,0.19230769230769232,0.1282051282051282,0.32051282051282054,,,,,
58,237568,79,38580.61700266287,24842.24595295261,6.506329113924051,2997.974683544304,-0.00041826535016298294,9335.94738483429,0.36125483163050376,9.908478976e-06,0.9829539,3.8734177215189876,0.35443037974683544,0.189873417721519,0.12658227848101267,0.3291139240506329,,,,,
59,241664,83,37144.42016652444,23892.971500169973,6.445783132530121,2896.6385542168673,-0.0008172641773853684,2735.770661532879,0.3941691778891254,9.906873344000002e-06,0.9240359,3.9156626506024095,0.3373493975903614,0.20481927710843373,0.13253012048192772,0.3253012048192771,,,,,
60,245760,85,36815.00659100633,23683.512769838944,6.3882352941176475,2887.0470588235294,-0.0007761106180623756,3746.209006726742,0.4205497428192757,9.905267712000001e-06,0.9229487,3.8705882352941177,0.3411764705882353,0.21176470588235294,0.12941176470588237,0.3176470588235294,,,,,
61,249856,87,36229.67696735578,23296.7979212025,6.425287356321839,2839.7241379310344,-0.0006339448682410875,3967.598383486271,0.3702226083842106,9.903662080000001e-06,0.9736258,3.954022988505747,0.3333333333333333,0.20689655172413793,0.12643678160919541,0.3333333333333333,,,,,
62,253952,88,36633.02020767334,23533.99540130291,6.431818181818182,2871.409090909091,-0.0012169101132712967,4114.239302098751,0.3864421729231253,9.902056448000001e-06,0.9721495,3.9204545454545454,0.3409090909090909,0.20454545454545456,0.125,0.32954545454545453,,,,,
63,258048,90,36085.63630545978,23170.55682207328,6.344444444444444,2840.222222222222,-0.0008226537247537635,8248.413055896759,0.4797612656839192,9.900450816e-06,0.97133785,3.8666666666666667,0.34444444444444444,0.2111111111111111,0.12222222222222222,0.32222222222222224,,,,,
64,262144,92,36061.99276284013,23147.956466818625,6.326086956521739,2833.467391304348,-0.0004889779602308408,5442.432726740837,0.40567430964438245,9.898845184e-06,0.97590333,3.858695652173913,0.34782608695652173,0.20652173913043478,0.11956521739130435,0.32608695652173914,,,,,
65,266240,94,35634.94216977715,22881.143178946473,6.361702127659575,2800.095744680851,-0.0007561512729807873,6537.50081205368,0.4134080079384148,9.897239552e-06,0.9361407,3.9361702127659575,0.3404255319148936,0.20212765957446807,0.11702127659574468,0.3404255319148936,,,,,
66,270336,95,35895.43725096259,23038.645278370845,6.368421052631579,2818.915789473684,-0.00041137732387142023,49983.39417028427,0.38207283944939263,9.89563392e-06,0.9629934,3.9263157894736844,0.3368421052631579,0.21052631578947367,0.11578947368421053,0.3368421052631579,,,,,
67,274432,96,36072.13447374689,23183.716324672598,6.427083333333333,2818.59375,-0.0005153954052730114,5311.857291400433,0.3957153950468637,9.894028288000001e-06,0.9815092,3.9895833333333335,0.3333333333333333,0.20833333333333334,0.11458333333333333,0.34375,,,,,
68,278528,97,36685.49492723075,23574.214375805623,6.453608247422681,2854.9896907216494,-0.0008830336955725215,13468.086068868637,0.42617296206299216,9.892422656000001e-06,0.97375256,3.979381443298969,0.32989690721649484,0.21649484536082475,0.1134020618556701,0.3402061855670103,,,,,
69,282624,98,37086.48185223728,23831.96273118847,6.5,2867.0510204081634,-0.0004907969005216728,15430.996672391891,0.3347505551937502,9.890817024000001e-06,0.97533995,4.020408163265306,0.32653061224489793,0.21428571428571427,0.11224489795918367,0.3469387755102041,,,,,
70,286720,100,36706.13434313612,23565.77345209684,6.48,2847.95,-0.001456252321077045,1565.4861856997013,0.4099806715385057,9.889211392e-06,0.9489678,4.02,0.33,0.21,0.11,0.35,,,,,
71,290816,101,36909.15351350108,23688.871081543748,6.49,2866.25,-0.0006172381818032591,5736.2567266225815,0.40707969167851843,9.88760576e-06,0.86655587,4.01,0.34,0.2,0.11,0.35,,,,,
72,294912,102,36433.15205736525,23388.256215930305,6.46,2839.37,-0.001586485733241716,4745.71182179451,0.4091586902504787,9.886000128e-06,0.96060914,4.01,0.34,0.2,0.11,0.35,,,,,
73,299008,104,36523.244144970646,23422.746821550572,6.44,2857.4,-0.0009312853990195435,2427.483280926943,0.46020057308487594,9.884394496e-06,0.89886874,3.97,0.36,0.19,0.1,0.35,,,,,
74,303104,105,36566.35933000733,23420.540233089552,6.43,2857.2,-0.0007102313511495595,2109.4314180016518,0.4066608347930014,9.882788864000002e-06,0.97113484,3.96,0.36,0.19,0.1,0.35,,,,,
75,307200,105,36566.35933000733,23420.540233089552,6.43,2857.2,-0.0005403957857197383,8121.067114710808,0.3380602848774288,9.881183232000001e-06,0.9809111,3.96,0.36,0.19,0.1,0.35,35752.485374033575,23242.171538882405,6.866666666666666,2671.9,0.03333333333333333
76,311296,107,37092.492430715945,23736.588227630433,6.46,2882.39,-0.0009859041392701329,8742.835151076317,0.3855723155720625,9.879577600000001e-06,0.9763354,3.97,0.36,0.18,0.11,0.35,,,,,
77,315392,109,37617.952997386725,24096.780351505466,6.51,2913.07,-0.0007413472330881632,3631.7992047071457,0.36781601174152456,9.877971968000001e-06,0.9597862,4.0,0.35,0.19,0.1,0.36,,,,,
78,319488,110,37753.277358984415,24188.073148982316,6.57,2915.16,-0.0005977012106086477,10993.247878909111,0.3684498217771761,9.876366336e-06,0.9523705,4.06,0.34,0.19,0.1,0.37,,,,,
79,323584,110,37753.277358984415,24188.073148982316,6.57,2915.16,-0.0013519773401640123,6185.31034964323,0.3571561466669664,9.874760704e-06,0.9779388,4.06,0.34,0.19,0.1,0.37,,,,,
80,327680,113,37843.366869191326,24207.499892403557,6.59,2913.96,-0.0011865353035318549,6751.54137969017,0.3882689274614677,9.873155072e-06,0.9651315,4.08,0.34,0.19,0.09,0.38,,,,,
81,331776,113,37843.366869191326,24207.499892403557,6.59,2913.96,-0.0013511058532458264,3260.9726905226707,0.37538743499317206,9.87154944e-06,0.97575325,4.08,0.34,0.19,0.09,0.38,,,,,
82,335872,114,38104.43532933544,24346.72309957493,6.57,2941.47,-0.000790834362305759,3947.512933254242,0.39875633362680674,9.869943808000002e-06,0.9528567,4.02,0.35,0.19,0.09,0.37,,,,,
83,339968,116,37836.79352307125,24212.555764068573,6.59,2908.16,-0.0004314476955187274,15065.982135772705,0.3861513430601917,9.868338176000001e-06,0.9728485,4.07,0.35,0.18,0.09,0.38,,,,,
84,344064,116,37836.79352307125,24212.555764068573,6.59,2908.16,-0.0008949321636464447,3477.371795654297,0.43674817244755104,9.866732544000001e-06,0.9407227,4.07,0.35,0.18,0.09,0.38,,,,,
85,348160,117,37614.598390354215,24042.66267543256,6.54,2911.91,-0.00042208949798805406,11238.524970650673,0.40430472715524957,9.865126912000001e-06,0.7420714,4.01,0.36,0.18,0.09,0.37,,,,,
86,352256,118,38235.658193573196,24431.788616569036,6.58,2957.18,-0.0010828535869222833,5490.750748753548,0.41086210374487564,9.86352128e-06,0.9692456,4.0,0.37,0.17,0.09,0.37,,,,,
87,356352,122,37888.11636404244,24209.348684355078,6.64,2936.06,-0.0004912583499390166,19250.92237317562,0.3995477488497272,9.861915648e-06,0.9466811,4.08,0.36,0.17,0.09,0.38,,,,,
88,360448,123,37465.78411864145,23947.76069056732,6.62,2900.36,-0.0007574361516162753,2573.0644005537033,0.32517038338119164,9.860310016e-06,0.9658026,4.1,0.35,0.18,0.09,0.38,,,,,
89,364544,123,37465.78411864145,23947.76069056732,6.62,2900.36,-0.0006968305269765551,6766.327924489975,0.3661427870101761,9.858704384e-06,0.9865145,4.1,0.35,0.18,0.09,0.38,,,,,
90,368640,125,37635.96937901349,24004.390924004838,6.59,2928.37,-0.001249661140718672,50770.38649511337,0.404858268389944,9.857098752000001e-06,0.9668317,4.03,0.36,0.18,0.09,0.37,,,,,
91,372736,125,37635.96937901349,24004.390924004838,6.59,2928.37,-0.00052568562750821,11812.977474808693,0.3528267225192394,9.855493120000001e-06,0.98273844,4.03,0.36,0.18,0.09,0.37,,,,,
92,376832,126,38675.30974829844,24688.889607488112,6.66,2971.44,-0.00040441395594825735,37114.129132032394,0.38933557318523526,9.853887488000001e-06,0.9791926,4.07,0.36,0.17,0.09,0.38,,,,,
93,380928,126,38675.30974829844,24688.889607488112,6.66,2971.44,-0.00030024008356122067,12242.390268683434,0.4218137192656286,9.852281856e-06,0.9807869,4.07,0.36,0.17,0.09,0.38,,,,,
94,385024,127,39790.01270732738,25379.403365826598,6.68,3024.81,-0.0003846483705274295,91085.89107847214,0.40984574673348106,9.850676224e-06,0.9726315,4.04,0.36,0.17,0.1,0.37,,,,,
95,389120,128,39775.56467587437,25394.655944384373,6.72,3009.58,-0.0007695486983720912,9895.694133758545,0.4067626278847456,9.849070592e-06,0.97171587,4.1,0.35,0.17,0.1,0.38,,,,,
96,393216,131,39419.50502620519,25162.620501350142,6.75,2971.21,-0.0009420896876690676,2896.268149971962,0.43034192110644653,9.84746496e-06,0.9759321,4.17,0.33,0.18,0.1,0.39,,,,,
97,397312,133,39404.13996987829,25183.317334016814,6.77,2960.53,-0.0007548494995717192,9249.431170582771,0.3805190992716234,9.845859328000002e-06,0.9725744,4.21,0.32,0.18,0.11,0.39,,,,,
98,401408,135,38199.32747516326,24368.512418824328,6.6,2929.01,-0.001619071116692794,3111.2820726037025,0.3890719801711384,9.844253696000001e-06,0.9085691,4.05,0.34,0.18,0.11,0.37,,,,,
99,405504,135,38199.32747516326,24368.512418824328,6.6,2929.01,-0.0005837240032633417,3106.718476474285,0.37795825678040273,9.842648064000001e-06,0.98356706,4.05,0.34,0.18,0.11,0.37,,,,,
100,409600,138,38585.17656820452,24621.1346333644,6.7,2939.26,-0.00056936871533253,10982.321430802345,0.3792363946849946,9.841042432000001e-06,0.9007725,4.16,0.33,0.17,0.11,0.39,36116.33269385067,23403.09112244972,7.033333333333333,2811.6666666666665,0.0
101,413696,139,38592.245982465116,24632.477145400466,6.73,2932.68,-0.0007705014777457109,24389.8000600338,0.3652554460859392,9.8394368e-06,0.97247934,4.2,0.32,0.17,0.12,0.39,,,,,
102,417792,141,37350.63955393375,23878.567579364717,6.7,2846.3,-0.0014189620251272572,3568.329301714897,0.4343772556167096,9.837831168e-06,0.8373469,4.27,0.31,0.17,0.12,0.4,,,,,
103,421888,142,37504.3783809656,23966.914027569746,6.68,2863.14,-0.0005531610404432286,5642.226243138313,0.3599164643092081,9.836225536e-06,0.98692024,4.23,0.32,0.17,0.11,0.4,,,,,
104,425984,145,37868.09140109772,24223.005956772162,6.74,2857.83,-0.0006000900639264728,12609.159513235092,0.40513512113830075,9.834619904e-06,0.95821905,4.3,0.3,0.17,0.12,0.41,,,,,
105,430080,147,38139.63486322007,24381.64043931468,6.72,2868.8,-0.0006472241093433695,11493.984877586365,0.3413224203395657,9.833014272000002e-06,0.9712802,4.26,0.31,0.16,0.12,0.41,,,,,
106,434176,149,38308.416180681845,24483.78978643273,6.67,2884.51,-0.0006351898164211889,5978.496359050274,0.43305853730998933,9.831408640000001e-06,0.87880063,4.19,0.31,0.17,0.12,0.4,,,,,
107,438272,151,38574.49334124281,24646.660470065995,6.68,2906.84,-0.000452910677267937,4728.99517005682,0.4340537888056133,9.829803008000001e-06,0.9429039,4.17,0.32,0.16,0.12,0.4,,,,,
108,442368,152,38234.290845825686,24447.063789310796,6.67,2877.35,-0.0007776615393595421,6885.411010861397,0.415543713606894,9.828197376e-06,0.9347096,4.19,0.31,0.17,0.12,0.4,,,,,
109,446464,154,37696.49049652514,24073.171677869548,6.62,2855.16,-0.000722804463293869,2901.964307785034,0.4456946327118203,9.826591744e-06,0.96119004,4.16,0.32,0.17,0.11,0.4,,,,,
110,450560,158,36921.46576940775,23578.118405926736,6.61,2817.23,-0.0005533716139325406,22671.491776823997,0.37237161802477203,9.824986112e-06,0.9465877,4.19,0.32,0.17,0.11,0.4,,,,,
111,454656,161,35987.65346222853,23020.976626170144,6.61,2737.48,-0.0015417882973451924,10621.61620938778,0.43351325194817036,9.82338048e-06,0.9033518,4.27,0.32,0.15,0.12,0.41,,,,,
112,458752,163,35656.66964775221,22828.932418824243,6.61,2703.19,-0.0012099774939997587,3066.367501080036,0.38058602187084034,9.821774848000002e-06,0.93703276,4.31,0.31,0.15,0.13,0.41,,,,,
113,462848,164,35495.951384414875,22729.757626258302,6.6,2693.78,-0.0005819666166644311,1885.9025583267212,0.3335622466984205,9.820169216000001e-06,0.97991264,4.31,0.31,0.15,0.13,0.41,,,,,
114,466944,166,34843.6804090519,22288.654402017255,6.52,2660.97,-0.0011251831492700148,2780.9438309669495,0.3692172927549109,9.818563584000001e-06,0.8742683,4.27,0.31,0.15,0.13,0.41,,,,,
115,471040,168,34464.25166293782,22006.59230278105,6.45,2655.12,-0.00224999670717807,8238.81328946352,0.4029754942166619,9.816957952000001e-06,0.7222812,4.2,0.32,0.15,0.14,0.39,,,,,
116,475136,169,34948.88209159081,22309.95146532383,6.44,2694.65,-0.001083563371139462,2601.631635606289,0.38431707603740506,9.81535232e-06,0.9734179,4.14,0.33,0.15,0.14,0.38,,,,,
117,479232,170,35292.64568690348,22509.75515616848,6.47,2713.93,-0.0005979641155136051,3461.543581366539,0.3537120419787243,9.813746688e-06,0.97737175,4.15,0.32,0.16,0.14,0.38,,,,,
118,483328,172,35601.45124335735,22728.54969483107,6.51,2720.48,-0.00023516079090768471,55083.64130830765,0.33706215099664405,9.812141056e-06,0.96639454,4.18,0.32,0.16,0.13,0.39,,,,,
119,487424,174,35439.63656536522,22623.819973046488,6.49,2705.94,-0.0011861209222843172,2725.0259252786636,0.40929602965479717,9.810535424e-06,0.94442105,4.18,0.32,0.16,0.13,0.39,,,,,
120,491520,176,35523.55212765931,22638.273838656456,6.41,2718.04,-0.0013994385262776632,1280.4844809174538,0.4010377438971773,9.808929792000002e-06,0.9878712,4.08,0.32,0.17,0.14,0.37,,,,,
121,495616,177,35410.32877305252,22575.621515625873,6.41,2706.62,-0.0008667489455547184,6168.966012835503,0.4072820345754735,9.807324160000001e-06,0.953083,4.09,0.31,0.18,0.14,0.37,,,,,
122,499712,178,34737.74813810324,22166.560782282533,6.38,2671.79,-0.00070156189485715,4668.821695804596,0.39243429811904207,9.805718528000001e-06,0.9715022,4.09,0.31,0.18,0.14,0.37,,,,,
123,503808,181,34130.91105335793,21818.910184890585,6.44,2639.01,-0.0005777819142167573,20546.704766511917,0.4441285585053265,9.804112896000001e-06,0.9362342,4.19,0.31,0.17,0.14,0.38,,,,,
124,507904,182,34698.94410527224,22190.823431033394,6.42,2673.91,-0.0010993873738698312,9870.729208827019,0.3912225435487926,9.802507264e-06,0.94063723,4.13,0.31,0.17,0.15,0.37,,,,,
125,512000,184,34769.349701646264,22274.869166321816,6.49,2671.92,-0.000756758738134522,22885.608753204346,0.3872897967521567,9.800901632e-06,0.92325944,4.2,0.31,0.16,0.15,0.38,39219.29383414319,25326.69123736903,7.033333333333333,2767.266666666667,0.13333333333333333
126,516096,185,34750.47135225646,22258.280588375437,6.5,2668.42,-0.0006394510237441864,2686.605128288269,0.4344507732312195,9.799296e-06,0.95947933,4.21,0.31,0.15,0.16,0.38,,,,,
127,520192,185,34750.47135225646,22258.280588375437,6.5,2668.42,-0.0007133268818506622,5315.852851033211,0.3663882329419721,9.797690368e-06,0.985963,4.21,0.31,0.15,0.16,0.38,,,,,
128,524288,187,36255.53429999176,23204.666964860466,6.51,2767.96,-0.0007015323717496358,12016.21003127098,0.4053490499500185,9.796084736000001e-06,0.9669108,4.12,0.32,0.15,0.17,0.36,,,,,
129,528384,188,36376.19937808965,23318.742974605168,6.55,2753.84,-0.001131258900386456,33038.92499423027,0.38655005441978574,9.794479104000001e-06,0.95127666,4.18,0.31,0.15,0.17,0.37,,,,,
130,532480,190,36599.087183705386,23516.346028133725,6.66,2762.9,-0.00029016632925049635,46241.49014759064,0.45524412865052,9.792873472000001e-06,0.79310846,4.29,0.3,0.14,0.17,0.39,,,,,
131,536576,192,36292.93399492629,23314.09854268215,6.61,2757.88,-0.00041920828334696125,4365.361266374588,0.37234434770653024,9.79126784e-06,0.9191623,4.24,0.31,0.14,0.17,0.38,,,,,
132,540672,192,36292.93399492629,23314.09854268215,6.61,2757.88,-0.0006802951411373215,7494.31323993206,0.37977547832997516,9.789662208e-06,0.95564985,4.24,0.31,0.14,0.17,0.38,,,,,
133,544768,194,36705.1405481132,23566.53543717697,6.6,2793.43,-0.00025189501047861995,15539.69884300232,0.3665878871688619,9.788056576e-06,0.82689726,4.19,0.31,0.15,0.17,0.37,,,,,
134,548864,195,36536.03552401815,23464.121807875432,6.58,2790.35,-0.0007819619168003555,7983.954168319702,0.4261424667784013,9.786450944e-06,0.88153356,4.17,0.32,0.14,0.17,0.37,,,,,
135,552960,200,34323.418676086265,22043.052735050158,6.38,2671.59,-0.000789104057730583,3995.380093753338,0.41580928914481774,9.784845312e-06,0.8449888,4.08,0.32,0.15,0.17,0.36,,,,,
136,557056,200,34323.418676086265,22043.052735050158,6.38,2671.59,-0.0004809657639270881,6149.415057897568,0.3885080293111969,9.783239680000001e-06,0.9405875,4.08,0.32,0.15,0.17,0.36,,,,,
137,561152,201,34873.37857316673,22392.195278991785,6.41,2706.49,-0.0009549313053867081,12654.130237102509,0.3465987053059507,9.781634048000001e-06,0.9540775,4.08,0.32,0.15,0.17,0.36,,,,,
138,565248,203,34790.07567290718,22375.093090136408,6.44,2689.24,-0.00022486775378638413,6419.914264500141,0.3741305490548257,9.780028416000001e-06,0.9454355,4.14,0.31,0.15,0.17,0.37,,,,,
139,569344,203,34790.07567290718,22375.093090136408,6.44,2689.24,-0.0007817398545739707,4715.290460705757,0.3808524031774141,9.778422784e-06,0.9831256,4.14,0.31,0.15,0.17,0.37,,,,,
140,573440,204,35289.305003114074,22688.204833930304,6.48,2712.02,-0.0007497761780541623,5396.511633515358,0.34681409189943224,9.776817152e-06,0.9617808,4.16,0.3,0.16,0.17,0.37,,,,,
141,577536,206,35027.72209819119,22536.00368374094,6.42,2697.09,-0.0003689673967528506,8553.128568708897,0.41459825326455757,9.77521152e-06,0.96936786,4.12,0.29,0.18,0.17,0.36,,,,,
142,581632,207,35197.1946564367,22632.641054565764,6.41,2716.78,-0.00052552914894477,5644.8178627491,0.4282076856470667,9.773605888e-06,0.96872175,4.09,0.3,0.18,0.16,0.36,,,,,
143,585728,208,35284.43217534942,22685.50119560265,6.41,2720.8,-0.0003353685979163856,11479.44083249569,0.41423403384396806,9.772000256000002e-06,0.9737576,4.08,0.3,0.18,0.17,0.35,,,,,
144,589824,210,35308.782364912455,22719.4345609351,6.41,2718.31,-0.001186829971629777,6916.88671374321,0.3496709996543359,9.770394624000001e-06,0.972178,4.08,0.3,0.18,0.17,0.35,,,,,
145,593920,213,34553.10545293946,22301.28644627158,6.45,2657.05,-0.0019456992617961077,9618.05538225174,0.4516445138142444,9.768788992000001e-06,0.9614252,4.19,0.29,0.17,0.17,0.37,,,,,
146,598016,214,34054.923836397546,21986.74100239793,6.41,2624.73,-0.0008796746969892411,5069.414212226868,0.4084709500311874,9.767183360000001e-06,0.88848174,4.19,0.29,0.17,0.17,0.37,,,,,
147,602112,217,33192.113667455145,21452.212760589275,6.35,2572.25,-0.0006364622950059129,11208.014151573181,0.4452154203900136,9.765577728e-06,0.88411194,4.19,0.28,0.17,0.19,0.36,,,,,
148,606208,217,33192.113667455145,21452.212760589275,6.35,2572.25,-0.00207017126831488,2572.010520339012,0.3614968971523922,9.763972096e-06,0.97085524,4.19,0.28,0.17,0.19,0.36,,,,,
149,610304,218,33786.41823040278,21834.948357796366,6.38,2601.31,-0.00039413657532350044,12237.04399561882,0.3601249548373744,9.762366464e-06,0.97770435,4.19,0.28,0.17,0.19,0.36,,,,,
150,614400,219,33708.20189544632,21789.623604885175,6.38,2592.98,-0.0020582948354785913,3119.21333193779,0.4317450797534548,9.760760832e-06,0.9430282,4.2,0.28,0.17,0.19,0.36,41816.0728998001,26839.037257503503,7.233333333333333,2952.1,0.13333333333333333
151,618496,222,34021.52402499309,21947.6548464563,6.31,2620.38,-0.0021646720033459133,4982.248591125011,0.39748289066483267,9.759155200000001e-06,0.96834993,4.1,0.28,0.18,0.2,0.34,,,,,
152,622592,223,34115.92083500001,22011.507839290505,6.31,2631.54,-0.0011905261562787928,4829.831128835678,0.4386925821308978,9.757549568000001e-06,0.8153779,4.09,0.28,0.18,0.2,0.34,,,,,
153,626688,226,31715.674954016347,20470.227384387563,6.17,2505.17,-0.0008473667148791719,7446.068356394768,0.4275801915791817,9.755943936000001e-06,0.94521147,4.07,0.28,0.18,0.2,0.34,,,,,
154,630784,227,30548.318073033435,19707.194499368692,6.13,2452.66,-0.0013918114855187014,5025.338095068932,0.41684405063278973,9.754338304e-06,0.9686617,4.08,0.28,0.18,0.19,0.35,,,,,
155,634880,230,30380.953256648478,19644.22802717047,6.14,2444.71,-0.0006551111328008119,12698.17867898941,0.4350954910623841,9.752732672e-06,0.96324366,4.1,0.29,0.17,0.19,0.35,,,,,
156,638976,234,29660.600288983216,19205.987620327884,6.1,2399.11,-0.0010259935679641785,6986.305090487003,0.4402862642891705,9.75112704e-06,0.8948748,4.11,0.28,0.19,0.18,0.35,,,,,
157,643072,235,29660.525106418267,19207.245892151823,6.1,2399.9,-0.0013301094713824568,6098.12025642395,0.40093269041972235,9.749521408e-06,0.96824384,4.11,0.28,0.19,0.18,0.35,,,,,
158,647168,237,29379.181033168737,19070.174520868048,6.08,2380.63,-0.0008151794736477314,7702.9444460868835,0.4183431805577129,9.747915776000002e-06,0.9688492,4.1,0.28,0.19,0.18,0.35,,,,,
159,651264,237,29379.181033168737,19070.174520868048,6.08,2380.63,-0.0003063269741687691,7966.649589776993,0.36987162081641145,9.746310144000001e-06,0.9830625,4.1,0.28,0.19,0.18,0.35,,,,,
160,655360,239,30201.39055746436,19592.77145810381,6.09,2430.25,-0.0010885853043873794,3240.6221558451653,0.4043812644085847,9.744704512000001e-06,0.98318636,4.05,0.28,0.21,0.17,0.34,,,,,
161,659456,240,30037.46097475334,19461.06833767513,6.04,2439.95,-0.0007264514479174977,3771.477821648121,0.37666464343783446,9.743098880000001e-06,0.9669076,3.98,0.29,0.21,0.17,0.33,,,,,
162,663552,240,30037.46097475334,19461.06833767513,6.04,2439.95,-0.0011259094171691686,2392.523781776428,0.36281654951744713,9.741493248e-06,0.9691259,3.98,0.29,0.21,0.17,0.33,,,,,
163,667648,242,30656.015940043813,19869.638817583807,6.14,2475.43,-0.0015210611254588002,9516.760764956474,0.3991392358439043,9.739887616e-06,0.97924626,4.04,0.29,0.2,0.17,0.34,,,,,
164,671744,243,30572.817365317536,19786.943895364682,6.14,2468.32,-0.0005817958945044666,6287.7532024383545,0.35159995322464965,9.738281984e-06,0.9816971,4.05,0.29,0.2,0.17,0.34,,,,,
165,675840,244,30976.275318886896,20034.03109835693,6.13,2506.34,-0.0014883942239976022,2708.731120109558,0.37217895349022,9.736676352e-06,0.9743655,4.0,0.3,0.2,0.17,0.33,,,,,
166,679936,246,30776.414303661884,19893.821416030176,6.12,2515.29,-0.0007122344213712495,4692.045109033585,0.453975171840284,9.735070720000002e-06,0.9309733,3.98,0.31,0.2,0.17,0.32,,,,,
167,684032,247,31057.104085471397,20085.46315262375,6.18,2527.99,-0.0013434691154543543,7226.7284616827965,0.3770301725307945,9.733465088000001e-06,0.97770476,4.03,0.3,0.2,0.17,0.33,,,,,
168,688128,248,31307.455013729268,20228.117371234806,6.19,2550.25,-0.0018353659697822877,2792.982627481222,0.38919662265107036,9.731859456000001e-06,0.96787566,4.02,0.31,0.19,0.17,0.33,,,,,
169,692224,249,31859.997361968566,20554.647074872213,6.17,2595.22,-0.000664890027110232,3739.523822724819,0.39463529677595943,9.730253824000001e-06,0.9754087,3.95,0.32,0.19,0.17,0.32,,,,,
170,696320,249,31859.997361968566,20554.647074872213,6.17,2595.22,-0.000362351007424877,13750.57876086235,0.4182893635588698,9.728648192e-06,0.9635835,3.95,0.32,0.19,0.17,0.32,,,,,
171,700416,251,32258.957970526968,20812.836292607728,6.22,2610.45,-0.0005541755281228689,3128.300856411457,0.40159046539338306,9.72704256e-06,0.9479353,3.99,0.3,0.2,0.18,0.32,,,,,
172,704512,252,32591.675330219474,21007.643308029274,6.23,2638.35,-0.0010751528661785414,3011.6151985526085,0.32686888313037343,9.725436928e-06,0.9654603,3.97,0.31,0.19,0.18,0.32,,,,,
173,708608,253,32606.712423755373,21026.18504945572,6.23,2642.36,-0.0013256920410640305,4618.997551321983,0.33971920900512487,9.723831296e-06,0.9137319,3.97,0.31,0.19,0.18,0.32,,,,,
174,712704,254,32560.63973388585,21004.58510666771,6.24,2637.48,-0.001591729933352326,12429.264521837234,0.40846856049029157,9.722225664000001e-06,0.6992842,3.99,0.31,0.18,0.19,0.32,,,,,
175,716800,256,33111.821552407026,21311.544847433044,6.21,2688.37,-0.000710197071384755,4885.666279494762,0.38670213549630716,9.720620032000001e-06,0.94804114,3.91,0.32,0.18,0.18,0.32,35708.82797232892,23144.927451105912,6.8,2562.0666666666666,0.13333333333333333
176,720896,258,33028.19173885343,21256.63480792305,6.14,2697.37,-0.0016912638493522536,2106.149317383766,0.45072601770516485,9.719014400000001e-06,0.89389706,3.83,0.34,0.18,0.17,0.31,,,,,
177,724992,260,33153.68060009142,21323.866235598583,6.15,2699.13,-0.001381677442623186,4884.026335120201,0.3996654186048545,9.717408768e-06,0.97627085,3.84,0.33,0.18,0.18,0.31,,,,,
178,729088,262,33319.28077131732,21436.43575451089,6.2,2717.12,-0.00035153242151864106,8890.776757240295,0.39744222041917965,9.715803136e-06,0.93803847,3.86,0.34,0.18,0.16,0.32,,,,,
179,733184,264,33051.08234211185,21283.37061914755,6.23,2690.96,-0.001523636778074433,1551.5887088179588,0.4197077769204043,9.714197504e-06,0.9573595,3.92,0.33,0.18,0.16,0.33,,,,,
180,737280,265,33500.016889253035,21557.861125658528,6.23,2724.93,-0.0016143331904459046,3011.092181265354,0.4266970941098407,9.712591872e-06,0.9759308,3.88,0.33,0.19,0.16,0.32,,,,,
181,741376,266,34069.29764831382,21939.655653108905,6.29,2751.85,-0.0020900949366478017,13841.604995965958,0.38213367862044834,9.710986240000002e-06,0.96215737,3.92,0.32,0.19,0.17,0.32,,,,,
182,745472,267,34120.804678885084,21985.261442324583,6.3,2750.14,-0.000344378080626484,6489.021316587925,0.3943978105089627,9.709380608000001e-06,0.97167903,3.93,0.31,0.2,0.17,0.32,,,,,
183,749568,269,33918.98558125752,21866.228132983088,6.34,2725.38,-0.001210200829518726,2482.406136393547,0.3998305017594248,9.707774976000001e-06,0.94261336,4.0,0.3,0.2,0.17,0.33,,,,,
184,753664,269,33918.98558125752,21866.228132983088,6.34,2725.38,-0.0008247006617239094,3972.906178802252,0.3447565722744912,9.706169344000001e-06,0.98474693,4.0,0.3,0.2,0.17,0.33,,,,,
185,757760,271,33937.040361175634,21887.913828628218,6.33,2743.04,-0.0003851517499242618,18229.18472456932,0.37553115270566195,9.704563712e-06,0.942382,3.98,0.31,0.19,0.17,0.33,,,,,
186,761856,272,34192.74678405828,22035.966795132983,6.3,2768.31,-0.0010206068327534012,2131.999006807804,0.4465178073151037,9.70295808e-06,0.9604549,3.92,0.32,0.19,0.17,0.32,,,,,
187,765952,274,34572.96660081131,22259.68916199789,6.29,2803.56,-0.001268509792680561,1834.23902246356,0.4376276155235246,9.701352448e-06,0.95729613,3.86,0.33,0.19,0.17,0.31,,,,,
188,770048,275,34407.7977587545,22172.53107875712,6.27,2796.84,-0.0011481155397632392,2670.973374605179,0.3607785225904081,9.699746816e-06,0.86944157,3.85,0.34,0.18,0.17,0.31,,,,,
189,774144,277,34260.22454258425,22077.160101204656,6.26,2792.98,-0.000986731688499276,5026.859824478626,0.42449529661098495,9.698141184000002e-06,0.91432434,3.85,0.35,0.17,0.17,0.31,,,,,
190,778240,278,34043.6732042411,21932.2427679608,6.25,2775.76,-0.0010966729769279482,3622.7783893942833,0.4112340042483993,9.696535552000001e-06,0.9779755,3.86,0.34,0.18,0.17,0.31,,,,,
191,782336,279,34483.62150044928,22212.78931381783,6.24,2805.32,-0.0006570217137777945,7265.597626984119,0.38741093617863953,9.694929920000001e-06,0.9722173,3.82,0.34,0.18,0.18,0.3,,,,,
192,786432,281,34295.509983408054,22071.886695662997,6.21,2804.28,-0.0016908139841689263,9527.770404934883,0.4508756116265431,9.693324288000001e-06,0.8629848,3.79,0.35,0.18,0.17,0.3,,,,,
193,790528,283,34172.20276074538,22007.59894335351,6.23,2796.13,-0.0008468208779959241,13242.018025517464,0.38912229979177937,9.691718656e-06,0.9338449,3.83,0.34,0.19,0.16,0.31,,,,,
194,794624,285,34308.912797158024,22067.92510335033,6.18,2806.84,-0.001137990087045182,5898.243440389633,0.38083346583880484,9.690113024e-06,0.96602803,3.76,0.35,0.19,0.15,0.31,,,,,
195,798720,288,32304.604708447492,20779.21842410163,6.03,2704.36,-0.0014601707798647112,5184.751472532749,0.4587116140755825,9.688507392e-06,0.86322,3.71,0.35,0.2,0.15,0.3,,,,,
196,802816,291,31883.27242210136,20484.736260222093,5.98,2674.38,-0.0005364709977584425,5867.009906291962,0.45649100723676383,9.68690176e-06,0.9050391,3.68,0.35,0.2,0.16,0.29,,,,,
197,806912,293,31665.454706952023,20366.17758379869,6.02,2644.5,-0.0008605704879300902,9652.971704125404,0.3767270070093218,9.685296128000001e-06,0.98253125,3.75,0.34,0.2,0.16,0.3,,,,,
198,811008,294,31817.318855695805,20458.788832140097,5.97,2663.31,-0.0007931210529932287,3577.856822311878,0.39773664996027946,9.683690496000001e-06,0.88012385,3.68,0.35,0.2,0.16,0.29,,,,,
199,815104,295,31934.8865415094,20525.03628274989,5.98,2668.83,-0.0010848255651580985,3217.818501651287,0.37617416234570555,9.682084864000001e-06,0.969718,3.68,0.35,0.2,0.16,0.29,,,,,
200,819200,298,32121.31460799416,20626.655638022778,6.04,2672.61,-0.0007780639243719634,3347.4667137265205,0.3805409169581253,9.680479232e-06,0.94790477,3.74,0.34,0.2,0.16,0.3,35433.707577776906,22668.031018006677,6.966666666666667,2740.1,0.06666666666666667
201,823296,300,32400.918903494887,20824.262525807753,6.11,2688.69,-0.0008460944391117664,14470.506469607353,0.39349992174538784,9.6788736e-06,0.9532501,3.8,0.34,0.2,0.16,0.3,,,,,
202,827392,303,31298.35758993881,20105.571883239267,6.01,2614.99,-0.0008037898551265243,8948.533102631569,0.39650265988893807,9.677267968e-06,0.75452876,3.77,0.33,0.22,0.16,0.29,,,,,
203,831488,304,30673.932770518142,19734.71640555685,5.97,2578.91,-0.0009407068782820716,4586.025840044022,0.37444036139640957,9.675662336e-06,0.9361757,3.76,0.33,0.22,0.16,0.29,,,,,
204,835584,305,30525.743953863424,19637.799909011574,5.96,2573.02,-0.0006694812800560612,8499.54027235508,0.39444433915195987,9.674056704000002e-06,0.974648,3.75,0.34,0.21,0.16,0.29,,,,,
205,839680,307,30971.1394413595,19926.312480272954,6.05,2598.31,-0.0005126070718688425,23847.336564540863,0.3954742457717657,9.672451072000001e-06,0.4982077,3.82,0.33,0.21,0.16,0.3,,,,,
206,843776,308,30321.549125581034,19503.786790245085,6.0,2562.24,-0.0015941282799758483,11827.440479397774,0.41700146524817683,9.670845440000001e-06,0.79586816,3.81,0.33,0.21,0.16,0.3,,,,,
207,847872,310,30408.658811037225,19521.050577361573,5.96,2585.03,-0.0016228344738919986,6540.0921622514725,0.4275600979453884,9.669239808000001e-06,0.939164,3.75,0.34,0.21,0.16,0.29,,,,,
208,851968,312,30360.50438902334,19491.80174895027,5.96,2580.87,-0.0005522531173483003,22194.402614593506,0.39424370729830116,9.667634176e-06,0.9306789,3.75,0.34,0.21,0.16,0.29,,,,,
209,856064,313,30449.938308982226,19557.80399487624,5.92,2592.34,-0.0004972570895915851,14657.420188069344,0.3658335630025249,9.666028544e-06,0.9543748,3.7,0.34,0.22,0.16,0.28,,,,,
210,860160,315,31278.336301668474,20104.571975857827,6.06,2613.13,-0.0006877893638375099,20831.979447484016,0.364780216361396,9.664422912e-06,0.97802484,3.82,0.32,0.22,0.17,0.29,,,,,
211,864256,316,31429.66581601769,20199.5531651857,6.07,2624.02,-0.0016391300850955304,5067.236119925976,0.4079824629588984,9.66281728e-06,0.94556314,3.82,0.32,0.22,0.17,0.29,,,,,
212,868352,318,30548.10532794803,19619.793568975914,6.0,2576.91,-0.0007059243362164125,3657.1874472498894,0.38100611363188364,9.661211648000002e-06,0.9714768,3.79,0.33,0.22,0.16,0.29,,,,,
213,872448,321,30114.060385020173,19332.330065926533,6.03,2539.74,-0.0004818496513507853,14894.327355623245,0.46779686608351767,9.659606016000001e-06,0.90190744,3.86,0.33,0.2,0.16,0.31,,,,,
214,876544,323,30266.688539672145,19432.207524088,6.05,2544.03,-0.0010018862103606807,4051.877960026264,0.450779709208291,9.658000384000001e-06,0.97968423,3.87,0.33,0.2,0.15,0.32,,,,,
215,880640,325,30306.775125185977,19453.650850614737,6.0,2551.59,-0.001167127533335588,2317.723387658596,0.38396945598651655,9.656394752000001e-06,0.9505207,3.81,0.34,0.2,0.15,0.31,,,,,
216,884736,326,30555.730042015108,19588.374433198955,5.98,2572.5,-0.00035794263476418564,5472.046245455742,0.36381306158727966,9.65478912e-06,0.96790344,3.76,0.34,0.21,0.15,0.3,,,,,
217,888832,329,30140.1660470891,19293.354734868248,5.95,2559.02,-0.001748839962601778,6131.619768440723,0.41695899999467656,9.653183488e-06,0.8879526,3.73,0.34,0.22,0.15,0.29,,,,,
218,892928,331,29991.83439819791,19178.040099060803,5.94,2551.81,-0.0008236179974119295,3530.6102701425552,0.3817284781835042,9.651577856e-06,0.92181957,3.73,0.34,0.21,0.16,0.29,,,,,
219,897024,332,30702.739484450893,19620.07338318699,5.98,2608.11,-0.0011266443525528302,7218.511887431145,0.40986576746217906,9.649972224000002e-06,0.97157604,3.71,0.35,0.2,0.16,0.29,,,,,
220,901120,333,30742.237329379925,19631.262905366184,5.93,2613.02,-0.0006742875521013048,5452.775254249573,0.39201003714697435,9.648366592000001e-06,0.9682588,3.65,0.36,0.2,0.16,0.28,,,,,
221,905216,335,30922.07655983849,19748.999348902995,5.93,2622.83,-0.0013227798935986357,4031.3400418162346,0.3847608641954139,9.646760960000001e-06,0.8560968,3.64,0.36,0.2,0.16,0.28,,,,,
222,909312,338,29891.03447102416,19088.022617665996,5.85,2569.23,-0.0005470357073136256,9377.682631611824,0.4031381074746605,9.645155328000001e-06,0.96701676,3.62,0.37,0.19,0.16,0.28,,,,,
223,913408,340,29593.893194573306,18916.264892617728,5.87,2542.38,-0.0013423433265415952,5653.492279887199,0.4290261020651087,9.643549696e-06,0.96835136,3.67,0.37,0.18,0.16,0.29,,,,,
224,917504,341,29029.766758009944,18553.050505714287,5.83,2501.0,-0.0009252602185370051,2874.655664265156,0.41162507503759116,9.641944064e-06,0.9543868,3.67,0.37,0.18,0.16,0.29,,,,,
225,921600,342,29524.429317016933,18847.927954578372,5.8,2544.44,-0.0008055940252233995,3289.3232595920563,0.34302685008151457,9.640338432e-06,0.98092914,3.59,0.38,0.18,0.16,0.28,43275.16251851386,28125.98674317042,7.366666666666666,3068.5666666666666,0.13333333333333333
226,925696,342,29524.429317016933,18847.927954578372,5.8,2544.44,-0.0007623410419910215,6389.115591645241,0.38148069754242897,9.6387328e-06,0.9809814,3.59,0.38,0.18,0.16,0.28,,,,,
227,929792,345,28718.52173860075,18347.393445570648,5.78,2492.34,-0.0011876626558660064,3229.7293838858604,0.4051203919807449,9.637127168000002e-06,0.93955183,3.63,0.37,0.18,0.17,0.28,,,,,
228,933888,347,28943.29293582643,18464.891809212604,5.72,2513.69,-0.0007601385859743459,8741.071918845177,0.39556260404060595,9.635521536000001e-06,0.9626163,3.54,0.38,0.18,0.17,0.27,,,,,
229,937984,348,28792.113624251313,18405.558762186716,5.74,2493.52,-0.0006234059010239434,4816.620289325714,0.3700007437146269,9.633915904000001e-06,0.9724697,3.58,0.37,0.18,0.18,0.27,,,,,
230,942080,351,27692.167432272206,17695.100664595437,5.66,2420.93,-0.0006446699535445077,8131.2939375042915,0.39041399330017157,9.632310272000001e-06,0.9594975,3.57,0.38,0.17,0.18,0.27,,,,,
231,946176,353,27516.311987098095,17602.55720244686,5.72,2380.1,-0.0006353591352308285,15519.080892205238,0.40336298776674084,9.63070464e-06,0.971126,3.68,0.36,0.17,0.19,0.28,,,,,
232,950272,354,27373.435776164435,17511.18432380522,5.69,2369.18,-0.0012856025759901968,2943.2534630298615,0.3367796012898907,9.629099008e-06,0.9642204,3.66,0.36,0.18,0.18,0.28,,,,,
233,954368,354,27373.435776164435,17511.18432380522,5.69,2369.18,-0.0005927079164393945,5770.274408757687,0.33834860447677784,9.627493376e-06,0.9918476,3.66,0.36,0.18,0.18,0.28,,,,,
234,958464,355,28244.32407882036,18060.633279209735,5.73,2410.83,-0.0005059640807303367,17769.784227132797,0.33909754376509227,9.625887744e-06,0.9756115,3.66,0.36,0.18,0.18,0.28,,,,,
235,962560,356,28625.825253405943,18285.547787023195,5.72,2444.86,-0.0012648209603867144,3257.490870654583,0.4101873075705953,9.624282112000002e-06,0.9752617,3.61,0.37,0.18,0.18,0.27,,,,,
236,966656,357,28807.37151161308,18390.87251231201,5.74,2458.09,-0.001334246238002379,1649.711697757244,0.38785902835661545,9.622676480000001e-06,0.96678823,3.61,0.37,0.18,0.18,0.27,,,,,
237,970752,358,29066.93821983691,18550.679348437243,5.76,2477.73,-0.0007044496251182863,14607.668031573296,0.3705259512353223,9.621070848000001e-06,0.94265324,3.61,0.37,0.18,0.18,0.27,,,,,
238,974848,359,29758.185898721433,18985.261034914663,5.79,2513.04,-0.00028774798920494504,27164.53872346878,0.33915735586197115,9.619465216000001e-06,0.925809,3.61,0.37,0.18,0.18,0.27,,,,,
239,978944,360,29964.810236084024,19122.195453919318,5.77,2540.25,-0.0018180867955379654,4819.961142420769,0.4030183479189873,9.617859584e-06,0.9244523,3.56,0.38,0.18,0.18,0.26,,,,,
240,983040,361,29862.19728809,19064.281598581336,5.76,2534.96,-0.0007180649463407462,2609.842414021492,0.39274890240631066,9.616253952e-06,0.9720483,3.56,0.38,0.18,0.18,0.26,,,,,
241,987136,362,30431.131595739178,19404.630453084243,5.73,2572.97,-0.000735547587282781,7287.891797542572,0.4409117103787139,9.61464832e-06,0.947064,3.49,0.38,0.19,0.18,0.25,,,,,
242,991232,365,29951.81939722138,19098.56713763019,5.68,2540.95,-0.0017993074689002242,2836.4272875785828,0.38737533407402225,9.613042688e-06,0.87041116,3.47,0.38,0.19,0.19,0.24,,,,,
243,995328,366,29919.334018512185,19058.199479169263,5.66,2549.47,-0.00040953653024189407,9221.07030904293,0.34283697500359267,9.611437056000001e-06,0.97044134,3.43,0.39,0.19,0.18,0.24,,,,,
244,999424,366,29919.334018512185,19058.199479169263,5.66,2549.47,-0.0014268177928897785,2794.1191983520985,0.43739665421890095,9.609831424000001e-06,0.93494725,3.43,0.39,0.19,0.18,0.24,,,,,
245,1003520,368,30047.89680999506,19136.737242490366,5.62,2567.18,-0.0012537204129330348,4073.438447713852,0.39640713288099505,9.608225792000001e-06,0.96834195,3.36,0.41,0.18,0.18,0.23,,,,,
246,1007616,370,29506.426142919743,18795.89613616902,5.56,2532.55,-0.0013415510748018278,2415.419061779976,0.3368462947255466,9.60662016e-06,0.9307553,3.33,0.41,0.19,0.17,0.23,,,,,
247,1011712,371,29427.219316995735,18715.94578185039,5.51,2541.57,-0.0016884013266462716,2506.1308579444885,0.38529866182943806,9.605014528e-06,0.9605143,3.26,0.42,0.19,0.17,0.22,,,,,
248,1015808,372,29445.527461490376,18726.528733424322,5.51,2544.23,-0.0019152617387589999,2371.6701034903526,0.4272751652752049,9.603408896e-06,0.967804,3.26,0.42,0.19,0.17,0.22,,,,,
249,1019904,372,29445.527461490376,18726.528733424322,5.51,2544.23,-0.0006963565665500937,10843.934421896935,0.359070141275879,9.601803264e-06,0.97182465,3.26,0.42,0.19,0.17,0.22,,,,,
250,1024000,374,30014.391153442553,19132.24542171768,5.59,2557.34,-0.0005297337229421828,8671.65461975336,0.36422048445092514,9.600197632000002e-06,0.96156096,3.34,0.4,0.19,0.18,0.23,32340.966414632123,20813.21892901633,6.7,2463.5666666666666,0.06666666666666667
251,1028096,376,30162.626205913803,19256.595892621863,5.63,2554.75,-0.0007013329486653674,10905.554234147072,0.417008244083263,9.598592000000001e-06,0.96984047,3.38,0.39,0.19,0.19,0.23,,,,,
252,1032192,377,30277.739193026162,19315.33096391643,5.62,2563.14,-0.001209112615470076,3235.5765393972397,0.43967640137998387,9.596986368000001e-06,0.9591032,3.36,0.39,0.2,0.18,0.23,,,,,
253,1036288,378,30191.977744495794,19260.619628288307,5.61,2562.64,-0.0013408719660219504,3100.879790186882,0.4308600318618119,9.595380736000001e-06,0.98113185,3.35,0.4,0.19,0.18,0.23,,,,,
254,1040384,379,30344.782178792157,19357.432790280858,5.61,2576.6,-0.0012744143059535418,2569.071839749813,0.35418981057591736,9.593775104e-06,0.98044944,3.33,0.4,0.2,0.17,0.23,,,,,
255,1044480,381,30999.321226292886,19772.73554588543,5.64,2607.87,-0.00037873494693485554,20989.69367647171,0.3410828634223435,9.592169472e-06,0.9694402,3.32,0.4,0.2,0.17,0.23,,,,,
256,1048576,385,30114.44287820817,19177.494669936466,5.65,2554.48,-0.0013491967147274408,3442.2254405617714,0.4567456494551152,9.59056384e-06,0.80587405,3.39,0.4,0.2,0.17,0.23,,,,,
257,1052672,387,29925.779522457382,19062.37809504771,5.66,2545.89,-0.002287914796397672,6420.911981463432,0.3997082552523352,9.588958208e-06,0.78471875,3.41,0.41,0.19,0.16,0.24,,,,,
258,1056768,391,29979.717237173816,19089.551763072814,5.7,2542.75,-0.0008332732168128132,7194.646292567253,0.3688140500744339,9.587352576000002e-06,0.90681314,3.47,0.39,0.21,0.16,0.24,,,,,
259,1060864,391,29979.717237173816,19089.551763072814,5.7,2542.75,-0.0008611713856225833,12481.187831282616,0.3175184239225928,9.585746944000001e-06,0.98594874,3.47,0.39,0.21,0.16,0.24,,,,,
260,1064960,393,30467.353924595653,19413.70477055148,5.75,2568.32,-0.0009159667642961722,13747.611382961273,0.44126519130077213,9.584141312000001e-06,0.94960546,3.5,0.39,0.2,0.16,0.25,,,,,
261,1069056,396,29900.85001893218,19082.288154236947,5.85,2508.79,-0.0020225527059665183,5958.300101518631,0.38632908347062767,9.58253568e-06,0.97637403,3.67,0.37,0.19,0.16,0.28,,,,,
262,1073152,398,30265.47008997372,19323.267896709614,5.85,2538.49,-0.000804728029834223,4179.437034457922,0.4016634536674246,9.580930048e-06,0.5461183,3.64,0.38,0.18,0.17,0.27,,,,,
263,1077248,399,30379.798164535798,19394.436244625336,5.78,2553.88,-0.0015226060986606171,3721.4243762493134,0.3829090923827607,9.579324416e-06,0.9271232,3.55,0.39,0.18,0.17,0.26,,,,,
264,1081344,400,30676.872088330096,19540.467409848374,5.73,2584.66,-0.0012744474151986651,4799.55397772789,0.43199504795484245,9.577718784e-06,0.9505101,3.46,0.4,0.18,0.17,0.25,,,,,
265,1085440,401,30813.849510275282,19623.90278756708,5.75,2589.83,-0.0005042316079197917,7594.587847113609,0.41227673715911806,9.576113152e-06,0.96793324,3.47,0.4,0.18,0.17,0.25,,,,,
266,1089536,402,31117.363016947387,19828.334302200772,5.79,2610.07,-0.0008717079763300717,2424.756545960903,0.393227482913062,9.574507520000001e-06,0.9672322,3.49,0.39,0.19,0.17,0.25,,,,,
267,1093632,403,31511.82715461201,20085.045534431298,5.81,2643.17,-0.0005968754176137736,4536.793043494225,0.4045992254395969,9.572901888000001e-06,0.9585984,3.47,0.4,0.18,0.17,0.25,,,,,
268,1097728,405,30906.4699611814,19708.935364344903,5.8,2602.95,-0.0006347646931317286,9381.495254278183,0.40828569879522547,9.571296256000001e-06,0.92198193,3.51,0.4,0.17,0.17,0.26,,,,,
269,1101824,407,31020.38595364657,19765.196840893856,5.76,2613.72,-0.0008053749970713397,4447.213835120201,0.39785487175686285,9.569690624e-06,0.975932,3.45,0.41,0.17,0.17,0.25,,,,,
270,1105920,408,31746.38099033812,20200.006318209482,5.8,2658.29,-0.0009062655044544954,5683.00404381752,0.37133764766622335,9.568084992e-06,0.9853909,3.44,0.41,0.18,0.16,0.25,,,,,
271,1110016,408,31746.38099033812,20200.006318209482,5.8,2658.29,-0.0005786420042568352,5325.630493879318,0.42904751520836726,9.56647936e-06,0.9801147,3.44,0.41,0.18,0.16,0.25,,,,,
272,1114112,409,32001.80355898439,20373.15680046448,5.83,2663.43,-0.002377575992795755,9987.655407309532,0.39852324564708397,9.564873728e-06,0.5137572,3.47,0.4,0.18,0.17,0.25,,,,,
273,1118208,411,31903.05604648317,20279.984558350767,5.76,2674.0,-0.0007297037118405569,5761.575326383114,0.43651449598837644,9.563268096000002e-06,0.88049936,3.39,0.42,0.17,0.17,0.24,,,,,
274,1122304,412,32356.4333528761,20542.589805772914,5.76,2707.79,-0.0005163553491911443,9781.70280611515,0.35226644136128016,9.561662464000001e-06,0.96036685,3.36,0.42,0.18,0.17,0.23,,,,,
275,1126400,412,32356.4333528761,20542.589805772914,5.76,2707.79,-0.0007171761399149545,6144.501184940338,0.37981587852118537,9.560056832000001e-06,0.9533751,3.36,0.42,0.18,0.17,0.23,44414.00214153987,28929.438004999618,7.433333333333334,3165.4666666666667,0.13333333333333333
276,1130496,415,31994.158005329427,20282.12780870078,5.7,2701.83,-0.0008369614470211673,5799.142216384411,0.3866242729127407,9.558451200000001e-06,0.9564209,3.3,0.43,0.17,0.18,0.22,,,,,
277,1134592,415,31994.158005329427,20282.12780870078,5.7,2701.83,-0.0008697056327946484,2733.17051500082,0.39528545358916745,9.556845568e-06,0.96990925,3.3,0.43,0.17,0.18,0.22,,,,,
278,1138688,417,32180.373187643458,20378.48916980697,5.7,2717.75,-0.0010675754128897097,3252.54369866848,0.40116862434661016,9.555239936e-06,0.97695756,3.29,0.43,0.18,0.17,0.22,,,,,
279,1142784,418,32274.02786527619,20445.03082333966,5.74,2720.54,-0.0019148610745105543,5629.179260253906,0.4291709222015925,9.553634304e-06,0.96330464,3.33,0.42,0.18,0.18,0.22,,,,,
280,1146880,419,33114.50177774794,20989.821414959384,5.77,2771.23,-0.0012991326784685953,3857.953383922577,0.35032591642811894,9.552028672e-06,0.98547953,3.31,0.42,0.18,0.19,0.21,,,,,
281,1150976,422,32691.675409441217,20728.83408482977,5.65,2759.4,-0.0014887112301948946,4590.3012996912,0.3828250303049572,9.550423040000001e-06,0.7479005,3.2,0.43,0.19,0.2,0.18,,,,,
282,1155072,423,32902.949366947876,20864.694944156585,5.66,2780.43,-0.001364131378068123,2998.5967101454735,0.37778786139097065,9.548817408000001e-06,0.9586719,3.19,0.44,0.18,0.2,0.18,,,,,
283,1159168,424,33169.38318904274,21035.183252463463,5.69,2801.29,-0.0009128454039455391,2542.8468039631844,0.4073061357194092,9.547211776000001e-06,0.94121116,3.2,0.43,0.19,0.2,0.18,,,,,
284,1163264,424,33169.38318904274,21035.183252463463,5.69,2801.29,-0.00047379432908201125,8562.215987682343,0.357254829374142,9.545606144e-06,0.9782444,3.2,0.43,0.19,0.2,0.18,,,,,
285,1167360,425,34051.73983029678,21606.452574356274,5.75,2853.07,-0.0007445472765539307,6334.47693669796,0.38827517378376797,9.544000512e-06,0.969057,3.21,0.42,0.2,0.2,0.18,,,,,
286,1171456,426,34552.6674354614,21895.44494317247,5.77,2885.63,-0.0006506630425064941,2797.4645642638206,0.3429507842520252,9.54239488e-06,0.98657185,3.2,0.43,0.19,0.2,0.18,,,,,
287,1175552,427,34801.591925747016,22080.531341523285,5.82,2883.47,-0.00033045858072000556,63504.99732255936,0.35357439244398847,9.540789248e-06,0.8424152,3.26,0.42,0.19,0.2,0.19,,,,,
288,1179648,428,34917.29383409314,22154.129901200777,5.76,2899.14,-0.001597499531271751,2907.816396355629,0.4261998377041891,9.539183616e-06,0.94894946,3.18,0.43,0.19,0.2,0.18,,,,,
289,1183744,429,35221.506000994385,22353.23876102857,5.79,2921.24,-0.0007686693734285655,4035.7725897431374,0.3668119920475874,9.537577984000001e-06,0.96862584,3.19,0.43,0.19,0.2,0.18,,,,,
290,1187840,432,34958.595899534615,22152.90089299523,5.75,2900.0,-0.0009027203923324123,6185.085235118866,0.4000783496594522,9.535972352000001e-06,0.89416987,3.17,0.43,0.2,0.19,0.18,,,,,
291,1191936,434,34640.87973418455,21938.14618620687,5.73,2881.82,-0.0014728336445841705,1477.1465993523598,0.3625338237034157,9.534366720000001e-06,0.8890195,3.17,0.43,0.2,0.19,0.18,,,,,
292,1196032,436,34963.7832844273,22140.020625550354,5.77,2903.57,-0.0010616659383231308,6832.705321550369,0.38593676214804873,9.532761088e-06,0.9492311,3.2,0.42,0.2,0.2,0.18,,,,,
293,1200128,440,34455.73486748335,21751.413072674484,5.75,2868.44,-0.0008511407813784899,2387.5442940592766,0.39900954789482057,9.531155456e-06,0.94692147,3.21,0.41,0.22,0.19,0.18,,,,,
294,1204224,443,33295.103532806876,21023.986381324463,5.76,2778.0,-0.0014239229221857386,1886.5903230905533,0.4906114888144657,9.529549824e-06,0.95661235,3.32,0.39,0.23,0.19,0.19,,,,,
295,1208320,444,33670.79116796507,21257.768285621292,5.76,2811.4,-0.0015066673040564638,2650.065903007984,0.3767904342385009,9.527944192e-06,0.9629452,3.28,0.4,0.23,0.18,0.19,,,,,
296,1212416,445,34034.60933566169,21522.85614423535,5.81,2830.93,-0.00036752401865669526,64950.32194566727,0.3612859272980131,9.526338560000002e-06,0.82650954,3.32,0.4,0.23,0.17,0.2,,,,,
297,1216512,446,34222.89364502398,21654.283060928377,5.83,2841.1,-0.0006413064775188104,11647.368001461029,0.34671675611753017,9.524732928000001e-06,0.9701631,3.33,0.39,0.24,0.17,0.2,,,,,
298,1220608,447,34136.244824151436,21612.48718404788,5.85,2836.65,-0.0012064623915648554,6259.6321276426315,0.4067998958635144,9.523127296000001e-06,0.87434053,3.36,0.39,0.24,0.17,0.2,,,,,
299,1224704,449,34376.27571959329,21749.555150627813,5.86,2858.55,-0.0011585011143324664,6319.512176990509,0.4049948041792959,9.521521664000001e-06,0.9460754,3.35,0.39,0.24,0.17,0.2,,,,,
300,1228800,450,34342.3790969487,21741.855587178023,5.87,2853.43,-0.0009095699797398993,5412.956836163998,0.3220192321750801,9.519916032e-06,0.9615175,3.37,0.38,0.25,0.17,0.2,36617.94846311905,23704.579928467632,7.1,2738.6,0.06666666666666667
301,1232896,451,34721.02136426823,21992.040233564083,5.89,2883.77,-0.0008923910772864474,2056.268764913082,0.36274399037938565,9.5183104e-06,0.97922754,3.36,0.38,0.26,0.16,0.2,,,,,
302,1236992,452,34765.971357345334,22009.18380136216,5.84,2904.91,-0.0004180527412245283,9454.64541900158,0.36969074068474583,9.516704768e-06,0.9116343,3.28,0.39,0.26,0.16,0.19,,,,,
303,1241088,452,34765.971357345334,22009.18380136216,5.84,2904.91,-0.0013631821020680945,6440.059373557568,0.38975773425772786,9.515099136e-06,0.9785261,3.28,0.39,0.26,0.16,0.19,,,,,
304,1245184,454,35589.8516520677,22521.003504100136,5.88,2972.38,-0.0010172187721764203,9071.214778661728,0.397297348768916,9.513493504000001e-06,0.9261926,3.24,0.41,0.25,0.15,0.19,,,,,
305,1249280,455,34483.25398580338,21850.946605919497,5.87,2902.56,-0.0007880188313720282,11333.7017660141,0.3918453360674903,9.511887872000001e-06,0.928875,3.31,0.4,0.25,0.15,0.2,,,,,
306,1253376,455,34483.25398580338,21850.946605919497,5.87,2902.56,-0.00036949137393094134,6783.89885866642,0.32558107769000344,9.510282240000001e-06,0.97757256,3.31,0.4,0.25,0.15,0.2,,,,,
307,1257472,456,34950.319456309786,22165.408250360844,5.9,2931.79,-0.0017123412726505194,4754.378080487251,0.3698174620512873,9.508676608e-06,0.93699586,3.31,0.4,0.25,0.15,0.2,,,,,
308,1261568,458,34954.85190122749,22165.50072984945,5.9,2934.48,-0.0008789968715063878,4429.842902600765,0.43714753637323156,9.507070976e-06,0.88260883,3.31,0.4,0.25,0.15,0.2,,,,,
309,1265664,460,33875.1766061481,21478.950021783006,5.84,2871.18,-0.0012263253702258226,3123.2011197805405,0.4050608239485882,9.505465344e-06,0.9661674,3.31,0.4,0.25,0.15,0.2,,,,,
310,1269760,461,33730.268156353035,21377.888010656578,5.84,2853.78,-0.000689919822889351,3085.357070207596,0.43741859000874683,9.503859712e-06,0.9606165,3.33,0.39,0.26,0.15,0.2,,,,,
311,1273856,462,33691.605682853544,21352.977683248777,5.83,2859.09,-0.0004891503467661096,2638.902392566204,0.3284476073749829,9.502254080000002e-06,0.98170716,3.31,0.4,0.25,0.15,0.2,,,,,
312,1277952,462,33691.605682853544,21352.977683248777,5.83,2859.09,-0.0005079881793790264,8462.519277453423,0.36255513629294,9.500648448000001e-06,0.97132456,3.31,0.4,0.25,0.15,0.2,,,,,
313,1282048,464,34620.203531419895,21942.75181389144,5.86,2921.31,-0.0011840992119687144,5225.181281089783,0.38795604987535626,9.499042816000001e-06,0.97397286,3.28,0.41,0.25,0.14,0.2,,,,,
314,1286144,467,33541.47486646017,21274.375984850354,5.85,2841.95,-0.0017645523494138615,10818.926723122597,0.4177487324923277,9.497437184000001e-06,0.69699013,3.38,0.38,0.26,0.15,0.21,,,,,
315,1290240,469,33746.154418676386,21381.993329769655,5.86,2861.57,-0.0009088782280741725,5794.228167057037,0.42343901516869664,9.495831552e-06,0.78715456,3.38,0.38,0.26,0.15,0.21,,,,,
316,1294336,470,33993.26812715377,21557.238380126917,5.9,2866.77,-0.0007841211954655591,8829.66155719757,0.3880128003656864,9.49422592e-06,0.9637655,3.42,0.37,0.26,0.16,0.21,,,,,
317,1298432,470,33993.26812715377,21557.238380126917,5.9,2866.77,-0.0008633167835796485,5038.0238564014435,0.4433145859511569,9.492620288e-06,0.963924,3.42,0.37,0.26,0.16,0.21,,,,,
318,1302528,472,34142.344028614156,21676.46106347831,5.93,2871.28,-0.0005621887366942246,13003.497960209846,0.4120095552643761,9.491014656e-06,0.8996268,3.45,0.36,0.26,0.17,0.21,,,,,
319,1306624,472,34142.344028614156,21676.46106347831,5.93,2871.28,-0.0005509338734555058,5742.490970611572,0.4120718775666319,9.489409024000002e-06,0.97896814,3.45,0.36,0.26,0.17,0.21,,,,,
320,1310720,475,33849.41915952762,21469.526688115384,5.92,2849.53,-0.000925780883335392,7389.811594247818,0.41662997705861926,9.487803392000001e-06,0.9662804,3.46,0.35,0.28,0.16,0.21,,,,,
321,1314816,476,33672.22874141,21351.880520964995,5.9,2843.39,-0.0006913100987731013,5477.904288470745,0.4096690451842733,9.486197760000001e-06,0.9505221,3.45,0.35,0.28,0.16,0.21,,,,,
322,1318912,478,33776.75975747159,21411.438989851456,5.9,2848.2,-0.0022303868108792813,1220.4724953472614,0.40223429986508563,9.484592128000001e-06,0.97339743,3.45,0.34,0.29,0.16,0.21,,,,,
323,1323008,480,33263.378181870954,21108.86584396036,5.9,2804.31,-0.0012134664075347246,7146.738160908222,0.36298382515087724,9.482986496e-06,0.963875,3.5,0.34,0.28,0.16,0.22,,,,,
324,1327104,480,33263.378181870954,21108.86584396036,5.9,2804.31,-0.00046053773712628754,8362.343268871307,0.4490653130924329,9.481380864e-06,0.8646121,3.5,0.34,0.28,0.16,0.22,,,,,
325,1331200,482,33509.33598064949,21243.331185590625,5.9,2839.04,-0.0006633148732362315,4968.978415906429,0.4382319136057049,9.479775232e-06,0.9366345,3.46,0.35,0.27,0.16,0.22,36215.30235434197,23133.039713773625,6.933333333333334,2760.8333333333335,0.06666666666666667
326,1335296,483,34047.358681532394,21567.704796525795,5.86,2885.8,-0.0010517177488509333,1446.129862010479,0.34646415439783596,9.478169600000002e-06,0.9881932,3.37,0.36,0.27,0.16,0.21,,,,,
327,1339392,484,34544.32212762768,21867.048106344395,5.83,2927.36,-0.000959951379627455,5911.176982045174,0.42901168536627665,9.476563968000001e-06,0.95362955,3.29,0.37,0.27,0.16,0.2,,,,,
328,1343488,485,34600.39962731137,21906.866498845266,5.89,2918.85,-0.0005125513835082529,3313.913311958313,0.37957277029636316,9.474958336000001e-06,0.9835358,3.36,0.36,0.27,0.16,0.21,,,,,
329,1347584,487,35016.48788161813,22144.687168800665,5.86,2956.8,-0.0013574355443779496,1343.527985572815,0.4198980088112876,9.473352704000001e-06,0.9635882,3.29,0.37,0.27,0.16,0.2,,,,,
330,1351680,487,35016.48788161813,22144.687168800665,5.86,2956.8,-0.0004455528587641311,8503.798727154732,0.348032324021915,9.471747072e-06,0.9713713,3.29,0.37,0.27,0.16,0.2,,,,,
331,1355776,490,35868.31424605539,22716.81263251642,5.97,2994.21,-0.0008181609755411046,10391.95606648922,0.4294163570157252,9.47014144e-06,0.9562653,3.36,0.37,0.25,0.17,0.21,,,,,
332,1359872,490,35868.31424605539,22716.81263251642,5.97,2994.21,-0.0006062175561964978,5255.689795196056,0.38147706631571054,9.468535808e-06,0.96610034,3.36,0.37,0.25,0.17,0.21,,,,,
333,1363968,492,36019.56858953078,22752.216130157718,5.93,3022.32,-0.000578997682168847,4267.177584707737,0.34017848887015134,9.466930176e-06,0.9734091,3.28,0.38,0.26,0.16,0.2,,,,,
334,1368064,493,36093.046172201495,22782.746567529673,5.89,3038.04,-0.00041678383695398225,3018.3016911149025,0.3586922067042906,9.465324544e-06,0.8801139,3.22,0.39,0.26,0.16,0.19,,,,,
335,1372160,494,36384.29396497845,22955.625241305435,5.86,3068.61,-0.0023105623131414177,4006.5547959804535,0.38358040040475316,9.463718912000001e-06,0.975072,3.15,0.4,0.26,0.16,0.18,,,,,
336,1376256,495,36747.86703441316,23178.70178404076,5.84,3101.88,-0.0013004309066673159,3989.9023668169975,0.35203867190284654,9.462113280000001e-06,0.8868843,3.09,0.41,0.26,0.16,0.17,,,,,
337,1380352,496,36992.49481180723,23321.963204637068,5.81,3125.45,-0.0007535586664744187,4317.3669600486755,0.3635791902197525,9.460507648000001e-06,0.97369987,3.03,0.42,0.26,0.16,0.16,,,,,
338,1384448,498,37100.056098031026,23402.51324126188,5.83,3121.64,-0.0007714249350101454,6302.628018736839,0.34708146733464673,9.458902016e-06,0.9864158,3.05,0.41,0.27,0.16,0.16,,,,,
339,1388544,498,37100.056098031026,23402.51324126188,5.83,3121.64,-0.001277767754800152,7022.781075060368,0.4287300241412595,9.457296384e-06,0.97112113,3.05,0.41,0.27,0.16,0.16,,,,,
340,1392640,499,37732.382522129345,23818.862160553967,5.89,3149.41,-0.0005683107210643357,31622.88901555538,0.3104190233279951,9.455690752e-06,0.9746008,3.08,0.4,0.27,0.17,0.16,,,,,
341,1396736,501,37836.77651658856,23925.34790557717,5.95,3133.11,-0.0009117320714722155,8396.4507791996,0.41916539159137756,9.45408512e-06,0.9431275,3.17,0.39,0.26,0.18,0.17,,,,,
342,1400832,502,37613.2830816949,23778.018308123876,5.92,3120.92,-0.0010652554756234167,43095.56290960312,0.3847165010520257,9.452479488000002e-06,0.9569944,3.15,0.4,0.25,0.18,0.17,,,,,
343,1404928,503,37635.44278152166,23821.663890825188,5.98,3103.81,-0.0008726157739147311,2921.4350768327713,0.3980285556172021,9.450873856000001e-06,0.9728309,3.24,0.39,0.25,0.18,0.18,,,,,
344,1409024,506,37295.33897182075,23586.839077341585,6.0,3080.06,-0.0011647869214357343,53834.79953479767,0.3602159438596573,9.449268224000001e-06,0.7321297,3.29,0.39,0.24,0.19,0.18,,,,,
345,1413120,507,37891.48162316604,23977.89291216975,6.07,3100.66,-0.0002618879298097454,20531.078382968903,0.35703348673996516,9.447662592000001e-06,0.95519656,3.34,0.38,0.24,0.19,0.19,,,,,
346,1417216,509,36992.85085771816,23453.428486902052,6.04,3044.3,-0.0005907470913371071,4749.658296406269,0.3989605786046013,9.44605696e-06,0.8922773,3.36,0.39,0.23,0.18,0.2,,,,,
347,1421312,510,37056.2667364536,23505.551986732782,6.05,3044.97,-0.000461186535176239,9030.46431517601,0.3860049161594361,9.444451328e-06,0.96142584,3.37,0.38,0.24,0.18,0.2,,,,,
348,1425408,510,37056.2667364536,23505.551986732782,6.05,3044.97,-0.0007262042272486724,9271.305747389793,0.363347945647547,9.442845696e-06,0.980877,3.37,0.38,0.24,0.18,0.2,,,,,
349,1429504,513,36767.794308728844,23326.429475842426,6.07,3009.51,-0.0006387889370671473,7768.553236246109,0.3747371300996747,9.441240064e-06,0.9573498,3.43,0.36,0.25,0.19,0.2,,,,,
350,1433600,517,35763.604878765924,22718.926045920794,6.12,2930.76,-0.0006021419294484076,10296.539650440216,0.45595387188950554,9.439634432000001e-06,0.9333206,3.57,0.35,0.24,0.18,0.23,33439.73291680511,21733.457915903327,6.833333333333333,2504.7,0.06666666666666667
351,1437696,519,35348.751726240844,22430.310583162485,6.07,2921.03,-0.0017736461495587719,2690.899610519409,0.401121016475372,9.438028800000001e-06,0.8923617,3.53,0.36,0.24,0.17,0.23,,,,,
352,1441792,521,35325.61947940565,22421.09290911794,6.11,2917.36,-0.0013134814062141231,2724.6252924203873,0.422986373770982,9.436423168000001e-06,0.9688436,3.57,0.36,0.23,0.17,0.24,,,,,
353,1445888,523,35483.127353099626,22500.77043691236,6.12,2919.29,-0.001699754506262252,1350.5169383585453,0.4339913498261012,9.434817536e-06,0.98349625,3.58,0.36,0.23,0.16,0.25,,,,,
354,1449984,525,34245.38242023619,21710.98921923422,6.05,2835.77,-0.001475335340728634,3556.728249490261,0.41623707054532133,9.433211904e-06,0.9519559,3.59,0.37,0.21,0.17,0.25,,,,,
355,1454080,526,34047.6959938894,21624.6185737471,6.05,2819.36,-0.0008032735813685576,6668.145137310028,0.3710426059260499,9.431606272e-06,0.9717934,3.61,0.36,0.22,0.17,0.25,,,,,
356,1458176,527,33552.02515374998,21304.87456820636,6.02,2793.62,-0.0007158267358136072,14681.741240859032,0.33463278674753383,9.43000064e-06,0.9587392,3.6,0.36,0.22,0.17,0.25,,,,,
357,1462272,528,33984.18222620418,21595.84274746286,6.08,2810.68,-0.0015182791466941126,4631.389863073826,0.45488162839319557,9.428395008000002e-06,0.9591532,3.65,0.35,0.22,0.17,0.26,,,,,
358,1466368,528,33984.18222620418,21595.84274746286,6.08,2810.68,-0.0006186273567436729,4679.466471135616,0.330826302873902,9.426789376000001e-06,0.9867488,3.65,0.35,0.22,0.17,0.26,,,,,
359,1470464,530,34689.23282944093,22036.637824901176,6.1,2845.25,-0.0014018731417309027,7240.085067152977,0.3621492958336603,9.425183744000001e-06,0.9765666,3.63,0.36,0.21,0.17,0.26,,,,,
360,1474560,532,34824.15681385809,22154.44829550549,6.14,2852.34,-0.0009388012394992984,7802.679096698761,0.3756468744541053,9.423578112000001e-06,0.9558288,3.67,0.36,0.2,0.17,0.27,,,,,
361,1478656,534,34935.53072823516,22237.220277739354,6.18,2858.05,-0.001960290741862991,3526.7137616872787,0.44220578006934375,9.42197248e-06,0.8386915,3.71,0.35,0.21,0.16,0.28,,,,,
362,1482752,537,34925.07777310794,22244.649209741136,6.2,2858.6,-0.0009587072800059104,3792.0359098911285,0.3771696183248423,9.420366848e-06,0.96637607,3.72,0.36,0.2,0.15,0.29,,,,,
363,1486848,538,34950.98235460349,22281.37542476194,6.21,2860.42,-0.0015214154627756216,6156.189921975136,0.39186588441953063,9.418761216e-06,0.94929314,3.73,0.36,0.2,0.15,0.29,,,,,
364,1490944,540,35331.36148057969,22511.689756007618,6.19,2895.91,-0.0011269279002590338,3018.1986850500107,0.3931373290834017,9.417155584e-06,0.9355324,3.67,0.37,0.2,0.15,0.28,,,,,
365,1495040,541,35351.16823761384,22526.83460743223,6.18,2904.41,-0.0011828978722405736,3233.580132484436,0.37221183988731354,9.415549952000002e-06,0.9456152,3.65,0.38,0.19,0.15,0.28,,,,,
366,1499136,542,35642.697929776965,22712.02512609982,6.2,2930.69,-0.0004578785355988657,5357.031066775322,0.4253159764339216,9.413944320000001e-06,0.88564926,3.65,0.38,0.19,0.15,0.28,,,,,
367,1503232,544,35632.32164186556,22704.218673491254,6.2,2931.9,-0.0011605732652242295,2547.447911888361,0.39240647957194597,9.412338688000001e-06,0.9700477,3.65,0.38,0.19,0.15,0.28,,,,,
368,1507328,545,35818.33699870137,22768.00466150355,6.16,2955.59,-0.0007303477887035115,4656.318900644779,0.4251710656681098,9.410733056000001e-06,0.97339696,3.57,0.39,0.19,0.15,0.27,,,,,
369,1511424,548,34784.9991882122,22099.43829480893,6.08,2879.54,-0.000378535320123774,8032.213065266609,0.4314063638448715,9.409127424e-06,0.8362155,3.57,0.39,0.18,0.16,0.27,,,,,
370,1515520,549,34799.661992186244,22112.06893241006,6.09,2879.04,-0.0007434892395394854,2077.134317576885,0.389188723085681,9.407521792e-06,0.9740876,3.58,0.39,0.18,0.16,0.27,,,,,
371,1519616,551,35137.19099348189,22302.96600053601,6.11,2904.21,-0.001138033913775871,5665.181427836418,0.41340106941061094,9.40591616e-06,0.9688297,3.57,0.4,0.16,0.17,0.27,,,,,
372,1523712,553,34016.89065177834,21582.73564415137,6.04,2821.75,-0.0011875450700244983,1778.1192882359028,0.39413660392165184,9.404310528e-06,0.91103697,3.59,0.39,0.17,0.17,0.27,,,,,
373,1527808,555,33620.00973726748,21299.275547892816,6.03,2801.28,-0.0015363089778475114,2172.4409549236298,0.38589793877326883,9.402704896000001e-06,0.95908177,3.6,0.39,0.17,0.17,0.27,,,,,
374,1531904,555,33620.00973726748,21299.275547892816,6.03,2801.28,-0.0006526539182232227,5623.293622851372,0.3437511119991541,9.401099264000001e-06,0.9727039,3.6,0.39,0.17,0.17,0.27,,,,,
375,1536000,556,33413.583142077805,21170.685237719696,6.02,2787.99,-0.000790269288700074,8876.48903310299,0.37084106702241115,9.399493632000001e-06,0.98439115,3.6,0.39,0.17,0.17,0.27,39200.785984351496,25467.007323579048,7.2,2882.8,0.03333333333333333
376,1540096,557,33570.675360037,21310.153700932467,6.06,2784.88,-0.0010829763505171286,4846.07502669096,0.37670724251074716,9.397888e-06,0.7902573,3.65,0.38,0.17,0.17,0.28,,,,,
377,1544192,557,33570.675360037,21310.153700932467,6.06,2784.88,-0.0008762612469581654,9007.699492812157,0.3357285007077735,9.396282368e-06,0.97144234,3.65,0.38,0.17,0.17,0.28,,,,,
378,1548288,561,34359.49773199116,21843.14080252969,6.25,2814.84,-0.0003400974846954341,17717.452281355858,0.33426749453064986,9.394676736e-06,0.97046244,3.81,0.37,0.16,0.16,0.31,,,,,
379,1552384,562,34014.2982548015,21620.759471548805,6.22,2790.73,-0.0012086086735507706,4536.706535696983,0.4162103781127371,9.393071104e-06,0.95656013,3.81,0.37,0.16,0.16,0.31,,,,,
380,1556480,565,33340.06562635112,21193.579661973334,6.29,2737.54,-0.0006893070531077683,6839.031713485718,0.35423851021914743,9.391465472e-06,0.9563701,3.94,0.36,0.15,0.16,0.33,,,,,
381,1560576,566,33370.28347542401,21203.91708889388,6.31,2734.24,-0.00041661835348349996,4486.333353579044,0.3397252450522501,9.389859840000001e-06,0.9840551,3.96,0.36,0.15,0.15,0.34,,,,,
382,1564672,566,33370.28347542401,21203.91708889388,6.31,2734.24,-0.0009435465035494417,4999.786087036133,0.35845424520084634,9.388254208000001e-06,0.9823947,3.96,0.36,0.15,0.15,0.34,,,,,
383,1568768,567,34395.331562147156,21853.413879732754,6.33,2804.12,-0.0005035198109908379,9692.317441940308,0.31995472393464297,9.386648576000001e-06,0.97716624,3.9,0.37,0.15,0.15,0.33,,,,,
384,1572864,570,34316.19993311346,21818.587460624258,6.34,2788.26,-0.0007043372515909141,5332.620263040066,0.3778310860216152,9.385042944e-06,0.9618665,3.92,0.37,0.14,0.16,0.33,,,,,
385,1576960,573,32692.99333803851,20802.534175258585,6.31,2673.87,-0.0007185187459981535,17408.60831975937,0.4064402183284983,9.383437312e-06,0.9030754,4.02,0.36,0.13,0.17,0.34,,,,,
386,1581056,575,33250.3762999511,21182.311520753214,6.33,2701.83,-0.0013523902398446808,20429.234914541245,0.411132589681074,9.38183168e-06,0.9602643,4.01,0.36,0.13,0.17,0.34,,,,,
387,1585152,577,33236.66643485652,21207.526802265857,6.35,2688.65,-0.0007800040493748384,8892.352597355843,0.3833278310485184,9.380226048e-06,0.9760145,4.04,0.36,0.13,0.16,0.35,,,,,
388,1589248,578,33262.74649359665,21255.275583770243,6.4,2684.74,-0.001130320068114088,4780.327997863293,0.3850418875226751,9.378620416000002e-06,0.94740295,4.09,0.36,0.12,0.16,0.36,,,,,
389,1593344,579,33772.302295769725,21581.594916186346,6.44,2719.6,-0.0015130573592614383,7871.095527052879,0.36429329772363417,9.377014784000001e-06,0.9607651,4.09,0.36,0.12,0.16,0.36,,,,,
390,1597440,579,33772.302295769725,21581.594916186346,6.44,2719.6,-0.0005429348880170437,19276.566095113754,0.3432329180359375,9.375409152000001e-06,0.9860892,4.09,0.36,0.12,0.16,0.36,,,,,
391,1601536,582,34163.124000207004,21834.73364773561,6.48,2720.23,-0.0005559497276408365,7551.524967432022,0.3913803366594948,9.37380352e-06,0.9655011,4.14,0.35,0.12,0.16,0.37,,,,,
392,1605632,583,33776.21537725575,21601.03834704863,6.45,2692.53,-0.0015289053353626514,2831.015351831913,0.461003971809987,9.372197888e-06,0.90628654,4.14,0.35,0.12,0.16,0.37,,,,,
393,1609728,585,33442.89265829587,21385.433460012606,6.37,2680.71,-0.0012489916844060645,3871.2492307424545,0.42756322532659397,9.370592256e-06,0.97660714,4.07,0.36,0.12,0.16,0.36,,,,,
394,1613824,589,32359.260291562696,20759.483711857003,6.43,2599.19,-0.0007909275063866517,11862.387045741081,0.43327367352321744,9.368986624e-06,0.9636036,4.21,0.34,0.12,0.16,0.38,,,,,
395,1617920,591,31941.514930571015,20501.595491707885,6.39,2554.4,-0.0004322543663874967,31162.826321601868,0.39065229549305514,9.367380992e-06,0.9562783,4.22,0.33,0.13,0.16,0.38,,,,,
396,1622016,592,32082.767502032788,20627.00491597429,6.44,2553.51,-0.0007003749215073185,26340.083084583282,0.35742611333262175,9.365775360000001e-06,0.97356284,4.27,0.33,0.12,0.16,0.39,,,,,
397,1626112,593,32503.098874718482,20931.836459246722,6.52,2555.37,-0.000781656182880397,24573.180168151855,0.43030197435291484,9.364169728000001e-06,0.97787863,4.35,0.32,0.12,0.16,0.4,,,,,
398,1630208,595,32323.58313107267,20819.71023228994,6.54,2534.39,-0.0011932147808693117,4908.019952535629,0.37852194358129054,9.362564096000001e-06,0.9695883,4.4,0.31,0.12,0.16,0.41,,,,,
399,1634304,596,32223.495499624834,20765.451868969696,6.53,2528.34,-0.0008147295020535239,5079.193742990494,0.4000216609274503,9.360958464e-06,0.950398,4.4,0.31,0.12,0.16,0.41,,,,,
400,1638400,596,32223.495499624834,20765.451868969696,6.53,2528.34,-0.0008688108609931078,3731.740560591221,0.316666772327153,9.359352832e-06,0.9897282,4.4,0.31,0.12,0.16,0.41,34060.91126369776,22349.411140937536,6.866666666666666,2614.1,0.1
401,1642496,597,32616.714814186496,20985.163439738568,6.53,2559.05,-0.0005583491210927605,3649.215795516968,0.39508672757074237,9.3577472e-06,0.96850765,4.37,0.31,0.13,0.15,0.41,,,,,
402,1646592,599,32145.807793272954,20673.99491205749,6.48,2537.22,-0.0006718210879625985,6315.951186418533,0.3774602031917311,9.356141568e-06,0.9150789,4.34,0.31,0.14,0.14,0.41,,,,,
403,1650688,600,32481.161714524427,20855.284378393982,6.46,2568.84,-0.0013786060617348994,4415.386834383011,0.3963033214386087,9.354535936000002e-06,0.97987133,4.28,0.31,0.15,0.14,0.4,,,,,
404,1654784,600,32481.161714524427,20855.284378393982,6.46,2568.84,-0.0006698395700368565,4940.171526193619,0.3672838627244346,9.352930304000001e-06,0.9821827,4.28,0.31,0.15,0.14,0.4,,,,,
405,1658880,603,32284.3131482918,20680.956377180046,6.41,2573.54,-0.0007608617834193865,3508.10128813982,0.40315163784543984,9.351324672000001e-06,0.936124,4.23,0.31,0.15,0.15,0.39,,,,,
406,1662976,605,32081.371516135052,20564.925793250728,6.34,2558.69,-0.0014351578975038137,4255.65636408329,0.4078894851845689,9.349719040000001e-06,0.9162437,4.17,0.31,0.16,0.15,0.38,,,,,
407,1667072,605,32081.371516135052,20564.925793250728,6.34,2558.69,-0.0010718824069044786,2524.518089711666,0.3893164547334891,9.348113408e-06,0.98336154,4.17,0.31,0.16,0.15,0.38,,,,,
408,1671168,606,32747.39405418363,20982.769206512858,6.36,2610.65,-0.0006870372344565112,6748.7472559809685,0.33203767624218017,9.346507776e-06,0.96897656,4.13,0.32,0.16,0.14,0.38,,,,,
409,1675264,607,32763.470466074057,20984.633854998327,6.34,2623.52,-0.00041215784040105063,3760.722356557846,0.3637066588853486,9.344902144e-06,0.97636014,4.1,0.32,0.17,0.14,0.37,,,,,
410,1679360,609,32778.59639393629,20960.318724395736,6.31,2631.89,-0.0010986510424118023,5793.192157745361,0.4268747203750536,9.343296512e-06,0.9442358,4.06,0.32,0.17,0.15,0.36,,,,,
411,1683456,610,32562.181512067422,20813.769188907063,6.29,2619.3,-0.0015160974726313725,3438.756489574909,0.4527166921761818,9.341690880000001e-06,0.9142013,4.05,0.33,0.16,0.15,0.36,,,,,
412,1687552,610,32562.181512067422,20813.769188907063,6.29,2619.3,-0.001624240298042423,6582.072312712669,0.38003768626367673,9.340085248000001e-06,0.96423894,4.05,0.33,0.16,0.15,0.36,,,,,
413,1691648,611,32351.165811754796,20676.325300221124,6.27,2617.48,-0.0006724764007230988,18104.202196598053,0.40905096661299467,9.338479616000001e-06,0.60084933,4.03,0.34,0.15,0.15,0.36,,,,,
414,1695744,613,32881.74689315608,21001.994259744668,6.27,2660.95,-0.0008743140897422563,5023.359013497829,0.4488819399266504,9.336873984e-06,0.9695383,3.98,0.35,0.15,0.14,0.36,,,,,
415,1699840,615,33242.43725518396,21232.579048623546,6.28,2694.28,-0.0007387809237116016,3710.656114578247,0.4130335539812222,9.335268352e-06,0.9363546,3.95,0.36,0.15,0.13,0.36,,,,,
416,1703936,616,33310.65804096971,21259.83894946665,6.21,2703.36,-0.0009958003356587142,1796.2729981541634,0.4257409273996018,9.33366272e-06,0.9470806,3.87,0.37,0.15,0.13,0.35,,,,,
417,1708032,617,34018.89357992943,21695.184239821905,6.22,2758.07,-0.0015802781144884648,5258.211415052414,0.4075301800039597,9.332057088e-06,0.98270684,3.82,0.38,0.15,0.13,0.34,,,,,
418,1712128,617,34018.89357992943,21695.184239821905,6.22,2758.07,-0.0009338408463008818,2787.7654576301575,0.3335269569361117,9.330451456000002e-06,0.9762347,3.82,0.38,0.15,0.13,0.34,,,,,
419,1716224,619,33955.01977443495,21679.70207689748,6.27,2753.97,-0.00132990463043825,5630.882828950882,0.4006341361091472,9.328845824000001e-06,0.9575252,3.87,0.38,0.15,0.12,0.35,,,,,
420,1720320,620,34505.357360933514,22039.187800866966,6.32,2781.98,-0.0009287250859415508,3802.459987282753,0.3777992947434541,9.327240192000001e-06,0.9719041,3.89,0.37,0.16,0.12,0.35,,,,,
421,1724416,622,34741.77084131551,22169.623010343377,6.27,2812.78,-0.0017408340963811497,4210.782963752747,0.36196723516331986,9.325634560000001e-06,0.9592029,3.8,0.38,0.17,0.12,0.33,,,,,
422,1728512,623,34631.71865255496,22114.426366490596,6.26,2803.69,-0.0020684418286691653,1675.4989104866982,0.3937486952927429,9.324028928e-06,0.95527077,3.8,0.38,0.17,0.12,0.33,,,,,
423,1732608,623,34631.71865255496,22114.426366490596,6.26,2803.69,-0.0002885179219447309,7805.2289390563965,0.35110576267470606,9.322423296e-06,0.9820513,3.8,0.38,0.17,0.12,0.33,,,,,
424,1736704,624,35862.22274510265,22899.211723397737,6.33,2877.91,-0.0007043679179332685,11227.053796291351,0.3249468023132067,9.320817664e-06,0.9740458,3.8,0.38,0.17,0.12,0.33,,,,,
425,1740800,625,36521.04015289954,23314.07664104155,6.36,2928.53,-0.0010248411072097952,3193.61569917202,0.38504564281902276,9.319212032e-06,0.9778433,3.77,0.39,0.17,0.11,0.33,33522.69122881572,21847.51273338595,6.866666666666666,2611.4666666666667,0.06666666666666667
426,1744896,626,35945.32117016613,22938.77397248686,6.31,2896.49,-0.0011454237501311582,4930.935286819935,0.43494337901938707,9.3176064e-06,0.7749892,3.75,0.4,0.16,0.11,0.33,,,,,
427,1748992,627,36165.897047074075,23057.44482598758,6.29,2920.4,-0.0008656738846184453,3766.3237540721893,0.38833946926752105,9.316000768000001e-06,0.9346241,3.7,0.41,0.16,0.11,0.32,,,,,
428,1753088,627,36165.897047074075,23057.44482598758,6.29,2920.4,-0.00056975731968123,10295.08155632019,0.35278629657113925,9.314395136000001e-06,0.96116924,3.7,0.41,0.16,0.11,0.32,,,,,
429,1757184,628,37191.20508930212,23689.75655599788,6.31,2984.55,-0.0009611253726689029,18484.69069838524,0.3484405459603295,9.312789504000001e-06,0.9824855,3.65,0.42,0.16,0.11,0.31,,,,,
430,1761280,630,36057.09965662915,22983.52465136091,6.29,2911.02,-0.0008905518334358931,3677.960884153843,0.373785139847314,9.311183872e-06,0.9523684,3.71,0.4,0.17,0.12,0.31,,,,,
431,1765376,632,35999.128818223115,22915.995844570487,6.2,2925.37,-0.000919037824132829,13536.14468407631,0.38015315661323257,9.30957824e-06,0.6609169,3.6,0.42,0.17,0.12,0.29,,,,,
432,1769472,635,35773.891166213005,22793.6648976434,6.25,2898.43,-0.0006878232070448576,6086.494169473648,0.38712315319571644,9.307972608e-06,0.9499016,3.68,0.41,0.17,0.12,0.3,,,,,
433,1773568,637,35735.945676971205,22731.62518074081,6.24,2896.54,-0.0019288142384539242,2099.769223332405,0.384134407970123,9.306366976e-06,0.9636579,3.67,0.41,0.17,0.12,0.3,,,,,
434,1777664,639,35787.764770732734,22774.637488749126,6.27,2891.16,-0.0006142607071524253,5873.674470543861,0.3961229480919428,9.304761344000001e-06,0.98226845,3.71,0.41,0.16,0.12,0.31,,,,,
435,1781760,639,35787.764770732734,22774.637488749126,6.27,2891.16,-0.0007419270382342802,1757.1464285850525,0.336254054622259,9.303155712000001e-06,0.9624073,3.71,0.41,0.16,0.12,0.31,,,,,
436,1785856,641,36366.84725841571,23172.08125626821,6.29,2928.95,-0.0003911805897587328,33332.80284547806,0.3802474408003036,9.301550080000001e-06,0.8463899,3.69,0.41,0.16,0.12,0.31,,,,,
437,1789952,642,36233.734134367056,23081.552467133264,6.28,2916.83,-0.0006458511170421843,4076.754999577999,0.40711398000712506,9.299944448e-06,0.9116438,3.69,0.41,0.16,0.12,0.31,,,,,
438,1794048,643,36578.951649423776,23299.4450533927,6.31,2927.06,-0.000552250907276175,10161.23947250843,0.36994948430219665,9.298338816e-06,0.9661189,3.71,0.4,0.17,0.12,0.31,,,,,
439,1798144,645,35922.320211275495,22905.614440738376,6.26,2879.55,-0.0005446654695333564,11251.343092620373,0.40348841313971207,9.296733184e-06,0.5411624,3.72,0.39,0.17,0.13,0.31,,,,,
440,1802240,647,36330.38291032703,23140.280142358948,6.22,2922.84,-0.0008632877998024924,2769.5520581007004,0.37761533085722476,9.295127552e-06,0.9340594,3.63,0.41,0.17,0.12,0.3,,,,,
441,1806336,648,36664.04633435608,23343.87037571486,6.25,2944.16,-0.0012373242443572963,1986.0922241210938,0.36101896839682013,9.29352192e-06,0.96526945,3.64,0.4,0.18,0.12,0.3,,,,,
442,1810432,651,36064.18342468435,22952.02153454443,6.18,2907.8,-0.0013492672151187435,2192.5086007118225,0.4069784604944289,9.291916288000001e-06,0.95010763,3.61,0.41,0.18,0.11,0.3,,,,,
443,1814528,652,35864.27937035587,22845.77479700509,6.17,2891.52,-0.0007373707867373014,3896.807486176491,0.43664698471548036,9.290310656000001e-06,0.9462123,3.62,0.4,0.19,0.11,0.3,,,,,
444,1818624,652,35864.27937035587,22845.77479700509,6.17,2891.52,-0.0009254137848984101,10074.098127484322,0.38720498414477333,9.288705024000001e-06,0.96552527,3.62,0.4,0.19,0.11,0.3,,,,,
445,1822720,653,37082.00878618192,23625.964948353445,6.24,2964.87,-0.0008513327475156984,4714.779263317585,0.4019525225739926,9.287099392e-06,0.9835644,3.61,0.4,0.19,0.11,0.3,,,,,
446,1826816,655,37489.070631348404,23889.83179645646,6.21,2997.61,-0.0006294189306572662,3357.765243589878,0.4178651387919672,9.28549376e-06,0.9739783,3.54,0.4,0.2,0.11,0.29,,,,,
447,1830912,658,35412.123615874385,22545.22356132885,6.08,2857.8,-0.0007269972747963038,4645.615111351013,0.40681192168267444,9.283888128e-06,0.77578753,3.56,0.38,0.22,0.12,0.28,,,,,
448,1835008,658,35412.123615874385,22545.22356132885,6.08,2857.8,-0.0008939692106650909,2010.035402417183,0.36016778895282187,9.282282496e-06,0.9861345,3.56,0.38,0.22,0.12,0.28,,,,,
449,1839104,659,36129.66412226484,22982.05799603251,6.06,2912.15,-0.0008397595738642849,5367.573858857155,0.36771779440459795,9.280676864000002e-06,0.969615,3.48,0.39,0.22,0.12,0.27,,,,,
450,1843200,660,36520.74556746335,23193.855774407693,6.03,2952.05,-0.0008883596692612628,3371.8625642061234,0.3814304264378734,9.279071232000001e-06,0.9849741,3.41,0.4,0.22,0.12,0.26,33458.48194649157,21656.199419731343,6.766666666666667,2526.5,0.06666666666666667
451,1847296,662,36601.71038933423,23229.50439027674,6.02,2960.07,-0.0014854037508484907,3910.482873737812,0.44109788921196014,9.277465600000001e-06,0.58721095,3.4,0.4,0.22,0.12,0.26,,,,,
452,1851392,663,36339.26112518306,23049.346238791728,5.99,2950.47,-0.0022723396009496355,2800.6644582152367,0.4024959866073914,9.275859968000001e-06,0.9508537,3.38,0.41,0.21,0.12,0.26,,,,,
453,1855488,664,36847.29985101154,23362.160234093153,5.97,2992.46,-0.001486470378949889,4804.516327142715,0.3809776240377687,9.274254336e-06,0.96377444,3.31,0.42,0.21,0.12,0.25,,,,,
454,1859584,666,37056.8354802493,23514.439868502945,5.96,3009.69,-0.0006084078977437457,17982.994985342026,0.40557530691148713,9.272648704e-06,0.800737,3.28,0.42,0.21,0.13,0.24,,,,,
455,1863680,669,35337.158572261746,22409.7762962293,5.9,2898.54,-0.00118492272849835,2323.356139957905,0.4186970654409379,9.271043072e-06,0.9632906,3.34,0.41,0.21,0.13,0.25,,,,,
456,1867776,673,35804.89817728201,22691.120995625217,5.97,2923.56,-0.0010112423806276638,8740.490853190422,0.41091502137714997,9.26943744e-06,0.95175046,3.38,0.41,0.21,0.12,0.26,,,,,
457,1871872,674,35545.51999453398,22501.843032535893,5.92,2922.21,-0.0014904101262800395,5500.81759172678,0.4255461993161589,9.267831808e-06,0.91437906,3.33,0.41,0.22,0.12,0.25,,,,,
458,1875968,676,35384.040837621535,22365.184815005054,5.93,2930.28,-0.000892494306754088,4815.853528618813,0.39080553900566883,9.266226176000001e-06,0.9231023,3.33,0.42,0.21,0.12,0.25,,,,,
459,1880064,677,35343.163131602196,22340.090782186053,5.95,2922.04,-0.0007948252386995591,6589.223411619663,0.40943407005397603,9.264620544000001e-06,0.9640971,3.36,0.42,0.2,0.13,0.25,,,,,
460,1884160,679,35210.67595108907,22237.31718317269,5.91,2910.82,-0.0005003716541978065,11807.334114789963,0.34725292623625137,9.263014912e-06,0.90172577,3.34,0.41,0.22,0.13,0.24,,,,,
461,1888256,680,34478.35977337997,21740.98868464795,5.84,2886.18,-0.0005175475180294598,4716.238859176636,0.35843562486115843,9.26140928e-06,0.96829605,3.29,0.42,0.22,0.13,0.23,,,,,
462,1892352,681,35208.202719583016,22224.774000064073,5.87,2923.91,-0.0009323995200247737,12850.473862051964,0.3770875546615571,9.259803648e-06,0.9663726,3.28,0.42,0.22,0.13,0.23,,,,,
463,1896448,684,34524.088663839604,21786.95511449998,5.81,2873.87,-0.003262835838540923,2044.8135595917702,0.44776887440821156,9.258198016e-06,0.9323863,3.28,0.41,0.23,0.14,0.22,,,,,
464,1900544,687,34705.55987266649,21899.128146461615,5.74,2900.47,-0.0013024822183069773,3337.879906952381,0.4123942265869118,9.256592384000002e-06,0.8887381,3.17,0.42,0.24,0.14,0.2,,,,,
465,1904640,689,34491.058765723006,21732.134792662688,5.68,2888.2,-0.0006525457438328885,8553.327192425728,0.43067128298571333,9.254986752000001e-06,0.972422,3.13,0.43,0.24,0.13,0.2,,,,,
466,1908736,691,34895.788937690326,21994.26243224477,5.73,2908.67,-0.0007715170231676893,18670.161053299904,0.3363737248291727,9.253381120000001e-06,0.9803515,3.16,0.43,0.23,0.13,0.21,,,,,
467,1912832,692,35335.55919282819,22252.22209071278,5.74,2931.85,-0.000803589224233292,9000.760899543762,0.35075710935052484,9.251775488000001e-06,0.9822254,3.15,0.43,0.23,0.13,0.21,,,,,
468,1916928,693,34894.700519044476,21942.59696550275,5.66,2927.92,-0.0006967613389861071,17030.239027261734,0.35580299684079364,9.250169856e-06,0.9569482,3.07,0.44,0.23,0.13,0.2,,,,,
469,1921024,694,34655.19362289946,21802.59028567695,5.71,2897.46,-0.0009470319819229189,5686.8891189694405,0.38696426860406063,9.248564224e-06,0.9277349,3.16,0.43,0.23,0.13,0.21,,,,,
470,1925120,697,33778.77611818878,21269.05799166517,5.67,2849.72,-0.0004007099960290361,13359.74681776762,0.4106977491173893,9.246958592e-06,0.5170015,3.17,0.43,0.23,0.13,0.21,,,,,
471,1929216,698,33606.135799748794,21155.85261741107,5.65,2842.75,-0.0018363758144914755,2891.3612971305847,0.4681702976231463,9.24535296e-06,0.88460994,3.16,0.44,0.22,0.13,0.21,,,,,
472,1933312,700,33264.32015377021,20939.992513445915,5.67,2825.2,-0.0009892746620607795,7312.143941760063,0.46037508558947593,9.243747328000002e-06,0.96782786,3.2,0.45,0.2,0.13,0.22,,,,,
473,1937408,703,32795.06627613403,20677.7608595101,5.63,2777.93,-0.0007715490482951282,5717.6249742507935,0.38050525085418485,9.242141696000001e-06,0.9653045,3.2,0.45,0.2,0.12,0.23,,,,,
474,1941504,705,32723.57659437494,20629.04899187806,5.68,2770.61,-0.001859846423030831,4255.95563519001,0.40569703734945506,9.240536064000001e-06,0.8407039,3.26,0.45,0.19,0.12,0.24,,,,,
475,1945600,706,32557.307604467896,20527.019315274025,5.67,2761.56,-0.0006326478360278998,6049.051289141178,0.3823491169314366,9.238930432000001e-06,0.95620614,3.26,0.45,0.19,0.12,0.24,35348.843927819995,22733.50476675352,6.9,2659.0,0.1
476,1949696,707,31971.918475772458,20151.603638950524,5.63,2727.36,-0.0017726195783325238,2630.5078626275063,0.39757731813006103,9.2373248e-06,0.97492987,3.25,0.45,0.19,0.12,0.24,,,,,
477,1953792,709,32325.797724386022,20379.40493043728,5.63,2749.87,-0.0007616915108883404,6306.283533573151,0.36148971976945177,9.235719168e-06,0.9740639,3.23,0.45,0.2,0.11,0.24,,,,,
478,1957888,711,31616.511977647413,19924.99479300239,5.58,2698.27,-0.0007981854178069625,1767.5535202026367,0.4099921805318445,9.234113536e-06,0.93766314,3.23,0.45,0.2,0.11,0.24,,,,,
479,1961984,713,30810.817141170683,19443.85385723884,5.57,2635.65,-0.001472189716878347,2002.848713874817,0.3912589456595015,9.232507904e-06,0.96149015,3.29,0.44,0.19,0.13,0.24,,,,,
480,1966080,714,31279.445854395035,19741.31559480992,5.6,2663.55,-0.0007592873562316527,12300.905728459358,0.4108101027086377,9.230902272000001e-06,0.9570934,3.29,0.44,0.19,0.13,0.24,,,,,
481,1970176,715,31503.92091395022,19888.038130900375,5.56,2687.65,-0.0011771025904181442,2624.2848160266876,0.3819310702965595,9.229296640000001e-06,0.9161149,3.22,0.45,0.19,0.13,0.23,,,,,
482,1974272,715,31503.92091395022,19888.038130900375,5.56,2687.65,-0.001073279603588162,3690.268104761839,0.3539483415952418,9.227691008000001e-06,0.98322475,3.22,0.45,0.19,0.13,0.23,,,,,
483,1978368,718,31348.35465389869,19797.51565299472,5.61,2656.05,-0.0007897151890574605,10247.888012170792,0.41548063862137496,9.226085376e-06,0.9463101,3.3,0.43,0.19,0.15,0.23,,,,,
484,1982464,719,31517.923983217617,19877.961147190723,5.55,2670.47,-0.0015538750049017835,2853.258807003498,0.350249913521111,9.224479744e-06,0.877599,3.22,0.44,0.19,0.15,0.22,,,,,
485,1986560,722,30737.625586609876,19400.900889412464,5.57,2618.8,-0.0015303582758861012,6274.937663078308,0.426711427338887,9.222874112e-06,0.95392907,3.3,0.44,0.17,0.16,0.23,,,,,
486,1990656,724,29551.82157241069,18631.742491963123,5.59,2537.33,-0.0008122710660245502,4025.6354904174805,0.44799847196554765,9.22126848e-06,0.9626226,3.41,0.42,0.17,0.17,0.24,,,,,
487,1994752,726,29158.98954578688,18377.802460254854,5.59,2497.74,-0.000817197628748545,3328.7173939943314,0.3858718360424973,9.219662848e-06,0.89578986,3.45,0.41,0.17,0.18,0.24,,,,,
488,1998848,731,27261.605082687944,17161.377995751238,5.57,2368.87,-0.0007316658957279287,3052.504955202341,0.3924728878191672,9.218057216000001e-06,0.8499142,3.57,0.39,0.17,0.19,0.25,,,,,
489,2002944,733,27151.238741159286,17107.43840566755,5.64,2353.98,-0.0005282268921291688,4050.495122015476,0.3798079719999805,9.216451584000001e-06,0.9366701,3.65,0.38,0.17,0.19,0.26,,,,,
490,2007040,733,27151.238741159286,17107.43840566755,5.64,2353.98,-0.001035830557157169,4602.754167020321,0.39367720612790436,9.214845952000001e-06,0.98004997,3.65,0.38,0.17,0.19,0.26,,,,,
491,2011136,734,27661.4427327977,17407.44553030857,5.63,2396.51,-0.0005281829007799388,4474.254245996475,0.3964641713537276,9.21324032e-06,0.9361313,3.59,0.39,0.17,0.19,0.25,,,,,
492,2015232,734,27661.4427327977,17407.44553030857,5.63,2396.51,-0.0009596370437066071,10181.792137026787,0.3696957755309995,9.211634688e-06,0.9756084,3.59,0.39,0.17,0.19,0.25,,,,,
493,2019328,735,28962.533262247125,18211.917838325597,5.65,2480.07,-0.0006375327902787831,7429.368741512299,0.329583328391891,9.210029056e-06,0.9708891,3.52,0.4,0.17,0.19,0.24,,,,,
494,2023424,735,28962.533262247125,18211.917838325597,5.65,2480.07,-0.0012190418183308793,5020.394192695618,0.3321817583346274,9.208423424e-06,0.9810805,3.52,0.4,0.17,0.19,0.24,,,,,
495,2027520,738,29800.86289232211,18770.37944837171,5.71,2524.35,-0.0011715486061802949,6844.438492894173,0.40015726527781226,9.206817792000002e-06,0.9830025,3.54,0.4,0.17,0.19,0.24,,,,,
496,2031616,739,29566.548515248185,18598.109005448638,5.65,2519.56,-0.0007631605294591282,10766.491386055946,0.3409860309038777,9.205212160000001e-06,0.967814,3.48,0.41,0.17,0.19,0.23,,,,,
497,2035712,741,29076.965321781496,18293.478197284567,5.66,2471.56,-0.0016159178157977294,4073.2080773711205,0.37469616372254677,9.203606528000001e-06,0.96903753,3.54,0.4,0.17,0.19,0.24,,,,,
498,2039808,742,29170.4754629911,18360.746766282726,5.67,2479.03,-0.001078409639376332,6027.474198043346,0.3765720256487839,9.202000896000001e-06,0.95172054,3.54,0.4,0.17,0.19,0.24,,,,,
499,2043904,742,29170.4754629911,18360.746766282726,5.67,2479.03,-0.0007427361724694492,6836.9816038012505,0.3410408007039223,9.200395264e-06,0.9879989,3.54,0.4,0.17,0.19,0.24,,,,,
500,2048000,743,29552.247325244156,18598.212777984405,5.68,2509.37,-0.0027230084378970787,3643.6042192280293,0.42055656207958236,9.198789632e-06,0.92095983,3.52,0.41,0.16,0.19,0.24,36085.35400147301,23343.24426039204,6.966666666666667,2661.0666666666666,0.1
501,2052096,743,29552.247325244156,18598.212777984405,5.68,2509.37,-0.0008553271964046871,6778.86779665947,0.3338005440309644,9.197184e-06,0.9816162,3.52,0.41,0.16,0.19,0.24,,,,,
502,2056192,746,30478.644261817353,19191.99392634345,5.73,2567.41,-0.0006990989968471695,8732.715498149395,0.37424381138407625,9.195578368e-06,0.8902238,3.51,0.41,0.17,0.18,0.24,,,,,
503,2060288,748,30100.097978385216,18978.67155485858,5.75,2540.52,-0.0004585578299156623,30862.877335309982,0.38427920488175005,9.193972736000001e-06,0.21433258,3.56,0.41,0.16,0.18,0.25,,,,,
504,2064384,749,30381.140866708327,19154.305329421757,5.77,2557.97,-0.0009699027632450452,3463.4936193823814,0.3798140546423383,9.192367104000001e-06,0.96514493,3.56,0.41,0.16,0.18,0.25,,,,,
505,2068480,749,30381.140866708327,19154.305329421757,5.77,2557.97,-0.0006679246816929663,3767.580147743225,0.34841471310937777,9.190761472000001e-06,0.979417,3.56,0.41,0.16,0.18,0.25,,,,,
506,2072576,751,31402.398663830696,19807.172733298386,5.88,2622.94,-0.0005272522303130245,14382.515890359879,0.41198640019865707,9.18915584e-06,0.9502235,3.6,0.41,0.16,0.17,0.26,,,,,
507,2076672,753,30259.251642811945,19057.871474392363,5.87,2554.37,-0.0012808059891540324,3391.674419105053,0.36760951252654195,9.187550208e-06,0.96118134,3.66,0.42,0.14,0.17,0.27,,,,,
508,2080768,754,30958.602718696708,19540.862589011747,5.94,2570.63,-0.00037011035055911634,47303.96783518791,0.3522523113642819,9.185944576e-06,0.9751874,3.72,0.41,0.14,0.17,0.28,,,,,
509,2084864,754,30958.602718696708,19540.862589011747,5.94,2570.63,-0.001318543370871339,5803.814392268658,0.3437302479869686,9.184338944e-06,0.9540567,3.72,0.41,0.14,0.17,0.28,,,,,
510,2088960,755,31723.84338668937,20006.311183606063,5.98,2616.56,-0.0007679932714381721,3229.4360926151276,0.3841802757815458,9.182733312e-06,0.9883659,3.71,0.42,0.13,0.17,0.28,,,,,
511,2093056,758,31723.097061143595,20034.608519338268,6.05,2616.9,-0.000516950854944298,6469.353047430515,0.39867394903558306,9.181127680000001e-06,0.9485693,3.78,0.43,0.11,0.16,0.3,,,,,
512,2097152,762,30196.246307363115,19125.321527612035,5.98,2496.58,-0.0007257490597112337,7508.299404025078,0.4110090767790098,9.179522048000001e-06,0.48244768,3.83,0.41,0.11,0.19,0.29,,,,,
513,2101248,763,30424.369449769074,19262.357585916223,6.0,2509.79,-0.0008040576785788289,5650.392498850822,0.3844036039663479,9.177916416000001e-06,0.91447127,3.83,0.41,0.11,0.19,0.29,,,,,
514,2105344,765,29664.779359541833,18785.196809423272,5.93,2461.26,-0.0015786823278176598,2694.5508442521095,0.42478533484973013,9.176310784e-06,0.8934371,3.81,0.41,0.12,0.18,0.29,,,,,
515,2109440,767,29646.742775895294,18774.772830506827,5.93,2458.49,-0.0008234290826294455,4996.425721168518,0.368191410205327,9.174705152e-06,0.90326583,3.81,0.41,0.12,0.18,0.29,,,,,
516,2113536,769,30072.273044027974,19037.98007786416,5.88,2505.75,-0.002590918201349268,4545.839963376522,0.4093322678236291,9.17309952e-06,0.6620915,3.71,0.43,0.12,0.17,0.28,,,,,
517,2117632,770,30019.12473145144,18994.26349704001,5.86,2511.6,-0.0008333540990861366,4180.125341236591,0.4084072586847469,9.171493888e-06,0.94672036,3.68,0.44,0.12,0.16,0.28,,,,,
518,2121728,772,30261.694014747107,19142.80163043173,5.77,2542.11,-0.0007379552098427666,3032.3244628310204,0.3605825034028385,9.169888256000002e-06,0.9556803,3.55,0.45,0.13,0.16,0.26,,,,,
519,2125824,774,30295.053536537518,19170.847776396913,5.8,2542.21,-0.0013096371903884574,8258.531980633736,0.3955586830852553,9.168282624000001e-06,0.944493,3.58,0.45,0.13,0.15,0.27,,,,,
520,2129920,775,30886.92697119282,19578.182373888532,5.83,2568.7,-0.000512580117174366,28940.70398235321,0.3862048391602002,9.166676992000001e-06,0.9646422,3.58,0.45,0.13,0.15,0.27,,,,,
521,2134016,776,30883.885056475676,19574.022590737255,5.83,2567.59,-0.0010341886681999313,4543.6767119169235,0.38073189626447856,9.165071360000001e-06,0.96279055,3.58,0.45,0.13,0.15,0.27,,,,,
522,2138112,777,30922.099051966044,19581.225785702267,5.81,2573.38,-0.0011419361171647324,4783.631568312645,0.40473184577422217,9.163465728e-06,0.98124033,3.55,0.45,0.14,0.14,0.27,,,,,
523,2142208,779,31105.353533519534,19699.215441382585,5.82,2581.08,-0.0007267555183716468,2361.1439751386642,0.3287642886280082,9.161860096e-06,0.9687626,3.55,0.46,0.12,0.15,0.27,,,,,
524,2146304,782,30112.54952312292,19066.99371909202,5.84,2516.61,-0.0011060202068620129,3448.2608658075333,0.46615242399275303,9.160254464e-06,0.9571633,3.63,0.45,0.12,0.15,0.28,,,,,
525,2150400,785,30251.014156130695,19148.67442279913,5.82,2527.49,-0.0013905760715715587,1930.338219344616,0.3779712186951656,9.158648832e-06,0.88154525,3.6,0.45,0.13,0.14,0.28,29747.31210977004,19152.81645239942,6.733333333333333,2430.9666666666667,0.03333333333333333
526,2154496,786,30674.77823823011,19388.86390878241,5.84,2559.67,-0.0004627270618584589,4712.9429314136505,0.3878042876604013,9.157043200000001e-06,0.9777745,3.59,0.46,0.12,0.14,0.28,,,,,
527,2158592,787,30826.210918393757,19494.400031113342,5.87,2565.98,-0.0008371149851882365,8042.248434305191,0.4231990787666291,9.155437568000001e-06,0.9584448,3.62,0.45,0.12,0.15,0.28,,,,,
528,2162688,790,30433.876232033148,19222.025514750756,5.88,2553.16,-0.0013096106986267841,7605.056463718414,0.43972517701331526,9.153831936000001e-06,0.9654868,3.65,0.44,0.13,0.15,0.28,,,,,
529,2166784,792,29736.050601842693,18770.014230747012,5.81,2518.41,-0.0009541896606606315,2699.2066146731377,0.40846996707841754,9.152226304e-06,0.95947057,3.61,0.44,0.14,0.15,0.27,,,,,
530,2170880,792,29736.050601842693,18770.014230747012,5.81,2518.41,-0.0002648656791279791,7326.42520147562,0.3539236294454895,9.150620672e-06,0.98352736,3.61,0.44,0.14,0.15,0.27,,,,,
531,2174976,793,30612.88492403359,19317.746676115265,5.86,2569.99,-0.00208052741982101,4209.463161885738,0.4351164302788675,9.14901504e-06,0.9729537,3.61,0.44,0.14,0.15,0.27,,,,,
532,2179072,793,30612.88492403359,19317.746676115265,5.86,2569.99,-0.0005935886474617291,6723.572076201439,0.4011833766126074,9.147409408e-06,0.97042286,3.61,0.44,0.14,0.15,0.27,,,,,
533,2183168,795,31006.357943193918,19570.6440729545,5.86,2592.28,-0.0013678606101166224,1542.0928492546082,0.37159242169582285,9.145803776e-06,0.9877276,3.58,0.44,0.14,0.15,0.27,,,,,
534,2187264,797,31605.645450182063,19928.203209363448,5.88,2634.9,-0.0019168210792486207,14117.050729870796,0.4120369844022207,9.144198144000001e-06,0.90585464,3.56,0.44,0.14,0.16,0.26,,,,,
535,2191360,797,31605.645450182063,19928.203209363448,5.88,2634.9,-0.0006297918653217494,27625.728984594345,0.3577281460457016,9.142592512000001e-06,0.9768791,3.56,0.44,0.14,0.16,0.26,,,,,
536,2195456,800,31748.61139291639,20052.798183466988,5.89,2620.47,-0.0011656396891339682,27013.290824234486,0.43566779542015865,9.140986880000001e-06,0.89992344,3.59,0.43,0.15,0.16,0.26,,,,,
537,2199552,802,31688.315873468466,19991.456529217063,5.87,2628.22,-0.0011110053592346958,3145.324846327305,0.38951502958661877,9.139381248e-06,0.85354537,3.56,0.43,0.16,0.16,0.25,,,,,
538,2203648,802,31688.315873468466,19991.456529217063,5.87,2628.22,-0.000856449765706202,2148.559908926487,0.4140510954312049,9.137775616e-06,0.97908187,3.56,0.43,0.16,0.16,0.25,,,,,
539,2207744,804,32215.24142735823,20324.163651313236,5.92,2662.1,-0.0007645677214895841,6198.779499351978,0.35758756595896557,9.136169984e-06,0.97292745,3.57,0.43,0.16,0.16,0.25,,,,,
540,2211840,808,31225.64851344002,19735.679847300657,5.91,2580.83,-0.0007990150497789728,15841.40593779087,0.45233947644010186,9.134564352e-06,0.4908362,3.66,0.41,0.16,0.17,0.26,,,,,
541,2215936,809,31701.29839940422,20020.998616962217,5.96,2610.83,-0.00046433701982095954,13263.862701177597,0.3751013604342006,9.132958720000002e-06,0.9677364,3.68,0.41,0.15,0.18,0.26,,,,,
542,2220032,810,32046.12311324628,20272.246065683852,6.04,2619.85,-0.0013826862723362865,14623.895161986351,0.405663963756524,9.131353088000001e-06,0.9734329,3.76,0.4,0.15,0.18,0.27,,,,,
543,2224128,811,32782.72372592526,20748.759794909693,6.1,2656.84,-0.00015785034156579059,19031.16768682003,0.3495224791113287,9.129747456000001e-06,0.9305639,3.79,0.39,0.15,0.19,0.27,,,,,
544,2228224,812,33270.4327823896,21045.837648393648,6.11,2695.42,-0.0011360900844010757,4109.036761879921,0.4012037646607496,9.128141824e-06,0.9686618,3.76,0.39,0.16,0.18,0.27,,,,,
545,2232320,813,33384.22801015198,21114.267502071332,6.12,2702.92,-0.0013947464794910047,3616.3059997558594,0.38890300938510336,9.126536192e-06,0.97220135,3.76,0.39,0.16,0.18,0.27,,,,,
546,2236416,815,32855.61166784508,20752.12493992094,6.1,2658.85,-0.0008987655264718342,2587.7719212174416,0.4327103609684855,9.12493056e-06,0.9674258,3.79,0.37,0.18,0.18,0.27,,,,,
547,2240512,818,32326.895817987748,20454.154516118437,6.07,2623.58,-0.0005905274019823992,15565.805955648422,0.440517796901986,9.123324928e-06,0.96673876,3.8,0.37,0.19,0.16,0.28,,,,,
548,2244608,819,32459.26720493059,20526.256836614364,6.08,2635.56,-0.0009569856447342318,3030.2540496587753,0.3812237005622592,9.121719296e-06,0.94307196,3.8,0.37,0.19,0.16,0.28,,,,,
549,2248704,821,32649.88912753338,20641.585451975,6.12,2630.25,-0.000656193637951219,6092.744170546532,0.3635856819455512,9.120113664000001e-06,0.987183,3.85,0.36,0.19,0.16,0.29,,,,,
550,2252800,822,32810.972326738476,20725.7173849412,6.1,2639.35,-0.0017363926945108688,3196.5878751277924,0.4365804531262256,9.118508032000001e-06,0.98337585,3.82,0.36,0.19,0.17,0.28,35255.90676621336,22946.61603544644,6.9,2607.4333333333334,0.06666666666666667
551,2256896,823,33366.15433129099,21080.439464542622,6.13,2673.39,-0.0005370804465201218,5871.904625356197,0.34932759337243624,9.116902400000001e-06,0.9701771,3.81,0.36,0.2,0.16,0.28,,,,,
552,2260992,823,33366.15433129099,21080.439464542622,6.13,2673.39,-0.0012549513749036123,3178.1048055887222,0.3561110192385968,9.115296768e-06,0.98858064,3.81,0.36,0.2,0.16,0.28,,,,,
553,2265088,825,34195.72366146471,21597.98420405617,6.09,2734.91,-0.0005965562163510185,6334.146730065346,0.40063141883001663,9.113691136e-06,0.9765156,3.7,0.37,0.21,0.15,0.27,,,,,
554,2269184,825,34195.72366146471,21597.98420405617,6.09,2734.91,-0.0005981097674521152,1638.7997168302536,0.3791471469157841,9.112085504e-06,0.98707336,3.7,0.37,0.21,0.15,0.27,,,,,
555,2273280,825,34195.72366146471,21597.98420405617,6.09,2734.91,-0.0033179935189764365,14677.66605603695,0.37331547937355936,9.110479872e-06,0.97878355,3.7,0.37,0.21,0.15,0.27,,,,,
556,2277376,827,35648.582974729914,22507.712039728634,6.17,2819.02,-0.0014649462136731017,11078.63807541132,0.3954370747960638,9.108874240000002e-06,0.9825044,3.7,0.37,0.21,0.15,0.27,,,,,
557,2281472,830,35727.436417846104,22620.470568698485,6.19,2829.4,-0.0005355580206014565,16874.069319486618,0.3814731828751974,9.107268608000001e-06,0.7835257,3.71,0.37,0.21,0.15,0.27,,,,,
558,2285568,831,35717.04046820662,22620.979518245378,6.16,2836.64,-0.0010825932113220915,2983.232866883278,0.3998253623722121,9.105662976000001e-06,0.96650964,3.67,0.38,0.21,0.14,0.27,,,,,
559,2289664,833,35989.45164208182,22788.064050406385,6.12,2861.14,-0.0010697299885578104,4265.205118536949,0.39312031253939494,9.104057344000001e-06,0.9510257,3.61,0.39,0.2,0.15,0.26,,,,,
560,2293760,833,35989.45164208182,22788.064050406385,6.12,2861.14,-0.0008540632843505591,7396.520582318306,0.4038330900366418,9.102451712e-06,0.97706616,3.61,0.39,0.2,0.15,0.26,,,,,
561,2297856,836,34056.2263140237,21594.98069681386,6.0,2731.82,-0.00047385050675075036,9362.330696821213,0.4381454361428041,9.10084608e-06,0.95045924,3.63,0.37,0.22,0.15,0.26,,,,,
562,2301952,837,34521.02932650664,21914.39637082103,6.07,2753.17,-0.00041314156987937167,10541.368269085884,0.3344381299975794,9.099240448e-06,0.9767216,3.68,0.36,0.22,0.15,0.27,,,,,
563,2306048,838,34564.769564763235,21914.83876604643,6.02,2766.42,-0.0014696580255986191,2385.2791160047054,0.4298247132683173,9.097634816e-06,0.9149063,3.61,0.37,0.22,0.15,0.26,,,,,
564,2310144,838,34564.769564763235,21914.83876604643,6.02,2766.42,-0.0012039737703162245,1487.242747604847,0.38846015773015097,9.096029184e-06,0.98971766,3.61,0.37,0.22,0.15,0.26,,,,,
565,2314240,839,35508.90931445311,22515.034878126633,6.08,2825.31,-0.0009427527875232045,5429.148885965347,0.3878455583471805,9.094423552000001e-06,0.9800084,3.61,0.37,0.22,0.15,0.26,,,,,
566,2318336,841,35622.681147948955,22568.221325359467,6.01,2854.32,-0.0010441520407766802,4939.743000626564,0.4272837402531877,9.092817920000001e-06,0.8452687,3.51,0.38,0.23,0.15,0.24,,,,,
567,2322432,843,34226.7291505526,21723.31908581735,6.0,2757.14,-0.0010789392708829837,5781.316561222076,0.3798033150960691,9.091212288e-06,0.8598318,3.6,0.37,0.23,0.15,0.25,,,,,
568,2326528,845,33666.30157413235,21365.95517642585,5.91,2727.85,-0.0008702096492925193,6075.014945864677,0.40018149276147597,9.089606656e-06,0.9639061,3.53,0.37,0.24,0.15,0.24,,,,,
569,2330624,846,33971.83439816711,21561.93220088962,5.93,2755.05,-0.002175487817112298,2526.9322984218597,0.3657686118967831,9.088001024e-06,0.95632625,3.52,0.38,0.23,0.15,0.24,,,,,
570,2334720,847,33884.08012916791,21517.61430440225,5.92,2749.59,-0.0021557128438871587,2048.766413092613,0.4032271401374601,9.086395392e-06,0.90753716,3.52,0.38,0.23,0.15,0.24,,,,,
571,2338816,850,32680.131863947892,20760.30311555687,5.85,2666.78,-0.0013022976081629167,5120.605277001858,0.4731377536081709,9.084789760000002e-06,0.71670437,3.54,0.38,0.23,0.15,0.24,,,,,
572,2342912,850,32680.131863947892,20760.30311555687,5.85,2666.78,-0.001447565093258163,5123.671986460686,0.4172971874359064,9.083184128000001e-06,0.9787936,3.54,0.38,0.23,0.15,0.24,,,,,
573,2347008,852,33241.46360600625,21104.435589319804,5.83,2710.04,-0.0017723816017678473,1821.1304866671562,0.43627457876573317,9.081578496000001e-06,0.8302007,3.48,0.38,0.24,0.15,0.23,,,,,
574,2351104,854,32551.596875886098,20632.768507614805,5.72,2696.07,-0.0006223667678568745,4896.3638780117035,0.4011706553865224,9.079972864000001e-06,0.96561736,3.38,0.39,0.24,0.16,0.21,,,,,
575,2355200,854,32551.596875886098,20632.768507614805,5.72,2696.07,-0.0007864363415137632,7181.964463591576,0.4102872040239163,9.078367232e-06,0.9704138,3.38,0.39,0.24,0.16,0.21,37677.40662650615,24319.639974139936,7.0,2829.1,0.06666666666666667
576,2359296,858,32146.098623192484,20420.581713122563,5.74,2655.83,-0.001273488708648074,8916.725889265537,0.43057233665604144,9.0767616e-06,0.970216,3.45,0.37,0.24,0.18,0.21,,,,,
577,2363392,859,32175.084557375543,20433.741163611176,5.72,2662.44,-0.0016694206979082082,2254.0130390524864,0.37777057487983257,9.075155968e-06,0.9736159,3.42,0.37,0.25,0.17,0.21,,,,,
578,2367488,859,32175.084557375543,20433.741163611176,5.72,2662.44,-0.0006426629452107591,4390.677230596542,0.3217831388756167,9.073550336e-06,0.9888922,3.42,0.37,0.25,0.17,0.21,,,,,
579,2371584,860,33322.46288627029,21126.192995666082,5.76,2739.05,-0.0010527937538427068,2062.0303973555565,0.38636869232868776,9.071944704e-06,0.97735727,3.38,0.38,0.25,0.16,0.21,,,,,
580,2375680,861,33780.2229857082,21413.622779940506,5.8,2774.21,-0.00054702704801457,4701.654179215431,0.4157473387895152,9.070339072000001e-06,0.95802313,3.38,0.38,0.25,0.16,0.21,,,,,
581,2379776,863,33864.14057318148,21480.310662174783,5.82,2785.27,-0.0005672467050317209,11856.10495853424,0.400719795958139,9.068733440000001e-06,0.8931338,3.4,0.38,0.25,0.15,0.22,,,,,
582,2383872,865,34054.82280532171,21599.343619389045,5.85,2796.84,-0.0006334807721941615,4724.298188209534,0.4043651145475451,9.067127808000001e-06,0.96523106,3.42,0.38,0.24,0.16,0.22,,,,,
583,2387968,865,34054.82280532171,21599.343619389045,5.85,2796.84,-0.0009702209226816194,4112.738017380238,0.3614781709620729,9.065522176e-06,0.9699487,3.42,0.38,0.24,0.16,0.22,,,,,
584,2392064,867,34541.82348667181,21922.337254795908,5.9,2826.77,-0.0006194556790433126,8644.636095523834,0.407651714165695,9.063916544e-06,0.94684106,3.44,0.37,0.25,0.16,0.22,,,,,
585,2396160,868,34644.04217110037,21988.02688142034,5.91,2831.93,-0.0010485870061529567,3729.837004303932,0.3722596169973258,9.062310912e-06,0.9757916,3.44,0.37,0.25,0.16,0.22,,,,,
586,2400256,869,35216.36741043403,22330.017546854866,5.96,2859.17,-0.0007124938592824037,3605.3512048125267,0.38687854685122147,9.06070528e-06,0.99036473,3.46,0.36,0.26,0.16,0.22,,,,,
587,2404352,870,35195.255882839934,22332.221029397733,5.98,2849.32,-0.0007373558473773301,3097.733984619379,0.3442054456972983,9.059099648000001e-06,0.941191,3.5,0.35,0.26,0.17,0.22,,,,,
588,2408448,872,35267.26290690932,22363.548739430218,5.98,2857.49,-0.0009640172920626355,4045.1903619766235,0.42700914526358247,9.057494016000001e-06,0.9595198,3.49,0.36,0.25,0.17,0.22,,,,,
589,2412544,874,35321.09990636438,22394.35599962718,5.93,2871.58,-0.0008763380774325924,14510.971671462059,0.4277606613759417,9.055888384000001e-06,0.54675007,3.43,0.37,0.25,0.17,0.21,,,,,
590,2416640,876,34583.30712437534,21907.150341077464,5.84,2837.73,-0.0010665157096809708,2796.062214076519,0.37784689356340095,9.054282752e-06,0.9115449,3.38,0.37,0.26,0.17,0.2,,,,,
591,2420736,878,34212.239701868355,21669.385955688656,5.84,2815.73,-0.000560527301786351,5050.916844844818,0.3882205020345282,9.05267712e-06,0.97151566,3.4,0.37,0.26,0.16,0.21,,,,,
592,2424832,880,34119.50114795109,21621.58279680221,5.88,2794.29,-0.001156304025244026,6086.229022741318,0.4272750845993869,9.051071488e-06,0.9706102,3.47,0.35,0.27,0.16,0.22,,,,,
593,2428928,882,34406.99890531938,21804.452269043835,5.87,2815.55,-0.0004159651234658668,51020.83836746216,0.3908114470250439,9.049465856e-06,0.9615829,3.44,0.35,0.27,0.17,0.21,,,,,
594,2433024,884,34970.526919568605,22210.41023439032,5.97,2846.39,-0.00035967813164461404,54198.43501329422,0.4253656952059828,9.047860224e-06,0.12115085,3.52,0.35,0.26,0.17,0.22,,,,,
595,2437120,885,35069.132778568164,22277.970229811322,5.98,2855.42,-0.0009147386281256331,8004.134059667587,0.42004845791962,9.046254592000001e-06,0.94185233,3.52,0.35,0.26,0.17,0.22,,,,,
596,2441216,888,34212.59462424062,21743.202718822966,5.9,2800.25,-0.0005927473557676421,8600.67782652378,0.432858434796799,9.044648960000001e-06,0.92070776,3.49,0.35,0.27,0.17,0.21,,,,,
597,2445312,890,34626.59014342626,22026.345934954057,5.88,2828.31,-0.0007049366158753401,12160.492436051369,0.4626053313841112,9.043043328000001e-06,0.9504449,3.43,0.35,0.27,0.18,0.2,,,,,
598,2449408,891,34857.51272377504,22163.686429310055,5.89,2847.98,-0.0006378709731507115,11736.729279637337,0.42285443580476567,9.041437696e-06,0.85501736,3.42,0.35,0.27,0.18,0.2,,,,,
599,2453504,895,32838.73603183975,20931.12466250967,5.78,2716.25,-0.0016494789388161735,4739.024768173695,0.4848340956377797,9.039832064e-06,0.9292797,3.45,0.33,0.28,0.2,0.19,,,,,
600,2457600,896,32935.404750676396,20975.51980308555,5.8,2712.47,-0.0010239162056677742,2075.328813433647,0.38931734120706096,9.038226432e-06,0.9856291,3.47,0.33,0.27,0.21,0.19,36796.01901931987,23826.392640826234,7.066666666666666,2840.266666666667,0.1
601,2461696,897,33191.9207433195,21160.507527028894,5.81,2727.02,-0.000524131127349392,7949.713458538055,0.38422819250263274,9.0366208e-06,0.97666156,3.46,0.33,0.27,0.21,0.19,,,,,
602,2465792,898,33162.08052807968,21122.614526839894,5.8,2727.99,-0.0008836198812787188,13915.646275281906,0.3048200815683231,9.035015168000002e-06,0.98503286,3.45,0.33,0.27,0.21,0.19,,,,,
603,2469888,900,33318.85822962741,21219.51134016188,5.8,2744.96,-0.0007933168762974674,6757.499836206436,0.4221366172423586,9.033409536000001e-06,0.70694995,3.43,0.34,0.26,0.21,0.19,,,,,
604,2473984,903,32623.019611518517,20797.849518069615,5.77,2691.39,-0.000980803815764375,3476.1572898626328,0.3780562346219085,9.031803904000001e-06,0.92459345,3.46,0.32,0.27,0.22,0.19,,,,,
605,2478080,904,33011.948927180696,21026.311341865185,5.77,2725.63,-0.0012567514359034249,2585.4573915600777,0.36883289183606394,9.030198272000001e-06,0.95808446,3.42,0.33,0.27,0.21,0.19,,,,,
606,2482176,906,32840.60839040708,20913.00760346613,5.68,2733.17,-0.0009530354327580426,4202.974735617638,0.4922596553224139,9.02859264e-06,0.9008335,3.32,0.35,0.27,0.2,0.18,,,,,
607,2486272,906,32840.60839040708,20913.00760346613,5.68,2733.17,-0.001537318084956496,1354.2494094371796,0.39806651198887266,9.026987008e-06,0.98371655,3.32,0.35,0.27,0.2,0.18,,,,,
608,2490368,907,33357.23466586153,21227.301182113137,5.66,2776.08,-0.001321262074270635,3092.5631049871445,0.39453213301021606,9.025381376e-06,0.9506273,3.25,0.36,0.27,0.2,0.17,,,,,
609,2494464,908,34037.45059381785,21649.588973470316,5.7,2829.57,-0.0010895452705881326,6120.980226814747,0.4341389508044813,9.023775744e-06,0.94316345,3.24,0.37,0.26,0.2,0.17,,,,,
610,2498560,909,33635.579948343286,21410.873957109892,5.67,2803.94,-0.0009564417077854159,7081.868375122547,0.44278989982558414,9.022170112e-06,0.9475221,3.23,0.37,0.27,0.19,0.17,,,,,
611,2502656,911,33046.4689239644,20997.9891441941,5.6,2780.63,-0.0005070465886092279,4950.16632682085,0.38658131993724965,9.020564480000001e-06,0.9749342,3.17,0.37,0.28,0.19,0.16,,,,,
612,2506752,912,33085.1133418275,21041.458642650545,5.63,2770.71,-0.0005865819857717725,7292.4197680950165,0.41362292505800724,9.018958848000001e-06,0.9778763,3.21,0.37,0.27,0.19,0.17,,,,,
613,2510848,914,32999.08110094125,21008.912172637414,5.61,2771.35,-0.0007730544734840805,7716.550228476524,0.4151757451472804,9.017353216e-06,0.93903077,3.19,0.38,0.27,0.18,0.17,,,,,
614,2514944,916,33213.608439450945,21183.664522054718,5.7,2765.58,-0.0008029265736695379,7171.549866616726,0.3763098595663905,9.015747584e-06,0.9808518,3.29,0.37,0.26,0.18,0.19,,,,,
615,2519040,917,33483.3812205229,21354.901377404385,5.72,2785.04,-0.0011674427096295403,5639.065435051918,0.4112952271825634,9.014141952e-06,0.9822171,3.29,0.37,0.26,0.18,0.19,,,,,
616,2523136,918,33495.91958524121,21338.667181580273,5.7,2791.56,-0.0008140815207298147,3404.8220275640488,0.37786955083720386,9.01253632e-06,0.8902824,3.27,0.37,0.26,0.18,0.19,,,,,
617,2527232,921,33222.506805876976,21180.509909866225,5.74,2780.45,-0.0008971290353656514,9650.396974563599,0.4607082364964299,9.010930688e-06,0.91944134,3.32,0.37,0.26,0.17,0.2,,,,,
618,2531328,922,33186.88068175208,21162.02075253186,5.71,2783.3,-0.00048767583939479664,2838.4370391964912,0.3582791028020438,9.009325056000001e-06,0.9400684,3.28,0.38,0.26,0.16,0.2,,,,,
619,2535424,925,31735.167304563347,20271.918212076198,5.66,2694.95,-0.0010827065125340596,3658.7903819084167,0.461945959541481,9.007719424000001e-06,0.9592494,3.33,0.38,0.25,0.16,0.21,,,,,
620,2539520,928,30417.163597744406,19411.334673505367,5.53,2615.76,-0.001850177517553675,2809.8310539126396,0.4609794653952122,9.006113792000001e-06,0.9349575,3.27,0.37,0.27,0.16,0.2,,,,,
621,2543616,930,30338.080753562837,19347.128396423206,5.48,2614.57,-0.0007966133816807996,7381.430868506432,0.41534327872795984,9.00450816e-06,0.95993555,3.22,0.38,0.27,0.15,0.2,,,,,
622,2547712,932,30250.911386338834,19344.533550491087,5.57,2586.48,-0.0004691862286563264,16546.623403787613,0.3989524181233719,9.002902528e-06,0.89462006,3.35,0.36,0.27,0.15,0.22,,,,,
623,2551808,934,29741.389239213397,19013.081088193085,5.51,2570.34,-0.0007287290527528967,3327.4103838205338,0.44175074610393494,9.001296896e-06,0.9559823,3.31,0.37,0.27,0.14,0.22,,,,,
624,2555904,936,29777.562903927937,19028.985549728135,5.51,2573.63,-0.0009815191478992347,1607.55291223526,0.44324928149580956,8.999691264e-06,0.943171,3.3,0.38,0.26,0.14,0.22,,,,,
625,2560000,936,29777.562903927937,19028.985549728135,5.51,2573.63,-0.0015978330384314177,3241.5025945305824,0.3650377854355611,8.998085632e-06,0.9844844,3.3,0.38,0.26,0.14,0.22,41766.17373749114,26942.276512823555,7.2,2940.5333333333333,0.2
626,2564096,937,29994.23575334201,19148.999672723447,5.5,2595.26,-0.001025628727802541,3426.7187101244926,0.4263028498389758,8.996480000000001e-06,0.9314085,3.27,0.38,0.27,0.14,0.21,,,,,
627,2568192,939,29577.497630644968,18924.675889199538,5.53,2558.96,-0.0002510257099856972,20944.685825824738,0.38568515644874424,8.994874368000001e-06,0.9445184,3.34,0.37,0.27,0.14,0.22,,,,,
628,2572288,942,28938.269638217604,18537.816098022136,5.51,2499.65,-0.0012491083525674185,3471.516545832157,0.4547482235939242,8.993268736000001e-06,0.9694545,3.39,0.35,0.28,0.15,0.22,,,,,
629,2576384,945,29002.088063640338,18554.770780842322,5.46,2492.89,-0.001506662820247584,7660.393634855747,0.4604424212593585,8.991663104e-06,0.959464,3.35,0.35,0.28,0.16,0.21,,,,,
630,2580480,947,28566.897177689625,18283.705724115847,5.47,2446.36,-0.0011586836144488188,4271.545968174934,0.3998682465753518,8.990057472e-06,0.8940839,3.41,0.33,0.28,0.18,0.21,,,,,
631,2584576,947,28566.897177689625,18283.705724115847,5.47,2446.36,-0.0003794354042838677,5681.2365345954895,0.3447519330657087,8.98845184e-06,0.9814896,3.41,0.33,0.28,0.18,0.21,,,,,
632,2588672,950,29219.76538986696,18695.862794977136,5.55,2481.66,-0.0015779724835738307,3967.3587515354156,0.43381404667161405,8.986846208000002e-06,0.95682,3.45,0.32,0.28,0.18,0.22,,,,,
633,2592768,950,29219.76538986696,18695.862794977136,5.55,2481.66,-0.0008326890347234439,2913.11491638422,0.37191065202932805,8.985240576000001e-06,0.9927918,3.45,0.32,0.28,0.18,0.22,,,,,
634,2596864,954,29052.612942447315,18585.626259164816,5.53,2459.03,-0.0013715699351450894,2073.2007387280464,0.42230153310811147,8.983634944000001e-06,0.7869624,3.45,0.32,0.28,0.17,0.23,,,,,
635,2600960,956,28566.428503889896,18239.320696992774,5.45,2446.75,-0.0007710342524660518,3642.340265452862,0.38815584883559495,8.982029312000001e-06,0.9604724,3.38,0.33,0.28,0.17,0.22,,,,,
636,2605056,956,28566.428503889896,18239.320696992774,5.45,2446.75,-0.000668025028971897,12263.71471786499,0.36117846274282783,8.98042368e-06,0.9708804,3.38,0.33,0.28,0.17,0.22,,,,,
637,2609152,959,29264.273336579394,18696.030463404157,5.53,2478.96,-0.0005807249144709203,12665.244477272034,0.4174575947690755,8.978818048e-06,0.9114493,3.43,0.33,0.27,0.17,0.23,,,,,
638,2613248,962,27586.261477160573,17673.695752602634,5.54,2346.17,-0.000507666507473914,20701.89340543747,0.44432520429836586,8.977212416e-06,0.9320315,3.58,0.31,0.27,0.17,0.25,,,,,
639,2617344,962,27586.261477160573,17673.695752602634,5.54,2346.17,-0.00048606433847453445,49966.786616802216,0.39980650664074346,8.975606784e-06,0.9755369,3.58,0.31,0.27,0.17,0.25,,,,,
640,2621440,963,28878.99035313538,18490.48419232568,5.61,2402.28,-0.0017473758234700654,55700.42800992727,0.33614723692880943,8.974001152e-06,0.9473637,3.6,0.31,0.27,0.17,0.25,,,,,
641,2625536,964,29190.9557578609,18692.658376904226,5.63,2421.12,-0.0010130390310223447,7805.006551742554,0.35692161932820454,8.972395520000001e-06,0.96594954,3.6,0.31,0.27,0.17,0.25,,,,,
642,2629632,965,29552.208151457227,18930.268833238184,5.68,2439.38,-0.0006099714864831185,4042.882283270359,0.3830611892044544,8.970789888000001e-06,0.98422027,3.63,0.31,0.27,0.16,0.26,,,,,
643,2633728,969,28417.172323468807,18202.59012708283,5.67,2353.2,-0.0009842336075962521,4211.021252691746,0.46700843737926334,8.969184256000001e-06,0.97832155,3.71,0.31,0.25,0.16,0.28,,,,,
644,2637824,972,27688.17372923838,17750.521389474132,5.66,2289.73,-0.0011006104414263973,6919.99290150404,0.42013194639002904,8.967578624e-06,0.90353024,3.77,0.29,0.26,0.16,0.29,,,,,
645,2641920,974,27836.93782484817,17843.404804342597,5.7,2289.66,-0.0008924967260099947,4524.571728408337,0.38388163040508516,8.965972992e-06,0.97644734,3.81,0.28,0.26,0.17,0.29,,,,,
646,2646016,976,27959.28169911621,17916.048911142174,5.72,2293.49,-0.0007179627918958431,1705.8434755504131,0.41377424518577754,8.96436736e-06,0.96617043,3.82,0.27,0.27,0.17,0.29,,,,,
647,2650112,978,27763.451927810343,17805.764457415717,5.71,2277.19,-0.001083539327737526,5515.737967789173,0.33902289866819046,8.962761728e-06,0.9774398,3.83,0.27,0.26,0.18,0.29,,,,,
648,2654208,979,27932.449913972774,17918.013923428076,5.68,2301.86,-0.0014324217600005795,3891.0729271769524,0.39816246993723325,8.961156096000002e-06,0.95510674,3.77,0.28,0.26,0.18,0.28,,,,,
649,2658304,980,28106.53568485159,18019.85377131234,5.69,2319.47,-0.0008934423785831314,5692.790199697018,0.3674686917802319,8.959550464000001e-06,0.8996436,3.76,0.29,0.25,0.18,0.28,,,,,
650,2662400,981,28729.112391278897,18404.274673708383,5.71,2364.66,-0.001106892934330972,4502.860066473484,0.35173475128249265,8.957944832000001e-06,0.9855237,3.73,0.3,0.25,0.17,0.28,44086.036719063304,28459.095490231684,7.3,3022.266666666667,0.13333333333333333
651,2666496,982,28889.52237088302,18511.335187469358,5.67,2382.17,-0.0015747577599540818,3677.174255490303,0.40167100113467313,8.956339200000001e-06,0.91221774,3.67,0.3,0.26,0.17,0.27,,,,,
652,2670592,982,28889.52237088302,18511.335187469358,5.67,2382.17,-0.002389146665336739,8840.811576604843,0.33033303215052,8.954733568e-06,0.94998616,3.67,0.3,0.26,0.17,0.27,,,,,
653,2674688,983,29232.50426326328,18694.79405998496,5.63,2421.51,-0.0006438666459871456,5864.788524568081,0.3914753697463311,8.953127936e-06,0.95469844,3.58,0.31,0.26,0.17,0.26,,,,,
654,2678784,983,29232.50426326328,18694.79405998496,5.63,2421.51,-0.0011518230467117974,4209.878043353558,0.3874049563310109,8.951522304e-06,0.9891291,3.58,0.31,0.26,0.17,0.26,,,,,
655,2682880,986,29592.90049989881,18907.728979924184,5.67,2442.36,-0.0006910409756528679,10632.605547428131,0.411951940797735,8.949916672e-06,0.6899906,3.6,0.32,0.25,0.16,0.27,,,,,
656,2686976,987,30076.12154298494,19241.9438152284,5.75,2455.33,-0.000356432106855209,23435.429818987846,0.4027214919333346,8.948311040000001e-06,0.9714503,3.67,0.31,0.25,0.16,0.28,,,,,
657,2691072,990,30037.475229031777,19194.246388363368,5.81,2445.95,-0.0009502492403044016,7188.656275033951,0.41238479170715436,8.946705408000001e-06,0.96888024,3.74,0.31,0.23,0.16,0.3,,,,,
658,2695168,993,30042.98549986981,19181.42826055114,5.81,2438.44,-0.0027700565642589936,1720.90573194623,0.4017296336241998,8.945099776000001e-06,0.97182107,3.75,0.31,0.23,0.16,0.3,,,,,
659,2699264,994,30337.462753095715,19344.890497144646,5.81,2466.8,-0.001108221590584435,2221.1897534132004,0.3902727751410566,8.943494144e-06,0.9284893,3.72,0.32,0.23,0.15,0.3,,,,,
660,2703360,995,30763.27987936796,19600.557478882136,5.83,2499.96,-0.0012683233835559804,3053.9010040163994,0.4061664613545872,8.941888512e-06,0.98213077,3.7,0.33,0.22,0.15,0.3,,,,,
661,2707456,997,29908.330478148524,19049.500408236494,5.75,2458.47,-0.001267919077690749,2182.033159971237,0.40026952762855217,8.94028288e-06,0.8821602,3.67,0.34,0.22,0.14,0.3,,,,,
662,2711552,998,29430.68729983124,18727.20255752767,5.69,2453.99,-0.0010129684324056143,6547.930051207542,0.3596510813222267,8.938677248e-06,0.9456392,3.61,0.35,0.22,0.14,0.29,,,,,
663,2715648,1000,29381.659074467374,18706.20548740936,5.72,2436.9,-0.001271796671062475,4156.657388150692,0.3767130729975179,8.937071616000002e-06,0.9645518,3.66,0.33,0.23,0.15,0.29,,,,,
664,2719744,1001,29773.787640096798,18938.301818438333,5.74,2467.87,-0.0011733851069948287,2961.301480650902,0.37897464403067715,8.935465984000001e-06,0.9796018,3.65,0.34,0.22,0.15,0.29,,,,,
665,2723840,1002,30170.66594092352,19181.2689768833,5.75,2505.87,-0.0010531542920944048,3169.0795254707336,0.4076394904695917,8.933860352000001e-06,0.95326585,3.62,0.35,0.22,0.14,0.29,,,,,
666,2727936,1004,30116.188237512357,19166.64570727292,5.76,2497.61,-0.0016801017172838328,3749.4188348054886,0.42549558682367206,8.932254720000001e-06,0.9615486,3.63,0.35,0.22,0.14,0.29,,,,,
667,2732032,1006,30142.424388571628,19198.948907539325,5.82,2492.95,-0.0011930653390663792,4527.835179626942,0.4571461003506556,8.930649088e-06,0.94707024,3.69,0.34,0.22,0.14,0.3,,,,,
668,2736128,1008,29148.41121662899,18564.564351650326,5.76,2415.33,-0.0008647227946312341,3298.359662115574,0.4110032579046674,8.929043456e-06,0.92764103,3.71,0.33,0.23,0.14,0.3,,,,,
669,2740224,1012,27810.556917353173,17705.946122391244,5.69,2327.1,-0.0010451208718222915,8598.168178617954,0.4347929752548225,8.927437824e-06,0.9640867,3.73,0.34,0.21,0.15,0.3,,,,,
670,2744320,1013,27939.080629759465,17809.52815189374,5.74,2324.61,-0.001150441921708989,2075.7200542092323,0.41347224317723885,8.925832192e-06,0.96199805,3.79,0.33,0.21,0.15,0.31,,,,,
671,2748416,1014,28898.3864441348,18414.544500468946,5.79,2385.64,-0.0003771790647988382,8434.12712097168,0.3699634667718783,8.92422656e-06,0.9804534,3.77,0.34,0.2,0.15,0.31,,,,,
672,2752512,1014,28898.3864441348,18414.544500468946,5.79,2385.64,-0.0006399847407010384,4216.1264053583145,0.3549960704112891,8.922620928000001e-06,0.9713065,3.77,0.34,0.2,0.15,0.31,,,,,
673,2756608,1015,29400.94900681015,18706.360056558417,5.78,2428.93,-0.000977739453446702,5517.425910234451,0.3182971636997536,8.921015296000001e-06,0.97918683,3.72,0.34,0.21,0.15,0.3,,,,,
674,2760704,1016,29541.84146486953,18794.19265715543,5.74,2446.13,-0.0010228398286926677,5414.429520905018,0.3741556462191511,8.919409664000001e-06,0.98208517,3.66,0.35,0.21,0.15,0.29,,,,,
675,2764800,1018,29637.185450776607,18850.447423105456,5.73,2449.98,-0.0006513449679914629,6119.3368228673935,0.43664746871218085,8.917804032e-06,0.9663278,3.64,0.35,0.21,0.16,0.28,47636.712892134274,30755.347856721204,7.433333333333334,3241.4333333333334,0.16666666666666666
676,2768896,1019,29212.747489298406,18580.16364624697,5.7,2422.15,-0.00214396506180492,3959.541516840458,0.4276328273117542,8.9161984e-06,0.9358954,3.64,0.35,0.21,0.16,0.28,,,,,
677,2772992,1020,29858.96697327641,18987.047821164168,5.7,2464.45,-0.00042572586880851304,12004.6295440197,0.4352313492563553,8.914592768e-06,0.95301723,3.6,0.35,0.21,0.17,0.27,,,,,
678,2777088,1022,29783.876349738148,18987.392720273707,5.72,2454.45,-0.0007821038161637262,5389.262294173241,0.4263244788744487,8.912987136e-06,0.96379584,3.63,0.34,0.21,0.18,0.27,,,,,
679,2781184,1023,30182.01769859638,19243.32650200207,5.75,2477.52,-0.0007822176594345365,4669.135226607323,0.34705649912939407,8.911381504000001e-06,0.9781411,3.63,0.34,0.21,0.18,0.27,,,,,
680,2785280,1023,30182.01769859638,19243.32650200207,5.75,2477.52,-0.0010989225902449107,6357.385040044785,0.3764198053686414,8.909775872000001e-06,0.95855033,3.63,0.34,0.21,0.18,0.27,,,,,
681,2789376,1023,30182.01769859638,19243.32650200207,5.75,2477.52,-0.0005286633768264437,15435.086381733418,0.31249551658402197,8.908170240000001e-06,0.9886283,3.63,0.34,0.21,0.18,0.27,,,,,
682,2793472,1025,31990.86291666766,20366.21295741191,5.81,2593.4,-0.0007944251310618711,5913.122660458088,0.4356780298403464,8.906564608e-06,0.96233535,3.57,0.35,0.21,0.18,0.26,,,,,
683,2797568,1026,31855.23169488743,20288.736174149264,5.79,2586.8,-0.000639691637843498,3620.342480778694,0.34747741371393204,8.904958976e-06,0.95491904,3.56,0.35,0.21,0.18,0.26,,,,,
684,2801664,1027,32302.549811556586,20576.62590242823,5.82,2624.67,-0.0017633571123951697,3566.1603865027428,0.35554379178211093,8.903353344e-06,0.95756,3.55,0.36,0.2,0.18,0.26,,,,,
685,2805760,1030,32623.39546908967,20754.371585882498,5.87,2639.57,-0.0006938411224837182,4054.843166768551,0.43189145444193855,8.901747712e-06,0.9651293,3.58,0.36,0.19,0.19,0.26,,,,,
686,2809856,1031,32753.350112559245,20816.918702138984,5.85,2652.82,-0.0006335478319670074,5499.743674337864,0.3209906312986277,8.90014208e-06,0.970033,3.54,0.36,0.2,0.19,0.25,,,,,
687,2813952,1032,32678.075375395776,20739.919332610105,5.79,2654.42,-0.0013471832744471612,3926.5244529247284,0.4060532146249898,8.898536448000001e-06,0.9543748,3.48,0.36,0.21,0.19,0.24,,,,,
688,2818048,1036,32384.367611514135,20583.708255028872,5.85,2624.05,-0.0013816473124279582,8470.680214643478,0.4132764098176267,8.896930816000001e-06,0.71814764,3.58,0.35,0.21,0.19,0.25,,,,,
689,2822144,1038,31227.475704259312,19847.687004324976,5.79,2541.43,-0.000982198373094434,4298.333014965057,0.4396969715016894,8.895325184000001e-06,0.86830527,3.6,0.35,0.2,0.2,0.25,,,,,
690,2826240,1039,31077.703921252014,19721.634220018972,5.73,2547.22,-0.00025835370615823194,32357.684196710587,0.37944958297885023,8.893719552e-06,0.9557654,3.53,0.36,0.2,0.2,0.24,,,,,
691,2830336,1040,31800.303245839827,20190.12843775818,5.79,2583.11,-0.0010749809598564752,7415.486235737801,0.3804764178930782,8.89211392e-06,0.8982907,3.56,0.36,0.2,0.19,0.25,,,,,
692,2834432,1043,31877.68382775399,20234.96991658334,5.88,2602.01,-0.0005354844206522102,6472.822618722916,0.41057512257248163,8.890508288e-06,0.9235224,3.63,0.37,0.18,0.18,0.27,,,,,
693,2838528,1044,32143.96031738098,20400.59477921501,5.9,2623.82,-0.0016299610197165748,2040.4129810929298,0.3883209476771299,8.888902656e-06,0.97441715,3.63,0.37,0.18,0.18,0.27,,,,,
694,2842624,1046,32367.12341960183,20543.862988037792,5.93,2640.82,-0.0007101783271536988,4007.6652502417564,0.40296540601411834,8.887297024000002e-06,0.97004694,3.64,0.37,0.18,0.17,0.28,,,,,
695,2846720,1047,32526.87649386205,20640.37850602448,5.92,2660.21,-0.001971755686099641,2055.7219997644424,0.4470102048944682,8.885691392000001e-06,0.94285244,3.61,0.38,0.18,0.16,0.28,,,,,
696,2850816,1049,31949.654580289567,20298.376341988926,5.9,2625.5,-0.0010307836346328259,7825.390459537506,0.42660188232548535,8.884085760000001e-06,0.908645,3.62,0.38,0.18,0.16,0.28,,,,,
697,2854912,1049,31949.654580289567,20298.376341988926,5.9,2625.5,-0.0008991193471956649,3686.578123688698,0.3718725761573296,8.882480128e-06,0.9864738,3.62,0.38,0.18,0.16,0.28,,,,,
698,2859008,1051,32093.694681350204,20381.8820080572,5.85,2652.7,-0.00023343365865002852,26181.23004436493,0.4207334441598505,8.880874496e-06,0.37472844,3.54,0.4,0.17,0.16,0.27,,,,,
699,2863104,1053,32099.73118801546,20390.01927096338,5.85,2655.75,-0.0006912620974617312,5158.909986138344,0.4701219541602768,8.879268864e-06,0.91827154,3.54,0.4,0.17,0.16,0.27,,,,,
700,2867200,1056,32321.327168549,20546.90477332069,5.87,2658.03,-0.00044729722048941767,8370.016785383224,0.39659467863384634,8.877663232e-06,0.94764054,3.56,0.39,0.18,0.16,0.27,46959.89720665781,30333.598076061346,7.366666666666666,3167.3,0.16666666666666666
701,2871296,1056,32321.327168549,20546.90477332069,5.87,2658.03,-0.0014124266544968123,4340.008844673634,0.39390255420585163,8.8760576e-06,0.98500586,3.56,0.39,0.18,0.16,0.27,,,,,
702,2875392,1057,32402.01817341391,20582.773504942874,5.86,2669.01,-0.00033471875030954834,2879.6198605298996,0.3525121445127297,8.874451968000001e-06,0.97156435,3.53,0.39,0.19,0.15,0.27,,,,,
703,2879488,1059,32650.632615926308,20727.75652502634,5.78,2702.16,-0.0009163603854176472,2485.39880746603,0.405784840346314,8.872846336000001e-06,0.9550246,3.41,0.41,0.19,0.15,0.25,,,,,
704,2883584,1061,32653.34783374409,20691.99643054765,5.68,2715.9,-0.0008675262206452317,2391.277917712927,0.4094506974215619,8.871240704000001e-06,0.96334934,3.29,0.42,0.19,0.16,0.23,,,,,
705,2887680,1062,32669.183344972873,20701.20728121317,5.68,2718.3,-0.0005049229703217861,3105.9988710284233,0.3915110069210641,8.869635072e-06,0.94611305,3.29,0.42,0.19,0.16,0.23,,,,,
706,2891776,1063,31644.05744226044,20035.275213228557,5.59,2688.52,-0.0014725469245604472,2041.6705992817879,0.3792801699601114,8.86802944e-06,0.9663971,3.22,0.43,0.19,0.16,0.22,,,,,
707,2895872,1065,31393.28421917999,19849.445449888914,5.55,2679.04,-0.000866915672304458,2263.25344479084,0.35219301292090677,8.866423808e-06,0.9858097,3.19,0.43,0.19,0.17,0.21,,,,,
708,2899968,1066,31303.431037920163,19794.60225417207,5.54,2674.17,-0.0003438073181314394,7222.6273819208145,0.3720436634903308,8.864818176e-06,0.9283654,3.19,0.43,0.19,0.17,0.21,,,,,
709,2904064,1067,31572.039268224355,19962.719245079985,5.51,2693.2,-0.0011746439795388142,10226.046157479286,0.40176505138515495,8.863212544000002e-06,0.9446852,3.14,0.43,0.19,0.18,0.2,,,,,
710,2908160,1068,32290.269735619364,20410.118514035352,5.53,2738.67,-0.0008979483345683548,2527.632860302925,0.3855351066158619,8.861606912000001e-06,0.9864963,3.11,0.43,0.2,0.18,0.19,,,,,
711,2912256,1069,32321.86137526596,20427.853633901534,5.5,2754.63,-0.0005561632333410671,3914.2808752059937,0.40073914220556617,8.860001280000001e-06,0.9817154,3.06,0.44,0.2,0.18,0.18,,,,,
712,2916352,1072,32896.143252461596,20785.49091275023,5.5,2799.06,-0.000698181034749723,4434.0339633226395,0.3988558479468338,8.858395648000001e-06,0.96252316,3.01,0.44,0.22,0.17,0.17,,,,,
713,2920448,1074,32637.112979378147,20610.200235905515,5.49,2787.51,-0.0016803319676910178,2429.4878191649914,0.40043921989854425,8.856790016e-06,0.8777781,3.01,0.45,0.21,0.16,0.18,,,,,
714,2924544,1076,32295.90473321972,20392.168310692105,5.53,2758.55,-0.0018700094869927852,2610.073226928711,0.3709451358881779,8.855184384e-06,0.95039195,3.09,0.45,0.19,0.16,0.2,,,,,
715,2928640,1077,32926.115951518004,20796.95259956897,5.56,2806.85,-0.0005012688375245489,7221.281245291233,0.3695334490039386,8.853578752e-06,0.95694065,3.07,0.45,0.2,0.15,0.2,,,,,
716,2932736,1078,32783.399242152314,20680.98590731506,5.51,2808.07,-0.001930666118823865,4729.257494568825,0.4041764948924538,8.85197312e-06,0.9566922,3.02,0.46,0.2,0.15,0.19,,,,,
717,2936832,1078,32783.399242152314,20680.98590731506,5.51,2808.07,-0.0014356781684909947,4640.414276838303,0.3424559913983103,8.850367488e-06,0.9862161,3.02,0.46,0.2,0.15,0.19,,,,,
718,2940928,1079,33533.20956366533,21140.688670132775,5.55,2848.89,-0.0009447184665987152,2932.0868412852287,0.33073696779320017,8.848761856000001e-06,0.9493421,3.02,0.46,0.2,0.15,0.19,,,,,
719,2945024,1081,32949.691621246755,20782.31607603414,5.53,2808.51,-0.0021278816120684496,1704.582182019949,0.4502283033798449,8.847156224000001e-06,0.96870327,3.04,0.45,0.21,0.15,0.19,,,,,
720,2949120,1083,32306.414612043798,20352.367899804627,5.54,2752.04,-0.00040466495374857914,6413.450336933136,0.34509716791217215,8.845550592e-06,0.89906174,3.1,0.45,0.2,0.15,0.2,,,,,
721,2953216,1084,31604.004033091194,19907.679131492754,5.5,2710.31,-0.0008633572779217502,2641.4843769073486,0.3963268755469471,8.84394496e-06,0.9720798,3.1,0.45,0.2,0.15,0.2,,,,,
722,2957312,1085,32122.431327513525,20245.322320850475,5.54,2748.04,-0.0006833485276729334,6762.027222633362,0.38275291852187365,8.842339328e-06,0.9693243,3.1,0.45,0.2,0.15,0.2,,,,,
723,2961408,1085,32122.431327513525,20245.322320850475,5.54,2748.04,-0.0009966072102542967,3615.377365231514,0.3472611909965053,8.840733696e-06,0.9874471,3.1,0.45,0.2,0.15,0.2,,,,,
724,2965504,1087,32460.215077656958,20398.586932111706,5.48,2787.06,-0.0021303902994986856,6660.895926117897,0.3853363281232305,8.839128064e-06,0.9603683,2.99,0.46,0.2,0.16,0.18,,,,,
725,2969600,1089,32970.99575117274,20751.615988067246,5.49,2817.54,-0.0003503071666273172,12851.058251142502,0.41892606057808734,8.837522432000001e-06,0.97402424,2.97,0.46,0.2,0.17,0.17,42463.498721729506,27750.50188442655,7.3,2990.9666666666667,0.13333333333333333
726,2973696,1089,32970.99575117274,20751.615988067246,5.49,2817.54,-0.0008576809541409602,7025.71784722805,0.3602657805313356,8.835916800000001e-06,0.97844666,2.97,0.46,0.2,0.17,0.17,,,,,
727,2977792,1092,33361.0022863648,21015.114133127438,5.49,2851.7,-0.0006768783669031109,5434.602278113365,0.3982226217049174,8.834311168000001e-06,0.951207,2.93,0.46,0.22,0.15,0.17,,,,,
728,2981888,1093,33417.03430259923,21056.72908787981,5.49,2858.09,-0.0009162013620880316,5097.095571696758,0.36156930547440425,8.832705536e-06,0.92671156,2.92,0.46,0.22,0.15,0.17,,,,,
729,2985984,1094,33562.99169462947,21136.32835561646,5.5,2867.26,-0.001163645274573355,3975.363725364208,0.43670105846831575,8.831099904e-06,0.9573626,2.92,0.46,0.22,0.15,0.17,,,,,
730,2990080,1097,33115.216209818915,20867.187617494765,5.48,2830.23,-0.0009317430703958962,7426.454882502556,0.4087704312405549,8.829494272e-06,0.91194516,2.94,0.45,0.23,0.15,0.17,,,,,
731,2994176,1097,33115.216209818915,20867.187617494765,5.48,2830.23,-0.0006188544466567691,6233.799799442291,0.39960377194802277,8.82788864e-06,0.9849224,2.94,0.45,0.23,0.15,0.17,,,,,
732,2998272,1100,33431.49040245133,21093.264790420173,5.53,2835.75,-0.0006695117699564435,7525.990447163582,0.3933319386851508,8.826283008e-06,0.9572862,2.98,0.44,0.24,0.14,0.18,,,,,
733,3002368,1102,32609.934788321083,20608.533497515375,5.53,2763.99,-0.0018289912159161759,1587.101236552,0.41625001293141395,8.824677376000001e-06,0.9695412,3.06,0.42,0.24,0.15,0.19,,,,,
734,3006464,1103,33090.19393057096,20893.519288428703,5.56,2796.06,-0.001086651264813554,2549.950822532177,0.3722228306287434,8.823071744000001e-06,0.98438513,3.06,0.42,0.24,0.15,0.19,,,,,
735,3010560,1105,32813.82558018309,20721.470301614674,5.56,2779.95,-0.002340839520911686,4795.535768806934,0.4125283923349343,8.821466112000001e-06,0.8949919,3.09,0.42,0.23,0.15,0.2,,,,,
736,3014656,1106,33170.79869765837,20933.091842183596,5.54,2810.22,-0.0009576462034601718,3090.103780269623,0.45637953048571944,8.81986048e-06,0.9550504,3.03,0.43,0.23,0.15,0.19,,,,,
737,3018752,1108,33515.128870405235,21138.736356477453,5.58,2827.87,-0.0013288447498780442,5291.926898062229,0.3949430527864024,8.818254848e-06,0.97638214,3.04,0.43,0.22,0.16,0.19,,,,,
738,3022848,1110,33808.34905028507,21317.704502702876,5.57,2850.38,-0.0006057082446204731,4854.42284321785,0.4111308077699505,8.816649216e-06,0.9825898,3.01,0.42,0.24,0.16,0.18,,,,,
739,3026944,1111,34065.65766465588,21471.41637866966,5.57,2871.32,-0.0017221525504282909,4814.907699584961,0.38313877425389364,8.815043584e-06,0.980659,2.99,0.42,0.25,0.15,0.18,,,,,
740,3031040,1113,34140.9539831676,21487.15366915677,5.53,2884.97,-0.00037199908820184646,10669.623118162155,0.4585791608551517,8.813437952000001e-06,0.91754115,2.93,0.42,0.27,0.14,0.17,,,,,
741,3035136,1115,32511.115156070908,20467.88096146304,5.51,2775.79,-0.0012052164308897773,12744.437201619148,0.4334322030772455,8.811832320000001e-06,0.9301138,3.03,0.41,0.26,0.15,0.18,,,,,
742,3039232,1116,33017.174137316106,20797.550376787145,5.55,2809.2,-0.0006395736809281516,10905.563433647156,0.3899369107093662,8.810226688000001e-06,0.95078284,3.04,0.4,0.27,0.15,0.18,,,,,
743,3043328,1118,32488.636891797545,20457.927563596673,5.5,2784.59,-0.0009074949120986275,4156.703453063965,0.38771339802769944,8.808621056e-06,0.89918876,3.01,0.41,0.27,0.14,0.18,,,,,
744,3047424,1121,31653.935837621662,19955.623805600142,5.5,2720.97,-0.0005546277780013043,22528.56213784218,0.36689804182969965,8.807015424e-06,0.92146564,3.08,0.4,0.28,0.13,0.19,,,,,
745,3051520,1125,29382.677583665143,18531.233081919458,5.41,2580.48,-0.0007530027305620024,8861.38421189785,0.3994179958826862,8.805409792e-06,0.7844292,3.14,0.38,0.3,0.12,0.2,,,,,
746,3055616,1128,28986.907341695704,18302.990046614446,5.45,2538.52,-0.0010195274098805385,6863.926309347153,0.49329800746636465,8.80380416e-06,0.95464206,3.23,0.36,0.3,0.14,0.2,,,,,
747,3059712,1128,28986.907341695704,18302.990046614446,5.45,2538.52,-0.0020504969452304067,2582.576518088579,0.3883591062913183,8.802198528e-06,0.96863186,3.23,0.36,0.3,0.14,0.2,,,,,
748,3063808,1130,29168.65559494618,18405.10707372236,5.44,2564.99,-0.0008241026189352851,1923.2659364938736,0.37893456540768966,8.800592896000001e-06,0.9358274,3.19,0.37,0.3,0.13,0.2,,,,,
749,3067904,1131,29034.32699945182,18313.039373364732,5.42,2565.61,-0.00037789482030348154,10573.364473700523,0.3954371663858183,8.798987264000001e-06,0.8390261,3.17,0.38,0.29,0.13,0.2,,,,,
750,3072000,1134,29136.60736131947,18363.427825487906,5.47,2566.56,-0.0021623180309688905,6436.964375257492,0.4194613673025742,8.797381632000001e-06,0.76830447,3.21,0.37,0.29,0.14,0.2,41175.51214701168,26724.640838812935,7.266666666666667,3014.9666666666667,0.1
751,3076096,1135,29499.279845189358,18575.112691846538,5.42,2599.06,-0.0005922371769884194,6151.492550492287,0.4001439108978957,8.795776e-06,0.93642694,3.12,0.38,0.29,0.14,0.19,,,,,
752,3080192,1136,29425.336450594474,18533.749509930007,5.4,2595.27,-0.001272371424420271,2651.705601274967,0.41147573897615075,8.794170368e-06,0.9559541,3.1,0.39,0.28,0.14,0.19,,,,,
753,3084288,1138,29931.011970480486,18851.641137596693,5.41,2638.99,-0.0008235368677560473,3600.951582491398,0.429847588064149,8.792564736e-06,0.9389358,3.07,0.39,0.29,0.13,0.19,,,,,
754,3088384,1139,29721.069165327925,18719.22244658594,5.42,2617.01,-0.0011434782700234791,5466.818936228752,0.37512039588182233,8.790959104e-06,0.9501373,3.11,0.38,0.29,0.14,0.19,,,,,
755,3092480,1140,29710.928768058577,18679.381720360194,5.38,2634.5,-0.0008632042472527246,7154.083500385284,0.3685907281760592,8.789353472000002e-06,0.9646929,3.04,0.39,0.29,0.14,0.18,,,,,
756,3096576,1142,29657.492254870398,18635.963819028213,5.34,2633.89,-0.0006894400212331675,2327.916645824909,0.41860915964934975,8.787747840000001e-06,0.958005,2.99,0.4,0.29,0.14,0.17,,,,,
757,3100672,1142,29657.492254870398,18635.963819028213,5.34,2633.89,-0.00047394442299264483,5127.360034108162,0.40714114712318406,8.786142208000001e-06,0.976825,2.99,0.4,0.29,0.14,0.17,,,,,
758,3104768,1145,29855.55603709446,18732.73285699936,5.29,2647.06,-0.0006177476379889413,2663.794522970915,0.4510722825070843,8.784536576000001e-06,0.9410445,2.92,0.41,0.28,0.15,0.16,,,,,
759,3108864,1148,29440.68836743449,18507.004889933054,5.28,2606.63,-0.0006926294281583978,5495.9482181072235,0.4065080481232144,8.782930944e-06,0.9637679,2.95,0.39,0.3,0.15,0.16,,,,,
760,3112960,1149,29954.432278743316,18802.38894531439,5.27,2645.37,-0.0009242885616913554,4931.544274568558,0.3558647124154959,8.781325312e-06,0.9678386,2.9,0.39,0.31,0.15,0.15,,,,,
761,3117056,1151,28951.626826536663,18228.360955170425,5.29,2574.91,-0.0009119594633375527,4130.086479783058,0.36486706757568754,8.77971968e-06,0.87700987,2.99,0.38,0.31,0.15,0.16,,,,,
762,3121152,1152,29313.0928882035,18444.30742882698,5.32,2604.24,-0.0008150177345669363,2727.641605079174,0.3869619272300042,8.778114048e-06,0.96660876,2.99,0.38,0.31,0.15,0.16,,,,,
763,3125248,1153,29777.764466136032,18717.506900351636,5.36,2637.65,-0.002924589198300964,1499.5465905070305,0.4265445971977897,8.776508416e-06,0.98759234,2.99,0.38,0.31,0.15,0.16,,,,,
764,3129344,1154,29335.775117577425,18415.967725488492,5.31,2618.86,-0.0006265169049584074,3528.868723154068,0.38015381564036943,8.774902784000001e-06,0.9673406,2.96,0.39,0.31,0.14,0.16,,,,,
765,3133440,1158,28578.753560947454,17988.48696531718,5.23,2567.65,-0.0011234687308387947,22606.686287283897,0.4641339083900675,8.773297152000001e-06,0.72867227,2.94,0.4,0.3,0.14,0.16,,,,,
766,3137536,1160,28298.36329895684,17836.599167073728,5.3,2533.5,-0.00040754366455075797,8319.368434906006,0.40554449090268463,8.77169152e-06,0.9580336,3.05,0.38,0.3,0.14,0.18,,,,,
767,3141632,1161,29023.092555420073,18303.881248394653,5.34,2582.3,-0.0006174526333779795,7454.921052753925,0.38755762693472207,8.770085888e-06,0.9695941,3.04,0.38,0.31,0.13,0.18,,,,,
768,3145728,1163,28859.60160459161,18213.206325857012,5.39,2561.15,-0.0016756926070229383,3460.480549275875,0.447072914452292,8.768480256e-06,0.88151693,3.11,0.37,0.31,0.13,0.19,,,,,
769,3149824,1165,28246.12079148325,17854.19905743456,5.34,2519.54,-0.001724661768093938,4748.599753320217,0.417153074813541,8.766874624e-06,0.9279138,3.1,0.37,0.32,0.12,0.19,,,,,
770,3153920,1168,27558.89759688703,17437.01288133766,5.32,2482.39,-0.0006533814030262874,6392.420857191086,0.39754537370754406,8.765268992000002e-06,0.9327704,3.12,0.37,0.32,0.11,0.2,,,,,
771,3158016,1169,27297.364927638744,17284.193196037406,5.32,2457.78,-0.0005942111929471139,9412.548320770264,0.3586166837485507,8.763663360000001e-06,0.83265805,3.15,0.36,0.32,0.12,0.2,,,,,
772,3162112,1170,27615.212861710814,17470.82251539939,5.33,2478.46,-0.0012576469580380945,3982.875643491745,0.37345785106299445,8.762057728000001e-06,0.98050016,3.13,0.37,0.31,0.12,0.2,,,,,
773,3166208,1171,27767.29310833844,17566.12891391029,5.33,2496.19,-0.0010562707211647648,2490.4806894659996,0.41125646186992526,8.760452096000001e-06,0.9401466,3.11,0.38,0.3,0.12,0.2,,,,,
774,3170304,1171,27767.29310833844,17566.12891391029,5.33,2496.19,-0.0009821768016990973,5804.560219824314,0.3531681439781096,8.758846464e-06,0.9780535,3.11,0.38,0.3,0.12,0.2,,,,,
775,3174400,1172,29006.727954453156,18344.575802548312,5.4,2575.05,-0.00028416239001671784,12756.07543849945,0.3225980766292196,8.757240832e-06,0.97407925,3.1,0.39,0.29,0.12,0.2,37254.70694196424,23990.13673308073,7.0,2758.7,0.06666666666666667
776,3178496,1172,29006.727954453156,18344.575802548312,5.4,2575.05,-0.000980751027327642,2093.669208943844,0.40710471058264375,8.7556352e-06,0.98105115,3.1,0.39,0.29,0.12,0.2,,,,,
777,3182592,1174,29821.313218018007,18879.704069729793,5.46,2624.39,-0.0002993477519339649,21800.748856782913,0.3706164662435185,8.754029568e-06,0.9188494,3.11,0.39,0.29,0.12,0.2,,,,,
778,3186688,1174,29821.313218018007,18879.704069729793,5.46,2624.39,-0.0016858177887115744,2787.7320343255997,0.3292073783813976,8.752423936e-06,0.9622391,3.11,0.39,0.29,0.12,0.2,,,,,
779,3190784,1176,30342.13483245623,19209.853914047897,5.42,2670.49,-0.0008971280467449105,6477.7905559539795,0.40969545813277364,8.750818304000001e-06,0.93472415,3.02,0.4,0.3,0.12,0.18,,,,,
780,3194880,1178,29783.4452421419,18881.402782446432,5.44,2630.43,-0.0007867233334764023,6659.110442996025,0.43354598118457943,8.749212672000001e-06,0.8652823,3.08,0.4,0.29,0.12,0.19,,,,,
781,3198976,1179,29366.14891161868,18614.22937539901,5.42,2609.38,-0.0010024106140917866,5016.829229712486,0.390474961954169,8.747607040000001e-06,0.97913635,3.08,0.4,0.29,0.12,0.19,,,,,
782,3203072,1180,29395.548685281145,18633.376104574047,5.42,2614.17,-0.0009620542277843924,3595.094194114208,0.43130287813255563,8.746001408e-06,0.9059793,3.08,0.4,0.29,0.12,0.19,,,,,
783,3207168,1181,29890.02695763786,18954.341496710258,5.46,2644.02,-0.001286457209062064,7808.181894659996,0.40503473224816844,8.744395776e-06,0.9549132,3.09,0.4,0.28,0.13,0.19,,,,,
784,3211264,1184,29386.134879114255,18653.682057308688,5.45,2605.09,-0.0010304032002750318,3704.7390103936195,0.40025901672197506,8.742790144e-06,0.9332582,3.14,0.38,0.29,0.14,0.19,,,,,
785,3215360,1185,28934.934232297703,18368.070215820964,5.43,2568.46,-0.0010813189419422997,4889.026640594006,0.38953941292129457,8.741184512000002e-06,0.950476,3.16,0.37,0.3,0.14,0.19,,,,,
786,3219456,1186,28722.381036108356,18249.932856665422,5.42,2557.17,-0.0008475948379782494,2404.0388700962067,0.3529833547072485,8.739578880000001e-06,0.9863404,3.16,0.37,0.3,0.14,0.19,,,,,
787,3223552,1187,28964.863643079232,18391.96826611025,5.42,2580.56,-0.001066173495928524,3415.11729067564,0.3923544292920269,8.737973248000001e-06,0.97065437,3.13,0.38,0.3,0.13,0.19,,,,,
788,3227648,1188,29097.5719811447,18463.406994289966,5.41,2594.82,-0.000502117809446645,8159.826958656311,0.39412716921651736,8.736367616000001e-06,0.9449419,3.1,0.39,0.3,0.12,0.19,,,,,
789,3231744,1191,27932.963490749207,17722.046182909344,5.39,2527.32,-0.001490709188146866,4724.515423834324,0.4260264697368257,8.734761984e-06,0.6926116,3.16,0.39,0.28,0.13,0.2,,,,,
790,3235840,1193,28316.876020684427,17971.5948172531,5.4,2554.13,-0.00036561932392942254,9340.625135064125,0.4327814182615839,8.733156352e-06,0.8675829,3.14,0.4,0.27,0.13,0.2,,,,,
791,3239936,1196,27929.4628533141,17751.37051040855,5.46,2514.16,-0.0006871659188618651,6802.190602183342,0.4423181331367232,8.73155072e-06,0.88070244,3.24,0.39,0.27,0.13,0.21,,,,,
792,3244032,1199,27210.557991628433,17277.81320681479,5.38,2481.74,-0.0014655684244644362,3870.3388555049896,0.48693343868944794,8.729945088e-06,0.7807103,3.19,0.41,0.25,0.14,0.2,,,,,
793,3248128,1200,27498.278723841722,17463.65216611383,5.4,2501.84,-0.0005789311135231401,6958.6461836099625,0.3887324908282608,8.728339456e-06,0.9676815,3.19,0.41,0.25,0.14,0.2,,,,,
794,3252224,1201,27765.104215891097,17648.318068941044,5.45,2508.74,-0.0008371272870135726,13580.02501654625,0.4026684833224863,8.726733824e-06,0.95992047,3.23,0.41,0.25,0.13,0.21,,,,,
795,3256320,1202,28171.460769884026,17896.343869673266,5.44,2546.83,-0.0004580833656291361,11265.965028166771,0.3794379389146343,8.725128192000001e-06,0.9630986,3.18,0.42,0.25,0.13,0.2,,,,,
796,3260416,1203,28041.940760675297,17856.057734565253,5.47,2521.08,-0.0019666077623696765,6248.494640469551,0.3466027955291793,8.723522560000001e-06,0.9793169,3.24,0.41,0.25,0.13,0.21,,,,,
797,3264512,1206,27970.067133565848,17812.237353421744,5.46,2512.17,-0.001644439193114522,3052.599307000637,0.4069333365187049,8.721916928e-06,0.9058748,3.23,0.41,0.25,0.14,0.2,,,,,
798,3268608,1207,27618.023925688296,17596.67079135691,5.43,2490.17,-0.0008025586412259145,2070.4456057548523,0.45673114218516275,8.720311296e-06,0.95695686,3.23,0.41,0.25,0.14,0.2,,,,,
799,3272704,1208,28039.750418505715,17856.906536867216,5.44,2529.38,-0.0014995088658906752,5398.692314863205,0.45613443484762684,8.718705664e-06,0.96339506,3.2,0.42,0.25,0.13,0.2,,,,,
800,3276800,1209,28106.871463212698,17892.364495778063,5.43,2539.55,-0.0020960107121936744,1567.3568624854088,0.40078390965936705,8.717100032e-06,0.9801238,3.18,0.43,0.24,0.13,0.2,42107.56756915238,27496.475671561526,7.2,2983.8,0.1
801,3280896,1211,28309.252129822402,18050.555700244175,5.49,2556.47,-0.000839053034724202,5242.99284696579,0.3519082951825112,8.715494400000002e-06,0.96832967,3.22,0.44,0.22,0.13,0.21,,,,,
802,3284992,1213,28249.711638428,18019.220923225632,5.48,2557.71,-0.001237752074302989,3932.9687973856926,0.4435070911422372,8.713888768000001e-06,0.91050243,3.21,0.45,0.21,0.13,0.21,,,,,
803,3289088,1214,28175.56767373113,17969.9226844596,5.5,2548.11,-0.0009529833732813131,7860.852359056473,0.39318720949813724,8.712283136000001e-06,0.9791881,3.24,0.45,0.21,0.12,0.22,,,,,
804,3293184,1217,27575.659882692205,17572.506232739965,5.44,2507.2,-0.0012009601878162357,2426.8009557724,0.4278241153806448,8.710677504000001e-06,0.97134876,3.22,0.46,0.2,0.12,0.22,,,,,
805,3297280,1218,27704.198863060923,17647.716085730455,5.48,2510.61,-0.0014772029207961168,1483.3040079176426,0.4120259910123423,8.709071872e-06,0.9681703,3.26,0.46,0.19,0.12,0.23,,,,,
806,3301376,1218,27704.198863060923,17647.716085730455,5.48,2510.61,-0.0006169217340357136,6762.725011467934,0.41648882994195446,8.70746624e-06,0.98039305,3.26,0.46,0.19,0.12,0.23,,,,,
807,3305472,1220,28806.110299392738,18308.80461055979,5.45,2594.53,-0.0012259612376510631,5774.665234923363,0.42269255517749116,8.705860608e-06,0.96822923,3.14,0.47,0.2,0.12,0.21,,,,,
808,3309568,1222,28972.409003903434,18402.804513148272,5.49,2602.29,-0.0011801231139543233,2378.377546787262,0.41259881417499855,8.704254976e-06,0.9751519,3.17,0.48,0.18,0.12,0.22,,,,,
809,3313664,1223,28899.328813662207,18353.858049997165,5.48,2598.14,-0.0007166210780269466,3393.3539763987064,0.4466805134434253,8.702649344e-06,0.9527693,3.16,0.49,0.17,0.12,0.22,,,,,
810,3317760,1225,29678.038016224942,18799.59681550409,5.46,2654.76,-0.0012582151939568575,3548.6345965266228,0.40121412789449096,8.701043712000001e-06,0.987783,3.08,0.49,0.18,0.12,0.21,,,,,
811,3321856,1227,29776.83300905345,18854.627086069348,5.48,2655.51,-0.0019053463001910131,4879.929208636284,0.41088260302785784,8.699438080000001e-06,0.9732859,3.1,0.49,0.17,0.13,0.21,,,,,
812,3325952,1228,30391.153800362983,19236.804752614302,5.5,2699.71,-0.0005733175521527301,6247.2776399850845,0.361090014106594,8.697832448e-06,0.97348523,3.07,0.49,0.18,0.12,0.21,,,,,
813,3330048,1229,30246.307038756582,19158.55130440475,5.54,2676.94,-0.00046787108658463694,3545.390008121729,0.35730170746683143,8.696226816e-06,0.9892105,3.14,0.48,0.18,0.12,0.22,,,,,
814,3334144,1229,30246.307038756582,19158.55130440475,5.54,2676.94,-0.0005533760722755687,3129.605391025543,0.3790507813100703,8.694621184e-06,0.9914351,3.14,0.48,0.18,0.12,0.22,,,,,
815,3338240,1230,31133.901593907864,19727.832614185438,5.6,2728.3,-0.0013956022739876062,3067.3666313886642,0.3969636072870344,8.693015552e-06,0.95126164,3.15,0.47,0.19,0.12,0.22,,,,,
816,3342336,1232,31069.449973969367,19682.949323218803,5.64,2715.44,-0.0011309654419164872,5256.857924997807,0.3792106596229132,8.691409920000002e-06,0.9831662,3.2,0.47,0.18,0.12,0.23,,,,,
817,3346432,1234,31651.886055692983,20090.965168734434,5.7,2744.68,-0.00038849822158226743,19074.359702825546,0.39086616947315633,8.689804288000001e-06,0.9553026,3.23,0.47,0.18,0.11,0.24,,,,,
818,3350528,1234,31651.886055692983,20090.965168734434,5.7,2744.68,-0.00025837207977019716,91497.99778747559,0.34925244949408807,8.688198656000001e-06,0.9587827,3.23,0.47,0.18,0.11,0.24,,,,,
819,3354624,1237,31957.41798669763,20330.048890257473,5.77,2723.13,-0.0005326545033312868,85917.47486174107,0.3928404526086524,8.686593024000001e-06,0.92253226,3.33,0.46,0.18,0.11,0.25,,,,,
820,3358720,1238,32039.060246957917,20399.212604545075,5.79,2725.83,-0.0005682850105586112,6001.780061542988,0.42741673393175006,8.684987392e-06,0.92282104,3.35,0.45,0.19,0.11,0.25,,,,,
821,3362816,1239,32359.25785098301,20603.75965262734,5.79,2756.84,-0.00047186779011099134,5382.259731411934,0.3644585627189372,8.68338176e-06,0.9394576,3.31,0.46,0.19,0.1,0.25,,,,,
822,3366912,1240,32350.547898739707,20597.647193218945,5.79,2757.81,-0.0005717774083677796,5829.722939610481,0.36573559581302106,8.681776128e-06,0.9687859,3.31,0.46,0.19,0.1,0.25,,,,,
823,3371008,1240,32350.547898739707,20597.647193218945,5.79,2757.81,-0.001451646392524708,3115.8291890621185,0.35969357879366726,8.680170496e-06,0.98322093,3.31,0.46,0.19,0.1,0.25,,,,,
824,3375104,1242,32581.79628093057,20729.843574843668,5.8,2775.88,-0.0010092759948747698,4796.7896736860275,0.461006730562076,8.678564864e-06,0.9763117,3.31,0.46,0.19,0.1,0.25,,,,,
825,3379200,1244,32597.549404208727,20780.585807425312,5.88,2749.44,-0.0005883234416614869,18101.681051015854,0.4179893367108889,8.676959232000001e-06,0.96301305,3.43,0.44,0.19,0.11,0.26,33304.43091008087,21410.162945475164,6.566666666666666,2414.9666666666667,0.16666666666666666
826,3383296,1246,32687.787945571876,20835.331743322386,5.92,2758.06,-0.0016652064769004937,2130.335527777672,0.34534971372340806,8.675353600000001e-06,0.89778394,3.46,0.45,0.18,0.1,0.27,,,,,
827,3387392,1247,32929.79136557189,20953.11436849135,5.89,2784.09,-0.0006092159383115359,3150.5637935996056,0.4215587446815334,8.673747968000001e-06,0.9717662,3.4,0.46,0.18,0.1,0.26,,,,,
828,3391488,1248,33070.94916419242,21034.257846065608,5.9,2798.71,-0.0010251066796627128,3243.253205895424,0.41549613705137745,8.672142336e-06,0.9206997,3.39,0.47,0.17,0.1,0.26,,,,,
829,3395584,1250,33181.336034459986,21076.93013797907,5.82,2808.5,-0.0005782952575827949,6003.707425832748,0.38885578652843833,8.670536704e-06,0.97254455,3.3,0.48,0.17,0.1,0.25,,,,,
830,3399680,1252,32861.46987823601,20905.40717130015,5.84,2777.09,-0.000710748311576026,4247.283221721649,0.38482481404207647,8.668931072e-06,0.75986785,3.36,0.47,0.17,0.1,0.26,,,,,
831,3403776,1253,32604.563810390737,20765.34603891906,5.82,2763.92,-0.000925038269997458,12773.530713558197,0.3978794303839095,8.66732544e-06,0.95584625,3.36,0.47,0.17,0.1,0.26,,,,,
832,3407872,1256,32686.326863645765,20839.133725536878,5.91,2760.67,-0.0017857246848507202,6057.956584513187,0.46113239706028253,8.665719808000001e-06,0.8113557,3.46,0.45,0.17,0.1,0.28,,,,,
833,3411968,1257,32865.861258205165,20928.191632359416,5.89,2779.15,-0.001166646185083664,2955.144904732704,0.40127572312485427,8.664114176000001e-06,0.95797575,3.41,0.46,0.17,0.1,0.27,,,,,
834,3416064,1258,33356.03514950495,21222.007776358503,5.93,2817.78,-0.000865507943672128,3717.622718691826,0.4027370131225325,8.662508544000001e-06,0.97470856,3.41,0.46,0.17,0.1,0.27,,,,,
835,3420160,1259,33710.32838766783,21435.972045353876,5.92,2850.57,-0.0010357079427194549,5618.991417586803,0.4373654116061516,8.660902912e-06,0.9160344,3.36,0.47,0.17,0.1,0.26,,,,,
836,3424256,1260,33615.49868673454,21359.157379955508,5.86,2850.58,-0.0008467328825645382,4826.51899972558,0.3462123329518363,8.65929728e-06,0.9734848,3.3,0.48,0.17,0.1,0.25,,,,,
837,3428352,1260,33615.49868673454,21359.157379955508,5.86,2850.58,-0.0005011646317143459,7657.811756014824,0.38653369253734127,8.657691648e-06,0.9782112,3.3,0.48,0.17,0.1,0.25,,,,,
838,3432448,1261,34175.665585440234,21709.240618704123,5.88,2884.43,-0.0004196772697468987,15635.330819368362,0.3966064529377036,8.656086016e-06,0.9795947,3.28,0.49,0.16,0.1,0.25,,,,,
839,3436544,1262,35407.720320448134,22511.446205594373,5.97,2930.08,-0.0003877999361066031,78857.21442365646,0.3669149234483484,8.654480384e-06,0.96992695,3.34,0.48,0.16,0.1,0.26,,,,,
840,3440640,1264,35422.48082107427,22525.382784257687,5.94,2932.08,-0.0008544583324692212,11309.985509097576,0.45401666359975934,8.652874752000001e-06,0.7831992,3.31,0.48,0.16,0.11,0.25,,,,,
841,3444736,1267,35609.97463403375,22664.906586525816,5.95,2932.88,-0.0005784474569736631,15732.16649723053,0.40919350419426337,8.651269120000001e-06,0.9588306,3.32,0.48,0.15,0.12,0.25,,,,,
842,3448832,1268,35615.06175455995,22663.041318796095,5.96,2929.47,-0.000633618756182841,15062.629572868347,0.39226320886518806,8.649663488000001e-06,0.9748395,3.34,0.48,0.14,0.13,0.25,,,,,
843,3452928,1269,35913.98212621139,22860.289553350915,6.01,2940.05,-0.001547892316011712,5201.42887032032,0.33779361454071477,8.648057856e-06,0.9861639,3.38,0.48,0.14,0.12,0.26,,,,,
844,3457024,1270,36220.03955904622,23085.168406879475,6.05,2934.6,-0.00034973608853761107,38602.19772696495,0.36838116488070227,8.646452224e-06,0.9656495,3.44,0.47,0.14,0.12,0.27,,,,,
845,3461120,1270,36220.03955904622,23085.168406879475,6.05,2934.6,-0.0011510681915751775,6561.472147107124,0.40741880028508604,8.644846592e-06,0.9720131,3.44,0.47,0.14,0.12,0.27,,,,,
846,3465216,1272,35771.62412592698,22812.05202437338,6.03,2911.77,-0.0014736030170752201,3207.1473764777184,0.3881935615791008,8.64324096e-06,0.973525,3.44,0.47,0.14,0.12,0.27,,,,,
847,3469312,1272,35771.62412592698,22812.05202437338,6.03,2911.77,-0.0009486198541708291,4369.349793851376,0.3586793245340232,8.641635328000002e-06,0.9735551,3.44,0.47,0.14,0.12,0.27,,,,,
848,3473408,1274,35346.57111408068,22526.31805723917,6.03,2883.89,-0.0010247142508887919,9714.567595124245,0.3992821941501461,8.640029696000001e-06,0.9330107,3.47,0.46,0.15,0.12,0.27,,,,,
849,3477504,1276,35456.9905660858,22591.27208426327,6.05,2883.69,-0.0004687333967012819,6405.129869103432,0.45257352385669947,8.638424064000001e-06,0.83997583,3.49,0.46,0.14,0.13,0.27,,,,,
850,3481600,1277,35374.331079635645,22540.43325513201,6.04,2879.14,-0.0010137476747331675,20686.908434987068,0.4782180861220695,8.636818432e-06,0.9650864,3.49,0.46,0.14,0.13,0.27,53964.87011124424,34946.71458300427,7.933333333333334,3692.0333333333333,0.16666666666666666
851,3485696,1279,35195.99586671514,22463.03247178063,6.05,2850.18,-0.0012078359977749642,5610.930636644363,0.41092963627306744,8.6352128e-06,0.9378393,3.53,0.45,0.14,0.14,0.27,,,,,
852,3489792,1281,34697.58522580122,22141.877379715806,6.0,2825.28,-0.0008106320346996654,2432.8794438242912,0.40851031348574907,8.633607168e-06,0.93529975,3.5,0.46,0.14,0.13,0.27,,,,,
853,3493888,1283,34815.91503080787,22219.36524502263,5.94,2839.55,-0.0011806121192421415,3992.5717092752457,0.3864135200274177,8.632001536e-06,0.95588213,3.42,0.46,0.16,0.12,0.26,,,,,
854,3497984,1284,34796.46802406856,22218.72107040178,5.95,2836.72,-0.0005502649983100127,9163.287900686264,0.37353447842178866,8.630395904e-06,0.971617,3.43,0.46,0.15,0.13,0.26,,,,,
855,3502080,1287,34407.88589951284,22060.75981482143,6.04,2784.92,-0.0004106556270926376,42127.424681425095,0.4080890042241663,8.628790272000001e-06,0.92976826,3.59,0.44,0.14,0.14,0.28,,,,,
856,3506176,1289,34297.46973225062,21979.718545247564,6.02,2773.49,-0.0007193378396550543,3568.8975593447685,0.41107137803919613,8.627184640000001e-06,0.9591317,3.58,0.44,0.15,0.13,0.28,,,,,
857,3510272,1290,34614.590555907016,22187.69615226746,5.99,2802.77,-0.0005963760868326062,8378.888641953468,0.37813997818739153,8.625579008000001e-06,0.9087253,3.52,0.44,0.16,0.13,0.27,,,,,
858,3514368,1292,34489.56996233501,22097.07062305628,5.95,2791.17,-0.0010467968677403405,2332.2578135728836,0.4360563891241327,8.623973376e-06,0.95275265,3.49,0.44,0.17,0.13,0.26,,,,,
859,3518464,1294,34480.926119120035,22065.505754222133,5.93,2795.55,-0.0013577904664998641,5985.856311678886,0.40686705021653324,8.622367744e-06,0.93609834,3.47,0.43,0.19,0.13,0.25,,,,,
860,3522560,1296,34794.796923374466,22285.69796865025,5.91,2815.56,-0.0004717660590358719,10947.584832787514,0.49219905643258244,8.620762112e-06,0.95853144,3.43,0.43,0.19,0.13,0.25,,,,,
861,3526656,1297,34964.34275492144,22402.449717091316,5.98,2821.46,-0.0009708902034617495,6298.835107564926,0.3917649294016883,8.61915648e-06,0.9141291,3.5,0.42,0.19,0.13,0.26,,,,,
862,3530752,1298,35645.32087778342,22823.935823630494,6.0,2872.91,-0.000574262660848035,3754.492377460003,0.4183141383691691,8.617550848e-06,0.9699597,3.46,0.43,0.19,0.12,0.26,,,,,
863,3534848,1298,35645.32087778342,22823.935823630494,6.0,2872.91,-0.00018630958038556855,6625.460874795914,0.3553328803682234,8.615945216000001e-06,0.96333,3.46,0.43,0.19,0.12,0.26,,,,,
864,3538944,1302,35366.12032582773,22592.527076563583,5.94,2850.83,-0.0010592452163109556,2365.468158185482,0.5018218061886728,8.614339584000001e-06,0.9799004,3.42,0.42,0.2,0.13,0.25,,,,,
865,3543040,1304,34929.96062827568,22314.860597802737,5.91,2824.43,-0.00027577480159379775,24860.622428655624,0.3995085322239902,8.612733952000001e-06,0.88559806,3.43,0.41,0.21,0.13,0.25,,,,,
866,3547136,1306,35215.21339863636,22498.30678916979,5.96,2832.56,-0.000665715204377193,8109.2626539468765,0.3949992087727878,8.61112832e-06,0.9573738,3.48,0.4,0.21,0.13,0.26,,,,,
867,3551232,1308,34921.49350519509,22369.57096895641,6.01,2798.12,-0.0007971679706315626,12360.249732732773,0.4562023138278164,8.609522688e-06,0.94320637,3.57,0.38,0.22,0.13,0.27,,,,,
868,3555328,1308,34921.49350519509,22369.57096895641,6.01,2798.12,-0.0011424610202084295,2245.6556401252747,0.3394712426525075,8.607917056e-06,0.9859803,3.57,0.38,0.22,0.13,0.27,,,,,
869,3559424,1311,34775.879489749044,22255.686218850085,5.98,2789.21,-0.0007492674831155455,4520.148686289787,0.4205194782698527,8.606311424e-06,0.68445647,3.55,0.38,0.22,0.13,0.27,,,,,
870,3563520,1314,34250.695559889384,21920.414368778238,5.93,2761.18,-0.0011730710621122853,6166.172547221184,0.47264632157748565,8.604705792e-06,0.89242494,3.52,0.38,0.22,0.13,0.27,,,,,
871,3567616,1316,34202.90811649594,21924.384287786077,5.95,2746.55,-0.0005650884377246257,16524.30687236786,0.4124091191915795,8.603100160000001e-06,0.9296674,3.56,0.36,0.23,0.14,0.27,,,,,
872,3571712,1318,34177.96093172494,21928.916902552606,5.91,2746.83,-0.0014588117846869864,2758.654687643051,0.3993122425163165,8.601494528000001e-06,0.93972546,3.52,0.36,0.24,0.14,0.26,,,,,
873,3575808,1321,33139.915197195245,21253.252897399118,5.94,2671.79,-0.0012534971692730323,2572.0538405776024,0.431215220480226,8.599888896e-06,0.950292,3.63,0.35,0.23,0.14,0.28,,,,,
874,3579904,1324,32569.37760418065,20910.498223637773,5.86,2640.96,-0.0010965636138280388,2482.726190984249,0.4232311600353569,8.598283264e-06,0.93994874,3.57,0.36,0.23,0.14,0.27,,,,,
875,3584000,1325,32506.73719148533,20875.304005151018,5.87,2634.85,-0.0012926431227242574,3965.629988372326,0.38496442869654857,8.596677632e-06,0.942003,3.59,0.36,0.22,0.15,0.27,47314.34704131749,30685.59033046471,7.566666666666666,3264.9333333333334,0.13333333333333333
876,3588096,1326,32764.045545292392,21028.65450213761,5.86,2663.46,-0.0012365530692477478,3162.617040336132,0.4531647549010813,8.595072e-06,0.94213414,3.55,0.37,0.22,0.14,0.27,,,,,
877,3592192,1328,32727.318824669885,21004.36753571517,5.87,2664.24,-0.0005430759892988135,6612.913440942764,0.34359975456027314,8.593466368e-06,0.97623235,3.56,0.38,0.21,0.13,0.28,,,,,
878,3596288,1328,32727.318824669885,21004.36753571517,5.87,2664.24,-0.0006742122877767542,15439.129065990448,0.3923527712468058,8.591860736000001e-06,0.97993433,3.56,0.38,0.21,0.13,0.28,,,,,
879,3600384,1330,32811.74553755801,21101.22472255055,5.92,2646.58,-0.0002545733168517472,43929.889296770096,0.36321854387642816,8.590255104000001e-06,0.9565822,3.63,0.38,0.2,0.13,0.29,,,,,
880,3604480,1331,32713.431621233798,21046.7951893864,5.91,2643.28,-0.0006435305531340418,6337.193314790726,0.45522535184863955,8.588649472000001e-06,0.9228303,3.63,0.38,0.2,0.13,0.29,,,,,
881,3608576,1333,32179.893247735443,20688.236378365422,5.86,2620.46,-0.00150002298050822,3570.5605424046516,0.4166630169493146,8.58704384e-06,0.91013,3.6,0.38,0.2,0.14,0.28,,,,,
882,3612672,1333,32179.893247735443,20688.236378365422,5.86,2620.46,-0.0007662295647605788,8352.885186195374,0.3345271646976471,8.585438208e-06,0.977225,3.6,0.38,0.2,0.14,0.28,,,,,
883,3616768,1334,32846.34032973783,21109.932392628212,5.9,2664.45,-0.0013188127304601949,2747.0477061867714,0.35811679405742325,8.583832576e-06,0.9728953,3.6,0.38,0.2,0.14,0.28,,,,,
884,3620864,1336,32364.015416567956,20757.27297959817,5.86,2662.4,-0.0011115194120066008,10401.45802128315,0.374738678074209,8.582226944e-06,0.978188,3.56,0.38,0.2,0.14,0.28,,,,,
885,3624960,1339,32199.061950277897,20628.182096236542,5.87,2639.01,-0.0006316019926089211,3591.684454858303,0.4548229955835268,8.580621312e-06,0.9758141,3.6,0.39,0.18,0.14,0.29,,,,,
886,3629056,1341,31609.96091782366,20286.81548250893,5.93,2571.93,-0.000635044230875792,9529.560699641705,0.3136683271441143,8.579015680000001e-06,0.9810127,3.74,0.37,0.18,0.14,0.31,,,,,
887,3633152,1342,31523.563222489796,20248.35278145811,5.94,2561.04,-0.0005593374380623573,8750.358515143394,0.3375034154742025,8.577410048000001e-06,0.9481457,3.76,0.36,0.19,0.14,0.31,,,,,
888,3637248,1344,31481.995830193813,20173.605658336604,5.86,2582.49,-0.0006256169554035296,5491.057365179062,0.43771843443391845,8.575804416000001e-06,0.96646994,3.65,0.37,0.2,0.13,0.3,,,,,
889,3641344,1345,31555.0522462928,20234.15996361753,5.89,2580.7,-9.340523138234857e-05,26040.788729190826,0.4598714329767972,8.574198784e-06,0.81207025,3.69,0.36,0.2,0.14,0.3,,,,,
890,3645440,1345,31555.0522462928,20234.15996361753,5.89,2580.7,-0.0016393540463468526,8113.677366256714,0.38893120785360225,8.572593152e-06,0.97990906,3.69,0.36,0.2,0.14,0.3,,,,,
891,3649536,1349,31659.03798688289,20345.423775767475,5.9,2557.11,-0.0006014887967467075,5609.971363723278,0.4671492166817188,8.57098752e-06,0.9471913,3.74,0.34,0.21,0.15,0.3,,,,,
892,3653632,1350,31707.590741762946,20381.204606612497,5.9,2564.32,-0.0007010823428572621,3973.210086762905,0.4197592473356053,8.569381888000002e-06,0.80161905,3.73,0.35,0.2,0.15,0.3,,,,,
893,3657728,1351,31819.106679307926,20421.261233323243,5.86,2581.65,-0.0007991926322574727,5672.487451791763,0.39696301566436887,8.567776256000001e-06,0.97963923,3.67,0.36,0.2,0.15,0.29,,,,,
894,3661824,1352,32538.310355470443,20898.30624331401,5.93,2608.95,-0.0006103753776187659,11833.631111502647,0.4117435286170803,8.566170624000001e-06,0.9635986,3.71,0.35,0.2,0.16,0.29,,,,,
895,3665920,1354,32717.945753584434,21022.06064363596,5.96,2609.73,-0.0011509441742418858,6818.8235585689545,0.4091309963259846,8.564564992000001e-06,0.96916693,3.74,0.34,0.2,0.18,0.28,,,,,
896,3670016,1355,32959.09463385343,21171.518145058402,5.97,2631.17,-0.0015284102719306247,2366.5213112831116,0.38936845073476434,8.56295936e-06,0.97075206,3.72,0.35,0.19,0.18,0.28,,,,,
897,3674112,1356,33083.52008462063,21240.423023693074,5.94,2645.28,-0.0006618025236093672,3370.8038662672043,0.4208062624675222,8.561353728e-06,0.9491141,3.67,0.36,0.19,0.18,0.27,,,,,
898,3678208,1357,33601.7147026138,21561.724428737984,5.97,2676.07,-0.0013753184684901498,3424.8296907544136,0.3593504485615995,8.559748096e-06,0.98003405,3.67,0.36,0.19,0.18,0.27,,,,,
899,3682304,1358,33540.78000270571,21554.775824159955,5.99,2660.74,-0.0006356637386488728,3815.6075592041016,0.380559659039136,8.558142464e-06,0.98011184,3.71,0.35,0.19,0.19,0.27,,,,,
900,3686400,1360,33544.98040867147,21543.547911465623,6.04,2655.26,-0.0022735184438715805,2645.932769358158,0.4033581637777388,8.556536832e-06,0.96522135,3.77,0.34,0.19,0.19,0.28,35374.33173076979,23095.712808553617,6.933333333333334,2700.6,0.06666666666666667
901,3690496,1361,32539.812351615754,20888.484579461077,5.98,2601.42,-0.001490129323428846,1756.4404965043068,0.4324456038302742,8.5549312e-06,0.9871222,3.77,0.34,0.19,0.19,0.28,,,,,
902,3694592,1362,31262.03689635342,20052.022308028874,5.92,2543.55,-0.0010840314334927825,3571.2954155802727,0.35168804391287267,8.553325568000001e-06,0.94370085,3.76,0.34,0.19,0.19,0.28,,,,,
903,3698688,1363,31501.555981062033,20206.092798491638,5.94,2562.0,-0.0007163694135670085,4673.11099678278,0.4351040828623809,8.551719936000001e-06,0.9804352,3.76,0.34,0.19,0.19,0.28,,,,,
904,3702784,1364,32346.63821197288,20732.386870090537,5.97,2613.55,-0.0005136668742125039,9045.593468666077,0.3255508569709491,8.550114304e-06,0.9852818,3.73,0.34,0.2,0.18,0.28,,,,,
905,3706880,1366,32362.52979298654,20743.90829033613,5.96,2625.93,-0.0005700087904187967,7392.137101173401,0.415296190767549,8.548508672e-06,0.9786651,3.71,0.35,0.2,0.17,0.28,,,,,
906,3710976,1367,33367.69603702691,21385.091887125865,6.07,2670.31,-0.0003917237318091793,40468.46706557274,0.3427656575513538,8.54690304e-06,0.97693783,3.78,0.34,0.2,0.17,0.29,,,,,
907,3715072,1367,33367.69603702691,21385.091887125865,6.07,2670.31,-0.0005730166012654081,4123.173009991646,0.3505067667574622,8.545297408e-06,0.9630038,3.78,0.34,0.2,0.17,0.29,,,,,
908,3719168,1368,33876.65915757876,21708.74590461809,6.09,2703.46,-0.0006642043626925442,8767.43553352356,0.4356096593546681,8.543691776000002e-06,0.9797466,3.76,0.34,0.21,0.16,0.29,,,,,
909,3723264,1368,33876.65915757876,21708.74590461809,6.09,2703.46,-0.0006032397850503912,17815.81005501747,0.36641515034716576,8.542086144000001e-06,0.9843742,3.76,0.34,0.21,0.16,0.29,,,,,
910,3727360,1369,34646.09621843271,22195.218898579013,6.1,2746.73,-0.0014568269689334556,3921.2778978943825,0.3986481245374307,8.540480512000001e-06,0.95710313,3.73,0.34,0.21,0.17,0.28,,,,,
911,3731456,1370,33985.00058446727,21745.688978175007,6.04,2733.35,-0.0009425744829059113,1882.4955515861511,0.37608011125121266,8.538874880000001e-06,0.97982866,3.67,0.35,0.21,0.17,0.27,,,,,
912,3735552,1371,33634.98465626049,21519.80542056005,6.02,2713.98,-0.0007844322635719436,13815.290271759033,0.3822581076528877,8.537269248e-06,0.9743313,3.67,0.35,0.21,0.17,0.27,,,,,
913,3739648,1376,32521.79350943614,20898.83687671111,6.02,2623.02,-0.0005199207771511283,11183.541857004166,0.4453428698470816,8.535663616e-06,0.69600236,3.76,0.34,0.21,0.16,0.29,,,,,
914,3743744,1377,32424.839501413444,20831.27883994173,6.01,2611.48,-0.0008772975625106483,3460.772387087345,0.3999284768360667,8.534057984e-06,0.93711543,3.76,0.34,0.21,0.16,0.29,,,,,
915,3747840,1379,32512.421502440448,20833.310858250516,5.97,2628.03,-0.0007255968503159238,17891.635098814964,0.3870577513589524,8.532452352e-06,0.92369336,3.7,0.35,0.21,0.15,0.29,,,,,
916,3751936,1382,32572.462083939008,20917.045560804705,6.1,2591.05,-0.0003404772432986647,10582.298983097076,0.38515764792100526,8.53084672e-06,0.97017276,3.87,0.33,0.2,0.15,0.32,,,,,
917,3756032,1385,31901.469292454807,20462.658789861314,6.03,2556.68,-0.0005774271076006698,3755.260201215744,0.467828138906043,8.529241088000001e-06,0.9493823,3.83,0.35,0.19,0.14,0.32,,,,,
918,3760128,1386,31879.864513824567,20408.688290436094,5.99,2556.72,-0.0009664316767157288,2219.7397221028805,0.3591074107971508,8.527635456000001e-06,0.97520614,3.79,0.35,0.19,0.14,0.32,,,,,
919,3764224,1388,32083.943172476498,20518.68367053599,5.96,2576.74,-0.0016884320220924565,3864.968017756939,0.4007912449014839,8.526029824e-06,0.9618775,3.74,0.36,0.19,0.14,0.31,,,,,
920,3768320,1388,32083.943172476498,20518.68367053599,5.96,2576.74,-0.0010681159392333939,4852.978167295456,0.3528708656085655,8.524424192e-06,0.98462385,3.74,0.36,0.19,0.14,0.31,,,,,
921,3772416,1391,32850.42469179651,21018.940073748283,6.07,2618.6,-0.00030687617436342407,19856.682800650597,0.4010983380721882,8.52281856e-06,0.84973156,3.81,0.36,0.17,0.14,0.33,,,,,
922,3776512,1392,32695.37952917411,20930.468739598295,6.09,2602.09,-0.0008508168557455065,5400.026522636414,0.41096227581147105,8.521212928e-06,0.91708964,3.85,0.35,0.17,0.15,0.33,,,,,
923,3780608,1395,32771.55812336763,20980.41250032355,6.11,2618.04,-0.0008150592129823053,3917.420690715313,0.4317072580452077,8.519607296000002e-06,0.850348,3.85,0.37,0.15,0.14,0.34,,,,,
924,3784704,1396,32505.2934879117,20802.22043112965,6.07,2604.33,-0.0004498735324887093,13128.70226407051,0.47457754163770005,8.518001664000001e-06,0.95434153,3.82,0.37,0.16,0.14,0.33,,,,,
925,3788800,1398,32354.76955432806,20715.909912609422,6.03,2595.95,-0.0019494609914545435,2598.534592986107,0.41074904339620844,8.516396032000001e-06,0.9384554,3.79,0.37,0.16,0.15,0.32,26141.352569685932,16806.091722043402,6.4,2053.766666666667,0.03333333333333333
926,3792896,1399,31852.288821259564,20411.63451211297,6.0,2565.66,-0.000694511657457042,5278.30766505003,0.4229710600920953,8.514790400000001e-06,0.93121517,3.79,0.37,0.16,0.15,0.32,,,,,
927,3796992,1400,32283.208283865246,20678.80970653364,6.03,2598.71,-0.0005979854304314358,3559.070525765419,0.41194219078170136,8.513184768e-06,0.9727926,3.78,0.38,0.15,0.15,0.32,,,,,
928,3801088,1402,32247.595779721392,20660.64904872033,6.14,2592.79,-0.0007366361533058807,4197.46101295948,0.40165120101301,8.511579136e-06,0.86863655,3.9,0.38,0.14,0.14,0.34,,,,,
929,3805184,1403,32550.468345119465,20818.902643487258,6.12,2624.32,-0.001069951713361661,6867.490524053574,0.36766999337123707,8.509973504e-06,0.9845522,3.84,0.39,0.14,0.14,0.33,,,,,
930,3809280,1404,33259.25121175442,21284.57482010331,6.18,2662.65,-0.00045101178147888277,15692.224843740463,0.38715917710214853,8.508367872e-06,0.9721252,3.86,0.39,0.13,0.15,0.33,,,,,
931,3813376,1407,32914.63485132865,21014.90071078846,6.14,2641.06,-0.0002323978123968118,62861.06996047497,0.4115791479125619,8.50676224e-06,0.6130578,3.85,0.39,0.13,0.15,0.33,,,,,
932,3817472,1412,32027.531489500092,20486.375656129956,6.15,2565.43,-0.00038886952916072914,11722.460452318192,0.44770108547527343,8.505156608e-06,0.28339702,3.95,0.36,0.14,0.16,0.34,,,,,
933,3821568,1413,32299.609562460686,20650.283537186097,6.15,2583.63,-0.0003343167936691316,7900.206828951836,0.4124019832815975,8.503550976000001e-06,0.9358759,3.93,0.36,0.14,0.17,0.33,,,,,
934,3825664,1415,32430.145215876884,20715.75754293439,6.15,2597.05,-0.0016630696100037312,3520.2028917074203,0.3697396817151457,8.501945344000001e-06,0.9617139,3.91,0.37,0.14,0.16,0.33,,,,,
935,3829760,1416,32812.192311252875,20962.41199460496,6.19,2626.18,-0.001420520502506406,6603.800785660744,0.4021734668931458,8.500339712e-06,0.9503897,3.92,0.37,0.14,0.16,0.33,,,,,
936,3833856,1416,32812.192311252875,20962.41199460496,6.19,2626.18,-0.0018653621100384044,3042.02132409811,0.34812416339991614,8.49873408e-06,0.981813,3.92,0.37,0.14,0.16,0.33,,,,,
937,3837952,1420,32861.464848980635,21003.450355421963,6.16,2634.21,-0.0016769964372542745,6309.580656886101,0.5189585659536533,8.497128448e-06,0.8059865,3.88,0.37,0.14,0.17,0.32,,,,,
938,3842048,1421,33330.85764560091,21292.989375744248,6.15,2671.08,-0.0012564580883918097,3440.8294254541397,0.3956673791981302,8.495522816e-06,0.9731825,3.83,0.37,0.15,0.17,0.31,,,,,
939,3846144,1423,33365.9261609755,21336.76743292479,6.2,2668.69,-0.00040854065264284145,10344.854838490486,0.4208708094083704,8.493917184000001e-06,0.9438247,3.89,0.36,0.15,0.17,0.32,,,,,
940,3850240,1424,33825.57429177992,21646.28091091691,6.25,2696.72,-0.0005512750130947097,14940.936244010925,0.35814166624913923,8.492311552000001e-06,0.9165181,3.92,0.36,0.14,0.18,0.32,,,,,
941,3854336,1425,34088.5249601916,21804.72107697393,6.25,2723.76,-0.0011685009062603058,4428.323716819286,0.4187771279248409,8.490705920000001e-06,0.9596745,3.89,0.37,0.14,0.17,0.32,,,,,
942,3858432,1426,34174.4309870704,21877.421092815042,6.28,2716.51,-0.0006727086520186276,9776.13379919529,0.4620936824940145,8.489100288e-06,0.97569054,3.93,0.36,0.14,0.18,0.32,,,,,
943,3862528,1429,32939.51871439665,21124.69778939529,6.16,2644.51,-0.0004557532665785402,18046.105733394623,0.444636446016375,8.487494656e-06,0.9001519,3.88,0.36,0.15,0.18,0.31,,,,,
944,3866624,1429,32939.51871439665,21124.69778939529,6.16,2644.51,-0.0007042703527986305,5713.802809596062,0.38620484329294413,8.485889024e-06,0.9642295,3.88,0.36,0.15,0.18,0.31,,,,,
945,3870720,1432,32641.59328808773,20924.865092362423,6.14,2637.14,-0.0006354954712151084,24225.027329683304,0.41286546329502016,8.484283392e-06,0.8883703,3.87,0.36,0.15,0.18,0.31,,,,,
946,3874816,1436,31449.00942442366,20186.71407090375,6.09,2542.41,-0.0005683738854713738,10849.725822925568,0.4492318664561026,8.48267776e-06,0.9268636,3.91,0.35,0.15,0.18,0.32,,,,,
947,3878912,1438,31700.872131598193,20356.204669677696,6.12,2557.91,-0.001421278026100481,3686.5353024601936,0.4027922825771384,8.481072128000001e-06,0.96429443,3.92,0.34,0.15,0.19,0.32,,,,,
948,3883008,1439,32076.621406347564,20605.641379968394,6.15,2586.32,-0.000635872122074943,4573.1273446679115,0.381500225426862,8.479466496000001e-06,0.97358507,3.92,0.34,0.15,0.19,0.32,,,,,
949,3887104,1440,31773.403971653795,20418.35504975308,6.1,2586.4,-0.0012415939690981759,3439.028285086155,0.39621776912827045,8.477860864000001e-06,0.9447512,3.86,0.35,0.15,0.19,0.31,,,,,
950,3891200,1442,32026.073526386568,20558.802904646098,6.11,2594.97,-0.0002713604517339263,19709.359514951706,0.3784537641622592,8.476255232e-06,0.9719484,3.86,0.35,0.14,0.19,0.32,23296.64412478601,15358.604276752712,6.266666666666667,2007.6,0.0
951,3895296,1444,31728.74854792668,20415.07236122491,6.19,2554.67,-0.0004702207179434481,8020.322474956512,0.42167380737373605,8.4746496e-06,0.91076726,3.99,0.34,0.13,0.19,0.34,,,,,
952,3899392,1444,31728.74854792668,20415.07236122491,6.19,2554.67,-0.00027472056171973236,9007.566615581512,0.3667735555791296,8.473043968e-06,0.97912526,3.99,0.34,0.13,0.19,0.34,,,,,
953,3903488,1445,32938.28161618539,21162.188393460514,6.23,2625.96,-0.00027135114578413777,17864.923864126205,0.352377482020529,8.471438336e-06,0.9783253,3.95,0.35,0.13,0.18,0.34,,,,,
954,3907584,1447,32344.22481112844,20784.218555567357,6.25,2593.19,-0.0005041591293775127,13244.257194042206,0.399353648070246,8.469832704000002e-06,0.8725146,4.0,0.35,0.12,0.17,0.36,,,,,
955,3911680,1450,32504.99610120467,20857.496872740503,6.28,2602.44,-0.0005371936940719024,12801.110094428062,0.46287942701019347,8.468227072000001e-06,0.78086203,4.02,0.34,0.12,0.18,0.36,,,,,
956,3915776,1454,30814.283632061473,19745.359417153846,6.15,2507.8,-0.001042711412992503,4212.651161909103,0.4920327812433243,8.466621440000001e-06,0.7690597,3.99,0.35,0.13,0.15,0.37,,,,,
957,3919872,1456,30785.99200716123,19745.281453926505,6.2,2482.02,-0.001164894469184219,16889.424980163574,0.367556542303646,8.465015808000001e-06,0.97386926,4.07,0.34,0.13,0.15,0.38,,,,,
958,3923968,1456,30785.99200716123,19745.281453926505,6.2,2482.02,-0.0004130325260121026,5270.21481770277,0.3534887613495812,8.463410176e-06,0.9533055,4.07,0.34,0.13,0.15,0.38,,,,,
959,3928064,1458,30527.251705808405,19559.561589596186,6.18,2462.75,-0.0006862138034193777,3915.14166533947,0.4101489394088276,8.461804544e-06,0.9910351,4.07,0.34,0.13,0.15,0.38,,,,,
960,3932160,1459,30231.49419655328,19387.173240802626,6.18,2433.93,-0.0007058892788336379,2813.0426118969917,0.4190529320621863,8.460198912e-06,0.9729806,4.1,0.33,0.13,0.16,0.38,,,,,
961,3936256,1463,29929.675977855954,19225.754367610898,6.17,2406.79,-0.000944050210819114,5117.832065105438,0.40518496313598007,8.45859328e-06,0.9234213,4.12,0.32,0.14,0.17,0.37,,,,,
962,3940352,1465,28833.998759541006,18535.8673666679,6.09,2334.07,-0.0013068259504507296,2162.093802511692,0.39312959037488326,8.456987648000001e-06,0.9435891,4.12,0.32,0.14,0.17,0.37,,,,,
963,3944448,1466,29030.84595199465,18621.6342932707,6.05,2358.29,-0.0007924478395580081,2525.690887749195,0.4531600459595211,8.455382016000001e-06,0.9627706,4.05,0.33,0.14,0.17,0.36,,,,,
964,3948544,1467,28571.405114375815,18315.721334670965,5.99,2357.93,-0.0008244734362961026,7997.503085613251,0.43351543124299496,8.453776384000001e-06,0.9716268,3.98,0.34,0.14,0.17,0.35,,,,,
965,3952640,1469,27320.87062189509,17537.864000358797,5.92,2286.91,-0.0007426765068885288,10014.18219935894,0.3960377484909259,8.452170752e-06,0.96882415,3.98,0.34,0.14,0.17,0.35,,,,,
966,3956736,1470,27088.507209723703,17396.490679075756,5.9,2274.65,-0.0013588268102466827,2394.078343331814,0.3938161735422909,8.45056512e-06,0.953115,3.98,0.34,0.14,0.17,0.35,,,,,
967,3960832,1472,26457.710231570414,16965.14613605014,5.81,2240.5,-0.000751137491533882,10864.29606860876,0.4709942063782364,8.448959488e-06,0.45313698,3.93,0.34,0.15,0.17,0.34,,,,,
968,3964928,1474,27152.467682825132,17423.17427652721,5.86,2271.77,-0.00024574277358624386,63629.74479389191,0.36802333261584863,8.447353856e-06,0.94588745,3.94,0.35,0.14,0.17,0.34,,,,,
969,3969024,1476,27285.792385500874,17499.028179520545,5.82,2278.07,-0.0008184910057025263,4382.821238696575,0.38180405605817214,8.445748224e-06,0.95908576,3.9,0.35,0.14,0.17,0.34,,,,,
970,3973120,1477,27603.056579194177,17703.83990315688,5.86,2297.55,-0.0011991096753263264,3360.031606078148,0.4021234414540231,8.444142592000001e-06,0.9583954,3.92,0.34,0.15,0.17,0.34,,,,,
971,3977216,1481,26619.819325122153,17061.10251770491,5.86,2253.22,-0.000808065669843927,16966.808532118797,0.4454522186424583,8.442536960000001e-06,0.25438213,3.98,0.34,0.15,0.17,0.34,,,,,
972,3981312,1483,26584.704945435133,17046.687039646757,5.85,2257.36,-0.000938315638450149,1802.6649673581123,0.4190215219859965,8.440931328000001e-06,0.9606015,3.97,0.34,0.15,0.18,0.33,,,,,
973,3985408,1487,26187.767237155585,16808.74998843321,5.82,2230.45,-0.0009385963994645863,5252.715907931328,0.4124601245857775,8.439325696e-06,0.9082599,3.96,0.33,0.16,0.19,0.32,,,,,
974,3989504,1490,25189.538113931678,16151.007022932528,5.71,2171.18,-0.0017839066931628622,2286.008438885212,0.43818221148103476,8.437720064e-06,0.89631516,3.9,0.34,0.16,0.19,0.31,,,,,
975,3993600,1493,25028.491977047506,16033.965122078767,5.68,2152.13,-0.0009034067661559675,4235.078567147255,0.37043347430881113,8.436114432e-06,0.9508791,3.89,0.33,0.18,0.19,0.3,32782.944033998676,21358.19815169873,6.8,2548.3,0.03333333333333333
976,3997696,1494,25359.60826023267,16243.978974203086,5.65,2184.8,-0.0010828060239873594,3045.489048719406,0.44109466345980763,8.4345088e-06,0.95603085,3.82,0.34,0.18,0.19,0.29,,,,,
977,4001792,1495,25527.161083776267,16354.844480294236,5.66,2199.14,-0.0007981493545230478,6320.57764685154,0.38203040102962404,8.432903168e-06,0.92407215,3.82,0.34,0.18,0.19,0.29,,,,,
978,4005888,1498,24982.503684907868,16004.147606747141,5.63,2170.17,-0.001359621855954174,4157.707238435745,0.4163145086495206,8.431297536000001e-06,0.8640021,3.82,0.35,0.17,0.18,0.3,,,,,
979,4009984,1499,25275.694208529967,16208.88669676664,5.67,2173.53,-0.0006035471305949613,11346.19715332985,0.3707808965118602,8.429691904000001e-06,0.9781486,3.86,0.34,0.17,0.19,0.3,,,,,
980,4014080,1500,24808.74594687506,15930.189869418482,5.63,2139.92,-0.0008928088973334525,3804.787846624851,0.4012506009894423,8.428086272000001e-06,0.9053279,3.86,0.34,0.17,0.19,0.3,,,,,
981,4018176,1501,25667.698473885022,16473.13243195611,5.61,2205.21,-0.0005194849272811553,7322.392180323601,0.4107548512984067,8.42648064e-06,0.9787255,3.77,0.35,0.17,0.19,0.29,,,,,
982,4022272,1502,25845.106766756762,16598.037213963376,5.62,2214.89,-0.0006622617306675238,4117.486557006836,0.43315433885436505,8.424875008e-06,0.9806009,3.77,0.35,0.17,0.19,0.29,,,,,
983,4026368,1505,24725.52437062351,15885.706962122476,5.52,2153.31,-0.0012795084694516845,2725.6835110783577,0.4109693017671816,8.423269376e-06,0.9445282,3.73,0.36,0.18,0.17,0.29,,,,,
984,4030464,1509,24661.274091399853,15849.797373841158,5.46,2151.46,-0.00040010128941503353,10585.789414405823,0.44558463990688324,8.421663744e-06,0.88651633,3.66,0.36,0.2,0.17,0.27,,,,,
985,4034560,1510,25134.775081608106,16153.731160290981,5.47,2179.36,-0.0005003513797419146,5586.379348754883,0.40147558524040505,8.420058112000001e-06,0.9697929,3.64,0.36,0.2,0.18,0.26,,,,,
986,4038656,1512,25400.681997271076,16324.979975633267,5.48,2203.19,-0.0009254862961824983,4684.568762540817,0.3697351527225692,8.418452480000001e-06,0.951172,3.62,0.37,0.2,0.17,0.26,,,,,
987,4042752,1513,25385.111490749485,16304.2734179186,5.47,2203.83,-0.001140215548730339,1670.2032324671745,0.41137298877583817,8.416846848000001e-06,0.9805753,3.61,0.37,0.21,0.16,0.26,,,,,
988,4046848,1516,24743.87020013082,15874.279905738558,5.4,2157.82,-0.00196468778540293,2619.6145783662796,0.43325124625698663,8.415241216e-06,0.860383,3.59,0.38,0.2,0.16,0.26,,,,,
989,4050944,1517,24330.596892432757,15619.839347533098,5.37,2127.81,-0.0005766472149844049,5947.627506375313,0.4109343687596265,8.413635584e-06,0.95241493,3.59,0.38,0.2,0.16,0.26,,,,,
990,4055040,1518,24981.82277604199,16027.758671412634,5.4,2178.58,-0.001190716388009605,15464.23111307621,0.4196149532799609,8.412029952e-06,0.8943912,3.57,0.39,0.19,0.16,0.26,,,,,
991,4059136,1521,24940.658393448124,16001.731746896472,5.37,2179.98,-0.0012735642194456887,3313.53657156229,0.4477690882049501,8.41042432e-06,0.89185643,3.54,0.4,0.19,0.15,0.26,,,,,
992,4063232,1523,24538.715198119447,15744.488873434584,5.34,2146.99,-0.00040269389683089685,47180.293887376785,0.3837162635172717,8.408818688e-06,0.9390024,3.55,0.39,0.2,0.15,0.26,,,,,
993,4067328,1524,24535.89271416916,15764.849201540621,5.38,2138.21,-0.0006605843245779397,10266.059686303139,0.38239480409538373,8.407213056000001e-06,0.9618799,3.6,0.39,0.2,0.14,0.27,,,,,
994,4071424,1526,24868.704248534155,16007.876736634767,5.45,2140.31,-0.00037854576203244505,13386.3702480793,0.428063320054207,8.405607424000001e-06,0.9472033,3.67,0.38,0.2,0.14,0.28,,,,,
995,4075520,1526,24868.704248534155,16007.876736634767,5.45,2140.31,-0.0005835389902131283,5039.038302540779,0.3666394252504688,8.404001792000001e-06,0.9801705,3.67,0.38,0.2,0.14,0.28,,,,,
996,4079616,1528,25342.443916845037,16264.427170229848,5.45,2183.41,-0.0013399987201410113,2438.576181948185,0.4237561062327586,8.40239616e-06,0.9791732,3.63,0.38,0.21,0.14,0.27,,,,,
997,4083712,1528,25342.443916845037,16264.427170229848,5.45,2183.41,-0.0006778646111342823,3804.2099477648735,0.3915729427826591,8.400790528e-06,0.9833117,3.63,0.38,0.21,0.14,0.27,,,,,
998,4087808,1532,25390.82223249855,16240.419697392748,5.49,2180.0,-0.001037319526403735,5015.15492862463,0.4315446524997242,8.399184896e-06,0.92192054,3.67,0.38,0.2,0.13,0.29,,,,,
999,4091904,1534,25689.206520222175,16427.48738426625,5.47,2198.92,-0.00042646632027754094,8879.050324678421,0.367485637194477,8.397579264e-06,0.9810637,3.63,0.38,0.21,0.13,0.28,,,,,
1000,4096000,1535,25608.679602700784,16369.135866507508,5.51,2188.37,-0.0005489431860041805,4814.98188996315,0.41384032572386786,8.395973632000002e-06,0.96270907,3.69,0.37,0.21,0.13,0.29,35464.40126931368,22762.118229376814,7.0,2709.9,0.03333333333333333
1001,4100096,1537,25905.293445143438,16557.680126934727,5.48,2218.7,-0.0004666755430662306,5181.196812152863,0.3906987626105547,8.394368000000001e-06,0.94860184,3.62,0.37,0.22,0.14,0.27,,,,,
1002,4104192,1539,25462.112369952105,16258.224559191496,5.45,2186.62,-0.0024499628125340678,3315.4724138379097,0.4885188485495746,8.392762368000001e-06,0.9018028,3.63,0.37,0.22,0.14,0.27,,,,,
1003,4108288,1541,25278.386417585592,16126.426165391933,5.41,2180.71,-0.0019997349445475265,2031.2370934188366,0.4130389307392761,8.391156736e-06,0.96659297,3.6,0.37,0.23,0.14,0.26,,,,,
1004,4112384,1542,25767.524699169342,16438.755387639503,5.41,2220.52,-0.0007890763918112498,4458.257612466812,0.42922278930200264,8.389551104e-06,0.9626866,3.56,0.37,0.24,0.14,0.25,,,,,
1005,4116480,1544,25509.63644603058,16246.110305921202,5.29,2217.71,-0.0013468404167724657,2276.0551112890244,0.42784584453329444,8.387945472e-06,0.93288493,3.43,0.38,0.25,0.14,0.23,,,,,
1006,4120576,1546,24212.846997563167,15396.478055437803,5.22,2149.99,-0.0007057300599626615,6310.963182389736,0.40199614453013055,8.38633984e-06,0.9353248,3.43,0.38,0.25,0.14,0.23,,,,,
1007,4124672,1547,24617.941186132564,15658.392582553824,5.21,2182.22,-0.0005445283668450429,9666.951706409454,0.42502797552151605,8.384734208e-06,0.9209581,3.38,0.38,0.26,0.14,0.22,,,,,
1008,4128768,1550,24535.151738567798,15603.50408392344,5.16,2180.07,-0.0018786627388180932,1705.2855380773544,0.39904397923965007,8.383128576e-06,0.9267514,3.33,0.38,0.28,0.13,0.21,,,,,
1009,4132864,1551,24507.93042828302,15586.122932310676,5.18,2171.39,-0.0014906028977748065,2293.274153292179,0.43927665177034214,8.381522944000001e-06,0.98440534,3.36,0.37,0.28,0.14,0.21,,,,,
1010,4136960,1552,25169.28897794351,15983.881052566127,5.17,2219.7,-0.0005592676461674273,8335.540787816048,0.3623264243651647,8.379917312000001e-06,0.9716491,3.3,0.37,0.29,0.14,0.2,,,,,
1011,4141056,1552,25169.28897794351,15983.881052566127,5.17,2219.7,-0.0011462777129054302,4357.567025065422,0.367718254274223,8.37831168e-06,0.9816279,3.3,0.37,0.29,0.14,0.2,,,,,
1012,4145152,1553,26187.5308829287,16606.293857504512,5.24,2282.87,-0.0007659380462428089,6033.547996938229,0.37625493260566145,8.376706048e-06,0.98623973,3.3,0.37,0.29,0.14,0.2,,,,,
1013,4149248,1553,26187.5308829287,16606.293857504512,5.24,2282.87,-0.0007922523891465971,1752.4192249774933,0.3898264280287549,8.375100416e-06,0.9913446,3.3,0.37,0.29,0.14,0.2,,,,,
1014,4153344,1555,27066.413123904294,17183.38043713212,5.31,2347.25,-0.0005094148800708354,11594.37509214878,0.42326932307332754,8.373494784e-06,0.9141647,3.3,0.37,0.29,0.14,0.2,,,,,
1015,4157440,1558,25868.249283118603,16414.49491705449,5.15,2290.77,-0.0009623582991480362,4941.806846737862,0.44661947654094547,8.371889152000002e-06,0.96915054,3.2,0.38,0.3,0.13,0.19,,,,,
1016,4161536,1559,26670.7081733824,16952.797747872377,5.22,2324.45,-0.000636339334960212,42118.215378165245,0.36279039780492894,8.370283520000001e-06,0.97396594,3.24,0.38,0.3,0.12,0.2,,,,,
1017,4165632,1563,26207.205723216524,16650.096933929377,5.21,2285.28,-0.00030968243481765967,9936.837330877781,0.43824960332131013,8.368677888000001e-06,0.7740264,3.28,0.37,0.3,0.12,0.21,,,,,
1018,4169728,1564,26706.567325515305,16974.974177700413,5.26,2317.3,-0.0011701361781888409,3291.378449141979,0.40814969182247296,8.367072256000001e-06,0.97002196,3.3,0.36,0.31,0.12,0.21,,,,,
1019,4173824,1567,26211.981971252742,16714.91534218063,5.34,2271.07,-0.000897064544915338,13244.842000365257,0.48463297297712415,8.365466624e-06,0.93912506,3.43,0.34,0.31,0.12,0.23,,,,,
1020,4177920,1568,25877.348939178173,16501.270513187854,5.33,2254.02,-0.0005995430428811233,8982.62574005127,0.4121915207942948,8.363860992e-06,0.9639673,3.44,0.34,0.31,0.11,0.24,,,,,
1021,4182016,1571,25882.53077282254,16494.669017582735,5.41,2240.01,-0.000595589122895035,7106.464237749577,0.43306232074974105,8.36225536e-06,0.9279684,3.53,0.33,0.3,0.12,0.25,,,,,
1022,4186112,1573,26306.24138637251,16798.280971165666,5.54,2243.09,-0.00024918108101701364,48669.946818351746,0.3751154024794232,8.360649728e-06,0.9689565,3.67,0.31,0.3,0.12,0.27,,,,,
1023,4190208,1577,25325.65402965349,16125.13215438905,5.5,2195.8,-0.0012308019176998641,5992.918073058128,0.43780882185092196,8.359044096e-06,0.82036054,3.68,0.3,0.3,0.14,0.26,,,,,
1024,4194304,1578,25412.10910846812,16224.416321024964,5.56,2186.2,-0.00039970106263353955,21108.550725460052,0.380582246434642,8.357438464000001e-06,0.9760348,3.75,0.29,0.3,0.14,0.27,,,,,
1025,4198400,1580,25835.287945063224,16489.813391297183,5.51,2211.8,-0.0010203114834439475,3873.788097679615,0.384530107548926,8.355832832000001e-06,0.9547846,3.67,0.29,0.31,0.14,0.26,32851.90896414524,21261.15172549274,6.766666666666667,2574.766666666667,0.06666666666666667
1026,4202496,1580,25835.287945063224,16489.813391297183,5.51,2211.8,-0.0004149838205194101,7714.796147465706,0.3542419353616424,8.3542272e-06,0.9843052,3.67,0.29,0.31,0.14,0.26,,,,,
1027,4206592,1581,27019.54295927278,17225.363898597963,5.51,2281.02,-0.0008637975060992176,7741.8526321053505,0.4286992612760514,8.352621568e-06,0.9848868,3.6,0.29,0.32,0.14,0.25,,,,,
1028,4210688,1584,26947.528761278758,17184.306616063273,5.48,2280.41,-0.0003516501174090081,5747.768227010965,0.4366254984633997,8.351015936e-06,0.42406029,3.58,0.29,0.33,0.13,0.25,,,,,
1029,4214784,1586,27138.354089004773,17283.632829332128,5.5,2292.13,-0.0005697931574104587,3761.7784655094147,0.45126078167231753,8.349410304e-06,0.9178683,3.59,0.29,0.33,0.13,0.25,,,,,
1030,4218880,1587,27717.976601322945,17628.109527915432,5.52,2340.17,-0.000511819428538729,4526.910469830036,0.3597968765825499,8.347804672000002e-06,0.9769209,3.56,0.3,0.33,0.12,0.25,,,,,
1031,4222976,1588,27712.495658097425,17619.240094985045,5.52,2339.15,-0.0005623506276606349,18602.49541783333,0.4262999136117287,8.346199040000001e-06,0.97462344,3.56,0.3,0.33,0.12,0.25,,,,,
1032,4227072,1589,28285.34209847317,18016.799507067502,5.6,2363.73,-0.0005825584385092952,8358.231702268124,0.4184881117544137,8.344593408000001e-06,0.98185176,3.62,0.3,0.32,0.12,0.26,,,,,
1033,4231168,1590,29156.975292167528,18601.258637892468,5.68,2401.06,-0.0003098456872976385,27102.43588423729,0.4336311614024453,8.342987776000001e-06,0.9692308,3.67,0.29,0.32,0.12,0.27,,,,,
1034,4235264,1591,29196.68293567874,18634.31056925339,5.68,2406.02,-0.0007185399590525776,27508.79181075096,0.3831216041580774,8.341382144e-06,0.85416955,3.67,0.29,0.32,0.12,0.27,,,,,
1035,4239360,1593,30014.752922381893,19141.529616699165,5.77,2462.33,-0.00043350602754799183,15446.333635091782,0.45378932752646506,8.339776512e-06,0.9610661,3.71,0.29,0.32,0.11,0.28,,,,,
1036,4243456,1594,30026.79831535073,19176.907373394883,5.81,2447.36,-0.00064017654494819,5158.6317303180695,0.38522226523491554,8.33817088e-06,0.96578795,3.77,0.28,0.32,0.11,0.29,,,,,
1037,4247552,1597,29799.923575453962,19029.464440720818,5.81,2425.51,-0.0006070349882065784,18867.644920051098,0.4567054384970106,8.336565248e-06,-0.1606586,3.8,0.27,0.33,0.11,0.29,,,,,
1038,4251648,1598,30223.97462773363,19275.0744453974,5.84,2455.08,-0.0004530387122940738,4536.538716554642,0.39014899893663824,8.334959616e-06,0.9624463,3.8,0.27,0.33,0.11,0.29,,,,,
1039,4255744,1600,30021.225229984044,19129.04737732583,5.85,2445.45,-0.001018172097246861,8249.555336833,0.41614267096156254,8.333353984e-06,0.9425538,3.82,0.26,0.34,0.11,0.29,,,,,
1040,4259840,1601,29495.252247104854,18796.805975560983,5.82,2411.07,-0.0014350512719829567,3300.229686021805,0.3985927088651806,8.331748352000001e-06,0.95118695,3.82,0.26,0.34,0.11,0.29,,,,,
1041,4263936,1602,30077.251852953406,19177.681728660125,5.83,2442.64,-0.0007653653974557528,7625.764252066612,0.3674612023460213,8.330142720000001e-06,0.9863699,3.8,0.26,0.34,0.11,0.29,,,,,
1042,4268032,1604,30250.19516092878,19288.014753511823,5.93,2432.13,-0.0004727482628368307,13033.355825781822,0.44334579462883994,8.328537088e-06,0.98082215,3.92,0.24,0.34,0.11,0.31,,,,,
1043,4272128,1606,30314.114274328273,19355.488441769805,5.93,2445.76,-0.0006786171952626319,4998.379002213478,0.4374717546743341,8.326931456e-06,0.88439333,3.91,0.24,0.34,0.11,0.31,,,,,
1044,4276224,1609,30488.58757785648,19430.80144174676,5.91,2463.62,-0.0004745640535475104,16642.206065297127,0.38625904079526663,8.325325824e-06,0.08078921,3.87,0.25,0.33,0.11,0.31,,,,,
1045,4280320,1611,29904.422277852947,19058.81210110401,5.88,2420.52,-0.00041760974818316754,5169.4903646707535,0.4167195435729809,8.323720192e-06,0.95550615,3.89,0.24,0.33,0.12,0.31,,,,,
1046,4284416,1611,29904.422277852947,19058.81210110401,5.88,2420.52,-0.0011176348780281842,6740.702848851681,0.4440510254353285,8.322114560000001e-06,0.9599684,3.89,0.24,0.33,0.12,0.31,,,,,
1047,4288512,1613,30470.50594820872,19410.83486167531,5.93,2455.21,-0.0005465191015900928,7438.980301499367,0.37981902225874364,8.320508928000001e-06,0.9792462,3.91,0.24,0.32,0.13,0.31,,,,,
1048,4292608,1615,30832.630165635946,19672.6242569447,5.98,2467.88,-0.0007308836575248279,3682.9866637587547,0.41173920209985226,8.318903296000001e-06,0.84429884,3.95,0.23,0.32,0.13,0.32,,,,,
1049,4296704,1616,31313.910490394897,19974.802962656515,6.02,2505.78,-0.0009223356346410583,7277.6871148347855,0.38535798504017293,8.317297664e-06,0.9665271,3.95,0.23,0.32,0.13,0.32,,,,,
1050,4300800,1617,31329.580245284735,19989.317133833476,6.06,2498.1,-0.0007975296339282067,2461.4485555887222,0.39560144912684336,8.315692032e-06,0.9813818,4.0,0.22,0.32,0.13,0.33,35485.28429261917,22670.03403499407,6.733333333333333,2553.7,0.1
1051,4304896,1619,31261.31477457578,19940.566303181095,6.05,2491.58,-0.0003991275525550009,19327.941764473915,0.4012088989838958,8.3140864e-06,0.85123974,3.99,0.22,0.32,0.13,0.33,,,,,
1052,4308992,1619,31261.31477457578,19940.566303181095,6.05,2491.58,-0.00027335796403349377,6541.569573163986,0.3682180693431292,8.312480768e-06,0.9849901,3.99,0.22,0.32,0.13,0.33,,,,,
1053,4313088,1620,32597.760377313873,20795.631542784533,6.13,2563.13,-0.0003299296531622531,13616.483335256577,0.4333243424189277,8.310875136e-06,0.98576427,4.0,0.22,0.32,0.13,0.33,,,,,
1054,4317184,1620,32597.760377313873,20795.631542784533,6.13,2563.13,-0.0007086449759299285,5576.835054278374,0.4254688759101555,8.309269504e-06,0.98782164,4.0,0.22,0.32,0.13,0.33,,,,,
1055,4321280,1621,33466.05405832231,21358.42102237057,6.2,2600.8,-0.0006991974114498589,5450.536235332489,0.3476483971462585,8.307663872000001e-06,0.9911344,4.03,0.21,0.32,0.14,0.33,,,,,
1056,4325376,1621,33466.05405832231,21358.42102237057,6.2,2600.8,-0.0004378665198601084,2975.4547471404076,0.3702032008441165,8.306058240000001e-06,0.98013747,4.03,0.21,0.32,0.14,0.33,,,,,
1057,4329472,1623,34859.750378247976,22212.362282934744,6.24,2689.8,-0.0009646703438193072,8829.218932509422,0.35851694460143335,8.304452608e-06,0.9890181,3.97,0.22,0.32,0.14,0.32,,,,,
1058,4333568,1624,34335.09310593252,21844.053554430553,6.18,2664.0,-0.0009184385398839368,4950.753389000893,0.3902231965912506,8.302846976e-06,0.94331104,3.93,0.22,0.32,0.14,0.32,,,,,
1059,4337664,1626,34092.286069186084,21668.490369650415,6.12,2667.96,-0.0007486820841222652,6066.317838728428,0.42358224833151326,8.301241344e-06,0.97446245,3.86,0.23,0.32,0.14,0.31,,,,,
1060,4341760,1627,33372.266307246995,21218.85824045484,6.09,2620.08,-0.0007969889011292253,2461.299538910389,0.42872841376811266,8.299635712e-06,0.98132336,3.88,0.23,0.31,0.15,0.31,,,,,
1061,4345856,1630,33129.66870741217,21090.976034682953,6.14,2594.12,-0.0008044885885283293,9205.295120239258,0.43330257199704647,8.298030080000002e-06,0.93830854,3.96,0.21,0.32,0.15,0.32,,,,,
1062,4349952,1632,33312.13070550193,21199.826072067102,6.1,2605.18,-0.0005658278878399869,6084.936097383499,0.4060464750509709,8.296424448000001e-06,0.97441524,3.9,0.21,0.33,0.15,0.31,,,,,
1063,4354048,1634,33281.79141430235,21210.521894809277,6.14,2606.45,-0.0003321621898066951,17549.554540276527,0.38605716021265835,8.294818816000001e-06,0.85516715,3.95,0.21,0.32,0.15,0.32,,,,,
1064,4358144,1634,33281.79141430235,21210.521894809277,6.14,2606.45,-0.000936139605983044,3201.3353015184402,0.44484371005091816,8.293213184000001e-06,0.9811618,3.95,0.21,0.32,0.15,0.32,,,,,
1065,4362240,1637,33403.24241175579,21266.366714846125,6.14,2618.65,-0.000987126622476353,5094.204352200031,0.45221872167894617,8.291607552e-06,0.9434587,3.94,0.22,0.31,0.15,0.32,,,,,
1066,4366336,1638,33580.65882443401,21394.7328576932,6.17,2625.5,-0.0005332843466021586,4214.080483406782,0.35828129859874025,8.29000192e-06,0.97098976,3.96,0.21,0.32,0.15,0.32,,,,,
1067,4370432,1641,33662.62599139035,21459.386164320687,6.17,2632.88,-0.0006582937839993974,5802.747029662132,0.454273187846411,8.288396288e-06,0.96367854,3.95,0.21,0.32,0.15,0.32,,,,,
1068,4374528,1642,33573.54542245073,21398.17899724923,6.17,2624.61,-0.00036970704968553036,7320.743735551834,0.417451590357814,8.286790656e-06,0.97349757,3.96,0.21,0.32,0.15,0.32,,,,,
1069,4378624,1644,33576.130702803566,21403.216581615834,6.19,2619.85,-0.0011328691198286833,2460.7915476560593,0.3933377250796184,8.285185024000001e-06,0.97242427,3.99,0.2,0.32,0.16,0.32,,,,,
1070,4382720,1645,33660.46697966779,21465.194697631603,6.2,2623.05,-0.0008263193653874623,3845.0557391047478,0.40352603257633746,8.283579392000001e-06,0.97581655,4.0,0.19,0.33,0.16,0.32,,,,,
1071,4386816,1646,33876.14904745467,21613.158069843354,6.19,2644.7,-0.0008890710278137703,4604.734011352062,0.415574693470262,8.281973760000001e-06,0.97234404,3.97,0.19,0.34,0.16,0.31,,,,,
1072,4390912,1647,34187.47399182983,21813.401514520414,6.21,2660.51,-0.0005850376346643316,9707.42020559311,0.37307699728989974,8.280368128e-06,0.96573424,3.98,0.19,0.34,0.16,0.31,,,,,
1073,4395008,1648,34408.06692487934,21959.70149370152,6.23,2675.97,-0.0007642798973392928,8192.729337632656,0.4424128596438095,8.278762496e-06,0.88825047,3.99,0.19,0.34,0.16,0.31,,,,,
1074,4399104,1649,34753.38325197403,22189.848095401587,6.26,2701.23,-0.0007431784106302075,5174.206876158714,0.36493669377523474,8.277156864e-06,0.93858534,3.99,0.19,0.34,0.16,0.31,,,,,
1075,4403200,1652,34169.860292098856,21828.69417024732,6.23,2667.71,-0.0016099511558422819,3278.595567703247,0.46164224413223565,8.275551232e-06,0.9622489,3.99,0.21,0.32,0.15,0.32,33364.36045141546,21211.880665052355,6.833333333333333,2580.133333333333,0.03333333333333333
1076,4407296,1654,32630.9360644362,20892.89818831726,6.21,2553.72,-0.00044207082282810006,17876.563495397568,0.48240310518303886,8.2739456e-06,0.88014895,4.1,0.19,0.32,0.15,0.34,,,,,
1077,4411392,1655,32952.35326602186,21077.19323388347,6.22,2583.66,-0.0014638927241321653,3435.130817115307,0.4365669625112787,8.272339968000001e-06,0.9194253,4.08,0.2,0.31,0.15,0.34,,,,,
1078,4415488,1656,33221.82563708098,21244.664974462004,6.24,2606.76,-0.0005714822182198986,7837.13911151886,0.3905150582140777,8.270734336000001e-06,0.9466249,4.08,0.2,0.31,0.15,0.34,,,,,
1079,4419584,1658,33757.497712839584,21625.083467426666,6.35,2623.52,-0.0006718613894918235,13714.263835787773,0.45288990769768134,8.269128704000001e-06,0.9622608,4.17,0.19,0.3,0.15,0.36,,,,,
1080,4423680,1659,33523.19634725967,21463.584369372682,6.32,2620.57,-0.0006128510322014336,7035.428518414497,0.39120238440227695,8.267523072e-06,0.97953564,4.14,0.19,0.3,0.16,0.35,,,,,
1081,4427776,1661,33843.062374432564,21660.96909579077,6.3,2649.12,-0.0010687172743928386,3445.2098232507706,0.394679915974848,8.26591744e-06,0.95959705,4.08,0.2,0.3,0.16,0.34,,,,,
1082,4431872,1662,33898.637970908254,21690.89514280513,6.26,2657.83,-0.0006105382763053058,2594.8273245096207,0.4020233401097357,8.264311808e-06,0.9621214,4.03,0.21,0.3,0.16,0.33,,,,,
1083,4435968,1663,34189.59669494391,21853.842633109292,6.27,2686.49,-0.0010811009437929897,2425.7833354771137,0.4448423314606771,8.262706176e-06,0.97499573,4.01,0.22,0.29,0.16,0.33,,,,,
1084,4440064,1664,34179.838450419425,21834.992894753246,6.26,2693.89,-0.0013927018680988112,5141.817051112652,0.46188083745073527,8.261100544e-06,0.9578481,3.99,0.23,0.28,0.16,0.33,,,,,
1085,4444160,1667,34330.86119649468,21880.888619943624,6.21,2700.64,-0.0004943724034092156,4789.311529159546,0.41663709230488166,8.259494912000001e-06,0.91771996,3.93,0.23,0.28,0.18,0.31,,,,,
1086,4448256,1669,33866.14834091268,21568.153904794428,6.18,2673.43,-0.000907264895431581,38510.083021998405,0.42569219833239913,8.257889280000001e-06,0.9655174,3.93,0.23,0.29,0.17,0.31,,,,,
1087,4452352,1672,33675.619466920405,21464.204536269805,6.16,2660.77,-0.0011399043742130743,9609.210947275162,0.4861946305609308,8.256283648000001e-06,0.67946756,3.92,0.24,0.28,0.17,0.31,,,,,
1088,4456448,1677,33590.95745414009,21421.207073684232,6.1,2665.52,-0.000665891344397096,7273.556782603264,0.4383611669181846,8.254678016e-06,0.76691616,3.86,0.25,0.29,0.16,0.3,,,,,
1089,4460544,1679,33110.43152774204,21071.155476521555,6.02,2647.99,-0.00047434353655262385,6925.578794956207,0.42192167750908993,8.253072384e-06,0.9347796,3.79,0.26,0.29,0.16,0.29,,,,,
1090,4464640,1679,33110.43152774204,21071.155476521555,6.02,2647.99,-0.0013298502663019462,4406.641018629074,0.38596526376204565,8.251466752e-06,0.9698917,3.79,0.26,0.29,0.16,0.29,,,,,
1091,4468736,1681,32955.74534768132,20984.708643395737,6.06,2646.53,-0.0009866101245279424,6585.097380638123,0.43597788515035063,8.24986112e-06,0.9786436,3.83,0.27,0.27,0.16,0.3,,,,,
1092,4472832,1682,32988.90820912914,21025.522207833343,6.09,2637.69,-0.0008048334411796532,13604.85892033577,0.3999437793972902,8.248255488000001e-06,0.94395393,3.87,0.26,0.27,0.17,0.3,,,,,
1093,4476928,1684,33291.79071669792,21253.09343288823,6.14,2655.06,-0.0007526501722168177,10690.964619278908,0.44558950245846063,8.246649856000001e-06,0.92927426,3.9,0.26,0.26,0.17,0.31,,,,,
1094,4481024,1686,33319.067779427634,21258.906895719603,6.1,2668.0,-0.0009912485438690055,1829.85614413023,0.4526362517499365,8.245044224000001e-06,0.94646084,3.84,0.28,0.25,0.16,0.31,,,,,
1095,4485120,1689,32487.06634671253,20766.8938754053,6.08,2607.97,-0.00031457162913284265,15855.279113531113,0.3919665597495623,8.243438592e-06,0.96849227,3.88,0.27,0.25,0.17,0.31,,,,,
1096,4489216,1689,32487.06634671253,20766.8938754053,6.08,2607.97,-0.0014155124699755106,2715.5296516418457,0.37247929291334003,8.24183296e-06,0.97597057,3.88,0.27,0.25,0.17,0.31,,,,,
1097,4493312,1691,32447.60666744774,20735.1880225833,6.08,2617.13,-0.0004363965963420924,16585.093268871307,0.43550440459512174,8.240227328e-06,0.96720487,3.86,0.28,0.24,0.17,0.31,,,,,
1098,4497408,1692,32057.475174274863,20482.872277061815,6.05,2588.2,-0.0012941539789608214,1768.5827625989914,0.43142098921816796,8.238621696e-06,0.9569908,3.86,0.28,0.24,0.17,0.31,,,,,
1099,4501504,1693,32421.5408739816,20715.48214803732,6.01,2625.02,-0.0007730908728262875,5859.4300750494,0.35714791194186546,8.237016064e-06,0.97265464,3.77,0.29,0.24,0.17,0.3,,,,,
1100,4505600,1696,32178.266968915355,20532.145096280292,6.02,2605.11,-0.0013236469649200444,4174.167204916477,0.4654988594702445,8.235410432000001e-06,0.9620162,3.8,0.28,0.24,0.18,0.3,38417.78722631779,24812.901450598427,7.033333333333333,2798.9333333333334,0.06666666666666667
1101,4509696,1697,32981.175717236656,21053.81391884026,6.05,2639.66,-0.0003412708319956437,28724.24978494644,0.3746101360593457,8.233804800000001e-06,0.9682366,3.79,0.28,0.24,0.18,0.3,,,,,
1102,4513792,1698,32418.912934186756,20718.275737437776,6.06,2592.98,-0.0008136699034366757,3522.2451246976852,0.36890573546406813,8.232199168000001e-06,0.9741883,3.85,0.27,0.24,0.18,0.31,,,,,
1103,4517888,1699,32429.6700030522,20696.945859280142,6.05,2598.78,-0.0016206057171075372,1089.1556889414787,0.43392353027593344,8.230593536e-06,0.98703974,3.83,0.28,0.23,0.18,0.31,,,,,
1104,4521984,1703,32020.551096943058,20434.241392133023,6.06,2578.43,-0.00033616107248235494,27517.55640053749,0.4113605129532516,8.228987904e-06,0.9368066,3.87,0.28,0.23,0.17,0.32,,,,,
1105,4526080,1704,31533.86425080309,20116.7999960531,6.0,2554.14,-0.00045820117338735145,2280.193572342396,0.362980460311519,8.227382272e-06,0.92576796,3.83,0.28,0.24,0.17,0.31,,,,,
1106,4530176,1707,31704.69750457453,20210.604161379226,6.11,2561.57,-0.0005588271069427719,5132.528805673122,0.391605627926765,8.22577664e-06,0.9431029,3.93,0.29,0.21,0.17,0.33,,,,,
1107,4534272,1708,32035.40819672626,20408.56537774778,6.09,2590.79,-0.0005935140052315546,4891.227763414383,0.38687919900985435,8.224171008e-06,0.96355003,3.87,0.3,0.21,0.17,0.32,,,,,
1108,4538368,1710,32379.915273285253,20663.263546132097,6.18,2604.91,-0.0009303860315412749,23679.94643139839,0.3879119284974877,8.222565376000001e-06,0.8994506,3.95,0.29,0.21,0.17,0.33,,,,,
1109,4542464,1710,32379.915273285253,20663.263546132097,6.18,2604.91,-0.0008815799910735223,4902.919147372246,0.4282998097478412,8.220959744000001e-06,0.97307026,3.95,0.29,0.21,0.17,0.33,,,,,
1110,4546560,1711,33173.26357698292,21166.441683340854,6.21,2655.77,-0.00031807961477170466,15569.982521295547,0.39519504306372255,8.219354112000001e-06,0.9800942,3.92,0.3,0.21,0.16,0.33,,,,,
1111,4550656,1713,33051.84339147943,21118.645198684597,6.21,2641.91,-0.0004974068515366525,17847.2983263731,0.36833388917148113,8.21774848e-06,0.94376266,3.94,0.3,0.21,0.15,0.34,,,,,
1112,4554752,1714,32549.05854634641,20778.259846672514,6.14,2617.66,-0.0003508144063744112,7358.044212341309,0.41427960857981816,8.216142848e-06,0.92197394,3.89,0.31,0.21,0.15,0.33,,,,,
1113,4558848,1715,33231.48482203499,21198.56475627436,6.18,2669.19,-0.001986253551876871,20803.373967647552,0.48151376185705885,8.214537216e-06,0.8145968,3.88,0.32,0.2,0.15,0.33,,,,,
1114,4562944,1717,33041.49671376021,21070.19229711782,6.14,2659.41,-0.0007949072278279345,5833.786840558052,0.40544953191420063,8.212931584e-06,0.93724954,3.85,0.31,0.22,0.15,0.32,,,,,
1115,4567040,1718,32322.731917718662,20619.778208218555,6.09,2614.02,-0.0009061846089934988,2355.165697515011,0.3878513918898534,8.211325952e-06,0.9018626,3.85,0.31,0.22,0.15,0.32,,,,,
1116,4571136,1720,31049.09187818881,19799.00816035193,6.02,2549.99,-0.0008064252597250743,6327.381756901741,0.4647887860191986,8.209720320000001e-06,0.9149288,3.84,0.32,0.21,0.15,0.32,,,,,
1117,4575232,1722,29315.799058317985,18693.57576895153,5.92,2455.22,-0.0009442642226531461,2756.9967136979103,0.4247271490166895,8.208114688000001e-06,0.96417326,3.84,0.31,0.23,0.14,0.32,,,,,
1118,4579328,1724,29559.57059244328,18867.93751842473,5.91,2478.99,-0.0005253257199910877,4960.643733084202,0.3312005217303522,8.206509056e-06,0.90709233,3.81,0.31,0.24,0.14,0.31,,,,,
1119,4583424,1725,29342.727216958356,18727.764215054583,5.89,2460.87,-0.0006934905732123298,4494.447846472263,0.4032624864485115,8.204903424e-06,0.9666863,3.81,0.31,0.24,0.14,0.31,,,,,
1120,4587520,1727,29378.80766340205,18733.665272649465,5.85,2481.29,-0.0009168390361082857,4542.677780866623,0.44546211446868256,8.203297792e-06,0.95258516,3.74,0.33,0.24,0.12,0.31,,,,,
1121,4591616,1728,28821.616756636213,18404.079102349442,5.81,2445.32,-0.00098006687767338,5076.723431348801,0.3859112890495453,8.20169216e-06,0.9075293,3.73,0.34,0.23,0.12,0.31,,,,,
1122,4595712,1730,29533.28969757161,18833.943294753975,5.79,2499.36,-0.0008335472184626269,4316.293878078461,0.4116541784023866,8.200086528000002e-06,0.9738013,3.65,0.35,0.23,0.13,0.29,,,,,
1123,4599808,1731,29770.66199300232,18990.270833426122,5.77,2528.67,-0.0006083186290197773,6327.293734788895,0.3680468461534474,8.198480896000001e-06,0.9667828,3.6,0.36,0.23,0.13,0.28,,,,,
1124,4603904,1732,30355.12001795368,19389.436996797976,5.84,2557.98,-0.00025353304135933286,30614.23435497284,0.3938569026067853,8.196875264000001e-06,0.94364345,3.65,0.36,0.22,0.13,0.29,,,,,
1125,4608000,1732,30355.12001795368,19389.436996797976,5.84,2557.98,-0.0004971091366314795,10292.263718008995,0.2893021119525656,8.195269632000001e-06,0.9778486,3.65,0.36,0.22,0.13,0.29,36942.01811068216,23756.488153338116,6.933333333333334,2701.5,0.1
1126,4612096,1734,31232.918514628313,19956.69518221334,5.89,2591.91,-0.0005339031367839198,58655.63855314255,0.41492136532906443,8.193664e-06,0.9512058,3.66,0.36,0.22,0.13,0.29,,,,,
1127,4616192,1735,30953.69647031828,19809.73939982888,5.9,2561.08,-0.000476448779409111,17461.001472711563,0.40076766948914155,8.192058368e-06,0.9571408,3.7,0.35,0.22,0.14,0.29,,,,,
1128,4620288,1738,30948.51952027742,19797.79358307764,5.92,2553.47,-0.0005128668644829304,6866.430258870125,0.42022587137762457,8.190452736e-06,0.9655432,3.73,0.35,0.21,0.14,0.3,,,,,
1129,4624384,1740,31054.62647319959,19897.995679685988,5.97,2544.33,-0.00042372623556730105,24412.25731766224,0.39419945995905437,8.188847104e-06,0.94473034,3.8,0.34,0.21,0.13,0.32,,,,,
1130,4628480,1743,30973.505577226657,19829.0753495671,6.01,2526.19,-0.0010645717975421576,2822.0338035821915,0.421492354827933,8.187241472e-06,0.9779336,3.85,0.34,0.2,0.12,0.34,,,,,
1131,4632576,1743,30973.505577226657,19829.0753495671,6.01,2526.19,-0.0005476966807691497,5438.13304579258,0.3543574571667705,8.185635840000001e-06,0.9918935,3.85,0.34,0.2,0.12,0.34,,,,,
1132,4636672,1744,32188.957680656695,20620.51984827181,6.09,2588.62,-0.0007361149237112841,28853.541298151016,0.3901403079216834,8.184030208000001e-06,0.9680738,3.87,0.34,0.19,0.13,0.34,,,,,
1133,4640768,1745,32679.967751438337,20959.876864319926,6.14,2596.31,-0.0004279678842067369,27059.438883304596,0.3697216260188725,8.182424576e-06,0.97088933,3.91,0.34,0.18,0.13,0.35,,,,,
1134,4644864,1748,31561.279105358823,20247.553224118015,6.09,2513.86,-0.000933358049223898,10297.372573852539,0.3205380786966998,8.180818944e-06,0.960629,3.94,0.34,0.16,0.14,0.36,,,,,
1135,4648960,1750,31228.097008954086,20034.680291587898,6.08,2486.55,-0.0011385334291844629,3024.1204674839973,0.4125045224209316,8.179213312e-06,0.9356565,3.96,0.33,0.17,0.14,0.36,,,,,
1136,4653056,1751,31344.443299002003,20098.13012937239,6.09,2494.62,-0.0005465463909786195,3309.808660686016,0.3726207379368134,8.17760768e-06,0.96624434,3.96,0.33,0.17,0.14,0.36,,,,,
1137,4657152,1752,31857.003782060776,20429.41824275713,6.09,2530.6,-0.0005185257678022026,4298.9037346839905,0.40854020620463416,8.176002048e-06,0.97213304,3.92,0.33,0.18,0.14,0.35,,,,,
1138,4661248,1752,31857.003782060776,20429.41824275713,6.09,2530.6,-0.0008751615623623366,7133.02307844162,0.36538230822770856,8.174396416000001e-06,0.96797967,3.92,0.33,0.18,0.14,0.35,,,,,
1139,4665344,1753,32740.406302568197,20986.071830565972,6.1,2592.65,-0.0006424821676773718,5108.869207501411,0.3671435740252491,8.172790784000001e-06,0.98983455,3.86,0.34,0.18,0.14,0.34,,,,,
1140,4669440,1755,32912.96293658255,21063.67351756261,6.12,2588.75,-0.0009035328366735484,4652.945136964321,0.3487683771236334,8.171185152000001e-06,0.9895691,3.88,0.33,0.19,0.14,0.34,,,,,
1141,4673536,1756,32865.25981939731,21030.17148816058,6.15,2569.04,-0.001311846996031818,3395.2846755981445,0.36590864486061037,8.16957952e-06,0.98887557,3.93,0.32,0.19,0.14,0.35,,,,,
1142,4677632,1759,32152.49140981666,20553.533732567754,6.07,2541.24,-0.0006298481948761037,8676.716664791107,0.4128613183274865,8.167973888e-06,0.9829203,3.88,0.32,0.21,0.13,0.34,,,,,
1143,4681728,1760,32501.856180546103,20761.788922045766,6.07,2571.62,-0.00045257567217049655,5342.541911184788,0.35470482357777655,8.166368256e-06,0.9412451,3.84,0.33,0.21,0.12,0.34,,,,,
1144,4685824,1761,32362.84620090073,20687.119468403802,6.06,2561.87,-0.0010903425036303815,2632.4667219519615,0.3961838500399608,8.164762624e-06,0.93667567,3.84,0.33,0.21,0.12,0.34,,,,,
1145,4689920,1761,32362.84620090073,20687.119468403802,6.06,2561.87,-0.0006896327213326003,6033.7706089019775,0.36011268629226834,8.163156992e-06,0.98127514,3.84,0.33,0.21,0.12,0.34,,,,,
1146,4694016,1763,32810.656271217966,21002.09373673186,6.09,2592.99,-0.0003590904225347913,20496.08819949627,0.37518039662973024,8.16155136e-06,0.29168648,3.84,0.33,0.21,0.12,0.34,,,,,
1147,4698112,1764,32478.785226438198,20791.77340901685,6.07,2565.73,-0.0008851139691614662,6131.199481010437,0.4522823116276413,8.159945728000001e-06,0.9577056,3.85,0.32,0.22,0.12,0.34,,,,,
1148,4702208,1765,32753.53015406551,20960.41733438931,6.09,2575.65,-0.001062648136212374,2537.908436715603,0.4013661075150594,8.158340096000001e-06,0.9745572,3.86,0.32,0.22,0.12,0.34,,,,,
1149,4706304,1769,33076.28809618349,21188.96898645018,6.1,2602.9,-0.0006396199132723268,8242.5790579319,0.4447608684422448,8.156734464e-06,0.9609656,3.84,0.33,0.22,0.1,0.35,,,,,
1150,4710400,1772,32846.72124969483,20994.3295968208,6.07,2597.21,-0.0006578260254173074,4064.8747844696045,0.45457596256164834,8.155128832e-06,0.8957486,3.82,0.32,0.23,0.1,0.35,37329.9407910062,24183.50008547526,7.033333333333333,2766.733333333333,0.1
1151,4714496,1775,32785.56350523266,20973.374149507123,6.07,2592.19,-0.0008359667344848276,3794.5143092870712,0.4360300659900531,8.1535232e-06,0.95895344,3.82,0.32,0.22,0.11,0.35,,,,,
1152,4718592,1776,33088.58555416599,21188.480377626653,6.1,2609.19,-0.0006934113935130881,9452.79685997963,0.4380877495277673,8.151917568e-06,0.9441066,3.83,0.32,0.22,0.1,0.36,,,,,
1153,4722688,1778,33427.98328834443,21364.914948250916,6.06,2650.18,-0.0013413021288215532,3627.675009548664,0.4044187922263518,8.150311936000001e-06,0.9415927,3.75,0.34,0.21,0.1,0.35,,,,,
1154,4726784,1778,33427.98328834443,21364.914948250916,6.06,2650.18,-0.0015274255101758172,1392.8021108210087,0.4076397769385949,8.148706304000001e-06,0.9818344,3.75,0.34,0.21,0.1,0.35,,,,,
1155,4730880,1779,33993.16118602927,21727.920317825232,6.1,2691.1,-0.0003570815615603351,4552.092214107513,0.39894682983867824,8.147100672000001e-06,0.96899825,3.75,0.34,0.21,0.1,0.35,,,,,
1156,4734976,1782,32962.37962903969,21042.72954615982,6.01,2627.8,-0.002103823744619149,5312.498446106911,0.37904951703967527,8.14549504e-06,0.87176245,3.72,0.34,0.22,0.09,0.35,,,,,
1157,4739072,1784,32617.974907944674,20804.849452621347,6.01,2606.75,-0.0007710082754783798,10079.816914081573,0.44277263048570603,8.143889408e-06,0.84777904,3.74,0.34,0.22,0.09,0.35,,,,,
1158,4743168,1787,32659.47734115475,20874.281032007082,6.07,2605.51,-0.0010453758068251773,7995.174287199974,0.44597699760925025,8.142283776e-06,0.9305113,3.81,0.31,0.24,0.09,0.36,,,,,
1159,4747264,1790,31669.278531363987,20233.32053413719,6.02,2542.8,-0.00046539894174202345,12657.850102901459,0.40452048170845956,8.140678144e-06,0.96323645,3.83,0.3,0.25,0.09,0.36,,,,,
1160,4751360,1792,32180.617253674034,20562.42163804154,6.09,2559.88,-0.00048360071014030837,14938.113574266434,0.377997922943905,8.139072512e-06,0.97558147,3.88,0.3,0.24,0.09,0.37,,,,,
1161,4755456,1793,31573.057499872335,20173.41473190902,6.04,2516.67,-0.0007886079556556069,3070.154870212078,0.41166918899398297,8.13746688e-06,0.97688556,3.88,0.3,0.24,0.09,0.37,,,,,
1162,4759552,1795,31949.050229379027,20445.508035605897,6.08,2540.49,-0.0005043909604864893,22102.915819644928,0.3529197706084233,8.135861248000001e-06,0.9562782,3.9,0.3,0.24,0.09,0.37,,,,,
1163,4763648,1798,31713.59899128227,20262.690408927483,6.12,2527.47,-0.0008249478623838513,7000.202333450317,0.4133281725808047,8.134255616000001e-06,0.9678537,3.95,0.3,0.24,0.08,0.38,,,,,
1164,4767744,1799,31474.48370597868,20116.67619235411,6.1,2514.04,-0.0005584205991908675,2801.585152566433,0.4287497291807085,8.132649984e-06,0.7844219,3.95,0.3,0.24,0.08,0.38,,,,,
1165,4771840,1801,31222.171637383937,19941.950293132602,6.02,2500.59,-0.00129472411936149,2834.6024063825607,0.48560782859567553,8.131044352e-06,0.9380089,3.88,0.31,0.24,0.08,0.37,,,,,
1166,4775936,1803,31737.620218827076,20260.194424373167,6.03,2540.49,-0.0006665708642685786,10855.047035813332,0.3591771114151925,8.12943872e-06,0.97305125,3.84,0.31,0.25,0.08,0.36,,,,,
1167,4780032,1804,32117.316563388413,20509.729550552234,6.06,2570.1,-0.0009409730628249235,8982.55657529831,0.38490298303077,8.127833088e-06,0.9655514,3.84,0.31,0.25,0.08,0.36,,,,,
1168,4784128,1805,31928.172010457645,20405.808524279968,6.05,2558.01,-0.0010444519375596428,1932.9706226587296,0.39354869531234726,8.126227456e-06,0.9696454,3.84,0.31,0.25,0.08,0.36,,,,,
1169,4788224,1806,31975.684107584933,20434.507124624586,5.98,2565.72,-0.0010900281858994276,2002.9736942648888,0.4242011621245183,8.124621824000001e-06,0.9529469,3.76,0.32,0.25,0.08,0.35,,,,,
1170,4792320,1808,32276.28994944796,20582.695464155808,5.95,2591.45,-0.0005541490681935102,4257.372438430786,0.45693398197181523,8.123016192000001e-06,0.945652,3.7,0.33,0.25,0.08,0.34,,,,,
1171,4796416,1810,31956.187957861184,20381.21293735756,5.94,2575.95,-0.00045038448206469184,4292.626142799854,0.3868897062493488,8.121410560000001e-06,0.930025,3.7,0.33,0.26,0.07,0.34,,,,,
1172,4800512,1813,30498.320606506735,19431.480489764126,5.81,2500.25,-0.0008322694884554949,2404.6883118748665,0.37689746683463454,8.119804928e-06,0.919314,3.64,0.34,0.26,0.07,0.33,,,,,
1173,4804608,1815,30043.01045933524,19163.00675685757,5.85,2465.1,-0.001274029439628066,3926.7056999206543,0.42492004728410393,8.118199296e-06,0.9253589,3.72,0.32,0.27,0.07,0.34,,,,,
1174,4808704,1817,30011.17109889769,19142.021276454627,5.86,2455.56,-0.0004791985029442003,4698.384778439999,0.4199255385901779,8.116593664e-06,0.9653121,3.74,0.32,0.26,0.08,0.34,,,,,
1175,4812800,1818,30006.177681605528,19144.749729402076,5.86,2455.87,-0.0014331558313642745,1479.489252269268,0.3923338399617933,8.114988032e-06,0.9513093,3.74,0.32,0.26,0.08,0.34,38625.65054392028,25269.816049067944,7.033333333333333,2770.766666666667,0.1
1176,4816896,1818,30006.177681605528,19144.749729402076,5.86,2455.87,-0.0005059202630945947,6243.322740256786,0.3691592777031474,8.1133824e-06,0.94541997,3.74,0.32,0.26,0.08,0.34,,,,,
1177,4820992,1819,30935.76841647437,19736.814272306357,5.92,2511.93,-0.001374887659039814,4362.9947165846825,0.38510749058332294,8.111776768000001e-06,0.9760254,3.74,0.32,0.26,0.08,0.34,,,,,
1178,4825088,1820,31465.679818193825,20074.81538560618,5.91,2558.6,-0.0007425904977935716,6115.388824939728,0.39111134817358106,8.110171136000001e-06,0.96474534,3.68,0.33,0.26,0.08,0.33,,,,,
1179,4829184,1821,31368.183403882016,19988.224022048988,5.89,2559.07,-0.0008073999961197842,4749.744244992733,0.45851096691330895,8.108565504e-06,0.85927653,3.66,0.34,0.25,0.08,0.33,,,,,
1180,4833280,1822,31524.38360535862,20096.272142781934,5.91,2570.29,-0.0005847105549037224,7882.03987634182,0.38483096452546306,8.106959872e-06,0.9747337,3.67,0.34,0.25,0.08,0.33,,,,,
1181,4837376,1823,31852.05388167371,20316.83436466564,5.95,2583.22,-0.001216870730786468,3699.1214404702187,0.3927648463577498,8.10535424e-06,0.9730042,3.7,0.34,0.24,0.08,0.34,,,,,
1182,4841472,1824,32164.447437517494,20513.653868259735,5.98,2604.07,-0.0014531845226883888,5297.804114997387,0.36046493699541315,8.103748608e-06,0.8692059,3.71,0.34,0.24,0.08,0.34,,,,,
1183,4845568,1826,31930.102087229603,20367.90435753015,5.96,2586.17,-0.0013381610297074076,4640.344875216484,0.4157656647148542,8.102142976e-06,0.8544829,3.71,0.34,0.24,0.08,0.34,,,,,
1184,4849664,1827,31960.117147721267,20388.873222638595,5.96,2591.12,-0.000519795372383669,4550.552000463009,0.3840250770444982,8.100537344000001e-06,0.9613104,3.71,0.34,0.24,0.08,0.34,,,,,
1185,4853760,1828,33027.566575198245,21072.776957519745,6.03,2649.86,-0.0005500701872733771,10019.464245319366,0.38676122439210303,8.098931712000001e-06,0.9801975,3.73,0.33,0.25,0.08,0.34,,,,,
1186,4857856,1830,32638.961134192312,20822.35040496079,5.97,2628.86,-0.0014911860198481008,2018.1208717823029,0.44209300447255373,8.097326080000001e-06,0.9533438,3.7,0.33,0.26,0.07,0.34,,,,,
1187,4861952,1831,32269.838792366107,20585.3121742768,5.98,2593.76,-0.0020188315684208646,1418.2826105952263,0.36608883552253246,8.095720448e-06,0.97985035,3.75,0.32,0.26,0.07,0.35,,,,,
1188,4866048,1833,31169.559686698463,19853.595688116606,5.94,2555.5,-0.0009950782659871038,9135.948975205421,0.44670097262132913,8.094114816e-06,0.952302,3.73,0.33,0.26,0.07,0.34,,,,,
1189,4870144,1834,31106.85561099601,19776.320803708342,5.87,2559.96,-0.0012172342539997771,4300.584707260132,0.39252102811587974,8.092509184e-06,0.9421859,3.65,0.34,0.26,0.07,0.33,,,,,
1190,4874240,1834,31106.85561099601,19776.320803708342,5.87,2559.96,-0.0008157271986419801,8708.650750994682,0.36911126066115685,8.090903552e-06,0.9795697,3.65,0.34,0.26,0.07,0.33,,,,,
1191,4878336,1836,31621.510175761672,20089.867908530763,5.86,2612.74,-0.0008097834297586815,13257.384112000465,0.43020519538549706,8.08929792e-06,0.7875186,3.59,0.35,0.27,0.05,0.33,,,,,
1192,4882432,1839,31156.436718402747,19798.045324003768,5.75,2601.5,-0.0007938304538583907,7369.108602464199,0.42258741933619604,8.087692288000001e-06,0.93236995,3.49,0.37,0.27,0.05,0.31,,,,,
1193,4886528,1839,31156.436718402747,19798.045324003768,5.75,2601.5,-0.0006233432941371575,7798.856308937073,0.4231677736970596,8.086086656000001e-06,0.96374583,3.49,0.37,0.27,0.05,0.31,,,,,
1194,4890624,1840,31959.599170218753,20310.862691893122,5.77,2658.07,-0.0019492980190989329,6208.033636629581,0.3675983830471523,8.084481024000001e-06,0.9696555,3.45,0.37,0.28,0.05,0.3,,,,,
1195,4894720,1842,31763.626855036713,20192.28225739734,5.71,2663.27,-0.001430109735338192,5940.709070920944,0.4088786386710126,8.082875392e-06,0.7890079,3.39,0.39,0.27,0.05,0.29,,,,,
1196,4898816,1843,32274.73235630139,20520.228560185245,5.72,2698.32,-0.00042433460293977987,6728.859084844589,0.37061347704729997,8.08126976e-06,0.9712902,3.36,0.39,0.28,0.05,0.28,,,,,
1197,4902912,1845,30189.690038015102,19153.001585744772,5.56,2601.79,-0.0007268407844094327,2605.4516573548317,0.39876404259121045,8.079664128e-06,0.9734895,3.3,0.4,0.29,0.04,0.27,,,,,
1198,4907008,1846,30715.55791675567,19493.614250468963,5.59,2638.29,-0.0011889022434843355,2825.2769718766212,0.3645860286196694,8.078058496e-06,0.9717884,3.29,0.4,0.3,0.03,0.27,,,,,
1199,4911104,1848,30651.97255160974,19417.939266614234,5.55,2642.99,-0.0007737065097899176,4625.01072871685,0.3971660236711614,8.076452864000001e-06,0.93316627,3.24,0.41,0.3,0.03,0.26,,,,,
1200,4915200,1851,30394.058438365948,19265.947701082267,5.54,2617.57,-0.0010310502902939334,1947.7645528912544,0.4316551424562931,8.074847232000001e-06,0.83706343,3.27,0.39,0.32,0.03,0.26,32244.89018255405,20713.21894540457,6.866666666666666,2482.4666666666667,0.0
1201,4919296,1853,29175.60372640637,18507.160341375227,5.47,2548.83,-0.00048724159660196165,10999.356528997421,0.45383892953395844,8.073241600000001e-06,0.9381613,3.28,0.39,0.31,0.04,0.26,,,,,
1202,4923392,1856,28375.4663435155,18023.958549074083,5.4,2502.68,-0.0011872805071106995,2031.8409941792488,0.4267695714079309,8.071635968e-06,0.9523649,3.26,0.39,0.31,0.05,0.25,,,,,
1203,4927488,1858,28637.272375519737,18205.131620093962,5.45,2522.31,-0.0006018567191858892,6780.454030156136,0.36408554791705683,8.070030336e-06,0.9722266,3.29,0.4,0.29,0.05,0.26,,,,,
1204,4931584,1861,27623.396376210687,17572.80409151074,5.42,2447.83,-0.0006222722931852331,6014.623057484627,0.39329253719188273,8.068424704e-06,0.8160497,3.35,0.38,0.29,0.07,0.26,,,,,
1205,4935680,1862,27443.62252448259,17444.250955066706,5.41,2436.23,-0.0010404581862530904,7518.0411975979805,0.437213528144639,8.066819072e-06,0.9515189,3.35,0.38,0.29,0.07,0.26,,,,,
1206,4939776,1863,28212.357203985077,17929.93315459737,5.48,2475.16,-0.0004636931262211874,4727.199167430401,0.33974215609487146,8.06521344e-06,0.9834408,3.38,0.37,0.29,0.08,0.26,,,,,
1207,4943872,1864,28227.58794715842,17950.60004344432,5.48,2477.77,-0.0008028585034480784,7736.951319813728,0.38514803297584876,8.063607808e-06,0.95258033,3.37,0.38,0.28,0.08,0.26,,,,,
1208,4947968,1866,28098.864709858073,17880.25563322962,5.53,2447.31,-0.0008177168419933878,12797.692579329014,0.419192778528668,8.062002176000001e-06,0.97911596,3.46,0.37,0.27,0.09,0.27,,,,,
1209,4952064,1867,28328.628175258404,18011.10881852948,5.51,2471.64,-0.00051149888213331,2726.879089653492,0.3598684206663165,8.060396544000001e-06,0.9659006,3.41,0.38,0.27,0.09,0.26,,,,,
1210,4956160,1868,28440.055096024284,18079.20899007597,5.52,2481.34,-0.0008561678587284405,7211.448203921318,0.44472952181240544,8.058790912e-06,0.9712829,3.41,0.38,0.27,0.09,0.26,,,,,
1211,4960256,1869,29261.11653210557,18613.069991421766,5.54,2528.81,-0.0008062489341682522,17185.567580223083,0.40499531305977143,8.05718528e-06,0.9846825,3.38,0.38,0.27,0.1,0.25,,,,,
1212,4964352,1870,29595.958484719577,18853.074607161576,5.56,2546.72,-0.0006999724328125012,8753.911417126656,0.4152901627821848,8.055579648e-06,0.9631775,3.38,0.38,0.27,0.1,0.25,,,,,
1213,4968448,1872,29731.41876762647,18935.872841711585,5.52,2561.81,-0.0011872476979988278,4942.288223266602,0.39155562059022486,8.053974016000002e-06,0.9291724,3.32,0.39,0.26,0.11,0.24,,,,,
1214,4972544,1874,30399.42584588474,19369.362868362732,5.53,2609.85,-0.0002852697198250098,13513.603309631348,0.3954767436371185,8.052368384000002e-06,0.96183,3.28,0.39,0.27,0.11,0.23,,,,,
1215,4976640,1876,30195.873184330692,19208.619032769046,5.53,2588.71,-0.0015659615346521605,3061.189391195774,0.4469159917207435,8.050762752000001e-06,0.9458387,3.3,0.38,0.28,0.11,0.23,,,,,
1216,4980736,1877,29930.054849425527,19043.33457783015,5.51,2567.11,-0.0015788512264407473,15749.65913927555,0.3876833001850173,8.049157120000001e-06,0.97485805,3.3,0.38,0.28,0.11,0.23,,,,,
1217,4984832,1880,29732.95714789245,18978.51790728372,5.62,2511.31,-0.0005972855633444851,27940.91084265709,0.33419449979555793,8.047551488000001e-06,0.9094713,3.47,0.36,0.27,0.11,0.26,,,,,
1218,4988928,1881,30248.325248765406,19301.94205503819,5.6,2555.53,-0.000639546153252013,9257.26081264019,0.4350243989028968,8.045945856e-06,0.88685286,3.4,0.37,0.27,0.11,0.25,,,,,
1219,4993024,1883,30606.33366562281,19538.750331244642,5.69,2563.6,-0.0007119592501112493,12809.16566824913,0.40394620192819275,8.044340224e-06,0.94937134,3.49,0.35,0.28,0.11,0.26,,,,,
1220,4997120,1884,30752.656826561106,19613.91729649667,5.64,2579.61,-0.0004360207967692986,7677.439716279507,0.4098924720310606,8.042734592e-06,0.97977495,3.42,0.36,0.28,0.11,0.25,,,,,
1221,5001216,1885,31135.49734138147,19873.68995833317,5.7,2586.48,-0.0009451775713387178,10864.74002045393,0.3478884214127902,8.04112896e-06,0.9853565,3.48,0.36,0.27,0.11,0.26,,,,,
1222,5005312,1886,32000.18475186213,20416.36091793621,5.73,2636.77,-0.0005216417821429786,23585.686215400696,0.4068848733440973,8.039523328e-06,0.94614905,3.46,0.36,0.27,0.12,0.25,,,,,
1223,5009408,1887,32287.740968981812,20591.38943785544,5.77,2651.98,-0.0009645639702284825,2552.908768117428,0.339247298106784,8.037917696000001e-06,0.9794394,3.49,0.36,0.26,0.13,0.25,,,,,
1224,5013504,1888,32360.268614729084,20621.259874885676,5.75,2670.89,-0.0008007381984498352,6028.612851202488,0.38379993580747396,8.036312064000001e-06,0.95064217,3.45,0.37,0.26,0.12,0.25,,,,,
1225,5017600,1891,32075.212196875513,20419.751895696576,5.76,2662.73,-0.0004320655789342709,8443.570723772049,0.36798090001684614,8.034706432e-06,0.9549315,3.46,0.38,0.25,0.12,0.25,29082.34772968632,18962.58056626029,6.5,2263.6,0.06666666666666667
1226,5021696,1894,31698.65291523882,20227.89975396447,5.77,2638.11,-0.0004577889549182146,9433.602159380913,0.42608847096562386,8.0331008e-06,0.9671849,3.49,0.38,0.24,0.12,0.26,,,,,
1227,5025792,1894,31698.65291523882,20227.89975396447,5.77,2638.11,-0.0013217769610491814,4168.239647626877,0.3664396972162649,8.031495168e-06,0.97108334,3.49,0.38,0.24,0.12,0.26,,,,,
1228,5029888,1897,31764.036419869986,20243.958190823858,5.62,2670.33,-0.0015626790591340978,3506.2120736837387,0.37310450882068835,8.029889536e-06,0.79677516,3.3,0.4,0.25,0.12,0.23,,,,,
1229,5033984,1899,31861.807076337045,20314.77185396282,5.6,2677.18,-0.0007684905112910201,7169.775176405907,0.4081433653482236,8.028283904000002e-06,0.97162825,3.28,0.39,0.26,0.12,0.23,,,,,
1230,5038080,1899,31861.807076337045,20314.77185396282,5.6,2677.18,-0.0008791189848125214,1805.934549152851,0.3494033421447966,8.026678272000001e-06,0.9858253,3.28,0.39,0.26,0.12,0.23,,,,,
1231,5042176,1901,32561.781166596287,20756.48286999512,5.64,2720.0,-0.0012828338876715861,8631.3329693079,0.4201543891103938,8.025072640000001e-06,0.9765243,3.28,0.39,0.26,0.12,0.23,,,,,
1232,5046272,1903,32217.45876531666,20542.165129229623,5.56,2700.36,-0.0005531889601115836,7360.933033943176,0.38477349004824646,8.023467008000001e-06,0.9362959,3.22,0.39,0.27,0.12,0.22,,,,,
1233,5050368,1904,32099.637147272017,20484.94625892692,5.58,2684.93,-0.000654556769404735,11372.526781797409,0.34965682576876134,8.021861376e-06,0.9701905,3.26,0.39,0.26,0.12,0.23,,,,,
1234,5054464,1905,32923.57277556978,21045.356568983545,5.66,2702.99,-0.00019737682487175334,98524.99731492996,0.3852723626187071,8.020255744e-06,0.9625084,3.33,0.38,0.26,0.12,0.24,,,,,
1235,5058560,1905,32923.57277556978,21045.356568983545,5.66,2702.99,-0.0007536082230217289,2861.5150241851807,0.3639149508671835,8.018650112e-06,0.9885856,3.33,0.38,0.26,0.12,0.24,,,,,
1236,5062656,1906,33703.98169280844,21533.653627262564,5.72,2752.57,-0.0006076778308852226,5233.08028280735,0.4034510169294663,8.01704448e-06,0.9847865,3.34,0.37,0.27,0.12,0.24,,,,,
1237,5066752,1908,33475.67863804181,21412.226790712957,5.73,2725.31,-0.0009454608953092247,5722.327518463135,0.39437193085905164,8.015438848e-06,0.963604,3.39,0.35,0.28,0.13,0.24,,,,,
1238,5070848,1911,33600.02317232783,21466.67698487835,5.67,2731.53,-0.0012806137292500352,6793.1674015522,0.43411579832900316,8.013833216e-06,0.8233258,3.33,0.34,0.3,0.13,0.23,,,,,
1239,5074944,1911,33600.02317232783,21466.67698487835,5.67,2731.53,-0.0004962789480487118,15061.051996707916,0.29913306154776365,8.012227584000001e-06,0.97458935,3.33,0.34,0.3,0.13,0.23,,,,,
1240,5079040,1913,34559.30234482016,22103.57938553933,5.75,2789.86,-0.0006274306470004376,8255.409375548363,0.40943353972397745,8.010621952000001e-06,0.6847359,3.36,0.34,0.29,0.13,0.24,,,,,
1241,5083136,1915,34270.23452330696,21917.126898252616,5.72,2767.11,-0.001251468449481763,2819.1683663129807,0.4185920958407223,8.00901632e-06,0.9362798,3.35,0.35,0.28,0.13,0.24,,,,,
1242,5087232,1918,33997.34636969576,21755.22120986664,5.78,2743.25,-0.0006131849258963484,12003.239765048027,0.46140017837751657,8.007410688e-06,0.9519117,3.44,0.34,0.28,0.13,0.25,,,,,
1243,5091328,1921,32583.204382622782,20907.12612263629,5.77,2629.29,-0.0020467950289457804,4978.95913028717,0.36849655825062655,8.005805056e-06,0.930073,3.55,0.32,0.28,0.13,0.27,,,,,
1244,5095424,1922,32767.47309021095,21001.219800501996,5.78,2639.57,-0.0010359969774071942,3435.982642173767,0.37422088618041016,8.004199424000002e-06,0.9621227,3.55,0.32,0.28,0.13,0.27,,,,,
1245,5099520,1923,32366.75284305228,20727.861482018132,5.72,2626.45,-0.0002931050585175399,9125.441624760628,0.3954340741620399,8.002593792000001e-06,0.96650344,3.5,0.33,0.28,0.13,0.26,,,,,
1246,5103616,1925,32314.176085186507,20702.232797542787,5.74,2615.53,-0.0020463038081288687,19279.000860452652,0.3997830295120366,8.000988160000001e-06,0.42812777,3.54,0.33,0.27,0.13,0.27,,,,,
1247,5107712,1926,32619.90664496081,20887.439201042,5.77,2640.66,-0.0007699998623138526,3641.581384539604,0.38072970340726897,7.999382528000001e-06,0.94058126,3.54,0.33,0.27,0.13,0.27,,,,,
1248,5111808,1927,32702.339702599398,20950.44805691731,5.83,2635.4,-0.0005998746910336195,10971.244072079659,0.4322777394554578,7.997776896e-06,0.9203764,3.61,0.32,0.27,0.13,0.28,,,,,
1249,5115904,1929,31833.99422023066,20388.817189178477,5.78,2595.21,-0.0008804068020253908,6413.38665086031,0.3709462007100228,7.996171264e-06,0.9679177,3.59,0.33,0.26,0.13,0.28,,,,,
1250,5120000,1930,32173.115119950402,20650.83714507237,5.85,2596.81,-0.0008077304660218942,23486.86845743656,0.3748167323938105,7.994565632e-06,0.9514924,3.66,0.32,0.26,0.13,0.29,41061.018056259105,26250.108908534185,7.266666666666667,2966.1,0.1
1251,5124096,1932,31737.624899011153,20381.43737238094,5.78,2579.11,-0.0010651706325006671,6647.742128968239,0.5044473169837147,7.99296e-06,0.93492144,3.61,0.33,0.26,0.13,0.28,,,,,
1252,5128192,1934,32194.9408782048,20678.919109220264,5.78,2603.26,-0.0006324031410258613,10846.131393909454,0.44934773875866085,7.991354368e-06,0.9425617,3.59,0.32,0.26,0.15,0.27,,,,,
1253,5132288,1935,31694.95816820755,20392.564003609492,5.8,2557.16,-0.0006960757600609213,17578.983208417892,0.3638468276185449,7.989748736e-06,0.97185373,3.66,0.31,0.26,0.15,0.28,,,,,
1254,5136384,1936,32238.745909754714,20759.16525823162,5.86,2569.99,-0.0006126025855337502,37530.856981277466,0.3472275930107571,7.988143104000001e-06,0.9715685,3.71,0.31,0.25,0.15,0.29,,,,,
1255,5140480,1938,32574.762693952034,21008.1626927196,5.94,2576.16,-0.00029796055605402216,74030.80552315712,0.42348019988276064,7.986537472000001e-06,0.8298322,3.79,0.3,0.25,0.15,0.3,,,,,
1256,5144576,1940,32147.89779058856,20721.320071855338,5.96,2548.66,-0.000850824469125655,3907.6415137052536,0.38479900112724863,7.98493184e-06,0.9584581,3.83,0.3,0.24,0.15,0.31,,,,,
1257,5148672,1942,31970.987893206784,20617.7896415119,6.02,2523.02,-0.0008021628618735122,6051.564458966255,0.3551123304932844,7.983326208e-06,0.96490294,3.91,0.28,0.25,0.15,0.32,,,,,
1258,5152768,1944,31682.68051555136,20443.189355403232,6.06,2499.07,-0.0004851566282013664,7871.190775036812,0.3623200526635628,7.981720576e-06,0.82883835,3.98,0.27,0.25,0.15,0.33,,,,,
1259,5156864,1946,31691.48854245423,20441.058628571824,6.05,2510.79,-0.0007720054190940573,5121.853502869606,0.4080469625769183,7.980114944e-06,0.9664173,3.95,0.28,0.24,0.15,0.33,,,,,
1260,5160960,1947,31972.570048488895,20645.30374799078,6.1,2518.36,-0.0007295164268725784,11033.542989730835,0.38652830055798404,7.978509312000002e-06,0.9666035,3.99,0.27,0.24,0.16,0.33,,,,,
1261,5165056,1950,32155.454852795625,20788.70004706462,6.19,2526.5,-0.0005159854490557336,4968.372476935387,0.42661950073670596,7.976903680000001e-06,0.87489045,4.07,0.28,0.21,0.16,0.35,,,,,
1262,5169152,1951,32300.14765055602,20876.78037964322,6.19,2543.71,-0.0008382576106669148,2434.8575899004936,0.429644716612529,7.975298048000001e-06,0.8813149,4.05,0.29,0.2,0.16,0.35,,,,,
1263,5173248,1951,32300.14765055602,20876.78037964322,6.19,2543.71,-0.0007559089390269946,4762.072805047035,0.3466799508605618,7.973692416000001e-06,0.9767168,4.05,0.29,0.2,0.16,0.35,,,,,
1264,5177344,1953,32792.098388645805,21195.609389027264,6.26,2569.49,-0.0006489427360065747,12312.262482523918,0.3917041805398185,7.972086784e-06,0.962036,4.09,0.29,0.2,0.15,0.36,,,,,
1265,5181440,1953,32792.098388645805,21195.609389027264,6.26,2569.49,-0.0005344075361790601,3108.7137239575386,0.3676310757291503,7.970481152e-06,0.9855026,4.09,0.29,0.2,0.15,0.36,,,,,
1266,5185536,1955,33910.178672096015,21893.958885252978,6.31,2648.24,-0.0022128978598630056,5471.757078945637,0.3802140381303616,7.96887552e-06,0.9774326,4.06,0.3,0.19,0.16,0.35,,,,,
1267,5189632,1955,33910.178672096015,21893.958885252978,6.31,2648.24,-0.0007703598093939945,4412.1928906440735,0.37696860168944113,7.967269888e-06,0.97872484,4.06,0.3,0.19,0.16,0.35,,,,,
1268,5193728,1956,34577.534873842014,22323.90090657022,6.34,2692.63,-0.00020867819421255263,15118.475399494171,0.3563917795254383,7.965664256e-06,0.96889967,4.04,0.3,0.2,0.15,0.35,,,,,
1269,5197824,1959,34688.423868400016,22398.40930273028,6.32,2685.73,-0.00044823120060755173,7896.322461724281,0.41944146796595305,7.964058624e-06,0.95757633,4.02,0.3,0.21,0.14,0.35,,,,,
1270,5201920,1962,34376.19113733035,22207.601670578508,6.29,2667.06,-0.0008757751693337923,6409.942742228508,0.3913210993632674,7.962452992000001e-06,0.9041565,4.01,0.3,0.22,0.13,0.35,,,,,
1271,5206016,1964,33600.63032411174,21702.385620772908,6.28,2614.65,-0.0008956643750934745,1798.5889199376106,0.3860663825762458,7.96084736e-06,0.97400886,4.06,0.29,0.22,0.13,0.36,,,,,
1272,5210112,1965,33254.33961259424,21463.18230561526,6.22,2614.75,-0.0010132801880899933,5525.004372894764,0.44479193483130075,7.959241728e-06,0.93680406,3.99,0.3,0.22,0.13,0.35,,,,,
1273,5214208,1967,33387.197029735056,21555.41873821332,6.23,2621.84,-0.00045007786502537783,4146.318615615368,0.3992652951856144,7.957636096e-06,0.9688131,3.99,0.3,0.22,0.13,0.35,,,,,
1274,5218304,1969,32678.369095105965,21087.56188135258,6.19,2591.26,-0.0007323526042455342,4122.311087548733,0.4023451491375454,7.956030464e-06,0.91536355,3.98,0.31,0.21,0.13,0.35,,,,,
1275,5222400,1970,32676.518007375118,21060.69704597435,6.15,2604.32,-0.0006887135132274125,2694.3756652772427,0.37334349419688806,7.954424832000002e-06,0.93944544,3.92,0.32,0.21,0.13,0.34,36741.61461111332,23886.208953386442,6.9,2735.733333333333,0.1
1276,5226496,1972,32441.6889864333,20906.713093897302,6.14,2585.36,-0.0015631524356649606,2527.6003774404526,0.38501091179205105,7.952819200000001e-06,0.88634133,3.93,0.32,0.21,0.13,0.34,,,,,
1277,5230592,1974,32199.07664506656,20721.57806731831,6.15,2575.57,-0.0011466614778328221,2322.3658151626587,0.42137644946342334,7.951213568000001e-06,0.9188718,3.95,0.33,0.2,0.12,0.35,,,,,
1278,5234688,1974,32199.07664506656,20721.57806731831,6.15,2575.57,-0.0005915065867156954,3521.6137323379517,0.3840899116185028,7.949607936000001e-06,0.9744599,3.95,0.33,0.2,0.12,0.35,,,,,
1279,5238784,1976,32836.49102003071,21121.416912825258,6.15,2639.24,-0.0018640952030182234,7232.318853259087,0.39904779399512336,7.948002304e-06,0.83513737,3.88,0.35,0.19,0.12,0.34,,,,,
1280,5242880,1976,32836.49102003071,21121.416912825258,6.15,2639.24,-0.0012454832544790406,5766.687754869461,0.38450528084649704,7.946396672e-06,0.9614227,3.88,0.35,0.19,0.12,0.34,,,,,
1281,5246976,1978,32750.92382047269,21052.28948996597,6.15,2646.5,-0.00048377537132182624,29112.95419049263,0.3685441737761721,7.94479104e-06,0.87920403,3.88,0.34,0.2,0.12,0.34,,,,,
1282,5251072,1979,33083.43435794108,21263.481169004706,6.14,2676.91,-0.0007923880921225646,3588.60884475708,0.3695164392411243,7.943185408e-06,0.9627363,3.83,0.35,0.2,0.12,0.33,,,,,
1283,5255168,1980,33521.71074984682,21489.59157647683,6.11,2718.72,-0.0014890487109369133,2019.024970293045,0.3861752289813012,7.941579776e-06,0.9837101,3.76,0.36,0.2,0.12,0.32,,,,,
1284,5259264,1981,33474.367204075104,21498.531572430315,6.17,2696.79,-0.0004383790492283879,49237.51723241806,0.3950562745449133,7.939974144e-06,0.9427776,3.85,0.35,0.2,0.12,0.33,,,,,
1285,5263360,1981,33474.367204075104,21498.531572430315,6.17,2696.79,-0.0010527873409955646,4596.609988152981,0.38465946438373066,7.938368512000001e-06,0.9768049,3.85,0.35,0.2,0.12,0.33,,,,,
1286,5267456,1983,33984.35363426009,21802.995096767576,6.15,2751.4,-0.0006002308600727702,3585.0790519714355,0.38310737477149814,7.93676288e-06,0.97482693,3.76,0.37,0.19,0.12,0.32,,,,,
1287,5271552,1983,33984.35363426009,21802.995096767576,6.15,2751.4,-0.0010749336715889513,2535.7562351226807,0.36300786296487786,7.935157248e-06,0.9709405,3.76,0.37,0.19,0.12,0.32,,,,,
1288,5275648,1985,33950.41547486757,21755.39368496689,6.11,2771.68,-0.0010932796194538241,3620.9331788420677,0.40458856348413974,7.933551616e-06,0.9677823,3.69,0.38,0.19,0.12,0.31,,,,,
1289,5279744,1986,33455.508534445966,21418.071737883798,6.07,2752.06,-0.0011187381060153712,3124.962574362755,0.4028766439005267,7.931945984e-06,0.96875733,3.66,0.39,0.19,0.11,0.31,,,,,
1290,5283840,1989,32639.19053553885,20917.45039418316,6.06,2685.76,-0.0007616118255100446,5758.645539283752,0.41697641205973923,7.930340352e-06,0.9443048,3.72,0.37,0.21,0.1,0.32,,,,,
1291,5287936,1991,32765.07514424382,20980.836077273107,6.03,2698.28,-0.0017951023546629585,6011.675606191158,0.43584880951675586,7.928734720000001e-06,0.9573324,3.68,0.37,0.21,0.11,0.31,,,,,
1292,5292032,1993,32990.73144052444,21138.171665097358,6.09,2705.74,-0.0005676735290762736,11177.625651955605,0.38833730449550785,7.927129088000001e-06,0.95463616,3.74,0.36,0.21,0.12,0.31,,,,,
1293,5296128,1994,33395.83749390734,21410.606561639066,6.12,2727.29,-0.0006828725418017711,13107.68918800354,0.41794485913123935,7.925523456000001e-06,0.94984055,3.75,0.36,0.21,0.12,0.31,,,,,
1294,5300224,1996,33320.781870904895,21352.47862872988,6.12,2721.59,-0.0005880886565137189,4087.015620470047,0.37032338135759346,7.923917824e-06,0.9456676,3.75,0.36,0.21,0.12,0.31,,,,,
1295,5304320,1998,33571.21943393495,21514.65126777281,6.17,2729.51,-0.0009919845524564153,4744.103405714035,0.3705915076134261,7.922312192e-06,0.9797391,3.8,0.35,0.21,0.12,0.32,,,,,
1296,5308416,2001,32959.707041808564,21182.360039446514,6.23,2669.98,-0.00047930173241184093,48746.71167397499,0.41406317870132625,7.92070656e-06,0.97208065,3.92,0.33,0.21,0.13,0.33,,,,,
1297,5312512,2002,33072.22734555147,21252.01722950942,6.24,2673.71,-0.000944244926358806,5461.000233352184,0.3728886582830455,7.919100928e-06,0.9777663,3.92,0.33,0.21,0.13,0.33,,,,,
1298,5316608,2004,32967.599833134955,21192.818880903964,6.25,2671.61,-0.00014432689204113558,15570.330373287201,0.45031672751065344,7.917495296e-06,0.89823127,3.94,0.33,0.2,0.14,0.33,,,,,
1299,5320704,2005,32574.972613571226,20910.822826995103,6.22,2661.29,-0.0006811132861912483,10213.922808170319,0.35159608657704666,7.915889664e-06,0.97969866,3.92,0.33,0.2,0.14,0.33,,,,,
1300,5324800,2006,32129.125278315038,20664.62188687471,6.24,2623.43,-0.0006061665135348449,13721.941579937935,0.35548517701681703,7.914284032000001e-06,0.97404045,3.98,0.33,0.19,0.14,0.34,37277.590945699834,24216.229767325727,7.1,2794.5,0.03333333333333333
1301,5328896,2007,32845.59616042268,21139.734399751957,6.3,2644.44,-0.000670798744977219,42297.37439572811,0.3893851066241041,7.912678400000001e-06,0.9696386,4.02,0.33,0.18,0.14,0.35,,,,,
1302,5332992,2008,32878.34782631956,21159.748027121866,6.33,2646.94,-0.0009484564934609807,5226.406391859055,0.3380637686641421,7.911072768e-06,0.85738915,4.05,0.33,0.18,0.13,0.36,,,,,
1303,5337088,2012,32021.835001208492,20590.654140438408,6.32,2598.48,-0.0012280852515687002,2169.9103759527206,0.40817526896717027,7.909467136e-06,0.7261057,4.08,0.34,0.16,0.14,0.36,,,,,
1304,5341184,2014,32199.718842855327,20690.597436615575,6.35,2606.96,-0.0007945425677462481,3140.6302551031113,0.3412323312368244,7.907861504e-06,0.9478591,4.1,0.33,0.17,0.14,0.36,,,,,
1305,5345280,2015,32280.645566648767,20744.61114575195,6.31,2614.66,-0.0008929555142458412,5959.089227616787,0.414184040564578,7.906255872e-06,0.97394717,4.05,0.33,0.18,0.14,0.35,,,,,
1306,5349376,2017,32881.75574068694,21132.991425254288,6.42,2636.73,-0.0003256798509028158,10623.963400244713,0.38048556103603914,7.904650240000001e-06,0.98011124,4.14,0.33,0.17,0.14,0.36,,,,,
1307,5353472,2019,33215.46270520376,21344.979325109747,6.4,2658.29,-0.001106462259485852,5197.50804066658,0.37474476732313633,7.903044608000001e-06,0.9792498,4.09,0.33,0.18,0.14,0.35,,,,,
1308,5357568,2021,33065.77064796403,21237.019323441476,6.35,2650.42,-0.000842016111164412,4266.663833409548,0.39770691777812317,7.901438976000001e-06,0.91504115,4.05,0.33,0.19,0.14,0.34,,,,,
1309,5361664,2022,33234.28502370322,21364.950840088535,6.36,2661.45,-0.00013219778611528454,46437.607207775116,0.3602868970192503,7.899833344e-06,0.84315425,4.05,0.33,0.19,0.14,0.34,,,,,
1310,5365760,2024,32856.50887725473,21127.18300077652,6.4,2630.97,-0.0023751819389872253,15437.365575253963,0.4001619938062504,7.898227712e-06,0.32452083,4.12,0.32,0.19,0.14,0.35,,,,,
1311,5369856,2024,32856.50887725473,21127.18300077652,6.4,2630.97,-0.00039768089845892973,11260.266535758972,0.35858047154033557,7.89662208e-06,0.9167743,4.12,0.32,0.19,0.14,0.35,,,,,
1312,5373952,2025,33903.649318464304,21789.341773648644,6.46,2685.04,-0.0002684607825358398,11383.045311927795,0.3928472162806429,7.895016448e-06,0.9754395,4.12,0.32,0.19,0.14,0.35,,,,,
1313,5378048,2026,33978.10295018217,21855.50043867647,6.48,2680.58,-0.0012115303015889367,3536.1974470615387,0.33142803073860705,7.893410816e-06,0.970056,4.15,0.31,0.19,0.15,0.35,,,,,
1314,5382144,2026,33978.10295018217,21855.50043867647,6.48,2680.58,-0.0006988856694079004,6334.850484609604,0.36710804401081987,7.891805184e-06,0.98476624,4.15,0.31,0.19,0.15,0.35,,,,,
1315,5386240,2027,35042.751909197774,22511.44935389412,6.49,2748.8,-0.0007721289211986004,7575.049098312855,0.3627645300293807,7.890199552000001e-06,0.98363584,4.08,0.32,0.19,0.15,0.34,,,,,
1316,5390336,2028,35275.687244122986,22664.790505291,6.52,2756.75,-0.000995866123957967,4405.946094810963,0.405398866860196,7.888593920000001e-06,0.9434104,4.1,0.32,0.18,0.16,0.34,,,,,
1317,5394432,2028,35275.687244122986,22664.790505291,6.52,2756.75,-0.0004186929481875268,6076.17611682415,0.3780957327981014,7.886988288e-06,0.9781634,4.1,0.32,0.18,0.16,0.34,,,,,
1318,5398528,2029,36086.13236401247,23164.27285858206,6.57,2812.57,-0.0003845969622489065,50883.09623861313,0.3812748002819717,7.885382656e-06,0.8760608,4.1,0.32,0.18,0.16,0.34,,,,,
1319,5402624,2031,36360.77153601458,23325.9960884094,6.55,2809.84,-0.0005596575974777807,43934.90792512894,0.3528756903251633,7.883777024e-06,0.9588932,4.09,0.31,0.19,0.16,0.34,,,,,
1320,5406720,2033,36143.72451806859,23170.247708982555,6.51,2801.16,-0.0006280042398429941,3186.4924134016037,0.4485500964219682,7.882171392e-06,0.87436295,4.06,0.32,0.19,0.15,0.34,,,,,
1321,5410816,2035,35790.94625434258,22907.0931448388,6.49,2779.96,-0.000797250786490622,4673.17938542366,0.42978110152762383,7.88056576e-06,0.98031604,4.06,0.32,0.19,0.14,0.35,,,,,
1322,5414912,2037,35091.41022406689,22398.053392104488,6.37,2765.89,-0.0003083120900555514,5306.228117227554,0.3814554070995655,7.878960128000001e-06,0.9689323,3.94,0.33,0.19,0.15,0.33,,,,,
1323,5419008,2038,35035.82253798102,22326.487940284762,6.32,2768.45,-0.001196463674205006,4917.1801456213,0.4097733004600741,7.877354496000001e-06,0.95609075,3.88,0.34,0.19,0.15,0.32,,,,,
1324,5423104,2039,35487.82271965796,22620.92736262844,6.36,2787.56,-0.0007214845536509529,4517.672031998634,0.35661633673589677,7.875748864000001e-06,0.98228014,3.9,0.33,0.2,0.15,0.32,,,,,
1325,5427200,2042,35403.638818920845,22595.610304540038,6.31,2794.1,-0.0006697812332276953,7396.700771808624,0.4045721797447186,7.874143232e-06,0.80688196,3.85,0.34,0.2,0.15,0.31,39555.30838030266,25405.446856468578,7.133333333333334,2916.0,0.1
1326,5431296,2043,35668.53022732595,22772.325730116354,6.32,2816.36,-0.0012655273012569523,4725.738012731075,0.392591608397197,7.8725376e-06,0.980142,3.83,0.35,0.19,0.15,0.31,,,,,
1327,5435392,2044,35864.614334521764,22872.042777047547,6.27,2835.83,-0.001317869240665459,2089.2842124402523,0.4010578720481135,7.870931968e-06,0.9363541,3.76,0.36,0.19,0.15,0.3,,,,,
1328,5439488,2045,35862.93698453472,22872.595362492302,6.27,2835.38,-0.0010148723886231892,2776.653933465481,0.371315470256377,7.869326336e-06,0.95390433,3.76,0.36,0.19,0.15,0.3,,,,,
1329,5443584,2047,35943.607145471375,22883.333884970878,6.28,2842.78,-0.000926023123156483,2850.0088003873825,0.41835843288572505,7.867720704e-06,0.9867512,3.77,0.37,0.18,0.14,0.31,,,,,
1330,5447680,2050,35545.41395746422,22612.10006635563,6.24,2818.52,-0.0006820712678745622,6614.714942634106,0.45990401844028383,7.866115072e-06,0.7486072,3.76,0.37,0.18,0.14,0.31,,,,,
1331,5451776,2051,35580.85869938086,22629.700058758113,6.25,2816.41,-0.0008242883250204613,14353.473352730274,0.36358170039602555,7.864509440000001e-06,0.9773077,3.77,0.36,0.19,0.14,0.31,,,,,
1332,5455872,2053,35368.768348753496,22500.767901469855,6.23,2790.94,-0.0010694024495023768,30026.700624525547,0.36602435595705174,7.862903808e-06,0.96958613,3.78,0.36,0.19,0.14,0.31,,,,,
1333,5459968,2055,34851.24440204538,22177.538065369758,6.24,2751.69,-0.0005402361566666514,6784.946265697479,0.41526506532682106,7.861298176e-06,0.9514715,3.83,0.35,0.2,0.13,0.32,,,,,
1334,5464064,2056,34043.72161385167,21680.108886061433,6.26,2698.1,-0.0006363106549542863,2800.695093333721,0.3634554822347127,7.859692544e-06,0.9580726,3.91,0.35,0.19,0.13,0.33,,,,,
1335,5468160,2058,34049.686078673054,21630.094781287044,6.23,2715.53,-0.0007078728649503319,2511.4394137859344,0.37100957648362964,7.858086912e-06,0.9884739,3.86,0.36,0.18,0.14,0.32,,,,,
1336,5472256,2060,33982.27174804545,21593.442921569553,6.25,2708.55,-0.0006459081942011835,3551.799669802189,0.41880614386172965,7.856481280000002e-06,0.9316321,3.89,0.36,0.17,0.15,0.32,,,,,
1337,5476352,2061,34678.82589200458,22017.063222673973,6.24,2761.27,-0.00047087797338463133,6585.309796690941,0.40265360340708867,7.854875648000001e-06,0.9688622,3.82,0.37,0.17,0.15,0.31,,,,,
1338,5480448,2062,34998.82785904302,22220.96664828383,6.27,2780.35,-0.0009761053452166379,5370.47742575407,0.4389100718544796,7.853270016000001e-06,0.9465012,3.83,0.36,0.18,0.15,0.31,,,,,
1339,5484544,2063,35122.41473666514,22294.9421608169,6.26,2798.25,-0.0009482072473474545,4883.1086238622665,0.4471677598776296,7.851664384000001e-06,0.9636655,3.8,0.37,0.18,0.14,0.31,,,,,
1340,5488640,2065,35212.24656716517,22355.66656336491,6.25,2801.17,-0.0007336455091717653,9590.438532829285,0.45676901418482885,7.850058752e-06,0.9619425,3.79,0.37,0.18,0.15,0.3,,,,,
1341,5492736,2067,35070.01546683345,22295.787359041045,6.25,2790.04,-0.002183941038310877,5869.184041500092,0.3889639485569205,7.84845312e-06,0.9568823,3.81,0.37,0.18,0.14,0.31,,,,,
1342,5496832,2067,35070.01546683345,22295.787359041045,6.25,2790.04,-0.0004833720313399681,2187.035611361265,0.37336583487922326,7.846847488e-06,0.98050934,3.81,0.37,0.18,0.14,0.31,,,,,
1343,5500928,2069,35338.99788395713,22476.69535456455,6.25,2808.42,-0.0015694066305513843,3060.837644815445,0.43868801527423784,7.845241856e-06,0.8573723,3.79,0.37,0.19,0.13,0.31,,,,,
1344,5505024,2071,35273.45997259018,22425.95506515623,6.24,2802.27,-0.000939765717703267,2394.33551043272,0.39542603216250427,7.843636224e-06,0.9657736,3.79,0.37,0.19,0.13,0.31,,,,,
1345,5509120,2072,35308.97220187655,22437.804669774625,6.27,2804.07,-0.0010581816368357977,1914.982032597065,0.35872106000897475,7.842030592e-06,0.97986245,3.82,0.37,0.19,0.12,0.32,,,,,
1346,5513216,2073,35446.12409353727,22514.87224545662,6.28,2811.61,-0.00044262218034418765,5380.9131289720535,0.38609767286106944,7.840424960000001e-06,0.9848864,3.82,0.37,0.19,0.12,0.32,,,,,
1347,5517312,2074,36253.21641071798,23022.05451488473,6.28,2867.32,-0.0007684663396503311,6366.35746717453,0.34581402051844634,7.838819328000001e-06,0.98487633,3.76,0.37,0.2,0.12,0.31,,,,,
1348,5521408,2074,36253.21641071798,23022.05451488473,6.28,2867.32,-0.0004924443564959802,3118.614344716072,0.3878773022443056,7.837213696e-06,0.97371566,3.76,0.37,0.2,0.12,0.31,,,,,
1349,5525504,2078,35219.24949898702,22370.71783093484,6.23,2794.69,-0.0015315865839511389,16339.067015171051,0.43143497488927096,7.835608064e-06,0.05905968,3.79,0.37,0.19,0.13,0.31,,,,,
1350,5529600,2078,35219.24949898702,22370.71783093484,6.23,2794.69,-0.000756369737246132,7303.474987745285,0.4158250296022743,7.834002432e-06,0.9441327,3.79,0.37,0.19,0.13,0.31,35761.76965536984,23050.128445171224,6.9,2692.8,0.1
1351,5533696,2080,34870.27659971088,22171.543753573438,6.25,2755.62,-0.0010325777566322358,5950.060964822769,0.3470660539751407,7.832396800000002e-06,0.8862793,3.86,0.35,0.2,0.13,0.32,,,,,
1352,5537792,2080,34870.27659971088,22171.543753573438,6.25,2755.62,-0.0006722624848407577,6021.723420917988,0.4042025476228446,7.830791168000001e-06,0.9849079,3.86,0.35,0.2,0.13,0.32,,,,,
1353,5541888,2083,34628.98382791842,21994.852180489543,6.18,2740.68,-0.001308975205574825,3940.861098945141,0.4251642429153435,7.829185536000001e-06,0.8548855,3.81,0.34,0.21,0.14,0.31,,,,,
1354,5545984,2086,33606.377188195715,21405.724343856065,6.22,2659.17,-0.0009634418593122973,6398.585239827633,0.37874651755555533,7.827579904000001e-06,0.74527574,3.95,0.32,0.21,0.14,0.33,,,,,
1355,5550080,2087,33878.78910635822,21567.183672865896,6.24,2685.04,-0.001273472328648495,1509.4249076843262,0.3778541695792228,7.825974272e-06,0.9646424,3.94,0.33,0.2,0.14,0.33,,,,,
1356,5554176,2088,33761.759821705906,21498.640148032933,6.22,2680.95,-0.0012195517319923965,2337.14084815979,0.37606997092370875,7.82436864e-06,0.9635755,3.92,0.34,0.19,0.14,0.33,,,,,
1357,5558272,2092,33488.787499331855,21327.460013150958,6.17,2683.73,-0.0010323215078642534,11728.00551533699,0.5017678150907159,7.822763008e-06,0.54407895,3.87,0.36,0.19,0.12,0.33,,,,,
1358,5562368,2094,33134.01094039324,21047.903306668723,6.04,2679.12,-0.0009835135751927737,5240.657230257988,0.4439834636868909,7.821157376e-06,0.92337954,3.74,0.38,0.19,0.12,0.31,,,,,
1359,5566464,2095,33493.618348535856,21284.69569165752,6.08,2687.85,-0.0005768420669483021,8824.000695466995,0.3745379826868884,7.819551744e-06,0.9760795,3.78,0.37,0.19,0.13,0.31,,,,,
1360,5570560,2095,33493.618348535856,21284.69569165752,6.08,2687.85,-0.0011418875519666472,3047.0572246313095,0.38239854882704094,7.817946112e-06,0.9789866,3.78,0.37,0.19,0.13,0.31,,,,,
1361,5574656,2096,34303.034302742446,21798.455200335775,6.13,2745.51,-0.0008884036087692948,6749.6983679533005,0.3551836500701029,7.816340480000001e-06,0.97494763,3.77,0.38,0.18,0.13,0.31,,,,,
1362,5578752,2098,34113.42454039161,21669.6809662944,6.1,2737.89,-0.0008588244400016265,2998.701767683029,0.35389347074669786,7.814734848000001e-06,0.96915126,3.74,0.39,0.17,0.14,0.3,,,,,
1363,5582848,2100,34468.56305265682,21875.469107743655,6.05,2775.32,-0.0011611207391979406,3416.139919221401,0.4456669438513927,7.813129216e-06,0.9440935,3.65,0.41,0.17,0.13,0.29,,,,,
1364,5586944,2100,34468.56305265682,21875.469107743655,6.05,2775.32,-0.0013457953536999412,3188.2224415540695,0.37167201202828437,7.811523584e-06,0.97996825,3.65,0.41,0.17,0.13,0.29,,,,,
1365,5591040,2101,34479.570789505575,21844.817663802154,6.0,2798.66,-0.0013902643777328194,3109.038458108902,0.36241188665735535,7.809917952e-06,0.9748182,3.57,0.42,0.17,0.13,0.28,,,,,
1366,5595136,2103,34197.082320114954,21633.518454243575,5.95,2790.89,-0.0007642028294867487,7506.113430202007,0.3679446880996693,7.80831232e-06,0.96328455,3.52,0.44,0.16,0.12,0.28,,,,,
1367,5599232,2104,34656.62282741773,21946.74710568406,6.0,2812.35,-0.00076781224925071,20885.97375011444,0.3960106195299886,7.806706688000002e-06,0.9666,3.55,0.44,0.16,0.12,0.28,,,,,
1368,5603328,2105,34297.886155374166,21736.885414887325,5.98,2796.92,-0.0005811840255773859,3902.7808181643486,0.3807289760443382,7.805101056000001e-06,0.96526307,3.54,0.44,0.16,0.13,0.27,,,,,
1369,5607424,2107,33134.82714530919,20926.54152242251,5.87,2758.11,-0.0010545802433625795,2444.9703693389893,0.34266934887273237,7.803495424000001e-06,0.85056776,3.47,0.45,0.16,0.13,0.26,,,,,
1370,5611520,2108,33497.005591142,21157.66811140119,5.85,2793.58,-0.001489053945078922,4785.039626955986,0.378169467265252,7.801889792000001e-06,0.94148695,3.41,0.46,0.16,0.13,0.25,,,,,
1371,5615616,2111,33611.76934401788,21241.515440552725,5.83,2806.91,-0.0010012147158704465,4066.9100725650787,0.4358542723930441,7.80028416e-06,0.93767834,3.37,0.46,0.17,0.12,0.25,,,,,
1372,5619712,2112,33888.255968900296,21414.760027248052,5.79,2837.49,-0.0009212658824253595,6370.208040714264,0.40289927541743964,7.798678528e-06,0.8312949,3.3,0.47,0.17,0.12,0.24,,,,,
1373,5623808,2116,32617.33023663939,20634.85945187987,5.74,2766.12,-0.0007739772900094977,7196.432585954666,0.4408905567834154,7.797072896e-06,0.7347379,3.33,0.47,0.17,0.11,0.25,,,,,
1374,5627904,2117,32884.5248187895,20794.24723698584,5.68,2794.87,-0.0010804025732795708,3841.073210299015,0.43665116938063875,7.795467264e-06,0.90484107,3.24,0.48,0.17,0.11,0.24,,,,,
1375,5632000,2118,32848.65044084307,20758.309340325646,5.68,2788.38,-0.0015216287001749151,7829.3343950510025,0.3842821684665978,7.793861632e-06,0.9289774,3.24,0.48,0.17,0.11,0.24,59058.67250283342,38094.12480858542,8.266666666666667,3849.9,0.2
1376,5636096,2119,32848.18045990572,20745.930347760244,5.67,2796.56,-0.0005213134436417022,29497.752314805984,0.4576993421651423,7.792256e-06,0.9672595,3.22,0.49,0.16,0.11,0.24,,,,,
1377,5640192,2122,32846.213277529416,20767.19418716839,5.74,2772.83,-0.00044955086832487723,36168.307846069336,0.4190274385618977,7.790650368000001e-06,0.97674257,3.32,0.48,0.15,0.12,0.25,,,,,
1378,5644288,2124,33581.470807626,21237.2946269353,5.76,2807.81,-0.0007125814081518911,10696.853618144989,0.37609162606531754,7.789044736e-06,0.9749908,3.3,0.48,0.15,0.12,0.25,,,,,
1379,5648384,2127,30713.099522909393,19428.033843042555,5.56,2639.98,-0.0004734599788207561,6113.134934902191,0.4261463461443782,7.787439104e-06,0.606035,3.28,0.48,0.16,0.11,0.25,,,,,
1380,5652480,2128,30556.360887407063,19336.117406019577,5.56,2626.99,-0.000536995125003159,12047.049431324005,0.3560128418903332,7.785833472e-06,0.9807799,3.29,0.48,0.16,0.11,0.25,,,,,
1381,5656576,2130,28851.07497209498,18288.687696867193,5.52,2523.42,-0.0013010952025069855,6370.643413186073,0.37881044030655175,7.78422784e-06,0.9291447,3.35,0.47,0.16,0.12,0.25,,,,,
1382,5660672,2131,29379.45740351424,18624.482695459134,5.56,2567.54,-0.0008544046813767636,6965.9432916641235,0.3876233615446836,7.782622208000002e-06,0.9762174,3.34,0.48,0.15,0.12,0.25,,,,,
1383,5664768,2132,29992.893416248164,19051.389112548033,5.64,2578.5,-0.000860678074786847,48323.46066117287,0.3913613992626779,7.781016576000001e-06,0.9759541,3.41,0.47,0.15,0.12,0.26,,,,,
1384,5668864,2133,30408.36357701286,19303.653605935924,5.68,2615.22,-0.0009919839721987955,8404.87006866932,0.37540961740887724,7.779410944000001e-06,0.85888255,3.41,0.47,0.15,0.12,0.26,,,,,
1385,5672960,2133,30408.36357701286,19303.653605935924,5.68,2615.22,-0.0010682199954317184,4181.082200229168,0.3689205764385406,7.777805312000001e-06,0.97401476,3.41,0.47,0.15,0.12,0.26,,,,,
1386,5677056,2135,31075.489586882755,19716.70572578619,5.64,2677.73,-0.0012290586873859866,3470.4296557307243,0.3684596403618343,7.77619968e-06,0.9690063,3.3,0.49,0.15,0.12,0.24,,,,,
1387,5681152,2136,31182.316539005144,19791.904710822382,5.65,2681.1,-0.0016265127014776226,4314.926848530769,0.36616787398816086,7.774594048e-06,0.98068047,3.31,0.48,0.16,0.12,0.24,,,,,
1388,5685248,2138,30959.348681920907,19667.569848511288,5.7,2661.09,-0.0005055165365774883,5178.1016483306885,0.40364169992972165,7.772988416e-06,0.8231864,3.39,0.47,0.16,0.12,0.25,,,,,
1389,5689344,2139,30940.894614214947,19651.171820195465,5.69,2668.39,-0.0012475483899834217,5628.574106097221,0.3934177155024372,7.771382784e-06,0.97866315,3.37,0.48,0.15,0.12,0.25,,,,,
1390,5693440,2140,31101.9591034763,19756.71425682168,5.73,2671.79,-0.0005515123784789466,6737.960161924362,0.40582289919257164,7.769777152e-06,0.9724398,3.41,0.47,0.15,0.13,0.25,,,,,
1391,5697536,2144,30876.370799706565,19639.766221015627,5.8,2639.64,-0.0004798433042196848,14557.627836704254,0.4316531965159811,7.76817152e-06,0.95501995,3.53,0.45,0.15,0.14,0.26,,,,,
1392,5701632,2146,30397.515239722543,19343.174312541552,5.82,2596.52,-0.001195352419927076,4474.701339006424,0.4164334931410849,7.766565888000001e-06,0.9793271,3.6,0.44,0.15,0.14,0.27,,,,,
1393,5705728,2151,30094.064049747627,19162.686112269606,5.86,2560.27,-0.0008838716189529805,3603.441305041313,0.43115769693395123,7.764960256000001e-06,0.95904464,3.67,0.43,0.14,0.16,0.27,,,,,
1394,5709824,2152,29422.59192171543,18702.112337710205,5.81,2531.45,-0.0008532373767593526,26812.572824716568,0.3820024075685069,7.763354624e-06,0.9642645,3.65,0.43,0.14,0.16,0.27,,,,,
1395,5713920,2153,29957.633749790573,19077.4171957844,5.89,2549.69,-0.002091366679451312,4082.9360062479973,0.37645772463292815,7.761748992e-06,0.9174241,3.72,0.42,0.14,0.16,0.28,,,,,
1396,5718016,2154,30275.494030211255,19260.5054612141,5.86,2583.25,-0.00057095035117527,6506.78334403038,0.3577175241080113,7.76014336e-06,0.9852992,3.65,0.43,0.14,0.16,0.27,,,,,
1397,5722112,2155,30618.582923468715,19509.696923119747,5.89,2599.72,-0.00033500772133265855,15482.501621246338,0.3646694192721043,7.758537728e-06,0.95259976,3.67,0.43,0.13,0.17,0.27,,,,,
1398,5726208,2156,30965.88785732344,19713.588884500303,5.84,2630.47,-0.0015806655010237591,3455.585203051567,0.4102262465748936,7.756932096000001e-06,0.95163095,3.58,0.44,0.13,0.17,0.26,,,,,
1399,5730304,2156,30965.88785732344,19713.588884500303,5.84,2630.47,-0.00044473934940469917,9998.632179379463,0.36672914534574375,7.755326464000001e-06,0.962553,3.58,0.44,0.13,0.17,0.26,,,,,
1400,5734400,2157,31339.804437391223,19966.035934833664,5.86,2655.74,-0.00013727378063776996,84462.04524898529,0.3846425481024198,7.753720832000001e-06,0.906621,3.58,0.44,0.13,0.17,0.26,37035.63008839553,23898.61967119088,7.0,2728.766666666667,0.13333333333333333
1401,5738496,2160,31991.334121285792,20417.493050653517,5.98,2681.77,-0.0003753956061700592,16553.389005064964,0.37971120385918766,7.7521152e-06,0.9573429,3.68,0.43,0.13,0.16,0.28,,,,,
1402,5742592,2161,32397.49827402344,20717.28488846273,6.05,2674.16,-0.00016891300219867844,158376.13400411606,0.3620938760286663,7.750509568e-06,0.9616812,3.77,0.42,0.13,0.16,0.29,,,,,
1403,5746688,2161,32397.49827402344,20717.28488846273,6.05,2674.16,-0.0004387053068057867,10139.595287680626,0.3269172318978235,7.748903936e-06,0.9692399,3.77,0.42,0.13,0.16,0.29,,,,,
1404,5750784,2162,33072.11676555593,21156.814846261157,6.1,2695.19,-0.0008725499264983227,19238.78338575363,0.3565651923418045,7.747298304e-06,0.9811025,3.8,0.42,0.12,0.17,0.29,,,,,
1405,5754880,2163,33579.64398314699,21510.860227745216,6.15,2707.85,-0.0001947474211192457,38819.64048218727,0.389582594652893,7.745692672e-06,0.94148326,3.84,0.41,0.12,0.18,0.29,,,,,
1406,5758976,2164,33393.84194491114,21390.21453955214,6.11,2703.46,-0.0007699073275944102,8294.557204008102,0.36498001107247546,7.74408704e-06,0.9742272,3.8,0.42,0.12,0.17,0.29,,,,,
1407,5763072,2166,33463.15695049693,21425.871841985245,6.11,2701.93,-0.001092225040338235,7175.867850363255,0.3807376310287509,7.742481408000001e-06,0.8910609,3.81,0.41,0.13,0.17,0.29,,,,,
1408,5767168,2168,33308.72902289596,21300.522629230603,6.11,2689.35,-0.001033693250064971,2751.208942055702,0.36824411709676497,7.740875776000001e-06,0.9740467,3.82,0.41,0.12,0.18,0.29,,,,,
1409,5771264,2170,33122.59416874067,21205.92222150226,6.11,2670.0,-0.0005608333085547201,6217.062300562859,0.4266060448717326,7.739270144e-06,0.9611238,3.84,0.4,0.13,0.18,0.29,,,,,
1410,5775360,2171,33391.74128650477,21397.762878806265,6.17,2680.4,-0.0006165943559608422,7881.190988838673,0.3706256269942969,7.737664512e-06,0.9447035,3.89,0.39,0.13,0.18,0.3,,,,,
1411,5779456,2172,33919.639712266,21716.362359758445,6.15,2725.2,-0.0008576684322179062,2166.2712569236755,0.38654179926379584,7.73605888e-06,0.97245955,3.82,0.4,0.13,0.18,0.29,,,,,
1412,5783552,2173,33759.98395665901,21628.26194149755,6.14,2715.18,-0.0011395147312214249,2745.5955305099487,0.35823106797761284,7.734453248e-06,0.9404415,3.82,0.4,0.13,0.18,0.29,,,,,
1413,5787648,2174,33197.83235044702,21267.522350620773,6.1,2684.69,-0.0014018604242664878,3187.8986382484436,0.3471304202103056,7.732847616000002e-06,0.94862914,3.81,0.41,0.12,0.18,0.29,,,,,
1414,5791744,2176,33164.462573293764,21254.5272520482,6.13,2674.43,-0.000948125246395648,16895.21374499798,0.40610323115834035,7.731241984000001e-06,0.8442886,3.86,0.39,0.13,0.19,0.29,,,,,
1415,5795840,2176,33164.462573293764,21254.5272520482,6.13,2674.43,-0.0005338761275197612,2695.7340366840363,0.3448034330212977,7.729636352000001e-06,0.972162,3.86,0.39,0.13,0.19,0.29,,,,,
1416,5799936,2178,33863.06885015619,21670.15375844353,6.11,2737.48,-0.0022442601493821712,2050.9398199915886,0.3724232910608407,7.728030720000001e-06,0.9291276,3.77,0.41,0.13,0.18,0.28,,,,,
1417,5804032,2182,32321.71245224848,20706.44471132832,6.05,2629.3,-0.0008798768340056995,3473.3396334648132,0.44128474523313344,7.726425088e-06,0.97291917,3.82,0.41,0.11,0.2,0.28,,,,,
1418,5808128,2183,32355.71683056663,20727.233517047105,6.03,2635.25,-0.0004770199338963721,4013.8889565467834,0.3981095432827715,7.724819456e-06,0.92843413,3.79,0.42,0.11,0.19,0.28,,,,,
1419,5812224,2184,32629.652830098355,20877.026806404097,6.01,2660.63,-0.0012814349420295912,3516.5610791146755,0.46473490208154544,7.723213824e-06,0.9304776,3.74,0.43,0.11,0.19,0.27,,,,,
1420,5816320,2189,32142.187768326196,20577.87455417996,6.0,2607.39,-0.0007840957096050261,5547.604703426361,0.49616826011333615,7.721608192e-06,0.8656609,3.79,0.4,0.12,0.21,0.27,,,,,
1421,5820416,2192,32488.812064761296,20760.42360962774,5.94,2625.68,-0.001168796801721328,3541.919931471348,0.4053171574487351,7.72000256e-06,0.96372104,3.7,0.4,0.13,0.21,0.26,,,,,
1422,5824512,2194,32461.87131667036,20729.86084268978,5.95,2619.36,-0.0007404055349979899,928.5134259462357,0.38686291995691136,7.718396928000001e-06,0.95523787,3.72,0.39,0.14,0.21,0.26,,,,,
1423,5828608,2195,31882.095114905984,20352.895315951395,5.89,2594.58,-0.0017342666187687428,2866.0535717606544,0.4156885292031802,7.716791296000001e-06,0.9444028,3.68,0.4,0.14,0.2,0.26,,,,,
1424,5832704,2199,30897.1661743145,19773.950437749714,5.95,2509.56,-0.000384498331186478,11153.320053815842,0.3764398746716324,7.715185664e-06,0.95312333,3.83,0.38,0.14,0.2,0.28,,,,,
1425,5836800,2199,30897.1661743145,19773.950437749714,5.95,2509.56,-0.0009309111992479302,4409.319707214832,0.4234290564781986,7.713580032e-06,0.9615983,3.83,0.38,0.14,0.2,0.28,33780.69761422461,21801.039424891762,6.9,2610.0,0.06666666666666667
1426,5840896,2201,30851.888295499768,19737.919169137305,5.95,2512.8,-0.0008109084028546931,2494.357910633087,0.38270311188534833,7.7119744e-06,0.92744714,3.83,0.38,0.14,0.2,0.28,,,,,
1427,5844992,2202,31091.861278150343,19906.046330004676,5.98,2519.76,-0.0005614760448224843,9459.099495768547,0.3936101251747459,7.710368768e-06,0.9618723,3.86,0.37,0.14,0.21,0.28,,,,,
1428,5849088,2203,31309.21554294453,20043.867468302724,6.0,2536.07,-0.0007400051654258277,3684.0324851870537,0.4089729566476308,7.708763136e-06,0.962848,3.86,0.37,0.14,0.21,0.28,,,,,
1429,5853184,2206,30504.184180606426,19489.59996300831,5.91,2490.52,-0.0006520128299598582,1801.7584391534328,0.3643814261595253,7.707157504000001e-06,0.9565526,3.81,0.37,0.14,0.22,0.27,,,,,
1430,5857280,2207,30900.832166578202,19774.672778310163,5.95,2509.04,-0.0003810268663073657,32295.706499814987,0.3866405869484879,7.705551872000001e-06,0.96619964,3.83,0.37,0.14,0.22,0.27,,,,,
1431,5861376,2208,31199.59477307134,19978.04993052133,5.99,2510.67,-0.0004057636979268864,7203.2715183496475,0.3145294259302318,7.703946240000001e-06,0.9791229,3.87,0.36,0.14,0.23,0.27,,,,,
1432,5865472,2209,31208.138513541264,19978.466188209582,5.99,2509.94,-0.0007644765955774346,3158.0608165860176,0.3518063122173771,7.702340608e-06,0.952019,3.87,0.36,0.14,0.23,0.27,,,,,
1433,5869568,2211,31494.294856050503,20126.92021076252,6.0,2538.15,-0.0016194516847463092,2060.931235551834,0.37434448054409586,7.700734976e-06,0.93894243,3.85,0.38,0.12,0.23,0.27,,,,,
1434,5873664,2211,31494.294856050503,20126.92021076252,6.0,2538.15,-0.0011611806094151689,2868.7627680301666,0.35393840295728296,7.699129344e-06,0.98111653,3.85,0.38,0.12,0.23,0.27,,,,,
1435,5877760,2213,32273.299708111183,20592.1687843403,6.12,2574.21,-0.0005757530807386502,1929.2718348503113,0.3457854142761789,7.697523712e-06,0.9935475,3.93,0.38,0.11,0.23,0.28,,,,,
1436,5881856,2214,32412.797610959857,20678.994938970733,6.13,2586.57,-0.0005806432618555846,3828.563579618931,0.4398946620640345,7.69591808e-06,0.92596287,3.93,0.38,0.11,0.23,0.28,,,,,
1437,5885952,2214,32412.797610959857,20678.994938970733,6.13,2586.57,-0.0008743430462345714,3651.9488484859467,0.31309358344879,7.694312448e-06,0.99062824,3.93,0.38,0.11,0.23,0.28,,,,,
1438,5890048,2219,32485.018460784213,20726.139867599202,6.16,2567.03,-0.0006418531102099223,14059.727363348007,0.41538479464361444,7.692706816000001e-06,0.9371412,3.99,0.36,0.11,0.25,0.28,,,,,
1439,5894144,2220,32089.04005929437,20438.53940374694,6.09,2560.51,-0.0007905524944362696,5191.302938401699,0.35035319154849276,7.691101184e-06,0.839504,3.92,0.36,0.12,0.25,0.27,,,,,
1440,5898240,2222,32558.858083486495,20750.438443534556,6.13,2598.37,-0.000812209609648562,6287.103897690773,0.42744530440540984,7.689495552e-06,0.9482992,3.91,0.37,0.11,0.24,0.28,,,,,
1441,5902336,2223,32064.378706281135,20428.015786747128,6.06,2583.23,-0.0008042938079597661,2468.6799901127815,0.3485886889975518,7.68788992e-06,0.88072336,3.85,0.38,0.11,0.24,0.27,,,,,
1442,5906432,2226,32184.67214745462,20473.292206834405,6.14,2593.09,-0.0004680628335336223,5687.768184840679,0.4115367913618684,7.686284288e-06,0.9499554,3.92,0.37,0.11,0.25,0.27,,,,,
1443,5910528,2227,32365.86053943188,20579.52531259568,6.15,2610.49,-0.0014902071270626038,3199.9789559841156,0.3336927470518276,7.684678656000002e-06,0.9472696,3.91,0.38,0.1,0.25,0.27,,,,,
1444,5914624,2229,32155.00801925754,20377.18331759957,6.12,2612.88,-0.0017511084261059295,2650.0701964199543,0.3988026863662526,7.683073024000001e-06,0.9640468,3.88,0.39,0.1,0.24,0.27,,,,,
1445,5918720,2230,32100.34243134079,20327.963019283645,6.08,2612.89,-0.0007697743694734527,4395.080258011818,0.4138579606078565,7.681467392000001e-06,0.98545873,3.84,0.4,0.1,0.23,0.27,,,,,
1446,5922816,2231,32357.30137356507,20502.970046169445,6.11,2612.68,-0.0004669383379223291,8311.444171309471,0.3447600794315804,7.679861760000001e-06,0.9788707,3.87,0.39,0.1,0.24,0.27,,,,,
1447,5926912,2232,31975.433902155608,20227.950213634347,6.05,2616.92,-0.0009396516388733289,3969.5349105000496,0.3657270185649395,7.678256128e-06,0.9777494,3.8,0.4,0.1,0.24,0.26,,,,,
1448,5931008,2233,32119.771718372172,20305.55265611565,6.06,2624.52,-0.0006531826984428335,3531.0301748514175,0.35673243695055135,7.676650496e-06,0.97942215,3.8,0.4,0.1,0.24,0.26,,,,,
1449,5935104,2239,30143.94333141562,19081.155185899777,6.06,2468.35,-0.000544084999091865,7232.086885333061,0.46311039745341986,7.675044864e-06,0.911835,3.97,0.37,0.09,0.26,0.28,,,,,
1450,5939200,2241,29735.694602943015,18823.47861699883,6.03,2437.45,-0.0007024464293863275,8265.216718792915,0.4083593152463436,7.673439232e-06,0.9813855,3.97,0.37,0.1,0.24,0.29,39266.393446262955,25511.441669023843,7.133333333333334,2909.633333333333,0.13333333333333333
1451,5943296,2245,29523.40945113478,18710.860733627855,6.08,2414.31,-0.0003629191223808448,12834.647475004196,0.3968720047851093,7.6718336e-06,0.8363942,4.04,0.36,0.09,0.24,0.31,,,,,
1452,5947392,2247,29999.853534317353,18997.294456828233,6.02,2453.4,-0.0010001327118516201,4818.264972507954,0.38998045201878995,7.670227968e-06,0.977443,3.94,0.36,0.1,0.25,0.29,,,,,
1453,5951488,2248,29969.405045561045,18976.666578730692,6.0,2455.4,-0.0007513849004681106,2608.0301181674004,0.37545975286047906,7.668622336000001e-06,0.9457678,3.92,0.36,0.11,0.24,0.29,,,,,
1454,5955584,2250,30537.40466110238,19307.869326272245,5.97,2512.92,-0.0014482378219327074,1897.8948989510536,0.40321976313134655,7.667016704000001e-06,0.9537511,3.83,0.38,0.11,0.23,0.28,,,,,
1455,5959680,2250,30537.40466110238,19307.869326272245,5.97,2512.92,-0.0006593984398932662,2935.9961727261543,0.3610467188700568,7.665411072e-06,0.9817243,3.83,0.38,0.11,0.23,0.28,,,,,
1456,5963776,2253,30705.125288167863,19371.905663778954,5.94,2536.46,-0.00020795513091798057,13805.863595068455,0.3959031277918257,7.66380544e-06,0.9026034,3.76,0.39,0.11,0.23,0.27,,,,,
1457,5967872,2254,30766.524287491353,19429.145360740953,5.96,2527.85,-0.0008312917634611949,8001.65679872036,0.3664674999017734,7.662199808e-06,0.9773481,3.79,0.38,0.11,0.24,0.27,,,,,
1458,5971968,2254,30766.524287491353,19429.145360740953,5.96,2527.85,-0.00043637626367853954,4879.13740748167,0.3699433943256736,7.660594176000002e-06,0.9718103,3.79,0.38,0.11,0.24,0.27,,,,,
1459,5976064,2255,30944.45724078913,19496.003498261915,5.95,2547.13,-0.0009525893237878336,2047.4515725374222,0.34316358249634504,7.658988544000001e-06,0.99245447,3.75,0.39,0.11,0.23,0.27,,,,,
1460,5980160,2257,30273.16562851615,19076.79662089201,5.94,2486.82,-0.00039812124668969773,4489.496007680893,0.365763456618879,7.657382912000001e-06,0.9764221,3.8,0.37,0.12,0.24,0.27,,,,,
1461,5984256,2257,30273.16562851615,19076.79662089201,5.94,2486.82,-0.0003701645100591122,3930.1701961755753,0.3737268020049669,7.655777280000001e-06,0.96478605,3.8,0.37,0.12,0.24,0.27,,,,,
1462,5988352,2259,30336.678451544474,19079.13273288227,5.85,2518.42,-0.00042193236913590226,4411.286429405212,0.3503975323983468,7.654171648e-06,0.9295646,3.67,0.38,0.13,0.24,0.25,,,,,
1463,5992448,2261,29638.487240161117,18586.898673231666,5.78,2503.04,-0.0005520920367416693,3421.797881782055,0.3242704070289619,7.652566016e-06,0.9822316,3.6,0.39,0.13,0.23,0.25,,,,,
1464,5996544,2263,27726.608164875983,17340.14853486487,5.65,2409.95,-0.0007331718179557356,3532.2068917155266,0.43144029757240787,7.650960384e-06,0.9569915,3.56,0.4,0.13,0.22,0.25,,,,,
1465,6000640,2266,27543.887532393244,17216.33342350139,5.66,2396.11,-0.0008988897916424321,5746.878697812557,0.40867649676511064,7.649354752e-06,0.9591102,3.58,0.39,0.14,0.22,0.25,,,,,
1466,6004736,2267,27667.324259601417,17301.810458130523,5.67,2406.69,-0.0019244994618929923,7395.369750380516,0.3782976193469949,7.64774912e-06,0.93190634,3.58,0.39,0.14,0.22,0.25,,,,,
1467,6008832,2270,27322.318278405783,17083.145273094808,5.7,2374.54,-0.000401382113523141,6107.272125482559,0.3285771246009972,7.646143488e-06,0.97342163,3.65,0.38,0.14,0.22,0.26,,,,,
1468,6012928,2270,27322.318278405783,17083.145273094808,5.7,2374.54,-0.0007095958517311374,2474.699787080288,0.3654651854594704,7.644537856e-06,0.9833565,3.65,0.38,0.14,0.22,0.26,,,,,
1469,6017024,2271,28075.733154675214,17532.687577853136,5.71,2426.79,-0.00040885151520342333,9253.42601788044,0.364007267577108,7.642932224000001e-06,0.97694635,3.6,0.39,0.14,0.22,0.25,,,,,
1470,6021120,2271,28075.733154675214,17532.687577853136,5.71,2426.79,-0.0007015493647486437,3967.638449907303,0.3616555024345871,7.641326592e-06,0.9844964,3.6,0.39,0.14,0.22,0.25,,,,,
1471,6025216,2272,28906.717882435736,18052.517596915684,5.75,2470.69,-0.0006043293178663589,3568.645606279373,0.3582814848050475,7.63972096e-06,0.9942586,3.6,0.39,0.14,0.22,0.25,,,,,
1472,6029312,2274,28585.426811723355,17876.716548605214,5.78,2435.85,-0.0006037584425939713,7292.312024950981,0.38382304803235456,7.638115328e-06,0.9553071,3.67,0.38,0.14,0.22,0.26,,,,,
1473,6033408,2277,27553.65666904394,17245.747878496622,5.78,2347.23,-0.0005341006449270935,7286.113110303879,0.4043615009286441,7.636509696e-06,0.9414389,3.76,0.37,0.14,0.21,0.28,,,,,
1474,6037504,2280,27729.494593796957,17352.07023840777,5.78,2345.18,-0.0009121821422013454,3169.0701920986176,0.4054475904267747,7.634904064000002e-06,0.9823353,3.77,0.35,0.16,0.22,0.27,,,,,
1475,6041600,2282,28015.55284851043,17533.222259024034,5.79,2370.38,-0.00104525451297377,4718.163244128227,0.379087664099643,7.633298432000001e-06,0.95509666,3.75,0.36,0.16,0.2,0.28,26284.560616469535,16727.819718738472,6.433333333333334,2129.5333333333333,0.03333333333333333
1476,6045696,2285,27633.590823220187,17305.92722188615,5.78,2327.97,-0.0009117020563280676,5801.618022084236,0.4648599597858265,7.631692800000001e-06,0.9195407,3.79,0.34,0.17,0.21,0.28,,,,,
1477,6049792,2285,27633.590823220187,17305.92722188615,5.78,2327.97,-0.0007098968517311732,2923.8983306884766,0.40525622776476666,7.630087168000001e-06,0.97830546,3.79,0.34,0.17,0.21,0.28,,,,,
1478,6053888,2286,28544.208222328667,17876.70166196126,5.81,2397.06,-0.0003841615362034645,5639.050636470318,0.3728803871490527,7.628481536000001e-06,0.97651815,3.75,0.35,0.17,0.2,0.28,,,,,
1479,6057984,2288,28977.454754949824,18179.832969621493,5.86,2419.97,-0.0005596542341663735,12756.46348810196,0.34959435716154985,7.6268759040000005e-06,0.9682647,3.77,0.35,0.16,0.21,0.28,,,,,
1480,6062080,2290,29392.350918340468,18460.452964057877,5.88,2449.32,-0.0005353172855393495,13114.627741932869,0.3821285648737103,7.625270272e-06,0.9531121,3.77,0.35,0.16,0.2,0.29,,,,,
1481,6066176,2292,29391.285450091407,18474.331676416277,5.93,2451.7,-0.000322490006510634,4871.168377459049,0.383570311794756,7.62366464e-06,0.88517606,3.82,0.35,0.15,0.2,0.3,,,,,
1482,6070272,2293,29538.55800785734,18566.066875276294,5.93,2468.73,-0.000909120220967452,3314.1377534866333,0.35368341801222414,7.622059008000001e-06,0.9561942,3.8,0.36,0.14,0.2,0.3,,,,,
1483,6074368,2296,29259.13057553242,18438.217954115942,5.98,2439.52,-0.00045680071161768865,8675.52915775776,0.3928507009986788,7.620453376e-06,0.8870599,3.89,0.33,0.16,0.2,0.31,,,,,
1484,6078464,2297,29516.64008189352,18549.475891787133,5.93,2469.83,-0.0008965386141426279,2555.4129343032837,0.34633970572031103,7.618847744000001e-06,0.95192516,3.81,0.34,0.16,0.2,0.3,,,,,
1485,6082560,2298,29890.196118678294,18787.422979653882,5.93,2505.59,-0.0011854325466629234,4467.025832533836,0.39645925888908096,7.617242112000001e-06,0.91049373,3.77,0.35,0.16,0.19,0.3,,,,,
1486,6086656,2298,29890.196118678294,18787.422979653882,5.93,2505.59,-0.0005448980491564726,5243.8344477415085,0.3827257587981876,7.615636480000001e-06,0.9626509,3.77,0.35,0.16,0.19,0.3,,,,,
1487,6090752,2298,29890.196118678294,18787.422979653882,5.93,2505.59,-0.0005949447340753977,7822.239681839943,0.3953748464991804,7.614030848e-06,0.98535997,3.77,0.35,0.16,0.19,0.3,,,,,
1488,6094848,2301,30800.54597593726,19365.583944997663,5.95,2541.67,-0.0007434115195792401,9946.455313444138,0.38323485318687744,7.612425216e-06,0.981148,3.75,0.34,0.18,0.19,0.29,,,,,
1489,6098944,2302,30636.858092496754,19244.865962899592,5.93,2536.19,-0.0010667546939657768,7018.456298708916,0.361363330273889,7.610819584000001e-06,0.96098036,3.73,0.34,0.19,0.18,0.29,,,,,
1490,6103040,2302,30636.858092496754,19244.865962899592,5.93,2536.19,-0.0011292245235381415,6679.032480537891,0.3483309999573976,7.6092139520000006e-06,0.9811732,3.73,0.34,0.19,0.18,0.29,,,,,
1491,6107136,2305,30661.40659318311,19277.99898385927,6.02,2533.63,-0.000880467517163197,11546.525415420532,0.417784798250068,7.607608320000001e-06,0.87664884,3.84,0.33,0.19,0.17,0.31,,,,,
1492,6111232,2306,31006.2518210287,19490.77335088837,6.05,2551.63,-0.0005240699620117084,4930.923113167286,0.3752680411853362,7.606002688000001e-06,0.9792418,3.85,0.33,0.19,0.16,0.32,,,,,
1493,6115328,2307,31359.17098691682,19662.792341486096,6.02,2579.96,-0.0010427912820887286,5117.346514821053,0.3514078644802794,7.604397056000001e-06,0.9748275,3.79,0.33,0.2,0.16,0.31,,,,,
1494,6119424,2308,30919.456391198208,19383.35548505238,5.99,2559.18,-0.000547767112038855,4760.750973701477,0.3180634378804825,7.6027914240000005e-06,0.92704093,3.78,0.33,0.2,0.16,0.31,,,,,
1495,6123520,2310,30875.99827340245,19368.093610402604,6.0,2551.65,-0.0007606642448081402,6046.115165650845,0.4155663345591165,7.601185792e-06,0.9461729,3.8,0.32,0.21,0.16,0.31,,,,,
1496,6127616,2312,30167.95993813086,18950.574544177645,6.03,2490.68,-0.0005101902443129802,7745.794645547867,0.4393321485258639,7.59958016e-06,0.97259873,3.9,0.3,0.21,0.17,0.32,,,,,
1497,6131712,2314,30221.384418811478,18981.15808392052,6.02,2483.0,-0.00042095081244042376,5660.228018581867,0.3781706645095255,7.597974528e-06,0.88057035,3.9,0.29,0.22,0.17,0.32,,,,,
1498,6135808,2315,29949.104481719685,18797.858045774574,5.99,2481.67,-0.0007611142409587046,6549.799242138863,0.35092193467426114,7.5963688960000005e-06,0.9709494,3.87,0.29,0.23,0.16,0.32,,,,,
1499,6139904,2316,30413.03380050785,19084.21094211203,5.98,2519.58,-0.0013290947372297524,3917.7041724920273,0.40738227602560073,7.594763264e-06,0.9641771,3.81,0.3,0.23,0.16,0.31,,,,,
1500,6144000,2317,30776.068630422913,19300.97881699346,5.99,2549.24,-0.0015353960152424406,4017.7620016932487,0.3478694724908564,7.593157632000001e-06,0.9664389,3.78,0.31,0.23,0.15,0.31,40453.14299965514,25962.14993905084,7.3,2987.9666666666667,0.06666666666666667
1501,6148096,2317,30776.068630422913,19300.97881699346,5.99,2549.24,-0.0010507767478884489,2863.41921210289,0.34761065398924984,7.591552000000001e-06,0.97918636,3.78,0.31,0.23,0.15,0.31,,,,,
1502,6152192,2320,31246.98160687526,19610.830526341637,5.94,2593.05,-0.0005856774932908593,11026.649720788002,0.41216125048231333,7.5899463680000004e-06,0.86605054,3.69,0.33,0.22,0.15,0.3,,,,,
1503,6156288,2320,31246.98160687526,19610.830526341637,5.94,2593.05,-0.0005640305716951843,2720.5280447006226,0.3537682162132114,7.588340736e-06,0.9610911,3.69,0.33,0.22,0.15,0.3,,,,,
1504,6160384,2321,31381.03055414155,19699.523189195872,5.95,2602.57,-0.0006769083574909018,7248.394989311695,0.32456694249412976,7.586735104e-06,0.94648385,3.69,0.33,0.22,0.15,0.3,,,,,
1505,6164480,2323,31658.901560539358,19857.809448925815,5.98,2620.47,-0.0011061890581913758,3389.451194226742,0.43028466583928093,7.585129472000001e-06,0.9757214,3.7,0.33,0.22,0.15,0.3,,,,,
1506,6168576,2323,31658.901560539358,19857.809448925815,5.98,2620.47,-0.001300719356549962,6105.372126221657,0.3703830696467776,7.58352384e-06,0.9845879,3.7,0.33,0.22,0.15,0.3,,,,,
1507,6172672,2325,32217.742553550604,20215.41872581602,6.01,2648.43,-0.00044832179719378473,8348.966754078865,0.4058445157133974,7.581918208000001e-06,0.9853428,3.7,0.33,0.22,0.15,0.3,,,,,
1508,6176768,2327,32607.911160224845,20485.759431093556,6.0,2658.83,-0.0004298262210795656,10149.860206484795,0.3501989968644921,7.580312576000001e-06,0.9786887,3.68,0.32,0.23,0.16,0.29,,,,,
1509,6180864,2330,32558.417804106153,20491.69350056797,6.01,2652.0,-0.0009681155215730541,1583.6966465711594,0.37629208381986246,7.578706944000001e-06,0.9836858,3.7,0.31,0.23,0.17,0.29,,,,,
1510,6184960,2335,30710.254021238386,19325.143332131924,5.99,2515.54,-0.0006407765231415397,7017.012481272221,0.443566013360396,7.577101312e-06,0.90751415,3.84,0.29,0.24,0.16,0.31,,,,,
1511,6189056,2336,31016.852697755032,19527.48186332189,6.01,2531.95,-0.0008616289251222042,10502.986435770988,0.3390874344331678,7.57549568e-06,0.9614512,3.84,0.29,0.24,0.16,0.31,,,,,
1512,6193152,2337,31659.86648246504,19923.247293653385,6.0,2571.99,-0.0007971797767822864,3447.8736366033554,0.31515825641690753,7.573890048000001e-06,0.9847349,3.79,0.29,0.24,0.17,0.3,,,,,
1513,6197248,2338,32173.914472777076,20233.192892680843,6.02,2613.27,-0.0014184839110384928,2342.1079074144363,0.40230469254311174,7.5722844160000005e-06,0.9790927,3.76,0.3,0.24,0.16,0.3,,,,,
1514,6201344,2341,32015.42083514631,20116.16263849163,5.95,2614.71,-0.0007573050229439104,3953.8205404877663,0.3626429180440027,7.570678784e-06,0.9676013,3.68,0.3,0.25,0.17,0.28,,,,,
1515,6205440,2343,32321.46868414829,20283.65713673321,5.89,2644.63,-0.0008186314407794271,5119.3106436133385,0.3712770607962739,7.569073152000001e-06,0.8819225,3.59,0.31,0.25,0.18,0.26,,,,,
1516,6209536,2344,32485.079107732407,20380.194151002997,5.86,2659.2,-0.0005517989338841289,3937.675243139267,0.429293631517794,7.567467520000001e-06,0.94506174,3.54,0.31,0.26,0.18,0.25,,,,,
1517,6213632,2345,32860.78962757746,20614.07615214865,5.85,2693.65,-0.00122951214780187,2586.685417354107,0.41036038647871464,7.5658618880000005e-06,0.97455335,3.49,0.32,0.26,0.18,0.24,,,,,
1518,6217728,2347,32838.80957010628,20617.2906411536,5.83,2700.05,-0.0004285587383492384,5757.053686439991,0.3874937312793918,7.564256256e-06,0.9721152,3.46,0.33,0.26,0.17,0.24,,,,,
1519,6221824,2348,32753.55285707871,20578.012574489894,5.85,2692.85,-0.0009956724552466767,1812.7091831564903,0.3610656470118556,7.562650624e-06,0.9716838,3.49,0.33,0.25,0.18,0.24,,,,,
1520,6225920,2351,32257.114858752517,20325.81956083887,5.94,2647.9,-0.0002786190552797052,25189.206476211548,0.46562166593503207,7.561044992000001e-06,0.8926928,3.64,0.31,0.25,0.18,0.26,,,,,
1521,6230016,2352,32324.756585368887,20409.950080293176,5.97,2649.44,-0.0006440129236580105,15097.63184273243,0.4089986117905937,7.5594393600000005e-06,0.967173,3.67,0.31,0.25,0.18,0.26,,,,,
1522,6234112,2353,32764.621873744134,20704.69617927886,5.97,2681.23,-0.0014059902932785917,11316.30688405037,0.43057417374802753,7.557833728000001e-06,0.97570974,3.64,0.31,0.25,0.19,0.25,,,,,
1523,6238208,2353,32764.621873744134,20704.69617927886,5.97,2681.23,-0.0002540464083722327,78702.3887898922,0.33165939757600427,7.556228096000001e-06,0.97594476,3.64,0.31,0.25,0.19,0.25,,,,,
1524,6242304,2355,33176.394479922834,20995.889801914964,6.04,2668.01,-0.0008509525423505693,12080.683212637901,0.3909595257428009,7.554622464000001e-06,0.97296417,3.74,0.3,0.25,0.18,0.27,,,,,
1525,6246400,2356,33000.611146682386,20871.980530113702,6.02,2664.19,-0.0016444483640043472,13055.778238594532,0.38585046149091795,7.5530168320000004e-06,0.73579955,3.73,0.31,0.24,0.18,0.27,43698.63686827882,28470.801418594834,7.333333333333333,3051.8333333333335,0.16666666666666666
1526,6250496,2356,33000.611146682386,20871.980530113702,6.02,2664.19,-0.0012917565027237288,3464.3756569623947,0.354280242085224,7.5514112e-06,0.9849015,3.73,0.31,0.24,0.18,0.27,,,,,
1527,6254592,2358,33544.967660403345,21218.838142107958,6.07,2692.72,-0.0003955650026910007,15988.708924770355,0.371147871715948,7.549805568000001e-06,0.94914216,3.75,0.31,0.24,0.17,0.28,,,,,
1528,6258688,2358,33544.967660403345,21218.838142107958,6.07,2692.72,-0.0010234515621050377,2176.61800044775,0.360098655015463,7.548199936e-06,0.9914016,3.75,0.31,0.24,0.17,0.28,,,,,
1529,6262784,2359,34234.01839668298,21666.7197412945,6.11,2740.48,-0.0006486738748208154,7938.645503997803,0.38989575576852076,7.546594304000001e-06,0.974423,3.74,0.32,0.23,0.17,0.28,,,,,
1530,6266880,2360,34380.561888602075,21764.685843794574,6.14,2738.67,-0.000508605184222688,7514.717875242233,0.34527242826879956,7.544988672000001e-06,0.9825553,3.78,0.31,0.23,0.18,0.28,,,,,
1531,6270976,2361,34607.3040039506,21906.587432782035,6.16,2748.81,-0.0012263919543329393,1541.279130756855,0.37334212503628805,7.543383040000001e-06,0.97004193,3.79,0.31,0.23,0.18,0.28,,,,,
1532,6275072,2362,35023.16695270697,22168.972736648262,6.19,2779.96,-0.0005851143450854579,9715.478106021881,0.34359359956579283,7.5417774080000006e-06,0.96512234,3.79,0.31,0.23,0.18,0.28,,,,,
1533,6279168,2364,35280.49318095154,22331.166279210414,6.19,2797.66,-0.0012332264304859564,5276.287482619286,0.40057864724076353,7.540171776e-06,0.8914362,3.77,0.32,0.22,0.18,0.28,,,,,
1534,6283264,2367,35017.261341344376,22164.47041091982,6.18,2783.06,-0.0008207695846067509,6114.4842827916145,0.4590018336311914,7.538566144e-06,0.8908877,3.78,0.32,0.22,0.18,0.28,,,,,
1535,6287360,2369,35256.1015173083,22301.971105988236,6.17,2798.94,-0.00101729057769262,2444.6377481520176,0.4546139342710376,7.536960512000001e-06,0.975174,3.75,0.32,0.21,0.2,0.27,,,,,
1536,6291456,2371,34204.64461161435,21642.12051372108,6.15,2739.59,-0.0006614330263801094,7874.733201265335,0.3787912123661954,7.5353548800000005e-06,0.8623092,3.8,0.32,0.21,0.19,0.28,,,,,
1537,6295552,2373,33044.126607736995,20929.692480906153,6.09,2671.3,-0.0009221469081239775,1878.909924685955,0.42118930630385876,7.533749248000001e-06,0.96909577,3.81,0.31,0.22,0.19,0.28,,,,,
1538,6299648,2375,32797.57931686457,20759.325087902358,6.01,2660.3,-0.0013461837188515346,5248.973461151123,0.41072011305368505,7.532143616000001e-06,0.9818822,3.74,0.31,0.23,0.2,0.26,,,,,
1539,6303744,2377,33943.07647609877,21490.67415780878,6.03,2719.15,-0.0002689283519430319,22946.811228632927,0.47730595764005557,7.530537984000001e-06,0.9699373,3.7,0.31,0.23,0.21,0.25,,,,,
1540,6307840,2378,33586.68734675998,21259.22061127993,6.01,2698.07,-0.00043603231097222306,17288.23867917061,0.3286751135310624,7.5289323520000005e-06,0.97618145,3.7,0.31,0.23,0.21,0.25,,,,,
1541,6311936,2380,34121.80852394304,21631.14082514536,6.09,2731.56,-0.0005952231495029991,9764.45022046566,0.4488711860612966,7.52732672e-06,0.8516094,3.74,0.32,0.21,0.21,0.26,,,,,
1542,6316032,2382,34222.19120761956,21727.127728775395,6.12,2738.63,-0.0005771877349616261,13895.524094104767,0.4249028504709713,7.525721088e-06,0.9038177,3.77,0.31,0.22,0.21,0.26,,,,,
1543,6320128,2384,34239.01296927864,21729.325800722825,6.1,2746.37,-0.001508595079940278,1526.1765806674957,0.4225010051159188,7.524115456e-06,0.94821405,3.74,0.32,0.22,0.2,0.26,,,,,
1544,6324224,2385,34414.67873716103,21828.968622067794,6.12,2765.29,-0.0009669101618783316,3870.538947701454,0.3836380780558102,7.5225098240000005e-06,0.84340274,3.74,0.32,0.22,0.2,0.26,,,,,
1545,6328320,2386,34173.115390049206,21681.54973743304,6.11,2748.39,-0.0005240692835286609,12648.370345592499,0.38138916352181695,7.520904192e-06,0.9406239,3.74,0.32,0.22,0.2,0.26,,,,,
1546,6332416,2388,34087.83348675902,21588.462662255457,6.08,2751.5,-0.0009860584850684972,2872.3378514051437,0.35467506942222826,7.519298560000001e-06,0.95151764,3.71,0.33,0.22,0.19,0.26,,,,,
1547,6336512,2389,33866.173901377166,21413.48896929813,6.02,2747.78,-0.0006975847227295162,2056.5991671979427,0.3796456726267934,7.517692928000001e-06,0.96768093,3.65,0.34,0.22,0.19,0.25,,,,,
1548,6340608,2391,33987.00008172143,21478.59401175668,6.04,2745.26,-0.0012197306159578147,3564.0442441105843,0.3941722162999213,7.516087296e-06,0.9760028,3.67,0.33,0.23,0.19,0.25,,,,,
1549,6344704,2392,34511.6852544589,21804.632504349986,6.03,2779.07,-0.003043707694814657,7092.505118608475,0.36036557078477927,7.514481664e-06,0.9678621,3.62,0.33,0.24,0.19,0.24,,,,,
1550,6348800,2394,34677.25910727092,21940.492838135484,6.1,2772.74,-0.0003312860062578693,12766.2475284338,0.4425731975934468,7.512876032000001e-06,0.9699009,3.7,0.32,0.23,0.2,0.25,47493.32839784444,30639.473019804973,7.566666666666666,3310.5666666666666,0.06666666666666667
1551,6352896,2398,34085.020098166286,21578.879711458394,6.08,2708.57,-0.0006750371267116861,3985.544239461422,0.4381251099985093,7.511270400000001e-06,0.95836794,3.75,0.31,0.23,0.2,0.26,,,,,
1552,6356992,2399,32889.27626407586,20838.104323667107,6.03,2641.58,-0.0005206530313444091,5263.3259172439575,0.38419296423671767,7.509664768000001e-06,0.9475439,3.77,0.3,0.24,0.2,0.26,,,,,
1553,6361088,2399,32889.27626407586,20838.104323667107,6.03,2641.58,-0.00026981016162608285,7692.80624973774,0.32598026329651475,7.508059136000001e-06,0.97362804,3.77,0.3,0.24,0.2,0.26,,,,,
1554,6365184,2401,33662.36757337625,21341.57062567874,6.07,2704.66,-0.0008121996306726942,6808.043386340141,0.40710131876403466,7.506453504000001e-06,0.8968003,3.74,0.31,0.23,0.2,0.26,,,,,
1555,6369280,2402,33611.87936440288,21323.49925683597,6.07,2702.01,-0.0007490295283787418,4724.248588740826,0.3777376267244108,7.5048478720000006e-06,0.94912076,3.75,0.31,0.23,0.2,0.26,,,,,
1556,6373376,2405,33206.855393735816,21076.806573950984,6.02,2667.39,-0.0014981872245698469,4997.145578742027,0.35738930356455967,7.50324224e-06,0.94614357,3.73,0.3,0.24,0.2,0.26,,,,,
1557,6377472,2406,33123.064532880504,21016.633937559644,5.98,2675.28,-0.0009310442337664426,4614.357985496521,0.39972027292242274,7.501636608e-06,0.93226475,3.68,0.31,0.24,0.2,0.25,,,,,
1558,6381568,2407,32668.177644362047,20734.994128154336,5.95,2652.17,-0.0010907672894973075,3244.1310642957687,0.3945952580543235,7.500030976000001e-06,0.98476666,3.67,0.31,0.24,0.2,0.25,,,,,
1559,6385664,2409,32708.257961772593,20741.840137114796,6.0,2642.61,-0.0007788413058733568,4707.143042683601,0.3911794267478399,7.4984253440000005e-06,0.9881243,3.73,0.3,0.25,0.19,0.26,,,,,
1560,6389760,2411,32420.537781853312,20560.195063496285,5.94,2636.68,-0.0011350304430379765,5598.175890386105,0.3653471965226345,7.496819712e-06,0.944469,3.67,0.31,0.25,0.19,0.25,,,,,
1561,6393856,2411,32420.537781853312,20560.195063496285,5.94,2636.68,-0.0014466862012341153,9389.515914916992,0.3907864908105694,7.495214080000001e-06,0.96557784,3.67,0.31,0.25,0.19,0.25,,,,,
1562,6397952,2412,32860.05163334369,20833.537642273728,5.94,2677.9,-0.000617758547377889,7096.234516143799,0.400306196679594,7.493608448000001e-06,0.8492194,3.63,0.32,0.25,0.18,0.25,,,,,
1563,6402048,2413,33652.76070837689,21337.275061820677,5.98,2735.57,-0.0005090521781312418,11589.686308979988,0.37072202132549137,7.4920028160000005e-06,0.9544273,3.61,0.33,0.24,0.18,0.25,,,,,
1564,6406144,2415,33321.5682219429,21139.03745723866,5.94,2712.12,-0.000999934841729555,4124.941445529461,0.3817088965442963,7.490397184e-06,0.985654,3.6,0.34,0.23,0.18,0.25,,,,,
1565,6410240,2417,32647.738969213908,20734.880192262135,5.89,2656.28,-0.0004637689517039689,5694.80779081583,0.40373192308470607,7.488791552e-06,0.89154905,3.62,0.33,0.24,0.18,0.25,,,,,
1566,6414336,2419,32396.14689871259,20587.970051334494,5.91,2637.81,-0.0004909120298179914,13525.243339776993,0.41725809714989737,7.48718592e-06,0.95331305,3.66,0.33,0.23,0.18,0.26,,,,,
1567,6418432,2421,32117.236260214228,20460.007385313576,5.98,2597.32,-0.0006103409305069363,13324.506169319153,0.3806035451416392,7.485580288000001e-06,0.9707707,3.78,0.31,0.23,0.18,0.28,,,,,
1568,6422528,2422,32128.729326391272,20460.452957781516,5.98,2597.08,-0.0010430943002575077,4306.514610588551,0.3783238469331991,7.483974656e-06,0.9768464,3.78,0.31,0.23,0.18,0.28,,,,,
1569,6426624,2423,32302.490758639484,20565.553364139792,5.97,2611.39,-0.0010211284024990164,7713.548512578011,0.4134972574538551,7.482369024000001e-06,0.8716111,3.76,0.31,0.23,0.19,0.27,,,,,
1570,6430720,2424,31892.651707998706,20306.610633498378,5.95,2590.68,-0.00032105254467751365,8344.165341615677,0.3713948624790646,7.480763392000001e-06,0.96283334,3.76,0.31,0.23,0.19,0.27,,,,,
1571,6434816,2425,32046.492208914795,20398.513124156056,5.93,2607.92,-0.0006615603415411897,1391.6917403042316,0.4303622061270289,7.47915776e-06,0.98552346,3.72,0.32,0.23,0.18,0.27,,,,,
1572,6438912,2427,32034.688850540904,20380.34029599461,5.95,2619.63,-0.0010950788287118485,6701.408201217651,0.43416069506201893,7.477552128e-06,0.95984864,3.72,0.33,0.22,0.17,0.28,,,,,
1573,6443008,2427,32034.688850540904,20380.34029599461,5.95,2619.63,-0.0005762459622928873,7609.563104152679,0.34491568538942374,7.475946496000001e-06,0.9718098,3.72,0.33,0.22,0.17,0.28,,,,,
1574,6447104,2428,32414.773900569387,20593.730553256773,5.95,2651.98,-0.0005874302851225366,2508.8189974427223,0.3775633577897679,7.474340864000001e-06,0.95688844,3.68,0.34,0.22,0.16,0.28,,,,,
1575,6451200,2431,32742.953197331997,20797.130356355836,5.94,2675.38,-0.0008860780908435117,6869.358242154121,0.4112109284615144,7.472735232000001e-06,0.9648223,3.64,0.34,0.23,0.16,0.27,38273.05556104527,24907.8533809006,7.2,2875.8333333333335,0.03333333333333333
1576,6455296,2432,33279.153227786795,21135.843289500837,5.9,2722.61,-0.0004510489861786482,7691.912632405758,0.3755430007877294,7.471129600000001e-06,0.95292395,3.55,0.35,0.23,0.16,0.26,,,,,
1577,6459392,2433,33327.765622889325,21173.08779964965,5.89,2731.22,-0.00131829774727521,5013.015070557594,0.38633100999868475,7.469523968000001e-06,0.9561666,3.53,0.36,0.22,0.16,0.26,,,,,
1578,6463488,2434,33886.52637395077,21529.710319003196,5.92,2771.74,-0.0006668686619377695,8134.844849944115,0.4153420828515664,7.4679183360000006e-06,0.9532022,3.52,0.36,0.23,0.15,0.26,,,,,
1579,6467584,2435,34686.74796216452,22043.675344723644,5.96,2819.84,-0.00047492599514953326,3437.297705411911,0.3913779647555202,7.466312704e-06,0.9893401,3.51,0.36,0.23,0.15,0.26,,,,,
1580,6471680,2435,34686.74796216452,22043.675344723644,5.96,2819.84,-0.0009738976150401868,2485.3836601376534,0.3398014676349703,7.464707072e-06,0.98187643,3.51,0.36,0.23,0.15,0.26,,,,,
1581,6475776,2437,34593.09198370613,21975.15617001045,5.93,2826.12,-0.001185726106086804,5887.00828897953,0.37514209642540663,7.46310144e-06,0.96617424,3.47,0.37,0.23,0.15,0.25,,,,,
1582,6479872,2438,34777.838090638696,22085.35632863538,5.94,2837.35,-0.0010060193726530997,4289.484915077686,0.37688485492253676,7.4614958080000005e-06,0.9850164,3.47,0.37,0.23,0.15,0.25,,,,,
1583,6483968,2439,34791.980368417106,22104.977095179736,5.97,2834.4,-0.0010374851517553907,5182.210828781128,0.4200425163144246,7.459890176e-06,0.9791319,3.51,0.37,0.22,0.15,0.26,,,,,
1584,6488064,2440,35467.67599342307,22519.568738244827,6.01,2875.28,-0.0011541065650817472,2272.6457424759865,0.37334057394764386,7.458284544000001e-06,0.98772323,3.51,0.37,0.22,0.15,0.26,,,,,
1585,6492160,2441,35998.94754934547,22851.00020683914,6.02,2921.18,-0.0016214453371503623,4373.140096545219,0.3725883881561458,7.456678912000001e-06,0.969937,3.47,0.38,0.22,0.14,0.26,,,,,
1586,6496256,2442,36120.78643623095,22902.28766541607,6.01,2937.07,-0.0008517167170793982,2473.183362364769,0.4041960916365497,7.4550732800000005e-06,0.96463186,3.44,0.39,0.22,0.13,0.26,,,,,
1587,6500352,2443,36118.804048138845,22904.399014816216,6.01,2937.63,-0.0009311546136814286,5206.128733277321,0.406886889541056,7.453467648e-06,0.96820617,3.44,0.39,0.22,0.13,0.26,,,,,
1588,6504448,2444,36611.06750615269,23227.720629371885,6.06,2959.33,-0.0006677285218756879,8114.578942000866,0.3326293084246572,7.451862016000001e-06,0.98326796,3.47,0.39,0.21,0.14,0.26,,,,,
1589,6508544,2446,36095.18819447464,22902.040727369804,6.1,2916.53,-0.0006982634222367778,4510.109965980053,0.41259721550159156,7.450256384000001e-06,0.9594454,3.56,0.38,0.21,0.14,0.27,,,,,
1590,6512640,2446,36095.18819447464,22902.040727369804,6.1,2916.53,-0.001034910730595584,2397.211651325226,0.36050850321771577,7.448650752000001e-06,0.9831379,3.56,0.38,0.21,0.14,0.27,,,,,
1591,6516736,2448,37006.70079070939,23473.942530197743,6.2,2981.71,-0.0003820412403001683,8287.285947084427,0.41256138306926005,7.447045120000001e-06,0.9701249,3.59,0.39,0.2,0.13,0.28,,,,,
1592,6520832,2450,36675.818623719664,23253.497208181234,6.1,2957.53,-0.0016971386939985678,4521.623840749264,0.4161870042444207,7.445439488000001e-06,0.9373321,3.51,0.39,0.21,0.13,0.27,,,,,
1593,6524928,2451,37060.09642104518,23466.307064149914,6.09,2982.62,-0.0004989124845451443,8102.151148676872,0.3734701481007505,7.443833856000001e-06,0.96793014,3.47,0.39,0.22,0.13,0.26,,,,,
1594,6529024,2452,37006.61533465756,23426.8126758185,6.08,2980.05,-0.0011456045740487752,7252.011280953884,0.35401563564664684,7.442228224e-06,0.97803915,3.46,0.39,0.22,0.13,0.26,,,,,
1595,6533120,2453,37105.16307580963,23469.40245863716,6.07,2995.29,-0.0007851702785046655,4914.32814347744,0.38140745568671264,7.440622592e-06,0.97524244,3.43,0.4,0.22,0.12,0.26,,,,,
1596,6537216,2454,35884.225439275695,22674.874731118147,5.98,2954.1,-0.00040802063995215576,7591.451194405556,0.3832373748300597,7.43901696e-06,0.9777569,3.37,0.41,0.22,0.12,0.25,,,,,
1597,6541312,2457,35134.69923399656,22253.44390237203,5.98,2891.85,-0.0005871863013453549,46230.806352972984,0.4412194791948423,7.437411328000001e-06,0.73769474,3.45,0.39,0.22,0.13,0.26,,,,,
1598,6545408,2459,34138.37832149592,21606.824012923866,5.91,2834.22,-0.00072631801776879,4623.34900611639,0.35375559120438993,7.435805696e-06,0.8814762,3.44,0.39,0.22,0.13,0.26,,,,,
1599,6549504,2461,33667.62440564717,21301.454059903426,5.87,2822.98,-0.0005655242985085351,5546.962068676949,0.3661291083844844,7.434200064000001e-06,0.9398453,3.41,0.4,0.22,0.12,0.26,,,,,
1600,6553600,2462,33330.2166455857,21099.502840981506,5.9,2788.34,-0.0013567557375608885,5096.164084553719,0.41513891867361963,7.432594432000001e-06,0.9660505,3.48,0.39,0.22,0.12,0.27,34758.099029821315,22355.816557921793,6.833333333333333,2660.4333333333334,0.06666666666666667
1601,6557696,2463,33563.256072226286,21206.328058141382,5.89,2811.56,-0.0006468541678259498,2768.7190750837326,0.35992206254741177,7.4309888000000005e-06,0.98450094,3.44,0.4,0.22,0.11,0.27,,,,,
1602,6561792,2463,33563.256072226286,21206.328058141382,5.89,2811.56,-0.0005921285874137538,3328.534203708172,0.3736555965151638,7.429383168e-06,0.982566,3.44,0.4,0.22,0.11,0.27,,,,,
1603,6565888,2466,34144.17845057573,21599.309690550952,5.89,2857.28,-0.0007067413371260045,9526.1843791008,0.3959442353225313,7.427777536e-06,0.9032679,3.39,0.4,0.23,0.11,0.26,,,,,
1604,6569984,2467,34636.17830630905,21951.384171982085,5.96,2874.58,-0.0002834504830389051,29371.511424064636,0.36089760981849395,7.426171904e-06,0.967224,3.45,0.4,0.22,0.11,0.27,,,,,
1605,6574080,2470,34515.574917906386,21907.54255380861,5.97,2854.09,-0.0004022035545858671,6004.711961209774,0.36246730445418507,7.424566272000001e-06,0.9760563,3.48,0.39,0.24,0.09,0.28,,,,,
1606,6578176,2472,34422.48471495515,21843.915806060977,5.9,2848.12,-0.0011975253937634989,1347.091949313879,0.4282008854788728,7.42296064e-06,0.8804856,3.41,0.4,0.24,0.09,0.27,,,,,
1607,6582272,2474,34318.3243484491,21780.260951027823,5.92,2841.33,-0.000704725316609256,6408.365785419941,0.37732544404570945,7.421355008000001e-06,0.9665861,3.44,0.4,0.24,0.08,0.28,,,,,
1608,6586368,2476,33983.756528594386,21566.654662271325,5.93,2829.72,-0.0006723719907313352,5849.002427756786,0.4282681343029253,7.419749376000001e-06,0.96800816,3.46,0.4,0.23,0.08,0.29,,,,,
1609,6590464,2477,34234.395377052504,21723.897468070878,6.02,2838.55,-0.0009864637340797344,11316.56665033102,0.4009870248264633,7.4181437440000005e-06,0.9810242,3.54,0.4,0.22,0.08,0.3,,,,,
1610,6594560,2477,34234.395377052504,21723.897468070878,6.02,2838.55,-0.0014652193276560865,7340.626020312309,0.3633581140311435,7.416538112e-06,0.9852363,3.54,0.4,0.22,0.08,0.3,,,,,
1611,6598656,2480,34627.64363677203,21954.741848554284,6.05,2866.65,-0.000666928717691917,6131.87861520052,0.42409067240078,7.414932480000001e-06,0.9736472,3.54,0.4,0.22,0.08,0.3,,,,,
1612,6602752,2482,34629.33078225305,21925.836027980284,5.99,2874.64,-0.001007210457828478,7235.059703230858,0.41604100132826716,7.413326848000001e-06,0.91911364,3.46,0.42,0.21,0.08,0.29,,,,,
1613,6606848,2483,34814.233982451755,22075.565102983528,6.05,2874.72,-0.0005076383949926822,9817.072180747986,0.3398451575776562,7.4117212160000004e-06,0.98099375,3.52,0.42,0.2,0.08,0.3,,,,,
1614,6610944,2485,34885.2858524807,22123.89800039068,6.06,2878.78,-0.0009533180373182404,4134.939360976219,0.4511953408946283,7.410115584000001e-06,0.95694125,3.52,0.42,0.2,0.08,0.3,,,,,
1615,6615040,2488,34369.10183064472,21825.864690948947,6.09,2827.89,-0.0004985832601960283,12686.878977656364,0.4029921810142696,7.408509952000001e-06,0.9717458,3.61,0.4,0.2,0.1,0.3,,,,,
1616,6619136,2488,34369.10183064472,21825.864690948947,6.09,2827.89,-0.0006194353773025796,9260.28474354744,0.42111064185155556,7.406904320000001e-06,0.9688278,3.61,0.4,0.2,0.1,0.3,,,,,
1617,6623232,2490,34982.6717638528,22250.268227665347,6.16,2853.23,-0.001229663994308794,4294.140727341175,0.41906136932084337,7.405298688e-06,0.9831238,3.66,0.39,0.19,0.12,0.3,,,,,
1618,6627328,2491,35037.07447669492,22301.071444017995,6.18,2857.45,-0.00028230193493072875,38990.07290148735,0.35156003962038085,7.403693056e-06,0.89344347,3.68,0.39,0.19,0.12,0.3,,,,,
1619,6631424,2492,34887.30498092528,22216.73336611513,6.19,2844.87,-0.000228539467570954,9374.697395384312,0.34800124520552345,7.402087424e-06,0.8530684,3.71,0.39,0.18,0.12,0.31,,,,,
1620,6635520,2494,34882.44686114708,22177.427495055512,6.14,2861.7,-0.0005105004456709139,24811.468475818634,0.41223067609826103,7.4004817920000006e-06,0.92939764,3.64,0.4,0.19,0.11,0.3,,,,,
1621,6639616,2496,34998.73106115016,22266.48692127082,6.12,2865.07,-0.0008359661187569145,26295.34847432375,0.4157690530992113,7.39887616e-06,0.967022,3.61,0.41,0.19,0.11,0.29,,,,,
1622,6643712,2497,35338.620958872285,22474.02621483547,6.15,2893.5,-0.0006134994919193559,4422.468294739723,0.3824387310887687,7.397270528000001e-06,0.96955127,3.61,0.41,0.19,0.11,0.29,,,,,
1623,6647808,2498,36103.920989711434,22945.88883027572,6.21,2942.0,-0.0011543542368599446,3001.4328216314316,0.39483655168442056,7.395664896000001e-06,0.98475206,3.62,0.41,0.19,0.11,0.29,,,,,
1624,6651904,2499,35952.08741819463,22845.698168230305,6.19,2935.91,-0.0007579890652777976,4181.856675684452,0.39688593411119655,7.3940592640000005e-06,0.9126519,3.61,0.41,0.19,0.11,0.29,,,,,
1625,6656000,2501,35600.90494833437,22609.082949686264,6.2,2906.2,-0.0010046446996057057,3094.194471001625,0.3710770880279597,7.392453632e-06,0.9765428,3.65,0.41,0.18,0.11,0.3,46111.91810736927,29548.01103687735,7.366666666666666,3110.1666666666665,0.16666666666666666
1626,6660096,2502,35598.69903990935,22581.44390673657,6.19,2909.48,-0.0007191844279077486,3171.7637130618095,0.417424691375345,7.390848000000001e-06,0.96636194,3.63,0.42,0.17,0.11,0.3,,,,,
1627,6664192,2503,35846.62233929003,22725.166760629607,6.21,2924.02,-0.0006710673742418294,3054.209174513817,0.3686265713186003,7.389242368000001e-06,0.9619367,3.64,0.42,0.17,0.11,0.3,,,,,
1628,6668288,2503,35846.62233929003,22725.166760629607,6.21,2924.02,-0.0005939711609244114,5969.136792600155,0.35456881936988793,7.387636736000001e-06,0.9803145,3.64,0.42,0.17,0.11,0.3,,,,,
1629,6672384,2506,36462.08813404983,23089.032379324875,6.19,2965.05,-0.000793760937085608,4377.362108230591,0.4089034800999798,7.386031104000001e-06,0.97193825,3.57,0.42,0.18,0.12,0.28,,,,,
1630,6676480,2507,36553.40518539191,23166.62570354738,6.23,2961.16,-0.0007981501221365761,2957.3208703398705,0.35524898939183913,7.384425472000001e-06,0.987743,3.62,0.42,0.17,0.12,0.29,,,,,
1631,6680576,2509,36269.929716797524,23012.834031789745,6.15,2956.25,-0.0008305918445330462,4708.509101510048,0.49699645437067375,7.382819840000001e-06,0.9291001,3.54,0.43,0.17,0.12,0.28,,,,,
1632,6684672,2511,36111.22505599437,22901.98034039224,6.13,2944.02,-0.001578825466822309,2759.2190507650375,0.40120513108558953,7.3812142080000005e-06,0.8749901,3.54,0.43,0.17,0.12,0.28,,,,,
1633,6688768,2512,35694.53551731372,22638.68875930211,6.1,2911.73,-0.0005844058796355966,4054.12092256546,0.3660236065334175,7.379608576e-06,0.9490804,3.54,0.43,0.17,0.12,0.28,,,,,
1634,6692864,2514,34777.321742892105,22038.982654329335,5.99,2860.89,-0.0004584510743370629,11940.384383559227,0.38891701836837456,7.378002944e-06,0.97885484,3.47,0.44,0.17,0.12,0.27,,,,,
1635,6696960,2515,35148.91024495245,22307.053159960567,6.07,2876.63,-0.0005481046418935875,6346.9919691085815,0.3201257406617515,7.376397312000001e-06,0.9839872,3.54,0.43,0.17,0.12,0.28,,,,,
1636,6701056,2517,35636.483788796955,22613.853274466175,6.13,2903.91,-0.0019205426069675013,5821.545314610004,0.39787413825979456,7.37479168e-06,0.74038965,3.58,0.42,0.17,0.12,0.29,,,,,
1637,6705152,2518,35744.24688787865,22670.709158303285,6.14,2910.0,-0.0006704279012410552,1823.1550633609295,0.4048556452617049,7.373186048000001e-06,0.97542983,3.58,0.42,0.17,0.12,0.29,,,,,
1638,6709248,2519,35976.48127720689,22784.552794437986,6.11,2937.39,-0.000614815297012683,4938.3233815431595,0.3966681729652919,7.371580416000001e-06,0.914769,3.52,0.43,0.17,0.12,0.28,,,,,
1639,6713344,2520,35742.77585463692,22605.919674514393,6.04,2936.73,-0.0013258937178761698,4085.4911752939224,0.3646949276444502,7.369974784000001e-06,0.9577089,3.45,0.44,0.17,0.12,0.27,,,,,
1640,6717440,2523,35636.376734569494,22533.030444928165,6.04,2940.34,-0.0003390486363059608,11878.254638969898,0.396094452124089,7.368369152e-06,0.13577068,3.45,0.45,0.17,0.11,0.27,,,,,
1641,6721536,2527,34136.487714656396,21606.75890974462,6.0,2822.47,-0.00027807244532596087,16229.373815059662,0.39093402127036825,7.36676352e-06,0.94460815,3.55,0.42,0.19,0.11,0.28,,,,,
1642,6725632,2529,33368.44310262564,21161.051701028835,6.04,2751.93,-0.0011746661348297494,1522.2382380366325,0.3620099853433203,7.365157888e-06,0.9546451,3.68,0.4,0.19,0.11,0.3,,,,,
1643,6729728,2531,33653.308276409225,21332.467368054247,6.01,2786.42,-0.0015882231446084916,2634.544034719467,0.3805704712867737,7.3635522560000006e-06,0.95555484,3.61,0.42,0.18,0.11,0.29,,,,,
1644,6733824,2532,33551.98987483833,21271.90517076836,6.01,2775.23,-0.0004959447160217678,3952.2459131479263,0.36098451432189904,7.361946624e-06,0.9687335,3.62,0.41,0.19,0.11,0.29,,,,,
1645,6737920,2533,33915.00649419122,21478.10858332855,6.04,2803.15,-0.00045633837680725264,6129.344536304474,0.4167054246063344,7.360340992000001e-06,0.944447,3.62,0.41,0.19,0.11,0.29,,,,,
1646,6742016,2533,33915.00649419122,21478.10858332855,6.04,2803.15,-0.0011149975844091387,2439.5188558101654,0.39179097858141176,7.358735360000001e-06,0.98713535,3.62,0.41,0.19,0.11,0.29,,,,,
1647,6746112,2535,33688.060565995926,21306.483218504276,6.03,2795.25,-0.000618973579548765,7264.524472773075,0.40458787709940225,7.3571297280000005e-06,0.97977275,3.62,0.42,0.18,0.1,0.3,,,,,
1648,6750208,2536,33083.27556937532,20924.60661467185,5.99,2758.34,-0.0003798201996687567,11898.090247273445,0.3703514539229218,7.355524096e-06,0.90121746,3.62,0.42,0.18,0.1,0.3,,,,,
1649,6754304,2538,32893.86936242578,20883.411352742954,6.04,2736.92,-0.000505280904690153,10325.584137797356,0.37621877260971814,7.353918464e-06,0.9800129,3.7,0.41,0.18,0.09,0.32,,,,,
1650,6758400,2539,33385.00940892464,21197.260545848563,6.08,2755.44,-0.0006683143910777289,17785.045960068703,0.3735515558801126,7.352312832000001e-06,0.97753733,3.72,0.41,0.18,0.09,0.32,43447.104430136314,28161.666264718322,7.266666666666667,3078.3,0.13333333333333333
1651,6762496,2541,32490.638672320652,20649.539540585676,6.01,2702.06,-0.00033104906924563693,5727.3571128845215,0.36318464341457,7.3507072000000005e-06,0.9548571,3.7,0.42,0.17,0.09,0.32,,,,,
1652,6766592,2542,32151.882893868926,20445.052014295627,6.04,2670.79,-0.0007736971419944894,2782.7378050088882,0.3944705877802335,7.349101568000001e-06,0.9827536,3.77,0.41,0.17,0.09,0.33,,,,,
1653,6770688,2544,32037.942534488855,20372.174798103544,6.05,2660.77,-0.000725547044112318,6634.862301826477,0.41200136829866096,7.347495936000001e-06,0.9549487,3.79,0.4,0.18,0.09,0.33,,,,,
1654,6774784,2544,32037.942534488855,20372.174798103544,6.05,2660.77,-0.00036575219928636216,2792.7301439642906,0.3499168718117289,7.345890304000001e-06,0.98983735,3.79,0.4,0.18,0.09,0.33,,,,,
1655,6778880,2545,32557.725610203397,20712.94502729173,6.08,2686.86,-0.0001619262029635138,26596.880871534348,0.36888883681967854,7.3442846720000004e-06,0.96309364,3.79,0.4,0.18,0.09,0.33,,,,,
1656,6782976,2546,32954.921664893955,20996.539483640096,6.08,2709.2,-0.0013550692315220658,16399.243817090988,0.43040632957126945,7.34267904e-06,0.7817528,3.77,0.4,0.18,0.09,0.33,,,,,
1657,6787072,2547,32943.78890965678,20988.93412865691,6.08,2708.34,-0.0005312750799930654,6631.466678917408,0.4078658093349077,7.341073408e-06,0.96674216,3.77,0.4,0.18,0.09,0.33,,,,,
1658,6791168,2549,33168.71741546788,21153.55523548692,6.09,2715.5,-0.0002486771554686129,27718.29489850998,0.4140220610424876,7.339467776000001e-06,0.9473226,3.78,0.4,0.17,0.09,0.34,,,,,
1659,6795264,2550,33793.746129159576,21583.938063806043,6.19,2735.13,-0.00029942569381091744,61613.266781806946,0.3908772346912883,7.337862144e-06,0.9616765,3.86,0.39,0.17,0.09,0.35,,,,,
1660,6799360,2551,34032.621154857654,21770.123440616946,6.24,2733.76,-0.0012280440805625403,12586.172522842884,0.4074972729140427,7.336256512000001e-06,0.9805394,3.91,0.39,0.16,0.09,0.36,,,,,
1661,6803456,2552,34660.43287075449,22144.503507795907,6.23,2780.54,-0.0006640836172664422,8355.986402392387,0.3567091464647092,7.334650880000001e-06,0.97760487,3.85,0.39,0.17,0.09,0.35,,,,,
1662,6807552,2553,34509.750605051755,22082.428116771247,6.26,2754.31,-0.0003497446250548819,18886.215794801712,0.3505147898977157,7.333045248000001e-06,0.96944886,3.91,0.38,0.17,0.09,0.36,,,,,
1663,6811648,2555,34012.7504329783,21740.443859289648,6.19,2731.51,-0.0006397261749953032,3475.316764473915,0.4235154835623689,7.331439616e-06,0.8916958,3.86,0.39,0.17,0.09,0.35,,,,,
1664,6815744,2556,34261.56545127659,21911.019033617762,6.2,2750.21,-0.0012469854282244341,4229.801053225994,0.4713979149237275,7.329833984000001e-06,0.95098764,3.85,0.39,0.17,0.09,0.35,,,,,
1665,6819840,2558,34593.241481600395,22080.033360350728,6.19,2775.33,-0.0010614236489345785,2374.435065627098,0.4439378112438135,7.328228352e-06,0.9834748,3.8,0.4,0.17,0.09,0.34,,,,,
1666,6823936,2561,34115.00566152335,21825.906992962187,6.18,2738.85,-0.0012483938457990007,11730.074829697609,0.46856050164205953,7.32662272e-06,0.5457655,3.83,0.39,0.18,0.09,0.34,,,,,
1667,6828032,2561,34115.00566152335,21825.906992962187,6.18,2738.85,-0.0007191249933384825,6427.529843211174,0.34269634922384284,7.325017088000001e-06,0.9456447,3.83,0.39,0.18,0.09,0.34,,,,,
1668,6832128,2562,34454.15726656739,22027.654434957007,6.15,2775.8,-0.0009047215371538186,3217.0333018898964,0.40047110177692957,7.323411456000001e-06,0.9142922,3.76,0.4,0.18,0.09,0.33,,,,,
1669,6836224,2564,33835.88508539174,21644.99769890189,6.13,2731.99,-0.0008643007122373092,6715.11104798317,0.38278260829974897,7.321805824000001e-06,0.9611878,3.8,0.39,0.18,0.1,0.33,,,,,
1670,6840320,2566,33975.65497011775,21713.179959385943,6.13,2745.58,-0.001313990707785706,3750.2408531308174,0.4106086346437223,7.3202001920000005e-06,0.90395105,3.78,0.4,0.17,0.1,0.33,,,,,
1671,6844416,2569,33432.30027144684,21385.0808720751,6.16,2714.17,-0.0002955866730189882,55062.91018486023,0.40251091885147616,7.31859456e-06,0.94426656,3.84,0.4,0.16,0.11,0.33,,,,,
1672,6848512,2569,33432.30027144684,21385.0808720751,6.16,2714.17,-0.0008650347008369863,7314.4570680856705,0.3947003525099717,7.316988928e-06,0.96621305,3.84,0.4,0.16,0.11,0.33,,,,,
1673,6852608,2570,33863.80535016278,21640.537711225403,6.18,2747.41,-0.0006111800248618238,2915.8542152643204,0.4009213808749337,7.315383296000001e-06,0.96483475,3.83,0.4,0.16,0.11,0.33,,,,,
1674,6856704,2571,34266.70860453349,21885.91554462612,6.21,2776.6,-0.00040550333960709395,16985.93259036541,0.3739555593638215,7.3137776640000005e-06,0.98086643,3.83,0.4,0.16,0.11,0.33,,,,,
1675,6860800,2572,35489.356893874836,22676.25578411845,6.31,2827.67,-0.0002627983794809552,74614.96757221222,0.3388985373894684,7.312172032000001e-06,0.961331,3.88,0.4,0.15,0.11,0.34,40949.75536947155,26438.889930913185,7.2,2928.733333333333,0.13333333333333333
1676,6864896,2574,35619.37700283996,22758.03859790568,6.28,2839.38,-0.0014064619499549735,3088.0758165717125,0.3797620373079553,7.310566400000001e-06,0.9343729,3.83,0.4,0.16,0.11,0.33,,,,,
1677,6868992,2576,35135.74945046073,22412.982994307713,6.19,2826.55,-0.0013884800628147786,2153.550377070904,0.4291875917115249,7.308960768000001e-06,0.83710694,3.75,0.42,0.16,0.1,0.32,,,,,
1678,6873088,2577,35361.15586143393,22553.838887640988,6.14,2855.21,-0.0007739381044302718,7296.864345788956,0.3972781828197185,7.3073551360000004e-06,0.9627535,3.67,0.42,0.17,0.1,0.31,,,,,
1679,6877184,2579,34563.999176171434,22051.130322587178,6.1,2799.74,-0.0007774851874273736,9663.619656562805,0.41392583528067917,7.305749504e-06,0.9584191,3.7,0.41,0.18,0.1,0.31,,,,,
1680,6881280,2581,34586.91294317393,22077.327512777327,6.11,2803.1,-0.0005084806161903543,9736.454469442368,0.3948444835841656,7.304143872e-06,0.941969,3.71,0.41,0.18,0.09,0.32,,,,,
1681,6885376,2584,33967.080461401376,21660.255069066432,6.15,2757.18,-0.0010874073877857882,2560.110865652561,0.3917344299843535,7.302538240000001e-06,0.9014995,3.8,0.39,0.19,0.09,0.33,,,,,
1682,6889472,2584,33967.080461401376,21660.255069066432,6.15,2757.18,-0.0004953582320013084,3307.8902903795242,0.37588388536823913,7.300932608e-06,0.98768306,3.8,0.39,0.19,0.09,0.33,,,,,
1683,6893568,2585,35337.144476329966,22535.66972708576,6.23,2831.74,-0.0003347967594891088,25624.03951382637,0.3758506191370543,7.299326976e-06,0.9709593,3.8,0.39,0.19,0.09,0.33,,,,,
1684,6897664,2586,35708.074348996444,22762.444199571757,6.27,2844.14,-0.0003785240000979684,8262.058065712452,0.34493471987661906,7.297721344000001e-06,0.9890938,3.83,0.39,0.19,0.08,0.34,,,,,
1685,6901760,2587,35870.89137718877,22866.58615295181,6.22,2872.05,-0.0009154145245702239,5621.490409493446,0.40747283690143377,7.2961157120000006e-06,0.9401027,3.75,0.4,0.19,0.08,0.33,,,,,
1686,6905856,2587,35870.89137718877,22866.58615295181,6.22,2872.05,-0.0006065610632504104,4762.80436861515,0.3461240386532154,7.29451008e-06,0.97527295,3.75,0.4,0.19,0.08,0.33,,,,,
1687,6909952,2588,36870.77139881304,23487.69032430032,6.26,2942.35,-0.0004753767807414988,9755.502211093903,0.4056412903009914,7.292904448e-06,0.98084784,3.72,0.41,0.19,0.07,0.33,,,,,
1688,6914048,2589,36379.27843758074,23164.582721749724,6.22,2923.13,-0.0004391916909298743,5776.4157955646515,0.40003514563431963,7.291298816000001e-06,0.8978298,3.69,0.42,0.19,0.06,0.33,,,,,
1689,6918144,2590,36446.71606396489,23196.865543111126,6.21,2931.18,-0.0008037932175284368,5433.02171421051,0.4095829836151097,7.2896931840000005e-06,0.9605378,3.67,0.42,0.2,0.05,0.33,,,,,
1690,6922240,2592,36083.28740922748,22922.798145041696,6.16,2916.51,-0.0010320838018742506,3127.968731880188,0.4047789350443054,7.288087552000001e-06,0.94232655,3.62,0.43,0.2,0.05,0.32,,,,,
1691,6926336,2593,36050.48002822159,22900.294238261675,6.16,2910.87,-0.0005808699825138319,2998.7198892831802,0.3631143253587652,7.286481920000001e-06,0.9725022,3.62,0.43,0.2,0.05,0.32,,,,,
1692,6930432,2595,36018.888308692556,22850.242741889597,6.12,2927.49,-0.0011413862030167365,3639.164903283119,0.43524482555221766,7.284876288000001e-06,0.96659267,3.56,0.44,0.19,0.05,0.32,,,,,
1693,6934528,2595,36018.888308692556,22850.242741889597,6.12,2927.49,-0.001208248930197442,3639.5280324816704,0.3849789025844075,7.2832706560000005e-06,0.9844038,3.56,0.44,0.19,0.05,0.32,,,,,
1694,6938624,2596,37045.50418495038,23502.809755913462,6.19,2994.38,-0.0004764802106365096,14187.98069524765,0.43253994622500613,7.281665024e-06,0.9572796,3.56,0.44,0.19,0.05,0.32,,,,,
1695,6942720,2597,37022.6583044313,23494.27209163486,6.19,2992.22,-0.0005447359690151643,4582.38557356596,0.338872827735031,7.280059392e-06,0.9647886,3.56,0.44,0.19,0.05,0.32,,,,,
1696,6946816,2598,37210.01146717802,23600.42903966557,6.2,2998.82,-0.00031963464880391257,9518.999350905418,0.34788937502889894,7.278453760000001e-06,0.98778015,3.56,0.44,0.19,0.05,0.32,,,,,
1697,6950912,2600,36938.84926077214,23458.991548107737,6.3,2958.38,-0.0002706457980821142,13006.696605086327,0.3643607559497468,7.2768481280000005e-06,0.9751508,3.71,0.43,0.18,0.05,0.34,,,,,
1698,6955008,2601,37225.68602893755,23645.512452695653,6.29,2983.42,-0.0007822207680874271,7776.744756579399,0.3635654399113264,7.275242496000001e-06,0.962106,3.67,0.43,0.19,0.05,0.33,,,,,
1699,6959104,2602,37112.473389870494,23594.75723599955,6.3,2969.43,-0.0007225763838505372,11396.947719931602,0.4248010965529829,7.273636864000001e-06,0.9351653,3.7,0.42,0.19,0.06,0.33,,,,,
1700,6963200,2605,36219.11654129141,23081.45702029049,6.26,2914.94,-0.0003749383758986369,10378.206996679306,0.3629155659873504,7.272031232000001e-06,0.6326356,3.72,0.42,0.19,0.05,0.34,31129.58505836246,19959.7805861089,6.766666666666667,2468.4666666666667,0.06666666666666667
1701,6967296,2606,36303.39692000727,23136.04632662007,6.26,2926.34,-0.000699365817126818,8467.121794819832,0.3893992344965227,7.2704256e-06,0.959067,3.71,0.43,0.18,0.05,0.34,,,,,
1702,6971392,2608,36417.8898491127,23226.280498797376,6.26,2930.5,-0.0005389601274146116,11353.636048793793,0.4450492190080695,7.268819968e-06,0.958044,3.71,0.43,0.17,0.07,0.33,,,,,
1703,6975488,2611,36543.28985267794,23350.29120087151,6.39,2920.79,-0.0006338189323287224,10876.740555644035,0.4681422158027999,7.267214336e-06,0.9565693,3.85,0.41,0.16,0.08,0.35,,,,,
1704,6979584,2614,36098.61257023828,23101.276113239306,6.45,2870.71,-0.0005279958013488795,7608.883890509605,0.416179741936503,7.265608704e-06,0.95156646,3.97,0.38,0.17,0.09,0.36,,,,,
1705,6983680,2617,35380.923142539665,22602.948640314036,6.36,2839.35,-0.0010561683466221439,2522.007178246975,0.4180421038181521,7.264003072000001e-06,0.9729464,3.9,0.39,0.17,0.1,0.34,,,,,
1706,6987776,2618,35120.96258910372,22456.87330949797,6.34,2819.89,-0.000676425121127977,4060.977070450783,0.41240155964624137,7.26239744e-06,0.9247042,3.9,0.39,0.17,0.1,0.34,,,,,
1707,6991872,2619,35438.588933248844,22659.835157268084,6.36,2838.55,-0.0004986712337995414,4895.909237265587,0.381071753334254,7.260791808000001e-06,0.9741772,3.9,0.39,0.17,0.1,0.34,,,,,
1708,6995968,2621,35141.83330674542,22514.859770572817,6.39,2805.67,-0.0006509748118332936,13544.13202059269,0.39857398095773533,7.2591861760000006e-06,0.95130605,3.97,0.37,0.17,0.12,0.34,,,,,
1709,7000064,2622,35519.75503161399,22765.36760310395,6.39,2823.08,-0.00142433347991755,6611.8266768455505,0.4097094216849655,7.257580544e-06,0.97276855,3.95,0.37,0.17,0.12,0.34,,,,,
1710,7004160,2623,35703.72172143188,22879.909545334653,6.41,2835.72,-0.000906403905901243,1816.4294899702072,0.4125978026422672,7.255974912e-06,0.96844184,3.95,0.37,0.17,0.12,0.34,,,,,
1711,7008256,2624,36161.51618378816,23142.772855700856,6.43,2875.89,-0.0002757987203949597,2944.428146004677,0.31858906493289396,7.254369280000001e-06,0.9520275,3.93,0.38,0.16,0.12,0.34,,,,,
1712,7012352,2626,36789.6793761152,23555.189304371186,6.46,2924.46,-0.00062044917831372,10252.745240449905,0.40793713030871004,7.2527636480000005e-06,0.96871305,3.9,0.39,0.15,0.12,0.34,,,,,
1713,7016448,2627,37156.658188995934,23778.0695462421,6.45,2957.55,-0.0006686420256301062,3387.803286254406,0.3697709139669314,7.251158016000001e-06,0.97352725,3.85,0.4,0.15,0.12,0.33,,,,,
1714,7020544,2628,36958.557508913145,23636.461807965694,6.4,2955.01,-0.0010524842637096299,4273.033346354961,0.443682900222484,7.249552384000001e-06,0.9319568,3.8,0.4,0.16,0.12,0.32,,,,,
1715,7024640,2630,37272.99946742263,23844.01477582286,6.38,2975.66,-0.0006012951507727848,8392.140921473503,0.36970247846329585,7.247946752000001e-06,0.9623402,3.76,0.4,0.16,0.13,0.31,,,,,
1716,7028736,2633,36640.655120658645,23469.878947697165,6.37,2917.95,-0.0009696866636659252,4870.500461816788,0.453829066012986,7.2463411200000005e-06,0.9582863,3.81,0.38,0.17,0.14,0.31,,,,,
1717,7032832,2633,36640.655120658645,23469.878947697165,6.37,2917.95,-0.0007314172535188845,3450.1568315029144,0.40255141322268173,7.244735488e-06,0.9655168,3.81,0.38,0.17,0.14,0.31,,,,,
1718,7036928,2635,36117.25395619757,23159.655831880696,6.37,2882.68,-0.0010428227305965265,3825.69740319252,0.3906773188500665,7.243129856e-06,0.9746445,3.84,0.37,0.18,0.14,0.31,,,,,
1719,7041024,2637,36352.65542520846,23273.48594014774,6.34,2901.78,-0.0013866406334273051,2337.178078353405,0.3920354696747381,7.241524224e-06,0.9674759,3.79,0.37,0.19,0.14,0.3,,,,,
1720,7045120,2638,36290.986868273976,23209.977114852074,6.3,2906.53,-0.00070970619617583,6113.919267773628,0.35402311058714986,7.2399185920000004e-06,0.9551158,3.74,0.37,0.2,0.14,0.29,,,,,
1721,7049216,2639,35824.65660866813,22902.363268668727,6.24,2890.95,-0.0012488459678934305,2609.560037314892,0.4357087761745788,7.23831296e-06,0.9654226,3.69,0.37,0.21,0.14,0.28,,,,,
1722,7053312,2640,35982.52058126144,22992.616173507944,6.25,2900.07,-0.0004969800811522873,6199.111839175224,0.4090267237043008,7.236707328000001e-06,0.9787378,3.69,0.37,0.21,0.14,0.28,,,,,
1723,7057408,2642,36419.09695976458,23296.257745407605,6.32,2922.04,-0.0011707814765031799,5668.126598536968,0.3438429249217734,7.235101696000001e-06,0.9130746,3.74,0.36,0.21,0.15,0.28,,,,,
1724,7061504,2645,35357.01794120714,22624.697299980606,6.36,2848.79,-0.0009823884975048713,14103.655405402184,0.45114084775559604,7.233496064e-06,0.9677454,3.86,0.35,0.21,0.14,0.3,,,,,
1725,7065600,2646,35069.09604533508,22401.42724181901,6.29,2840.42,-0.0009682392355898628,2459.184105873108,0.3488695398555137,7.231890432e-06,0.9601741,3.79,0.36,0.21,0.14,0.29,38360.5582893996,24314.243868050547,7.1,2827.4,0.06666666666666667
1726,7069696,2647,34797.93228208511,22229.224015357308,6.28,2819.58,-0.0005975463195682096,13233.96907043457,0.3805995453731157,7.230284800000001e-06,0.94313693,3.8,0.35,0.22,0.14,0.29,,,,,
1727,7073792,2648,34552.46852837356,22073.992510939344,6.27,2807.06,-0.0005430503697425593,6968.474755883217,0.35601603804389015,7.228679168000001e-06,0.9735538,3.8,0.35,0.22,0.14,0.29,,,,,
1728,7077888,2650,34652.61450132402,22121.00415324371,6.23,2830.26,-0.0006687843797408277,10013.966897845268,0.42637521255528554,7.227073536000001e-06,0.9703545,3.73,0.35,0.23,0.15,0.27,,,,,
1729,7081984,2652,33585.35684401165,21428.68704332548,6.19,2769.57,-0.0011136542316307896,4434.071869492531,0.43767368112457916,7.225467904000001e-06,0.97441506,3.76,0.35,0.22,0.15,0.28,,,,,
1730,7086080,2654,33317.58220405007,21245.29233824232,6.16,2758.59,-0.0007189676716734539,5877.265355706215,0.42784515186212957,7.223862272000001e-06,0.969746,3.74,0.35,0.22,0.16,0.27,,,,,
1731,7090176,2655,33414.05730183461,21326.526866879,6.22,2758.59,-0.0009068141312127409,10389.758795142174,0.36532567552058026,7.2222566400000006e-06,0.92915606,3.8,0.34,0.22,0.16,0.28,,,,,
1732,7094272,2656,33622.74596628229,21448.986496157242,6.22,2777.29,-0.0008354843157576397,8029.367177844048,0.3460359209566377,7.220651008e-06,0.96893084,3.78,0.34,0.23,0.15,0.28,,,,,
1733,7098368,2657,33982.96324528876,21720.0720347955,6.27,2782.42,-0.0008079461558736512,11792.140483617783,0.3544459544646088,7.219045376e-06,0.97110015,3.83,0.33,0.23,0.15,0.29,,,,,
1734,7102464,2658,34085.62686404654,21773.49342776183,6.23,2800.96,-0.0008772652981861029,2052.515152603388,0.34344432124635205,7.217439744000001e-06,0.9793434,3.77,0.34,0.23,0.15,0.28,,,,,
1735,7106560,2661,34355.21685897892,21923.16130435361,6.21,2821.71,-0.0004930740678901202,10445.166242361069,0.3881418023374863,7.2158341120000005e-06,0.8984487,3.73,0.34,0.23,0.16,0.27,,,,,
1736,7110656,2662,34333.68685789291,21921.022791886553,6.22,2810.29,-0.0010446720789332176,5457.324873209,0.3982042933930643,7.21422848e-06,0.9782996,3.75,0.33,0.24,0.16,0.27,,,,,
1737,7114752,2663,34167.75407426632,21837.19755179186,6.21,2799.53,-0.0004862588939431589,4925.599146723747,0.3449118184216786,7.212622848000001e-06,0.88894296,3.75,0.33,0.24,0.16,0.27,,,,,
1738,7118848,2664,34054.620984077665,21762.258255759138,6.18,2799.24,-0.0010405237389932154,3466.9393595457077,0.3481464740470983,7.211017216000001e-06,0.9440073,3.71,0.34,0.24,0.15,0.27,,,,,
1739,7122944,2666,34200.32534562651,21851.13451302397,6.25,2804.19,-0.0006329177213046933,3368.378640115261,0.4055890313757118,7.2094115840000005e-06,0.9133915,3.78,0.33,0.24,0.15,0.28,,,,,
1740,7127040,2670,33554.85599406259,21418.780163888718,6.12,2779.67,-0.0012759205237671267,4664.830939292908,0.48389769840287045,7.207805952e-06,0.87781054,3.66,0.35,0.23,0.15,0.27,,,,,
1741,7131136,2670,33554.85599406259,21418.780163888718,6.12,2779.67,-0.0004982533873771899,4731.058170080185,0.3570158949296456,7.20620032e-06,0.96428865,3.66,0.35,0.23,0.15,0.27,,,,,
1742,7135232,2674,32072.89538641165,20500.05403272535,6.1,2704.34,-0.0005176792128622765,3411.55220079422,0.3680670315225143,7.204594688e-06,0.9267032,3.72,0.34,0.23,0.15,0.28,,,,,
1743,7139328,2675,32279.40775088379,20649.469874285805,6.13,2715.16,-0.0006047137230780208,10775.003300905228,0.42091865360271186,7.2029890560000004e-06,0.9554585,3.74,0.33,0.24,0.15,0.28,,,,,
1744,7143424,2676,33064.44709751127,21173.684627177576,6.2,2750.51,-0.00043176387225685176,11683.505010604858,0.313151996495435,7.201383424e-06,0.982016,3.78,0.32,0.24,0.16,0.28,,,,,
1745,7147520,2677,33167.21290326444,21234.77164301968,6.23,2742.35,-0.0005221077608439373,4901.946753203869,0.39536325182416476,7.199777792000001e-06,0.98608303,3.82,0.32,0.23,0.16,0.29,,,,,
1746,7151616,2679,33232.180808172045,21265.52168839707,6.22,2754.06,-0.0009580170035405899,4132.807838141918,0.40838311906554736,7.198172160000001e-06,0.9402647,3.78,0.33,0.22,0.16,0.29,,,,,
1747,7155712,2681,33231.551149880856,21278.317293643206,6.29,2736.01,-0.0002778108373604482,20643.81923866272,0.3805639461497776,7.196566528e-06,0.9663026,3.87,0.32,0.22,0.16,0.3,,,,,
1748,7159808,2683,33609.45490577514,21521.72560989941,6.26,2764.96,-0.0007653100492461817,5157.092545330524,0.39368686481611803,7.194960896e-06,0.97314703,3.81,0.32,0.22,0.17,0.29,,,,,
1749,7163904,2684,33791.27842638441,21628.11995633612,6.22,2785.36,-0.0017656958948464307,2893.647077202797,0.38467637199210003,7.193355264000001e-06,0.8833055,3.75,0.33,0.22,0.17,0.28,,,,,
1750,7168000,2685,32986.86545586597,21102.57194049691,6.18,2750.45,-0.0013292794237713679,4516.851386427879,0.3333793726051226,7.191749632000001e-06,0.98030615,3.75,0.33,0.22,0.17,0.28,33952.47952654723,21896.989207938917,6.8,2648.1,0.03333333333333333
1751,7172096,2686,32505.491247858954,20787.313415753535,6.11,2735.96,-0.0008910954093153123,4031.0748162269592,0.4414163535111584,7.190144000000001e-06,0.9499979,3.69,0.34,0.22,0.17,0.27,,,,,
1752,7176192,2688,31589.66479202784,20232.966251628994,6.11,2662.61,-0.000916618388146162,9159.315864145756,0.41609465301735327,7.188538368000001e-06,0.958723,3.76,0.32,0.23,0.17,0.28,,,,,
1753,7180288,2689,31377.186867905242,20093.211111346725,6.09,2646.44,-0.0009946546015271451,1281.67068785429,0.4369698220398277,7.186932736000001e-06,0.96835554,3.76,0.32,0.23,0.17,0.28,,,,,
1754,7184384,2690,31561.923868625094,20194.701659143877,6.09,2664.5,-0.0004866232029598905,9558.664830207825,0.46717551577603444,7.1853271040000005e-06,0.96654147,3.74,0.33,0.22,0.17,0.28,,,,,
1755,7188480,2691,31828.383382439326,20397.458176631993,6.14,2668.33,-0.0006612614220102842,5984.323129296303,0.3661860117863398,7.183721472e-06,0.96793795,3.79,0.32,0.22,0.17,0.29,,,,,
1756,7192576,2692,32361.837112487327,20727.62355599001,6.12,2713.42,-0.0007761843535263324,3590.9904803037643,0.37756785270175897,7.18211584e-06,0.9451113,3.72,0.33,0.22,0.17,0.28,,,,,
1757,7196672,2695,31745.588328066886,20334.594618208113,6.1,2661.32,-0.0011381966833141632,3650.8740208148956,0.4075289558968507,7.180510208e-06,0.9031943,3.76,0.32,0.22,0.18,0.28,,,,,
1758,7200768,2695,31745.588328066886,20334.594618208113,6.1,2661.32,-0.0012591607301146723,4827.526309370995,0.31010135693941265,7.1789045760000005e-06,0.98037267,3.76,0.32,0.22,0.18,0.28,,,,,
1759,7204864,2696,31904.28859919191,20440.120951412046,6.11,2665.75,-0.0007698569588683313,8455.808562517166,0.37356948378146626,7.177298944e-06,0.98086303,3.77,0.31,0.23,0.18,0.28,,,,,
1760,7208960,2697,32097.763161830168,20546.039073367498,6.12,2678.4,-0.0007601192974107107,3909.8967722058296,0.37163919635349885,7.175693312000001e-06,0.9793701,3.77,0.31,0.23,0.18,0.28,,,,,
1761,7213056,2698,31501.642398731918,20201.1426554383,6.12,2638.25,-0.0004155183614784619,10310.648409724236,0.4171929479925893,7.174087680000001e-06,0.98017836,3.81,0.31,0.22,0.18,0.29,,,,,
1762,7217152,2700,31829.17121869445,20405.5992500804,6.06,2662.73,-0.0007843545809009811,8783.969747722149,0.3693015383032616,7.1724820480000005e-06,0.9771294,3.72,0.31,0.23,0.18,0.28,,,,,
1763,7221248,2701,32251.38913591647,20685.210409048803,6.13,2668.1,-0.0006464687976404093,41136.46513617039,0.36062455756473355,7.170876416e-06,0.9638931,3.79,0.31,0.22,0.18,0.29,,,,,
1764,7225344,2701,32251.38913591647,20685.210409048803,6.13,2668.1,-0.00049494127597427,4118.649823129177,0.41951583907939494,7.169270784000001e-06,0.97218055,3.79,0.31,0.22,0.18,0.29,,,,,
1765,7229440,2703,32367.349708027377,20751.82760415749,6.11,2672.32,-0.0002684540404516156,6308.324018716812,0.4023077156743966,7.167665152000001e-06,0.96274525,3.76,0.31,0.23,0.17,0.29,,,,,
1766,7233536,2705,32661.80151493011,20913.59765193067,6.09,2696.84,-0.0011574524023671984,1605.624471694231,0.4415323043940589,7.166059520000001e-06,0.97546685,3.71,0.32,0.23,0.17,0.28,,,,,
1767,7237632,2706,32749.93081861583,20959.1392275959,6.1,2700.75,-0.0008039227641347679,2775.011271059513,0.38352232484612614,7.164453888000001e-06,0.95608187,3.71,0.32,0.23,0.17,0.28,,,,,
1768,7241728,2708,32543.786666826745,20791.80853282958,6.06,2701.33,-0.0007327510675168014,3269.381111383438,0.39929569500964135,7.162848256000001e-06,0.981977,3.66,0.33,0.24,0.15,0.28,,,,,
1769,7245824,2710,32208.449223254414,20537.39648269376,5.97,2684.02,-0.000900483159966825,4245.0910794734955,0.4194268661667593,7.161242624000001e-06,0.94957983,3.58,0.33,0.26,0.14,0.27,,,,,
1770,7249920,2711,32939.884716015375,20991.53985540812,5.97,2741.79,-0.0007209934356069425,4697.16309595108,0.3832380407548044,7.159636992e-06,0.9732432,3.52,0.34,0.26,0.14,0.26,,,,,
1771,7254016,2714,33276.429154120444,21193.43086323129,6.02,2763.81,-0.00041095535925705917,10202.366701364517,0.41947373002767563,7.15803136e-06,0.9511248,3.55,0.34,0.25,0.14,0.27,,,,,
1772,7258112,2717,33110.388207772936,21127.198821919923,6.05,2742.83,-0.0006006208423059434,21798.73564660549,0.46610492933541536,7.156425728e-06,0.95980406,3.6,0.34,0.25,0.13,0.28,,,,,
1773,7262208,2719,32862.6965700461,20982.642272866313,6.08,2710.2,-0.00036398443444340955,9536.446676373482,0.3931708776799496,7.1548200960000006e-06,0.9583619,3.67,0.33,0.25,0.13,0.29,,,,,
1774,7266304,2719,32862.6965700461,20982.642272866313,6.08,2710.2,-0.0010373241848355974,10166.625762701035,0.4018694030237384,7.153214464e-06,0.9491569,3.67,0.33,0.25,0.13,0.29,,,,,
1775,7270400,2722,32925.70799501427,20973.24692736909,5.99,2729.19,-0.0007810222759871976,2371.437574982643,0.42506873043021187,7.151608832000001e-06,0.83224726,3.55,0.35,0.26,0.11,0.28,32065.0854784251,20911.37973060148,6.733333333333333,2478.0666666666666,0.06666666666666667
1776,7274496,2724,32178.236507311758,20529.009306868393,6.01,2661.18,-0.0005414498682512203,10063.786212682724,0.3912137770676054,7.150003200000001e-06,0.96790284,3.65,0.33,0.26,0.12,0.29,,,,,
1777,7278592,2726,32229.54766303067,20604.433973287527,6.07,2649.26,-0.0013881042177672498,17611.89090180397,0.4156968836323358,7.1483975680000005e-06,0.9486428,3.73,0.32,0.26,0.12,0.3,,,,,
1778,7282688,2728,32152.81691997511,20556.836025386903,6.11,2629.67,-0.001027428406814579,19500.091544628143,0.3979147463105619,7.146791936e-06,0.9413151,3.8,0.31,0.25,0.13,0.31,,,,,
1779,7286784,2729,32858.222848264064,21043.1146639327,6.19,2649.03,-0.00035121473047183827,41424.67704248428,0.308041769254487,7.145186304e-06,0.9666715,3.87,0.3,0.25,0.13,0.32,,,,,
1780,7290880,2731,32711.529420916675,20913.162549271055,6.17,2647.34,-0.0008791677992121549,2210.915383219719,0.355768376524793,7.143580672e-06,0.9810326,3.85,0.31,0.25,0.12,0.32,,,,,
1781,7294976,2731,32711.529420916675,20913.162549271055,6.17,2647.34,-0.0005968061195744667,9929.535141587257,0.3583107693702914,7.1419750400000005e-06,0.9876077,3.85,0.31,0.25,0.12,0.32,,,,,
1782,7299072,2733,33583.9889908161,21488.014746317545,6.24,2685.51,-0.0005226893272265443,32179.637043356895,0.45537258306285366,7.140369408e-06,0.90902925,3.89,0.31,0.24,0.12,0.33,,,,,
1783,7303168,2735,33425.71302498479,21390.477973722584,6.2,2676.63,-0.0007294746774277883,12875.112755417824,0.43421658675652,7.138763776000001e-06,0.86264366,3.86,0.31,0.24,0.13,0.32,,,,,
1784,7307264,2737,33561.04187862673,21513.496938700435,6.25,2667.77,-0.0001419738173353835,95600.16263961792,0.34962646968779154,7.137158144000001e-06,0.86989427,3.93,0.3,0.24,0.13,0.33,,,,,
1785,7311360,2739,33300.93484577571,21349.679500765746,6.23,2650.42,-0.0011060976667067735,7434.36634349823,0.38263875915436074,7.1355525120000005e-06,0.86471945,3.93,0.31,0.22,0.14,0.33,,,,,
1786,7315456,2741,32566.38478835621,20878.805174541714,6.18,2599.39,-0.0009668376078479923,10521.708563566208,0.4056561916368082,7.13394688e-06,0.9538642,3.94,0.3,0.23,0.14,0.33,,,,,
1787,7319552,2745,32188.882441139212,20628.735291747027,6.03,2584.14,-0.0004596855433192104,3441.252168536186,0.4086741158098448,7.132341248000001e-06,0.7330505,3.81,0.31,0.23,0.14,0.32,,,,,
1788,7323648,2746,32414.41297873353,20771.534848647563,6.06,2592.93,-0.0006357783731800737,5226.927329659462,0.43868173676310107,7.130735616000001e-06,0.9645114,3.83,0.3,0.24,0.14,0.32,,,,,
1789,7327744,2748,32219.521234824642,20672.72125878403,6.08,2567.56,-0.0003922551477444358,40378.61363387108,0.36050795155460946,7.129129984e-06,0.9547173,3.88,0.3,0.23,0.15,0.32,,,,,
1790,7331840,2749,32350.520720948785,20741.029353137183,6.08,2577.95,-0.001221676464410848,6198.947427034378,0.3799747369776014,7.127524352000001e-06,0.9810671,3.87,0.3,0.23,0.15,0.32,,,,,
1791,7335936,2750,32242.576550841382,20649.822823866627,6.04,2579.2,-0.0006787751017327537,2522.0317673683167,0.42707310925470665,7.125918720000001e-06,0.97829676,3.83,0.31,0.23,0.14,0.32,,,,,
1792,7340032,2752,32388.168048778094,20761.683175257953,6.07,2583.93,-0.00041069383223657496,23615.602909564972,0.39645199239021167,7.124313088000001e-06,0.9582659,3.85,0.31,0.23,0.14,0.32,,,,,
1793,7344128,2754,32084.970620923454,20587.96257315484,6.06,2558.27,-0.00031994078744901344,13441.086303949356,0.44645867636427283,7.122707456e-06,0.9603988,3.87,0.3,0.23,0.15,0.32,,,,,
1794,7348224,2756,32025.338703199057,20535.799487036667,6.04,2553.0,-0.0009775838161658612,4826.574571162462,0.39920216385507956,7.121101824e-06,0.9307627,3.86,0.31,0.22,0.15,0.32,,,,,
1795,7352320,2756,32025.338703199057,20535.799487036667,6.04,2553.0,-0.00032542547705816105,19884.85264325142,0.3588149514107499,7.119496192e-06,0.9782723,3.86,0.31,0.22,0.15,0.32,,,,,
1796,7356416,2758,32358.2368323151,20730.525565782224,6.07,2560.16,-0.0010539889372012112,4487.03479719162,0.40741165867075324,7.1178905600000006e-06,0.97443753,3.89,0.3,0.22,0.16,0.32,,,,,
1797,7360512,2759,32848.229748566984,21084.092805391396,6.13,2569.89,-0.00030130636423564283,20728.928000211716,0.34504865008057095,7.116284928e-06,0.98039895,3.95,0.29,0.22,0.16,0.33,,,,,
1798,7364608,2761,33155.23569853677,21275.594407452474,6.15,2586.47,-0.0006138485041446984,8567.319859147072,0.3977663376717828,7.114679296000001e-06,0.9615313,3.95,0.29,0.22,0.16,0.33,,,,,
1799,7368704,2762,32615.377813364117,20933.87317904462,6.13,2549.24,-0.0005611578608295531,4368.595740556717,0.31747590340091847,7.113073664000001e-06,0.9820857,3.97,0.29,0.21,0.17,0.33,,,,,
1800,7372800,2764,32599.562734722404,20923.010000508602,6.16,2535.1,-0.0012451566435629502,5309.805884838104,0.3687912850873545,7.1114680320000005e-06,0.9468264,4.02,0.27,0.22,0.18,0.33,45749.55864737221,29395.60340553482,7.433333333333334,3169.0666666666666,0.16666666666666666
1801,7376896,2766,32839.87111617758,21067.055594064557,6.13,2552.26,-0.0008442245671176352,1478.8883841335773,0.3745023377123289,7.1098624e-06,0.9866717,3.97,0.27,0.23,0.18,0.32,,,,,
1802,7380992,2768,32743.066688487652,21001.25646457749,6.14,2539.31,-0.0006547975917783333,6476.679648756981,0.4160405538859777,7.108256768000001e-06,0.9654579,4.0,0.26,0.23,0.19,0.32,,,,,
1803,7385088,2770,32985.540804008095,21151.45606349432,6.18,2557.01,-0.0006415271182049764,2674.7228333950043,0.41330704191932455,7.106651136e-06,0.911238,4.03,0.26,0.23,0.18,0.33,,,,,
1804,7389184,2772,32957.720289315504,21117.484376550052,6.14,2557.37,-0.0006453352725657169,4366.007159948349,0.44843610806856304,7.105045504000001e-06,0.94527656,3.99,0.26,0.24,0.18,0.32,,,,,
1805,7393280,2772,32957.720289315504,21117.484376550052,6.14,2557.37,-0.0007221514806587948,4798.9710528850555,0.3587390886095818,7.103439872000001e-06,0.96971416,3.99,0.26,0.24,0.18,0.32,,,,,
1806,7397376,2774,33805.99242051081,21646.229218418142,6.16,2618.31,-0.0006222880565474043,24869.702946782112,0.41373419371666387,7.10183424e-06,0.85008544,3.95,0.27,0.23,0.19,0.31,,,,,
1807,7401472,2774,33805.99242051081,21646.229218418142,6.16,2618.31,-0.000611263097198389,14164.606971025467,0.3557506636425387,7.100228608000001e-06,0.9146765,3.95,0.27,0.23,0.19,0.31,,,,,
1808,7405568,2775,34120.5297738034,21826.591455759408,6.17,2641.76,-0.0014276588035500026,4031.0125522613525,0.346349221537821,7.0986229760000004e-06,0.9606822,3.93,0.28,0.22,0.19,0.31,,,,,
1809,7409664,2777,32953.73047408073,21079.041669097714,6.1,2592.01,-0.0007816417091817129,3293.277545571327,0.3963992379140109,7.097017344e-06,0.9799442,3.9,0.29,0.22,0.18,0.31,,,,,
1810,7413760,2778,33224.35876854374,21243.050531112473,6.12,2606.77,-0.0004309313007979654,13002.014847695827,0.4195348891662434,7.095411712e-06,0.9377514,3.91,0.28,0.23,0.18,0.31,,,,,
1811,7417856,2779,33989.11676684284,21737.424584703025,6.13,2659.62,-0.0003369745954842074,15439.20775103569,0.36774451422388665,7.093806080000001e-06,0.9121869,3.87,0.28,0.24,0.18,0.3,,,,,
1812,7421952,2780,33816.43030566195,21616.416640398602,6.1,2656.48,-0.0006556646148965228,5065.580514669418,0.428525150869973,7.092200448e-06,0.95401055,3.84,0.28,0.25,0.18,0.29,,,,,
1813,7426048,2783,33852.601867176054,21650.001430324934,6.08,2665.35,-0.0006936749005035381,9995.171402573586,0.40206195949576795,7.090594816000001e-06,0.9360214,3.81,0.29,0.25,0.17,0.29,,,,,
1814,7430144,2784,34051.74700100163,21778.650656714133,6.11,2672.44,-0.0007785436646372546,3863.5105449557304,0.41290798014961183,7.088989184000001e-06,0.97493863,3.83,0.28,0.26,0.17,0.29,,,,,
1815,7434240,2787,32907.39374816303,21077.096554507865,6.07,2584.28,-0.0009131782353506424,3281.134596467018,0.39604689920088276,7.087383552000001e-06,0.900212,3.89,0.27,0.26,0.17,0.3,,,,,
1816,7438336,2788,33483.4017964595,21411.750481075574,6.07,2620.98,-0.0006028625539329369,6496.8973660469055,0.423459539655596,7.08577792e-06,0.9814078,3.85,0.27,0.27,0.17,0.29,,,,,
1817,7442432,2790,33427.985344924295,21404.777876909113,6.13,2597.43,-0.0005444447942863917,13830.138354182243,0.39320917378063314,7.084172288e-06,0.96439314,3.94,0.25,0.28,0.17,0.3,,,,,
1818,7446528,2791,33123.84100979376,21202.467169429347,6.13,2581.8,-0.0007970217875481467,6974.534763097763,0.4096513209515251,7.082566656e-06,0.96341985,3.96,0.25,0.28,0.17,0.3,,,,,
1819,7450624,2793,32808.47170932955,21021.36004497472,6.12,2553.05,-0.0014487769267361728,3156.503296792507,0.37785358642577194,7.0809610240000005e-06,0.94991803,3.98,0.24,0.29,0.17,0.3,,,,,
1820,7454720,2793,32808.47170932955,21021.36004497472,6.12,2553.05,-0.0004623375480150571,5362.441899240017,0.363235335185891,7.079355392e-06,0.9772887,3.98,0.24,0.29,0.17,0.3,,,,,
1821,7458816,2795,33623.1913333956,21528.79517603844,6.11,2622.83,-0.0008296630430777441,5182.100396513939,0.34223376543377526,7.077749760000001e-06,0.97327393,3.89,0.26,0.29,0.16,0.29,,,,,
1822,7462912,2796,32767.620406688435,20973.5849072318,6.06,2579.13,-0.0013368591826292686,6431.40855717659,0.37188730062916875,7.076144128000001e-06,0.9706913,3.88,0.27,0.28,0.16,0.29,,,,,
1823,7467008,2798,32473.40464034979,20802.632548601763,6.06,2551.02,-0.0004265556153768557,11402.710865199566,0.3841343783715274,7.0745384960000005e-06,0.9811407,3.92,0.26,0.29,0.16,0.29,,,,,
1824,7471104,2800,31999.99702983596,20475.161744184978,6.05,2534.23,-0.0010465744180692127,1996.7962719500065,0.3635742441692855,7.072932864e-06,0.95455116,3.93,0.27,0.28,0.16,0.29,,,,,
1825,7475200,2801,31734.94027024646,20295.788937991805,5.99,2539.28,-0.0022985084160609404,4388.946866154671,0.3876298618270084,7.071327232e-06,0.941036,3.86,0.27,0.29,0.16,0.28,39924.05629305286,25866.542640873213,7.133333333333334,2869.1,0.1
1826,7479296,2802,31597.461411980807,20185.30567531455,5.98,2531.67,-0.0004809905931324465,4631.015009045601,0.4099463307065889,7.069721600000001e-06,0.9807778,3.86,0.27,0.29,0.16,0.28,,,,,
1827,7483392,2805,31498.82707050622,20180.098365943624,6.15,2507.35,-0.0007360284162132302,9769.996490955353,0.4070306927897036,7.0681159680000005e-06,0.9668568,4.06,0.25,0.28,0.16,0.31,,,,,
1828,7487488,2809,30819.33016046196,19774.39745680896,6.18,2449.85,-0.0024993810657178983,5066.840272068977,0.38575720955850556,7.066510336000001e-06,0.8447333,4.16,0.24,0.26,0.18,0.32,,,,,
1829,7491584,2812,30129.396281156303,19333.49447442244,6.15,2396.69,-0.0011006048407580238,4159.490969121456,0.4577730708406307,7.064904704000001e-06,0.9697618,4.18,0.23,0.26,0.2,0.31,,,,,
1830,7495680,2812,30129.396281156303,19333.49447442244,6.15,2396.69,-0.0010355044869356789,5105.365574419498,0.3862032474426087,7.063299072000001e-06,0.9782306,4.18,0.23,0.26,0.2,0.31,,,,,
1831,7499776,2814,30793.886576725625,19793.97393304377,6.19,2446.93,-0.0007392548841380631,9636.646699786186,0.366872651677113,7.0616934400000004e-06,0.96425843,4.17,0.23,0.27,0.19,0.31,,,,,
1832,7503872,2816,31047.09841435582,19939.75120138468,6.17,2477.66,-0.0008123205379888532,8630.264330863953,0.39236417127540335,7.060087808e-06,0.9514118,4.12,0.24,0.26,0.19,0.31,,,,,
1833,7507968,2817,31422.404622094044,20200.261371135217,6.22,2499.17,-0.00044816698755312245,10115.996701717377,0.3542219180963002,7.058482176e-06,0.97348124,4.15,0.23,0.26,0.2,0.31,,,,,
1834,7512064,2818,31339.663692757742,20167.061712435545,6.22,2493.64,-0.0009344979498564498,5124.007418036461,0.3458247492380906,7.056876544000001e-06,0.97482014,4.15,0.23,0.26,0.2,0.31,,,,,
1835,7516160,2819,31594.04315987467,20329.347819776696,6.24,2515.08,-0.0003119426874036435,3455.2374888062477,0.36882639274699613,7.055270912e-06,0.9307444,4.15,0.23,0.26,0.2,0.31,,,,,
1836,7520256,2819,31594.04315987467,20329.347819776696,6.24,2515.08,-0.0004906447302346351,6324.494903981686,0.38807620471925475,7.053665280000001e-06,0.98619246,4.15,0.23,0.26,0.2,0.31,,,,,
1837,7524352,2820,31931.50283676389,20513.119093740846,6.25,2536.82,-0.0006952082221687306,3140.911860346794,0.36020858291885816,7.052059648000001e-06,0.98102015,4.13,0.24,0.25,0.2,0.31,,,,,
1838,7528448,2821,32450.11051291038,20827.9828505937,6.29,2568.92,-0.0011774736740335356,1272.1779684126377,0.35852591012371704,7.0504540160000006e-06,0.99409986,4.14,0.23,0.26,0.2,0.31,,,,,
1839,7532544,2821,32450.11051291038,20827.9828505937,6.29,2568.92,-0.000635127151326742,6164.090928852558,0.36779250705149025,7.048848384e-06,0.9850008,4.14,0.23,0.26,0.2,0.31,,,,,
1840,7536640,2823,33636.169844011885,21600.285957159653,6.36,2641.6,-0.0005847779530085973,9555.728815197945,0.38680423295591027,7.047242752e-06,0.96470445,4.14,0.22,0.27,0.2,0.31,,,,,
1841,7540736,2825,33224.68907964232,21310.74594013202,6.31,2630.77,-0.00024257576569652883,8972.366583406925,0.44896982185309753,7.04563712e-06,0.81886137,4.1,0.22,0.28,0.2,0.3,,,,,
1842,7544832,2826,33646.096181300614,21537.51504340831,6.26,2665.7,-0.0007340803731494816,3521.2655948400497,0.41654408973408863,7.044031488e-06,0.96676695,4.01,0.23,0.28,0.2,0.29,,,,,
1843,7548928,2827,33469.57926704967,21417.82582025586,6.23,2663.25,-0.0004701381803897675,11901.801568984985,0.3804767174879089,7.042425856000001e-06,0.95675826,3.98,0.24,0.28,0.19,0.29,,,,,
1844,7553024,2828,34319.167860607886,21981.501069097798,6.28,2703.2,-0.0009336278417322319,13724.056901574135,0.3571877099748235,7.040820224e-06,0.9804387,3.99,0.24,0.28,0.19,0.29,,,,,
1845,7557120,2832,32277.82192156672,20658.90490991871,6.2,2598.71,-0.0007354351218964439,5038.920930504799,0.43332407425623387,7.039214592000001e-06,0.8146474,4.0,0.23,0.3,0.18,0.29,,,,,
1846,7561216,2834,31892.309049744465,20396.450261312002,6.26,2565.81,-0.0007284550802069134,3735.5450622439384,0.37270419183187187,7.0376089600000005e-06,0.9662421,4.1,0.23,0.29,0.18,0.3,,,,,
1847,7565312,2835,32363.38858655478,20689.487769733587,6.27,2604.31,-0.0007450868952219025,2998.982868283987,0.3511535804136656,7.036003328e-06,0.9793308,4.06,0.24,0.29,0.17,0.3,,,,,
1848,7569408,2836,32918.45159308048,21038.596396361467,6.3,2647.51,-0.00041257676093664486,5404.755226790905,0.38638625721796416,7.034397696e-06,0.97317094,4.04,0.25,0.28,0.17,0.3,,,,,
1849,7573504,2839,32505.440389262447,20742.868930691722,6.3,2625.85,-0.0008056396154643153,7264.920025348663,0.41371055744821206,7.032792064000001e-06,0.8850802,4.05,0.25,0.28,0.16,0.31,,,,,
1850,7577600,2840,33008.69087202735,21079.450914606707,6.35,2657.83,-0.0008402828225371195,11188.15308046341,0.3980380725697614,7.0311864320000005e-06,0.94813305,4.07,0.25,0.27,0.17,0.31,36993.20981810638,24052.66013024816,7.066666666666666,2760.9,0.13333333333333333
1851,7581696,2842,32791.8089087501,20949.865934698697,6.34,2646.08,-0.0004382793231343385,12740.4929510355,0.3965746958274394,7.029580800000001e-06,0.9590096,4.07,0.25,0.28,0.16,0.31,,,,,
1852,7585792,2843,33127.06994768449,21193.11474719386,6.37,2660.2,-0.00023442765086656436,30167.706316947937,0.34987579967128113,7.027975168000001e-06,0.97498333,4.08,0.25,0.28,0.16,0.31,,,,,
1853,7589888,2846,33366.69467275985,21400.223503254543,6.48,2658.33,-0.0006030032018315978,4781.557916998863,0.44417994614923373,7.026369536000001e-06,0.89778256,4.2,0.24,0.26,0.17,0.33,,,,,
1854,7593984,2848,32946.76935475673,21087.08763357864,6.41,2646.76,-0.00047790969438210595,2282.465653717518,0.3751597565715201,7.024763904e-06,0.9554845,4.14,0.25,0.26,0.16,0.33,,,,,
1855,7598080,2849,32542.57757447533,20821.814986583275,6.38,2624.4,-0.0013802035737171536,3310.9001619815826,0.3815440932230558,7.023158272e-06,0.96866214,4.13,0.26,0.25,0.16,0.33,,,,,
1856,7602176,2850,32902.22648261642,21048.509022717266,6.41,2648.12,-0.0029550593444582773,1322.054187297821,0.42224582843482494,7.02155264e-06,0.9866838,4.13,0.26,0.25,0.16,0.33,,,,,
1857,7606272,2850,32902.22648261642,21048.509022717266,6.41,2648.12,-0.00036033174637850607,13418.58596420288,0.34124712721677497,7.019947008000001e-06,0.97316813,4.13,0.26,0.25,0.16,0.33,,,,,
1858,7610368,2853,33069.32810820687,21112.737877529453,6.35,2674.54,-0.0006803277965445886,4981.734438300133,0.39046143187442794,7.018341376e-06,0.97127694,4.04,0.28,0.25,0.15,0.32,,,,,
1859,7614464,2853,33069.32810820687,21112.737877529453,6.35,2674.54,-0.0005196722468099324,5270.10389316082,0.3278807812894229,7.016735744e-06,0.98300135,4.04,0.28,0.25,0.15,0.32,,,,,
1860,7618560,2854,34186.532447821206,21805.13606823598,6.4,2750.9,-0.0007278934608621057,11038.124210834503,0.4072774507512804,7.015130112000001e-06,0.9820472,4.01,0.29,0.25,0.14,0.32,,,,,
1861,7622656,2855,34234.39913956202,21817.988997361077,6.4,2752.56,-0.0005905913531023543,3055.583108961582,0.3747852105880156,7.0135244800000006e-06,0.98524344,4.01,0.29,0.25,0.14,0.32,,,,,
1862,7626752,2856,34751.95795381183,22163.515771463783,6.45,2778.48,-0.0006310581356956391,12509.492513775826,0.35418409141129814,7.011918848e-06,0.9782829,4.03,0.28,0.26,0.14,0.32,,,,,
1863,7630848,2859,33105.2972566539,21118.07395507358,6.39,2700.59,-0.0008742610061744926,4055.540253818035,0.37663458101451397,7.010313216e-06,0.784358,4.04,0.29,0.26,0.13,0.32,,,,,
1864,7634944,2861,32770.89418900703,20890.344503345867,6.32,2683.07,-0.0017869062576210126,2670.4589371681213,0.4391482718056068,7.008707584000001e-06,0.9562068,3.99,0.3,0.26,0.12,0.32,,,,,
1865,7639040,2861,32770.89418900703,20890.344503345867,6.32,2683.07,-0.00017018388825817965,9009.422144293785,0.30976194061804563,7.0071019520000005e-06,0.9720635,3.99,0.3,0.26,0.12,0.32,,,,,
1866,7643136,2863,33360.158245680395,21248.854521067442,6.35,2722.38,-0.000573648554563988,10012.66484284401,0.41290861286688596,7.005496320000001e-06,0.961292,3.98,0.31,0.25,0.12,0.32,,,,,
1867,7647232,2865,33312.38589629626,21272.499306307425,6.41,2704.88,-0.0003050335726584308,13955.850649356842,0.35807376442244276,7.003890688000001e-06,0.9528509,4.06,0.3,0.25,0.11,0.34,,,,,
1868,7651328,2868,33519.94497082053,21459.67729690096,6.5,2710.51,-0.0005690967072951025,15129.210757017136,0.4148026222246699,7.002285056000001e-06,0.94745183,4.15,0.29,0.25,0.11,0.35,,,,,
1869,7655424,2869,33610.672309756446,21494.143370908583,6.47,2723.89,-0.0015077672114784946,2763.048746585846,0.3717771912633907,7.0006794240000005e-06,0.94761693,4.1,0.3,0.25,0.11,0.34,,,,,
1870,7659520,2871,33608.34563704344,21515.927542342582,6.5,2717.15,-0.0010274412979924819,9071.960973858833,0.3769425004720688,6.999073792e-06,0.9474993,4.13,0.29,0.26,0.11,0.34,,,,,
1871,7663616,2872,33619.56826792393,21504.448417194173,6.49,2717.98,-0.0005150071601747186,3064.8445529341698,0.41021165112033486,6.99746816e-06,0.9169259,4.12,0.29,0.26,0.11,0.34,,,,,
1872,7667712,2873,33091.56828618322,21158.23170056906,6.46,2684.49,-0.0004898281831628992,4398.3949509859085,0.37769420637050644,6.995862528000001e-06,0.97011244,4.12,0.29,0.26,0.11,0.34,,,,,
1873,7671808,2873,33091.56828618322,21158.23170056906,6.46,2684.49,-0.00033084183633036446,8502.385587453842,0.3100413123902399,6.9942568960000004e-06,0.9773816,4.12,0.29,0.26,0.11,0.34,,,,,
1874,7675904,2877,33280.41751980992,21320.287323167155,6.5,2681.24,-0.00038428222342190566,17604.29285287857,0.4401515922509134,6.992651264000001e-06,0.95619214,4.17,0.28,0.26,0.12,0.34,,,,,
1875,7680000,2878,33304.864686738525,21369.365186389514,6.53,2672.37,-0.0003215310916857561,23081.89417386055,0.4277913456899114,6.991045632000001e-06,0.93306285,4.22,0.28,0.25,0.12,0.35,31526.79090523274,20307.094322107576,6.733333333333333,2394.0333333333333,0.03333333333333333
1876,7684096,2880,32983.408799334604,21168.231195916356,6.57,2637.69,-0.0014783189053559909,7282.8802572488785,0.3784565698588267,6.989440000000001e-06,0.9834474,4.3,0.28,0.23,0.12,0.37,,,,,
1877,7688192,2881,32986.98659852238,21171.599063535705,6.58,2633.98,-0.0009512872475170298,2760.0969283282757,0.4389204365434125,6.987834368e-06,0.96707726,4.31,0.27,0.24,0.12,0.37,,,,,
1878,7692288,2883,33273.4069668388,21334.56765901003,6.53,2664.14,-0.0003133324189548148,6309.317448735237,0.41571929963538423,6.986228736e-06,0.9373144,4.23,0.28,0.24,0.12,0.36,,,,,
1879,7696384,2883,33273.4069668388,21334.56765901003,6.53,2664.14,-0.0006036861623215373,4671.591970741749,0.45033266145037487,6.984623104e-06,0.95971656,4.23,0.28,0.24,0.12,0.36,,,,,
1880,7700480,2884,33990.37966313182,21765.69465384355,6.56,2711.25,-0.0006800170467613498,3361.0661947727203,0.36174598886282183,6.983017472e-06,0.98380524,4.21,0.29,0.23,0.12,0.36,,,,,
1881,7704576,2885,34169.43517277989,21877.26940495961,6.57,2729.88,-0.0004398648925416637,8894.341639518738,0.3818721801508218,6.98141184e-06,0.9708453,4.2,0.3,0.22,0.12,0.36,,,,,
1882,7708672,2886,35095.55528656497,22491.728246246188,6.68,2763.06,-0.0002531294312575483,94982.51596260071,0.37766258080955595,6.979806208e-06,0.96425366,4.28,0.29,0.22,0.12,0.37,,,,,
1883,7712768,2886,35095.55528656497,22491.728246246188,6.68,2763.06,-0.00041720053559402004,6973.378771305084,0.38189789981697686,6.978200576000001e-06,0.97544014,4.28,0.29,0.22,0.12,0.37,,,,,
1884,7716864,2889,34887.778377829956,22366.11883864457,6.6,2765.37,-0.0005696632360923104,8181.574296951294,0.3918457278632559,6.9765949440000005e-06,0.9644373,4.19,0.3,0.22,0.13,0.35,,,,,
1885,7720960,2891,34619.443412411754,22191.693727822414,6.57,2746.79,-0.0005853100119566079,4159.68610560894,0.3999652225174941,6.974989312e-06,0.96466374,4.18,0.3,0.21,0.15,0.34,,,,,
1886,7725056,2895,33663.223503279456,21607.17878546532,6.63,2667.67,-0.0009383312972204294,4782.212539732456,0.40420602104859427,6.97338368e-06,0.9397548,4.33,0.28,0.21,0.15,0.36,,,,,
1887,7729152,2898,33147.21372123471,21317.581547475023,6.61,2636.32,-0.0007387909490716993,6511.750492811203,0.41102356612100266,6.971778048000001e-06,0.97954583,4.34,0.28,0.2,0.15,0.37,,,,,
1888,7733248,2898,33147.21372123471,21317.581547475023,6.61,2636.32,-0.0004850596851611044,3810.4119960069656,0.3836856136622373,6.9701724160000005e-06,0.9715828,4.34,0.28,0.2,0.15,0.37,,,,,
1889,7737344,2900,33722.62250164641,21690.240518688388,6.65,2671.88,-0.0006254166282815277,6980.831694841385,0.34570817230269313,6.968566784000001e-06,0.9770407,4.34,0.28,0.2,0.15,0.37,,,,,
1890,7741440,2901,33405.51130227523,21482.59846570725,6.62,2651.88,-0.0006192184073370299,3317.9915328621864,0.45690509025007486,6.966961152000001e-06,0.9246161,4.33,0.29,0.19,0.15,0.37,,,,,
1891,7745536,2902,33142.542710864946,21328.480299036673,6.6,2640.48,-0.0006651143667113502,3261.8241329193115,0.3512711077055428,6.965355520000001e-06,0.9699634,4.32,0.3,0.18,0.15,0.37,,,,,
1892,7749632,2903,33853.18085335352,21775.296276775698,6.59,2698.14,-0.00041134943239740096,6605.588515460491,0.34199569924385287,6.9637498880000005e-06,0.96667296,4.25,0.31,0.18,0.15,0.36,,,,,
1893,7753728,2904,33931.300549573294,21801.040627258593,6.57,2705.72,-0.00039017888957459945,7377.242130637169,0.3744351186323911,6.962144256e-06,0.97645974,4.22,0.31,0.18,0.16,0.35,,,,,
1894,7757824,2905,34188.76549198812,21947.705743133985,6.52,2731.57,-0.0016816056522657163,2840.801284313202,0.3487789784267079,6.960538624e-06,0.91337496,4.14,0.32,0.18,0.16,0.34,,,,,
1895,7761920,2905,34188.76549198812,21947.705743133985,6.52,2731.57,-0.0009587617387296632,5358.273569762707,0.3619742715382017,6.958932992e-06,0.97730875,4.14,0.32,0.18,0.16,0.34,,,,,
1896,7766016,2907,34880.18623814175,22382.46413056601,6.53,2780.45,-0.0016652734948365833,4746.793961048126,0.4345016010920517,6.9573273600000004e-06,0.94808733,4.1,0.33,0.18,0.15,0.34,,,,,
1897,7770112,2909,35076.56466161218,22493.04967197106,6.49,2798.87,-0.0013706715126318159,2737.992979824543,0.37436242040712386,6.955721728e-06,0.94023347,4.04,0.33,0.2,0.14,0.33,,,,,
1898,7774208,2911,35421.780148125494,22715.345668170066,6.5,2836.83,-0.00030854675287628197,8868.936321496964,0.3866482691373676,6.954116096000001e-06,0.9390622,4.02,0.34,0.19,0.14,0.33,,,,,
1899,7778304,2911,35421.780148125494,22715.345668170066,6.5,2836.83,-0.0003666132724902127,6287.103195428848,0.3473308070679195,6.952510464000001e-06,0.9754664,4.02,0.34,0.19,0.14,0.33,,,,,
1900,7782400,2913,35628.65255320554,22831.442284876925,6.47,2843.38,-0.0006439316739488277,5827.028361558914,0.3421719776815735,6.950904832e-06,0.9879506,3.98,0.36,0.18,0.13,0.33,34727.20559082335,22422.981114278075,6.933333333333334,2655.8,0.03333333333333333
1901,7786496,2914,35806.88022867844,22912.706876393408,6.42,2856.37,-0.0014773285874980502,8088.109658718109,0.3621594055730384,6.9492992e-06,0.94553787,3.91,0.36,0.19,0.13,0.32,,,,,
1902,7790592,2915,36303.37750080489,23257.264259432806,6.48,2869.55,-0.00041524204061715864,14543.660613298416,0.39413860184140503,6.947693568000001e-06,0.96105987,3.96,0.35,0.19,0.13,0.33,,,,,
1903,7794688,2917,36390.185858447316,23251.986567133055,6.45,2873.93,-0.0009780028058230528,6672.2400791049,0.4207714690710418,6.946087936e-06,0.96582216,3.93,0.35,0.2,0.13,0.32,,,,,
1904,7798784,2918,36255.61133986875,23126.98628073779,6.4,2875.07,-0.000715460811079538,2810.108712166548,0.3732514983857982,6.944482304000001e-06,0.9794708,3.88,0.35,0.21,0.13,0.31,,,,,
1905,7802880,2921,34872.9506127455,22268.860609831077,6.34,2771.34,-0.0009473621139477473,1853.9223741292953,0.4367232013028115,6.942876672000001e-06,0.96910095,3.93,0.33,0.22,0.14,0.31,,,,,
1906,7806976,2921,34872.9506127455,22268.860609831077,6.34,2771.34,-0.0010702350173232844,2972.4126685261726,0.35635910858400166,6.941271040000001e-06,0.9627484,3.93,0.33,0.22,0.14,0.31,,,,,
1907,7811072,2923,34290.9519705476,21884.33034133193,6.27,2753.17,-0.00040977809112519026,5239.622786641121,0.38887899596011266,6.9396654080000005e-06,0.97379094,3.87,0.35,0.21,0.14,0.3,,,,,
1908,7815168,2925,34081.79621928658,21737.763071417456,6.3,2733.66,-0.0013967946097181994,2140.911015957594,0.3679760859522503,6.938059776e-06,0.946,3.92,0.35,0.21,0.13,0.31,,,,,
1909,7819264,2929,32885.35288200105,20993.582139926075,6.33,2658.49,-0.00023705988360234187,12515.476165533066,0.45712135318899527,6.936454144e-06,0.89463234,4.03,0.34,0.2,0.13,0.33,,,,,
1910,7823360,2929,32885.35288200105,20993.582139926075,6.33,2658.49,-0.0010021489806604222,2490.5547692775726,0.3479130010236986,6.934848512000001e-06,0.9729455,4.03,0.34,0.2,0.13,0.33,,,,,
1911,7827456,2930,33479.12924842743,21371.51579322964,6.37,2704.53,-0.0005040248333898489,11522.58887386322,0.36006130825262517,6.9332428800000005e-06,0.96539634,4.02,0.35,0.19,0.13,0.33,,,,,
1912,7831552,2931,33976.17310168052,21702.661874624282,6.35,2737.86,-0.0009969532511604484,3759.9695188999176,0.3960801893263124,6.931637248e-06,0.9801245,3.97,0.35,0.19,0.14,0.32,,,,,
1913,7835648,2932,34639.60236016483,22125.32719233887,6.39,2780.45,-0.0004309990890760673,5371.360818326473,0.35089782788418233,6.930031616000001e-06,0.985483,3.96,0.35,0.19,0.14,0.32,,,,,
1914,7839744,2934,35041.72634519073,22379.341182887383,6.29,2821.6,-0.0008875431503838627,5673.472403645515,0.37999238865450025,6.928425984000001e-06,0.94439447,3.81,0.36,0.2,0.14,0.3,,,,,
1915,7843840,2936,34013.752506337965,21727.34336305895,6.26,2742.55,-0.000509963526383217,7233.649841785431,0.40011478977976367,6.9268203520000005e-06,0.89278483,3.87,0.35,0.2,0.14,0.31,,,,,
1916,7847936,2939,33976.97788213463,21720.52426295719,6.26,2741.79,-0.0006745769323970308,5956.624310314655,0.36470994050614536,6.92521472e-06,0.94640857,3.88,0.34,0.22,0.14,0.3,,,,,
1917,7852032,2939,33976.97788213463,21720.52426295719,6.26,2741.79,-0.0005834371895616641,3312.594150662422,0.33404388098279014,6.923609088e-06,0.98288643,3.88,0.34,0.22,0.14,0.3,,,,,
1918,7856128,2939,33976.97788213463,21720.52426295719,6.26,2741.79,-0.0006945799386812723,9914.61722934246,0.3297323242004495,6.922003456e-06,0.9821133,3.88,0.34,0.22,0.14,0.3,,,,,
1919,7860224,2940,34766.063126310415,22196.397939802282,6.28,2790.64,-0.0003126191522824229,9336.636810600758,0.3674504982482176,6.920397824e-06,0.9804988,3.84,0.35,0.22,0.13,0.3,,,,,
1920,7864320,2942,35274.854534360726,22532.48410083482,6.32,2821.57,-0.00022282908867055085,13721.136764287949,0.3614953761571087,6.918792192e-06,0.96427,3.85,0.35,0.22,0.13,0.3,,,,,
1921,7868416,2944,34801.28631642823,22202.516264495007,6.24,2811.96,-0.000607487259003392,5280.085000395775,0.4065008094185032,6.917186560000001e-06,0.87673384,3.77,0.36,0.22,0.13,0.29,,,,,
1922,7872512,2945,34919.03708329431,22268.745227199564,6.23,2825.76,-0.0006102513798396103,2229.384033679962,0.387348324758932,6.915580928000001e-06,0.94750935,3.74,0.37,0.22,0.12,0.29,,,,,
1923,7876608,2947,35365.97008991316,22549.896411615773,6.27,2856.54,-0.0006519469079648843,13428.944417238235,0.47058106039185077,6.913975296e-06,0.9552751,3.75,0.37,0.22,0.12,0.29,,,,,
1924,7880704,2949,35663.42982855139,22773.844135637963,6.28,2864.13,-0.0010852014493138995,6763.624672412872,0.41826228151330724,6.912369664e-06,0.98211503,3.76,0.36,0.23,0.12,0.29,,,,,
1925,7884800,2950,35375.735283178445,22598.088171239822,6.26,2845.16,-0.0015532673041889211,3601.4218598008156,0.4308040825999342,6.910764032000001e-06,0.9325343,3.76,0.36,0.23,0.12,0.29,26307.657936252068,16793.90071882323,6.466666666666667,2211.2,0.0
1926,7888896,2952,34373.148436594514,21962.688510495642,6.22,2781.02,-0.00034470472746761516,11084.30738890171,0.44671891879988834,6.9091584000000006e-06,0.9758123,3.79,0.35,0.23,0.13,0.29,,,,,
1927,7892992,2954,33694.892096499905,21542.143861148394,6.16,2729.49,-0.0014628042372351047,3028.358583033085,0.4234037737478502,6.907552768000001e-06,0.94190955,3.79,0.34,0.24,0.13,0.29,,,,,
1928,7897088,2955,34203.73992827675,21835.991835423083,6.15,2773.24,-0.0007455704180756584,3245.903720319271,0.3599661784537602,6.905947136000001e-06,0.99161994,3.73,0.35,0.24,0.13,0.28,,,,,
1929,7901184,2957,33423.87787168855,21306.96779686467,6.06,2734.8,-0.000982390026365465,5013.504737317562,0.3859401069348678,6.904341504000001e-06,0.94806975,3.67,0.36,0.23,0.14,0.27,,,,,
1930,7905280,2958,33394.4134359786,21304.677073221752,6.06,2732.94,-0.0006786315061617643,5197.187356352806,0.35223285693791695,6.9027358720000005e-06,0.98127353,3.67,0.36,0.23,0.14,0.27,,,,,
1931,7909376,2958,33394.4134359786,21304.677073221752,6.06,2732.94,-0.000689259634782502,84677.37808299065,0.3476584930322133,6.90113024e-06,0.97408015,3.67,0.36,0.23,0.14,0.27,,,,,
1932,7913472,2960,35479.18613685093,22653.245948481577,6.15,2816.8,-0.00018127590101357782,218518.61978435516,0.37250030192080885,6.899524608e-06,0.9442149,3.68,0.35,0.23,0.15,0.27,,,,,
1933,7917568,2961,35747.30598841209,22811.46368827819,6.17,2841.82,-0.0006619131545448909,4614.161988914013,0.38892289259820245,6.897918976e-06,0.9644885,3.67,0.36,0.22,0.15,0.27,,,,,
1934,7921664,2962,35436.99053419456,22622.183845145257,6.17,2811.4,-0.0013288984537211945,9666.770732879639,0.402298939821776,6.8963133440000005e-06,0.97983503,3.7,0.35,0.22,0.16,0.27,,,,,
1935,7925760,2962,35436.99053419456,22622.183845145257,6.17,2811.4,-0.000953161532379454,6929.174632012844,0.37121896242024377,6.894707712e-06,0.982764,3.7,0.35,0.22,0.16,0.27,,,,,
1936,7929856,2963,36273.62862880137,23152.086702155462,6.2,2864.23,-0.0014426726120291278,3740.1791232824326,0.37188802007585764,6.893102080000001e-06,0.9802568,3.68,0.35,0.23,0.15,0.27,,,,,
1937,7933952,2964,36165.265116810035,23062.829218740244,6.16,2865.18,-0.0005232447856542422,3250.6347944140434,0.37726111328811385,6.891496448000001e-06,0.96853554,3.64,0.35,0.24,0.15,0.26,,,,,
1938,7938048,2965,36894.734796675635,23492.177964760805,6.16,2920.24,-0.0005462959707074333,9593.384644985199,0.362695249641547,6.8898908160000004e-06,0.9795412,3.58,0.36,0.24,0.15,0.25,,,,,
1939,7942144,2966,36603.65939963209,23319.365041947472,6.14,2906.96,-0.0004983366170563386,5934.242402136326,0.3930840587709099,6.888285184e-06,0.9464276,3.57,0.36,0.25,0.14,0.25,,,,,
1940,7946240,2968,37142.15914533447,23597.976596140288,6.09,2951.55,-0.001052937152053346,2059.590507507324,0.401840731210541,6.886679552000001e-06,0.96350014,3.46,0.38,0.24,0.14,0.24,,,,,
1941,7950336,2971,36893.28334975127,23455.484070226634,6.1,2919.54,-0.0003694274937515729,18342.025623083115,0.4182325963047333,6.88507392e-06,0.94772816,3.52,0.37,0.23,0.15,0.25,,,,,
1942,7954432,2972,37034.41103482688,23552.624945525775,6.12,2929.48,-0.0009074939698621165,3304.400369644165,0.38478242853307165,6.883468288000001e-06,0.9430668,3.53,0.37,0.23,0.15,0.25,,,,,
1943,7958528,2973,36903.99712683994,23490.064672445562,6.11,2922.21,-0.00034601145671331324,4058.379336953163,0.360658046673052,6.881862656000001e-06,0.87866443,3.53,0.37,0.23,0.15,0.25,,,,,
1944,7962624,2974,36326.20237044737,23129.33691841663,6.08,2897.21,-0.001028269582093344,7347.873708546162,0.35662835839320906,6.880257024000001e-06,0.96357036,3.53,0.37,0.23,0.15,0.25,,,,,
1945,7966720,2974,36326.20237044737,23129.33691841663,6.08,2897.21,-0.0005088393763799104,2563.8182987570763,0.33185280207544565,6.878651392000001e-06,0.9878632,3.53,0.37,0.23,0.15,0.25,,,,,
1946,7970816,2976,37305.77953788416,23688.643431478646,6.06,2971.31,-0.001224151825226727,4033.3271344304085,0.3962619789526798,6.87704576e-06,0.9696871,3.43,0.38,0.24,0.14,0.24,,,,,
1947,7974912,2977,37614.63982184139,23890.4598667104,6.08,2991.26,-0.0012895372365164803,3312.6683481931686,0.415366372151766,6.875440128e-06,0.98401964,3.43,0.38,0.24,0.14,0.24,,,,,
1948,7979008,2978,37652.28293700145,23886.746203671257,6.05,3005.56,-0.0005856473471794743,5151.886335015297,0.3670549248345196,6.873834496e-06,0.9794022,3.37,0.39,0.24,0.14,0.23,,,,,
1949,7983104,2979,37682.70759012245,23903.304179233313,6.02,3021.69,-0.0007140574743971229,2136.1858303248882,0.3670640444033779,6.8722288640000006e-06,0.97442937,3.32,0.4,0.24,0.14,0.22,,,,,
1950,7987200,2981,37358.02553860244,23667.61918272131,5.94,3013.92,-0.0013245967547845794,3663.152215242386,0.38961779317469336,6.870623232e-06,0.9308375,3.24,0.42,0.23,0.14,0.21,32728.821438638446,21100.85663761169,6.666666666666667,2380.233333333333,0.1
1951,7991296,2982,36994.46256998734,23445.606551433517,5.95,2979.92,-0.0008988419904198963,6518.531634688377,0.3893806900305208,6.869017600000001e-06,0.97682834,3.29,0.41,0.23,0.14,0.22,,,,,
1952,7995392,2983,37598.55166292526,23838.608790637045,5.99,3012.4,-0.0008759312331676483,4479.924421072006,0.3856877663638443,6.867411968000001e-06,0.98577917,3.3,0.41,0.22,0.15,0.22,,,,,
1953,7999488,2986,35662.210811340374,22588.765145922775,5.88,2902.83,-0.0012894934297946747,3042.8126735687256,0.41156562726246193,6.8658063360000005e-06,0.97139174,3.3,0.4,0.23,0.15,0.22,,,,,
1954,8003584,2987,35266.79827661599,22328.920737914224,5.85,2878.91,-0.0007349556799454149,3292.7698791623116,0.3799566498491913,6.864200704e-06,0.94957376,3.3,0.4,0.23,0.15,0.22,,,,,
1955,8007680,2988,35521.93354718933,22483.696876786787,5.86,2904.61,-0.0007426708689308725,5914.614974677563,0.40218109139823355,6.862595072e-06,0.969291,3.28,0.41,0.22,0.15,0.22,,,,,
1956,8011776,2989,35610.50885447219,22523.927109388296,5.85,2912.06,-0.0005444828821055125,21397.96338391304,0.3517217454209458,6.86098944e-06,0.97606933,3.26,0.41,0.23,0.14,0.22,,,,,
1957,8015872,2990,36821.8547202791,23314.29142614903,5.93,2964.35,-0.0002480306275174371,84079.6480641365,0.4028955341200344,6.8593838080000005e-06,0.9660012,3.29,0.41,0.23,0.13,0.23,,,,,
1958,8019968,2991,37112.408129741816,23518.69858084506,5.95,2980.07,-0.0006167926294438075,3279.3586332798004,0.34330998026416637,6.857778176e-06,0.98581064,3.29,0.41,0.23,0.13,0.23,,,,,
1959,8024064,2992,37382.247635544205,23699.752118037082,5.97,2993.77,-0.0004990363277102006,3697.3590386509895,0.3621787496958859,6.856172544000001e-06,0.97851735,3.3,0.4,0.24,0.13,0.23,,,,,
1960,8028160,2994,37751.774186904644,23898.14945519038,5.92,3027.41,-0.0010439269626658643,2459.996833652258,0.40132273553172126,6.854566912000001e-06,0.96962374,3.21,0.41,0.24,0.13,0.22,,,,,
1961,8032256,2995,37884.86422038912,23982.8290597975,5.88,3043.65,-0.0006333757846732624,7999.925143957138,0.38488757220329717,6.8529612800000004e-06,0.9833642,3.15,0.42,0.24,0.13,0.21,,,,,
1962,8036352,2996,39032.283823312006,24728.670458863042,5.97,3088.52,-0.00043509969873412047,50064.0918507576,0.3205309845507145,6.851355648e-06,0.9711272,3.2,0.41,0.24,0.13,0.22,,,,,
1963,8040448,2998,39117.90581827008,24743.925295701105,5.95,3109.86,-0.0011611204954533605,8763.463228106499,0.39630181752727367,6.849750016000001e-06,0.90603423,3.16,0.42,0.24,0.13,0.21,,,,,
1964,8044544,2999,38340.080238851195,24264.8715114107,5.92,3052.37,-0.00059687985049095,4733.930320680141,0.33858929364942014,6.848144384000001e-06,0.9651022,3.19,0.41,0.24,0.14,0.21,,,,,
1965,8048640,3001,38879.442113724865,24589.911870974996,5.9,3092.56,-0.0007793277018208755,1756.524734199047,0.39089617907302454,6.846538752000001e-06,0.9508087,3.13,0.41,0.25,0.14,0.2,,,,,
1966,8052736,3003,37935.14631571347,24005.846620167078,5.84,3020.39,-0.00030804173820797587,2754.67898234725,0.37536565368645824,6.844933120000001e-06,0.79945767,3.15,0.4,0.26,0.14,0.2,,,,,
1967,8056832,3005,37795.08471272132,23903.77128193734,5.85,3011.27,-0.0006983466437304742,6259.069488167763,0.39882161340210587,6.843327488000001e-06,0.91322964,3.17,0.4,0.26,0.13,0.21,,,,,
1968,8060928,3006,37293.826531972736,23601.158904689168,5.85,2970.76,-0.0005560894860536791,5563.515718102455,0.3429806331405416,6.841721856000001e-06,0.97591823,3.22,0.39,0.26,0.13,0.22,,,,,
1969,8065024,3007,37386.470480587326,23649.856326715955,5.86,2978.23,-0.0008985396789285005,1712.8516916632652,0.3683330113708507,6.840116224e-06,0.97097397,3.22,0.39,0.26,0.13,0.22,,,,,
1970,8069120,3009,37940.81371509346,24003.85466300683,5.91,3019.7,-0.0003296922077424824,8178.7639681100845,0.3473482446279377,6.838510592e-06,0.95848227,3.23,0.4,0.24,0.14,0.22,,,,,
1971,8073216,3011,37662.91161756619,23817.85983463807,5.86,3001.41,-0.0016800543726276373,3125.0123557448387,0.394964242761489,6.83690496e-06,0.7799388,3.2,0.41,0.24,0.13,0.22,,,,,
1972,8077312,3011,37662.91161756619,23817.85983463807,5.86,3001.41,-0.0016390709952247562,4082.4609567523003,0.42748513590777293,6.8352993280000005e-06,0.97567475,3.2,0.41,0.24,0.13,0.22,,,,,
1973,8081408,3013,37280.27579952014,23591.950269159413,5.9,2984.11,-0.0007885034683567937,6548.597473025322,0.3772820937738288,6.833693696e-06,0.9799285,3.26,0.4,0.24,0.13,0.23,,,,,
1974,8085504,3015,37086.28107693416,23465.946534078503,5.89,2965.15,-0.00042761625263665337,11216.351468920708,0.4588840827345848,6.832088064000001e-06,0.9834448,3.27,0.4,0.24,0.13,0.23,,,,,
1975,8089600,3015,37086.28107693416,23465.946534078503,5.89,2965.15,-0.0005577117726716097,3344.6186553239822,0.3605128040362615,6.830482432000001e-06,0.98820186,3.27,0.4,0.24,0.13,0.23,26710.656358268112,17181.668378421135,6.433333333333334,2141.2,0.1
1976,8093696,3017,37331.0351774756,23620.499963137278,5.89,2989.54,-0.0008137814388646802,4226.761072576046,0.3645287848485168,6.8288768000000005e-06,0.940796,3.23,0.41,0.24,0.12,0.23,,,,,
1977,8097792,3018,37510.06770847317,23730.496236148178,5.89,3008.61,-0.0007927942824608181,1697.566301226616,0.4042608680902049,6.827271168e-06,0.9753368,3.21,0.42,0.23,0.12,0.23,,,,,
1978,8101888,3019,37362.10422676932,23683.739221339376,5.94,2993.0,-0.00044723657902068226,11772.843407392502,0.3830528224934824,6.825665536e-06,0.9543446,3.28,0.42,0.22,0.12,0.24,,,,,
1979,8105984,3022,37108.778114170476,23515.126972079022,5.93,2970.3,-0.0010330294117011363,2200.217058956623,0.4005535722244531,6.824059904e-06,0.9741311,3.29,0.42,0.22,0.12,0.24,,,,,
1980,8110080,3023,37197.08655654848,23566.965035837147,5.94,2976.58,-0.0007598244974360568,3531.2295801639557,0.4201742777368054,6.822454272000001e-06,0.9644742,3.29,0.42,0.22,0.12,0.24,,,,,
1981,8114176,3024,37469.20788405804,23740.620870933704,5.96,2996.09,-0.00042406491957081016,6460.445535182953,0.4049823001259938,6.820848640000001e-06,0.97028065,3.29,0.42,0.22,0.12,0.24,,,,,
1982,8118272,3026,37820.302656492844,24017.958692074375,6.0,3003.62,-0.0006344885423459345,12840.806831240654,0.3493633574107662,6.819243008000001e-06,0.9744907,3.32,0.41,0.22,0.13,0.24,,,,,
1983,8122368,3027,38024.69072699309,24125.035873997193,5.97,3027.55,-0.0010548138106969418,3351.381960451603,0.37187371641630307,6.817637376000001e-06,0.9585323,3.26,0.42,0.22,0.13,0.23,,,,,
1984,8126464,3029,38532.373247345946,24412.673277048594,5.92,3069.38,-0.0011683673701554653,3260.5214611291885,0.3886440433561802,6.8160317440000004e-06,0.9691277,3.16,0.43,0.22,0.14,0.21,,,,,
1985,8130560,3030,38248.203019981316,24258.879468946263,5.94,3039.13,-0.0007842013783374568,7318.348475933075,0.43711700465064496,6.814426112e-06,0.97773284,3.22,0.42,0.22,0.14,0.22,,,,,
1986,8134656,3033,36956.11641146819,23441.31918098276,5.91,2955.46,-0.0005738352547268732,5708.434846043587,0.41664362460142,6.81282048e-06,0.9527339,3.28,0.42,0.22,0.13,0.23,,,,,
1987,8138752,3034,37249.09627415642,23640.852368151438,5.95,2967.72,-0.0008550359907530947,6805.642719626427,0.4611475696437992,6.811214848000001e-06,0.9676093,3.31,0.42,0.21,0.14,0.23,,,,,
1988,8142848,3035,37848.76792166097,24013.17291101888,5.99,3009.24,-0.0003586439297578181,13485.347143530846,0.43314160604495555,6.809609216e-06,0.8430221,3.31,0.42,0.21,0.14,0.23,,,,,
1989,8146944,3036,38004.76603284993,24112.427868149665,5.95,3029.86,-0.0008611117282271152,6106.1062180399895,0.38223928812658414,6.808003584000001e-06,0.92639023,3.25,0.43,0.21,0.14,0.22,,,,,
1990,8151040,3038,37976.46030802829,24110.286696413914,5.95,3023.33,-0.0004856021096202312,7402.823771119118,0.3602880029648077,6.806397952000001e-06,0.9765639,3.26,0.43,0.2,0.14,0.23,,,,,
1991,8155136,3040,37573.2359457441,23900.198110918547,5.99,2981.53,-0.00022675027230434353,30121.056812524796,0.41510005039162934,6.8047923200000006e-06,0.9700223,3.35,0.42,0.19,0.14,0.25,,,,,
1992,8159232,3041,37140.689762859365,23624.86436638409,5.94,2958.4,-0.0008477755891362904,3228.6416046619415,0.3733249312499538,6.803186688e-06,0.88997567,3.33,0.43,0.18,0.14,0.25,,,,,
1993,8163328,3042,37802.29970015924,24010.30548268133,5.93,3007.99,-0.0003632695679698372,6834.335384845734,0.34870854747714475,6.801581056e-06,0.98485595,3.26,0.44,0.18,0.14,0.24,,,,,
1994,8167424,3043,37594.721710901955,23843.12496001954,5.87,3005.58,-0.0009350915206596255,3961.5092072486877,0.40862751530949026,6.799975424e-06,0.9780452,3.2,0.45,0.18,0.14,0.23,,,,,
1995,8171520,3046,37259.048709083705,23659.433189929,5.9,2963.93,-0.00044635982976615196,18882.405332684517,0.45681747124763206,6.7983697920000005e-06,0.42340767,3.28,0.43,0.18,0.16,0.23,,,,,
1996,8175616,3047,37615.46102739354,23870.97039649753,5.9,2981.16,-0.0005052662718298961,6233.572485566139,0.39335715357447043,6.79676416e-06,0.98062265,3.26,0.43,0.18,0.16,0.23,,,,,
1997,8179712,3049,37680.531243510246,23908.148324197537,5.9,2987.69,-0.0005924637480347883,14931.627658605576,0.36199091852176934,6.795158528000001e-06,0.9510289,3.25,0.43,0.18,0.16,0.23,,,,,
1998,8183808,3049,37680.531243510246,23908.148324197537,5.9,2987.69,-0.0005207461945246905,5565.521719753742,0.37474135126103647,6.793552896000001e-06,0.9833336,3.25,0.43,0.18,0.16,0.23,,,,,
1999,8187904,3050,38424.34845832842,24379.00310497728,5.96,3018.34,-0.0005348942395357881,8954.842343688011,0.37407426349818707,6.7919472640000005e-06,0.981294,3.29,0.42,0.18,0.17,0.23,,,,,
2000,8192000,3053,38491.634864553474,24435.38583960324,5.96,3022.84,-0.0005465908916448825,13260.448203086853,0.4823281432618387,6.790341632e-06,0.8836135,3.28,0.41,0.19,0.18,0.22,34871.48667204335,22198.361942138527,6.866666666666666,2645.366666666667,0.06666666666666667
2001,8196096,3054,38489.42331764116,24455.57360444128,6.01,3024.3,-0.0004529208017629571,8331.845321178436,0.3671156288473867,6.788736e-06,0.8733842,3.33,0.41,0.18,0.18,0.23,,,,,
2002,8200192,3055,38288.30673916813,24343.21172335051,6.0,3014.9,-0.0013153554900782183,5880.731893956661,0.40745581086957827,6.787130368000001e-06,0.9683249,3.33,0.41,0.18,0.18,0.23,,,,,
2003,8204288,3059,36025.72814184114,22898.31399905662,5.91,2910.31,-0.0004958523932145908,7812.883459806442,0.3966410380671732,6.7855247360000005e-06,0.8347758,3.35,0.4,0.19,0.18,0.23,,,,,
2004,8208384,3063,34364.5002169073,21852.790654224496,5.8,2806.25,-0.0007421075679303613,4542.733944296837,0.4098444770788774,6.783919104000001e-06,0.92995954,3.34,0.4,0.2,0.17,0.23,,,,,
2005,8212480,3066,33163.563573735926,21109.74738478326,5.77,2721.88,-0.0006961301278352039,7303.513762354851,0.4449440850876272,6.782313472000001e-06,0.8950659,3.41,0.39,0.2,0.17,0.24,,,,,
2006,8216576,3068,33043.2310595668,21087.19125700275,5.87,2694.88,-0.0009524705928924959,12184.196077346802,0.36854276320082135,6.780707840000001e-06,0.9570246,3.55,0.37,0.2,0.17,0.26,,,,,
2007,8220672,3069,33196.741752419795,21153.793660206502,5.84,2717.24,-0.0012504047535912832,3327.5897294282913,0.3723070469859522,6.779102208e-06,0.97790545,3.49,0.38,0.2,0.17,0.25,,,,,
2008,8224768,3070,33404.2387165033,21283.265154463632,5.81,2738.73,-0.0006193926692503737,5923.763377070427,0.3615232205193024,6.777496576e-06,0.9615749,3.43,0.39,0.2,0.17,0.24,,,,,
2009,8228864,3072,33497.030659389566,21344.475044530704,5.82,2747.02,-0.0005832427414134145,6373.185638308525,0.39390833221841604,6.775890944e-06,0.77860165,3.43,0.4,0.19,0.16,0.25,,,,,
2010,8232960,3073,33590.343937866164,21398.04512511628,5.84,2745.01,-0.0008260998429250321,3174.7258900403976,0.43467342609073967,6.774285312000001e-06,0.9692903,3.45,0.39,0.2,0.16,0.25,,,,,
2011,8237056,3073,33590.343937866164,21398.04512511628,5.84,2745.01,-0.0003441309563640971,5865.083339333534,0.32943403790704906,6.77267968e-06,0.9877789,3.45,0.39,0.2,0.16,0.25,,,,,
2012,8241152,3075,33501.99443618589,21358.64112614762,5.82,2723.03,-0.001364363302855054,6063.790161430836,0.3696580500109121,6.771074048000001e-06,0.97897536,3.45,0.39,0.2,0.16,0.25,,,,,
2013,8245248,3075,33501.99443618589,21358.64112614762,5.82,2723.03,-0.0018881376054196153,1914.0281664729118,0.4148298019426875,6.769468416000001e-06,0.98333323,3.45,0.39,0.2,0.16,0.25,,,,,
2014,8249344,3075,33501.99443618589,21358.64112614762,5.82,2723.03,-0.0007720906469330657,6830.2693157196045,0.410413963109022,6.7678627840000006e-06,0.9891178,3.45,0.39,0.2,0.16,0.25,,,,,
2015,8253440,3076,35160.20161846019,22401.740847950707,5.9,2810.39,-0.001032873074109375,33994.229714512825,0.3508337647363078,6.766257152e-06,0.98057866,3.45,0.39,0.2,0.16,0.25,,,,,
2016,8257536,3077,35235.519084593056,22424.953297481392,5.88,2824.6,-0.0007200228556030197,3067.118832230568,0.34419739741133526,6.76465152e-06,0.9769822,3.41,0.4,0.2,0.15,0.25,,,,,
2017,8261632,3077,35235.519084593056,22424.953297481392,5.88,2824.6,-0.0015718944405307411,4489.460587501526,0.42271661036647856,6.763045888e-06,0.9415115,3.41,0.4,0.2,0.15,0.25,,,,,
2018,8265728,3080,34949.10156806722,22250.080135523727,5.9,2793.85,-0.00047865700980764814,5059.139459967613,0.3687464043905493,6.761440256000001e-06,0.9775374,3.48,0.39,0.2,0.15,0.26,,,,,
2019,8269824,3080,34949.10156806722,22250.080135523727,5.9,2793.85,-0.0003869321571983164,5819.490052372217,0.36504252642043866,6.759834624e-06,0.9859913,3.48,0.39,0.2,0.15,0.26,,,,,
2020,8273920,3083,34832.358461743155,22142.430148420674,5.95,2783.43,-0.000168948638929578,6768.820738554001,0.3302945959731005,6.758228992e-06,0.9382351,3.54,0.38,0.21,0.14,0.27,,,,,
2021,8278016,3085,35011.405435718305,22268.706401479343,5.96,2799.02,-0.001172793442492548,7480.161681175232,0.44864358473569155,6.756623360000001e-06,0.9524392,3.54,0.38,0.21,0.14,0.27,,,,,
2022,8282112,3085,35011.405435718305,22268.706401479343,5.96,2799.02,-0.0007420676356559852,5654.922639429569,0.3645758338680025,6.7550177280000005e-06,0.9861092,3.54,0.38,0.21,0.14,0.27,,,,,
2023,8286208,3087,35790.882660673924,22768.082638654843,6.02,2840.76,-0.0014399149713426596,6195.469334363937,0.4104196718544699,6.753412096e-06,0.98231465,3.56,0.37,0.22,0.14,0.27,,,,,
2024,8290304,3088,35676.37697205842,22705.944647230473,6.01,2832.9,-0.0004628605756806792,31306.42421913147,0.4173230699962005,6.751806464e-06,0.9569053,3.56,0.37,0.22,0.14,0.27,,,,,
2025,8294400,3091,34331.74983615221,21823.84557077421,5.92,2773.16,-0.0009846696548265754,3886.9774702191353,0.39624034927692264,6.750200832000001e-06,0.89715755,3.53,0.38,0.22,0.13,0.27,33524.07109782448,21640.880396431334,6.866666666666666,2637.733333333333,0.06666666666666667
2026,8298496,3092,33773.35425257132,21466.411311051277,5.87,2737.66,-0.0005783193391835084,4063.6512040495872,0.4356381086399779,6.7485952000000004e-06,0.9718568,3.52,0.39,0.21,0.13,0.27,,,,,
2027,8302592,3093,34068.97443935468,21668.659561109424,5.9,2752.51,-0.0007124472413124749,4304.566143989563,0.38943485970958136,6.746989568000001e-06,0.97732204,3.54,0.38,0.22,0.13,0.27,,,,,
2028,8306688,3096,33145.85188666724,21092.173787001942,5.9,2705.64,-0.0004271908528608037,14839.843410253525,0.3953357469290495,6.745383936000001e-06,0.9654973,3.59,0.37,0.22,0.14,0.27,,,,,
2029,8310784,3098,33145.2511412112,21082.877923897773,5.9,2694.36,-0.0006460667709689005,3750.235850274563,0.3704738577653188,6.743778304000001e-06,0.9826624,3.6,0.36,0.23,0.14,0.27,,,,,
2030,8314880,3101,32703.32477196221,20800.34829226429,5.9,2652.62,-0.000974172638507298,6967.444081783295,0.39419482776429504,6.742172672e-06,0.8830949,3.64,0.36,0.22,0.14,0.28,,,,,
2031,8318976,3103,32883.94905415973,20899.037854077797,5.9,2668.29,-0.002032322361628758,3731.613993167877,0.4243905949697364,6.74056704e-06,0.94774663,3.62,0.37,0.21,0.14,0.28,,,,,
2032,8323072,3105,32813.16652245769,20884.52775776206,5.94,2662.72,-0.0004977870066795731,8765.298609137535,0.4422933164751157,6.738961408e-06,0.949008,3.67,0.36,0.22,0.14,0.28,,,,,
2033,8327168,3106,32796.569508746004,20857.848526874703,5.91,2672.3,-0.0008790710917310207,4404.72418576479,0.39639205497223884,6.737355776000001e-06,0.96157014,3.62,0.37,0.22,0.14,0.27,,,,,
2034,8331264,3109,32522.698687111348,20731.88192269928,5.99,2624.1,-0.0004912275180686265,22865.404941558838,0.40590337809408084,6.735750144e-06,0.9798466,3.75,0.35,0.22,0.14,0.29,,,,,
2035,8335360,3111,32692.40754839861,20850.601052342954,6.08,2625.87,-0.0007177423867688049,8026.503147363663,0.37978106178343296,6.734144512000001e-06,0.9489744,3.84,0.33,0.23,0.14,0.3,,,,,
2036,8339456,3114,31519.36996663506,20091.869581849845,6.06,2546.37,-0.0002933011401182739,8118.775168895721,0.4255382702103816,6.732538880000001e-06,0.9788745,3.9,0.32,0.23,0.14,0.31,,,,,
2037,8343552,3114,31519.36996663506,20091.869581849845,6.06,2546.37,-0.0006259675374167273,6242.678946197033,0.3937333668000065,6.7309332480000005e-06,0.96838427,3.9,0.32,0.23,0.14,0.31,,,,,
2038,8347648,3115,32347.824452890603,20620.331890155347,6.11,2604.86,-0.0017502979662822327,5230.817800343037,0.37617350291111507,6.729327616e-06,0.9704373,3.89,0.32,0.23,0.14,0.31,,,,,
2039,8351744,3115,32347.824452890603,20620.331890155347,6.11,2604.86,-0.0008504582929163007,6473.65720808506,0.4183063255622983,6.727721984e-06,0.97890174,3.89,0.32,0.23,0.14,0.31,,,,,
2040,8355840,3117,32516.76721119698,20733.590889319268,6.13,2608.14,-0.00034452445652277675,13626.066690206528,0.3445928727160208,6.726116352000001e-06,0.9275582,3.92,0.31,0.23,0.15,0.31,,,,,
2041,8359936,3118,32404.440286781075,20696.578131381466,6.16,2589.02,-0.0007228282402138575,5093.429818689823,0.39361283788457513,6.72451072e-06,0.98087966,3.97,0.3,0.23,0.15,0.32,,,,,
2042,8364032,3119,32729.106716112787,20857.18027176028,6.12,2617.54,-0.001385450959787704,5122.0735184550285,0.4659801629604772,6.722905088000001e-06,0.97259504,3.9,0.3,0.24,0.15,0.31,,,,,
2043,8368128,3120,33343.1491712631,21238.862060902095,6.16,2647.04,-0.000582426928303903,4658.242517530918,0.35959399543935433,6.721299456000001e-06,0.9920797,3.91,0.29,0.25,0.15,0.31,,,,,
2044,8372224,3121,33717.916755291604,21487.226884143223,6.22,2665.66,-0.0006697916978737339,6499.377039909363,0.3605341170914471,6.719693824000001e-06,0.9832026,3.95,0.29,0.24,0.15,0.32,,,,,
2045,8376320,3123,33567.82426719941,21395.59885997451,6.23,2654.96,-0.0004036872760480037,3521.823044836521,0.4419834909494966,6.7180881920000005e-06,0.93550086,3.98,0.28,0.25,0.14,0.33,,,,,
2046,8380416,3126,32952.15558083278,20987.548522535493,6.15,2627.07,-0.0006686017150059342,9917.329206824303,0.43216486094752327,6.71648256e-06,0.93199474,3.93,0.29,0.25,0.13,0.33,,,,,
2047,8384512,3127,33024.624897113004,21070.095817591475,6.2,2617.16,-0.0002947656639662455,16559.98516535759,0.33976302060182206,6.714876928e-06,0.9642425,4.0,0.28,0.25,0.13,0.34,,,,,
2048,8388608,3129,32959.395942261566,21064.17212764958,6.27,2598.45,-0.0005800530534543213,6129.398010671139,0.39999127702321857,6.713271296000001e-06,0.97042876,4.1,0.27,0.25,0.12,0.36,,,,,
2049,8392704,3132,33055.70833016475,21096.015445543908,6.34,2600.21,-0.00035808360371447634,6896.539221525192,0.38068096566712484,6.7116656640000004e-06,0.96873593,4.16,0.27,0.24,0.12,0.37,,,,,
2050,8396800,3134,32972.11484991212,21028.753234806358,6.28,2597.04,-0.0003943341434933245,9151.121621727943,0.4796802704804577,6.710060032000001e-06,0.9548417,4.1,0.27,0.24,0.13,0.36,25785.561225504473,16490.167060736338,6.4,2169.0,0.0
2051,8400896,3135,32381.52210487336,20677.753496116995,6.28,2548.45,-0.0010959078763335128,3774.492641568184,0.3697011074400507,6.708454400000001e-06,0.96013,4.15,0.26,0.24,0.13,0.37,,,,,
2052,8404992,3138,32464.015722914133,20706.565294566735,6.25,2563.27,-0.0009288283408750431,2221.8398396372795,0.43147398834116757,6.706848768000001e-06,0.95704234,4.1,0.26,0.25,0.13,0.36,,,,,
2053,8409088,3139,31761.98106622717,20245.66870353089,6.21,2532.64,-0.001129741984186694,3493.1432609558105,0.38306663633557037,6.705243136e-06,0.9816073,4.09,0.26,0.25,0.14,0.35,,,,,
2054,8413184,3139,31761.98106622717,20245.66870353089,6.21,2532.64,-0.0002953806479126797,11484.111381649971,0.41698925313539803,6.703637504e-06,0.9639519,4.09,0.26,0.25,0.14,0.35,,,,,
2055,8417280,3141,32648.773879186603,20786.70084420376,6.25,2579.25,-0.0003271897330705542,47363.511984586716,0.30236355095985346,6.702031872e-06,0.97252095,4.08,0.25,0.27,0.14,0.34,,,,,
2056,8421376,3144,32278.943887780126,20591.655607519057,6.28,2517.97,-0.0004835092640860239,60565.848303198814,0.3992447761411313,6.70042624e-06,0.96057725,4.18,0.23,0.28,0.13,0.36,,,,,
2057,8425472,3145,33239.14007709999,21229.31045007859,6.35,2563.59,-0.00021874096546525834,41880.70437288284,0.27099466242361814,6.698820608e-06,0.98421127,4.21,0.23,0.28,0.12,0.37,,,,,
2058,8429568,3145,33239.14007709999,21229.31045007859,6.35,2563.59,-0.0009264116952181212,2419.680583715439,0.3781139675702434,6.697214976e-06,0.9831462,4.21,0.23,0.28,0.12,0.37,,,,,
2059,8433664,3148,32624.9119548844,20803.413105699863,6.27,2533.96,-0.0012037414344376884,3940.8825293183327,0.3777452756767161,6.695609344000001e-06,0.9755012,4.16,0.23,0.29,0.13,0.35,,,,,
2060,8437760,3149,33107.78166597049,21118.03582526609,6.3,2575.83,-0.0005062609689048259,8807.39805996418,0.4118186035193503,6.6940037120000005e-06,0.9309092,4.15,0.24,0.28,0.13,0.35,,,,,
2061,8441856,3150,32414.587839799147,20673.76415332467,6.24,2551.33,-0.0008509353010595078,4107.637311995029,0.388555834419094,6.69239808e-06,0.8966566,4.11,0.25,0.28,0.12,0.35,,,,,
2062,8445952,3151,32126.553742690838,20468.819396187373,6.19,2541.93,-0.0007405380119962501,2442.197073817253,0.33839247495052405,6.690792448e-06,0.9444641,4.07,0.26,0.28,0.11,0.35,,,,,
2063,8450048,3154,32332.903540121828,20572.035915539615,6.22,2555.49,-0.0013052456256446021,2222.276834011078,0.4433211969444528,6.689186816000001e-06,0.9417598,4.08,0.27,0.28,0.1,0.35,,,,,
2064,8454144,3155,32271.97384245879,20533.98891110238,6.22,2548.42,-0.0010449567207615473,5633.464214742184,0.347473854519194,6.6875811840000005e-06,0.97308344,4.08,0.27,0.28,0.1,0.35,,,,,
2065,8458240,3155,32271.97384245879,20533.98891110238,6.22,2548.42,-0.0008731253492442193,2997.646385848522,0.392822232155595,6.685975552000001e-06,0.9815313,4.08,0.27,0.28,0.1,0.35,,,,,
2066,8462336,3156,33184.871750839346,21111.52848578396,6.28,2601.95,-0.000525028749507328,9593.165095567703,0.4075515166623518,6.684369920000001e-06,0.9792116,4.08,0.27,0.28,0.1,0.35,,,,,
2067,8466432,3157,33480.39652172684,21286.745711708387,6.3,2630.17,-0.0020840919332840713,2084.3858358860016,0.38064238071092404,6.682764288000001e-06,0.93725175,4.07,0.28,0.27,0.1,0.35,,,,,
2068,8470528,3159,33844.86999058951,21490.064120645216,6.25,2667.32,-0.00017159428534796461,12865.710855960846,0.39778374158777297,6.6811586560000005e-06,0.8472878,3.98,0.29,0.28,0.09,0.34,,,,,
2069,8474624,3161,33808.519467291655,21458.718188827614,6.29,2660.05,-0.0005255043579381891,5089.51710113883,0.3972837504115887,6.679553024e-06,0.8455339,4.03,0.28,0.28,0.09,0.35,,,,,
2070,8478720,3162,34449.67290218377,21849.396144306305,6.32,2710.24,-0.0006653105119767133,7474.571287274361,0.3669524771394208,6.677947392e-06,0.9735058,4.01,0.29,0.27,0.09,0.35,,,,,
2071,8482816,3163,34854.04854536403,22118.99734454717,6.35,2736.6,-0.0009679548093117774,6509.117042303085,0.41393466002773494,6.676341760000001e-06,0.97040784,4.01,0.29,0.27,0.09,0.35,,,,,
2072,8486912,3164,34977.71811388554,22194.32645287621,6.3,2752.76,-0.0007877083098719595,3362.763543307781,0.4055220122099854,6.674736128e-06,0.9446745,3.94,0.3,0.27,0.09,0.34,,,,,
2073,8491008,3165,35423.954560820144,22465.96889101488,6.32,2791.89,-0.00047147383065748727,8638.738155603409,0.40846926264930516,6.673130496e-06,0.93381065,3.92,0.31,0.26,0.09,0.34,,,,,
2074,8495104,3167,35456.13175046017,22469.36412294696,6.32,2797.0,-0.0006090919941925677,2675.3406180739403,0.3825854336610064,6.671524864000001e-06,0.9751875,3.91,0.31,0.26,0.09,0.34,,,,,
2075,8499200,3169,34915.94819050077,22125.418480001972,6.28,2752.37,-0.0012195353010611143,2474.198738157749,0.36614307956187986,6.669919232000001e-06,0.9737027,3.92,0.3,0.27,0.09,0.34,37048.361260596845,23541.054913347303,6.966666666666667,2730.733333333333,0.06666666666666667
2076,8503296,3171,34905.960146104226,22088.721890415418,6.28,2753.03,-0.00030992275515018264,3352.2095558047295,0.3634214222547598,6.6683136e-06,0.93814063,3.92,0.3,0.27,0.09,0.34,,,,,
2077,8507392,3173,34864.57688574874,22065.916525924327,6.26,2757.85,-0.0013260853925203264,17439.10476154089,0.4573319443152286,6.666707968e-06,0.4769023,3.9,0.31,0.26,0.09,0.34,,,,,
2078,8511488,3174,33790.578430333146,21377.034033256805,6.19,2699.84,-0.0016363491035917832,2683.5363299250603,0.36970336342346855,6.665102336e-06,0.9552044,3.89,0.32,0.25,0.09,0.34,,,,,
2079,8515584,3175,34436.31641918829,21788.85447546777,6.24,2747.6,-0.0011068774119848968,6326.384178102016,0.39494397887028754,6.663496704e-06,0.9489971,3.89,0.32,0.25,0.09,0.34,,,,,
2080,8519680,3177,32271.55356607739,20433.302475359455,6.17,2614.36,-0.0013188652064854978,2301.8382843732834,0.3970447040628642,6.661891072000001e-06,0.89990735,3.95,0.31,0.25,0.09,0.35,,,,,
2081,8523776,3179,31881.01262939243,20177.484767534334,6.09,2597.5,-0.0009277103763452033,1441.7907748818398,0.35096357576549053,6.660285440000001e-06,0.977694,3.88,0.32,0.25,0.09,0.34,,,,,
2082,8527872,3180,31850.146216740548,20158.81343712849,6.15,2590.72,-0.0004419666038302239,4536.586802303791,0.3346643475815654,6.658679808000001e-06,0.962589,3.95,0.31,0.25,0.09,0.35,,,,,
2083,8531968,3182,32059.13875154532,20310.60865675703,6.12,2606.98,-0.0005091769435239257,7305.759182333946,0.3943077611620538,6.6570741760000005e-06,0.9741261,3.9,0.31,0.25,0.1,0.34,,,,,
2084,8536064,3182,32059.13875154532,20310.60865675703,6.12,2606.98,-0.0005093646359455306,10159.953874588013,0.3346107715333346,6.655468544e-06,0.9821226,3.9,0.31,0.25,0.1,0.34,,,,,
2085,8540160,3183,32668.134648414674,20714.859220875755,6.14,2642.23,-0.00047095672925934196,4683.954182267189,0.32689686221419834,6.653862912e-06,0.97834784,3.88,0.31,0.25,0.11,0.33,,,,,
2086,8544256,3184,33066.634603996295,20970.899135516363,6.17,2652.91,-0.0005058978313172702,4359.574972450733,0.35265215061372146,6.652257280000001e-06,0.98819566,3.9,0.3,0.26,0.11,0.33,,,,,
2087,8548352,3187,32357.251360162045,20530.828972951498,6.07,2625.34,-0.000795303390987101,3768.9377492666245,0.47985014639561996,6.6506516480000005e-06,0.88383573,3.82,0.32,0.25,0.11,0.32,,,,,
2088,8552448,3187,32357.251360162045,20530.828972951498,6.07,2625.34,-0.00046891009515093174,6255.9480575323105,0.4238921460346319,6.649046016000001e-06,0.9531401,3.82,0.32,0.25,0.11,0.32,,,,,
2089,8556544,3190,32335.16426192748,20469.16001224137,6.02,2631.55,-0.0006031103330315091,2117.130756676197,0.37865175763727166,6.647440384000001e-06,0.9010246,3.76,0.31,0.27,0.11,0.31,,,,,
2090,8560640,3190,32335.16426192748,20469.16001224137,6.02,2631.55,-0.0005397997656473308,10354.246081829071,0.3297367937339004,6.645834752000001e-06,0.98198014,3.76,0.31,0.27,0.11,0.31,,,,,
2091,8564736,3193,32865.94773322632,20844.82091493359,6.15,2640.31,-6.720176406815881e-05,79235.70373702049,0.36041352205211297,6.6442291200000004e-06,0.8692175,3.89,0.3,0.25,0.11,0.34,,,,,
2092,8568832,3197,32251.885297980338,20465.330017750603,6.1,2606.21,-0.0005494900797202718,7008.85334610939,0.4882283366168849,6.642623488e-06,0.9575211,3.87,0.31,0.24,0.11,0.34,,,,,
2093,8572928,3199,32000.40171458775,20305.079373429693,6.04,2589.84,-0.0002739685478445608,13859.009782195091,0.3446671853598673,6.641017856e-06,0.9636539,3.82,0.32,0.24,0.11,0.33,,,,,
2094,8577024,3201,32467.590422782847,20630.075248915025,6.1,2620.61,-0.0006323736388367251,4819.821280956268,0.3901442775677424,6.639412224e-06,0.8383956,3.86,0.31,0.25,0.1,0.34,,,,,
2095,8581120,3202,32584.279155494376,20724.544264104727,6.12,2623.67,-0.0008222218384617008,7496.957747340202,0.3526087967620697,6.637806592e-06,0.95427495,3.88,0.3,0.26,0.1,0.34,,,,,
2096,8585216,3203,32795.215662447925,20876.069321489587,6.16,2637.6,-0.0008691224898029759,7674.273584246635,0.3974252103944309,6.63620096e-06,0.9283877,3.91,0.29,0.26,0.11,0.34,,,,,
2097,8589312,3205,33151.98171982419,21064.56272658893,6.12,2659.19,-0.0004620055960913305,6797.890783011913,0.40170419914647937,6.634595328000001e-06,0.9756141,3.84,0.3,0.25,0.12,0.33,,,,,
2098,8593408,3210,32113.927497860626,20399.076780211843,6.16,2585.67,-0.0007891891109466087,7458.6727776527405,0.40918441757094115,6.632989696000001e-06,0.9675158,3.96,0.29,0.24,0.12,0.35,,,,,
2099,8597504,3210,32113.927497860626,20399.076780211843,6.16,2585.67,-0.000798869131358515,3472.1092482209206,0.3697496568202041,6.631384064e-06,0.9868042,3.96,0.29,0.24,0.12,0.35,,,,,
2100,8601600,3211,32807.453734485294,20837.37745481689,6.16,2629.62,-0.00023436486844730098,28605.103097200394,0.36312126720440574,6.629778432e-06,0.97512305,3.91,0.29,0.25,0.12,0.34,43753.0744921835,28218.38258007106,7.3,3049.1,0.2
2101,8605696,3214,33309.122628398996,21146.01642881589,6.16,2658.24,-0.0010411016737634782,2627.8997256159782,0.4029987356043421,6.628172800000001e-06,0.970945,3.89,0.29,0.25,0.13,0.33,,,,,
2102,8609792,3215,33036.206436375614,20998.86185791741,6.18,2625.73,-0.00022109759083832614,16504.5392639637,0.34692875028122216,6.6265671680000006e-06,0.97418827,3.94,0.29,0.24,0.13,0.34,,,,,
2103,8613888,3216,32345.49453813815,20566.456338313114,6.14,2590.53,-0.0009947409253072692,3116.5772653222084,0.3940302526461892,6.624961536000001e-06,0.95525527,3.93,0.3,0.23,0.13,0.34,,,,,
2104,8617984,3216,32345.49453813815,20566.456338313114,6.14,2590.53,-0.0013800418873870512,5591.52522790432,0.3716927199275233,6.623355904000001e-06,0.97636706,3.93,0.3,0.23,0.13,0.34,,,,,
2105,8622080,3219,32585.318629392976,20710.30886688082,6.16,2610.95,-0.0004939951204505633,16197.824293255806,0.35686904413159937,6.621750272000001e-06,0.9484423,3.92,0.32,0.22,0.12,0.34,,,,,
2106,8626176,3221,31440.664467732924,19997.09592229044,6.12,2551.26,-0.001258469334061374,8377.868773937225,0.4178705716622062,6.6201446400000005e-06,0.7289117,3.94,0.33,0.21,0.12,0.34,,,,,
2107,8630272,3223,32026.40573019469,20409.7106773606,6.21,2566.4,-0.0002857162089640042,78688.20862913132,0.3513919297256507,6.618539008e-06,0.9731587,4.02,0.33,0.2,0.12,0.35,,,,,
2108,8634368,3224,31798.404866562745,20263.32857972595,6.19,2549.75,-0.0014027980569153442,3502.332994699478,0.43912227073451504,6.616933376e-06,0.9150232,4.02,0.33,0.2,0.12,0.35,,,,,
2109,8638464,3226,31755.68898735008,20202.963984109232,6.17,2549.93,-0.000638376776350924,3625.1692309379578,0.35340582035132684,6.615327744e-06,0.9665649,3.99,0.34,0.19,0.12,0.35,,,,,
2110,8642560,3229,31490.885999290716,19995.846617447518,6.04,2558.76,-0.0004881164204562083,6149.182240009308,0.3980287846061401,6.6137221120000005e-06,0.93487585,3.84,0.36,0.19,0.12,0.33,,,,,
2111,8646656,3229,31490.885999290716,19995.846617447518,6.04,2558.76,-0.0005319486244843574,4180.5402582883835,0.39596129406709224,6.61211648e-06,0.98215735,3.84,0.36,0.19,0.12,0.33,,,,,
2112,8650752,3230,32104.95896997017,20390.90588475102,6.07,2594.45,-0.0005652294366882415,10500.038979172707,0.3152274193998892,6.610510848000001e-06,0.9790699,3.84,0.36,0.19,0.12,0.33,,,,,
2113,8654848,3231,32486.511220334258,20627.43256818718,6.04,2629.55,-0.0005040220025875897,3782.9232087135315,0.3870514495065436,6.608905216000001e-06,0.97498375,3.77,0.37,0.19,0.12,0.32,,,,,
2114,8658944,3234,32471.652744734456,20602.848533317014,6.04,2624.24,-0.0006476577291323338,6637.686485052109,0.41342668229481205,6.6072995840000004e-06,0.981884,3.78,0.37,0.19,0.11,0.33,,,,,
2115,8663040,3234,32471.652744734456,20602.848533317014,6.04,2624.24,-0.00031893998766463483,9265.816800832748,0.3036123771453276,6.605693952e-06,0.9891631,3.78,0.37,0.19,0.11,0.33,,,,,
2116,8667136,3236,32945.79356979966,20924.31569086005,6.05,2633.19,-0.0007485948826797539,13472.570238828659,0.4121639733493794,6.60408832e-06,0.96597975,3.78,0.37,0.19,0.11,0.33,,,,,
2117,8671232,3237,33501.80678966017,21256.041810598563,6.05,2680.61,-0.00034543213951110374,4490.872077345848,0.3982713632576633,6.602482688e-06,0.98460466,3.73,0.38,0.19,0.11,0.32,,,,,
2118,8675328,3238,33440.01705890345,21225.70433722899,6.07,2671.2,-0.0003686602667585248,14705.509090542793,0.35594559501623735,6.600877056000001e-06,0.97056526,3.76,0.38,0.18,0.12,0.32,,,,,
2119,8679424,3243,31978.740895560975,20275.60616913495,6.07,2593.24,-0.0006207207798070158,3799.3061447143555,0.49560250336071476,6.599271424e-06,0.9455701,3.84,0.38,0.15,0.12,0.35,,,,,
2120,8683520,3245,31256.07276310881,19795.070091477326,5.97,2572.3,-0.0011623480495472904,8584.767682433128,0.43585620378144085,6.597665792000001e-06,0.95672756,3.76,0.39,0.15,0.13,0.33,,,,,
2121,8687616,3248,31094.192276845963,19729.4649106347,5.97,2551.72,-0.0004101415088371141,5583.323925793171,0.4305780562572181,6.596060160000001e-06,0.9759846,3.79,0.38,0.16,0.12,0.34,,,,,
2122,8691712,3249,30924.711211243524,19607.802153668406,5.96,2537.67,-0.00048035397776402533,3276.7906945943832,0.3925751778879203,6.594454528e-06,0.9820001,3.79,0.38,0.16,0.12,0.34,,,,,
2123,8695808,3250,31188.668295870546,19805.518436047532,6.01,2540.31,-0.0005133378663231269,9720.955496430397,0.3507128741184715,6.592848896e-06,0.97616047,3.84,0.37,0.16,0.12,0.35,,,,,
2124,8699904,3251,31535.30431096974,20025.132247846523,6.04,2564.94,-0.0014064361839700723,5251.212226510048,0.3915332703036256,6.591243264000001e-06,0.9704195,3.84,0.37,0.16,0.12,0.35,,,,,
2125,8704000,3251,31535.30431096974,20025.132247846523,6.04,2564.94,-0.0007137110787880374,4497.822346687317,0.40376805275445804,6.5896376320000005e-06,0.9774406,3.84,0.37,0.16,0.12,0.35,40091.219944835255,25719.393218082532,7.166666666666667,2876.1666666666665,0.1
2126,8708096,3252,32226.91172944932,20462.41117425881,6.08,2601.34,-0.0008064903304330073,3293.4310579895973,0.4143254857917782,6.588032e-06,0.98930955,3.84,0.37,0.16,0.12,0.35,,,,,
2127,8712192,3253,32490.439087556122,20623.503941362163,6.1,2623.1,-0.0007159025171858957,9309.676474034786,0.40322554943850264,6.586426368000001e-06,0.75177956,3.84,0.37,0.16,0.12,0.35,,,,,
2128,8716288,3254,32982.29248774488,20928.7781336949,6.06,2664.93,-0.0009630626746002235,6587.472898006439,0.40907212177990004,6.584820736000001e-06,0.97129524,3.75,0.38,0.16,0.12,0.34,,,,,
2129,8720384,3255,32870.01608733516,20868.892613106324,6.08,2644.91,-0.0007859156194172101,3505.0178188085556,0.3922706511511933,6.5832151040000005e-06,0.97859186,3.8,0.37,0.16,0.12,0.35,,,,,
2130,8724480,3259,31409.958541952543,19948.670402784497,6.03,2535.48,-0.0014130826220934978,3020.3057054281235,0.44769062360865064,6.581609472e-06,0.8088856,3.87,0.35,0.17,0.12,0.36,,,,,
2131,8728576,3260,31466.408597259382,19987.676871360432,6.03,2543.7,-0.000591683225138695,3539.2613970041275,0.37638098490424454,6.58000384e-06,0.95166063,3.86,0.36,0.16,0.12,0.36,,,,,
2132,8732672,3261,31858.545396281028,20232.375224005064,6.01,2581.28,-0.0012319742345425766,2307.2338435053825,0.40222159773111343,6.578398208e-06,0.97184944,3.8,0.37,0.16,0.12,0.35,,,,,
2133,8736768,3262,31810.519676288062,20205.663826669886,6.01,2575.16,-0.0007860606965550687,4956.67669826746,0.37638483397313394,6.5767925760000005e-06,0.9782145,3.8,0.37,0.16,0.12,0.35,,,,,
2134,8740864,3263,31780.335367086675,20171.329898671644,5.99,2584.64,-0.0006406205302482704,2958.016366839409,0.3949580904736649,6.575186944e-06,0.95430017,3.77,0.38,0.16,0.11,0.35,,,,,
2135,8744960,3265,31589.334287672733,20077.143600796473,6.08,2540.5,-0.00022311648535833228,12453.032155513763,0.42723804723937064,6.573581312000001e-06,0.9435297,3.9,0.36,0.16,0.11,0.37,,,,,
2136,8749056,3266,31702.230509076555,20144.44560267212,6.08,2552.82,-0.0005096022514408105,4763.350421190262,0.4304826629231684,6.571975680000001e-06,0.96687883,3.88,0.37,0.15,0.11,0.37,,,,,
2137,8753152,3267,31845.404956702492,20232.437819822968,6.07,2560.12,-0.0005936814686720027,7039.562770664692,0.35560809762682766,6.570370048e-06,0.9587305,3.86,0.37,0.15,0.11,0.37,,,,,
2138,8757248,3269,32392.60949481493,20576.053765294448,6.07,2614.66,-0.0008874294690031093,2587.426045358181,0.32279482114245184,6.568764416e-06,0.95293087,3.8,0.38,0.15,0.11,0.36,,,,,
2139,8761344,3269,32392.60949481493,20576.053765294448,6.07,2614.66,-0.0008277162141894223,3534.8069789409637,0.35844944274867885,6.567158784000001e-06,0.9589022,3.8,0.38,0.15,0.11,0.36,,,,,
2140,8765440,3272,32302.601260987005,20531.31076669784,6.06,2606.01,-0.0006128323184384499,7466.9965188503265,0.4095139259006828,6.565553152000001e-06,0.89382946,3.8,0.38,0.15,0.11,0.36,,,,,
2141,8769536,3273,32276.044892736965,20518.751229381633,6.14,2599.07,-0.0011486103239803924,3765.2286017537117,0.4181329926941544,6.563947520000001e-06,0.80575216,3.89,0.37,0.15,0.11,0.37,,,,,
2142,8773632,3274,32506.013291165065,20673.292252320556,6.16,2617.92,-0.0004980859030183638,5927.720992684364,0.3821152993768919,6.562341888000001e-06,0.9272836,3.89,0.37,0.15,0.11,0.37,,,,,
2143,8777728,3275,32530.24407950273,20684.42244621755,6.16,2619.79,-0.0005448135625556461,7061.471201062202,0.4139312213519588,6.560736256000001e-06,0.96563303,3.89,0.37,0.15,0.11,0.37,,,,,
2144,8781824,3277,32719.58594120773,20809.108133206322,6.13,2641.03,-0.0005475697407746338,4172.421010971069,0.38506905926624313,6.5591306240000006e-06,0.92261124,3.84,0.37,0.16,0.11,0.36,,,,,
2145,8785920,3278,32373.247777480286,20593.194539013817,6.17,2609.37,-0.0007949576665851055,3283.305661201477,0.4091910165443551,6.557524992e-06,0.9571983,3.92,0.36,0.16,0.11,0.37,,,,,
2146,8790016,3279,33074.079307155014,21039.359809794427,6.22,2652.94,-0.0006226694567885716,3265.9300028681755,0.3231658306613099,6.55591936e-06,0.98950857,3.92,0.36,0.16,0.11,0.37,,,,,
2147,8794112,3281,32696.053513119212,20808.871470476395,6.18,2634.51,-0.0006948016380192712,5866.437632739544,0.4098854532931,6.554313728e-06,0.96635073,3.9,0.36,0.16,0.11,0.37,,,,,
2148,8798208,3282,32793.969403151874,20875.286005463124,6.17,2646.37,-0.0003776902035497187,12559.896708488464,0.38617635765695013,6.5527080960000005e-06,0.9676436,3.87,0.37,0.16,0.1,0.37,,,,,
2149,8802304,3284,31512.54960523639,20079.386271002524,6.12,2569.18,-0.00043107790315843886,20033.301420331,0.3660245124483481,6.551102464e-06,0.9771995,3.91,0.37,0.16,0.09,0.38,,,,,
2150,8806400,3286,32092.401630894714,20512.104065439253,6.24,2575.24,-0.0002508448860680801,12723.354366779327,0.42044022324262187,6.549496832000001e-06,0.95264757,4.03,0.35,0.16,0.09,0.4,32623.051175034274,20574.585888504596,6.833333333333333,2513.9,0.0
2151,8810496,3286,32092.401630894714,20512.104065439253,6.24,2575.24,-0.00028660156294790795,10856.56335580349,0.364644065964967,6.547891200000001e-06,0.9749239,4.03,0.35,0.16,0.09,0.4,,,,,
2152,8814592,3291,31228.916305182072,19998.81236163871,6.25,2519.28,-0.0006692890929116402,8659.061039090157,0.4897245187894441,6.5462855680000005e-06,0.69479465,4.09,0.35,0.13,0.13,0.39,,,,,
2153,8818688,3292,31814.29493207283,20376.5565322774,6.25,2563.4,-0.0004782191008416703,6393.851987123489,0.37122027401346713,6.544679936e-06,0.97025687,4.04,0.35,0.14,0.13,0.38,,,,,
2154,8822784,3292,31814.29493207283,20376.5565322774,6.25,2563.4,-0.0006902745944898925,2859.2546295523643,0.36484821475460194,6.543074304e-06,0.964356,4.04,0.35,0.14,0.13,0.38,,,,,
2155,8826880,3293,32503.631244253353,20759.424319998445,6.25,2613.16,-0.00048712222269386984,3497.1080253720284,0.37605550381704234,6.541468672e-06,0.98897535,3.98,0.36,0.14,0.13,0.37,,,,,
2156,8830976,3294,32819.73440630252,20949.119866100562,6.28,2637.65,-0.0014380967877514195,1404.1360073685646,0.36088243484846316,6.539863040000001e-06,0.9857199,3.98,0.36,0.14,0.13,0.37,,,,,
2157,8835072,3297,33120.62957617099,21092.19984338758,6.23,2668.55,-0.0003400410432732315,11486.644817471504,0.44546110229566693,6.538257408e-06,0.780689,3.9,0.37,0.14,0.13,0.36,,,,,
2158,8839168,3299,33404.78345036637,21281.89795989181,6.27,2691.1,-0.0007738752574368846,6631.07403421402,0.45529930671909824,6.536651776000001e-06,0.9437262,3.92,0.36,0.15,0.13,0.36,,,,,
2159,8843264,3300,33130.36895276902,21076.47822544441,6.21,2681.02,-0.0006019636311975773,6409.063864469528,0.41673812590306625,6.535046144000001e-06,0.981524,3.86,0.36,0.16,0.13,0.35,,,,,
2160,8847360,3302,33284.50135230524,21195.67323050138,6.26,2675.24,-0.0004808906005564495,9262.495217561722,0.3762849800114054,6.533440512e-06,0.96785825,3.92,0.36,0.14,0.14,0.36,,,,,
2161,8851456,3304,33329.41035410979,21224.05489799168,6.33,2658.88,-0.0005093580448374269,17479.741452932358,0.378692643775139,6.53183488e-06,0.97146755,4.02,0.35,0.14,0.13,0.38,,,,,
2162,8855552,3304,33329.41035410979,21224.05489799168,6.33,2658.88,-0.0011598475957725896,2484.0310359597206,0.37218539431341924,6.530229248e-06,0.97400445,4.02,0.35,0.14,0.13,0.38,,,,,
2163,8859648,3305,33408.55434879387,21281.40283743177,6.32,2674.95,-0.00048191675432462944,5734.2353974580765,0.3569501366291661,6.528623616000001e-06,0.95459867,3.99,0.36,0.14,0.12,0.38,,,,,
2164,8863744,3308,33705.63842443997,21444.27836113509,6.27,2711.91,-0.0015125230020203162,4274.929232478142,0.4045440671616234,6.527017984e-06,0.96737796,3.9,0.37,0.15,0.12,0.36,,,,,
2165,8867840,3308,33705.63842443997,21444.27836113509,6.27,2711.91,-0.0012364447247819044,4148.728533089161,0.3854490705416538,6.525412352000001e-06,0.97915286,3.9,0.37,0.15,0.12,0.36,,,,,
2166,8871936,3311,34029.02286865215,21656.8139979532,6.29,2736.06,-0.0003684639341372531,12213.682622909546,0.3401265343418345,6.523806720000001e-06,0.9677862,3.89,0.38,0.14,0.12,0.36,,,,,
2167,8876032,3313,33356.92250782055,21211.135479785466,6.26,2702.37,-0.0013649866150444723,2368.0006000995636,0.3838815396884456,6.5222010880000006e-06,0.8939162,3.89,0.38,0.14,0.12,0.36,,,,,
2168,8880128,3317,31964.093161420784,20299.10896367135,6.17,2617.42,-0.0009913955964293564,2753.2341373562813,0.41456877801101655,6.520595456e-06,0.95361555,3.89,0.38,0.15,0.11,0.36,,,,,
2169,8884224,3319,31563.482407131767,20056.573651142335,6.2,2589.31,-0.00034720155235845596,8762.248466610909,0.3492806791618932,6.518989824e-06,0.9837643,3.95,0.37,0.15,0.11,0.37,,,,,
2170,8888320,3320,31956.661634467244,20298.930651478495,6.26,2594.71,-0.001042426326421264,3820.333381175995,0.38710347283631563,6.517384192e-06,0.94482315,4.01,0.36,0.15,0.11,0.38,,,,,
2171,8892416,3321,32459.90569631419,20609.43461840394,6.22,2638.2,-0.0014381493147084257,6107.603355169296,0.4204541947110556,6.5157785600000005e-06,0.9751919,3.92,0.37,0.15,0.11,0.37,,,,,
2172,8896512,3325,31969.58177338531,20287.619422763863,6.16,2610.53,-0.0006975800479267491,6476.662307143211,0.3937453893595375,6.514172928e-06,0.95744365,3.89,0.35,0.17,0.12,0.36,,,,,
2173,8900608,3328,31754.035713398625,20118.723307698037,6.07,2597.12,-0.000641127164271893,2734.776413977146,0.4097327194758691,6.512567296000001e-06,0.9007656,3.81,0.35,0.19,0.12,0.34,,,,,
2174,8904704,3329,32134.60124511515,20341.386595046446,6.1,2629.25,-0.000843696294396068,1573.7411296069622,0.387879537360277,6.510961664000001e-06,0.97380847,3.81,0.35,0.19,0.12,0.34,,,,,
2175,8908800,3330,31782.71452237707,20154.56880790213,6.14,2582.22,-0.00022773010641685687,88138.90220022202,0.34160220934427343,6.5093560320000005e-06,0.9711218,3.9,0.34,0.19,0.12,0.35,36609.593074758995,23180.601924482853,7.1,2828.7,0.06666666666666667
2176,8912896,3331,31661.326481460514,20116.000272660804,6.2,2564.08,-0.0003169220181007404,16970.177208840847,0.3483520072186366,6.5077504e-06,0.95929927,3.99,0.33,0.19,0.12,0.36,,,,,
2177,8916992,3332,31479.523083611723,19986.79907545052,6.16,2569.36,-0.0003095784177276073,3876.6203179359436,0.31925085323746316,6.506144768000001e-06,0.95590806,3.94,0.34,0.19,0.12,0.35,,,,,
2178,8921088,3333,32159.64656958634,20416.68575038412,6.18,2623.59,-0.0005207821959629655,5808.797585725784,0.3377131287707016,6.504539136000001e-06,0.9763623,3.9,0.35,0.19,0.11,0.35,,,,,
2179,8925184,3333,32159.64656958634,20416.68575038412,6.18,2623.59,-0.0005066421799710952,6496.881361484528,0.4088507509441115,6.502933504e-06,0.9820301,3.9,0.35,0.19,0.11,0.35,,,,,
2180,8929280,3333,32159.64656958634,20416.68575038412,6.18,2623.59,-0.0002875462214433355,45748.62346172333,0.2763328762666788,6.501327872000001e-06,0.9757305,3.9,0.35,0.19,0.11,0.35,,,,,
2181,8933376,3337,32513.77856294407,20683.70846149026,6.22,2626.24,-0.00018740723498922307,26077.56045126915,0.34891233674716204,6.499722240000001e-06,0.91595286,3.95,0.33,0.2,0.12,0.35,,,,,
2182,8937472,3338,32496.1548203219,20674.98799891468,6.2,2629.75,-0.000377019438019488,21222.58449971676,0.4110122839920223,6.498116608000001e-06,0.9308044,3.93,0.33,0.21,0.11,0.35,,,,,
2183,8941568,3339,33120.850304331696,21066.732224670075,6.22,2654.6,-0.000505881955177756,43729.174530267715,0.29865663914824836,6.496510976e-06,0.9799741,3.92,0.33,0.21,0.11,0.35,,,,,
2184,8945664,3342,33290.72417165107,21179.528050196554,6.17,2673.6,-0.0005288094052957604,6773.066220164299,0.3895351433020551,6.494905344e-06,0.88910526,3.85,0.34,0.22,0.1,0.34,,,,,
2185,8949760,3343,33280.635269521124,21170.060883824495,6.15,2672.1,-0.00071044825745048,5176.860676467419,0.3775433636037633,6.493299712e-06,0.94058555,3.83,0.34,0.22,0.11,0.33,,,,,
2186,8953856,3344,34277.7057464617,21802.285753052776,6.22,2735.53,-0.0003526894806782366,5946.2137179374695,0.29628062271513045,6.491694080000001e-06,0.98276436,3.83,0.34,0.22,0.11,0.33,,,,,
2187,8957952,3348,33692.30733397371,21429.399050069045,6.31,2696.91,-0.00029869883837818634,14916.219410419464,0.39378061462775804,6.490088448e-06,0.8681767,3.95,0.34,0.2,0.11,0.35,,,,,
2188,8962048,3351,32432.595287747463,20621.211680587498,6.31,2606.33,-0.0005287513940857025,3701.6853154301643,0.3693547861184925,6.488482816000001e-06,0.8129674,4.05,0.33,0.2,0.11,0.36,,,,,
2189,8966144,3351,32432.595287747463,20621.211680587498,6.31,2606.33,-0.0005069774815638084,7666.405160188675,0.3350280712475069,6.486877184000001e-06,0.969255,4.05,0.33,0.2,0.11,0.36,,,,,
2190,8970240,3352,32230.140338280926,20485.91511543398,6.3,2597.92,-0.0007656346260773716,5423.492568969727,0.3214638435456436,6.4852715520000005e-06,0.9801328,4.05,0.33,0.2,0.11,0.36,,,,,
2191,8974336,3355,31530.70123643689,20039.3968695187,6.24,2561.76,-0.0018357722165092127,4424.961983382702,0.4018505694984924,6.48366592e-06,0.8491534,4.03,0.33,0.2,0.12,0.35,,,,,
2192,8978432,3356,31391.517155341873,19956.582395698595,6.24,2546.55,-0.000882852211361751,4346.709763050079,0.42567351879552007,6.482060288e-06,0.9843772,4.05,0.32,0.21,0.12,0.35,,,,,
2193,8982528,3357,32246.616307803695,20516.18990965673,6.27,2590.14,-0.00042054821096826345,7345.422199904919,0.3423570690792985,6.480454656e-06,0.97777015,4.03,0.32,0.21,0.13,0.34,,,,,
2194,8986624,3359,32664.039566016618,20783.902048836648,6.34,2619.61,-0.0009751650068210438,4467.465943038464,0.42619162501068786,6.4788490240000005e-06,0.95480406,4.07,0.32,0.2,0.13,0.35,,,,,
2195,8990720,3360,32769.603170227936,20855.72576132905,6.35,2625.51,-0.001157039050667663,4277.684214949608,0.3362616790109314,6.477243392e-06,0.93526775,4.07,0.32,0.2,0.13,0.35,,,,,
2196,8994816,3361,32667.019794263368,20800.355763016083,6.35,2612.7,-0.0004938968731948989,6032.570424437523,0.42993752483744174,6.47563776e-06,0.95095384,4.08,0.31,0.21,0.13,0.35,,,,,
2197,8998912,3361,32667.019794263368,20800.355763016083,6.35,2612.7,-0.00021638465295836795,9178.984812021255,0.3395033525885083,6.474032128000001e-06,0.97876716,4.08,0.31,0.21,0.13,0.35,,,,,
2198,9003008,3362,33148.53279669972,21102.967554145755,6.37,2640.37,-0.0002742498600127874,8294.775748491287,0.4018506441498175,6.4724264960000005e-06,0.9623685,4.08,0.31,0.21,0.13,0.35,,,,,
2199,9007104,3365,32771.30563434545,20853.8772468639,6.3,2622.54,-0.0005099998834339203,13004.096962690353,0.4421296662185341,6.470820864e-06,0.7033212,4.04,0.3,0.23,0.13,0.34,,,,,
2200,9011200,3367,32536.216097276407,20735.93251948003,6.29,2600.62,-0.0007309803295356687,10179.32561814785,0.3584802503755782,6.469215232e-06,0.9625663,4.06,0.29,0.24,0.13,0.34,33859.11808923897,21650.61484969933,6.9,2555.6666666666665,0.1
2201,9015296,3369,32208.547468875156,20518.330096602185,6.3,2570.24,-0.0012235060457896907,3344.88434612751,0.3740355289191939,6.467609600000001e-06,0.9716692,4.1,0.29,0.23,0.13,0.35,,,,,
2202,9019392,3370,32179.927611808296,20501.86462430065,6.3,2566.84,-0.0011490800889077946,3419.6507600545883,0.3974342638393864,6.4660039680000004e-06,0.96888196,4.1,0.29,0.23,0.13,0.35,,,,,
2203,9023488,3373,32007.493544831934,20401.535194791413,6.3,2548.52,-0.00043921710130234715,8319.113606214523,0.410196170269046,6.464398336000001e-06,0.4181679,4.12,0.28,0.23,0.13,0.36,,,,,
2204,9027584,3376,31133.05767387847,19846.077743927734,6.23,2483.9,-0.00045385536941466853,3693.6936868429184,0.3647332397813443,6.462792704000001e-06,0.91867226,4.12,0.28,0.23,0.13,0.36,,,,,
2205,9031680,3377,31135.644570806584,19871.48655412127,6.29,2472.36,-0.0004950076217937749,8413.179753899574,0.3594937609450426,6.461187072000001e-06,0.9458469,4.19,0.27,0.23,0.13,0.37,,,,,
2206,9035776,3379,30785.72544823713,19649.63055457484,6.2,2463.37,-0.0003758250531973317,3499.7211180329323,0.3607012206921354,6.45958144e-06,0.95663303,4.11,0.28,0.23,0.13,0.36,,,,,
2207,9039872,3379,30785.72544823713,19649.63055457484,6.2,2463.37,-0.0007326305344577122,3357.0455832481384,0.39231284690322354,6.457975808e-06,0.9821118,4.11,0.28,0.23,0.13,0.36,,,,,
2208,9043968,3383,30646.064088637573,19555.134205424227,6.24,2455.06,-0.0005524686093849596,9705.868307232857,0.38790143479127437,6.456370176e-06,0.9514647,4.16,0.28,0.22,0.14,0.36,,,,,
2209,9048064,3383,30646.064088637573,19555.134205424227,6.24,2455.06,-0.0007376312714768574,5593.9545894265175,0.3717205735447351,6.4547645440000006e-06,0.9593674,4.16,0.28,0.22,0.14,0.36,,,,,
2210,9052160,3384,31333.674700086747,19973.152018002787,6.28,2505.95,-0.0002505075390217826,7038.613391876221,0.3612887643976137,6.453158912e-06,0.9784297,4.14,0.29,0.21,0.14,0.36,,,,,
2211,9056256,3384,31333.674700086747,19973.152018002787,6.28,2505.95,-0.0007166629984567408,4025.9186589717865,0.4089115610404406,6.451553280000001e-06,0.9898673,4.14,0.29,0.21,0.14,0.36,,,,,
2212,9060352,3385,31578.064486128722,20092.80378494029,6.25,2541.91,-0.000660548996165744,5019.384335398674,0.4031905878800899,6.449947648000001e-06,0.7802923,4.07,0.3,0.21,0.14,0.35,,,,,
2213,9064448,3387,30934.889265167014,19629.477713497403,6.15,2520.49,-0.001126995681261178,1474.9958691000938,0.3501550955406856,6.4483420160000005e-06,0.95202166,3.99,0.32,0.21,0.13,0.34,,,,,
2214,9068544,3387,30934.889265167014,19629.477713497403,6.15,2520.49,-0.00043548777830437757,5858.910229444504,0.40621998728602193,6.446736384e-06,0.966632,3.99,0.32,0.21,0.13,0.34,,,,,
2215,9072640,3388,32095.938377090726,20348.2404180271,6.19,2602.41,-0.0006766761187009251,6487.381400108337,0.35976248458609916,6.445130752e-06,0.94376224,3.95,0.33,0.21,0.12,0.34,,,,,
2216,9076736,3388,32095.938377090726,20348.2404180271,6.19,2602.41,-0.0004765383455378469,4376.237571001053,0.36132036315393634,6.44352512e-06,0.9853118,3.95,0.33,0.21,0.12,0.34,,,,,
2217,9080832,3391,33133.78932692695,21000.837616521996,6.31,2665.41,-0.00043064545479865046,16374.87879228592,0.39767344057327136,6.441919488e-06,0.9629889,4.01,0.33,0.21,0.1,0.36,,,,,
2218,9084928,3393,32028.281090102737,20344.497168390168,6.33,2579.59,-0.00035034772190556396,10500.857643604279,0.3962403743935283,6.440313856000001e-06,0.96315044,4.13,0.32,0.2,0.1,0.38,,,,,
2219,9089024,3394,31977.56682063069,20326.38355719623,6.33,2574.9,-0.0003127170366497012,7072.425094127655,0.35362002221518196,6.438708224000001e-06,0.9831706,4.14,0.31,0.21,0.1,0.38,,,,,
2220,9093120,3395,32470.21227862834,20648.171470987905,6.39,2584.63,-0.00038090329962869873,6946.06407225132,0.3978848288243171,6.437102592000001e-06,0.97100574,4.19,0.3,0.21,0.1,0.39,,,,,
2221,9097216,3396,32933.14056065859,20943.323908048515,6.39,2623.63,-0.00027261603690931224,10458.165952920914,0.41238822194281965,6.4354969600000005e-06,0.931592,4.14,0.31,0.21,0.1,0.38,,,,,
2222,9101312,3399,33033.06686647929,21021.493158507696,6.47,2621.32,-0.00020998580839659553,41129.13374233246,0.39858055592048913,6.433891328e-06,0.8586155,4.23,0.31,0.2,0.09,0.4,,,,,
2223,9105408,3401,32380.846939626535,20601.942230023138,6.41,2590.42,-0.00022326118050841615,14631.81849372387,0.33641957788495347,6.432285696e-06,0.9132664,4.2,0.32,0.19,0.1,0.39,,,,,
2224,9109504,3403,32414.453893188256,20659.22725758166,6.43,2593.51,-9.60412435233593e-05,37592.834438323975,0.4569412940181792,6.430680064000001e-06,0.38176155,4.22,0.32,0.19,0.09,0.4,,,,,
2225,9113600,3404,32560.477205292344,20747.98233926551,6.41,2612.3,-0.000275786889687879,15117.444124221802,0.38166235259268433,6.429074432e-06,0.9422663,4.17,0.32,0.2,0.09,0.39,43044.43061205938,27478.41233134383,7.233333333333333,3048.9333333333334,0.06666666666666667
2226,9117696,3405,32525.775559058475,20728.1916805036,6.41,2608.52,-0.001069847301550908,3820.279408812523,0.3911235266714357,6.427468800000001e-06,0.9688818,4.17,0.32,0.2,0.09,0.39,,,,,
2227,9121792,3407,32223.45550179763,20526.329294951178,6.34,2579.15,-0.00051778961551463,3616.267560660839,0.4255013403017074,6.425863168000001e-06,0.959405,4.13,0.31,0.21,0.1,0.38,,,,,
2228,9125888,3410,31596.17329817001,20139.61055263035,6.28,2544.06,-0.0006511143592433655,5626.1252183914185,0.40624341962393373,6.424257536000001e-06,0.96238625,4.11,0.31,0.22,0.09,0.38,,,,,
2229,9129984,3412,31681.957913640952,20201.373743256634,6.22,2552.46,-0.0004989961362298345,3460.868659257889,0.3568560359708499,6.422651904e-06,0.9585534,4.04,0.31,0.22,0.11,0.36,,,,,
2230,9134080,3414,31831.478698444647,20303.218623439636,6.17,2571.7,-0.0008998699477160699,2875.181137561798,0.38788004720117897,6.421046272e-06,0.96677387,3.97,0.32,0.22,0.11,0.35,,,,,
2231,9138176,3416,31808.654925281953,20285.570002785345,6.24,2565.92,-0.0010747430787887424,2610.71248793602,0.40322200977243483,6.41944064e-06,0.94590104,4.05,0.31,0.22,0.11,0.36,,,,,
2232,9142272,3417,31990.359740538985,20400.143014601308,6.2,2585.23,-0.0003359260499564698,8662.45394873619,0.44799416314344853,6.417835008e-06,0.98110926,3.99,0.31,0.23,0.11,0.35,,,,,
2233,9146368,3418,32946.37925982654,21007.317734894797,6.22,2636.43,-0.00041229774615203496,8179.857022583485,0.3710301487299148,6.416229376e-06,0.9794624,3.96,0.31,0.23,0.12,0.34,,,,,
2234,9150464,3420,32863.866185779676,20990.130904768423,6.21,2638.31,-0.0003413529811950866,20916.46538090706,0.3743453267670702,6.414623744e-06,0.92069983,3.95,0.31,0.23,0.12,0.34,,,,,
2235,9154560,3420,32863.866185779676,20990.130904768423,6.21,2638.31,-0.00040282629743160214,7886.357070922852,0.34159006871050224,6.413018112000001e-06,0.98750055,3.95,0.31,0.23,0.12,0.34,,,,,
2236,9158656,3421,34036.73212378225,21748.651873356364,6.27,2686.82,-0.00018833579633792397,42715.925454854965,0.3340267142630182,6.4114124800000005e-06,0.975516,3.97,0.3,0.24,0.12,0.34,,,,,
2237,9162752,3423,34179.54323008484,21863.20731917586,6.31,2693.91,-0.000392137551898486,22469.502570271492,0.382028470718069,6.409806848e-06,0.96663773,4.0,0.31,0.23,0.11,0.35,,,,,
2238,9166848,3423,34179.54323008484,21863.20731917586,6.31,2693.91,-0.0007222592530524707,41262.455661058426,0.3545204022084363,6.408201216e-06,0.98477376,4.0,0.31,0.23,0.11,0.35,,,,,
2239,9170944,3426,34983.46967603409,22404.05671161259,6.38,2732.59,-0.0011311971447867109,4371.336382091045,0.46073612169129774,6.406595584000001e-06,0.91187435,4.03,0.32,0.21,0.12,0.35,,,,,
2240,9175040,3428,35148.05669470441,22514.642381842426,6.42,2745.74,-0.0005811960945720784,3736.42384070158,0.3915989372180775,6.4049899520000005e-06,0.95190394,4.06,0.32,0.2,0.13,0.35,,,,,
2241,9179136,3430,34121.9049906774,21838.707798609437,6.29,2696.05,-0.0008239277030952508,2397.1660162210464,0.4183663856238127,6.403384320000001e-06,0.8968532,3.98,0.32,0.21,0.13,0.34,,,,,
2242,9183232,3430,34121.9049906774,21838.707798609437,6.29,2696.05,-0.0008280037927761441,4948.103279232979,0.3285576244816184,6.401778688000001e-06,0.9680199,3.98,0.32,0.21,0.13,0.34,,,,,
2243,9187328,3431,34991.224294662155,22345.548755528143,6.27,2757.1,-0.0003915500419680029,2770.4467458724976,0.3177411602810025,6.400173056000001e-06,0.9912013,3.89,0.33,0.21,0.13,0.33,,,,,
2244,9191424,3433,34266.15658968565,21899.325304981092,6.21,2703.96,-0.0008859956869855523,4330.179493069649,0.43510732863796875,6.3985674240000004e-06,0.8800074,3.89,0.33,0.21,0.13,0.33,,,,,
2245,9195520,3433,34266.15658968565,21899.325304981092,6.21,2703.96,-0.00047068371259229025,3211.4366431832314,0.34356232470599934,6.396961792e-06,0.98286086,3.89,0.33,0.21,0.13,0.33,,,,,
2246,9199616,3437,32992.34268596132,21053.92746188011,6.12,2658.82,-0.0006164569258544361,8206.323117136955,0.42164977674838156,6.39535616e-06,0.67431974,3.83,0.35,0.21,0.12,0.32,,,,,
2247,9203712,3438,32886.026757551226,20991.22285510278,6.17,2648.01,-0.0005952420942776371,5014.924035847187,0.34611537656746805,6.393750528000001e-06,0.98080564,3.89,0.35,0.2,0.12,0.33,,,,,
2248,9207808,3439,32941.80620105922,21026.347026209198,6.16,2660.59,-0.0002850481578207109,28156.65204310417,0.3968886294751428,6.392144896e-06,0.9741519,3.87,0.35,0.2,0.13,0.32,,,,,
2249,9211904,3441,33172.390638489065,21156.07530847089,6.23,2667.4,-0.00020093496823392343,5498.998704314232,0.40107405581511557,6.390539264e-06,0.93320304,3.93,0.35,0.19,0.13,0.33,,,,,
2250,9216000,3443,33412.30024405909,21295.105337452795,6.19,2701.28,-0.0003657503366412129,4629.938194513321,0.43416873150272295,6.388933632000001e-06,0.8947166,3.85,0.37,0.19,0.12,0.32,41471.96301450278,26568.80148228675,7.333333333333333,3009.5666666666666,0.1
2251,9220096,3446,32235.68641395197,20550.027181040306,6.14,2622.84,-0.0003580050342861796,27063.255706071854,0.39789567375555634,6.387328000000001e-06,0.8991721,3.89,0.36,0.19,0.12,0.33,,,,,
2252,9224192,3448,32757.713745119676,20886.56172777051,6.17,2655.92,-0.0006874671507830499,2770.559988975525,0.3741044532507658,6.385722368e-06,0.97999716,3.89,0.36,0.19,0.12,0.33,,,,,
2253,9228288,3448,32757.713745119676,20886.56172777051,6.17,2655.92,-0.000609003936915542,5185.012059092522,0.44324843160575256,6.384116736e-06,0.98385906,3.89,0.36,0.19,0.12,0.33,,,,,
2254,9232384,3448,32757.713745119676,20886.56172777051,6.17,2655.92,-0.00015670008633605903,23942.780334949493,0.32651807871297933,6.382511104e-06,0.97861725,3.89,0.36,0.19,0.12,0.33,,,,,
2255,9236480,3450,34582.462226548225,22024.405921765887,6.21,2773.3,-0.0006846382111689309,1826.5063747763634,0.380178317631362,6.380905472e-06,0.98460364,3.81,0.37,0.19,0.12,0.32,,,,,
2256,9240576,3452,33936.215529918096,21619.09793812476,6.19,2734.45,-0.00040063768301479286,2975.800024330616,0.39884098019683734,6.379299840000001e-06,0.91290236,3.83,0.37,0.19,0.12,0.32,,,,,
2257,9244672,3453,33754.21787903086,21505.534618568137,6.18,2719.45,-0.0005349707098503131,5494.721689462662,0.3526183187204879,6.377694208e-06,0.9745208,3.83,0.37,0.19,0.12,0.32,,,,,
2258,9248768,3458,32739.34947493473,20869.783189384794,6.2,2645.03,-0.0007212356204036041,6243.51109623909,0.4247866742662154,6.376088576000001e-06,0.9641884,3.93,0.37,0.17,0.12,0.34,,,,,
2259,9252864,3459,32862.624891510844,20925.954206295253,6.17,2661.76,-0.0011200917651876807,1914.3450955152512,0.3983595739409793,6.3744829440000005e-06,0.9523372,3.88,0.38,0.17,0.12,0.33,,,,,
2260,9256960,3461,32462.940186646298,20665.561986681063,6.15,2631.63,-0.0012330718300290755,1856.9271431565285,0.41754257027059793,6.372877312e-06,0.95059913,3.9,0.38,0.16,0.13,0.33,,,,,
2261,9261056,3461,32462.940186646298,20665.561986681063,6.15,2631.63,-0.0005911201324124704,5986.5278995633125,0.36783991279662587,6.37127168e-06,0.9856511,3.9,0.38,0.16,0.13,0.33,,,,,
2262,9265152,3462,32438.62972789936,20663.226980199484,6.15,2631.68,-0.00029762607300654054,9094.890711903572,0.3419741911930032,6.369666048000001e-06,0.97469974,3.9,0.38,0.16,0.13,0.33,,,,,
2263,9269248,3464,32340.630676664947,20571.129457393763,6.12,2632.11,-0.0005946347664576024,2542.9828556776047,0.4135822483804077,6.3680604160000005e-06,0.94345415,3.86,0.4,0.14,0.13,0.33,,,,,
2264,9273344,3467,32145.447059134975,20427.90384692253,6.1,2627.84,-0.00042253148421877995,3693.575337409973,0.3923492589383386,6.366454784000001e-06,0.93462527,3.84,0.41,0.13,0.14,0.32,,,,,
2265,9277440,3468,31831.313047979158,20233.945443182245,6.08,2600.05,-0.000998309087663074,4302.900335252285,0.3267599448445253,6.364849152000001e-06,0.9515884,3.85,0.4,0.14,0.14,0.32,,,,,
2266,9281536,3468,31831.313047979158,20233.945443182245,6.08,2600.05,-0.0006116318154454348,9014.627990484238,0.42652623349567875,6.363243520000001e-06,0.98530674,3.85,0.4,0.14,0.14,0.32,,,,,
2267,9285632,3469,32948.19898734206,20938.34112756422,6.11,2678.94,-0.0003171490807289956,3885.2365556955338,0.37583734790678136,6.3616378880000004e-06,0.9696372,3.8,0.41,0.14,0.14,0.31,,,,,
2268,9289728,3472,33220.62452783905,21162.6961481493,6.17,2691.15,-0.00027850812057295116,19120.93394088745,0.3662110291188583,6.360032256e-06,0.96603715,3.84,0.41,0.14,0.14,0.31,,,,,
2269,9293824,3473,33441.56996397618,21281.82421031584,6.15,2706.16,-0.0005347500627976842,2684.143150627613,0.3415744358499069,6.358426624e-06,0.965587,3.8,0.41,0.15,0.14,0.3,,,,,
2270,9297920,3476,33147.36098107605,21114.648921652177,6.25,2674.45,-0.0008263474092018441,5186.920633196831,0.43915315059712157,6.356820992e-06,0.8491964,3.93,0.4,0.14,0.14,0.32,,,,,
2271,9302016,3478,33080.07194507626,21033.646352681648,6.2,2674.2,-0.0003280403743701754,14612.267421126366,0.37528047745581716,6.35521536e-06,0.96367705,3.88,0.4,0.15,0.14,0.31,,,,,
2272,9306112,3479,33171.34371271927,21136.68094760592,6.28,2671.5,-0.0003399763172637904,11278.939027667046,0.42094712727703154,6.353609728e-06,0.9259484,3.97,0.39,0.15,0.14,0.32,,,,,
2273,9310208,3480,33012.6177952449,21046.959410965414,6.28,2655.29,-0.0007479366304323776,8169.95031106472,0.39190389052964747,6.352004096000001e-06,0.92249936,3.99,0.38,0.16,0.14,0.32,,,,,
2274,9314304,3480,33012.6177952449,21046.959410965414,6.28,2655.29,-0.0003858396339637693,4529.710803747177,0.32651205771253444,6.350398464000001e-06,0.98890865,3.99,0.38,0.16,0.14,0.32,,,,,
2275,9318400,3482,34367.17512348521,21859.971065271726,6.26,2747.35,-0.0003889923209499102,13175.145977854729,0.3953560958034359,6.348792832e-06,0.9585404,3.87,0.39,0.16,0.15,0.3,41461.20099996371,26411.76403809999,7.266666666666667,2971.4333333333334,0.03333333333333333
2276,9322496,3482,34367.17512348521,21859.971065271726,6.26,2747.35,-0.0002773625346890185,10710.196729779243,0.3595646256580949,6.3471872e-06,0.95290565,3.87,0.39,0.16,0.15,0.3,,,,,
2277,9326592,3483,34874.06808829434,22183.764610619397,6.28,2789.65,-0.0014197518212313298,3142.0863317251205,0.36774439239525236,6.345581568000001e-06,0.951869,3.84,0.4,0.16,0.14,0.3,,,,,
2278,9330688,3485,33820.27849728013,21516.553254513154,6.21,2723.93,-0.00031295827375288354,1534.311549127102,0.391430267423857,6.3439759360000005e-06,0.8770159,3.84,0.4,0.16,0.14,0.3,,,,,
2279,9334784,3485,33820.27849728013,21516.553254513154,6.21,2723.93,-0.00045934996160212904,3261.8467478752136,0.37106187420431525,6.342370304000001e-06,0.9863034,3.84,0.4,0.16,0.14,0.3,,,,,
2280,9338880,3486,34526.06696561972,21983.175530221215,6.25,2766.61,-0.00036018004902871326,12009.757767677307,0.4179488130030222,6.340764672000001e-06,0.9559362,3.84,0.4,0.16,0.14,0.3,,,,,
2281,9342976,3486,34526.06696561972,21983.175530221215,6.25,2766.61,-0.0018958552936965134,2457.667598128319,0.40405055577866733,6.339159040000001e-06,0.9766073,3.84,0.4,0.16,0.14,0.3,,,,,
2282,9347072,3488,34187.45736085066,21755.526886522133,6.28,2738.85,-0.0005833933537360281,4514.321535050869,0.36411138469702564,6.3375534080000005e-06,0.9819584,3.89,0.39,0.16,0.14,0.31,,,,,
2283,9351168,3489,34097.44633584327,21712.635905616073,6.28,2730.14,-0.0012031727683279314,3300.627737879753,0.36384650514810346,6.335947776e-06,0.9805838,3.9,0.38,0.17,0.14,0.31,,,,,
2284,9355264,3490,34278.53908198943,21798.86880743365,6.25,2751.07,-0.0005302560584823368,6089.708712100983,0.38638208131305873,6.334342144e-06,0.97608757,3.84,0.38,0.18,0.14,0.3,,,,,
2285,9359360,3490,34278.53908198943,21798.86880743365,6.25,2751.07,-0.0006374565436999546,6547.503744959831,0.38128403457812965,6.332736512e-06,0.98163855,3.84,0.38,0.18,0.14,0.3,,,,,
2286,9363456,3491,35550.67367819487,22617.826158459768,6.28,2819.32,-0.00024019891861826181,16462.001951813698,0.36643389583332464,6.3311308800000005e-06,0.98858494,3.8,0.38,0.18,0.15,0.29,,,,,
2287,9367552,3492,36087.001290403256,22955.681978187273,6.26,2857.71,-0.0010638907333486713,3101.3089581131935,0.3712768543337006,6.329525248e-06,0.9851139,3.74,0.38,0.19,0.15,0.28,,,,,
2288,9371648,3493,36437.335141332565,23157.61994746575,6.27,2874.94,-0.0007621544991707196,7791.847544908524,0.3477663632656913,6.327919616000001e-06,0.9824667,3.73,0.38,0.19,0.16,0.27,,,,,
2289,9375744,3495,35577.365862568826,22621.356357310902,6.29,2824.09,-0.0003602160404625465,14274.135424137115,0.39234215969918296,6.326313984000001e-06,0.8641582,3.81,0.38,0.18,0.16,0.28,,,,,
2290,9379840,3497,35216.69945552101,22370.538820468493,6.25,2802.8,-0.0011411143495934084,3461.7604061365128,0.4473049606895074,6.324708352e-06,0.93501806,3.8,0.38,0.18,0.16,0.28,,,,,
2291,9383936,3499,35248.7450314788,22362.037047499038,6.14,2823.78,-0.0005516846194950631,1704.4782463610172,0.414331505773589,6.32310272e-06,0.93416536,3.66,0.4,0.18,0.16,0.26,,,,,
2292,9388032,3500,35529.27166527291,22535.608563141566,6.13,2851.2,-0.0007680420958422474,2808.214946627617,0.3866289385186974,6.321497088e-06,0.9428861,3.62,0.41,0.18,0.15,0.26,,,,,
2293,9392128,3500,35529.27166527291,22535.608563141566,6.13,2851.2,-0.0008402795829169918,1932.179454922676,0.3501939376583323,6.319891456e-06,0.97950655,3.62,0.41,0.18,0.15,0.26,,,,,
2294,9396224,3503,36123.23769387918,22837.602807216914,6.09,2893.39,-0.0011266690598858986,1672.0563389956951,0.43741968512767926,6.318285824e-06,0.988038,3.52,0.42,0.19,0.15,0.24,,,,,
2295,9400320,3504,35454.83005052895,22414.624089012108,6.06,2850.7,-0.0007636851196366479,8908.493182063103,0.4124229121953249,6.316680192e-06,0.9666188,3.54,0.42,0.18,0.16,0.24,,,,,
2296,9404416,3506,35290.61542101431,22331.10277748011,6.06,2834.54,-0.0007831399916540249,9044.66015636921,0.3936547233024612,6.315074560000001e-06,0.60294855,3.57,0.41,0.19,0.16,0.24,,,,,
2297,9408512,3507,35890.097347601644,22701.261484875547,6.1,2877.84,-0.0010231574397039367,3554.3781228661537,0.40342101792339236,6.3134689280000006e-06,0.9826733,3.56,0.42,0.18,0.16,0.24,,,,,
2298,9412608,3510,35573.51194266759,22482.179377282937,6.07,2864.68,-0.000849886137075373,5917.514550924301,0.39161181973759085,6.311863296e-06,0.7091844,3.55,0.43,0.16,0.17,0.24,,,,,
2299,9416704,3513,35415.85376552207,22361.59712915118,6.07,2847.95,-0.0005220134280534694,3560.3384948968887,0.4201410032401327,6.310257664e-06,0.9678704,3.57,0.42,0.18,0.15,0.25,,,,,
2300,9420800,3514,35664.24838508917,22547.77080498032,6.13,2854.63,-0.0003628946124081267,9527.120077252388,0.40683943626936525,6.308652032000001e-06,0.97034514,3.63,0.41,0.18,0.15,0.26,30829.67824729021,19796.45543416858,6.566666666666666,2302.9333333333334,0.06666666666666667
2301,9424896,3515,35861.535110585115,22694.01552217662,6.17,2862.92,-0.0006969863998165238,11339.441098690033,0.3536697808885947,6.3070464000000005e-06,0.9814372,3.66,0.41,0.17,0.16,0.26,,,,,
2302,9428992,3517,36545.56014477285,23144.985022855413,6.17,2904.55,-0.0006173596520966385,4939.406277656555,0.3445886144472752,6.305440768e-06,0.9594648,3.62,0.41,0.17,0.16,0.26,,,,,
2303,9433088,3517,36545.56014477285,23144.985022855413,6.17,2904.55,-0.0009176443272735924,4021.1679109334946,0.4323466155328788,6.303835136000001e-06,0.9692273,3.62,0.41,0.17,0.16,0.26,,,,,
2304,9437184,3517,36545.56014477285,23144.985022855413,6.17,2904.55,-0.00038868116644152906,9386.827358841896,0.37728689843788743,6.302229504000001e-06,0.97869563,3.62,0.41,0.17,0.16,0.26,,,,,
2305,9441280,3518,36943.23205123309,23374.00217170481,6.17,2942.48,-0.0005868098050996196,5295.857946157455,0.36716725217411295,6.3006238720000005e-06,0.9841208,3.58,0.42,0.17,0.15,0.26,,,,,
2306,9445376,3518,36943.23205123309,23374.00217170481,6.17,2942.48,-0.0007072739717841614,3995.7995412945747,0.3342540175653994,6.29901824e-06,0.98727626,3.58,0.42,0.17,0.15,0.26,,,,,
2307,9449472,3519,37496.102395528666,23731.959955001297,6.17,2990.71,-0.0010226822232652921,12828.911678314209,0.36810155943385325,6.297412608e-06,0.97864485,3.53,0.43,0.17,0.15,0.25,,,,,
2308,9453568,3522,36396.70369735883,23046.50101504697,6.13,2921.91,-0.00030463018902082695,18889.000274419785,0.41233945137355477,6.295806976e-06,0.9340623,3.56,0.42,0.17,0.15,0.26,,,,,
2309,9457664,3526,35189.70617557576,22232.029061722675,6.03,2864.95,-0.0009734732147990144,3803.8220116496086,0.4068966094055213,6.2942013440000004e-06,0.4452206,3.52,0.42,0.17,0.15,0.26,,,,,
2310,9461760,3528,35178.728369547745,22228.369728293987,6.0,2864.7,-0.00047488637574133463,7412.316821694374,0.43409405840793625,6.292595712e-06,0.9348167,3.49,0.42,0.18,0.14,0.26,,,,,
2311,9465856,3529,35118.932411257774,22205.7685526045,6.01,2856.42,-0.00029097285096213454,7636.881682634354,0.38923767846426927,6.290990080000001e-06,0.89596575,3.51,0.41,0.19,0.14,0.26,,,,,
2312,9469952,3531,34393.209274310124,21751.539892409168,6.02,2815.37,-0.001263066315004835,2715.5658425688744,0.4495744542218745,6.289384448000001e-06,0.92695844,3.56,0.41,0.18,0.14,0.27,,,,,
2313,9474048,3533,34448.93963367489,21778.041516052777,6.03,2823.18,-0.000886530353454873,5386.69282835722,0.4088514372706413,6.287778816e-06,0.8820383,3.56,0.41,0.18,0.14,0.27,,,,,
2314,9478144,3534,34025.950834916155,21510.895660132857,6.0,2791.41,-0.000735586897462781,4181.690362811089,0.377724140038481,6.286173184e-06,0.95058316,3.56,0.41,0.18,0.14,0.27,,,,,
2315,9482240,3535,34418.15589831429,21759.141242686786,5.96,2829.68,-0.00044020306995662395,41280.1326944828,0.39463971642544493,6.284567552000001e-06,0.95734316,3.48,0.42,0.18,0.14,0.26,,,,,
2316,9486336,3537,35486.84576051996,22492.104827499745,6.12,2872.81,-0.00017662311074673198,77816.70467567444,0.3229507964570075,6.28296192e-06,0.9556766,3.61,0.41,0.17,0.14,0.28,,,,,
2317,9490432,3537,35486.84576051996,22492.104827499745,6.12,2872.81,-0.0004818040270038182,1973.8424611091614,0.3587223868817091,6.281356288000001e-06,0.97841126,3.61,0.41,0.17,0.14,0.28,,,,,
2318,9494528,3539,35209.124038954054,22292.046051546484,6.06,2869.44,-0.0003531399579514982,8944.629201412201,0.3808201085194014,6.279750656000001e-06,0.9758579,3.54,0.42,0.17,0.14,0.27,,,,,
2319,9498624,3539,35209.124038954054,22292.046051546484,6.06,2869.44,-0.00037567599247267935,6945.447214961052,0.4030889899004251,6.278145024000001e-06,0.9812525,3.54,0.42,0.17,0.14,0.27,,,,,
2320,9502720,3540,36283.59347273591,22991.260454854768,6.07,2931.38,-0.00028803542045352515,18927.708303451538,0.3494994306238368,6.2765393920000006e-06,0.98374707,3.49,0.42,0.17,0.15,0.26,,,,,
2321,9506816,3541,36377.7382545904,23066.483246510918,6.08,2940.94,-0.00032188847126235487,3953.963290989399,0.32073924998985603,6.27493376e-06,0.9599344,3.49,0.42,0.17,0.15,0.26,,,,,
2322,9510912,3544,36277.52403408503,23034.45432147882,6.17,2926.26,-0.0004899304876744282,10118.840508580208,0.4356251409626566,6.273328128e-06,0.86656725,3.6,0.4,0.18,0.15,0.27,,,,,
2323,9515008,3545,36559.209353911865,23186.035425157625,6.14,2952.7,-0.000656911701298668,3534.084621310234,0.43085898691788316,6.271722496e-06,0.9607026,3.54,0.41,0.18,0.15,0.26,,,,,
2324,9519104,3546,37044.87674791308,23477.849373785946,6.14,2989.82,-0.0005311271161190234,8945.754785895348,0.3932299356965814,6.2701168640000005e-06,0.9700212,3.5,0.41,0.19,0.15,0.25,,,,,
2325,9523200,3548,37125.99201774638,23527.113823252865,6.1,2999.75,-0.0005823879582749214,4507.030180811882,0.3909904914908111,6.268511232e-06,0.9823322,3.44,0.42,0.19,0.15,0.24,53607.84848354674,34248.78573398698,7.766666666666667,3649.9666666666667,0.13333333333333333
2326,9527296,3551,35639.57195985739,22604.13725148858,6.0,2896.9,-0.0004115750607525115,4477.555262923241,0.4102916272240691,6.266905600000001e-06,0.9741346,3.45,0.4,0.2,0.16,0.24,,,,,
2327,9531392,3551,35639.57195985739,22604.13725148858,6.0,2896.9,-0.0003911621524821385,10785.849800109863,0.37975028817891143,6.265299968000001e-06,0.97797865,3.45,0.4,0.2,0.16,0.24,,,,,
2328,9535488,3553,35979.58596394385,22841.258587648892,6.04,2894.88,-0.0009464920267419075,1570.3869344294071,0.4190895075444132,6.2636943360000005e-06,0.9528178,3.5,0.38,0.21,0.17,0.24,,,,,
2329,9539584,3556,35971.65222183853,22806.670601863745,5.98,2907.44,-0.0007512681768275797,2598.078825712204,0.42902146611595526,6.262088704e-06,0.9539609,3.42,0.39,0.22,0.16,0.23,,,,,
2330,9543680,3558,36350.90349762315,23048.859294263617,5.98,2946.25,-0.000683608673625713,6503.965623259544,0.393381874950137,6.260483072e-06,0.93849134,3.37,0.4,0.22,0.15,0.23,,,,,
2331,9547776,3560,36445.17873494281,23148.486565677464,6.1,2926.92,-0.0007073325923556695,9128.42058467865,0.34156898912624456,6.25887744e-06,0.9827843,3.52,0.38,0.22,0.15,0.25,,,,,
2332,9551872,3562,35921.782698066694,22818.081719718208,6.14,2882.61,-0.00029272143910930026,8888.851591408253,0.33632798815960996,6.2572718080000004e-06,0.9724284,3.61,0.37,0.22,0.14,0.27,,,,,
2333,9555968,3563,35815.460888856614,22762.68981316869,6.13,2875.32,-0.0011949254621868022,4636.9348467588425,0.34316030153422616,6.255666176e-06,0.7857978,3.61,0.37,0.22,0.14,0.27,,,,,
2334,9560064,3563,35815.460888856614,22762.68981316869,6.13,2875.32,-0.0005346818306861678,8539.372276067734,0.33465955406427383,6.254060544000001e-06,0.95314825,3.61,0.37,0.22,0.14,0.27,,,,,
2335,9564160,3564,36369.29075190255,23114.161634248718,6.17,2914.61,-0.00042359380995549145,4521.051054954529,0.36122531327418983,6.252454912000001e-06,0.9668251,3.61,0.37,0.22,0.14,0.27,,,,,
2336,9568256,3566,37048.11465382771,23544.63634088631,6.21,2959.6,-0.00048784630052978173,7581.970273017883,0.4001951985992491,6.25084928e-06,0.97441524,3.61,0.37,0.22,0.14,0.27,,,,,
2337,9572352,3567,37161.32790225957,23625.12255267763,6.19,2967.7,-0.0009568433993081271,3813.4066309928894,0.39072094130096957,6.249243648e-06,0.9573827,3.58,0.37,0.22,0.15,0.26,,,,,
2338,9576448,3567,37161.32790225957,23625.12255267763,6.19,2967.7,-0.0006691381495329551,4262.477695226669,0.39159476026543416,6.247638016e-06,0.98560417,3.58,0.37,0.22,0.15,0.26,,,,,
2339,9580544,3568,38186.04189832634,24258.798000170435,6.25,3035.38,-0.0003467783153610071,3618.362565457821,0.40005011708126403,6.246032384000001e-06,0.9885838,3.57,0.38,0.21,0.15,0.26,,,,,
2340,9584640,3569,37958.30136453755,24112.436633850415,6.24,3023.6,-0.00047398192873515654,6392.79573392868,0.342799985606689,6.244426752e-06,0.97775453,3.57,0.38,0.21,0.15,0.26,,,,,
2341,9588736,3570,37674.49583753399,23928.701698395944,6.22,3006.21,-0.0005678943507518852,2820.4278725981712,0.4211878359201364,6.242821120000001e-06,0.9573148,3.57,0.38,0.21,0.15,0.26,,,,,
2342,9592832,3571,38325.63539242288,24314.314659213498,6.22,3037.44,-0.0008746114499444957,20497.757457613945,0.36810765039990656,6.241215488000001e-06,0.9784831,3.54,0.38,0.21,0.15,0.26,,,,,
2343,9596928,3573,38216.886866629095,24241.79056296878,6.23,3030.48,-0.0004564588834909955,8433.667683780193,0.3885676286299713,6.2396098560000005e-06,0.9814977,3.55,0.39,0.2,0.15,0.26,,,,,
2344,9601024,3574,38988.92745919397,24762.18396123269,6.32,3053.61,-0.0006437774791265838,40361.164697408676,0.3569068917131517,6.238004224e-06,0.9775779,3.62,0.38,0.2,0.15,0.27,,,,,
2345,9605120,3575,39396.92737234509,25009.8631935262,6.31,3083.21,-0.0005648877468047431,3104.1548825502396,0.3829021792043932,6.236398592e-06,0.97053826,3.58,0.38,0.21,0.15,0.26,,,,,
2346,9609216,3577,39536.90830870047,25120.575314349597,6.27,3094.36,-0.000926628307752253,7277.946113348007,0.34471204300643876,6.23479296e-06,0.94268274,3.53,0.38,0.21,0.16,0.25,,,,,
2347,9613312,3579,39498.732985995804,25080.935704154515,6.25,3099.35,-0.00043557657227211166,4980.167396783829,0.36736794756143354,6.2331873280000005e-06,0.9685694,3.49,0.39,0.2,0.16,0.25,,,,,
2348,9617408,3581,38402.91149385593,24396.75032539926,6.24,3012.89,-0.0003793454252445372,11893.183817386627,0.37594282487407327,6.231581696e-06,0.9796546,3.57,0.38,0.19,0.16,0.27,,,,,
2349,9621504,3583,37894.10585393549,24082.377192098545,6.25,2967.05,-0.00020673339759014198,31708.632491111755,0.4097006123920437,6.229976064000001e-06,0.849075,3.64,0.37,0.19,0.16,0.28,,,,,
2350,9625600,3586,36698.76347215104,23371.78565391266,6.27,2868.49,-0.0010193626567343017,25807.845697045326,0.4110451636952348,6.228370432000001e-06,0.9340948,3.76,0.35,0.19,0.17,0.29,44998.03111890491,29125.706399303777,7.4,3153.9,0.13333333333333333
2351,9629696,3587,36246.854439573595,23097.3828780172,6.24,2839.46,-0.00037552424510067794,5957.08473610878,0.40248554322170094,6.2267648000000005e-06,0.9116005,3.76,0.35,0.19,0.17,0.29,,,,,
2352,9633792,3588,36581.923262982775,23305.627985702595,6.23,2869.32,-0.0007863410846766783,2330.7719472050667,0.37317608678131364,6.225159168e-06,0.97700524,3.72,0.35,0.2,0.17,0.28,,,,,
2353,9637888,3588,36581.923262982775,23305.627985702595,6.23,2869.32,-0.0004736278406198835,3205.677980005741,0.3547484160226304,6.223553536000001e-06,0.9873156,3.72,0.35,0.2,0.17,0.28,,,,,
2354,9641984,3589,37032.266806927764,23604.49842604132,6.25,2900.06,-0.0003057320118386997,12921.480302095413,0.3944621755508706,6.221947904e-06,0.9717628,3.71,0.36,0.19,0.17,0.28,,,,,
2355,9646080,3590,37081.00243260726,23659.305829084526,6.28,2892.24,-0.0004936639506922802,19389.749444961548,0.3470797748595942,6.220342272e-06,0.94333667,3.76,0.36,0.18,0.17,0.29,,,,,
2356,9650176,3590,37081.00243260726,23659.305829084526,6.28,2892.24,-0.00029292881981746177,10401.192254543304,0.39436922676395625,6.218736640000001e-06,0.9748288,3.76,0.36,0.18,0.17,0.29,,,,,
2357,9654272,3592,36459.708735802684,23292.157441499894,6.29,2859.47,-0.00020237386615917785,20594.921916484833,0.3256885251321364,6.217131008e-06,0.97229576,3.8,0.36,0.18,0.16,0.3,,,,,
2358,9658368,3595,35933.07615451817,22940.92614696064,6.14,2844.69,-0.0004027075647172751,4318.079555094242,0.4597410273272544,6.215525376000001e-06,0.9608263,3.65,0.37,0.2,0.15,0.28,,,,,
2359,9662464,3596,35946.43660875053,22956.367149478836,6.19,2833.98,-0.0003646236964414129,5895.456233382225,0.39691125229001045,6.213919744e-06,0.98458713,3.71,0.36,0.2,0.15,0.29,,,,,
2360,9666560,3596,35946.43660875053,22956.367149478836,6.19,2833.98,-0.00020832815380344982,13289.395954370499,0.3657262068009004,6.212314112e-06,0.9656847,3.71,0.36,0.2,0.15,0.29,,,,,
2361,9670656,3597,36866.60883423775,23551.081218499174,6.24,2883.13,-0.00032469671259605093,8385.428941071033,0.3868270849052351,6.21070848e-06,0.9687893,3.71,0.36,0.2,0.15,0.29,,,,,
2362,9674752,3599,37166.78161217175,23777.957022194914,6.29,2902.02,-0.0009194420617859578,25126.266714453697,0.48632529575843364,6.2091028480000006e-06,0.8111017,3.75,0.35,0.2,0.16,0.29,,,,,
2363,9678848,3601,36539.44147297769,23390.8302751877,6.25,2855.69,-0.0007119841793610249,3376.651986658573,0.36675087417825125,6.207497216e-06,0.8841266,3.76,0.34,0.21,0.16,0.29,,,,,
2364,9682944,3603,36553.9637480818,23400.22786250412,6.3,2856.67,-0.000788178860602784,5271.020851433277,0.3589649627392646,6.205891584000001e-06,0.9776085,3.81,0.34,0.2,0.16,0.3,,,,,
2365,9687040,3604,36888.46408514056,23601.047411652737,6.35,2867.87,-0.00036605547393264715,9288.874768614769,0.37225396995199844,6.204285952000001e-06,0.99054223,3.85,0.34,0.2,0.15,0.31,,,,,
2366,9691136,3606,37184.9104540535,23796.639994893423,6.38,2877.71,-0.0003899956655004644,8821.557937264442,0.38306606642436236,6.2026803200000005e-06,0.9517851,3.87,0.34,0.2,0.14,0.32,,,,,
2367,9695232,3607,36674.18462682403,23477.970760544413,6.34,2845.14,-0.0006815278684371151,4991.488145947456,0.42797586164670065,6.201074688e-06,0.92601985,3.87,0.34,0.2,0.14,0.32,,,,,
2368,9699328,3608,36894.52238766398,23615.256050379012,6.36,2861.69,-0.0014364659546117764,1898.7269286513329,0.43174268066650257,6.199469056e-06,0.9715285,3.87,0.34,0.2,0.14,0.32,,,,,
2369,9703424,3609,37609.44111878066,24076.225439789054,6.41,2908.62,-0.00046801995176792843,8074.192970395088,0.3153049430984538,6.197863424e-06,0.97166604,3.87,0.34,0.2,0.14,0.32,,,,,
2370,9707520,3610,37860.052759993654,24236.667310040975,6.41,2935.63,-0.0010654479074219125,6513.227820932865,0.4801610328722745,6.1962577920000005e-06,0.9209461,3.84,0.35,0.2,0.13,0.32,,,,,
2371,9711616,3610,37860.052759993654,24236.667310040975,6.41,2935.63,-0.0006258456833165837,3397.3363687992096,0.3047969334293157,6.19465216e-06,0.98660105,3.84,0.35,0.2,0.13,0.32,,,,,
2372,9715712,3612,38735.590971595004,24783.748518521254,6.42,3000.53,-0.0006283411057665944,2152.2408707737923,0.37990007107146084,6.193046528e-06,0.9348389,3.78,0.36,0.2,0.13,0.31,,,,,
2373,9719808,3612,38735.590971595004,24783.748518521254,6.42,3000.53,-0.00038498486173921265,5287.09391361475,0.36621930325054564,6.191440896000001e-06,0.98345363,3.78,0.36,0.2,0.13,0.31,,,,,
2374,9723904,3613,39344.58721496307,25178.627300945944,6.45,3044.4,-0.00034321828934480436,15116.261501073837,0.35458861544611864,6.1898352640000005e-06,0.97647125,3.76,0.37,0.19,0.13,0.31,,,,,
2375,9728000,3614,39852.971873467235,25507.371288781625,6.48,3060.86,-0.00042205640329484595,35935.946681678295,0.37533591187093407,6.188229632e-06,0.9657877,3.77,0.37,0.19,0.13,0.31,50598.0823582567,32610.169396021996,7.7,3444.5333333333333,0.23333333333333334
2376,9732096,3616,39407.46060711238,25173.934067549362,6.39,3052.01,-0.0005552258971874835,2851.8967195153236,0.40515358169795945,6.186624e-06,0.9493577,3.68,0.39,0.19,0.12,0.3,,,,,
2377,9736192,3617,39821.54524278091,25446.754939236573,6.42,3074.08,-0.0004707935213446035,11658.348116874695,0.43015054636634886,6.185018368000001e-06,0.9669792,3.69,0.39,0.19,0.12,0.3,,,,,
2378,9740288,3620,36793.52060305503,23534.83478828783,6.26,2888.49,-0.001319573937507812,4183.964875102043,0.41149059898452833,6.183412736e-06,0.7196005,3.71,0.38,0.19,0.13,0.3,,,,,
2379,9744384,3622,37002.35647401002,23639.22521738756,6.23,2908.53,-0.000887484514805692,4118.161631941795,0.38994516094680876,6.181807104e-06,0.8946166,3.66,0.39,0.19,0.13,0.29,,,,,
2380,9748480,3623,37156.67898320429,23698.960218171356,6.19,2928.12,-0.0005270769652270246,3884.246570825577,0.40179820999037474,6.180201472e-06,0.96678585,3.59,0.4,0.19,0.13,0.28,,,,,
2381,9752576,3626,37425.01632391005,23880.950023117563,6.24,2952.02,-0.0004342346601333702,9952.87872928381,0.40689457970438525,6.178595840000001e-06,0.13271296,3.62,0.4,0.19,0.13,0.28,,,,,
2382,9756672,3628,37124.87733126534,23696.55241753994,6.25,2925.31,-0.0005771618234575726,6424.174145042896,0.39135056996019557,6.176990208e-06,0.89687574,3.66,0.39,0.19,0.14,0.28,,,,,
2383,9760768,3629,37250.06270889141,23768.143289080454,6.25,2937.66,-0.000341267403200618,8846.634998440742,0.4162737426813692,6.175384576000001e-06,0.9600341,3.64,0.4,0.18,0.14,0.28,,,,,
2384,9764864,3632,37299.445457672475,23803.721883084614,6.26,2928.73,-0.000731105078557448,3087.148436963558,0.412939228117466,6.173778944e-06,0.9499841,3.66,0.39,0.19,0.14,0.28,,,,,
2385,9768960,3634,37569.89810654193,23969.936202239416,6.32,2932.96,-0.0006586226299987175,5061.405007004738,0.3879382108571008,6.1721733120000006e-06,0.9776029,3.72,0.37,0.2,0.15,0.28,,,,,
2386,9773056,3637,36345.74805432334,23124.311651084972,6.18,2867.71,-0.0006992772268858971,4169.303571283817,0.470110310066957,6.17056768e-06,0.9549113,3.64,0.37,0.2,0.17,0.26,,,,,
2387,9777152,3638,35400.80378751388,22523.402319876357,6.12,2809.09,-0.0011722738126991317,2244.509309709072,0.37506117846351117,6.168962048000001e-06,0.9184479,3.64,0.37,0.2,0.17,0.26,,,,,
2388,9781248,3639,35938.60465278682,22850.147249758997,6.13,2852.77,-0.0009375639892823528,3838.3831589818,0.4447540179535281,6.167356416000001e-06,0.9815821,3.6,0.38,0.2,0.16,0.26,,,,,
2389,9785344,3641,34916.27492254862,22184.5426402413,6.07,2802.53,-0.0004610037067322992,3741.799214184284,0.40777292038546875,6.1657507840000005e-06,0.9613157,3.59,0.38,0.21,0.15,0.26,,,,,
2390,9789440,3642,34611.57284059496,21989.89401907133,6.04,2776.64,-0.000359370200385456,49537.95444428921,0.368103959626751,6.164145152e-06,0.96339285,3.59,0.38,0.21,0.15,0.26,,,,,
2391,9793536,3644,35749.324428849584,22694.160884141707,6.03,2836.19,-0.0004273535705578979,3521.9619472026825,0.42304823239101097,6.16253952e-06,0.9834793,3.52,0.38,0.22,0.15,0.25,,,,,
2392,9797632,3645,35754.45245523153,22701.516872040367,6.04,2831.75,-0.0015523695528827375,3774.007413983345,0.40563002473209053,6.160933888000001e-06,0.97254854,3.54,0.37,0.23,0.15,0.25,,,,,
2393,9801728,3645,35754.45245523153,22701.516872040367,6.04,2831.75,-0.0005550673176912824,4091.716456204653,0.3305675331503153,6.1593282560000005e-06,0.9877671,3.54,0.37,0.23,0.15,0.25,,,,,
2394,9805824,3646,36585.269354254495,23221.451206546342,6.08,2879.07,-0.00048430226797790965,10242.286427140236,0.31540319335181266,6.157722624e-06,0.98694974,3.53,0.38,0.22,0.15,0.25,,,,,
2395,9809920,3648,36312.072467785954,23031.45480528337,6.03,2871.38,-0.000958602086029714,5142.3026522397995,0.390056839591125,6.156116992e-06,0.91285324,3.49,0.39,0.22,0.14,0.25,,,,,
2396,9814016,3648,36312.072467785954,23031.45480528337,6.03,2871.38,-0.0002472072210366605,47715.90798223019,0.32591854309430346,6.154511360000001e-06,0.97552496,3.49,0.39,0.22,0.14,0.25,,,,,
2397,9818112,3649,37198.25929957924,23607.241615870895,6.07,2910.3,-0.000533930216988665,53850.30526185036,0.344918980874354,6.1529057280000004e-06,0.95433843,3.5,0.39,0.22,0.14,0.25,,,,,
2398,9822208,3651,37523.60492964418,23846.216090421694,6.12,2938.11,-0.00039581865348736756,10283.685586929321,0.4291184287285432,6.151300096e-06,0.974584,3.52,0.4,0.21,0.13,0.26,,,,,
2399,9826304,3652,37448.15079628408,23808.746833580608,6.13,2927.7,-0.0008451250496364082,11527.891088724136,0.38528062240220606,6.149694464e-06,0.98143643,3.54,0.4,0.21,0.12,0.27,,,,,
2400,9830400,3652,37448.15079628408,23808.746833580608,6.13,2927.7,-0.0002618005673866719,5641.130179166794,0.33607921400107443,6.148088832000001e-06,0.9861055,3.54,0.4,0.21,0.12,0.27,40760.40280323503,26015.660052245777,7.233333333333333,2969.8333333333335,0.03333333333333333
2401,9834496,3655,38311.38767334414,24368.93904617631,6.26,2969.6,-7.585517232655548e-05,118940.45753002167,0.40281537431292236,6.1464832e-06,0.745293,3.64,0.39,0.2,0.12,0.29,,,,,
2402,9838592,3656,38481.38873826731,24467.36472874205,6.22,2989.23,-0.0007326496170207975,1143.0312029123306,0.3524712726648431,6.144877568e-06,0.96442544,3.58,0.4,0.2,0.12,0.28,,,,,
2403,9842688,3657,38686.2344644724,24587.699306464256,6.23,3004.11,-0.0006523927731905133,5733.975002110004,0.42333257623249665,6.143271936e-06,0.9731269,3.58,0.4,0.2,0.12,0.28,,,,,
2404,9846784,3658,39150.4716316851,24907.399809592847,6.29,3023.09,-0.0003078541408285673,14287.438017964363,0.40201645175693557,6.141666304000001e-06,0.95552635,3.63,0.4,0.19,0.12,0.29,,,,,
2405,9850880,3658,39150.4716316851,24907.399809592847,6.29,3023.09,-0.0013557276361098047,4455.48445224762,0.3973788523580879,6.140060672e-06,0.9742564,3.63,0.4,0.19,0.12,0.29,,,,,
2406,9854976,3659,39429.67782166054,25060.05233345514,6.27,3058.32,-0.00039710375313006807,4828.568663954735,0.3660455454373732,6.138455040000001e-06,0.96861106,3.57,0.41,0.19,0.12,0.28,,,,,
2407,9859072,3659,39429.67782166054,25060.05233345514,6.27,3058.32,-0.00049360320190317,4575.827221155167,0.3622562759555876,6.136849408000001e-06,0.98811585,3.57,0.41,0.19,0.12,0.28,,,,,
2408,9863168,3662,39919.96204099959,25368.581382532382,6.19,3111.55,-0.000695681819706806,5637.2665449380875,0.40699668912566267,6.1352437760000005e-06,0.90262264,3.43,0.42,0.2,0.12,0.26,,,,,
2409,9867264,3662,39919.96204099959,25368.581382532382,6.19,3111.55,-0.0006946580251678824,3377.488954126835,0.4047133136773482,6.133638144e-06,0.9648935,3.43,0.42,0.2,0.12,0.26,,,,,
2410,9871360,3664,39613.4100572932,25184.924854491706,6.21,3087.49,-0.0003003405890922295,4975.020634591579,0.42668983340263367,6.132032512e-06,0.92591965,3.48,0.41,0.2,0.12,0.27,,,,,
2411,9875456,3665,39242.63173448744,24958.92852111921,6.19,3067.91,-0.0007113349165592808,4491.091151416302,0.36783929998637177,6.130426880000001e-06,0.97629535,3.48,0.41,0.2,0.12,0.27,,,,,
2412,9879552,3667,39218.312012629714,24945.6666665186,6.19,3068.66,-0.0013282562558742939,5661.703088819981,0.38800267258193344,6.1288212480000005e-06,0.9022687,3.48,0.41,0.21,0.1,0.28,,,,,
2413,9883648,3668,38568.8740369169,24549.40286144636,6.16,3029.3,-0.001556537339638453,2955.588229238987,0.39286105521023273,6.127215616e-06,0.9636803,3.49,0.4,0.22,0.1,0.28,,,,,
2414,9887744,3671,37274.71490431417,23724.456539045183,6.14,2946.3,-0.0006006723833706928,7409.195011973381,0.36520583007950336,6.125609984e-06,0.9641383,3.56,0.39,0.22,0.1,0.29,,,,,
2415,9891840,3674,36300.8936658722,23071.480374151186,6.02,2901.41,-0.0014695491609018063,1108.118083357811,0.42928262357600033,6.124004352000001e-06,0.951494,3.49,0.39,0.22,0.11,0.28,,,,,
2416,9895936,3675,36308.23922640069,23077.71321826603,6.01,2911.71,-0.0004854713452004944,5319.781627297401,0.4244448698591441,6.1223987200000005e-06,0.9675716,3.47,0.4,0.21,0.11,0.28,,,,,
2417,9900032,3677,36111.440857491136,22930.25544746679,6.0,2894.69,-0.0011779667511291336,3772.869704067707,0.4053135895228479,6.120793088e-06,0.9702704,3.48,0.4,0.21,0.11,0.28,,,,,
2418,9904128,3679,36417.55250773493,23083.363727540556,5.97,2917.95,-0.0012656576709559886,2988.478305578232,0.41935693949926645,6.119187456e-06,0.9747098,3.43,0.4,0.22,0.11,0.27,,,,,
2419,9908224,3681,36247.73552526027,22962.989984119846,5.95,2910.36,-0.00028167157051939284,9380.51203751564,0.4053231046127621,6.117581824000001e-06,0.97998863,3.42,0.4,0.22,0.12,0.26,,,,,
2420,9912320,3682,36406.33007172809,23084.065082925128,5.96,2916.35,-0.0006336228425425361,20455.300699472427,0.37891957408282906,6.1159761920000004e-06,0.95938146,3.42,0.4,0.22,0.12,0.26,,,,,
2421,9916416,3682,36406.33007172809,23084.065082925128,5.96,2916.35,-0.0004868747464570333,4458.472186565399,0.4274584662052803,6.11437056e-06,0.9747314,3.42,0.4,0.22,0.12,0.26,,,,,
2422,9920512,3683,37973.94177240001,24062.166363871158,6.02,3009.45,-0.0003612082591644139,18716.34303867817,0.37985684402519837,6.112764928e-06,0.9872324,3.38,0.41,0.22,0.11,0.26,,,,,
2423,9924608,3683,37973.94177240001,24062.166363871158,6.02,3009.45,-0.0005239345773588866,4475.31877052784,0.3676456574758049,6.111159296000001e-06,0.9396704,3.38,0.41,0.22,0.11,0.26,,,,,
2424,9928704,3684,38539.20386167505,24421.695078436183,6.06,3050.81,-0.0004544374978650012,5534.607559084892,0.32342209326452576,6.109553664e-06,0.9511532,3.38,0.41,0.22,0.11,0.26,,,,,
2425,9932800,3685,38794.676039586324,24576.713243447393,6.06,3076.55,-0.0004840787942157476,4099.816408753395,0.37137866325792857,6.107948032000001e-06,0.9448726,3.35,0.42,0.22,0.1,0.26,35502.83257737417,23023.226350130088,6.9,2668.133333333333,0.06666666666666667
2426,9936896,3687,38834.65503906647,24591.950723711034,6.05,3087.01,-0.0004538916282399441,17901.329066753387,0.4337538622203283,6.106342400000001e-06,0.82399607,3.33,0.42,0.22,0.1,0.26,,,,,
2427,9940992,3688,38339.74147320812,24293.517351413397,6.03,3050.01,-0.0015788827804499306,2227.935422182083,0.3590021121199243,6.1047367680000006e-06,0.9622463,3.35,0.42,0.21,0.11,0.26,,,,,
2428,9945088,3690,37487.40951745815,23721.173852679814,6.0,3000.61,-0.0005109000330776325,6766.908945500851,0.3751205112785101,6.103131136e-06,0.9774817,3.36,0.42,0.21,0.11,0.26,,,,,
2429,9949184,3691,36842.73453943987,23319.21187665867,5.99,2954.23,-0.000987210819403117,4042.126294672489,0.4205319909960963,6.101525504e-06,0.96666473,3.4,0.42,0.2,0.11,0.27,,,,,
2430,9953280,3692,36852.03848423214,23290.63094123964,5.93,2974.57,-0.001036861130160105,8886.788051247597,0.3694806874846108,6.099919872000001e-06,0.6534549,3.32,0.43,0.2,0.11,0.26,,,,,
2431,9957376,3693,37441.74886269261,23657.286109826076,5.97,3014.13,-0.00021355269745981786,7577.0502409935,0.33334283393924125,6.0983142400000005e-06,0.95496255,3.32,0.43,0.2,0.11,0.26,,,,,
2432,9961472,3693,37441.74886269261,23657.286109826076,5.97,3014.13,-0.0005390369478845969,3328.035645842552,0.3988735386519693,6.096708608e-06,0.9836781,3.32,0.43,0.2,0.11,0.26,,,,,
2433,9965568,3695,37828.22406661403,23895.15388322041,6.02,3040.94,-0.0016704775480320677,4755.241628348827,0.41693703428609297,6.095102976e-06,0.923448,3.34,0.44,0.18,0.11,0.27,,,,,
2434,9969664,3696,38104.99989157498,24067.325449213342,6.0,3068.04,-0.00017291673430008814,55125.7654299736,0.3413930839160457,6.093497344000001e-06,0.9673004,3.29,0.44,0.19,0.11,0.26,,,,,
2435,9973760,3698,37489.29350208782,23713.163539717578,6.05,3007.87,-0.00106786385003943,3632.2918523550034,0.35005330824060366,6.0918917120000005e-06,0.96963704,3.41,0.43,0.18,0.11,0.28,,,,,
2436,9977856,3699,37567.2318629696,23745.189576646815,6.03,3021.8,-0.0003059908794966759,9220.205404043198,0.42163182771764696,6.09028608e-06,0.9572317,3.37,0.44,0.18,0.1,0.28,,,,,
2437,9981952,3701,37724.52666529931,23853.2497939933,6.07,3025.96,-0.0006328353701974265,3869.4055318832397,0.3747544975776691,6.088680448e-06,0.9345622,3.41,0.43,0.18,0.11,0.28,,,,,
2438,9986048,3701,37724.52666529931,23853.2497939933,6.07,3025.96,-0.00041625347057561157,4903.156364500523,0.3525717767479364,6.087074816000001e-06,0.9761712,3.41,0.43,0.18,0.11,0.28,,,,,
2439,9990144,3702,38715.681478470164,24493.186875272742,6.13,3080.15,-0.00030127851641736925,12182.88519191742,0.31898072228068486,6.0854691840000005e-06,0.9862592,3.41,0.43,0.18,0.11,0.28,,,,,
2440,9994240,3704,38712.99761985095,24505.78869208166,6.06,3093.65,-0.0003321684489492327,11906.267253279686,0.43607665121089667,6.083863552e-06,0.949612,3.32,0.43,0.19,0.12,0.26,,,,,
2441,9998336,3705,38470.06442141585,24319.320123829413,6.01,3093.79,-0.0008750608585614827,2047.827955543995,0.3980572725413367,6.08225792e-06,0.96172136,3.26,0.44,0.19,0.12,0.25,,,,,
2442,10002432,3705,38470.06442141585,24319.320123829413,6.01,3093.79,-0.000353538642229978,8691.42169892788,0.4062831516494043,6.080652288000001e-06,0.973854,3.26,0.44,0.19,0.12,0.25,,,,,
2443,10006528,3707,39038.66492549844,24684.83991531419,6.08,3127.93,-0.0005636045698338421,2129.5630126595497,0.370236723247217,6.079046656e-06,0.9782072,3.3,0.43,0.19,0.13,0.25,,,,,
2444,10010624,3709,38268.99577799198,24221.423579827733,6.07,3069.48,-0.0005644640059472295,6058.58039355278,0.4481756092282012,6.077441024e-06,0.96248055,3.35,0.42,0.19,0.13,0.26,,,,,
2445,10014720,3710,38151.10676702439,24151.127868635464,6.08,3053.69,-0.0004519136218732456,20212.695271730423,0.3830624359543435,6.075835392000001e-06,0.9756041,3.38,0.41,0.19,0.14,0.26,,,,,
2446,10018816,3713,37171.735921806976,23586.34150982615,6.1,2960.72,-0.00021369407477322966,9198.035027503967,0.3763800421147607,6.074229760000001e-06,0.87703735,3.51,0.39,0.19,0.14,0.28,,,,,
2447,10022912,3713,37171.735921806976,23586.34150982615,6.1,2960.72,-0.0007674047019463615,5726.423535227776,0.3766678952379152,6.072624128e-06,0.9716428,3.51,0.39,0.19,0.14,0.28,,,,,
2448,10027008,3715,37016.29579855701,23463.590864567017,6.05,2982.08,-0.00064046685838548,15947.701293587685,0.40462878163089044,6.071018496e-06,0.49319178,3.44,0.4,0.19,0.14,0.27,,,,,
2449,10031104,3718,36116.74533152787,22906.754186030375,6.08,2915.56,-0.0007441090847351006,6998.562201142311,0.4192295291577466,6.069412864000001e-06,0.82860017,3.54,0.39,0.19,0.14,0.28,,,,,
2450,10035200,3723,35757.41175102643,22706.738393375053,6.21,2874.78,-0.0007050982385408133,8514.860141158104,0.4526418251916766,6.0678072320000006e-06,0.86765844,3.72,0.37,0.18,0.14,0.31,42519.358798942696,27311.224466715787,7.3,3040.866666666667,0.06666666666666667
2451,10039296,3724,35994.90558828624,22858.939706038138,6.24,2884.31,-0.0004279542845324613,28305.357603549957,0.34958855257718824,6.0662016e-06,0.95533425,3.74,0.37,0.18,0.13,0.32,,,,,
2452,10043392,3726,36643.450015106224,23316.718231672334,6.31,2912.84,-0.0002886405754907173,32383.4000787735,0.3823187936213799,6.064595968e-06,0.9536154,3.78,0.36,0.19,0.13,0.32,,,,,
2453,10047488,3730,36013.533209849455,22905.94432902178,6.38,2850.95,-0.000620972316028201,4703.980545043945,0.4005428106756881,6.062990336000001e-06,0.98507535,3.92,0.35,0.17,0.13,0.35,,,,,
2454,10051584,3733,35730.45670914353,22758.90891424655,6.42,2825.69,-0.00039005027792882174,11715.035014629364,0.3886270083603449,6.0613847040000005e-06,0.96245444,3.99,0.34,0.17,0.13,0.36,,,,,
2455,10055680,3735,35816.470835866814,22848.398523335458,6.44,2827.61,-0.0004288841782909003,7445.2958173155785,0.3833743021241389,6.059779072e-06,0.961767,4.01,0.34,0.17,0.12,0.37,,,,,
2456,10059776,3736,36134.06867138116,23056.408843126093,6.47,2854.38,-0.0004890618529316271,5454.989504933357,0.43343036709120497,6.05817344e-06,0.9745771,4.01,0.34,0.17,0.12,0.37,,,,,
2457,10063872,3737,37016.07650866636,23626.064744057065,6.52,2900.83,-0.00042459620817680843,13997.48726606369,0.4135256298468448,6.056567808000001e-06,0.9778382,4.01,0.34,0.17,0.12,0.37,,,,,
2458,10067968,3737,37016.07650866636,23626.064744057065,6.52,2900.83,-0.00019677222189784516,10163.345450043678,0.36090727205737494,6.0549621760000005e-06,0.97520566,4.01,0.34,0.17,0.12,0.37,,,,,
2459,10072064,3739,37582.34021794021,24012.98978406786,6.59,2919.07,-0.0009178502277791267,3815.098022401333,0.3688372974283993,6.053356544e-06,0.98550874,4.07,0.32,0.18,0.13,0.37,,,,,
2460,10076160,3740,37554.79926854825,23996.691329092457,6.58,2924.51,-0.0007707384402237949,6686.554020524025,0.39979368989588693,6.051750912e-06,0.9468285,4.05,0.33,0.17,0.13,0.37,,,,,
2461,10080256,3740,37554.79926854825,23996.691329092457,6.58,2924.51,-0.0007094692668943026,20053.36557805538,0.3562349004787393,6.05014528e-06,0.97706914,4.05,0.33,0.17,0.13,0.37,,,,,
2462,10084352,3743,37881.630177203246,24209.357120150165,6.6,2944.75,-3.710977762239054e-05,139003.44685661793,0.3915982997859828,6.0485396480000004e-06,0.2848112,4.05,0.32,0.18,0.13,0.37,,,,,
2463,10088448,3747,35938.4257264294,23020.264210185815,6.58,2806.02,-0.0005315250673447736,4404.209988117218,0.44011293712537736,6.046934016e-06,0.8953546,4.17,0.3,0.16,0.16,0.38,,,,,
2464,10092544,3749,34647.64380623543,22168.509066286286,6.47,2746.85,-0.0005560180252359714,3054.650524497032,0.39429679804015905,6.045328384000001e-06,0.9331614,4.11,0.3,0.17,0.16,0.37,,,,,
2465,10096640,3753,32670.46557841396,20852.41307980182,6.35,2637.51,-0.0024543821200495586,3397.3261605501175,0.42329348355997354,6.043722752e-06,0.9149375,4.09,0.31,0.17,0.16,0.36,,,,,
2466,10100736,3756,32704.47812576102,20897.438163631807,6.4,2632.29,-0.0002610898609418655,9230.165344119072,0.42969626374542713,6.04211712e-06,0.94750285,4.14,0.3,0.17,0.17,0.36,,,,,
2467,10104832,3759,31226.053336187266,19946.352532115157,6.36,2522.19,-0.0003346676749060862,8799.207649946213,0.3968895191210322,6.040511488e-06,0.9499134,4.22,0.28,0.17,0.19,0.36,,,,,
2468,10108928,3761,30653.95573516075,19584.130747797702,6.31,2485.4,-0.0005848586242791498,2762.836955308914,0.43423558439826593,6.038905856000001e-06,0.9750098,4.21,0.28,0.17,0.19,0.36,,,,,
2469,10113024,3761,30653.95573516075,19584.130747797702,6.31,2485.4,-0.0007817123187123798,2580.6316801309586,0.3631824589683674,6.037300224000001e-06,0.9727891,4.21,0.28,0.17,0.19,0.36,,,,,
2470,10117120,3762,31388.910563083642,20041.620434340533,6.35,2534.21,-0.0018444358538545202,13822.111409902573,0.35997390549164265,6.035694592e-06,0.92463297,4.2,0.29,0.16,0.19,0.36,,,,,
2471,10121216,3763,30965.09652199234,19775.07089491363,6.32,2500.11,-0.0006288499535003211,20524.179865837097,0.3743472150817979,6.03408896e-06,0.9698224,4.2,0.29,0.16,0.19,0.36,,,,,
2472,10125312,3764,31689.56546346028,20255.002606066933,6.38,2531.09,-0.0003991964986198582,26474.591676473618,0.35996156008332036,6.032483328000001e-06,0.97149307,4.23,0.29,0.16,0.19,0.36,,,,,
2473,10129408,3765,31406.14233979316,20074.503072788542,6.36,2509.96,-0.0003980882065661717,1924.647542566061,0.3587982024473604,6.0308776960000006e-06,0.9807451,4.23,0.29,0.16,0.19,0.36,,,,,
2474,10133504,3767,32000.518331281353,20405.170774017188,6.35,2564.08,-0.0010965135443257168,1976.2619001567364,0.4254443522077054,6.029272064e-06,0.9501575,4.16,0.31,0.15,0.19,0.35,,,,,
2475,10137600,3769,31608.939897335636,20201.792711932856,6.36,2525.7,-0.00028501591987151187,15438.100887656212,0.38924846178269945,6.027666432e-06,0.95031095,4.21,0.31,0.14,0.19,0.36,44778.7436387489,28829.660836643783,7.433333333333334,3168.4333333333334,0.13333333333333333
2476,10141696,3771,31754.92421474255,20276.377321757478,6.35,2531.2,-0.0005197412301640725,3536.98420214653,0.39613790859584697,6.026060800000001e-06,0.98889256,4.19,0.31,0.14,0.19,0.36,,,,,
2477,10145792,3774,32062.02401921965,20489.338216961554,6.37,2559.67,-0.0003685211504489416,5400.938995361328,0.39654618251370266,6.0244551680000005e-06,0.9228149,4.18,0.3,0.16,0.18,0.36,,,,,
2478,10149888,3775,32075.206299911024,20512.77123375516,6.38,2554.51,-0.0007566411350126145,7871.171207785606,0.38574022374814376,6.022849536e-06,0.95471007,4.19,0.29,0.17,0.18,0.36,,,,,
2479,10153984,3776,32089.48212231,20516.001519859758,6.38,2555.77,-0.0004664760281229974,10576.421761393547,0.3684765088837594,6.021243904e-06,0.93041015,4.19,0.29,0.17,0.18,0.36,,,,,
2480,10158080,3777,32583.698132773963,20830.083532761622,6.4,2587.78,-0.00044399186117516365,10254.713729262352,0.3746178204892203,6.019638272e-06,0.96715,4.18,0.29,0.17,0.18,0.36,,,,,
2481,10162176,3778,32805.15738315016,20998.397347616276,6.43,2591.34,-0.0002451469981679111,7502.174164235592,0.32833225961076096,6.0180326400000005e-06,0.9760804,4.21,0.28,0.17,0.19,0.36,,,,,
2482,10166272,3780,32879.087511046644,21034.29492111974,6.39,2605.82,-0.0005131180942044011,4158.503791511059,0.40001015487359837,6.016427008e-06,0.92219347,4.15,0.3,0.16,0.18,0.36,,,,,
2483,10170368,3780,32879.087511046644,21034.29492111974,6.39,2605.82,-0.0005378464284149231,2426.489025771618,0.3160090539313387,6.014821376000001e-06,0.9831426,4.15,0.3,0.16,0.18,0.36,,,,,
2484,10174464,3781,33216.15630637398,21257.94090672048,6.38,2642.62,-0.00030212449928512797,13350.607924580574,0.33994534486555494,6.013215744e-06,0.9805184,4.1,0.31,0.16,0.18,0.35,,,,,
2485,10178560,3783,32138.481816873667,20614.51195563878,6.37,2575.75,-0.0001527692293166183,22009.938050985336,0.41957968525821343,6.0116101120000004e-06,0.907696,4.17,0.3,0.16,0.18,0.36,,,,,
2486,10182656,3784,31691.934956719728,20329.448870826334,6.34,2544.64,-0.0005172082946955925,6512.832657754421,0.40559944859705865,6.01000448e-06,0.93560606,4.17,0.3,0.16,0.18,0.36,,,,,
2487,10186752,3788,31304.230283649693,20113.06293570345,6.42,2497.84,-0.00029956488560856087,15770.612157344818,0.41253993287682533,6.008398848000001e-06,0.8845939,4.31,0.28,0.16,0.18,0.38,,,,,
2488,10190848,3790,30627.43157891232,19692.38363529242,6.35,2455.52,-0.0008609806773165474,9680.007981300354,0.4309961590333842,6.006793216000001e-06,0.9548146,4.29,0.27,0.17,0.19,0.37,,,,,
2489,10194944,3791,31152.454481750327,20047.001537361753,6.4,2476.03,-0.00046182499136193655,41725.213762283325,0.3353551779582631,6.005187584e-06,0.96998143,4.32,0.27,0.17,0.19,0.37,,,,,
2490,10199040,3793,30718.791818577636,19807.129230725113,6.43,2428.54,-0.0004900752392131835,9789.860338926315,0.37073752025025897,6.003581952e-06,0.9787471,4.4,0.25,0.18,0.19,0.38,,,,,
2491,10203136,3793,30718.791818577636,19807.129230725113,6.43,2428.54,-0.0006868314521852881,6310.242479562759,0.44011324731400236,6.001976320000001e-06,0.9661022,4.4,0.25,0.18,0.19,0.38,,,,,
2492,10207232,3794,30510.650904911166,19696.288406274412,6.42,2416.43,-0.0004985460755051463,11043.317257285118,0.37609176768455654,6.000370688000001e-06,0.79979837,4.41,0.24,0.19,0.19,0.38,,,,,
2493,10211328,3796,31013.903638284024,19992.07466220202,6.45,2448.32,-0.0007499477105739061,31619.561499357224,0.40248242259258404,5.998765056e-06,0.86043227,4.41,0.25,0.18,0.19,0.38,,,,,
2494,10215424,3798,30413.47190676293,19584.939714344426,6.39,2431.51,-0.0006711774794894154,4862.156678557396,0.36413305113092065,5.997159424e-06,0.9265634,4.36,0.25,0.19,0.19,0.37,,,,,
2495,10219520,3799,30287.098149491096,19503.983106138123,6.38,2422.66,-0.0005489100085469545,8635.15404522419,0.38866897398838773,5.995553792000001e-06,0.7880842,4.36,0.25,0.19,0.19,0.37,,,,,
2496,10223616,3801,30208.00020305159,19444.672837673566,6.39,2423.94,-0.0008479525508846564,4449.2552008628845,0.4293560477090068,5.9939481600000005e-06,0.9124342,4.37,0.26,0.18,0.18,0.38,,,,,
2497,10227712,3803,28763.213471934785,18508.06510869521,6.36,2332.52,-0.0010199760044997674,3432.8933349847794,0.36914280126802623,5.992342528e-06,0.9115941,4.44,0.26,0.17,0.18,0.39,,,,,
2498,10231808,3803,28763.213471934785,18508.06510869521,6.36,2332.52,-0.00018801402256940491,6337.682426571846,0.3286411344015505,5.990736896e-06,0.978433,4.44,0.26,0.17,0.18,0.39,,,,,
2499,10235904,3804,29401.95525738519,18897.990585085114,6.38,2385.1,-0.0006225777801773802,4758.967925965786,0.3595735408598557,5.989131264e-06,0.90689075,4.41,0.27,0.17,0.17,0.39,,,,,
2500,10240000,3807,28853.124897304122,18568.443792966158,6.34,2354.7,-0.0004482827175706916,3621.7501390576363,0.5136531404568814,5.9875256320000005e-06,0.89866227,4.4,0.27,0.17,0.17,0.39,34197.11522840014,21903.58705077057,6.833333333333333,2591.3,0.1
2501,10244096,3808,28828.806889030104,18546.394153441604,6.34,2350.5,-0.00036149637799098855,5979.369259595871,0.3676132283580955,5.98592e-06,0.8826585,4.4,0.27,0.17,0.17,0.39,,,,,
2502,10248192,3808,28828.806889030104,18546.394153441604,6.34,2350.5,-0.00022962668845138978,7395.3104783296585,0.34825947775971144,5.984314368000001e-06,0.9650749,4.4,0.27,0.17,0.17,0.39,,,,,
2503,10252288,3811,28542.383813959084,18297.082212871064,6.24,2355.01,-0.0011172831318617682,2640.6725249290466,0.4520913360756822,5.982708736e-06,0.9526001,4.29,0.28,0.19,0.16,0.37,,,,,
2504,10256384,3811,28542.383813959084,18297.082212871064,6.24,2355.01,-0.0005135637620696798,4259.335540890694,0.40945511747850105,5.9811031040000005e-06,0.9768523,4.29,0.28,0.19,0.16,0.37,,,,,
2505,10260480,3812,29858.747851031716,19122.17261035237,6.31,2441.12,-0.0001891875281216926,13984.874542474747,0.3583984451252036,5.979497472e-06,0.93602794,4.27,0.29,0.18,0.16,0.37,,,,,
2506,10264576,3813,29845.13383173307,19111.697472645887,6.3,2441.92,-0.0009804445880945423,3729.7204853892326,0.4097366089117713,5.977891840000001e-06,0.9741597,4.26,0.29,0.18,0.17,0.36,,,,,
2507,10268672,3815,29563.399617855535,18931.027618885,6.3,2412.14,-0.0002168421688111266,6458.805002987385,0.373804410250159,5.976286208000001e-06,0.96737003,4.29,0.28,0.18,0.18,0.36,,,,,
2508,10272768,3816,29623.591057815593,18965.129362165168,6.3,2417.95,-0.0005094301104691112,3604.1653280854225,0.36092865499085747,5.9746805760000004e-06,0.97509634,4.28,0.28,0.18,0.18,0.36,,,,,
2509,10276864,3817,30460.312256302448,19475.56070809288,6.31,2472.99,-0.0006266110349315568,9981.791860103607,0.3906440252321772,5.973074944e-06,0.97562635,4.23,0.28,0.19,0.18,0.35,,,,,
2510,10280960,3819,30612.631180371456,19593.20023511909,6.26,2483.66,-0.000327539064528537,6035.370902657509,0.37343749235151336,5.971469312000001e-06,0.9583993,4.17,0.28,0.19,0.19,0.34,,,,,
2511,10285056,3822,30919.53473318493,19804.572376737266,6.28,2509.25,-0.0003712240163622482,23980.288732647896,0.38257431384408846,5.969863680000001e-06,0.825905,4.17,0.29,0.19,0.18,0.34,,,,,
2512,10289152,3823,31042.23514461308,19870.311409226586,6.21,2522.76,-0.0003280842302046949,5815.123816847801,0.3895248535263818,5.968258048e-06,0.858259,4.08,0.3,0.19,0.18,0.33,,,,,
2513,10293248,3825,30425.73627987436,19418.376847067382,6.06,2506.11,-0.0016311282388414838,2838.3523620069027,0.4141490057227202,5.966652416e-06,0.9483993,3.94,0.31,0.2,0.18,0.31,,,,,
2514,10297344,3826,30727.44977869812,19597.644511896804,6.07,2530.45,-0.0005159185002412414,15940.912825345993,0.3619005389919039,5.965046784e-06,0.94694406,3.92,0.32,0.19,0.18,0.31,,,,,
2515,10301440,3827,30628.520458658415,19551.026018925717,6.06,2525.08,-0.00016141343758135918,3901.0323738455772,0.34275108558358625,5.9634411520000006e-06,0.954783,3.91,0.32,0.19,0.18,0.31,,,,,
2516,10305536,3828,31169.45362997847,19882.69575271715,6.06,2570.44,-0.0011122139767394401,4966.232292294502,0.34755167228286155,5.96183552e-06,0.9674205,3.86,0.33,0.19,0.18,0.3,,,,,
2517,10309632,3829,31723.636854682252,20235.810283298375,6.06,2618.15,-0.0003439697866269853,17532.226100206375,0.4551233204547316,5.960229888e-06,0.90444916,3.81,0.34,0.19,0.18,0.29,,,,,
2518,10313728,3829,31723.636854682252,20235.810283298375,6.06,2618.15,-0.00037463298667717027,18289.00906229019,0.3241009904886596,5.958624256e-06,0.9234299,3.81,0.34,0.19,0.18,0.29,,,,,
2519,10317824,3833,32581.400807592392,20770.208325421285,6.09,2661.59,-0.00024549464433221146,24340.331633210182,0.412773794028908,5.9570186240000005e-06,0.84775543,3.81,0.34,0.18,0.18,0.3,,,,,
2520,10321920,3836,31931.335734794502,20331.149650308853,6.04,2616.59,-0.0005012966234971827,5087.436134755611,0.4440009626559913,5.955412992e-06,0.895479,3.8,0.34,0.18,0.19,0.29,,,,,
2521,10326016,3839,30380.46604223839,19323.395743410543,5.97,2545.2,-0.0007748149018880213,4427.2730857133865,0.38926561101106927,5.95380736e-06,0.9511024,3.81,0.35,0.17,0.18,0.3,,,,,
2522,10330112,3840,30315.538509009668,19265.021737390467,5.96,2540.29,-0.0005403655159170739,22682.42378091812,0.44018579099792987,5.952201728e-06,0.5389406,3.81,0.35,0.17,0.18,0.3,,,,,
2523,10334208,3841,29543.629034846766,18749.20679650739,5.88,2509.03,-0.0007399059195449809,2799.264162480831,0.38489741168450564,5.9505960960000005e-06,0.9433401,3.75,0.36,0.17,0.18,0.29,,,,,
2524,10338304,3841,29543.629034846766,18749.20679650739,5.88,2509.03,-0.0011014517258445267,12254.871756732464,0.33034568253788166,5.948990464e-06,0.94947904,3.75,0.36,0.17,0.18,0.29,,,,,
2525,10342400,3842,31118.31430416868,19745.652829365838,5.96,2608.62,-0.00024397126617259346,23219.100131988525,0.38648079487029463,5.947384832000001e-06,0.9762287,3.73,0.37,0.16,0.18,0.29,42126.79641274595,27266.18096455232,7.3,3023.1,0.1
2526,10346496,3843,30963.043714102456,19652.17225094891,5.94,2602.14,-0.0004944395077473018,3783.1790014505386,0.3963558035029564,5.945779200000001e-06,0.8815189,3.72,0.38,0.15,0.18,0.29,,,,,
2527,10350592,3845,31414.848647859548,19928.21579216994,5.93,2639.88,-0.00064698626374593,2593.0840616226196,0.4501729573821649,5.9441735680000005e-06,0.9833065,3.67,0.39,0.15,0.18,0.28,,,,,
2528,10354688,3846,31715.970789328767,20103.3057612873,5.93,2670.1,-0.0008036525759962387,2745.7408116459846,0.39129489607876167,5.942567936e-06,0.9495599,3.64,0.4,0.15,0.17,0.28,,,,,
2529,10358784,3848,32101.682976778367,20393.56162739145,6.01,2695.89,-0.0004718914069599123,32762.934595823288,0.3613944150856696,5.940962304000001e-06,0.90246946,3.69,0.4,0.15,0.16,0.29,,,,,
2530,10362880,3848,32101.682976778367,20393.56162739145,6.01,2695.89,-0.00038263152873696527,7848.556196093559,0.33594470232492313,5.939356672000001e-06,0.9055712,3.69,0.4,0.15,0.16,0.29,,,,,
2531,10366976,3849,32898.52312102402,20891.323996246298,6.06,2749.2,-0.000676069099426968,4604.565822899342,0.37168945049052127,5.93775104e-06,0.9828132,3.68,0.41,0.14,0.16,0.29,,,,,
2532,10371072,3851,33041.15424041288,20977.492778545395,6.07,2758.98,-0.0005760417316196254,4372.45023137331,0.4052932027843781,5.936145408e-06,0.9329505,3.68,0.41,0.14,0.16,0.29,,,,,
2533,10375168,3853,33143.72789652836,21052.437472972437,6.03,2767.72,-0.00068575945624616,3319.507187306881,0.42972066439688206,5.934539776e-06,0.9072899,3.64,0.4,0.15,0.17,0.28,,,,,
2534,10379264,3853,33143.72789652836,21052.437472972437,6.03,2767.72,-0.0005446613286039792,5217.392370522022,0.38090724460198544,5.932934144000001e-06,0.97705317,3.64,0.4,0.15,0.17,0.28,,,,,
2535,10383360,3854,34427.04509767566,21868.06834226409,6.07,2851.72,-0.00048703625998314237,7214.902002692223,0.3474212098517455,5.931328512e-06,0.9836859,3.59,0.41,0.15,0.17,0.27,,,,,
2536,10387456,3856,34462.74244696212,21866.06448136024,5.98,2863.43,-0.0009181297227769392,4389.842804074287,0.42906284355558455,5.92972288e-06,0.9156385,3.49,0.42,0.16,0.16,0.26,,,,,
2537,10391552,3858,34328.63920811473,21777.063796480164,5.95,2855.45,-0.0002416523730062181,8297.224016308784,0.37414706964045763,5.928117248e-06,0.9604134,3.46,0.42,0.17,0.15,0.26,,,,,
2538,10395648,3861,34291.17216725276,21735.135243086977,5.91,2848.06,-0.0008055708967731334,2030.1084468960762,0.40230535026057623,5.9265116160000006e-06,0.9846847,3.42,0.42,0.18,0.15,0.25,,,,,
2539,10399744,3863,33641.60083622418,21330.49071484397,5.92,2802.62,-0.0005506992019945756,3990.6855315566063,0.3859046720317565,5.924905984e-06,0.9590282,3.48,0.41,0.18,0.15,0.26,,,,,
2540,10403840,3865,32849.603399992506,20791.05362161693,5.83,2761.36,-0.0004038170618514414,3292.747794687748,0.40026627789484337,5.923300352e-06,0.9559026,3.43,0.41,0.18,0.16,0.25,,,,,
2541,10407936,3867,32733.750368993708,20775.462415055947,5.89,2742.66,-0.00031566865891363705,12622.534234881401,0.37539391370955855,5.92169472e-06,0.96654797,3.51,0.4,0.18,0.16,0.26,,,,,
2542,10412032,3870,32457.538913482505,20581.835178804526,5.84,2731.97,-0.0009439836885576369,2748.0538274645805,0.38987235332024284,5.9200890880000005e-06,0.9825677,3.48,0.4,0.19,0.16,0.25,,,,,
2543,10416128,3871,32456.811436962365,20579.365247162947,5.8,2749.35,-0.0002955276759166736,2489.78719830513,0.3477859099803027,5.918483456e-06,0.9593568,3.42,0.41,0.19,0.16,0.24,,,,,
2544,10420224,3873,32914.488099489274,20872.33640145902,5.86,2773.01,-0.00036815795920119854,7819.1875603199005,0.3848758472595364,5.916877824000001e-06,0.97387445,3.46,0.41,0.18,0.17,0.24,,,,,
2545,10424320,3874,32879.71499992404,20848.087243899423,5.85,2774.6,-0.0006190795356815215,4177.259228467941,0.35867189944838174,5.915272192000001e-06,0.920445,3.45,0.42,0.17,0.17,0.24,,,,,
2546,10428416,3877,31977.759540190036,20257.982421452667,5.77,2716.87,-0.0010123792471858906,1515.3368161320686,0.39392439505900256,5.9136665600000005e-06,0.9633745,3.43,0.43,0.17,0.16,0.24,,,,,
2547,10432512,3879,31177.499183600714,19754.71051979061,5.75,2661.74,-0.0005174470334168291,4380.919114351273,0.3833653047331609,5.912060928e-06,0.8270863,3.47,0.43,0.17,0.15,0.25,,,,,
2548,10436608,3880,31669.724712796495,20061.691557961018,5.79,2698.79,-0.0008170573760253319,4877.59155857563,0.35965695697814226,5.910455296000001e-06,0.95368373,3.47,0.43,0.17,0.15,0.25,,,,,
2549,10440704,3882,30650.30971322049,19413.87057147162,5.77,2640.5,-0.0005956444319963339,9361.389174461365,0.3877375978336204,5.908849664000001e-06,0.93538684,3.51,0.42,0.18,0.15,0.25,,,,,
2550,10444800,3883,30590.867493672733,19353.455537640282,5.73,2648.08,-0.000730227654457849,3935.1805590987206,0.3716170141415205,5.9072440320000004e-06,0.9482456,3.45,0.43,0.18,0.15,0.24,38574.13207236446,24964.034332776024,7.1,2842.633333333333,0.06666666666666667
2551,10448896,3884,30899.330714304568,19531.019038264185,5.75,2667.78,-0.0012155040712968912,4487.135782122612,0.36252749754930846,5.9056384e-06,0.9788238,3.45,0.43,0.18,0.15,0.24,,,,,
2552,10452992,3885,30899.67397414525,19540.96741117248,5.77,2664.74,-0.0007556341734016314,11658.999645471573,0.3996185315772891,5.904032768e-06,0.9632205,3.47,0.43,0.18,0.15,0.24,,,,,
2553,10457088,3887,31793.60618684132,20086.84507908785,5.78,2705.29,-0.0003180258727297769,18874.001711130142,0.40023629867937416,5.902427136000001e-06,0.97360456,3.44,0.43,0.18,0.15,0.24,,,,,
2554,10461184,3887,31793.60618684132,20086.84507908785,5.78,2705.29,-0.0003376866307007731,11847.49018573761,0.369388596736826,5.900821504e-06,0.95443904,3.44,0.43,0.18,0.15,0.24,,,,,
2555,10465280,3889,32596.33811323291,20550.014844699064,5.77,2756.36,-0.00067002976720687,7763.118174314499,0.3899917247763369,5.899215872e-06,0.953021,3.37,0.44,0.18,0.15,0.23,,,,,
2556,10469376,3889,32596.33811323291,20550.014844699064,5.77,2756.36,-0.0004290431625122437,6930.492499113083,0.38431330787716433,5.89761024e-06,0.9703616,3.37,0.44,0.18,0.15,0.23,,,,,
2557,10473472,3890,33989.03100706543,21444.264174915807,5.83,2834.66,-0.00034872415926656686,17651.49944651127,0.35978916779276915,5.896004608000001e-06,0.9811886,3.35,0.44,0.19,0.14,0.23,,,,,
2558,10477568,3891,33720.07355492505,21230.46410601335,5.76,2842.41,-0.000618947163275152,4063.3874683380127,0.3836884602496866,5.894398976e-06,0.96909046,3.27,0.45,0.19,0.14,0.22,,,,,
2559,10481664,3892,33548.44097220658,21120.390467760153,5.77,2824.18,-0.0006856092377347522,3659.215098977089,0.3849486112885643,5.892793344e-06,0.977675,3.3,0.45,0.18,0.15,0.22,,,,,
2560,10485760,3894,33088.175641924354,20790.425577286795,5.68,2810.99,-0.0011155447018609266,2886.4387130737305,0.45576085650827736,5.891187712e-06,0.87841076,3.22,0.47,0.17,0.15,0.21,,,,,
2561,10489856,3895,32947.86574342272,20687.58782826914,5.68,2793.61,-0.0006967766566958744,14720.266242027283,0.3663493359053973,5.8895820800000005e-06,0.9679843,3.24,0.46,0.18,0.15,0.21,,,,,
2562,10493952,3897,32836.75233488294,20651.224953406618,5.71,2781.24,-0.0002882059561670758,16188.30112028122,0.3696991116157733,5.887976448e-06,0.9024375,3.29,0.46,0.17,0.15,0.22,,,,,
2563,10498048,3898,32992.35320200529,20745.300399285796,5.66,2801.23,-0.0010372822025601636,2588.718587040901,0.4322773421299644,5.886370816000001e-06,0.9671904,3.22,0.47,0.17,0.15,0.21,,,,,
2564,10502144,3901,32938.60294774521,20695.65025332296,5.71,2780.92,-0.0005715956294807256,5012.947912752628,0.3842839517747052,5.884765184000001e-06,0.9729661,3.29,0.45,0.18,0.16,0.21,,,,,
2565,10506240,3902,33593.22843008243,21146.206957867533,5.79,2802.36,-0.00035179408769181464,25020.518095493317,0.35489313714788295,5.8831595520000005e-06,0.969299,3.35,0.44,0.18,0.16,0.22,,,,,
2566,10510336,3903,33668.9155185313,21194.444218074026,5.72,2812.02,-0.000265870976363658,20817.53980231285,0.3910091435536742,5.88155392e-06,0.9730363,3.27,0.44,0.19,0.16,0.21,,,,,
2567,10514432,3905,33501.578819696086,21133.150413132007,5.76,2775.53,-0.0009061432865564711,2946.12002402544,0.4247430432587862,5.879948288e-06,0.96398216,3.34,0.43,0.19,0.16,0.22,,,,,
2568,10518528,3905,33501.578819696086,21133.150413132007,5.76,2775.53,-0.00016614737887721276,9508.5676176548,0.3569964853813872,5.878342656000001e-06,0.98454976,3.34,0.43,0.19,0.16,0.22,,,,,
2569,10522624,3907,34457.15551112643,21739.666811153205,5.82,2824.17,-0.0003691742658702424,6484.917656779289,0.36809290989185683,5.8767370240000005e-06,0.978135,3.36,0.43,0.18,0.17,0.22,,,,,
2570,10526720,3910,33680.34864027615,21270.315180764082,5.82,2764.03,-0.0010005245385400485,5454.426419079304,0.42825527137028985,5.875131392e-06,0.68701595,3.43,0.43,0.17,0.17,0.23,,,,,
2571,10530816,3911,33807.96149308887,21375.239396036464,5.86,2772.6,-0.00031080552435014397,6437.997915685177,0.3912446017493494,5.87352576e-06,0.9397389,3.46,0.43,0.16,0.17,0.24,,,,,
2572,10534912,3912,32880.67846424565,20781.983282678473,5.81,2719.83,-0.0002571608829384786,11834.258039832115,0.371170003520092,5.871920128000001e-06,0.9842166,3.46,0.43,0.16,0.17,0.24,,,,,
2573,10539008,3913,33346.60593094011,21093.66066346539,5.85,2742.78,-0.0005228298070960591,4262.9712280631065,0.3900488447106909,5.8703144960000004e-06,0.931581,3.48,0.43,0.16,0.16,0.25,,,,,
2574,10543104,3914,33532.71910086885,21213.89081845147,5.86,2753.12,-0.00034662741381907836,9315.810638427734,0.38814552122494206,5.868708864e-06,0.9739039,3.48,0.43,0.16,0.16,0.25,,,,,
2575,10547200,3916,33849.69593248532,21400.61108906221,5.87,2781.02,-0.0006841628364782082,2846.419000208378,0.43106085644103587,5.867103232e-06,0.9485654,3.46,0.44,0.16,0.15,0.25,47461.74970407956,30875.350063687245,7.6,3285.4,0.2
2576,10551296,3918,32839.76066542005,20788.200218299044,5.92,2711.82,-0.0007436456744471798,11021.649667859077,0.4632986845681444,5.865497600000001e-06,0.95612496,3.59,0.44,0.15,0.14,0.27,,,,,
2577,10555392,3920,33012.99147799931,20913.559494858408,5.93,2716.21,-0.0005620793090201914,4771.8745470047,0.42990888515487313,5.863891968e-06,0.9736476,3.59,0.43,0.16,0.14,0.27,,,,,
2578,10559488,3921,33521.528906252635,21234.89224057689,5.97,2758.2,-0.0004183105666015763,11462.480925440788,0.37757283030077815,5.862286336e-06,0.9227205,3.59,0.43,0.16,0.14,0.27,,,,,
2579,10563584,3923,33320.25627688569,21094.10434965202,5.98,2738.45,-0.0004311569337005494,6389.786721885204,0.43179412616882473,5.860680704e-06,0.9208107,3.62,0.42,0.16,0.15,0.27,,,,,
2580,10567680,3924,33699.57232227116,21336.482992487032,6.01,2766.46,-0.00044600615819945233,8092.080401539803,0.3774295877374243,5.8590750720000006e-06,0.96624625,3.62,0.42,0.16,0.15,0.27,,,,,
2581,10571776,3927,33367.21024690515,21139.997238561224,6.01,2740.49,-0.0004588306264849962,4697.611595213413,0.34740850536036305,5.85746944e-06,0.97700304,3.66,0.42,0.15,0.15,0.28,,,,,
2582,10575872,3927,33367.21024690515,21139.997238561224,6.01,2740.49,-0.0006692519764328608,2637.8159233629704,0.348298823722871,5.855863808000001e-06,0.977895,3.66,0.42,0.15,0.15,0.28,,,,,
2583,10579968,3928,33395.01219776152,21158.459554440164,6.01,2744.92,-0.0006126346806922811,3331.245421051979,0.3928550597047433,5.854258176000001e-06,0.9764174,3.66,0.42,0.15,0.15,0.28,,,,,
2584,10584064,3928,33395.01219776152,21158.459554440164,6.01,2744.92,-0.0002002063047257252,11803.230365037918,0.3557011741504539,5.8526525440000005e-06,0.98452395,3.66,0.42,0.15,0.15,0.28,,,,,
2585,10588160,3930,33307.22845515374,21116.02818953159,6.04,2730.56,-0.00030217246239772066,19190.046501636505,0.37302005506353453,5.851046912e-06,0.9778647,3.7,0.41,0.16,0.14,0.29,,,,,
2586,10592256,3930,33307.22845515374,21116.02818953159,6.04,2730.56,-0.000722874334314838,3536.5759416222572,0.3479710298124701,5.84944128e-06,0.97216076,3.7,0.41,0.16,0.14,0.29,,,,,
2587,10596352,3933,34096.75598248562,21634.506713688952,6.04,2795.76,-0.0005673507175742998,11274.518581151962,0.42981681594392285,5.847835648000001e-06,0.9365617,3.63,0.42,0.17,0.14,0.27,,,,,
2588,10600448,3934,34047.992086187325,21625.700749712403,6.05,2790.42,-0.0004235883097862825,4842.953797161579,0.42823351838160306,5.8462300160000005e-06,0.92576087,3.65,0.41,0.18,0.14,0.27,,,,,
2589,10604544,3937,34084.31757150958,21642.13959313435,6.08,2793.32,-0.0010377949593021185,4226.326333999634,0.4764334624633193,5.844624384e-06,0.9088062,3.68,0.41,0.18,0.13,0.28,,,,,
2590,10608640,3939,34324.75877212236,21756.157434522403,6.0,2820.18,-0.0005015101087337825,4968.60586309433,0.4416268412023783,5.843018752e-06,0.91214925,3.57,0.43,0.18,0.12,0.27,,,,,
2591,10612736,3941,33995.66332930063,21564.029675191498,6.06,2781.81,-0.0011270322511336417,2467.0575726628304,0.3399831180286128,5.841413120000001e-06,0.9574942,3.67,0.41,0.19,0.12,0.28,,,,,
2592,10616832,3944,32504.024099391037,20608.587265789603,6.07,2681.48,-0.0007224569017125759,7711.970130383968,0.4138851239695214,5.8398074880000005e-06,0.76287717,3.79,0.39,0.19,0.13,0.29,,,,,
2593,10620928,3947,31920.521973466322,20241.86356117991,6.09,2629.31,-0.0002462029819980671,7461.829597592354,0.3877251723606605,5.838201856e-06,0.93470365,3.87,0.38,0.19,0.12,0.31,,,,,
2594,10625024,3948,32181.04254263088,20401.1697753611,6.08,2645.61,-0.00016413945058957324,27502.848190307617,0.3531234795227647,5.836596224e-06,0.9525164,3.85,0.38,0.19,0.12,0.31,,,,,
2595,10629120,3949,31897.803964990144,20250.004414072642,6.09,2618.31,-0.0002650902233654051,12393.961833715439,0.3528798441111576,5.834990592000001e-06,0.9785535,3.9,0.37,0.19,0.12,0.32,,,,,
2596,10633216,3952,32062.17959006083,20391.084687655853,6.18,2606.31,-0.00026893904941971414,20391.38669025898,0.4168586520536337,5.83338496e-06,0.94069636,4.01,0.36,0.18,0.12,0.34,,,,,
2597,10637312,3953,32045.243969855765,20388.87129747543,6.17,2605.81,-0.0004216117613395909,16016.529323101044,0.40698134811827913,5.831779328e-06,0.819239,4.0,0.36,0.18,0.12,0.34,,,,,
2598,10641408,3954,31287.061650884538,19898.365744955765,6.13,2566.44,-0.00092069162747066,3602.1286590099335,0.3662093582388479,5.830173696e-06,0.9748543,4.0,0.36,0.18,0.12,0.34,,,,,
2599,10645504,3955,31648.11280073074,20122.05175691816,6.16,2592.01,-0.000835488684970187,5639.673563122749,0.37650572569691576,5.828568064000001e-06,0.97225296,4.0,0.36,0.18,0.12,0.34,,,,,
2600,10649600,3959,31295.79185221374,19905.193179644626,6.21,2574.53,-0.0004489048915274907,7468.946966826916,0.45120150630827993,5.826962432e-06,0.46524984,4.07,0.37,0.16,0.11,0.36,37586.37052431501,24172.665307354713,7.1,2894.6666666666665,0.06666666666666667
2601,10653696,3959,31295.79185221374,19905.193179644626,6.21,2574.53,-0.00044276740663917735,9352.951652288437,0.3569679396459833,5.825356800000001e-06,0.97880334,4.07,0.37,0.16,0.11,0.36,,,,,
2602,10657792,3961,32260.298563707405,20553.43285119453,6.28,2625.62,-0.0005933477523285546,13469.85327476263,0.3857716194179375,5.823751168000001e-06,0.9711705,4.09,0.37,0.15,0.12,0.36,,,,,
2603,10661888,3962,32252.08695821652,20557.352095294347,6.28,2625.95,-0.0005687512275471818,4199.155912458897,0.44185806135647,5.822145536e-06,0.9277621,4.09,0.37,0.15,0.12,0.36,,,,,
2604,10665984,3965,32385.903972330867,20639.527141559098,6.3,2635.02,-0.0006359749859257136,5068.760972678661,0.38524132332531735,5.820539904e-06,0.9357837,4.1,0.37,0.15,0.11,0.37,,,,,
2605,10670080,3965,32385.903972330867,20639.527141559098,6.3,2635.02,-0.00045959126600791933,3494.7553802132607,0.35300954012200236,5.818934272e-06,0.97883224,4.1,0.37,0.15,0.11,0.37,,,,,
2606,10674176,3966,32915.19671265131,20965.69796678829,6.33,2667.5,-0.00041073907141253585,15781.134603977203,0.4229996996582486,5.817328640000001e-06,0.9611113,4.1,0.37,0.15,0.11,0.37,,,,,
2607,10678272,3967,33187.89367510834,21102.01836967194,6.29,2693.66,-0.0005996430945742759,2911.8268671631813,0.3718662743922323,5.8157230080000005e-06,0.98573834,4.03,0.37,0.16,0.11,0.36,,,,,
2608,10682368,3967,33187.89367510834,21102.01836967194,6.29,2693.66,-0.000635189154309046,4963.192197680473,0.35682127202744596,5.814117376e-06,0.9751221,4.03,0.37,0.16,0.11,0.36,,,,,
2609,10686464,3969,34004.461657386106,21607.79158313023,6.36,2740.54,-0.0007825937827874441,3709.812769293785,0.4186855199513957,5.812511744e-06,0.981304,4.04,0.37,0.15,0.12,0.36,,,,,
2610,10690560,3970,34370.21106131162,21828.512988980023,6.34,2778.8,-0.0009597485432095709,4327.7360470891,0.39902146288659424,5.810906112000001e-06,0.97651505,3.98,0.38,0.15,0.12,0.35,,,,,
2611,10694656,3972,34242.819971585894,21784.291185185142,6.37,2751.95,-0.00045280744143383345,30414.28983426094,0.4272592967026867,5.8093004800000005e-06,0.95018494,4.04,0.37,0.15,0.12,0.36,,,,,
2612,10698752,3973,34452.946901922216,21917.88208117556,6.34,2770.36,-0.0006139256493042922,3006.350287795067,0.4128275960101746,5.807694848e-06,0.9319502,3.99,0.37,0.16,0.12,0.35,,,,,
2613,10702848,3973,34452.946901922216,21917.88208117556,6.34,2770.36,-0.0004522247018030612,5289.277502000332,0.34049665997736156,5.806089216e-06,0.9718205,3.99,0.37,0.16,0.12,0.35,,,,,
2614,10706944,3977,34999.708961965924,22319.512307775054,6.51,2787.27,-0.00036607502806873526,19710.765508294106,0.4145962516195141,5.804483584000001e-06,0.9668293,4.14,0.35,0.16,0.12,0.37,,,,,
2615,10711040,3980,34678.5333515131,22136.456438835146,6.49,2756.93,-0.000302442351312493,8580.232325553894,0.4256384837208316,5.8028779520000004e-06,0.956323,4.15,0.34,0.17,0.12,0.37,,,,,
2616,10715136,3981,34699.33930775209,22159.2056531711,6.49,2760.32,-0.00010539040613366524,24056.009924411774,0.4129526724573225,5.80127232e-06,0.81952715,4.15,0.34,0.17,0.12,0.37,,,,,
2617,10719232,3981,34699.33930775209,22159.2056531711,6.49,2760.32,-0.0002879168041545199,9761.453194737434,0.36668254889082164,5.799666688e-06,0.96204174,4.15,0.34,0.17,0.12,0.37,,,,,
2618,10723328,3983,35270.94445083206,22490.505581270005,6.45,2800.56,-0.0005240117056928284,5063.672009468079,0.3894095933646895,5.798061056000001e-06,0.89417183,4.07,0.34,0.18,0.12,0.36,,,,,
2619,10727424,3984,34940.52144781852,22336.245932557133,6.5,2768.0,-0.00030158462323015556,19124.893321037292,0.3717713524820283,5.796455424e-06,0.9565592,4.16,0.33,0.18,0.12,0.37,,,,,
2620,10731520,3989,32801.193073276714,20988.962496661014,6.38,2650.8,-0.0005230494898569304,9485.509724378586,0.3999076168984175,5.794849792e-06,0.9026004,4.16,0.33,0.18,0.11,0.38,,,,,
2621,10735616,3990,31908.524487109054,20427.746144851848,6.35,2605.4,-0.00036014029137731995,13816.701994776726,0.4196615401888266,5.793244160000001e-06,0.9724517,4.18,0.33,0.17,0.12,0.38,,,,,
2622,10739712,3994,31554.07753818918,20247.90897323531,6.44,2551.85,-0.00027039410088036675,13399.579311728477,0.35724514929461293,5.791638528e-06,0.9708569,4.33,0.3,0.18,0.12,0.4,,,,,
2623,10743808,3994,31554.07753818918,20247.90897323531,6.44,2551.85,-0.0009126737022597808,2184.7138715982437,0.3898265546595212,5.790032896e-06,0.9735954,4.33,0.3,0.18,0.12,0.4,,,,,
2624,10747904,3996,31371.98013304031,20127.810761209115,6.38,2551.97,-0.0005120554324093973,2651.6542181372643,0.370333196799038,5.788427264e-06,0.97503614,4.26,0.31,0.18,0.12,0.39,,,,,
2625,10752000,3997,31755.682214716977,20357.664996162173,6.38,2573.65,-0.0005191567224756,9501.004956364632,0.40688774222508073,5.786821632000001e-06,0.9768399,4.23,0.31,0.18,0.13,0.38,36400.286579022875,23452.467641265597,6.933333333333334,2694.8,0.1
2626,10756096,3997,31755.682214716977,20357.664996162173,6.38,2573.65,-0.00014687555631098803,23524.896708488464,0.29182372393552214,5.7852160000000005e-06,0.980299,4.23,0.31,0.18,0.13,0.38,,,,,
2627,10760192,4000,32197.918016147083,20689.281428972117,6.42,2574.96,-0.0004839757684749202,10447.859907388687,0.418419264460681,5.783610368e-06,0.9523947,4.27,0.3,0.18,0.14,0.38,,,,,
2628,10764288,4001,32565.061617822565,20950.33070282176,6.42,2594.16,-0.0005599590313067893,11491.117393136024,0.3208787489857059,5.782004736e-06,0.9731534,4.25,0.3,0.18,0.14,0.38,,,,,
2629,10768384,4006,30218.43372223545,19419.5926046915,6.35,2474.09,-0.0004464957492018584,8705.847614824772,0.4317627644049935,5.780399104000001e-06,0.8926415,4.3,0.3,0.17,0.15,0.38,,,,,
2630,10772480,4007,30221.25208616064,19416.37360176671,6.33,2478.84,-0.0007856587435526308,2697.746569931507,0.37931678019231185,5.7787934720000005e-06,0.97370815,4.27,0.31,0.17,0.14,0.38,,,,,
2631,10776576,4007,30221.25208616064,19416.37360176671,6.33,2478.84,-0.0004156426603003638,9327.956772565842,0.3405242880398873,5.77718784e-06,0.98942775,4.27,0.31,0.17,0.14,0.38,,,,,
2632,10780672,4008,31470.81835712381,20204.012533033583,6.42,2540.62,-0.0015952176354403491,14450.58375865221,0.3922307907778304,5.775582208e-06,0.9678558,4.3,0.3,0.17,0.15,0.38,,,,,
2633,10784768,4010,31997.83575893684,20533.66010822903,6.44,2573.83,-0.00017386226681992412,7631.035302519798,0.35702917861635797,5.773976576000001e-06,0.9828624,4.28,0.3,0.17,0.15,0.38,,,,,
2634,10788864,4011,32298.600982382595,20694.950884348294,6.43,2597.97,-0.0006843763785582269,6534.1886204481125,0.3700544308521785,5.7723709440000005e-06,0.96851695,4.24,0.3,0.18,0.15,0.37,,,,,
2635,10792960,4015,30340.135118659284,19493.04216945298,6.36,2454.47,-0.00027432602746557677,11313.323364377022,0.39610052888747305,5.770765312e-06,0.92163163,4.32,0.27,0.19,0.17,0.37,,,,,
2636,10797056,4016,30683.19818991145,19719.64453111957,6.39,2479.77,-0.00041614932342781685,7228.998366117477,0.4690248815459199,5.76915968e-06,0.9574119,4.32,0.27,0.19,0.17,0.37,,,,,
2637,10801152,4019,30617.81253711104,19626.580845801665,6.26,2482.47,-0.0007993579147296259,2036.5854768157005,0.4141703871428035,5.767554048000001e-06,0.9592171,4.18,0.28,0.19,0.18,0.35,,,,,
2638,10805248,4021,30596.873991354172,19615.693049130623,6.29,2462.93,-0.00045596523841595626,49139.54541563988,0.38918505964102224,5.7659484160000004e-06,0.9624798,4.23,0.27,0.2,0.18,0.35,,,,,
2639,10809344,4022,30860.819875292163,19765.55598557314,6.28,2491.04,-0.0006540528502227971,3069.781026214361,0.39429116778774187,5.764342784e-06,0.96875024,4.19,0.28,0.2,0.17,0.35,,,,,
2640,10813440,4024,30581.3894578434,19604.184675299366,6.25,2466.47,-0.00026110600447282195,15469.632436156273,0.36884892542730086,5.762737152e-06,0.8631836,4.19,0.28,0.2,0.17,0.35,,,,,
2641,10817536,4024,30581.3894578434,19604.184675299366,6.25,2466.47,-0.00043726516651076963,4990.295130252838,0.39789416262647137,5.76113152e-06,0.96077967,4.19,0.28,0.2,0.17,0.35,,,,,
2642,10821632,4027,30916.585695528604,19791.962964594593,6.3,2489.08,-0.000508524944052624,7177.527857065201,0.4185428438941017,5.759525888e-06,0.9792533,4.21,0.28,0.2,0.17,0.35,,,,,
2643,10825728,4029,29541.828604635855,18941.822837372718,6.27,2386.56,-0.00042831815790123073,8745.648665428162,0.40454846661305055,5.757920256e-06,0.9661727,4.29,0.27,0.2,0.17,0.36,,,,,
2644,10829824,4031,28908.36366068893,18511.885515690195,6.22,2351.98,-0.001045128714395105,10787.418119549751,0.460058324621059,5.756314624000001e-06,0.51639843,4.28,0.27,0.2,0.17,0.36,,,,,
2645,10833920,4032,29120.3458614584,18615.975635406576,6.19,2376.49,-0.001087584113520279,2407.294272571802,0.3836063187336549,5.754708992000001e-06,0.96280915,4.22,0.28,0.2,0.17,0.35,,,,,
2646,10838016,4032,29120.3458614584,18615.975635406576,6.19,2376.49,-0.0004473389508348191,5769.844578325748,0.37363688784535043,5.75310336e-06,0.9785662,4.22,0.28,0.2,0.17,0.35,,,,,
2647,10842112,4033,29954.014672934092,19126.69269014811,6.23,2435.2,-0.000421773207563092,9745.58319401741,0.3601491404697299,5.751497728e-06,0.97935927,4.2,0.29,0.19,0.17,0.35,,,,,
2648,10846208,4034,30534.407054165094,19514.523926348913,6.3,2459.19,-0.0003365867414686363,19345.915212750435,0.3412464911234565,5.749892096000001e-06,0.9447164,4.25,0.29,0.18,0.17,0.36,,,,,
2649,10850304,4035,30495.91194007407,19504.565814282145,6.3,2455.62,-0.0005894209070902434,5313.830278754234,0.35349519416922703,5.7482864640000005e-06,0.9591831,4.25,0.29,0.18,0.17,0.36,,,,,
2650,10854400,4037,31276.73037304758,19982.41524648445,6.31,2510.01,-0.00025457593892497243,10649.426085710526,0.39579560357378796,5.746680832e-06,0.96670914,4.19,0.3,0.18,0.16,0.36,47161.88361672755,30544.191520876324,7.633333333333334,3328.9333333333334,0.1
2651,10858496,4040,31183.238881683246,19947.85874696744,6.38,2489.09,-0.00031019121524877846,6736.438022017479,0.39582460053497925,5.7450752e-06,0.9597819,4.28,0.28,0.18,0.17,0.37,,,,,
2652,10862592,4041,31327.748653147475,20036.93087452377,6.36,2497.21,-0.00048548266750003677,8119.74818611145,0.38033907758654095,5.743469568000001e-06,0.97215444,4.25,0.28,0.18,0.17,0.37,,,,,
2653,10866688,4044,31456.009510680968,20141.813295513977,6.34,2511.41,-0.00044312994668871397,3996.442326903343,0.43881053099175915,5.7418639360000005e-06,0.89707005,4.21,0.28,0.19,0.16,0.37,,,,,
2654,10870784,4046,31366.911471996573,20085.40886614141,6.36,2501.12,-0.0006296622050285805,3580.615838289261,0.36885829898528755,5.740258304e-06,0.91971844,4.24,0.28,0.19,0.16,0.37,,,,,
2655,10874880,4048,31211.115845621327,19952.84573610002,6.27,2509.13,-0.0007554519606856047,3286.507656991482,0.41507462406298146,5.738652672e-06,0.9745761,4.13,0.28,0.21,0.16,0.35,,,,,
2656,10878976,4048,31211.115845621327,19952.84573610002,6.27,2509.13,-0.00102265234272636,6784.457093238831,0.33808619625051506,5.73704704e-06,0.98718834,4.13,0.28,0.21,0.16,0.35,,,,,
2657,10883072,4050,31034.708232586225,19791.61874904258,6.2,2512.74,-0.0009400690055372252,2952.7000988721848,0.36694755806820467,5.7354414080000005e-06,0.9626295,4.04,0.29,0.21,0.17,0.33,,,,,
2658,10887168,4052,31000.5050426901,19769.632540182403,6.21,2512.12,-0.0005203622968110722,4653.7456058859825,0.426513732469175,5.733835776e-06,0.9277718,4.05,0.3,0.2,0.17,0.33,,,,,
2659,10891264,4055,30492.28678287968,19488.751954871856,6.25,2471.56,-0.0007676053792238235,8095.712878346443,0.41564202145673335,5.732230144e-06,0.8848598,4.14,0.28,0.22,0.16,0.34,,,,,
2660,10895360,4056,30661.54974713733,19631.48133634696,6.31,2470.53,-0.0002982017213071231,12954.34453701973,0.3769238087988924,5.730624512e-06,0.9801267,4.2,0.27,0.22,0.16,0.35,,,,,
2661,10899456,4059,31111.965196424113,19907.544001250135,6.29,2500.13,-0.0003819955854851287,2665.35639667511,0.3315079086169135,5.72901888e-06,0.9516393,4.15,0.27,0.22,0.17,0.34,,,,,
2662,10903552,4060,30138.00681471528,19282.200607828756,6.26,2449.53,-0.0005498826958501013,6711.403028666973,0.41382573582814075,5.727413248e-06,0.9843669,4.17,0.27,0.22,0.16,0.35,,,,,
2663,10907648,4061,30673.218666879842,19615.591897790076,6.28,2482.76,-0.0005722381656596554,14143.569426119328,0.3796276123903226,5.725807616000001e-06,0.720929,4.16,0.27,0.22,0.17,0.34,,,,,
2664,10911744,4062,30848.02747023427,19708.468132007973,6.3,2483.17,-0.0008714584337212727,4239.00890737772,0.380983667622786,5.724201984000001e-06,0.9855025,4.18,0.26,0.23,0.17,0.34,,,,,
2665,10915840,4064,31290.017853790632,19989.123390858356,6.29,2519.53,-0.0002787374469335191,7798.217353582382,0.3996108942083083,5.722596352e-06,0.9259834,4.13,0.27,0.23,0.17,0.33,,,,,
2666,10919936,4065,31229.892086730615,19959.17586835094,6.25,2524.44,-0.0007795386864017928,3766.336485385895,0.3982482400315348,5.72099072e-06,0.9317701,4.08,0.28,0.23,0.17,0.32,,,,,
2667,10924032,4068,29577.757834103177,18940.201827355417,6.19,2406.2,-0.0005025223654229194,5681.9957174658775,0.4133078226586804,5.719385088000001e-06,0.97135246,4.15,0.26,0.23,0.19,0.32,,,,,
2668,10928128,4069,29748.927482546085,19057.562576317985,6.19,2423.03,-0.0005107237066113157,8146.618612289429,0.39436411298811436,5.7177794560000006e-06,0.91875714,4.13,0.26,0.24,0.18,0.32,,,,,
2669,10932224,4070,29356.021187823164,18818.345938343336,6.16,2394.0,-0.00041951443017751444,4725.674534261227,0.4195485233212821,5.716173824e-06,0.98284906,4.13,0.26,0.24,0.18,0.32,,,,,
2670,10936320,4073,29245.385261748248,18678.282008228045,6.15,2391.81,-0.0011067991417803569,3195.8894600868225,0.4374268741812557,5.714568192e-06,0.9775424,4.12,0.27,0.23,0.18,0.32,,,,,
2671,10940416,4076,28541.472274161755,18188.399660320218,6.09,2343.13,-0.0006386286513588857,4332.105734050274,0.3881572353420779,5.712962560000001e-06,0.92717314,4.12,0.26,0.23,0.19,0.32,,,,,
2672,10944512,4079,28156.41441272594,17985.859447596853,6.09,2320.17,-0.000393210331822047,12196.587810993195,0.4022144752088934,5.7113569280000005e-06,0.9392299,4.15,0.25,0.23,0.19,0.33,,,,,
2673,10948608,4081,28678.258546287274,18329.003467554612,6.14,2339.47,-0.00028109902086725924,11612.28762793541,0.33484364647301845,5.709751296e-06,0.9824682,4.18,0.25,0.22,0.2,0.33,,,,,
2674,10952704,4085,27496.931110402555,17601.57720739394,6.13,2242.35,-0.0002707507028389955,19777.421030282974,0.41756030754186213,5.708145664e-06,0.89669484,4.28,0.23,0.22,0.2,0.35,,,,,
2675,10956800,4088,27955.88092696105,17865.610526161254,6.2,2271.55,-0.0017130902679127757,4407.372480392456,0.3999717758852057,5.706540032e-06,0.9503164,4.33,0.23,0.21,0.21,0.35,29491.496883688462,18706.466004263206,6.666666666666667,2376.1666666666665,0.0
2676,10960896,4089,27969.819081696245,17862.441068023014,6.16,2272.26,-0.000708215635313536,2669.252168715,0.4280897612334229,5.7049344000000005e-06,0.965777,4.29,0.23,0.22,0.21,0.34,,,,,
2677,10964992,4091,28017.207223339985,17860.472682811596,6.11,2292.64,-0.0008884656817826908,5020.472629666328,0.4265627554850653,5.703328768e-06,0.948839,4.2,0.25,0.22,0.2,0.33,,,,,
2678,10969088,4091,28017.207223339985,17860.472682811596,6.11,2292.64,-0.0003502434392430587,3509.750666320324,0.3597473368863575,5.701723136e-06,0.9823733,4.2,0.25,0.22,0.2,0.33,,,,,
2679,10973184,4092,28699.96812296315,18269.470822276446,6.13,2344.24,-0.00022953848019824363,13164.600216150284,0.36734317016089335,5.700117504e-06,0.97404903,4.16,0.26,0.22,0.19,0.33,,,,,
2680,10977280,4093,29120.645822298382,18572.51548240917,6.19,2358.99,-0.00022538770508617745,15942.988403350115,0.41258601821027696,5.6985118720000004e-06,0.92499375,4.21,0.26,0.21,0.19,0.34,,,,,
2681,10981376,4096,28991.39597225987,18470.00954150852,6.16,2353.9,-0.0006355205705403932,5704.630723178387,0.4424568744725548,5.69690624e-06,0.964692,4.19,0.26,0.21,0.19,0.34,,,,,
2682,10985472,4099,27498.420336683816,17481.02917671648,6.07,2275.46,-0.0006476039179688087,4419.773267030716,0.39610766887199134,5.695300608000001e-06,0.9633105,4.18,0.27,0.21,0.17,0.35,,,,,
2683,10989568,4101,27307.06762882452,17331.514958215466,6.01,2272.04,-0.0008662564896440017,2795.9386090636253,0.38060256373137236,5.693694976000001e-06,0.9560024,4.12,0.27,0.23,0.16,0.34,,,,,
2684,10993664,4102,27323.161408954402,17343.671402342996,6.01,2274.48,-0.00037435734520840924,4958.297263622284,0.3552263162564486,5.692089344e-06,0.97675145,4.12,0.27,0.23,0.16,0.34,,,,,
2685,10997760,4102,27323.161408954402,17343.671402342996,6.01,2274.48,-0.00036310085124569014,4952.293657660484,0.3367516177240759,5.690483712e-06,0.98586303,4.12,0.27,0.23,0.16,0.34,,,,,
2686,11001856,4103,28769.5168053411,18272.577613613463,6.07,2347.59,-0.00021514366198971402,63104.02976894379,0.38507012216723524,5.688878080000001e-06,0.9640535,4.11,0.27,0.23,0.16,0.34,,,,,
2687,11005952,4104,29396.070238356144,18679.74149533018,6.08,2373.8,-0.00024950667284429073,14303.107749700546,0.34835884493077174,5.687272448000001e-06,0.9850876,4.09,0.27,0.23,0.16,0.34,,,,,
2688,11010048,4105,29793.406586379882,18919.48508156107,6.05,2410.74,-0.000375815647203126,1846.3690958023071,0.40296433871844783,5.685666816e-06,0.9786692,4.02,0.28,0.23,0.16,0.33,,,,,
2689,11014144,4105,29793.406586379882,18919.48508156107,6.05,2410.74,-0.0003490286499072681,8660.658409237862,0.3840016051544808,5.684061184e-06,0.9836869,4.02,0.28,0.23,0.16,0.33,,,,,
2690,11018240,4110,28452.96545029732,18114.111963675743,6.05,2334.85,-0.00033096715105784824,17630.24409389496,0.42531858815345913,5.682455552000001e-06,0.8786357,4.1,0.27,0.23,0.15,0.35,,,,,
2691,11022336,4110,28452.96545029732,18114.111963675743,6.05,2334.85,-0.0004914289283988182,4282.653404355049,0.3775968767586164,5.6808499200000006e-06,0.9759791,4.1,0.27,0.23,0.15,0.35,,,,,
2692,11026432,4111,28875.72956577462,18382.004035066453,6.07,2361.03,-0.00033247956162085757,5015.587494969368,0.366043188580079,5.679244288e-06,0.9899575,4.09,0.28,0.22,0.15,0.35,,,,,
2693,11030528,4112,29230.193044251326,18583.721010929334,6.08,2389.91,-0.0014977579467085889,3481.8540408611298,0.38944523423560895,5.677638656e-06,0.9701091,4.07,0.29,0.21,0.15,0.35,,,,,
2694,11034624,4114,29654.76206849678,18826.602843119716,6.06,2428.16,-0.0007798824708515895,6518.988883256912,0.4181594127439894,5.676033024e-06,0.9606596,4.01,0.3,0.21,0.15,0.34,,,,,
2695,11038720,4117,29394.274511334646,18686.117380297896,6.06,2407.91,-0.0005448772753879894,9447.67395401001,0.4088618978857994,5.6744273920000005e-06,0.9397565,4.03,0.3,0.21,0.14,0.35,,,,,
2696,11042816,4119,29429.9962598759,18722.38330607012,6.09,2401.4,-0.0012309697967793909,5952.744869053364,0.40177817444782704,5.67282176e-06,0.9805164,4.06,0.3,0.2,0.14,0.36,,,,,
2697,11046912,4119,29429.9962598759,18722.38330607012,6.09,2401.4,-0.0003990484610767453,4930.0259865522385,0.3641279273724649,5.671216128e-06,0.981238,4.06,0.3,0.2,0.14,0.36,,,,,
2698,11051008,4121,29945.903488852073,19019.91680903626,6.06,2444.77,-0.00016264887017314322,36790.51673698425,0.3524748626805376,5.669610496e-06,0.8418944,3.99,0.31,0.19,0.15,0.35,,,,,
2699,11055104,4121,29945.903488852073,19019.91680903626,6.06,2444.77,-0.0003926868103008019,8389.522207736969,0.3538294991303701,5.6680048640000005e-06,0.9570591,3.99,0.31,0.19,0.15,0.35,,,,,
2700,11059200,4122,30467.96598743588,19339.018028748324,6.09,2474.72,-0.0006767608701920835,2550.6461094021797,0.36022939713438973,5.666399232e-06,0.97916275,3.99,0.31,0.19,0.15,0.35,39338.3803060552,25272.512737748308,7.133333333333334,2886.233333333333,0.13333333333333333
2701,11063296,4125,30078.036812478575,19058.32994370364,6.05,2445.61,-0.0008661682568344986,3810.9303822517395,0.4222798716509715,5.664793600000001e-06,0.9669275,3.97,0.31,0.19,0.16,0.34,,,,,
2702,11067392,4127,30159.75913197887,19116.850617173714,5.98,2462.61,-0.000581408804464445,6664.468242883682,0.38563290622550994,5.663187968000001e-06,0.96289504,3.88,0.31,0.2,0.17,0.32,,,,,
2703,11071488,4129,29927.70398010503,18949.681714487368,5.96,2458.39,-0.0010589549792712205,3042.6169390678406,0.38778380848816596,5.6615823360000004e-06,0.8937278,3.86,0.31,0.2,0.17,0.32,,,,,
2704,11075584,4131,29959.153286239554,18969.3229119039,5.91,2464.87,-0.00030881974089425057,11542.391582369804,0.38225229003001004,5.659976704e-06,0.9025843,3.8,0.32,0.2,0.17,0.31,,,,,
2705,11079680,4132,29927.809590889035,18975.998316580284,5.94,2451.67,-0.0002958633049274795,7405.082573890686,0.43283377325860783,5.658371072000001e-06,0.9686744,3.85,0.31,0.2,0.17,0.32,,,,,
2706,11083776,4134,28860.499925914755,18276.55983542422,5.83,2403.0,-0.0009854669860942522,6386.743990659714,0.39177675324026495,5.656765440000001e-06,0.9177093,3.78,0.32,0.2,0.17,0.31,,,,,
2707,11087872,4135,28682.497635490334,18167.580042854206,5.82,2388.65,-0.0004244698002366931,6532.197980999947,0.4443198620574549,5.655159808e-06,0.8878803,3.79,0.31,0.21,0.17,0.31,,,,,
2708,11091968,4137,28263.366135383425,17899.12580962068,5.75,2373.1,-0.0007116210899766884,1682.3343301415443,0.4256787594349589,5.653554176e-06,0.9549052,3.74,0.32,0.21,0.17,0.3,,,,,
2709,11096064,4138,28418.642428297197,18003.754325091126,5.75,2387.96,-0.00011470590743556386,48195.576917886734,0.3818970203574281,5.651948544e-06,0.9550439,3.72,0.32,0.22,0.16,0.3,,,,,
2710,11100160,4141,28832.31861754688,18323.9060377132,5.83,2398.37,-9.90737826214172e-05,71908.93201637268,0.4014732895884663,5.650342912000001e-06,0.931465,3.8,0.32,0.21,0.16,0.31,,,,,
2711,11104256,4143,28847.510236758393,18311.45280611864,5.79,2398.02,-0.0007645266105100745,3655.06369304657,0.4014309945050627,5.64873728e-06,0.9582299,3.76,0.32,0.21,0.17,0.3,,,,,
2712,11108352,4144,29059.049490421,18455.989859078316,5.83,2398.17,-0.0006287993601290509,7700.631174862385,0.3931785336462781,5.647131648e-06,0.9622691,3.8,0.31,0.21,0.18,0.3,,,,,
2713,11112448,4144,29059.049490421,18455.989859078316,5.83,2398.17,-0.0005102362001707661,6927.697558283806,0.3842252251924947,5.645526016e-06,0.9794287,3.8,0.31,0.21,0.18,0.3,,,,,
2714,11116544,4145,30336.000514578744,19265.33655144106,5.83,2482.19,-0.00022372947751136962,14299.708112001419,0.32076687199878506,5.6439203840000005e-06,0.9843003,3.71,0.32,0.21,0.18,0.29,,,,,
2715,11120640,4146,30839.016038490427,19569.58365339985,5.87,2520.72,-0.001469960318900121,4418.4493727087975,0.35552344942698255,5.642314752e-06,0.9864833,3.71,0.32,0.21,0.18,0.29,,,,,
2716,11124736,4146,30839.016038490427,19569.58365339985,5.87,2520.72,-0.0007106844386726152,4454.900330841541,0.4121559777413495,5.64070912e-06,0.92749083,3.71,0.32,0.21,0.18,0.29,,,,,
2717,11128832,4148,31182.093621432236,19784.31535707371,5.91,2540.34,-0.0004993077536710189,2047.3127747178078,0.38339397837989964,5.639103488e-06,0.9882031,3.73,0.33,0.19,0.19,0.29,,,,,
2718,11132928,4148,31182.093621432236,19784.31535707371,5.91,2540.34,-0.001363480230793357,7283.337370872498,0.35819233109941706,5.6374978560000005e-06,0.97170514,3.73,0.33,0.19,0.19,0.29,,,,,
2719,11137024,4149,31816.893804075833,20168.40682075071,5.93,2575.54,-0.0004970646568835946,16125.834417939186,0.3418226748763118,5.635892224e-06,0.98821324,3.72,0.33,0.2,0.18,0.29,,,,,
2720,11141120,4152,31960.567340695583,20297.215195483073,5.99,2569.43,-0.00010532984742894769,50470.20440149307,0.36144817958120257,5.634286592000001e-06,0.9015358,3.8,0.31,0.21,0.18,0.3,,,,,
2721,11145216,4153,31990.60275005327,20313.64987637891,5.99,2573.74,-0.0008973688145488268,3993.8636023402214,0.33933044044533744,5.632680960000001e-06,0.9447285,3.79,0.32,0.2,0.18,0.3,,,,,
2722,11149312,4153,31990.60275005327,20313.64987637891,5.99,2573.74,-0.0002468278403284785,14263.060923099518,0.3300864851626102,5.6310753280000005e-06,0.9823549,3.79,0.32,0.2,0.18,0.3,,,,,
2723,11153408,4156,32508.76506421545,20609.68114865013,5.96,2598.42,-0.0007285230976776802,4829.491945981979,0.406179168028757,5.629469696e-06,0.9352969,3.73,0.32,0.2,0.18,0.3,,,,,
2724,11157504,4156,32508.76506421545,20609.68114865013,5.96,2598.42,-0.0004916690622849273,6704.095144033432,0.33770926282159053,5.627864064000001e-06,0.9858235,3.73,0.32,0.2,0.18,0.3,,,,,
2725,11161600,4158,32720.278991011117,20769.68555303795,5.99,2604.55,-0.00030904267714504385,5439.290465950966,0.3419891039375216,5.626258432000001e-06,0.95328516,3.75,0.31,0.21,0.18,0.3,38631.01673996287,24816.825090780112,7.066666666666666,2777.4,0.06666666666666667
2726,11165696,4159,33443.656450160306,21213.325996207008,6.01,2660.36,-0.0002999168887072301,12327.916415810585,0.3491020960791502,5.6246528000000004e-06,0.9506789,3.71,0.32,0.21,0.17,0.3,,,,,
2727,11169792,4161,33029.92258858838,20924.117990178536,5.94,2636.84,-0.0005126116311657825,3675.6176995038986,0.3397431929188315,5.623047168e-06,0.97876686,3.66,0.32,0.22,0.17,0.29,,,,,
2728,11173888,4162,32579.98663288169,20657.260994324497,5.9,2612.91,-0.000581013051487389,2974.8901712298393,0.35449095541844144,5.621441536e-06,0.9789377,3.64,0.33,0.21,0.17,0.29,,,,,
2729,11177984,4164,32504.83172675661,20614.83242181012,5.93,2603.85,-0.000500136580740218,6057.754701375961,0.36374549273750745,5.619835904000001e-06,0.93904436,3.68,0.32,0.21,0.18,0.29,,,,,
2730,11182080,4165,32897.892666624284,20851.06752574847,5.96,2630.17,-0.00032074961563921534,7752.769719481468,0.4189331564703025,5.618230272e-06,0.9401449,3.68,0.32,0.21,0.18,0.29,,,,,
2731,11186176,4167,32541.634666455175,20648.102604903022,5.96,2611.89,-0.00031464991297980305,9481.055294275284,0.3528054179332685,5.61662464e-06,0.9675017,3.7,0.33,0.2,0.17,0.3,,,,,
2732,11190272,4168,32890.87022027842,20883.93052620179,5.99,2632.66,-0.0002786276572805946,10771.823190569878,0.35882026483886875,5.615019008e-06,0.94934535,3.71,0.33,0.2,0.16,0.31,,,,,
2733,11194368,4169,33076.71164148707,20994.363847608372,6.0,2647.62,-0.000613007634456153,3002.0272058844566,0.34230200728052296,5.6134133760000006e-06,0.9623212,3.71,0.33,0.2,0.16,0.31,,,,,
2734,11198464,4171,32787.10824389278,20811.26009565772,5.96,2646.17,-0.00041011559369508177,7688.423685967922,0.43404133920557797,5.611807744e-06,0.59955454,3.67,0.34,0.2,0.15,0.31,,,,,
2735,11202560,4173,33107.234539249126,21010.053325957164,5.96,2660.39,-0.00043801173978863517,3444.4222124814987,0.35829717564047314,5.610202112e-06,0.98528534,3.65,0.34,0.2,0.15,0.31,,,,,
2736,11206656,4175,33502.998139029245,21266.496558678402,5.94,2691.92,-0.000553495234271395,4764.534474134445,0.39320062584010884,5.60859648e-06,0.97386736,3.59,0.34,0.21,0.15,0.3,,,,,
2737,11210752,4175,33502.998139029245,21266.496558678402,5.94,2691.92,-0.0002650509686645819,6622.233630180359,0.3219035593792796,5.6069908480000005e-06,0.93609834,3.59,0.34,0.21,0.15,0.3,,,,,
2738,11214848,4177,33548.44244577301,21303.786693948507,5.91,2703.23,-0.0004509691734710941,8260.099839448929,0.3712900503887795,5.605385216e-06,0.9011727,3.55,0.35,0.21,0.15,0.29,,,,,
2739,11218944,4179,34324.83706053665,21794.06863570701,5.95,2751.47,-0.00023249581317941193,15446.49868631363,0.3851847388432361,5.603779584000001e-06,0.9526811,3.53,0.35,0.22,0.15,0.28,,,,,
2740,11223040,4180,33941.1299590997,21529.36577724537,5.91,2744.55,-0.000668856262564077,6648.1446623802185,0.4401386805984657,5.602173952000001e-06,0.9540123,3.49,0.36,0.22,0.14,0.28,,,,,
2741,11227136,4181,34151.756200963486,21646.60762757334,5.92,2762.05,-0.0013575583407146041,4215.92763543129,0.4124038477311842,5.6005683200000005e-06,0.94354105,3.48,0.36,0.22,0.14,0.28,,,,,
2742,11231232,4183,34683.16707782676,21973.840809880723,5.95,2807.59,-0.0006458067437051795,7556.791251301765,0.38286358848563395,5.598962688e-06,0.943049,3.46,0.37,0.21,0.15,0.27,,,,,
2743,11235328,4185,34562.46765324897,21870.921750788093,5.9,2805.3,-0.0004014744872620213,10215.543786168098,0.44232225592713803,5.597357056000001e-06,0.92491126,3.41,0.38,0.21,0.15,0.26,,,,,
2744,11239424,4188,34451.73457465403,21818.217378501817,5.78,2807.01,-0.0008011224781512283,11440.559742689133,0.4394534982275218,5.595751424000001e-06,0.96241087,3.28,0.38,0.24,0.14,0.24,,,,,
2745,11243520,4189,35039.8540453648,22197.791795095207,5.85,2839.35,-0.0005383841298680636,8873.155704855919,0.37318904561107047,5.5941457920000005e-06,0.9330807,3.32,0.38,0.23,0.14,0.25,,,,,
2746,11247616,4189,35039.8540453648,22197.791795095207,5.85,2839.35,-0.0005684650250259438,5857.3542692661285,0.3320317649631761,5.59254016e-06,0.9807037,3.32,0.38,0.23,0.14,0.25,,,,,
2747,11251712,4191,35824.39265052011,22715.42194727727,5.93,2866.24,-0.00045888021668361034,19769.3678869009,0.36443573428550735,5.590934528e-06,0.9792895,3.38,0.37,0.23,0.14,0.26,,,,,
2748,11255808,4195,34181.26991286851,21681.371867113914,5.88,2757.12,-0.0006730038421665085,13373.731870830059,0.43547015203512274,5.589328896000001e-06,0.8589306,3.45,0.35,0.24,0.15,0.26,,,,,
2749,11259904,4196,34451.535604951714,21838.746995145026,5.9,2777.54,-0.0007103410625859397,2263.4380657076836,0.38214715479989536,5.587723264e-06,0.9681075,3.45,0.35,0.24,0.15,0.26,,,,,
2750,11264000,4196,34451.535604951714,21838.746995145026,5.9,2777.54,-0.0005389142006606562,4961.835837066174,0.3732436243444681,5.586117632e-06,0.9691643,3.45,0.35,0.24,0.15,0.26,51795.474497017814,33468.219886442035,7.833333333333333,3535.0333333333333,0.13333333333333333
2751,11268096,4198,35178.56314637421,22333.216081506307,6.03,2821.11,-0.00029372396238613874,15905.349512219429,0.3641025363467634,5.584512e-06,0.9614712,3.53,0.35,0.23,0.15,0.27,,,,,
2752,11272192,4201,35450.680976162286,22541.793946436246,6.1,2836.14,-0.0005071985128779488,9917.30744767189,0.3641551387263462,5.582906368000001e-06,0.974955,3.59,0.35,0.22,0.15,0.28,,,,,
2753,11276288,4204,33217.88486571617,21084.19643139002,6.0,2718.07,-0.00025159091546811396,16846.284810066223,0.38662058470072225,5.581300736e-06,0.834141,3.61,0.35,0.22,0.14,0.29,,,,,
2754,11280384,4205,33300.61787142797,21165.586972319103,6.03,2711.92,-0.0002295407248311676,10074.523374795914,0.38056292265537195,5.579695104e-06,0.9627701,3.65,0.34,0.22,0.15,0.29,,,,,
2755,11284480,4208,32643.211358260916,20741.984164100737,5.92,2667.45,-0.0009632909623178421,4905.571379184723,0.44137360504828393,5.578089472e-06,0.88892007,3.59,0.33,0.24,0.16,0.27,,,,,
2756,11288576,4209,32812.96503266741,20839.626871622073,5.88,2686.41,-0.0005266787156870123,10477.953956007957,0.37979862530482933,5.5764838400000006e-06,0.8218168,3.53,0.34,0.24,0.16,0.26,,,,,
2757,11292672,4212,31737.20875139016,20169.84225440406,5.86,2607.99,-0.000575425354327308,2434.7629284858704,0.3533776688564103,5.574878208e-06,0.9321942,3.6,0.32,0.25,0.16,0.27,,,,,
2758,11296768,4214,31825.95066845319,20210.51181211653,5.85,2621.25,-0.00034114437312382506,3398.4234207868576,0.38352472984115593,5.573272576000001e-06,0.95725465,3.57,0.33,0.25,0.15,0.27,,,,,
2759,11300864,4214,31825.95066845319,20210.51181211653,5.85,2621.25,-0.0003900098399753915,4578.041484951973,0.38951285753864795,5.571666944e-06,0.9718606,3.57,0.33,0.25,0.15,0.27,,,,,
2760,11304960,4215,32338.5343546946,20523.095138901455,5.88,2662.25,-0.0006243014731808216,9784.335181713104,0.39972278039203957,5.5700613120000005e-06,0.9760364,3.55,0.34,0.24,0.15,0.27,,,,,
2761,11309056,4218,32677.59694069035,20773.355782191727,5.91,2687.6,-0.0005545663957491342,9854.574203133583,0.4744104691199027,5.56845568e-06,0.9663304,3.57,0.34,0.24,0.15,0.27,,,,,
2762,11313152,4218,32677.59694069035,20773.355782191727,5.91,2687.6,-0.0003867181712848833,3559.032955825329,0.3392757048131898,5.566850048e-06,0.9468453,3.57,0.34,0.24,0.15,0.27,,,,,
2763,11317248,4220,32246.227438164577,20481.976202287944,5.87,2673.66,-0.0007874050143072964,6429.127709805965,0.46575755486264825,5.565244416000001e-06,0.93544763,3.54,0.35,0.24,0.14,0.27,,,,,
2764,11321344,4222,31627.260623056187,20152.357663478066,5.88,2630.11,-0.00026701339629653376,27942.930342912674,0.40723072696710005,5.5636387840000005e-06,0.9067296,3.6,0.34,0.25,0.13,0.28,,,,,
2765,11325440,4223,31502.559885373958,20086.553137513005,5.87,2622.92,-0.00047069869287952315,7610.322755813599,0.3859043606207706,5.562033152e-06,0.9807182,3.6,0.34,0.25,0.13,0.28,,,,,
2766,11329536,4224,32427.003705860883,20705.292818254697,5.94,2667.05,-0.00026848147354030516,41145.47214984894,0.38496778791886754,5.56042752e-06,0.9775804,3.63,0.34,0.25,0.12,0.29,,,,,
2767,11333632,4227,32675.5646225888,20889.125554881277,6.02,2662.83,-0.00025898238254740136,22692.232635498047,0.4445573055418208,5.558821888000001e-06,0.9752047,3.72,0.33,0.25,0.12,0.3,,,,,
2768,11337728,4228,32484.707903171584,20777.321641223865,6.04,2645.13,-0.00029221392651379574,8668.812915682793,0.3261760745954234,5.5572162560000004e-06,0.98681086,3.76,0.33,0.24,0.12,0.31,,,,,
2769,11341824,4231,32975.822573361176,21127.010699904742,6.11,2658.46,-0.00038433419285865966,22707.378183603287,0.4529789609950967,5.555610624e-06,0.90977705,3.82,0.31,0.25,0.12,0.32,,,,,
2770,11345920,4232,33544.89931708382,21511.506004991108,6.15,2679.76,-0.0002364168904023245,43150.19195961952,0.34282642041216604,5.554004992e-06,0.9797701,3.84,0.31,0.25,0.12,0.32,,,,,
2771,11350016,4233,33762.59677792744,21653.625049969465,6.17,2696.93,-0.0003654365300462814,6557.982653796673,0.38963644189061597,5.552399360000001e-06,0.9287186,3.84,0.31,0.25,0.12,0.32,,,,,
2772,11354112,4236,33492.878945510725,21496.15482840087,6.22,2657.96,-0.0005022337682021316,9347.612441420555,0.39495796005940065,5.550793728e-06,0.9597435,3.94,0.29,0.24,0.15,0.32,,,,,
2773,11358208,4238,33437.53107022164,21457.71749036644,6.27,2640.8,-0.0006459237920353189,2400.7730573415756,0.38532024883897975,5.549188096e-06,0.9836492,4.01,0.28,0.24,0.15,0.33,,,,,
2774,11362304,4238,33437.53107022164,21457.71749036644,6.27,2640.8,-0.00042209544335491955,2538.5052433609962,0.37465944164432585,5.547582464e-06,0.98207283,4.01,0.28,0.24,0.15,0.33,,,,,
2775,11366400,4238,33437.53107022164,21457.71749036644,6.27,2640.8,-0.00019718553176062414,28954.435695648193,0.379029982839711,5.545976832000001e-06,0.9495619,4.01,0.28,0.24,0.15,0.33,41743.85535340868,26835.27783180724,7.2,2919.766666666667,0.1
2776,11370496,4239,33991.95158308346,21771.839801364626,6.24,2693.5,-0.0006464721341217228,7591.66103386879,0.39623812213540077,5.5443712e-06,0.94832486,3.92,0.29,0.24,0.15,0.32,,,,,
2777,11374592,4241,34312.81388076323,21932.303702797923,6.2,2719.63,-0.0010256946625304408,2827.493740797043,0.3892972167232074,5.542765568000001e-06,0.9706921,3.85,0.29,0.25,0.16,0.3,,,,,
2778,11378688,4242,34465.21045187008,22039.658010408388,6.21,2734.12,-0.0007397137651423691,2534.080765426159,0.3723947721591685,5.541159936e-06,0.9602611,3.84,0.3,0.24,0.16,0.3,,,,,
2779,11382784,4243,35251.13658821057,22516.307859231707,6.24,2790.76,-0.00022532908269567997,3318.5158411860466,0.3701340571860783,5.539554304e-06,0.9869853,3.81,0.31,0.24,0.15,0.3,,,,,
2780,11386880,4246,33191.80673380866,21249.060423684274,6.18,2653.5,-0.0004297161976865027,7285.716949760914,0.3995451324735768,5.537948672e-06,0.9552578,3.89,0.3,0.24,0.14,0.32,,,,,
2781,11390976,4247,32777.299136295434,20991.779922691956,6.15,2628.69,-0.0005054881985415705,12305.242145061493,0.3626495427452028,5.53634304e-06,0.717885,3.89,0.3,0.24,0.14,0.32,,,,,
2782,11395072,4247,32777.299136295434,20991.779922691956,6.15,2628.69,-0.00033983002685999963,6007.299484014511,0.3747885797347408,5.534737408000001e-06,0.9712043,3.89,0.3,0.24,0.14,0.32,,,,,
2783,11399168,4249,32161.8193232555,20599.27344519386,6.09,2613.42,-0.0002971015328512294,5412.781468033791,0.36603524451493286,5.5331317760000005e-06,0.96678114,3.84,0.31,0.24,0.13,0.32,,,,,
2784,11403264,4249,32161.8193232555,20599.27344519386,6.09,2613.42,-0.0003582795570764574,5259.273257851601,0.35031142353545874,5.531526144e-06,0.97394633,3.84,0.31,0.24,0.13,0.32,,,,,
2785,11407360,4251,32893.88669908152,21046.738164877406,6.11,2669.51,-0.000787066755037813,5333.1940386891365,0.3584913302329369,5.529920512e-06,0.97894126,3.8,0.32,0.23,0.13,0.32,,,,,
2786,11411456,4254,31989.303690322893,20416.372421904172,6.04,2616.26,-0.0002994712422150769,3092.4739885926247,0.38603329833131284,5.528314880000001e-06,0.9693829,3.78,0.32,0.23,0.14,0.31,,,,,
2787,11415552,4255,31995.04933712371,20455.78109498292,6.11,2608.66,-0.0002579025695013115,17527.530919790268,0.41033380589215085,5.5267092480000005e-06,0.95191383,3.86,0.32,0.22,0.14,0.32,,,,,
2788,11419648,4256,32387.066547247512,20704.945828746684,6.1,2649.11,-0.0008321468849317171,3154.9177410006523,0.3636670278501697,5.525103616e-06,0.9714447,3.81,0.33,0.22,0.14,0.31,,,,,
2789,11423744,4257,32244.65061023533,20594.799058335087,6.08,2650.45,-0.0010699058102545678,2275.693377315998,0.3411480213399045,5.523497984e-06,0.9823785,3.79,0.34,0.21,0.14,0.31,,,,,
2790,11427840,4257,32244.65061023533,20594.799058335087,6.08,2650.45,-0.0003239817378926091,4248.116273522377,0.37703352194512263,5.521892352000001e-06,0.9800263,3.79,0.34,0.21,0.14,0.31,,,,,
2791,11431936,4259,32331.628895008143,20632.497234883063,6.05,2666.16,-0.0004031709977425635,4141.343007564545,0.3787702805711888,5.5202867200000004e-06,0.96672314,3.74,0.35,0.21,0.14,0.3,,,,,
2792,11436032,4260,32451.455335859555,20706.090566330146,6.08,2672.06,-0.0009202815754179028,2885.807202041149,0.43090977473184466,5.518681088e-06,0.97372353,3.76,0.35,0.2,0.15,0.3,,,,,
2793,11440128,4261,32699.42439928829,20866.404430257324,6.08,2698.72,-0.0002557298375904793,4097.172995090485,0.41535657178610563,5.517075456e-06,0.970656,3.73,0.36,0.2,0.14,0.3,,,,,
2794,11444224,4263,32387.00302434738,20661.527717887366,6.06,2674.93,-0.0005475370144267799,2042.3186048865318,0.40660956845385954,5.515469824000001e-06,0.94925094,3.74,0.35,0.21,0.14,0.3,,,,,
2795,11448320,4263,32387.00302434738,20661.527717887366,6.06,2674.93,-0.0003144453712593531,5866.792919576168,0.31527045788243413,5.513864192e-06,0.98236877,3.74,0.35,0.21,0.14,0.3,,,,,
2796,11452416,4264,33358.49719514042,21284.561238547856,6.1,2736.79,-0.0007968176723807119,7413.430550098419,0.3803281737782527,5.512258560000001e-06,0.98038715,3.72,0.35,0.22,0.13,0.3,,,,,
2797,11456512,4265,33570.15638678599,21443.07736997867,6.13,2738.45,-0.00016118650819407776,19215.088423013687,0.3862319922482129,5.510652928e-06,0.9637989,3.76,0.34,0.22,0.14,0.3,,,,,
2798,11460608,4268,33758.71640914485,21561.624825454328,6.16,2729.06,-0.0003381914175406564,8307.827859520912,0.3556150367076043,5.509047296e-06,0.9750456,3.8,0.33,0.23,0.14,0.3,,,,,
2799,11464704,4270,33484.39025438924,21421.530599026475,6.15,2693.62,-0.00072235978768731,8744.678242206573,0.366591737663839,5.507441664e-06,0.97758794,3.83,0.32,0.23,0.15,0.3,,,,,
2800,11468800,4270,33484.39025438924,21421.530599026475,6.15,2693.62,-0.00024037632465478964,5078.01893055439,0.3408914195606485,5.505836032e-06,0.9605715,3.83,0.32,0.23,0.15,0.3,40039.221236274134,26075.404725629942,7.1,2819.4666666666667,0.16666666666666666
2801,11472896,4271,33987.273912639605,21744.021502401374,6.19,2726.14,-0.0002933707473857794,3772.3970069289207,0.38805464329198003,5.504230400000001e-06,0.98060226,3.83,0.32,0.23,0.15,0.3,,,,,
2802,11476992,4273,34068.459699755556,21817.986591353583,6.18,2736.74,-0.0003231256778235547,18038.780349373817,0.4108776625362225,5.5026247680000005e-06,0.79772735,3.82,0.31,0.25,0.15,0.29,,,,,
2803,11481088,4274,34410.571823451144,22041.151379943836,6.2,2763.82,-0.00044258421530685155,4057.8888008594513,0.38852026005042717,5.501019136e-06,0.95718527,3.81,0.32,0.24,0.15,0.29,,,,,
2804,11485184,4275,34684.86286615058,22217.273910435015,6.22,2779.67,-0.0003073643474635901,7187.292164683342,0.3545610855217092,5.499413504e-06,0.9684303,3.82,0.32,0.24,0.15,0.29,,,,,
2805,11489280,4275,34684.86286615058,22217.273910435015,6.22,2779.67,-0.0002928520170826232,10654.114389181137,0.3634044323116541,5.497807872000001e-06,0.9865046,3.82,0.32,0.24,0.15,0.29,,,,,
2806,11493376,4276,35313.79650681538,22616.535721759647,6.28,2792.65,-0.00039710722921881825,11151.5241689682,0.35901145631214604,5.4962022400000005e-06,0.97777206,3.87,0.31,0.24,0.15,0.3,,,,,
2807,11497472,4278,35350.94070487078,22610.311901999306,6.27,2802.3,-0.0005640648523694836,3776.4536650776863,0.37396837095730007,5.494596608e-06,0.9731492,3.85,0.32,0.23,0.15,0.3,,,,,
2808,11501568,4279,35606.14223497743,22738.600621301503,6.23,2826.51,-0.00042137910986639326,4222.208586752415,0.3650632235512603,5.492990976e-06,0.94627786,3.79,0.32,0.24,0.15,0.29,,,,,
2809,11505664,4280,35438.932005554714,22627.826812442705,6.22,2816.08,-0.00040037164762907196,11850.029432535172,0.4089920989354141,5.491385344000001e-06,0.9449143,3.79,0.32,0.24,0.15,0.29,,,,,
2810,11509760,4284,35291.74630884232,22521.625136467417,6.26,2781.47,-0.0015223412328850827,8845.742245793343,0.41939266183180735,5.4897797120000005e-06,0.9494936,3.87,0.31,0.24,0.14,0.31,,,,,
2811,11513856,4287,35224.2810231726,22468.883687593578,6.27,2777.98,-0.0004954054911650019,6945.399026751518,0.3845704897248652,5.48817408e-06,0.70304024,3.88,0.31,0.23,0.15,0.31,,,,,
2812,11517952,4289,34703.98250642232,22195.110038367984,6.31,2750.11,-0.00034457550282240845,17171.17073392868,0.3934617202030495,5.486568448e-06,0.8695319,3.95,0.31,0.22,0.15,0.32,,,,,
2813,11522048,4291,33354.3669904761,21331.505819929265,6.18,2680.34,-0.0008086720854407758,2544.448113977909,0.42893999977968633,5.484962816000001e-06,0.9308644,3.89,0.32,0.22,0.15,0.31,,,,,
2814,11526144,4292,34094.43478688921,21767.80998742183,6.17,2735.9,-0.0005923300368522177,3402.720861673355,0.32719055298366584,5.483357184e-06,0.9785262,3.82,0.33,0.22,0.15,0.3,,,,,
2815,11530240,4294,34221.704706660734,21837.043201384004,6.17,2754.07,-0.000759949441999197,3066.8216893672943,0.3937807756301481,5.481751552e-06,0.92343265,3.8,0.34,0.22,0.14,0.3,,,,,
2816,11534336,4294,34221.704706660734,21837.043201384004,6.17,2754.07,-0.0014115098401816795,3262.858121216297,0.4026511345873587,5.48014592e-06,0.9740403,3.8,0.34,0.22,0.14,0.3,,,,,
2817,11538432,4296,34646.45243372468,22109.09947009438,6.19,2788.34,-0.0006461493503593374,5247.31111395359,0.43542078346945345,5.478540288e-06,0.9604984,3.77,0.36,0.2,0.14,0.3,,,,,
2818,11542528,4298,33922.86444664408,21613.405621855272,6.1,2737.55,-0.00045471920657291776,4198.8863362669945,0.415638551232405,5.476934656e-06,0.9842206,3.74,0.35,0.2,0.16,0.29,,,,,
2819,11546624,4301,33980.683939526185,21645.42698192128,6.09,2738.72,-0.0003178079095960129,22142.120216608047,0.40415848229895346,5.475329024e-06,0.91700375,3.73,0.35,0.19,0.18,0.28,,,,,
2820,11550720,4302,34485.594000175704,21957.194086742875,6.08,2781.0,-0.0006249996895348886,5342.855196654797,0.41484068648424,5.473723392000001e-06,0.9568335,3.67,0.36,0.19,0.18,0.27,,,,,
2821,11554816,4304,34321.11258721531,21871.45951122827,6.07,2765.37,-0.0004534996987786144,5323.371916174889,0.3964208071993198,5.4721177600000006e-06,0.940512,3.67,0.35,0.19,0.2,0.26,,,,,
2822,11558912,4304,34321.11258721531,21871.45951122827,6.07,2765.37,-0.00045769971984555013,5713.678800344467,0.3680696086958051,5.470512128e-06,0.9843652,3.67,0.35,0.19,0.2,0.26,,,,,
2823,11563008,4305,35179.13636342972,22393.881041916706,6.09,2823.43,-0.00018445583191351034,15101.587358951569,0.3822007942653727,5.468906496e-06,0.975297,3.63,0.36,0.19,0.19,0.26,,,,,
2824,11567104,4305,35179.13636342972,22393.881041916706,6.09,2823.43,-0.0004459434985619737,2851.7640384435654,0.3047469638986513,5.467300864000001e-06,0.99135065,3.63,0.36,0.19,0.19,0.26,,,,,
2825,11571200,4307,35973.97331135478,22882.112140745074,6.14,2878.36,-0.0002656121914696996,10283.209000468254,0.32514136825921014,5.4656952320000005e-06,0.9587455,3.63,0.37,0.18,0.19,0.26,44552.08156666265,28778.312252850366,7.366666666666666,3124.8333333333335,0.13333333333333333
2826,11575296,4307,35973.97331135478,22882.112140745074,6.14,2878.36,-0.0004509985683398554,2478.0834256112576,0.401659375987947,5.4640896e-06,0.9866532,3.63,0.37,0.18,0.19,0.26,,,,,
2827,11579392,4308,36549.480977911095,23213.365259661594,6.18,2924.47,-0.0005690832713298732,7142.036707162857,0.34989509484148584,5.462483968e-06,0.9816996,3.62,0.38,0.17,0.19,0.26,,,,,
2828,11583488,4310,37126.18405240837,23615.44299983892,6.28,2945.3,-0.0003061027546209516,29924.716640233994,0.3972454810864292,5.460878336000001e-06,0.92845434,3.71,0.37,0.17,0.19,0.27,,,,,
2829,11587584,4312,37280.814484795585,23708.976886518263,6.23,2964.24,-0.0003426020557526499,2255.857682287693,0.3929736617428716,5.4592727040000005e-06,0.91592336,3.64,0.38,0.17,0.19,0.26,,,,,
2830,11591680,4316,35651.87183968664,22657.978965373473,6.18,2846.96,-0.0004887415161647368,2968.6795892715454,0.41689116836641915,5.457667072e-06,0.9225464,3.72,0.36,0.17,0.21,0.26,,,,,
2831,11595776,4318,35798.04400281632,22714.190057779135,6.13,2855.57,-0.0017955295224965084,2225.56925034523,0.41697580070467666,5.45606144e-06,0.9569737,3.66,0.36,0.18,0.21,0.25,,,,,
2832,11599872,4321,35625.0289053459,22610.318983936733,6.18,2818.46,-0.0005051198659202782,8057.3515511751175,0.42420016397954896,5.454455808000001e-06,0.98054755,3.75,0.34,0.18,0.23,0.25,,,,,
2833,11603968,4321,35625.0289053459,22610.318983936733,6.18,2818.46,-0.0004449608632057789,2272.4219792187214,0.35158971065538935,5.4528501760000004e-06,0.9687431,3.75,0.34,0.18,0.23,0.25,,,,,
2834,11608064,4322,35970.856673605325,22784.319852196757,6.14,2853.01,-0.0006212739099282771,3120.5257136821747,0.35236775732482783,5.451244544e-06,0.9617191,3.67,0.35,0.18,0.23,0.24,,,,,
2835,11612160,4324,35438.93607823258,22428.402134828604,6.14,2832.27,-0.00022857432850287296,31537.94915008545,0.38804324096417986,5.449638912e-06,0.9205988,3.69,0.35,0.18,0.23,0.24,,,,,
2836,11616256,4325,35077.951160431614,22171.100491724876,6.09,2822.65,-0.0005309173893692787,2725.5434908270836,0.37871770435594954,5.44803328e-06,0.97355,3.65,0.35,0.18,0.24,0.23,,,,,
2837,11620352,4326,35688.00740269032,22558.630994553245,6.12,2870.55,-0.0005097278572065989,7514.4695546627045,0.3644284955225885,5.446427648e-06,0.9693785,3.63,0.36,0.17,0.24,0.23,,,,,
2838,11624448,4326,35688.00740269032,22558.630994553245,6.12,2870.55,-0.00026898116720985854,3978.5972226262093,0.37051679816795513,5.444822016e-06,0.9749161,3.63,0.36,0.17,0.24,0.23,,,,,
2839,11628544,4327,36238.91974203018,22897.93224026589,6.13,2918.18,-0.0008971773349912837,3418.7438247203827,0.36715226803789847,5.443216384000001e-06,0.96726924,3.59,0.37,0.17,0.23,0.23,,,,,
2840,11632640,4329,36139.83865341753,22798.67672548351,6.06,2937.61,-0.0006351553056447301,2716.216267824173,0.34909663812140934,5.441610752000001e-06,0.97440916,3.49,0.39,0.17,0.23,0.21,,,,,
2841,11636736,4330,36555.0185792829,23041.372886621473,6.05,2966.81,-0.001642088844164391,5263.682507514954,0.3954513515345752,5.44000512e-06,0.94590366,3.44,0.39,0.18,0.23,0.2,,,,,
2842,11640832,4330,36555.0185792829,23041.372886621473,6.05,2966.81,-0.0008360710580745945,5804.019526362419,0.39179702394176275,5.438399488e-06,0.9739221,3.44,0.39,0.18,0.23,0.2,,,,,
2843,11644928,4332,36729.564476326086,23158.194255699058,6.08,2989.88,-0.00014342859503813088,22723.791138648987,0.4116666820482351,5.436793856000001e-06,0.95667714,3.44,0.39,0.18,0.23,0.2,,,,,
2844,11649024,4333,36538.477553749566,23031.679892130556,6.11,2962.43,-0.00027772516659752,10543.890839338303,0.35572446693549864,5.4351882240000006e-06,0.91123843,3.5,0.38,0.18,0.23,0.21,,,,,
2845,11653120,4334,37088.02462001019,23368.493420784023,6.13,3004.95,-0.00017816145282267826,9092.091272592545,0.32996607100358233,5.433582592e-06,0.96739316,3.47,0.39,0.18,0.22,0.21,,,,,
2846,11657216,4335,37179.97595183785,23428.484814572646,6.11,3024.07,-0.0008291851936519379,2420.848912358284,0.3780266953690443,5.43197696e-06,0.95942605,3.43,0.4,0.18,0.21,0.21,,,,,
2847,11661312,4336,37407.025747215,23565.86738763846,6.1,3047.26,-0.0006400411230060854,10999.405596733093,0.3355696098005865,5.430371328000001e-06,0.97544783,3.39,0.41,0.18,0.2,0.21,,,,,
2848,11665408,4336,37407.025747215,23565.86738763846,6.1,3047.26,-0.0003068640835408587,157104.38551473618,0.31163120112614706,5.4287656960000005e-06,0.96519667,3.39,0.41,0.18,0.2,0.21,,,,,
2849,11669504,4337,38953.302471759904,24585.37731868627,6.19,3101.8,-0.0006212017806319636,115100.02215236425,0.35299286304507405,5.427160064e-06,0.9430913,3.44,0.41,0.17,0.2,0.22,,,,,
2850,11673600,4340,37500.747173154705,23693.63979320976,6.1,3013.7,-0.0004586420254781842,5960.458129405975,0.4379325866466388,5.425554432e-06,0.9725068,3.44,0.41,0.16,0.22,0.21,45680.538728073654,29459.528602114613,7.433333333333334,3161.6,0.16666666666666666
2851,11677696,4343,36730.870939971384,23235.37993623433,6.12,2950.21,-0.0001613367294339696,12484.69816839695,0.40340567132807337,5.4239488e-06,0.94816923,3.53,0.4,0.16,0.21,0.23,,,,,
2852,11681792,4345,36911.85790905133,23340.623514778425,6.09,2968.65,-0.0008378852580790408,3607.8719540834427,0.40200259420089424,5.4223431680000005e-06,0.872547,3.49,0.4,0.17,0.21,0.22,,,,,
2853,11685888,4348,35851.7308641143,22698.663434543978,6.05,2892.15,-0.0006365641229422181,14035.830015301704,0.3894772871863097,5.420737536e-06,0.9336672,3.53,0.39,0.17,0.21,0.23,,,,,
2854,11689984,4350,35466.25347149935,22452.42073335718,6.03,2861.27,-0.0002861913071683375,3953.889377295971,0.3620769916451536,5.419131904e-06,0.93344015,3.54,0.39,0.17,0.21,0.23,,,,,
2855,11694080,4350,35466.25347149935,22452.42073335718,6.03,2861.27,-0.0002559294543971191,5839.696557879448,0.3380237999081146,5.417526272e-06,0.96837497,3.54,0.39,0.17,0.21,0.23,,,,,
2856,11698176,4354,35362.13825976709,22388.51851011928,6.02,2859.28,-0.0008660887851874577,2953.7650337815285,0.41788279556203634,5.4159206400000004e-06,0.9806397,3.53,0.39,0.17,0.21,0.23,,,,,
2857,11702272,4355,35769.91030182093,22608.4610093587,5.98,2892.12,-0.0005066329526925983,6328.919362425804,0.40081421873765066,5.414315008e-06,0.9777251,3.46,0.39,0.18,0.21,0.22,,,,,
2858,11706368,4358,34253.598340960845,21693.894979648023,5.93,2764.04,-0.0006435393497667974,10315.036165833473,0.40871053957380354,5.412709376000001e-06,0.9497306,3.55,0.36,0.19,0.22,0.23,,,,,
2859,11710464,4361,33587.87022780573,21291.691223518414,5.92,2714.52,-0.0009152514803645317,5909.337479233742,0.4660776441451162,5.411103744000001e-06,0.9589352,3.59,0.36,0.19,0.21,0.24,,,,,
2860,11714560,4362,33584.57857674525,21314.497126331153,5.96,2709.04,-0.00026273537150700577,31852.00315952301,0.36124042997835204,5.409498112e-06,0.9694252,3.64,0.36,0.18,0.21,0.25,,,,,
2861,11718656,4363,34077.47340342591,21655.06325586577,6.04,2721.03,-0.0004200095872874954,11900.793790578842,0.3977235175552778,5.40789248e-06,0.9832694,3.71,0.35,0.18,0.21,0.26,,,,,
2862,11722752,4366,32718.546912129736,20742.433022144276,5.94,2638.38,-0.0010076187427330296,2033.3517526984215,0.3855235596129205,5.406286848000001e-06,0.9264134,3.69,0.35,0.18,0.21,0.26,,,,,
2863,11726848,4367,33137.884523533816,20982.553989199627,5.96,2675.99,-0.00038091362512204796,5150.111112535,0.3574056072102394,5.404681216000001e-06,0.961983,3.67,0.36,0.17,0.21,0.26,,,,,
2864,11730944,4369,32270.19493187721,20440.78354316586,5.9,2637.92,-0.0008772946293902351,19939.853065490723,0.4139691914897412,5.403075584e-06,0.88681823,3.65,0.37,0.17,0.2,0.26,,,,,
2865,11735040,4371,32342.44177584423,20478.771054157198,5.92,2633.85,-0.0005343185530364281,6048.062097072601,0.38066931982757524,5.401469952e-06,0.9812173,3.68,0.36,0.18,0.2,0.26,,,,,
2866,11739136,4371,32342.44177584423,20478.771054157198,5.92,2633.85,-0.0005255493570075487,4530.51681137085,0.40925521729514003,5.399864320000001e-06,0.98087364,3.68,0.36,0.18,0.2,0.26,,,,,
2867,11743232,4373,32647.601722666317,20663.409512754602,5.94,2658.31,-0.000697733345987217,2419.449732720852,0.3668493822333403,5.3982586880000005e-06,0.96801513,3.66,0.37,0.17,0.2,0.26,,,,,
2868,11747328,4375,32039.587434157485,20261.264991240132,5.88,2623.24,-0.0004532116436166689,3354.8521168231964,0.42618641431909055,5.396653056e-06,0.95326316,3.63,0.37,0.18,0.19,0.26,,,,,
2869,11751424,4376,31599.64951825333,20002.86958771237,5.87,2602.76,-0.00016111627519421745,14487.729889035225,0.33433769119437784,5.395047424e-06,0.9779534,3.64,0.37,0.18,0.19,0.26,,,,,
2870,11755520,4377,31844.96383936914,20198.94845349616,5.91,2600.82,-0.0005571167748712469,10503.23039984703,0.35734934272477403,5.393441792e-06,0.9833863,3.68,0.37,0.17,0.19,0.27,,,,,
2871,11759616,4378,32165.507547852416,20417.193462275856,5.98,2609.31,-0.0005483525837917114,8405.348819315434,0.3593386597640347,5.3918361600000005e-06,0.9846846,3.75,0.36,0.17,0.19,0.28,,,,,
2872,11763712,4379,32127.975667816536,20377.019830869667,5.97,2611.15,-0.0010045044673461234,3145.8224823474884,0.3680259825196117,5.390230528e-06,0.9744116,3.73,0.37,0.16,0.19,0.28,,,,,
2873,11767808,4380,32195.2435010807,20411.891215677195,5.97,2616.5,-0.0008353411012649303,5018.758610486984,0.4269890899886377,5.388624896e-06,0.97333527,3.73,0.37,0.16,0.19,0.28,,,,,
2874,11771904,4381,32393.793757835465,20560.97245616731,5.96,2631.81,-0.00031323621624324005,3527.6801863908768,0.3335839538485743,5.387019264e-06,0.9850063,3.7,0.37,0.16,0.2,0.27,,,,,
2875,11776000,4381,32393.793757835465,20560.97245616731,5.96,2631.81,-0.0011710994813256548,2551.1793248057365,0.37827266674139537,5.3854136320000005e-06,0.98206013,3.7,0.37,0.16,0.2,0.27,40642.99462011471,26035.66369247863,7.166666666666667,2997.3333333333335,0.1
2876,11780096,4383,33155.53234149153,21059.063127569625,6.03,2687.82,-0.0008851946622598916,3084.190818965435,0.4051129636936821,5.383808e-06,0.9772671,3.71,0.38,0.15,0.2,0.27,,,,,
2877,11784192,4384,33775.65144191264,21452.138896213855,6.02,2734.46,-0.0003446415412327042,4892.604592621326,0.3807375415053684,5.382202368000001e-06,0.97554433,3.64,0.39,0.15,0.2,0.26,,,,,
2878,11788288,4384,33775.65144191264,21452.138896213855,6.02,2734.46,-0.0005719608952858835,4678.731460809708,0.35239762731362134,5.380596736e-06,0.9769879,3.64,0.39,0.15,0.2,0.26,,,,,
2879,11792384,4384,33775.65144191264,21452.138896213855,6.02,2734.46,-0.000383956461064372,13081.844147205353,0.3596834739728365,5.3789911040000004e-06,0.9835279,3.64,0.39,0.15,0.2,0.26,,,,,
2880,11796480,4387,35321.072503577394,22469.008634755475,6.18,2811.92,-0.0004867440857196925,40317.494144678116,0.35984964307863265,5.377385472e-06,0.96871537,3.72,0.39,0.14,0.19,0.28,,,,,
2881,11800576,4392,34413.22271205476,21882.312050347253,6.1,2742.5,-0.00028100278268539114,14505.719268202782,0.4228230576845817,5.375779840000001e-06,0.55912995,3.71,0.38,0.14,0.21,0.27,,,,,
2882,11804672,4394,34444.192453952535,21922.0070461294,6.09,2734.68,-0.0006095448443375062,6545.727889299393,0.42672698554815724,5.374174208000001e-06,0.96740127,3.71,0.37,0.14,0.22,0.27,,,,,
2883,11808768,4397,33822.89738414489,21541.556376553694,6.03,2693.65,-0.0005437829640868586,4826.198740184307,0.4472011235775426,5.372568576e-06,0.90808827,3.7,0.37,0.15,0.21,0.27,,,,,
2884,11812864,4398,33982.764373149665,21632.586008649276,6.02,2711.95,-0.0006022821085025498,3776.929842531681,0.3711241512792185,5.370962944e-06,0.9820657,3.67,0.38,0.15,0.2,0.27,,,,,
2885,11816960,4400,33967.72566288532,21613.163808906145,6.03,2711.18,-0.0007117872610251652,5300.313308358192,0.4347372102201916,5.369357312000001e-06,0.9201148,3.68,0.38,0.15,0.19,0.28,,,,,
2886,11821056,4400,33967.72566288532,21613.163808906145,6.03,2711.18,-0.00037341243296395987,7645.091639876366,0.3936421039979905,5.3677516800000006e-06,0.98666453,3.68,0.38,0.15,0.19,0.28,,,,,
2887,11825152,4403,34475.39163598781,21940.335354367664,6.04,2735.22,-0.0012545971003419254,5367.936186075211,0.4080643756315112,5.366146048e-06,0.9867828,3.67,0.37,0.17,0.18,0.28,,,,,
2888,11829248,4406,32493.675791172776,20689.46665441238,6.0,2595.41,-0.0003501382416288834,14121.031738638878,0.3922783489106223,5.364540416e-06,0.9666056,3.78,0.35,0.18,0.18,0.29,,,,,
2889,11833344,4406,32493.675791172776,20689.46665441238,6.0,2595.41,-0.001002488785161404,2423.8640950918198,0.36049153871135786,5.362934784e-06,0.9807047,3.78,0.35,0.18,0.18,0.29,,,,,
2890,11837440,4408,32807.45974167805,20912.55054095697,6.01,2611.74,-0.00017862682216218673,14390.698622584343,0.3833949120598845,5.3613291520000005e-06,0.95193905,3.77,0.34,0.2,0.17,0.29,,,,,
2891,11841536,4409,32872.31109434311,20971.90148105461,6.04,2603.46,-0.0006161703931866214,16974.568469643593,0.36881927598733455,5.35972352e-06,0.96005636,3.81,0.34,0.19,0.17,0.3,,,,,
2892,11845632,4409,32872.31109434311,20971.90148105461,6.04,2603.46,-0.0004047166557938908,5922.116564452648,0.35833130523678847,5.358117888e-06,0.9596184,3.81,0.34,0.19,0.17,0.3,,,,,
2893,11849728,4411,33442.40353389371,21348.258527484286,6.07,2655.68,-0.0002539248216635315,9784.536530137062,0.4033997291699052,5.356512256e-06,0.9741915,3.78,0.35,0.19,0.16,0.3,,,,,
2894,11853824,4413,33481.5150819229,21385.801309358794,6.11,2643.36,-0.00048358884941990254,4459.903345108032,0.39209732349263504,5.3549066240000005e-06,0.98393226,3.83,0.34,0.19,0.16,0.31,,,,,
2895,11857920,4414,33832.84238371329,21616.917600625457,6.12,2671.07,-0.00021833560367667815,7055.691278100014,0.39282597874989733,5.353300992e-06,0.96378314,3.81,0.34,0.2,0.15,0.31,,,,,
2896,11862016,4418,33846.620736386256,21651.380557568547,6.16,2673.11,-0.0003076166340179043,26684.26498544216,0.46486236818600446,5.351695360000001e-06,0.4055469,3.85,0.34,0.2,0.15,0.31,,,,,
2897,11866112,4419,33931.82017464151,21707.27179481813,6.2,2673.91,-0.0006417600507120369,11068.906979084015,0.349773294175975,5.350089728e-06,0.90369123,3.89,0.34,0.19,0.15,0.32,,,,,
2898,11870208,4422,33365.30946606901,21354.129500203897,6.11,2646.26,-0.000479368150990922,4034.2868250608444,0.40307837462751195,5.3484840960000005e-06,0.94744146,3.82,0.35,0.2,0.13,0.32,,,,,
2899,11874304,4422,33365.30946606901,21354.129500203897,6.11,2646.26,-0.00024609217143733986,6782.333481431007,0.3441215118218679,5.346878464e-06,0.9817903,3.82,0.35,0.2,0.13,0.32,,,,,
2900,11878400,4423,34158.221919687116,21852.964182080537,6.16,2677.56,-0.0002771567087620497,10802.783462643623,0.36314040777506307,5.345272832000001e-06,0.9857101,3.84,0.34,0.21,0.13,0.32,43810.809846724114,28472.897662085456,7.333333333333333,3114.9,0.1
2901,11882496,4425,34610.93549881576,22169.0006750845,6.21,2688.02,-0.0002674746631328162,102143.04858446121,0.33872927329503,5.343667200000001e-06,0.96188915,3.88,0.34,0.21,0.12,0.33,,,,,
2902,11886592,4426,33896.053245934636,21729.62809372083,6.19,2632.82,-0.0006789003418816719,4179.998174846172,0.3616462003265042,5.342061568e-06,0.95366895,3.92,0.33,0.21,0.13,0.33,,,,,
2903,11890688,4426,33896.053245934636,21729.62809372083,6.19,2632.82,-0.0006942397794773569,3644.971507668495,0.37029061155044474,5.340455936e-06,0.99013454,3.92,0.33,0.21,0.13,0.33,,,,,
2904,11894784,4427,34475.06577347308,22085.366099855426,6.22,2661.65,-0.0010555553153608344,2460.6239399909973,0.3681261298188474,5.338850304e-06,0.97039264,3.92,0.33,0.21,0.13,0.33,,,,,
2905,11898880,4427,34475.06577347308,22085.366099855426,6.22,2661.65,-0.00048510364922549343,7577.652157306671,0.33876579129719175,5.337244672000001e-06,0.9828676,3.92,0.33,0.21,0.13,0.33,,,,,
2906,11902976,4430,34805.83914995098,22320.94369770711,6.26,2670.37,-0.0005039002026023809,10163.0458111763,0.39397248919704,5.33563904e-06,0.9388058,3.96,0.32,0.21,0.14,0.33,,,,,
2907,11907072,4431,33998.18048220143,21805.542935526442,6.21,2613.62,-0.0007910741423984291,2654.1486433148384,0.4146776432171464,5.334033408e-06,0.9730084,3.97,0.32,0.21,0.14,0.33,,,,,
2908,11911168,4432,34176.045549304625,21881.68148352547,6.17,2643.7,-0.0006165724362290348,6398.006648540497,0.3755102967261337,5.332427776e-06,0.9367298,3.9,0.33,0.21,0.14,0.32,,,,,
2909,11915264,4434,33851.60382655768,21665.58273724345,6.1,2634.99,-0.00014848322825855576,12398.038618147373,0.40499190299306065,5.3308221440000006e-06,0.74090177,3.84,0.34,0.21,0.14,0.31,,,,,
2910,11919360,4437,31682.182496880592,20270.275593207203,6.13,2513.53,-0.0004494220484048128,5439.535406589508,0.4229905157117173,5.329216512e-06,0.9776699,3.99,0.32,0.21,0.14,0.33,,,,,
2911,11923456,4439,31699.00592789822,20267.40923803868,6.11,2515.67,-0.00019171974417986348,8022.575582444668,0.3462541564076673,5.32761088e-06,0.8357635,3.97,0.32,0.22,0.13,0.33,,,,,
2912,11927552,4439,31699.00592789822,20267.40923803868,6.11,2515.67,-0.0005360051218303852,2931.8144419789314,0.3490645410201978,5.326005248e-06,0.9828185,3.97,0.32,0.22,0.13,0.33,,,,,
2913,11931648,4440,32369.821845759136,20671.91920688438,6.14,2564.0,-0.0004279619233784615,16849.660219192505,0.34886245283996686,5.3243996160000005e-06,0.96669525,3.95,0.32,0.23,0.12,0.33,,,,,
2914,11935744,4441,32596.488804701632,20833.592656730194,6.16,2569.72,-0.0001512981343694264,16155.258364915848,0.3539197799982503,5.322793984e-06,0.97735834,3.96,0.32,0.23,0.12,0.33,,,,,
2915,11939840,4442,33080.91366028709,21175.52610283824,6.23,2589.14,-0.00035983132329420187,4588.848487734795,0.37097508696024306,5.321188352000001e-06,0.9873791,4.02,0.31,0.23,0.12,0.34,,,,,
2916,11943936,4443,34091.14407562765,21824.215387113112,6.26,2640.24,-0.0005169837531866506,19922.541910767555,0.36221746521187015,5.31958272e-06,0.9680249,4.0,0.31,0.23,0.12,0.34,,,,,
2917,11948032,4444,34750.24974920469,22230.38174681623,6.31,2688.53,-0.0007591865796712227,4443.574623942375,0.344856657757191,5.3179770880000005e-06,0.9800825,4.0,0.31,0.23,0.12,0.34,,,,,
2918,11952128,4445,34702.00477037147,22207.010124040524,6.31,2683.11,-0.0008377993508474901,4815.474936246872,0.39563827018719167,5.316371456e-06,0.9383873,4.0,0.31,0.23,0.12,0.34,,,,,
2919,11956224,4446,35226.08987893266,22533.477706853304,6.35,2716.24,-0.0003187135462212609,8707.681851267815,0.3652213807217777,5.314765824000001e-06,0.96931946,4.0,0.31,0.23,0.12,0.34,,,,,
2920,11960320,4447,35792.32451196807,22888.26422518387,6.36,2756.0,-0.00021880067015445093,15859.414130449295,0.390945857798215,5.313160192000001e-06,0.92982674,3.97,0.31,0.24,0.12,0.33,,,,,
2921,11964416,4448,35824.805713093796,22911.172020702496,6.38,2755.81,-0.0002690457440621685,8909.203759729862,0.3904947584378533,5.3115545600000004e-06,0.97927517,3.99,0.31,0.24,0.12,0.33,,,,,
2922,11968512,4451,35523.85796017758,22725.7516081433,6.39,2734.5,-0.000237121579630184,3489.7622435092926,0.38568007267895155,5.309948928e-06,0.9339516,4.02,0.31,0.23,0.12,0.34,,,,,
2923,11972608,4452,35679.79245812044,22838.081843101605,6.42,2741.55,-0.00036246300805942155,9340.939384698868,0.3499448229558766,5.308343296e-06,0.9874338,4.04,0.31,0.23,0.12,0.34,,,,,
2924,11976704,4455,35688.474671143114,22841.524965794164,6.37,2746.54,-0.0009169951481453609,2574.228275001049,0.45470819977344945,5.306737664000001e-06,0.8570065,3.98,0.33,0.22,0.11,0.34,,,,,
2925,11980800,4457,35794.620635119594,22895.911572869096,6.34,2764.94,-0.0005671399721904891,3604.357695400715,0.41059541556751356,5.305132032e-06,0.84207743,3.92,0.35,0.21,0.11,0.33,40025.384335421695,25711.058757345672,7.266666666666667,2981.766666666667,0.06666666666666667
2926,11984896,4459,35926.82956833654,22988.0294473839,6.35,2769.92,-0.0006161739092931384,4876.99889343977,0.35987143908278085,5.3035264e-06,0.9746752,3.93,0.35,0.21,0.11,0.33,,,,,
2927,11988992,4460,36051.708427081845,23069.378895206264,6.36,2782.19,-0.000489259011374088,5716.54816699028,0.38609046558849514,5.301920768e-06,0.95238423,3.93,0.35,0.21,0.11,0.33,,,,,
2928,11993088,4463,35766.65042177652,22857.535271321678,6.25,2774.72,-0.0007532812905992614,7307.027977705002,0.42887153720948845,5.300315136000001e-06,0.96929044,3.82,0.35,0.22,0.13,0.3,,,,,
2929,11997184,4464,35759.51992667102,22832.62625448532,6.23,2779.75,-0.0003722675965036615,5080.727198600769,0.3484817107091658,5.298709504e-06,0.9879448,3.79,0.35,0.22,0.14,0.29,,,,,
2930,12001280,4467,35579.44360062238,22766.471617747666,6.25,2764.43,-0.00026756069746625144,22063.99566078186,0.4252331520547159,5.297103872e-06,0.7515252,3.83,0.34,0.22,0.14,0.3,,,,,
2931,12005376,4469,35639.924620583246,22780.635900300666,6.27,2758.5,-0.0007220265524665592,3091.3251791596413,0.4172179352026433,5.29549824e-06,0.94721955,3.85,0.33,0.23,0.14,0.3,,,,,
2932,12009472,4470,35236.22473686677,22531.54955916616,6.24,2740.89,-0.0006228756219570641,3922.8198008537292,0.3630181868793443,5.2938926080000005e-06,0.95459026,3.83,0.34,0.22,0.14,0.3,,,,,
2933,12013568,4470,35236.22473686677,22531.54955916616,6.24,2740.89,-0.0004380543732622755,8133.050969362259,0.39640781161142513,5.292286976e-06,0.9683963,3.83,0.34,0.22,0.14,0.3,,,,,
2934,12017664,4474,34823.71900460333,22273.214247105207,6.27,2710.03,-0.000656687830996816,5489.226334989071,0.4253817548160441,5.290681344000001e-06,0.5186645,3.91,0.34,0.2,0.14,0.32,,,,,
2935,12021760,4476,34817.11830676291,22242.259202976184,6.26,2708.02,-0.000868276536493795,6954.7067486047745,0.3786893333599437,5.289075712e-06,0.9793803,3.9,0.35,0.19,0.14,0.32,,,,,
2936,12025856,4478,33618.356278970045,21450.944178816928,6.13,2647.48,-0.00041260481793869985,4975.1341462135315,0.33166983106639236,5.2874700800000005e-06,0.9822274,3.83,0.35,0.2,0.15,0.3,,,,,
2937,12029952,4481,32864.8891225931,20997.935684439275,6.15,2579.43,-0.0003160354699502932,14257.879056692123,0.40316452929982916,5.285864448e-06,0.9718517,3.93,0.33,0.2,0.16,0.31,,,,,
2938,12034048,4482,32382.885737526343,20711.067476678392,6.16,2535.15,-0.0006495531733889948,1876.1780284643173,0.3224822289776057,5.284258816000001e-06,0.9786514,3.99,0.32,0.2,0.16,0.32,,,,,
2939,12038144,4484,32280.41228689881,20602.409652351147,6.07,2535.39,-0.0010663349112292053,1631.9985099434853,0.36356209020596,5.282653184000001e-06,0.9570612,3.9,0.33,0.2,0.16,0.31,,,,,
2940,12042240,4484,32280.41228689881,20602.409652351147,6.07,2535.39,-0.00044373807395459153,4261.649686694145,0.3644856287864968,5.2810475520000005e-06,0.9864356,3.9,0.33,0.2,0.16,0.31,,,,,
2941,12046336,4486,31575.604561271466,20111.567283513185,5.99,2515.49,-0.0005813629504700657,5327.699571788311,0.38826001741108485,5.27944192e-06,0.94088775,3.84,0.34,0.2,0.16,0.3,,,,,
2942,12050432,4488,31845.09647811904,20284.55719787342,6.06,2523.23,-0.00028088275303161936,6109.2145919799805,0.38912490237271413,5.277836288e-06,0.9761772,3.9,0.33,0.2,0.16,0.31,,,,,
2943,12054528,4490,32205.20656859652,20510.754523056807,6.15,2541.53,-0.00034804802544385893,7450.413313150406,0.3610144517442677,5.276230656000001e-06,0.9567446,3.97,0.33,0.2,0.14,0.33,,,,,
2944,12058624,4493,32605.67824314341,20729.550517777723,6.16,2575.01,-0.0007920932512206491,5079.840132713318,0.4324555995990522,5.2746250240000004e-06,0.9165878,3.94,0.34,0.2,0.14,0.32,,,,,
2945,12062720,4497,32063.521341999174,20414.45807148413,6.27,2530.02,-0.0005916097406952758,9307.609019756317,0.4306382240029052,5.273019392e-06,0.79842734,4.11,0.32,0.19,0.14,0.35,,,,,
2946,12066816,4497,32063.521341999174,20414.45807148413,6.27,2530.02,-0.0004440981865627691,5859.981130361557,0.3854961078905035,5.27141376e-06,0.96512705,4.11,0.32,0.19,0.14,0.35,,,,,
2947,12070912,4498,33024.17407716418,21022.625751475385,6.33,2590.36,-0.0002909888935391791,7650.594435811043,0.3456896039133426,5.269808128000001e-06,0.98300606,4.11,0.32,0.19,0.14,0.35,,,,,
2948,12075008,4499,32941.81500719867,20974.17148166061,6.31,2591.39,-0.0002909797040047124,10848.133575797081,0.3997479366371408,5.268202496e-06,0.96570766,4.09,0.32,0.19,0.15,0.34,,,,,
2949,12079104,4500,33196.17525097616,21164.455983649983,6.35,2603.06,-0.0008468810956401285,4190.5257563591,0.3680856198479887,5.266596864e-06,0.9554275,4.12,0.32,0.19,0.14,0.35,,,,,
2950,12083200,4501,32513.45004684461,20732.369318856065,6.31,2577.76,-0.00017902505351230502,23419.7681401968,0.36190980797982775,5.264991232e-06,0.7802413,4.11,0.33,0.18,0.14,0.35,32359.743887806693,20965.12326239514,6.733333333333333,2500.733333333333,0.1
2951,12087296,4502,32667.04861255042,20825.742009554364,6.31,2595.51,-0.0008375378565688152,7721.370909869671,0.47202475799713284,5.2633856000000006e-06,0.8372453,4.09,0.34,0.17,0.14,0.35,,,,,
2952,12091392,4504,32805.190557922935,20884.881165016206,6.2,2618.77,-0.0004802894654858392,5543.169063568115,0.42918220319552347,5.261779968e-06,0.90295804,3.95,0.35,0.18,0.14,0.33,,,,,
2953,12095488,4505,33058.574293616,21040.99330616248,6.2,2644.54,-0.0006605784892599331,5862.664537370205,0.3635646844340954,5.260174336e-06,0.93366086,3.92,0.36,0.18,0.13,0.33,,,,,
2954,12099584,4507,32803.65415833771,20856.275768404466,6.17,2639.1,-0.0006490082605523639,1524.0469312667847,0.4337582106818445,5.258568704e-06,0.9663228,3.89,0.38,0.16,0.13,0.33,,,,,
2955,12103680,4508,32861.7795483161,20889.126065857545,6.17,2643.71,-0.0003887593666149769,6545.451029062271,0.37467177244252525,5.2569630720000005e-06,0.9820976,3.88,0.38,0.16,0.13,0.33,,,,,
2956,12107776,4509,33023.113807564965,20985.55600112199,6.17,2653.12,-0.00040148323569155764,10895.875301003456,0.3487963747465983,5.25535744e-06,0.980109,3.87,0.38,0.16,0.13,0.33,,,,,
2957,12111872,4510,32879.01707116601,20884.24432877683,6.18,2628.07,-0.00040085920045385137,7539.50883191824,0.36656425130786374,5.253751808e-06,0.98346084,3.91,0.37,0.16,0.14,0.33,,,,,
2958,12115968,4512,33067.98356887973,20958.364775707458,6.17,2638.98,-0.0007832674200471956,2937.5154611468315,0.42862645006971434,5.252146176000001e-06,0.96097535,3.89,0.37,0.16,0.14,0.33,,,,,
2959,12120064,4514,32635.651416856897,20691.78819810472,6.12,2619.05,-0.0003859853686662973,7526.490970373154,0.4443410959211178,5.2505405440000005e-06,0.93648493,3.86,0.38,0.15,0.15,0.32,,,,,
2960,12124160,4516,32585.105866905567,20652.95537362188,6.18,2607.95,-0.000287005918835348,21425.476722240448,0.3645503912412096,5.248934912e-06,0.53930914,3.94,0.37,0.15,0.15,0.33,,,,,
2961,12128256,4517,32954.02341431754,20877.10661239792,6.2,2641.21,-0.0009800363404792733,3968.3705871105194,0.39672640708158724,5.24732928e-06,0.95554465,3.92,0.38,0.14,0.15,0.33,,,,,
2962,12132352,4517,32954.02341431754,20877.10661239792,6.2,2641.21,-0.00022952913423068821,12325.084405064583,0.32329838306759484,5.245723648000001e-06,0.9339422,3.92,0.38,0.14,0.15,0.33,,,,,
2963,12136448,4519,34029.45944570289,21575.67059134581,6.2,2715.46,-0.00030991764288046397,10509.03925728798,0.36813988513313234,5.2441180160000005e-06,0.9617964,3.84,0.39,0.14,0.15,0.32,,,,,
2964,12140544,4520,33924.45412540659,21494.98471094363,6.19,2708.25,-0.00031649266929889563,5458.776623427868,0.37595961143961176,5.242512384e-06,0.9375898,3.84,0.39,0.14,0.15,0.32,,,,,
2965,12144640,4521,34724.61375998881,21998.48205726761,6.25,2762.01,-0.0003079055622947635,4965.604847431183,0.32124900960479863,5.240906752e-06,0.9794964,3.85,0.38,0.15,0.15,0.32,,,,,
2966,12148736,4522,35065.68320413641,22244.18426924774,6.33,2771.75,-0.00021810661201016046,22475.329739809036,0.32871693986817263,5.239301120000001e-06,0.97464067,3.92,0.38,0.14,0.15,0.33,,,,,
2967,12152832,4523,34299.09978932061,21772.32018955962,6.29,2737.47,-0.00032345332692784723,3806.271810889244,0.36604539048857987,5.237695488e-06,0.97428286,3.91,0.38,0.14,0.15,0.33,,,,,
2968,12156928,4524,33990.3231560823,21549.514360702608,6.23,2747.56,-0.0004244247520546196,6592.901101350784,0.37302280773292296,5.236089856e-06,0.9727314,3.83,0.39,0.14,0.15,0.32,,,,,
2969,12161024,4524,33990.3231560823,21549.514360702608,6.23,2747.56,-0.0005383722764236154,3600.340982437134,0.3587631029076874,5.234484224e-06,0.9671202,3.83,0.39,0.14,0.15,0.32,,,,,
2970,12165120,4526,34541.230282035416,21874.115302559137,6.21,2791.11,-0.000460301935163443,3408.6451350450516,0.37234326914767735,5.232878592000001e-06,0.9765349,3.76,0.4,0.14,0.14,0.32,,,,,
2971,12169216,4527,34033.19401051722,21571.338445807844,6.19,2760.74,-0.0004301177050365368,8120.989150285721,0.3326653882395476,5.23127296e-06,0.9839417,3.77,0.39,0.15,0.14,0.32,,,,,
2972,12173312,4530,32994.227323722655,20927.913659559705,6.17,2683.77,-0.00042706504245870747,4889.472442626953,0.4117337403295096,5.229667328e-06,0.91630447,3.84,0.38,0.15,0.13,0.34,,,,,
2973,12177408,4532,33083.34608671949,20997.329968274305,6.24,2683.26,-0.0003430463557378971,14448.360672652721,0.32237881352193654,5.228061696e-06,0.9699317,3.91,0.38,0.14,0.13,0.35,,,,,
2974,12181504,4533,33382.226618105116,21190.597472501613,6.28,2682.51,-0.00042609630600054516,6594.9755836725235,0.33154744442435913,5.226456064e-06,0.98573667,3.95,0.37,0.14,0.14,0.35,,,,,
2975,12185600,4534,33467.32494837882,21266.94502489576,6.34,2681.0,-0.0007293944854609435,5004.399219274521,0.35933040536474437,5.224850432e-06,0.9729545,4.02,0.36,0.14,0.14,0.36,40179.45772680749,25729.809023476726,7.266666666666667,2977.5333333333333,0.1
2976,12189696,4536,33606.8289328476,21336.3746678975,6.25,2707.53,-0.0005072078638477251,2593.2251890301704,0.4029947699746117,5.2232448e-06,0.961776,3.89,0.38,0.14,0.14,0.34,,,,,
2977,12193792,4537,33957.11165252766,21555.48908353243,6.2,2741.55,-0.00056737189697742,3872.6864129304886,0.47406018699985,5.221639168000001e-06,0.9720984,3.8,0.39,0.14,0.14,0.33,,,,,
2978,12197888,4538,34022.015363052255,21587.9003238486,6.21,2745.66,-0.00018312903466721764,3595.926558315754,0.37395667759119533,5.2200335360000005e-06,0.9539005,3.81,0.39,0.13,0.15,0.33,,,,,
2979,12201984,4540,33440.66072825917,21265.17994688947,6.23,2706.69,-0.00023253415383805986,6398.266757369041,0.3857396741223056,5.218427904e-06,0.9503842,3.87,0.39,0.12,0.15,0.34,,,,,
2980,12206080,4540,33440.66072825917,21265.17994688947,6.23,2706.69,-0.0002293921570526436,23412.83237195015,0.3135996529017575,5.216822272e-06,0.9830542,3.87,0.39,0.12,0.15,0.34,,,,,
2981,12210176,4542,33428.148857431865,21237.318535920054,6.21,2712.44,-0.0002569702651271655,17252.43509745598,0.4254525612050202,5.215216640000001e-06,0.46443826,3.85,0.39,0.12,0.16,0.33,,,,,
2982,12214272,4545,32061.62980922004,20346.378804375723,6.1,2637.88,-0.0010289151532560936,5557.912820458412,0.39378246635897085,5.2136110080000005e-06,0.9448595,3.81,0.4,0.12,0.16,0.32,,,,,
2983,12218368,4547,31371.610804774686,19928.324462938876,6.06,2585.99,-0.0003356604738655733,11695.151050925255,0.44524916814407334,5.212005376e-06,0.9683484,3.83,0.4,0.11,0.17,0.32,,,,,
2984,12222464,4547,31371.610804774686,19928.324462938876,6.06,2585.99,-0.00034084949948010035,4817.673838973045,0.35962872114032507,5.210399744e-06,0.96367157,3.83,0.4,0.11,0.17,0.32,,,,,
2985,12226560,4548,32009.2758465865,20316.584465508655,6.04,2635.33,-0.00026997144141205354,7424.555939435959,0.3712626892956905,5.208794112000001e-06,0.9801964,3.75,0.41,0.11,0.17,0.31,,,,,
2986,12230656,4549,31936.609924343877,20289.375492373074,6.04,2628.43,-0.0011714166212186683,4499.837738633156,0.3699128401640337,5.2071884800000004e-06,0.952135,3.76,0.4,0.12,0.17,0.31,,,,,
2987,12234752,4551,32549.126808567416,20695.591270013025,6.07,2664.1,-0.00028679409842879977,12386.455377817154,0.35723304873681627,5.205582848e-06,0.96485066,3.76,0.39,0.13,0.18,0.3,,,,,
2988,12238848,4552,32745.541987444813,20805.137102670225,6.04,2682.58,-0.00036235147399565903,4224.420116186142,0.34919651033123955,5.203977216e-06,0.9680886,3.71,0.39,0.14,0.18,0.29,,,,,
2989,12242944,4553,32541.76293645348,20667.272669767393,6.0,2686.85,-0.0004984538854841958,3172.864448428154,0.3277881307294592,5.202371584000001e-06,0.97400504,3.66,0.4,0.14,0.18,0.28,,,,,
2990,12247040,4554,32912.077112126644,20905.865242865748,6.03,2713.1,-0.0003516124384077557,7068.727347135544,0.3336981182510499,5.200765952e-06,0.9525516,3.66,0.4,0.14,0.18,0.28,,,,,
2991,12251136,4555,33119.33906993537,21025.295361615346,6.05,2730.27,-0.0006152725090942113,3032.219324707985,0.3607526850537397,5.19916032e-06,0.9563157,3.66,0.4,0.14,0.18,0.28,,,,,
2992,12255232,4556,33399.60468627181,21187.000800790294,6.07,2753.38,-0.00022774267381464597,17019.733919858932,0.3271462591656018,5.197554688e-06,0.96162415,3.66,0.4,0.14,0.18,0.28,,,,,
2993,12259328,4558,33613.68957419102,21370.957030382284,6.19,2747.13,-0.0003425414251978509,38145.874821186066,0.39256664586719126,5.195949056e-06,0.95947087,3.79,0.39,0.14,0.17,0.3,,,,,
2994,12263424,4561,33042.06982632355,20998.568072329763,6.22,2703.95,-0.000395243142520485,30581.59540271759,0.3666148461343255,5.194343424e-06,0.97199124,3.87,0.37,0.15,0.17,0.31,,,,,
2995,12267520,4563,33979.87689269601,21611.28085473815,6.33,2748.24,-0.00028478793137765024,6138.18040728569,0.34239515630179085,5.192737792e-06,0.9891329,3.94,0.37,0.14,0.16,0.33,,,,,
2996,12271616,4563,33979.87689269601,21611.28085473815,6.33,2748.24,-0.0006214360291778576,1507.930804491043,0.3344970105099492,5.191132160000001e-06,0.9883759,3.94,0.37,0.14,0.16,0.33,,,,,
2997,12275712,4564,34015.06229274053,21635.702904058235,6.32,2760.57,-0.0006729255246682442,8481.96513724327,0.41645420843269676,5.189526528e-06,0.95602536,3.91,0.38,0.14,0.15,0.33,,,,,
2998,12279808,4566,34743.99160625731,22108.29402508472,6.35,2808.14,-0.0006558880313605187,10375.88666498661,0.3305271309509408,5.187920896e-06,0.98267347,3.89,0.39,0.14,0.14,0.33,,,,,
2999,12283904,4568,34399.63725650069,21890.49366606208,6.4,2778.18,-0.0002922712155850604,34839.24836707115,0.3787678126245737,5.186315264e-06,0.32689875,3.98,0.39,0.12,0.14,0.35,,,,,
3000,12288000,4569,34938.3324209573,22212.447975026866,6.38,2820.76,-0.0006551039459736785,8129.468987464905,0.35067518724827096,5.184709632000001e-06,0.95865333,3.91,0.4,0.12,0.14,0.34,36813.47108451442,23431.05452348747,6.933333333333334,2779.9333333333334,0.06666666666666667
3001,12292096,4571,34137.37908186987,21714.65467656888,6.39,2753.69,-0.0002388104985584505,6997.40227997303,0.3886562826228328,5.1831040000000005e-06,0.9721243,3.99,0.38,0.13,0.14,0.35,,,,,
3002,12296192,4573,34838.007863034785,22199.435096216705,6.48,2787.53,-0.00041379597314517014,25774.068053007126,0.37327196149271913,5.181498368e-06,0.9499973,4.04,0.37,0.13,0.15,0.35,,,,,
3003,12300288,4575,35248.56458452962,22443.711290277668,6.48,2822.02,-0.000507155675222748,4126.422031104565,0.4080696768942289,5.179892736e-06,0.95533484,4.0,0.37,0.14,0.15,0.34,,,,,
3004,12304384,4576,35034.16749102974,22299.075035733742,6.43,2828.29,-0.0011880850988745806,1927.5282256007195,0.36542024661321193,5.178287104000001e-06,0.9743946,3.94,0.38,0.14,0.15,0.33,,,,,
3005,12308480,4576,35034.16749102974,22299.075035733742,6.43,2828.29,-0.00030898076693119947,4984.982403457165,0.35406790490378626,5.1766814720000005e-06,0.9689963,3.94,0.38,0.14,0.15,0.33,,,,,
3006,12312576,4577,35747.79464069271,22748.491783295227,6.48,2885.19,-0.0006062408083380433,7281.926637291908,0.41958377399714664,5.17507584e-06,0.95998645,3.93,0.39,0.13,0.15,0.33,,,,,
3007,12316672,4580,35218.85932433435,22415.614060197146,6.37,2867.6,-0.0005039780317019904,2138.0806144475937,0.40749755915021524,5.173470208e-06,0.9330973,3.83,0.4,0.15,0.12,0.33,,,,,
3008,12320768,4581,35404.10595578525,22516.573110122095,6.33,2887.87,-0.0006245874983505928,4583.051686048508,0.3736588190367911,5.171864576000001e-06,0.9860421,3.77,0.41,0.15,0.12,0.32,,,,,
3009,12324864,4582,35972.190210932335,22843.939779245942,6.33,2927.16,-0.0001534620223537786,10058.352502822876,0.3572155280271545,5.1702589440000004e-06,0.97444624,3.73,0.41,0.16,0.12,0.31,,,,,
3010,12328960,4583,35959.017346378205,22859.19210092115,6.36,2917.62,-0.00031974405919754645,4970.510430216789,0.40739030225086026,5.168653312e-06,0.93672293,3.78,0.4,0.16,0.12,0.32,,,,,
3011,12333056,4586,35384.06852781562,22528.086495924123,6.4,2864.57,-5.4586195801675785e-05,87547.8078660965,0.3515753579849843,5.16704768e-06,0.74872994,3.87,0.38,0.17,0.12,0.33,,,,,
3012,12337152,4586,35384.06852781562,22528.086495924123,6.4,2864.57,-0.00029891964368289337,4041.7075446248055,0.330506199185038,5.165442048e-06,0.9825424,3.87,0.38,0.17,0.12,0.33,,,,,
3013,12341248,4587,35587.73203332647,22634.36035396208,6.38,2889.93,-0.00033894072203111136,2662.7332786917686,0.36435184912988916,5.163836416e-06,0.97873104,3.82,0.39,0.17,0.12,0.32,,,,,
3014,12345344,4591,35584.11870188475,22637.399978217374,6.28,2898.67,-0.00025610506691009505,15163.604078054428,0.4274004276958294,5.162230784e-06,0.9264018,3.72,0.39,0.18,0.13,0.3,,,,,
3015,12349440,4593,35673.28648436887,22695.178120892673,6.26,2905.04,-0.0005443385780381504,5549.0068571567535,0.38492451095953584,5.160625152000001e-06,0.9049107,3.69,0.39,0.18,0.14,0.29,,,,,
3016,12353536,4593,35673.28648436887,22695.178120892673,6.26,2905.04,-0.0007329331183427712,6866.176569700241,0.42577975589665584,5.15901952e-06,0.9521159,3.69,0.39,0.18,0.14,0.29,,,,,
3017,12357632,4594,36472.61834816189,23173.89138696956,6.29,2964.14,-0.0006403327515727142,7255.744277000427,0.38656244572484866,5.157413888e-06,0.9594192,3.66,0.4,0.18,0.13,0.29,,,,,
3018,12361728,4597,36855.448811035014,23416.81930954258,6.21,2998.93,-0.00030983263150119456,8236.050607740879,0.37013547064270824,5.155808256e-06,0.9664276,3.53,0.42,0.18,0.13,0.27,,,,,
3019,12365824,4597,36855.448811035014,23416.81930954258,6.21,2998.93,-0.00034617314940987853,3853.9588780403137,0.35318332668975927,5.154202624000001e-06,0.9827445,3.53,0.42,0.18,0.13,0.27,,,,,
3020,12369920,4599,36334.17252558053,23090.91555373038,6.18,2970.23,-0.0008389723170694197,6961.664111495018,0.42022076388821006,5.1525969920000005e-06,0.9582288,3.52,0.42,0.19,0.12,0.27,,,,,
3021,12374016,4600,36197.473455778585,22966.684529513484,6.13,2972.9,-0.0005704339455405716,2044.054688513279,0.3855295420216862,5.15099136e-06,0.9570873,3.46,0.43,0.19,0.12,0.26,,,,,
3022,12378112,4600,36197.473455778585,22966.684529513484,6.13,2972.9,-0.0004209497956253472,4394.973442852497,0.38544963431195356,5.149385728e-06,0.9686161,3.46,0.43,0.19,0.12,0.26,,,,,
3023,12382208,4604,35938.569345268035,22813.840249365094,6.24,2932.25,-0.0006324762243821169,14099.868488430977,0.43220095394644886,5.147780096000001e-06,0.90429777,3.62,0.41,0.18,0.12,0.29,,,,,
3024,12386304,4605,35923.9697866607,22809.66608873252,6.24,2929.74,-0.0014693669077132654,3533.961426138878,0.36140160070499405,5.1461744640000005e-06,0.9024515,3.62,0.41,0.18,0.12,0.29,,,,,
3025,12390400,4606,35669.65493700986,22658.570820864785,6.22,2911.21,-0.00041164435060636606,4929.294159293175,0.3855431284173392,5.144568832e-06,0.9653493,3.62,0.41,0.18,0.12,0.29,37633.83853628238,24298.07455950877,7.0,2749.8,0.13333333333333333
3026,12394496,4607,36346.335189429956,23111.47042449,6.27,2946.54,-0.00024454124559269985,8505.005616664886,0.3683067543315701,5.1429632e-06,0.9838281,3.64,0.4,0.19,0.12,0.29,,,,,
3027,12398592,4607,36346.335189429956,23111.47042449,6.27,2946.54,-0.00017293534438067582,49326.86833667755,0.39406191650778055,5.141357568e-06,0.9718161,3.64,0.4,0.19,0.12,0.29,,,,,
3028,12402688,4610,35644.57588983893,22682.418220601357,6.24,2909.47,-0.00037726713071606355,8737.477676093578,0.4436071652453393,5.1397519360000005e-06,0.67055976,3.65,0.41,0.18,0.12,0.29,,,,,
3029,12406784,4611,35824.40009484481,22791.07328144303,6.25,2924.33,-0.001205679753638833,3038.391368329525,0.3509159987443127,5.138146304e-06,0.9505758,3.65,0.41,0.18,0.12,0.29,,,,,
3030,12410880,4612,35987.580252502106,22890.99168699746,6.25,2933.36,-0.00022412584075937048,1929.076627612114,0.3239358266291674,5.136540672e-06,0.985038,3.64,0.41,0.18,0.12,0.29,,,,,
3031,12414976,4613,36347.45354093974,23089.88472953412,6.25,2962.66,-0.0008327841369464295,5244.475593686104,0.40138226782437414,5.13493504e-06,0.96091765,3.6,0.42,0.18,0.11,0.29,,,,,
3032,12419072,4614,36598.93122154551,23236.083439306058,6.28,2973.75,-0.000338879037371953,4803.729549467564,0.3837189716286957,5.133329408e-06,0.9636441,3.62,0.41,0.19,0.11,0.29,,,,,
3033,12423168,4615,36789.915962319945,23359.133388667266,6.27,2995.58,-0.00033986280868703034,3495.862122952938,0.39821183861931786,5.131723776e-06,0.9768756,3.58,0.42,0.19,0.1,0.29,,,,,
3034,12427264,4616,37142.263868807415,23587.099464332885,6.25,3022.25,-0.0002620828254293883,6924.251721382141,0.4178510960191488,5.130118144000001e-06,0.9683556,3.53,0.42,0.2,0.1,0.28,,,,,
3035,12431360,4619,36243.02540311731,22997.882428812874,6.25,2950.78,-0.00029609676494146697,7681.058247923851,0.4079164551803842,5.128512512e-06,0.92966807,3.61,0.4,0.21,0.1,0.29,,,,,
3036,12435456,4621,35691.400000695845,22667.09292661525,6.24,2908.45,-0.00011882503895321861,6388.15695810318,0.37688725799671374,5.12690688e-06,0.963861,3.64,0.39,0.21,0.11,0.29,,,,,
3037,12439552,4622,35732.91630453771,22700.205688209953,6.25,2911.36,-0.0001702794834272936,66111.128013134,0.35109890543390065,5.125301248e-06,0.9565057,3.65,0.39,0.21,0.11,0.29,,,,,
3038,12443648,4624,35673.20739318158,22690.222617955045,6.29,2864.21,-0.00011418983194744214,165477.7956018448,0.35437100028502755,5.123695616000001e-06,0.94786537,3.75,0.38,0.21,0.11,0.3,,,,,
3039,12447744,4626,35623.23885625333,22689.34726397034,6.31,2849.38,-0.00041956716631830204,13998.660037398338,0.3983848675561603,5.1220899840000006e-06,0.96793926,3.79,0.37,0.21,0.12,0.3,,,,,
3040,12451840,4629,34868.629740258184,22193.205545587065,6.29,2804.81,-0.0005180544503673445,9453.540216684341,0.3850823560205754,5.120484352e-06,0.8479834,3.81,0.38,0.19,0.13,0.3,,,,,
3041,12455936,4629,34868.629740258184,22193.205545587065,6.29,2804.81,-0.0005853423563166871,5285.304046630859,0.42603448586305603,5.11887872e-06,0.97509134,3.81,0.38,0.19,0.13,0.3,,,,,
3042,12460032,4630,35961.5285269543,22868.718378706588,6.32,2880.02,-0.00024482329536112957,5351.479192078114,0.32195686927298084,5.117273088000001e-06,0.98736626,3.76,0.39,0.19,0.13,0.29,,,,,
3043,12464128,4631,35963.59383136353,22880.173368310025,6.32,2880.62,-0.00043838135024998337,4393.180543482304,0.3861841673788149,5.1156674560000005e-06,0.953112,3.76,0.39,0.19,0.13,0.29,,,,,
3044,12468224,4632,35872.38029112996,22797.128711822865,6.25,2881.59,-0.00048226195940515026,1629.0816969275475,0.36582277799607255,5.114061824e-06,0.96901554,3.68,0.39,0.2,0.13,0.28,,,,,
3045,12472320,4634,35526.36078100075,22538.061959432252,6.15,2883.87,-0.00078344636131078,5473.044895291328,0.3742129009333439,5.112456192e-06,0.83557177,3.57,0.41,0.2,0.12,0.27,,,,,
3046,12476416,4636,35317.64108372535,22411.30203311814,6.15,2863.54,-0.0006300876120803878,15535.296333670616,0.42772861738922074,5.11085056e-06,0.91944253,3.6,0.39,0.22,0.12,0.27,,,,,
3047,12480512,4638,35374.44445920374,22473.963225797062,6.18,2857.2,-0.0003862825069518294,12210.679132938385,0.39844967157114297,5.1092449280000005e-06,0.94818425,3.64,0.39,0.22,0.11,0.28,,,,,
3048,12484608,4639,35336.0534126962,22459.02897686927,6.18,2852.43,-0.00029492755493265577,10044.430132865906,0.3661399105330929,5.107639296e-06,0.91324735,3.64,0.39,0.22,0.11,0.28,,,,,
3049,12488704,4643,34071.86837050178,21636.889333504536,6.08,2773.56,-0.0003174816529281088,9521.65446305275,0.36623031680937856,5.106033664e-06,0.95680153,3.62,0.38,0.23,0.11,0.28,,,,,
3050,12492800,4644,33954.26451136527,21565.280204972772,6.08,2760.79,-0.00043014637049054727,4634.716638326645,0.371031279588351,5.104428032e-06,0.96951824,3.64,0.37,0.24,0.11,0.28,25513.924170047936,16204.539714036626,6.333333333333333,2052.5666666666666,0.06666666666666667
3051,12496896,4644,33954.26451136527,21565.280204972772,6.08,2760.79,-0.00028785756148863584,16774.782586812973,0.38317266636295244,5.1028224000000004e-06,0.97918236,3.64,0.37,0.24,0.11,0.28,,,,,
3052,12500992,4646,34811.88456050854,22095.96322578331,6.09,2819.5,-0.0005667208806698909,5570.305615782738,0.4299578766222112,5.101216768e-06,0.8456038,3.59,0.38,0.24,0.1,0.28,,,,,
3053,12505088,4648,34545.36323345638,21903.51345202087,6.11,2798.89,-0.00027989211957901716,3109.606742322445,0.3682047593756579,5.099611136000001e-06,0.9828353,3.63,0.37,0.24,0.11,0.28,,,,,
3054,12509184,4649,34460.242659897325,21841.050620613616,6.1,2792.36,-0.0002994193109771004,6829.403972148895,0.41857075836742297,5.098005504e-06,0.9626189,3.62,0.38,0.23,0.11,0.28,,,,,
3055,12513280,4651,34380.548784565166,21797.119177922883,6.14,2780.92,-0.0001722669130685972,19020.771774053574,0.4218637420563027,5.0963998719999996e-06,0.94214976,3.67,0.38,0.22,0.11,0.29,,,,,
3056,12517376,4652,34176.00807206829,21666.167048493822,6.15,2762.69,-0.0005892968056286918,2287.6588493585587,0.38889687141636387,5.094794240000001e-06,0.98229694,3.7,0.38,0.21,0.11,0.3,,,,,
3057,12521472,4654,34008.0090885669,21551.006763621153,6.15,2744.08,-0.00036460750379774254,3942.1317018270493,0.3731323778629303,5.093188608000001e-06,0.97649246,3.73,0.37,0.21,0.12,0.3,,,,,
3058,12525568,4656,33701.11449175397,21373.966829667563,6.21,2712.82,-0.0005484835933202703,6885.998661577702,0.39314192469464615,5.091582976000001e-06,0.93975973,3.82,0.36,0.21,0.12,0.31,,,,,
3059,12529664,4657,33808.9678269121,21435.447307146685,6.19,2722.49,-0.00020785633932973724,11148.69395685196,0.3029181785241235,5.089977344e-06,0.9728093,3.79,0.36,0.21,0.12,0.31,,,,,
3060,12533760,4658,34156.605208947076,21614.06564697859,6.15,2756.04,-0.0008044366149988491,2398.1610894203186,0.36526415939442813,5.088371712000001e-06,0.9838201,3.71,0.37,0.21,0.12,0.3,,,,,
3061,12537856,4660,34195.334013927306,21630.827340297303,6.1,2761.79,-0.00042561445116007235,4175.776250004768,0.40360023913672194,5.086766080000001e-06,0.959145,3.65,0.38,0.21,0.12,0.29,,,,,
3062,12541952,4661,34516.76450108991,21852.208508330237,6.12,2785.54,-0.0003136258092126809,8190.9282693862915,0.37181094248080626,5.0851604480000006e-06,0.89764345,3.65,0.38,0.21,0.12,0.29,,,,,
3063,12546048,4661,34516.76450108991,21852.208508330237,6.12,2785.54,-0.0009661532585596433,5326.222848653793,0.40387996411300264,5.083554816e-06,0.9851532,3.65,0.38,0.21,0.12,0.29,,,,,
3064,12550144,4663,34596.09818285949,21857.490584980376,6.06,2814.67,-0.000484439868159825,6295.87724006176,0.3979035629017744,5.081949184e-06,0.9796285,3.56,0.39,0.21,0.13,0.27,,,,,
3065,12554240,4666,33636.36315040436,21265.66801719427,6.04,2738.4,-0.000313779085445276,11475.917106986046,0.44506819953676313,5.080343552000001e-06,0.9727282,3.62,0.37,0.22,0.14,0.27,,,,,
3066,12558336,4668,33767.94973657163,21357.45124438269,6.03,2745.26,-0.00017220573499798775,18081.244928598404,0.4155680593685247,5.0787379200000005e-06,0.96866214,3.6,0.37,0.22,0.15,0.26,,,,,
3067,12562432,4670,33408.93942684169,21168.248305675952,6.09,2704.72,-0.0006209049752214924,3562.2606431245804,0.3969156433304306,5.077132288e-06,0.8852418,3.72,0.36,0.21,0.15,0.28,,,,,
3068,12566528,4673,33212.93787452803,20992.59516696141,6.04,2711.47,-6.011490859236801e-05,41125.48363375664,0.4028938570409082,5.075526656e-06,0.74383247,3.67,0.37,0.21,0.14,0.28,,,,,
3069,12570624,4673,33212.93787452803,20992.59516696141,6.04,2711.47,-0.00042033229510707315,3743.301804661751,0.32992056908551604,5.073921024000001e-06,0.98161525,3.67,0.37,0.21,0.14,0.28,,,,,
3070,12574720,4676,33340.90069791185,21128.642284598318,6.14,2706.65,-0.0003023197623406304,15877.630815267563,0.367004134808667,5.0723153920000005e-06,0.93190575,3.78,0.36,0.2,0.14,0.3,,,,,
3071,12578816,4676,33340.90069791185,21128.642284598318,6.14,2706.65,-0.000854039558362274,2222.3743146061897,0.3504765573015902,5.07070976e-06,0.98610896,3.78,0.36,0.2,0.14,0.3,,,,,
3072,12582912,4677,33245.54577950391,21068.380626379163,6.14,2692.65,-0.0007886266548666754,7831.127903819084,0.36717807763488963,5.069104128e-06,0.96498877,3.79,0.35,0.21,0.14,0.3,,,,,
3073,12587008,4679,33764.43907942257,21392.347346414914,6.21,2727.2,-0.0006737363655702211,4237.642610192299,0.3883572564518545,5.067498496000001e-06,0.9726458,3.83,0.35,0.2,0.14,0.31,,,,,
3074,12591104,4681,33899.36276535449,21485.245776471646,6.23,2733.18,-0.00036156121677777264,6102.0017676353455,0.40486268390668556,5.0658928640000004e-06,0.94897485,3.84,0.34,0.21,0.14,0.31,,,,,
3075,12595200,4681,33899.36276535449,21485.245776471646,6.23,2733.18,-0.00026531369258009363,12991.460482358932,0.37759612168883905,5.064287232e-06,0.9819553,3.84,0.34,0.21,0.14,0.31,46807.83936052671,30017.25701310565,7.466666666666667,3235.6,0.13333333333333333
3076,12599296,4682,34154.64001931072,21685.84875725124,6.25,2739.82,-0.00037696688104915665,13537.604251980782,0.35567852939129807,5.0626816e-06,0.96906143,3.86,0.34,0.2,0.15,0.31,,,,,
3077,12603392,4685,33873.53660126609,21513.398697956836,6.24,2726.9,-0.0006734603575750953,7888.403914451599,0.4292025499162264,5.061075968000001e-06,0.87860876,3.87,0.33,0.21,0.15,0.31,,,,,
3078,12607488,4685,33873.53660126609,21513.398697956836,6.24,2726.9,-0.0008314425667776959,7855.338296413422,0.36970156588358805,5.059470336e-06,0.97440547,3.87,0.33,0.21,0.15,0.31,,,,,
3079,12611584,4686,34445.965787282,21877.014884659173,6.23,2762.66,-0.0005116248830745462,8897.22936964035,0.3816872593597509,5.057864704e-06,0.97492206,3.82,0.33,0.21,0.16,0.3,,,,,
3080,12615680,4687,35031.39423340165,22252.81356944628,6.27,2780.92,-0.00032893416937440634,7753.515522480011,0.3606478172005154,5.056259072e-06,0.9703577,3.85,0.32,0.21,0.17,0.3,,,,,
3081,12619776,4690,34737.447401356156,22092.098545551802,6.29,2751.39,-0.00016377428710256936,13939.494200587273,0.3740024257567711,5.05465344e-06,0.9296687,3.91,0.31,0.21,0.17,0.31,,,,,
3082,12623872,4692,34919.50892838535,22226.99004682546,6.34,2761.0,-0.0006469434938480845,5319.054041147232,0.4474500043434091,5.053047808e-06,0.97071093,3.95,0.31,0.21,0.15,0.33,,,,,
3083,12627968,4692,34919.50892838535,22226.99004682546,6.34,2761.0,-0.00043780473060905933,5026.216677844524,0.3927259161719121,5.051442176e-06,0.991201,3.95,0.31,0.21,0.15,0.33,,,,,
3084,12632064,4693,35920.26460677241,22861.66950517558,6.4,2813.27,-0.0003556275960363564,8378.651668548584,0.3558152701880317,5.049836544e-06,0.98216355,3.96,0.3,0.22,0.15,0.33,,,,,
3085,12636160,4693,35920.26460677241,22861.66950517558,6.4,2813.27,-0.00024219983788498212,2784.0229080319405,0.34029540783376433,5.048230912e-06,0.9854219,3.96,0.3,0.22,0.15,0.33,,,,,
3086,12640256,4693,35920.26460677241,22861.66950517558,6.4,2813.27,-0.0001397197929691174,20709.81967306137,0.2936571614409331,5.04662528e-06,0.9822045,3.96,0.3,0.22,0.15,0.33,,,,,
3087,12644352,4696,36375.73288714662,23173.30398392186,6.42,2827.65,-0.0005628559165415936,7555.216870188713,0.4106714742956683,5.045019648e-06,0.960292,3.98,0.29,0.22,0.16,0.33,,,,,
3088,12648448,4699,35858.43296520715,22867.948796319928,6.49,2772.3,-0.0001689011805865448,23636.93274950981,0.46852906368440017,5.043414016e-06,0.91041636,4.12,0.27,0.21,0.17,0.35,,,,,
3089,12652544,4703,35084.31564408929,22431.336039690686,6.49,2707.21,-5.9414259339973796e-05,76608.51431536674,0.3996971665765159,5.041808384e-06,0.54908615,4.2,0.25,0.21,0.18,0.36,,,,,
3090,12656640,4703,35084.31564408929,22431.336039690686,6.49,2707.21,-0.00039494683551311027,5623.815586447716,0.38845091813709587,5.040202752000001e-06,0.96357477,4.2,0.25,0.21,0.18,0.36,,,,,
3091,12660736,4704,36148.14073822841,23106.256472914833,6.51,2779.43,-0.0003397242880964768,7816.900854110718,0.330973196454579,5.03859712e-06,0.9811695,4.14,0.26,0.21,0.18,0.35,,,,,
3092,12664832,4705,36309.63886221555,23206.587498534333,6.52,2794.13,-0.0006144794133433606,3702.5271090865135,0.35478379312553443,5.036991488e-06,0.92151964,4.14,0.26,0.21,0.18,0.35,,,,,
3093,12668928,4706,36426.825447623836,23272.575460228658,6.53,2802.89,-0.0012906500205644988,4818.38200879097,0.43255661986768246,5.035385856e-06,0.9533442,4.14,0.26,0.21,0.18,0.35,,,,,
3094,12673024,4706,36426.825447623836,23272.575460228658,6.53,2802.89,-0.00013806612787448103,14554.775088191032,0.3542812053055968,5.033780224000001e-06,0.9548105,4.14,0.26,0.21,0.18,0.35,,,,,
3095,12677120,4708,35502.50302602167,22649.646961859897,6.51,2758.03,-0.00042327967821620405,5257.123083233833,0.4017127387342043,5.032174592000001e-06,0.9592756,4.16,0.26,0.21,0.18,0.35,,,,,
3096,12681216,4712,35017.04173710012,22405.439063014383,6.47,2717.55,-0.00027394122298574075,18729.97839164734,0.4319775533513166,5.030568960000001e-06,0.9468017,4.16,0.25,0.22,0.19,0.34,,,,,
3097,12685312,4714,34848.44766391778,22364.515051766284,6.56,2685.04,-0.00038356649747584015,34210.734887599945,0.3737659736943897,5.0289633280000004e-06,0.97133267,4.3,0.24,0.21,0.19,0.36,,,,,
3098,12689408,4715,34664.82611869623,22261.77378748059,6.59,2662.37,-0.0006095903299865313,4166.149990558624,0.3847153515089303,5.027357695999999e-06,0.97633904,4.36,0.23,0.21,0.19,0.37,,,,,
3099,12693504,4715,34664.82611869623,22261.77378748059,6.59,2662.37,-0.00030718925336259417,5864.38209104538,0.39421490117092617,5.025752064000001e-06,0.97917455,4.36,0.23,0.21,0.19,0.37,,,,,
3100,12697600,4716,35224.553304136265,22606.791659558497,6.61,2704.35,-0.00025416648713871837,14075.890234947205,0.3616099151840899,5.024146432000001e-06,0.95865166,4.34,0.24,0.2,0.19,0.37,39063.58913753206,24972.614473194288,7.033333333333333,2832.4333333333334,0.16666666666666666
3101,12701696,4719,35394.26252068202,22739.7868752115,6.6,2714.59,-0.0001821475598262623,21872.208050608635,0.34661747532663867,5.0225408e-06,0.86840314,4.33,0.24,0.19,0.2,0.37,,,,,
3102,12705792,4719,35394.26252068202,22739.7868752115,6.6,2714.59,-0.0010726530290412484,5379.981423854828,0.4802896661567502,5.020935168e-06,0.94501305,4.33,0.24,0.19,0.2,0.37,,,,,
3103,12709888,4720,35639.91004022595,22904.44817371877,6.61,2737.01,-0.00018958385771838948,12284.94816672802,0.38678611276554875,5.019329536000001e-06,0.9414198,4.32,0.25,0.18,0.2,0.37,,,,,
3104,12713984,4720,35639.91004022595,22904.44817371877,6.61,2737.01,-0.00020328006030467805,11205.659906029701,0.3243708882655483,5.0177239040000006e-06,0.98475194,4.32,0.25,0.18,0.2,0.37,,,,,
3105,12718080,4722,36476.27063840416,23380.86359324604,6.59,2794.55,-0.0005048206476203632,2470.978761792183,0.36630849287030287,5.016118272e-06,0.9792016,4.24,0.25,0.19,0.2,0.36,,,,,
3106,12722176,4724,35813.543542372616,22941.149591603444,6.54,2787.54,-0.0003777261717914371,9675.361659765244,0.4267903032596223,5.01451264e-06,0.9468201,4.19,0.26,0.18,0.2,0.36,,,,,
3107,12726272,4725,36045.31078883647,23082.766880638243,6.54,2810.48,-0.0007174470356403617,3134.3555265665054,0.376229530404089,5.012907008000001e-06,0.9549352,4.16,0.27,0.18,0.19,0.36,,,,,
3108,12730368,4725,36045.31078883647,23082.766880638243,6.54,2810.48,-0.0002940793865491287,3412.659779906273,0.39138525936868973,5.0113013760000005e-06,0.9780293,4.16,0.27,0.18,0.19,0.36,,,,,
3109,12734464,4726,36607.405678081675,23402.156861859843,6.53,2858.68,-0.0006182925108078052,2895.9406127929688,0.38588678420637734,5.009695744e-06,0.9834412,4.1,0.28,0.18,0.19,0.35,,,,,
3110,12738560,4728,36613.769776229805,23425.481062531435,6.56,2863.0,-0.0006537246722473355,10228.511486530304,0.41392290784278885,5.008090112e-06,0.9530761,4.13,0.28,0.18,0.18,0.36,,,,,
3111,12742656,4730,36106.97332617654,23108.04583626389,6.53,2820.89,-0.00022342883494275156,3385.97071236372,0.431947314995341,5.006484480000001e-06,0.96694475,4.14,0.27,0.18,0.2,0.35,,,,,
3112,12746752,4731,35970.69896203311,23008.413954673728,6.52,2809.94,-0.000358084967956529,2780.980246603489,0.42655517801176757,5.0048788480000005e-06,0.9838225,4.14,0.27,0.18,0.2,0.35,,,,,
3113,12750848,4732,36105.68241343874,23090.67317330044,6.53,2818.95,-0.0005569544555328321,3944.1775247454643,0.3542581016663462,5.003273216e-06,0.9591099,4.14,0.27,0.18,0.2,0.35,,,,,
3114,12754944,4733,36630.394413461676,23413.547863025102,6.56,2848.71,-0.00032818510953802615,3633.1282646656036,0.36922170378966257,5.001667584e-06,0.97794527,4.14,0.27,0.18,0.2,0.35,,,,,
3115,12759040,4734,36632.9608237927,23422.038642016625,6.56,2851.29,-0.0006396187227437622,11066.441452264786,0.41304177785059437,5.000061952000001e-06,0.9130026,4.14,0.27,0.18,0.2,0.35,,,,,
3116,12763136,4735,37124.530384503,23747.85524882079,6.6,2876.3,-0.0003422789750402444,4079.549504518509,0.34313551313243806,4.9984563200000005e-06,0.98581046,4.15,0.27,0.18,0.2,0.35,,,,,
3117,12767232,4736,37575.22713521341,24023.883995379932,6.62,2913.78,-0.00045076533569954336,7811.762824654579,0.391044204152422,4.996850688e-06,0.9197156,4.13,0.28,0.17,0.2,0.35,,,,,
3118,12771328,4739,36982.52638056645,23651.88081325234,6.6,2858.7,-0.00032422158619738184,7186.62638181448,0.412864648620598,4.995245056e-06,0.9777973,4.17,0.26,0.18,0.21,0.35,,,,,
3119,12775424,4741,37293.85640386168,23818.410737632577,6.61,2879.97,-0.0002756698740995489,6968.737303733826,0.39092457137303427,4.993639424e-06,0.9592575,4.16,0.27,0.17,0.21,0.35,,,,,
3120,12779520,4742,37442.76406134794,23910.44885301172,6.59,2898.12,-0.0004845591383855208,9629.232499957085,0.3948250427492894,4.992033792e-06,0.9799408,4.12,0.27,0.18,0.21,0.34,,,,,
3121,12783616,4744,38133.15290659027,24358.944337735124,6.64,2938.4,-0.0002981303359774756,7296.686826944351,0.41282033978495747,4.99042816e-06,0.9759518,4.13,0.27,0.17,0.22,0.34,,,,,
3122,12787712,4745,36971.86011463331,23610.562675103592,6.57,2870.04,-0.0007897871219029184,2530.8050100803375,0.384536186727928,4.988822528e-06,0.9837291,4.13,0.27,0.17,0.22,0.34,,,,,
3123,12791808,4745,36971.86011463331,23610.562675103592,6.57,2870.04,-0.00023735170270811068,6652.519827365875,0.3484513947623782,4.987216896e-06,0.99237055,4.13,0.27,0.17,0.22,0.34,,,,,
3124,12795904,4746,38494.4719787571,24582.298454515032,6.66,2959.93,-0.00033584164521016646,20882.517921686172,0.31503353916923515,4.985611264e-06,0.9810716,4.13,0.27,0.17,0.22,0.34,,,,,
3125,12800000,4748,38432.54083650461,24563.156604450676,6.66,2951.86,-0.0004110726513317786,7280.941973209381,0.4028786307317205,4.984005632e-06,0.9702278,4.15,0.27,0.17,0.21,0.35,45435.07310282101,29570.18924308121,7.466666666666667,3232.5,0.16666666666666666
3126,12804096,4749,38472.06325672323,24592.960550442323,6.68,2948.79,-0.0008727269150767825,6343.871391117573,0.37880906311329454,4.9824e-06,0.9675455,4.18,0.26,0.17,0.22,0.35,,,,,
3127,12808192,4751,38275.12628160433,24430.690391011176,6.6,2955.64,-0.0004717774454547907,3947.5088114738464,0.41141456516925246,4.980794368e-06,0.92934716,4.08,0.28,0.17,0.21,0.34,,,,,
3128,12812288,4753,37732.572964971514,24100.762523878533,6.58,2919.95,-0.00043807394649775233,1572.9799829125404,0.35250451596220955,4.979188736e-06,0.9155411,4.1,0.28,0.17,0.21,0.34,,,,,
3129,12816384,4755,37511.35333863343,23966.641955621508,6.6,2904.95,-0.00040119053119269665,4660.067734122276,0.37462897883960977,4.977583104e-06,0.845416,4.14,0.28,0.17,0.2,0.35,,,,,
3130,12820480,4756,37981.1251033529,24257.55910947996,6.56,2943.03,-0.0003515139214869123,3832.8956090807915,0.3124597120913677,4.975977472e-06,0.98166454,4.06,0.28,0.18,0.2,0.34,,,,,
3131,12824576,4757,37958.64377568392,24202.728076203886,6.52,2960.41,-0.00022865826758788899,3696.386474132538,0.39542877953499556,4.97437184e-06,0.97492146,4.0,0.29,0.18,0.2,0.33,,,,,
3132,12828672,4759,37522.876590508946,23971.345372137595,6.58,2913.61,-0.00034454990054655354,7856.2607609033585,0.3634947948739864,4.972766208000001e-06,0.9724112,4.12,0.27,0.18,0.2,0.35,,,,,
3133,12832768,4759,37522.876590508946,23971.345372137595,6.58,2913.61,-0.0001642400020500645,9631.948097705841,0.350488080031937,4.971160576000001e-06,0.97974336,4.12,0.27,0.18,0.2,0.35,,,,,
3134,12836864,4760,38449.03451763719,24569.434220117862,6.64,2973.58,-0.0001844295984483324,15173.671785593033,0.34964032791322097,4.969554944000001e-06,0.97690624,4.12,0.27,0.18,0.2,0.35,,,,,
3135,12840960,4761,38957.933016887386,24899.109228281366,6.68,2989.65,-0.0006457289173340541,18805.20781826973,0.3331212450284511,4.967949312e-06,0.98750013,4.14,0.27,0.18,0.19,0.36,,,,,
3136,12845056,4762,38616.67128803436,24710.301211478254,6.7,2949.46,-0.0008712049057066906,5938.470428645611,0.397230301896343,4.966343679999999e-06,0.9801098,4.2,0.26,0.18,0.19,0.37,,,,,
3137,12849152,4763,39134.644651842056,25034.61928081073,6.71,2991.58,-0.0002818297025442007,7524.889262676239,0.3375918200763408,4.964738048000001e-06,0.9815452,4.16,0.27,0.18,0.18,0.37,,,,,
3138,12853248,4765,38940.652111351585,24872.708060017972,6.67,2985.12,-0.0007543048914158135,3411.1502675414085,0.42568067778483965,4.963132416000001e-06,0.9812306,4.13,0.27,0.18,0.19,0.36,,,,,
3139,12857344,4766,39924.80097537946,25524.341459181163,6.74,3033.69,-0.00033146332134492695,24954.895864486694,0.33125857589766383,4.9615267840000004e-06,0.9806629,4.15,0.27,0.18,0.18,0.37,,,,,
3140,12861440,4770,39629.743592862826,25300.491523517983,6.71,3020.49,-0.0007999148856470129,2853.3829039931297,0.37566376896575093,4.959921152e-06,0.986015,4.12,0.28,0.18,0.17,0.37,,,,,
3141,12865536,4772,39310.75795237497,25088.587930391626,6.63,2995.4,-0.00047807970804569777,3488.805819749832,0.37145825181505643,4.958315520000001e-06,0.9195918,4.06,0.28,0.19,0.17,0.36,,,,,
3142,12869632,4773,39568.69832869785,25266.90288465032,6.62,3014.42,-0.00027237712674832437,6952.43493694067,0.4020709623582661,4.956709888000001e-06,0.95808583,4.03,0.28,0.19,0.18,0.35,,,,,
3143,12873728,4774,39565.65309972977,25260.118072516067,6.62,3013.98,-0.0005854812061443226,7040.442906141281,0.3697040534752887,4.955104256e-06,0.966333,4.03,0.28,0.19,0.18,0.35,,,,,
3144,12877824,4774,39565.65309972977,25260.118072516067,6.62,3013.98,-0.00037489861279027537,2144.377476334572,0.3502113595895935,4.953498624e-06,0.98838186,4.03,0.28,0.19,0.18,0.35,,,,,
3145,12881920,4777,39470.35919945535,25178.684512138512,6.61,3011.13,-0.00016442609194200486,11307.957928657532,0.40699330146890134,4.951892992000001e-06,0.95751095,4.02,0.29,0.18,0.18,0.35,,,,,
3146,12886016,4778,39236.78716056881,25046.533946529093,6.6,2995.59,-0.0003378163237357512,7993.3777022361755,0.39214720655581914,4.950287360000001e-06,0.9653519,4.02,0.29,0.18,0.18,0.35,,,,,
3147,12890112,4781,39219.08988391976,25025.9931543001,6.73,2984.11,-0.0006321073487924878,7802.740672945976,0.38148548954632133,4.948681728e-06,0.9750288,4.17,0.29,0.16,0.18,0.37,,,,,
3148,12894208,4784,38064.86678410914,24278.270212538075,6.64,2931.56,-0.0004830448615393834,3946.0951120257378,0.4123898352845572,4.947076096e-06,0.9258683,4.12,0.31,0.15,0.17,0.37,,,,,
3149,12898304,4786,37322.35210656488,23812.679590101507,6.68,2877.89,-0.0003803233503276715,21429.074943304062,0.3844495666271541,4.945470464000001e-06,0.9307445,4.22,0.31,0.14,0.16,0.39,,,,,
3150,12902400,4787,36557.16906275176,23348.5397204428,6.64,2843.96,-0.0002562927625149314,10231.429485440254,0.40340959760942496,4.9438648320000005e-06,0.947807,4.21,0.31,0.15,0.15,0.39,38344.966712770845,24820.92163351003,7.066666666666666,2813.3333333333335,0.06666666666666667
3151,12906496,4788,36801.77786683849,23465.04743816515,6.63,2861.79,-0.0007276711439772043,4440.5261407494545,0.3696347866207361,4.9422592e-06,0.9837224,4.18,0.31,0.16,0.15,0.38,,,,,
3152,12910592,4788,36801.77786683849,23465.04743816515,6.63,2861.79,-0.0008154870638463763,6429.032993376255,0.32118070201249793,4.940653568e-06,0.9712365,4.18,0.31,0.16,0.15,0.38,,,,,
3153,12914688,4788,36801.77786683849,23465.04743816515,6.63,2861.79,-0.00019998486186523223,24021.102786064148,0.32009289105189964,4.939047936e-06,0.9833472,4.18,0.31,0.16,0.15,0.38,,,,,
3154,12918784,4789,38404.36611048529,24479.88595889951,6.71,2961.16,-0.0005243622526904801,6534.23914039135,0.3316356358118355,4.9374423040000005e-06,0.9822274,4.16,0.32,0.15,0.15,0.38,,,,,
3155,12922880,4790,38959.27984798426,24846.49313439998,6.72,2993.17,-0.0003507751798679237,2211.522336244583,0.3581747447606176,4.935836672e-06,0.97374487,4.13,0.32,0.15,0.16,0.37,,,,,
3156,12926976,4792,39341.15550713395,25035.966330797964,6.68,3028.28,-0.00039067578109097667,6625.269399642944,0.3878450944030192,4.93423104e-06,0.975009,4.05,0.33,0.15,0.17,0.35,,,,,
3157,12931072,4795,37002.41104893833,23559.49821473582,6.55,2896.03,-0.0004143725136600551,5116.133465528488,0.4490166949108243,4.932625408e-06,0.9189804,4.05,0.32,0.16,0.18,0.34,,,,,
3158,12935168,4797,37165.94493120947,23687.116429145703,6.6,2895.07,-0.00014224340156943072,43141.94725084305,0.36704093526350334,4.9310197760000005e-06,0.95868933,4.1,0.32,0.16,0.17,0.35,,,,,
3159,12939264,4798,37312.92612654659,23770.650997922512,6.56,2911.54,-0.0008679298898641719,2432.0679027438164,0.3463241439021658,4.929414144e-06,0.9528949,4.04,0.33,0.16,0.17,0.34,,,,,
3160,12943360,4800,37523.307670920854,23874.76248043909,6.51,2934.65,-0.0002808596000249963,8192.847468733788,0.38383726094616577,4.927808512e-06,0.94979733,3.95,0.34,0.16,0.18,0.32,,,,,
3161,12947456,4802,37692.853104316506,23936.16020879352,6.45,2959.69,-0.0004779183909704443,2749.330210864544,0.40467266575433314,4.92620288e-06,0.8736789,3.86,0.36,0.16,0.17,0.31,,,,,
3162,12951552,4803,38384.27392557384,24388.12768126762,6.5,2992.16,-0.00040104704476107145,20972.39430642128,0.33748186254524626,4.9245972480000004e-06,0.9783436,3.88,0.36,0.16,0.17,0.31,,,,,
3163,12955648,4806,36881.13171961751,23448.38597832979,6.44,2882.59,-0.0006148116699478123,9034.577956438065,0.42091452347813174,4.922991616e-06,0.7264732,3.93,0.35,0.16,0.17,0.32,,,,,
3164,12959744,4807,36652.52435838257,23335.033446174675,6.47,2854.92,-0.00019575017768147518,55155.70236206055,0.3795960583665874,4.921385984e-06,0.97326726,3.99,0.35,0.15,0.17,0.33,,,,,
3165,12963840,4807,36652.52435838257,23335.033446174675,6.47,2854.92,-0.00045394464723358396,2527.804553449154,0.35827009836793877,4.919780352e-06,0.9834121,3.99,0.35,0.15,0.17,0.33,,,,,
3166,12967936,4808,37742.0767217009,24029.44341189946,6.46,2930.34,-0.00023300944667425938,13259.389342665672,0.3732839646982029,4.91817472e-06,0.97983575,3.9,0.36,0.15,0.17,0.32,,,,,
3167,12972032,4808,37742.0767217009,24029.44341189946,6.46,2930.34,-0.0005468514154927107,2901.2619765996933,0.3726241431722883,4.916569088e-06,0.98744094,3.9,0.36,0.15,0.17,0.32,,,,,
3168,12976128,4809,38114.891679144515,24257.122698861425,6.47,2961.96,-0.00018340666520089144,21888.189848184586,0.4413337910082191,4.914963456e-06,0.9079363,3.88,0.37,0.14,0.17,0.32,,,,,
3169,12980224,4809,38114.891679144515,24257.122698861425,6.47,2961.96,-0.0004300559367038659,17675.554802656174,0.29001309236628003,4.913357824e-06,0.98654705,3.88,0.37,0.14,0.17,0.32,,,,,
3170,12984320,4811,39613.36634852411,25209.39482220736,6.56,3037.21,-0.0007722942355030682,27022.113623440266,0.38944059424102306,4.9117521919999995e-06,0.97243536,3.89,0.37,0.14,0.17,0.32,,,,,
3171,12988416,4813,39248.26887278041,24932.691535618353,6.45,3029.96,-0.0007817695150151849,1875.7148633599281,0.4268068651435897,4.910146560000001e-06,0.93972695,3.78,0.38,0.15,0.16,0.31,,,,,
3172,12992512,4815,39441.22710776328,25075.05766178167,6.42,3046.82,-0.00021180938347242773,26709.840606212616,0.3959677398961503,4.908540928000001e-06,0.9684099,3.73,0.39,0.15,0.16,0.3,,,,,
3173,12996608,4819,37675.95867197612,23936.105153966942,6.3,2929.78,-0.0002505261136320769,6183.4201118946075,0.43422966956859455,4.906935296e-06,0.77701,3.72,0.39,0.15,0.16,0.3,,,,,
3174,13000704,4821,36252.46509115692,23021.14832789358,6.19,2851.07,-0.000340492277246085,3752.7873973846436,0.33288698707474396,4.9053296639999995e-06,0.8809648,3.69,0.4,0.15,0.15,0.3,,,,,
3175,13004800,4822,36565.96581409309,23222.59800669182,6.21,2872.14,-0.0003661780974653084,7426.739051938057,0.3650033144222107,4.903724032000001e-06,0.9658964,3.69,0.4,0.15,0.15,0.3,37435.344349838866,23836.72940914922,6.933333333333334,2719.6666666666665,0.1
3176,13008896,4823,36648.147960075315,23288.11665981137,6.22,2876.27,-0.0006712550039082998,8437.361507058144,0.39367880701320246,4.902118400000001e-06,0.94612586,3.7,0.39,0.16,0.15,0.3,,,,,
3177,13012992,4824,37150.376564317965,23596.991146189728,6.23,2902.19,-0.0003932904974135454,6451.059063196182,0.4217500468948856,4.9005127680000005e-06,0.9858739,3.68,0.39,0.16,0.16,0.29,,,,,
3178,13017088,4825,37076.23798033556,23536.155568141105,6.22,2897.02,-0.000556197124751634,2945.848083615303,0.38968813262181357,4.898907136e-06,0.96942306,3.68,0.39,0.16,0.16,0.29,,,,,
3179,13021184,4825,37076.23798033556,23536.155568141105,6.22,2897.02,-0.00026576635536912363,4784.522795319557,0.30793130525853485,4.897301504000001e-06,0.98936474,3.68,0.39,0.16,0.16,0.29,,,,,
3180,13025280,4828,37162.40938377565,23587.519614612145,6.17,2880.28,-0.00019007072296517435,17866.54184794426,0.4130366459139623,4.895695872000001e-06,0.97012436,3.65,0.37,0.19,0.16,0.28,,,,,
3181,13029376,4830,36837.64826820361,23388.907768761568,6.14,2874.2,-0.0009043816198754939,3755.53917324543,0.4231175491004251,4.8940902400000005e-06,0.8722654,3.63,0.38,0.19,0.14,0.29,,,,,
3182,13033472,4831,36633.87957982118,23273.018369274796,6.12,2857.05,-0.00036177056608721614,2666.0475103855133,0.38340939435875043,4.892484608e-06,0.9621301,3.63,0.38,0.19,0.14,0.29,,,,,
3183,13037568,4832,36692.443965166975,23319.289223275402,6.12,2865.49,-0.0008006542957446072,3835.164356470108,0.3473169189528562,4.890878976000001e-06,0.955005,3.62,0.39,0.18,0.14,0.29,,,,,
3184,13041664,4834,36412.249088944234,23165.526784690213,6.13,2843.66,-0.00038802283779659774,8288.177989959717,0.40052667452255264,4.889273344000001e-06,0.93604064,3.65,0.38,0.18,0.15,0.29,,,,,
3185,13045760,4836,35383.28671037509,22529.26372272816,6.08,2777.2,-0.00043132624887221027,4500.4820548295975,0.419117302109953,4.887667712e-06,0.91739666,3.67,0.38,0.17,0.16,0.29,,,,,
3186,13049856,4838,35421.086884950346,22531.135399870014,6.07,2788.09,-0.0003385017771506682,6933.123608112335,0.3961153900017962,4.88606208e-06,0.97462535,3.65,0.38,0.18,0.15,0.29,,,,,
3187,13053952,4841,35702.957637454674,22731.795442447703,6.12,2800.36,-0.0005289209207148815,17374.46077501774,0.3825611082429532,4.884456448e-06,0.95888245,3.68,0.38,0.17,0.16,0.29,,,,,
3188,13058048,4843,35056.90811727295,22320.982665042513,6.16,2750.91,-0.00030661013261124026,9939.238439798355,0.37864396040095016,4.882850816000001e-06,0.97487587,3.77,0.38,0.16,0.15,0.31,,,,,
3189,13062144,4845,35073.45081832896,22334.426406363735,6.15,2754.62,-0.0004728173689727555,1434.6768926382065,0.3976301104121376,4.881245184e-06,0.9737113,3.75,0.38,0.17,0.14,0.31,,,,,
3190,13066240,4845,35073.45081832896,22334.426406363735,6.15,2754.62,-0.0004365186068753246,7158.80569434166,0.3300754756783135,4.879639552e-06,0.97872025,3.75,0.38,0.17,0.14,0.31,,,,,
3191,13070336,4847,34199.05758169246,21763.692517283293,6.06,2712.81,-0.0009901504909066716,2193.692983150482,0.3796733642811887,4.87803392e-06,0.9882447,3.69,0.39,0.17,0.14,0.3,,,,,
3192,13074432,4848,34427.16932277684,21908.385255622583,6.08,2731.53,-0.00032381771416112315,4510.04666697979,0.3981884273234755,4.8764282880000006e-06,0.96736246,3.69,0.39,0.17,0.14,0.3,,,,,
3193,13078528,4849,34755.19169075075,22112.596114925753,6.1,2748.43,-0.00028984488926653285,7130.972540140152,0.45306643476942554,4.874822656e-06,0.97442096,3.69,0.39,0.17,0.14,0.3,,,,,
3194,13082624,4851,34573.362242637144,22004.771903449975,6.09,2731.89,-0.0006419687215384329,6425.124590992928,0.37886932387482375,4.873217024e-06,0.96623385,3.7,0.38,0.18,0.14,0.3,,,,,
3195,13086720,4853,35016.17810743361,22327.06565178409,6.12,2743.73,-0.0003409464234209736,23025.69141817093,0.39965513517381623,4.871611392e-06,0.9679625,3.72,0.37,0.19,0.14,0.3,,,,,
3196,13090816,4854,35372.76318314585,22557.216947725472,6.16,2754.37,-0.0004916770685667871,4639.430988609791,0.39691567851696163,4.8700057600000005e-06,0.9859652,3.75,0.36,0.19,0.15,0.3,,,,,
3197,13094912,4854,35372.76318314585,22557.216947725472,6.16,2754.37,-0.0005687452121492242,1972.8235676288605,0.3068812492711004,4.868400128e-06,0.98691416,3.75,0.36,0.19,0.15,0.3,,,,,
3198,13099008,4855,36239.31557594884,23100.82660207764,6.16,2817.92,-0.0003323321579955518,5281.272141218185,0.34355677480925806,4.866794496e-06,0.9783533,3.68,0.37,0.19,0.15,0.29,,,,,
3199,13103104,4858,35646.38745272059,22729.692961061577,6.11,2774.31,-9.802833483263385e-05,17615.727860569954,0.4150436976342462,4.865188864e-06,0.66398984,3.68,0.37,0.19,0.15,0.29,,,,,
3200,13107200,4859,35434.906119884254,22572.80362865201,6.09,2760.8,-0.0004838907861994812,6747.310031116009,0.4346338730538264,4.8635832320000005e-06,0.9809557,3.67,0.37,0.19,0.16,0.28,38368.20216837879,24595.093684708503,6.966666666666667,2727.1666666666665,0.1
3201,13111296,4860,34959.28504480731,22273.31116668982,6.07,2732.43,-0.0002849204247468151,3548.259100139141,0.37053677439689636,4.8619776e-06,0.95958334,3.68,0.37,0.18,0.17,0.28,,,,,
3202,13115392,4862,34256.33254991085,21777.988344914713,5.96,2718.26,-0.0008452510492134024,2297.808351814747,0.43508198659401387,4.860371968e-06,0.9799467,3.58,0.37,0.2,0.17,0.26,,,,,
3203,13119488,4863,33978.6116588658,21600.130296417963,5.94,2701.16,-0.0012532985638245009,3137.541700899601,0.3689500067557674,4.858766336e-06,0.95142496,3.58,0.37,0.2,0.17,0.26,,,,,
3204,13123584,4863,33978.6116588658,21600.130296417963,5.94,2701.16,-0.0002022230200964259,7040.445379674435,0.3432199082162697,4.857160704e-06,0.97752404,3.58,0.37,0.2,0.17,0.26,,,,,
3205,13127680,4864,34929.57383545336,22193.721510526077,5.97,2766.18,-0.00020751539523189422,9949.461803078651,0.2911851716344245,4.855555072e-06,0.9793682,3.54,0.38,0.2,0.16,0.26,,,,,
3206,13131776,4867,33908.828074092446,21547.946882033782,5.93,2711.74,-0.0003211272569387802,13543.210191130638,0.4081563395156991,4.85394944e-06,0.8927786,3.57,0.37,0.21,0.16,0.26,,,,,
3207,13135872,4869,34406.4872192789,21912.554302546534,5.92,2743.72,-0.00019334027638251428,17561.570294380188,0.3396465031255502,4.852343808e-06,0.96891284,3.53,0.37,0.21,0.16,0.26,,,,,
3208,13139968,4870,34772.59547630469,22139.224816788636,5.91,2777.53,-0.00045494584719563136,3786.2951439619064,0.35452450410230085,4.8507381759999996e-06,0.97131383,3.48,0.38,0.21,0.16,0.25,,,,,
3209,13144064,4870,34772.59547630469,22139.224816788636,5.91,2777.53,-0.0002461251824570354,4766.267102301121,0.3721897055802401,4.849132544000001e-06,0.97705567,3.48,0.38,0.21,0.16,0.25,,,,,
3210,13148160,4871,35557.25328573431,22630.35403650532,5.96,2830.58,-0.0002379721699981019,7689.432604074478,0.364741731173126,4.847526912e-06,0.9397746,3.48,0.38,0.21,0.16,0.25,,,,,
3211,13152256,4872,35592.07115298291,22664.063821154963,5.96,2834.0,-0.000480419970699586,3726.835080385208,0.3318398793635424,4.84592128e-06,0.9510591,3.47,0.38,0.21,0.16,0.25,,,,,
3212,13156352,4873,35879.575833484945,22811.722693269705,5.96,2859.77,-0.0006594313363166293,4607.2834431529045,0.37407191112288274,4.8443156479999995e-06,0.985323,3.44,0.39,0.21,0.15,0.25,,,,,
3213,13160448,4874,35834.6615597513,22795.739103781263,5.96,2854.6,-0.0006244159822017536,6680.76955640316,0.3614657384750899,4.842710016000001e-06,0.96259665,3.45,0.38,0.22,0.15,0.25,,,,,
3214,13164544,4877,35422.63432408288,22524.599914785907,5.85,2837.99,-0.00022439550411945675,7703.095452666283,0.44783803808968514,4.841104384000001e-06,0.8809198,3.36,0.38,0.24,0.15,0.23,,,,,
3215,13168640,4878,35083.29776292816,22312.159012149536,5.82,2815.98,-0.00020419791053427616,6386.281335353851,0.40874882813659497,4.8394987520000006e-06,0.7515204,3.36,0.38,0.24,0.15,0.23,,,,,
3216,13172736,4879,35404.56972118433,22511.214593566143,5.79,2844.19,-0.0004478032005863497,3558.797417163849,0.35440379922511056,4.83789312e-06,0.9606777,3.29,0.39,0.24,0.15,0.22,,,,,
3217,13176832,4880,35725.139465618806,22696.632200865286,5.76,2877.9,-0.0006447595624194946,3683.730089068413,0.37536912714131176,4.836287488000001e-06,0.96501863,3.22,0.4,0.24,0.15,0.21,,,,,
3218,13180928,4882,35700.390568921066,22681.111766592832,5.73,2875.16,-0.0005446153718366986,4392.323429465294,0.4009100493276492,4.834681856000001e-06,0.9597966,3.19,0.4,0.24,0.15,0.21,,,,,
3219,13185024,4884,36212.79051497142,22986.091417914788,5.73,2908.24,-0.0008387981933992705,2462.341145157814,0.38925569926504977,4.8330762240000005e-06,0.98128486,3.16,0.39,0.26,0.15,0.2,,,,,
3220,13189120,4885,36620.909807627046,23248.189996496625,5.74,2935.46,-0.00020946631411788985,15242.885333776474,0.40583277988480404,4.831470592e-06,0.9544515,3.14,0.39,0.26,0.16,0.19,,,,,
3221,13193216,4886,36466.614857630324,23158.118732567207,5.7,2929.38,-0.00022390323283616453,8038.993507266045,0.3291980721987784,4.829864960000001e-06,0.94431174,3.1,0.39,0.26,0.16,0.19,,,,,
3222,13197312,4887,36765.24367360489,23336.449636854446,5.71,2952.2,-0.00044675005301542114,8560.986637830734,0.3964312866446562,4.828259328000001e-06,0.9700416,3.08,0.4,0.25,0.16,0.19,,,,,
3223,13201408,4890,34370.312963975695,21864.91146305393,5.61,2810.37,-0.00042806382771232165,5630.797604799271,0.38592238287674263,4.8266536960000005e-06,0.9486731,3.12,0.39,0.25,0.17,0.19,,,,,
3224,13205504,4890,34370.312963975695,21864.91146305393,5.61,2810.37,-0.00036282988821767503,9730.866042852402,0.32224282683455385,4.825048064e-06,0.9734701,3.12,0.39,0.25,0.17,0.19,,,,,
3225,13209600,4892,34993.71625434784,22288.294870804297,5.62,2838.05,-0.0005150117558514467,6213.757477521896,0.37713513802737,4.823442432e-06,0.9878636,3.1,0.39,0.26,0.16,0.19,32346.05001096874,20859.760555980847,6.7,2460.766666666667,0.06666666666666667
3226,13213696,4893,35260.16882410222,22432.118120136558,5.62,2860.9,-0.0003994770204371889,3045.8244308829308,0.3593004947178997,4.821836800000001e-06,0.9737377,3.07,0.4,0.26,0.15,0.19,,,,,
3227,13217792,4895,35354.06216207477,22512.208208162592,5.67,2851.93,-0.00017801190369937103,23348.18919610977,0.42364802345400676,4.8202311680000004e-06,0.9491637,3.13,0.4,0.25,0.15,0.2,,,,,
3228,13221888,4897,35270.05791092808,22421.30192597573,5.59,2865.07,-0.00043443776849017013,3211.0327101945877,0.3802077279542573,4.818625536e-06,0.98546594,3.03,0.41,0.25,0.15,0.19,,,,,
3229,13225984,4900,34703.70797066503,22073.36211850819,5.62,2812.4,-0.0009971874624170596,2245.3515099287033,0.409690925036557,4.817019904e-06,0.9420829,3.13,0.39,0.25,0.16,0.2,,,,,
3230,13230080,4901,35074.11493585649,22307.40248608,5.65,2839.75,-0.0005833758714288706,5160.391964197159,0.36110718466807157,4.815414272000001e-06,0.97086316,3.13,0.39,0.25,0.16,0.2,,,,,
3231,13234176,4903,34731.17611022947,22075.928956751875,5.62,2825.31,-0.000283907012999407,8349.701808214188,0.4138264412758872,4.81380864e-06,0.9719912,3.11,0.39,0.25,0.16,0.2,,,,,
3232,13238272,4904,34724.46301135535,22081.130744957514,5.65,2818.25,-0.000664396111460519,2441.148770928383,0.3910542741359677,4.812203008e-06,0.9593203,3.15,0.38,0.25,0.17,0.2,,,,,
3233,13242368,4906,35183.32580986488,22360.36533610312,5.64,2863.57,-0.00023508384947490413,5897.078380703926,0.41369468899210915,4.810597376e-06,0.8954898,3.1,0.39,0.25,0.17,0.19,,,,,
3234,13246464,4908,33371.44720955666,21177.3840652663,5.48,2760.26,-0.0004907307020403096,3106.3167424201965,0.4155367040075362,4.808991744000001e-06,0.93193203,3.04,0.39,0.26,0.17,0.18,,,,,
3235,13250560,4911,31725.230939138037,20114.059423306237,5.42,2670.74,-0.0012574047523230547,6210.129336833954,0.40813283814350143,4.807386112e-06,0.95758134,3.08,0.38,0.27,0.16,0.19,,,,,
3236,13254656,4912,31590.235040539526,20026.725771255973,5.42,2654.03,-0.00036156645637674956,7675.029281377792,0.415341439365875,4.80578048e-06,0.9675705,3.1,0.37,0.28,0.16,0.19,,,,,
3237,13258752,4914,32238.247920931466,20444.60766866792,5.5,2683.12,-6.024905906087952e-05,15659.510009407997,0.37951927664107643,4.804174848e-06,0.91070867,3.14,0.36,0.28,0.17,0.19,,,,,
3238,13262848,4915,32432.60695890803,20529.165996581647,5.46,2710.26,-0.0002187051868531853,10770.365103244781,0.4387043620226905,4.8025692160000005e-06,0.95216835,3.07,0.36,0.29,0.17,0.18,,,,,
3239,13266944,4916,32669.23869179608,20701.841116355976,5.52,2717.87,-0.00013150529593985993,15168.49309206009,0.313418088684557,4.800963584e-06,0.97725344,3.12,0.35,0.29,0.17,0.19,,,,,
3240,13271040,4918,33373.57090253031,21149.432546203137,5.52,2768.1,-0.00043141837886651047,8307.16638970375,0.4176940002362244,4.799357952e-06,0.9653855,3.07,0.36,0.29,0.17,0.18,,,,,
3241,13275136,4919,33550.658943718525,21270.804259524375,5.55,2780.57,-0.0006662234845862258,6531.610849618912,0.3814131010440178,4.79775232e-06,0.94767946,3.09,0.36,0.29,0.16,0.19,,,,,
3242,13279232,4921,33889.67640263021,21483.163128430493,5.61,2794.14,-0.000251837438554503,4793.401563882828,0.39317536138696596,4.796146688e-06,0.97426283,3.13,0.35,0.29,0.17,0.19,,,,,
3243,13283328,4922,33297.10804254002,21111.742552148633,5.57,2751.48,-0.0006814444614064996,3260.616594552994,0.4093328602029942,4.794541056e-06,0.9735325,3.13,0.35,0.29,0.17,0.19,,,,,
3244,13287424,4924,32820.453609173215,20784.05382223164,5.53,2729.88,-0.00044275463005760685,3805.4175704717636,0.4072112961730454,4.792935424e-06,0.9574132,3.11,0.36,0.28,0.17,0.19,,,,,
3245,13291520,4924,32820.453609173215,20784.05382223164,5.53,2729.88,-0.00033878768863360165,7319.546540081501,0.3344422751106322,4.791329792e-06,0.9831052,3.11,0.36,0.28,0.17,0.19,,,,,
3246,13295616,4926,32411.848020099864,20524.230136449074,5.53,2706.64,-0.0014280189425335266,3361.5771156549454,0.40143317356705666,4.78972416e-06,0.94045997,3.14,0.36,0.27,0.18,0.19,,,,,
3247,13299712,4927,32742.27773383082,20732.276707205707,5.55,2736.2,-0.0007578396507597063,2426.527215242386,0.4159964374266565,4.788118528e-06,0.96787024,3.12,0.37,0.26,0.18,0.19,,,,,
3248,13303808,4927,32742.27773383082,20732.276707205707,5.55,2736.2,-0.0005340409179552807,3993.1487984657288,0.3552063696552068,4.786512896e-06,0.98556226,3.12,0.37,0.26,0.18,0.19,,,,,
3249,13307904,4927,32742.27773383082,20732.276707205707,5.55,2736.2,-0.00033781075399019755,20999.465450525284,0.3562265798973385,4.784907264e-06,0.98206806,3.12,0.37,0.26,0.18,0.19,,,,,
3250,13312000,4928,34333.820716699745,21723.072142453144,5.64,2832.9,-0.00039439945248886943,2351.4240018725395,0.40311192016815767,4.783301632e-06,0.97984916,3.11,0.38,0.25,0.18,0.19,39830.23544328617,25546.009151630547,7.2,2918.9666666666667,0.13333333333333333
3251,13316096,4928,34333.820716699745,21723.072142453144,5.64,2832.9,-0.00022231005641515367,10004.521944999695,0.40494492108700797,4.781696000000001e-06,0.9882285,3.11,0.38,0.25,0.18,0.19,,,,,
3252,13320192,4930,35176.761386271144,22242.974845083998,5.69,2881.26,-0.00042104464318981627,3521.101405978203,0.40608833340229467,4.780090368000001e-06,0.97966176,3.11,0.38,0.25,0.18,0.19,,,,,
3253,13324288,4933,34829.21294496317,22049.128446424726,5.79,2843.3,-0.00024723833212192403,20931.854286193848,0.39901863745762967,4.778484736000001e-06,0.8481788,3.27,0.35,0.26,0.18,0.21,,,,,
3254,13328384,4935,34823.96567691419,22026.006544052878,5.82,2827.7,-0.0006450109231082024,5821.992968857288,0.3967057317495346,4.7768791039999995e-06,0.9821398,3.32,0.34,0.26,0.19,0.21,,,,,
3255,13332480,4936,35234.51715267048,22281.757455279065,5.83,2860.25,-0.0008439384610028355,5032.823715031147,0.40921655064448714,4.775273472000001e-06,0.966915,3.3,0.34,0.27,0.18,0.21,,,,,
3256,13336576,4940,34809.814659546035,21982.276036313913,5.77,2836.96,-0.0001274016094612307,16916.092062592506,0.443908937741071,4.773667840000001e-06,0.90141803,3.27,0.34,0.27,0.19,0.2,,,,,
3257,13340672,4940,34809.814659546035,21982.276036313913,5.77,2836.96,-0.000779100917497999,2912.5067601799965,0.36543453071499243,4.7720622080000006e-06,0.96842915,3.27,0.34,0.27,0.19,0.2,,,,,
3258,13344768,4942,35119.24491340739,22143.52252883803,5.73,2876.11,-0.000438163705439365,6650.487539172173,0.4031197997974232,4.770456576e-06,0.93986416,3.19,0.35,0.28,0.18,0.19,,,,,
3259,13348864,4944,35388.74676224735,22296.802073037714,5.72,2900.78,-0.00053773216677655,3217.3168811798096,0.36579733263351955,4.768850944e-06,0.93824804,3.16,0.36,0.27,0.18,0.19,,,,,
3260,13352960,4946,34585.79988677165,21831.596097213634,5.74,2836.96,-0.00025321112570964033,9919.817581415176,0.35895218010409735,4.767245312000001e-06,0.97335285,3.25,0.35,0.26,0.19,0.2,,,,,
3261,13357056,4947,34670.62551979706,21887.083695494148,5.75,2844.95,-0.0005781380432381411,5388.378235936165,0.39789143393863924,4.7656396800000005e-06,0.96624976,3.25,0.35,0.26,0.19,0.2,,,,,
3262,13361152,4948,34939.9495938698,22065.123344782558,5.77,2858.36,-0.00029285003984114155,19248.022932052612,0.36921334921498783,4.764034048e-06,0.9345868,3.26,0.34,0.27,0.19,0.2,,,,,
3263,13365248,4949,35489.13711307459,22441.217375084787,5.81,2877.28,-0.00019702850295288954,61155.39139318466,0.37575126969022676,4.762428416e-06,0.96821284,3.29,0.34,0.27,0.18,0.21,,,,,
3264,13369344,4950,35562.70860720338,22473.9177020332,5.81,2884.65,-0.0007793536524332012,2472.5994866490364,0.41529709147289395,4.760822784000001e-06,0.95774966,3.28,0.35,0.26,0.18,0.21,,,,,
3265,13373440,4951,35632.7199552834,22518.036988787164,5.82,2889.04,-0.00048640152363077505,1561.745903879404,0.38892696631955914,4.7592171520000005e-06,0.98301286,3.29,0.34,0.27,0.18,0.21,,,,,
3266,13377536,4954,35079.9291532817,22133.203427448814,5.82,2871.92,-0.00031247057631844655,6171.548291087151,0.43345270975260064,4.75761152e-06,0.97444963,3.3,0.35,0.26,0.17,0.22,,,,,
3267,13381632,4956,34046.033502975224,21480.14510188678,5.82,2796.1,-0.00021507609926629812,9551.66319656372,0.34588870796142146,4.756005888e-06,0.9695469,3.38,0.35,0.25,0.17,0.23,,,,,
3268,13385728,4958,34465.42896888915,21761.92023212049,5.85,2817.63,-0.0005966061999060912,5423.46306926012,0.3582375859259628,4.754400256000001e-06,0.9732075,3.38,0.35,0.25,0.17,0.23,,,,,
3269,13389824,4960,34665.314309685586,21918.8455506642,5.91,2819.19,-0.000249708969022322,30702.904492139816,0.3961839607800357,4.7527946240000005e-06,0.9688905,3.44,0.35,0.25,0.15,0.25,,,,,
3270,13393920,4961,34217.065420210616,21652.27032027926,5.88,2793.4,-0.0013761346144747222,6372.018730521202,0.38743481299025007,4.751188992e-06,0.85775256,3.44,0.35,0.25,0.15,0.25,,,,,
3271,13398016,4963,34284.64529042393,21707.592718744057,5.9,2797.11,-0.00031296699853555765,7339.637997150421,0.36756244805292226,4.74958336e-06,0.95749485,3.46,0.35,0.24,0.16,0.25,,,,,
3272,13402112,4965,33428.954644601334,21165.026962961798,5.85,2735.43,-0.00045503541696234606,10548.190611600876,0.493560578324832,4.747977728000001e-06,0.96834433,3.47,0.34,0.25,0.16,0.25,,,,,
3273,13406208,4966,33525.582077224244,21222.198379714362,5.86,2742.94,-0.00041169758696923964,3620.9382743239403,0.4359022835851647,4.746372096e-06,0.97350466,3.47,0.34,0.25,0.16,0.25,,,,,
3274,13410304,4968,33688.44402121456,21287.999616579782,5.83,2767.45,-0.00047429176902369363,5799.132638156414,0.40650442469632253,4.744766464e-06,0.9117338,3.4,0.36,0.24,0.16,0.24,,,,,
3275,13414400,4970,33312.312877590186,21034.59362463374,5.78,2744.37,-0.0005574223978328519,8171.468734741211,0.4052773627336137,4.743160832e-06,0.95144093,3.38,0.35,0.26,0.16,0.23,37364.38745963191,23852.538689473116,7.066666666666666,2776.5333333333333,0.03333333333333333
3276,13418496,4971,32679.392136187245,20643.58057157368,5.76,2696.32,-0.00016808038799354108,19985.15979886055,0.36144554225029424,4.7415552e-06,0.9673698,3.41,0.34,0.26,0.17,0.23,,,,,
3277,13422592,4974,32082.29572473747,20296.0600608018,5.78,2630.64,-0.00045289167337614344,10081.620239377022,0.35516203482984565,4.739949568e-06,0.97969735,3.51,0.34,0.24,0.17,0.25,,,,,
3278,13426688,4974,32082.29572473747,20296.0600608018,5.78,2630.64,-0.0004350327644715435,3296.842449605465,0.396965884428937,4.738343936e-06,0.9848255,3.51,0.34,0.24,0.17,0.25,,,,,
3279,13430784,4976,32639.37784119907,20644.44239795652,5.85,2660.54,-0.00023387556575471535,13526.183389425278,0.4251486471039243,4.736738304e-06,0.9547577,3.55,0.34,0.23,0.17,0.26,,,,,
3280,13434880,4979,32641.338233879753,20703.636836175694,5.97,2638.27,-0.0001361770828225417,26200.7525703907,0.38938891130965203,4.735132672e-06,0.969121,3.7,0.32,0.22,0.18,0.28,,,,,
3281,13438976,4979,32641.338233879753,20703.636836175694,5.97,2638.27,-0.00016667125692038098,16525.606410741806,0.34237841083086096,4.73352704e-06,0.98040366,3.7,0.32,0.22,0.18,0.28,,,,,
3282,13443072,4981,33233.26294460945,21107.431277972468,6.03,2637.87,-0.00018007633843808435,36907.488500237465,0.31900304384180345,4.731921408e-06,0.9750743,3.77,0.3,0.23,0.18,0.29,,,,,
3283,13447168,4982,33823.37728924493,21504.62997270216,6.07,2668.38,-0.0004289100179448724,8526.300877690315,0.3923971651820466,4.730315776e-06,0.9860336,3.78,0.3,0.23,0.18,0.29,,,,,
3284,13451264,4986,32868.04009673007,20877.69134909443,6.02,2606.86,-0.0007342119952227222,4365.799533307552,0.4424768761382438,4.728710144e-06,0.86142236,3.8,0.31,0.22,0.18,0.29,,,,,
3285,13455360,4988,32414.70534440441,20571.596341420103,5.98,2578.37,-0.0003178495207976084,4252.894314408302,0.3723933434521314,4.727104512e-06,0.9593897,3.79,0.31,0.23,0.17,0.29,,,,,
3286,13459456,4989,32609.081454296174,20688.999500214566,6.02,2585.93,-0.00018880352217820473,11488.598701000214,0.4104052647599019,4.72549888e-06,0.97900313,3.82,0.31,0.23,0.16,0.3,,,,,
3287,13463552,4990,33073.823402308684,20997.00817365578,6.07,2606.56,-4.927805457555223e-05,154264.28463482857,0.38387009137659334,4.723893248e-06,0.70228934,3.86,0.31,0.22,0.16,0.31,,,,,
3288,13467648,4991,32803.78968753274,20809.163483017637,6.05,2602.65,-0.00015030248323455453,18370.2644033432,0.3640035270655062,4.722287616e-06,0.946602,3.84,0.32,0.21,0.16,0.31,,,,,
3289,13471744,4992,32921.62358672678,20880.258618050524,6.06,2615.95,-0.0003210173690604279,5053.533119678497,0.4039462255605031,4.720681984000001e-06,0.8097751,3.84,0.32,0.21,0.16,0.31,,,,,
3290,13475840,4993,32543.68901842752,20651.762806164414,6.03,2590.3,-0.0005977723048999906,5198.471841454506,0.4037759305210784,4.719076352000001e-06,0.9403332,3.84,0.32,0.21,0.16,0.31,,,,,
3291,13479936,4994,33079.08674022515,20980.95971140692,6.06,2634.96,-0.0003643428754003253,3216.4138745069504,0.382395049004117,4.717470720000001e-06,0.9733313,3.82,0.33,0.2,0.16,0.31,,,,,
3292,13484032,4996,32958.2737717712,20898.12945443311,6.03,2639.32,-0.0004864691736656823,6868.6968413591385,0.4341453029192053,4.715865088e-06,0.9538181,3.79,0.33,0.2,0.17,0.3,,,,,
3293,13488128,4996,32958.2737717712,20898.12945443311,6.03,2639.32,-0.00036568155337590724,6544.945742845535,0.3975905403494835,4.714259455999999e-06,0.97427744,3.79,0.33,0.2,0.17,0.3,,,,,
3294,13492224,4999,33602.752067096444,21309.91312432755,6.08,2685.64,-0.00030449065889115445,9730.948212504387,0.37599828164093196,4.712653824000001e-06,0.96824765,3.79,0.34,0.2,0.15,0.31,,,,,
3295,13496320,4999,33602.752067096444,21309.91312432755,6.08,2685.64,-0.0003875178226735443,5802.4004163742065,0.38982759934151545,4.711048192000001e-06,0.98402804,3.79,0.34,0.2,0.15,0.31,,,,,
3296,13500416,5000,34205.237410646136,21683.778846746533,6.08,2730.13,-0.0003702142262227426,3086.9017852544785,0.37410996796097606,4.70944256e-06,0.9646636,3.74,0.34,0.21,0.15,0.3,,,,,
3297,13504512,5001,34598.773369305985,21915.091980890087,6.1,2751.82,-0.00038615530684182886,7235.715921878815,0.37674161477480084,4.707836928e-06,0.98315525,3.74,0.34,0.21,0.15,0.3,,,,,
3298,13508608,5002,34864.78629299123,22084.465118445718,6.13,2769.08,-0.0006146173918750719,8411.971101999283,0.39796625584131107,4.706231296000001e-06,0.95819366,3.76,0.33,0.22,0.15,0.3,,,,,
3299,13512704,5005,34093.134340864744,21612.001774712393,6.05,2720.23,-0.0007089328992151422,4861.122144937515,0.3848285286221653,4.704625664000001e-06,0.9263721,3.72,0.34,0.22,0.14,0.3,,,,,
3300,13516800,5007,34385.255571184556,21823.96778696187,6.11,2735.35,-0.00014939900393073913,7180.432178735733,0.3838149078655988,4.703020032e-06,0.95711964,3.77,0.32,0.23,0.15,0.3,37934.74843038011,24347.120698084782,7.033333333333333,2755.4666666666667,0.1
3301,13520896,5009,34511.84344613782,21928.17739685068,6.14,2735.81,-0.0004031648459204007,7429.402361273766,0.4233789945137687,4.7014144e-06,0.9755157,3.8,0.32,0.22,0.15,0.31,,,,,
3302,13524992,5011,34347.20317231653,21824.68991305985,6.11,2725.63,-0.0008845668917274452,2651.8651111721992,0.4299179532681592,4.699808768000001e-06,0.97096986,3.78,0.32,0.22,0.16,0.3,,,,,
3303,13529088,5011,34347.20317231653,21824.68991305985,6.11,2725.63,-0.0003313580309622921,8073.024733424187,0.34197584466892295,4.6982031360000005e-06,0.97321755,3.78,0.32,0.22,0.16,0.3,,,,,
3304,13533184,5012,35640.18171714428,22634.46143815531,6.18,2806.85,-0.00017308267888438422,6208.964440464973,0.34595993999391794,4.696597504e-06,0.9920493,3.76,0.33,0.21,0.16,0.3,,,,,
3305,13537280,5013,35219.79380861634,22366.143629586986,6.14,2792.7,-0.0004741565844597062,5858.441432237625,0.41216391656780615,4.694991872e-06,0.9088573,3.74,0.34,0.2,0.16,0.3,,,,,
3306,13541376,5014,35979.7545823722,22829.399697374407,6.16,2845.04,-0.00046278617537609534,4746.596115350723,0.372776978823822,4.693386240000001e-06,0.9905951,3.71,0.34,0.21,0.15,0.3,,,,,
3307,13545472,5014,35979.7545823722,22829.399697374407,6.16,2845.04,-0.0006108685583967599,4391.843952536583,0.3905296072771307,4.6917806080000005e-06,0.95453596,3.71,0.34,0.21,0.15,0.3,,,,,
3308,13549568,5016,35711.3378719936,22631.847090996656,6.1,2841.53,-0.0005434814311229275,2210.403646171093,0.3645261733327061,4.690174976e-06,0.9804396,3.65,0.36,0.2,0.15,0.29,,,,,
3309,13553664,5017,35550.37754614113,22516.66981738816,6.07,2839.89,-0.00042206250691378955,7893.346785664558,0.3994574735406786,4.688569344e-06,0.96992546,3.62,0.36,0.21,0.15,0.28,,,,,
3310,13557760,5018,35972.222171325615,22799.81776544157,6.13,2854.0,-0.00012420937036949908,12223.47780418396,0.29915444331709296,4.686963712e-06,0.9731097,3.67,0.35,0.21,0.15,0.29,,,,,
3311,13561856,5019,36171.57918522086,22917.997788613146,6.11,2877.86,-0.0003909623519575689,3098.6846900582314,0.39552433029166423,4.6853580800000005e-06,0.96654886,3.62,0.36,0.21,0.15,0.28,,,,,
3312,13565952,5019,36171.57918522086,22917.997788613146,6.11,2877.86,-0.00026911388522421475,6709.51312071085,0.36173546165809967,4.683752448e-06,0.98041964,3.62,0.36,0.21,0.15,0.28,,,,,
3313,13570048,5022,36283.65365740891,23003.621413267534,6.13,2883.8,-0.0006704984880343545,6565.857472538948,0.369110124069266,4.682146816e-06,0.9488186,3.64,0.36,0.21,0.14,0.29,,,,,
3314,13574144,5023,36185.280758914974,22937.367998570135,6.12,2878.26,-0.0005254706829873612,9371.033898115158,0.4310227476526052,4.680541184e-06,0.9225729,3.64,0.36,0.21,0.14,0.29,,,,,
3315,13578240,5024,37013.32606826482,23457.586177521716,6.16,2927.77,-0.00017707884671835927,7131.332478880882,0.3412058726826217,4.6789355520000004e-06,0.9856945,3.63,0.36,0.22,0.13,0.29,,,,,
3316,13582336,5025,36492.863812509066,23150.80261211759,6.15,2886.17,-0.00021646310415235348,15104.446292638779,0.3929354993160814,4.67732992e-06,0.97714037,3.66,0.35,0.22,0.14,0.29,,,,,
3317,13586432,5026,36713.07830176834,23322.101653463735,6.19,2895.22,-0.00039687381558906054,11185.80128967762,0.43832885019946843,4.675724288e-06,0.97346777,3.69,0.35,0.22,0.13,0.3,,,,,
3318,13590528,5027,36629.633635177124,23262.756125887085,6.18,2890.36,-0.0005465554640977643,3214.428264439106,0.40890507452422753,4.674118656e-06,0.9766766,3.69,0.35,0.22,0.13,0.3,,,,,
3319,13594624,5028,35915.292322570414,22817.403230609692,6.15,2855.62,-0.00036443238059291616,5223.437074184418,0.3919106966641266,4.672513024e-06,0.98702806,3.69,0.35,0.22,0.13,0.3,,,,,
3320,13598720,5031,34581.51004202904,21978.998433405683,6.06,2772.66,-0.0003643731088232016,4906.85371363163,0.4066072034765966,4.670907392e-06,0.84652287,3.68,0.36,0.21,0.13,0.3,,,,,
3321,13602816,5033,34909.64790787627,22201.562771685207,6.04,2791.25,-0.00021314198238542303,19896.79611968994,0.4020063807547558,4.66930176e-06,0.8805954,3.63,0.36,0.21,0.14,0.29,,,,,
3322,13606912,5035,34519.82819223847,21946.99614341905,6.02,2771.88,-0.0005534990577871213,6663.170623779297,0.43227530166041106,4.667696128e-06,0.89512527,3.63,0.36,0.22,0.12,0.3,,,,,
3323,13611008,5036,34450.04341021989,21903.513755742017,6.01,2769.14,-0.0002185497596656205,10736.004333496094,0.3511043503822293,4.666090496e-06,0.98282266,3.62,0.36,0.22,0.12,0.3,,,,,
3324,13615104,5039,35039.421249650455,22315.0821971956,6.08,2787.83,-0.0003213828867956181,10106.559211492538,0.3769190321036149,4.664484864e-06,0.9806675,3.67,0.35,0.22,0.12,0.31,,,,,
3325,13619200,5039,35039.421249650455,22315.0821971956,6.08,2787.83,-0.00029652275043190457,12363.302226901054,0.37218303765985183,4.662879232e-06,0.9677938,3.67,0.35,0.22,0.12,0.31,55977.3673561797,35894.32537526079,7.9,3772.633333333333,0.26666666666666666
3326,13623296,5041,35207.66667814407,22457.712129811902,6.08,2797.32,-0.00029205556711531244,8520.64573431015,0.435888611827977,4.6612736e-06,0.9750821,3.65,0.35,0.22,0.13,0.3,,,,,
3327,13627392,5043,35426.740872590395,22639.05959641494,6.15,2795.1,-0.0003557308664312586,9130.342469930649,0.35517140751471743,4.659667968000001e-06,0.97780424,3.72,0.34,0.22,0.13,0.31,,,,,
3328,13631488,5044,35793.42202711906,22862.168165915708,6.13,2828.92,-0.00040405004256172106,3436.608418941498,0.37224301690002903,4.658062336000001e-06,0.9639639,3.66,0.35,0.22,0.13,0.3,,,,,
3329,13635584,5044,35793.42202711906,22862.168165915708,6.13,2828.92,-0.0002825554784067208,4009.2516214847565,0.3633702366205398,4.656456704e-06,0.9806519,3.66,0.35,0.22,0.13,0.3,,,,,
3330,13639680,5046,36375.08854085455,23180.270480486055,6.09,2883.88,-0.0002215336044173455,5860.9670968055725,0.37478763691615313,4.654851072e-06,0.97519857,3.56,0.37,0.22,0.12,0.29,,,,,
3331,13643776,5047,36610.0546166687,23320.003137343465,6.11,2901.3,-0.00045837149900762597,2451.8704186677933,0.3511102939082775,4.6532454399999994e-06,0.97845006,3.56,0.37,0.22,0.12,0.29,,,,,
3332,13647872,5048,35952.72029466572,22905.707938393007,6.12,2851.37,-0.0008438286567979958,2498.5931702256203,0.39965053548803553,4.651639808000001e-06,0.97504747,3.62,0.37,0.21,0.12,0.3,,,,,
3333,13651968,5049,35466.682779162766,22567.655206155618,6.07,2848.12,-0.0003989693213952705,14873.437504053116,0.329444034723565,4.650034176000001e-06,0.97067875,3.56,0.38,0.21,0.12,0.29,,,,,
3334,13656064,5052,35103.22229235172,22381.79231294601,6.11,2796.29,-0.00024956064407888334,10108.07941377163,0.3634770470671356,4.6484285440000005e-06,0.9724049,3.67,0.36,0.2,0.14,0.3,,,,,
3335,13660160,5053,35796.260196788266,22856.397822004164,6.16,2822.8,-0.0001392953918184503,78700.71168899536,0.3297748734767083,4.646822912e-06,0.97515655,3.69,0.36,0.2,0.14,0.3,,,,,
3336,13664256,5055,35884.769504479336,22929.28799321178,6.21,2827.92,-0.00035537071744329296,5452.666136980057,0.3942592065432109,4.645217280000001e-06,0.9762887,3.74,0.35,0.21,0.14,0.3,,,,,
3337,13668352,5056,36893.34856296564,23585.180847620057,6.21,2884.73,-0.00016295715431624558,14062.843654990196,0.32804857366136275,4.643611648000001e-06,0.9754824,3.68,0.35,0.21,0.15,0.29,,,,,
3338,13672448,5058,36766.517419395524,23491.891650528483,6.18,2881.68,-0.00013986967314849608,34681.487857341766,0.4141581919393502,4.642006016e-06,0.7905633,3.66,0.34,0.22,0.16,0.28,,,,,
3339,13676544,5061,36058.054944696865,23025.26124264652,6.13,2842.26,-9.295459494751412e-05,28032.31130504608,0.4092711096163839,4.640400384e-06,0.84996605,3.65,0.34,0.21,0.18,0.27,,,,,
3340,13680640,5064,35378.32227325005,22615.495131191532,6.13,2791.32,-0.0004962096463714261,23075.04954266548,0.3967000081029255,4.638794752000001e-06,0.89853615,3.71,0.33,0.21,0.18,0.28,,,,,
3341,13684736,5065,35780.915743371916,22865.696304533536,6.15,2823.57,-0.0003049366841878509,8805.223343729973,0.3425868370977696,4.637189120000001e-06,0.94358164,3.69,0.34,0.2,0.18,0.28,,,,,
3342,13688832,5065,35780.915743371916,22865.696304533536,6.15,2823.57,-0.00015734342923678923,13988.43393778801,0.3854841412976384,4.635583488e-06,0.9683117,3.69,0.34,0.2,0.18,0.28,,,,,
3343,13692928,5067,35912.90375218069,22985.583952788365,6.18,2825.27,-0.0004364259057183517,4238.999510407448,0.4124315560911782,4.633977856e-06,0.98434037,3.73,0.33,0.2,0.19,0.28,,,,,
3344,13697024,5069,36475.41910402273,23367.027479143202,6.24,2848.05,-0.00019671016525535379,11834.786252975464,0.402036055107601,4.632372224000001e-06,0.95703954,3.77,0.32,0.2,0.2,0.28,,,,,
3345,13701120,5070,36969.246448217214,23675.748759998678,6.29,2872.26,-0.00023268393852049485,22598.29590153694,0.3487424153718166,4.6307665920000006e-06,0.91765887,3.8,0.32,0.19,0.2,0.29,,,,,
3346,13705216,5073,36231.81872168374,23191.427418643714,6.22,2832.14,-0.0004120202465855982,5808.751267910004,0.3709797505871393,4.62916096e-06,0.94507045,3.76,0.32,0.2,0.2,0.28,,,,,
3347,13709312,5073,36231.81872168374,23191.427418643714,6.22,2832.14,-0.0002992847603309201,10225.469688653946,0.39212285648682155,4.627555328e-06,0.9619354,3.76,0.32,0.2,0.2,0.28,,,,,
3348,13713408,5074,36873.49046371143,23592.752705044793,6.27,2877.99,-0.0002662154147401452,4044.9355486035347,0.39072142861550674,4.625949696e-06,0.9465261,3.76,0.32,0.2,0.2,0.28,,,,,
3349,13717504,5075,36857.58934543512,23604.25624487248,6.27,2878.59,-0.000746391476241115,6030.934665441513,0.41050466569140553,4.6243440640000005e-06,0.94831884,3.76,0.32,0.2,0.2,0.28,,,,,
3350,13721600,5076,37037.56834163906,23692.667459993103,6.25,2900.88,-0.00017392426616424927,9163.789575695992,0.3974770452477969,4.622738432e-06,0.93830657,3.72,0.32,0.21,0.2,0.27,41279.30086889533,26097.756984411073,7.266666666666667,3001.233333333333,0.06666666666666667
3351,13725696,5078,37090.13125451981,23703.98122650757,6.2,2907.06,-0.0005191276122786803,2859.8962340950966,0.38495854739448987,4.6211328e-06,0.9666246,3.66,0.32,0.22,0.2,0.26,,,,,
3352,13729792,5079,37099.465206350294,23671.7886661244,6.15,2924.26,-0.0008074094012044952,4841.437080204487,0.40121983669814654,4.619527168e-06,0.94364774,3.59,0.33,0.22,0.2,0.25,,,,,
3353,13733888,5081,36377.3699019818,23190.22772879928,6.09,2913.09,-0.0003394182294869097,4229.491135060787,0.3878539835277479,4.6179215360000005e-06,0.98105335,3.53,0.34,0.22,0.2,0.24,,,,,
3354,13737984,5082,36014.35710545523,22950.318992617373,6.08,2897.24,-0.0003859302851196844,3745.681222498417,0.34635288632125594,4.616315904e-06,0.9755625,3.54,0.34,0.22,0.2,0.24,,,,,
3355,13742080,5083,36879.489991901726,23517.94367461247,6.14,2937.9,-0.00025211088359355927,12745.82086634636,0.32665850056218915,4.614710272e-06,0.98399425,3.56,0.33,0.23,0.2,0.24,,,,,
3356,13746176,5083,36879.489991901726,23517.94367461247,6.14,2937.9,-0.0002640489128680201,16631.513466119766,0.3613621207186952,4.61310464e-06,0.98824954,3.56,0.33,0.23,0.2,0.24,,,,,
3357,13750272,5084,37947.62854153308,24225.258453665523,6.23,2986.58,-0.0003994794888058095,24995.390338897705,0.3171475653361995,4.6114990080000004e-06,0.9723089,3.6,0.33,0.22,0.2,0.25,,,,,
3358,13754368,5086,38438.78609194453,24542.94834600658,6.19,3031.94,-0.0002928709982370492,9862.287165164948,0.3622755952528678,4.609893376e-06,0.9435891,3.51,0.34,0.23,0.19,0.24,,,,,
3359,13758464,5088,38364.94927431659,24487.93092949844,6.17,3029.26,-0.0005000119454052765,2942.8069543242455,0.40630290226545185,4.608287744e-06,0.95069885,3.49,0.35,0.22,0.19,0.24,,,,,
3360,13762560,5089,38534.333816406586,24567.129718494638,6.13,3049.42,-0.0006058078088244656,3683.188462138176,0.3675540922267828,4.606682112e-06,0.9737912,3.43,0.35,0.23,0.19,0.23,,,,,
3361,13766656,5090,38590.703301922345,24583.680319527743,6.11,3058.28,-0.00010056498103949707,13362.398609638214,0.34226525222766213,4.60507648e-06,0.8796154,3.39,0.35,0.24,0.19,0.22,,,,,
3362,13770752,5091,37758.80568302577,24067.134417076275,6.1,2999.11,-0.0003779374801524682,7656.487035393715,0.3606903604522813,4.603470848e-06,0.97707146,3.45,0.34,0.24,0.19,0.23,,,,,
3363,13774848,5093,38431.649729781464,24522.779954416234,6.2,3018.34,-0.0003151583568978822,33786.564922332764,0.3839270578464493,4.601865216e-06,0.92801315,3.54,0.32,0.24,0.2,0.24,,,,,
3364,13778944,5095,37810.443779831745,24154.930603900422,6.2,2957.28,-0.00027117123590869596,9331.872152805328,0.42578356014564633,4.600259584e-06,0.9404061,3.6,0.3,0.25,0.2,0.25,,,,,
3365,13783040,5095,37810.443779831745,24154.930603900422,6.2,2957.28,-0.00027571284226723947,10882.52504324913,0.355105184862623,4.5986539519999995e-06,0.98273516,3.6,0.3,0.25,0.2,0.25,,,,,
3366,13787136,5096,38658.069886223406,24678.195490744212,6.23,3008.74,-0.00036570797874446725,3147.0379610061646,0.39367872022558004,4.59704832e-06,0.9673802,3.57,0.3,0.26,0.19,0.25,,,,,
3367,13791232,5100,37384.19668512594,23861.26908008601,6.15,2925.57,-0.0007598622105433606,2036.2035806775093,0.41964900691527873,4.595442688e-06,0.82663214,3.58,0.3,0.25,0.2,0.25,,,,,
3368,13795328,5102,36660.17640735952,23422.861707491702,6.13,2876.56,-0.00020198850870656315,31365.99835419655,0.35626685398165137,4.593837056e-06,0.8604081,3.61,0.3,0.24,0.2,0.26,,,,,
3369,13799424,5105,36740.1586653582,23468.56649974907,6.19,2867.8,-0.0003237183609599015,6951.462757110596,0.3415732406137977,4.5922314239999995e-06,0.9566335,3.68,0.28,0.25,0.21,0.26,,,,,
3370,13803520,5106,36751.04928540418,23464.000981643432,6.17,2873.6,-0.00028106973968533566,10605.427344799042,0.3580886671261396,4.590625792000001e-06,0.9701028,3.65,0.29,0.25,0.2,0.26,,,,,
3371,13807616,5107,36831.964671905575,23522.618753113533,6.19,2871.47,-0.0008649106493976433,2471.905318915844,0.36439482076093554,4.589020160000001e-06,0.97757196,3.67,0.29,0.24,0.21,0.26,,,,,
3372,13811712,5108,37333.468956289275,23824.301581875676,6.23,2910.09,-0.0002823021077347221,5210.25751966238,0.412098073924426,4.5874145280000005e-06,0.9666623,3.67,0.29,0.24,0.21,0.26,,,,,
3373,13815808,5110,37589.89721686201,23996.980482699364,6.26,2928.29,-0.00025496930902590975,8962.167136311531,0.3459488252119627,4.5858088959999994e-06,0.970027,3.67,0.29,0.24,0.21,0.26,,,,,
3374,13819904,5110,37589.89721686201,23996.980482699364,6.26,2928.29,-0.0007686308572374401,5432.617962777615,0.3628487312234938,4.584203264000001e-06,0.9748773,3.67,0.29,0.24,0.21,0.26,,,,,
3375,13824000,5112,36853.950857895485,23527.323959042486,6.19,2892.33,-8.047035680647241e-05,22310.745518684387,0.37127968634013087,4.582597632000001e-06,0.9799727,3.64,0.29,0.25,0.2,0.26,44671.574832829596,28942.84399450995,7.433333333333334,3233.8333333333335,0.16666666666666666
3376,13828096,5114,36532.40934279174,23380.374138265586,6.25,2848.5,-0.0002463824125698011,12161.347000598907,0.4196620027651079,4.5809920000000005e-06,0.91953963,3.75,0.28,0.24,0.2,0.28,,,,,
3377,13832192,5116,36414.87212355799,23300.413941872976,6.25,2834.44,-0.0002595818277768558,4788.908373653889,0.36904234177200124,4.579386368e-06,0.97513086,3.77,0.27,0.25,0.2,0.28,,,,,
3378,13836288,5117,36183.60998493663,23141.78201475479,6.22,2822.08,-0.0006444040318456246,2222.4344162344933,0.3653990602178965,4.577780736000001e-06,0.9275626,3.75,0.28,0.24,0.2,0.28,,,,,
3379,13840384,5118,35980.85517485993,23002.776679763592,6.18,2823.53,-0.00026118941059394274,3322.7359914779663,0.3795158939319663,4.576175104000001e-06,0.9650267,3.7,0.29,0.24,0.2,0.27,,,,,
3380,13844480,5121,35489.78340531425,22723.774337577895,6.26,2772.49,-0.00017208607187058078,23072.269428014755,0.385285236465279,4.5745694720000004e-06,0.9715865,3.84,0.28,0.23,0.2,0.29,,,,,
3381,13848576,5121,35489.78340531425,22723.774337577895,6.26,2772.49,-0.0002741135504038539,4865.706904053688,0.37932300139800645,4.57296384e-06,0.97704655,3.84,0.28,0.23,0.2,0.29,,,,,
3382,13852672,5122,36054.77591606916,23062.653055878378,6.26,2818.24,-0.0004481426331039984,2679.0286577939987,0.38882265993743204,4.571358208e-06,0.9862385,3.79,0.29,0.23,0.2,0.28,,,,,
3383,13856768,5124,35213.762612394545,22534.25790996035,6.22,2766.24,-0.0002563621583249187,2331.35411632061,0.47259301191661507,4.569752576000001e-06,0.9769543,3.8,0.29,0.22,0.21,0.28,,,,,
3384,13860864,5124,35213.762612394545,22534.25790996035,6.22,2766.24,-0.00029860346876375843,4865.97755753994,0.4031435633660294,4.568146944e-06,0.9880639,3.8,0.29,0.22,0.21,0.28,,,,,
3385,13864960,5128,34321.395973427745,21948.676372617836,6.18,2701.44,-0.0003595980897443951,32991.263969540596,0.4024928251747042,4.566541312e-06,-0.7573521,3.84,0.28,0.23,0.2,0.29,,,,,
3386,13869056,5129,34642.88292007307,22127.72460884032,6.2,2722.9,-0.0005665421858793707,2840.9956421256065,0.36904575215885416,4.56493568e-06,0.97318083,3.84,0.28,0.23,0.2,0.29,,,,,
3387,13873152,5131,34926.51555077256,22298.123472013078,6.19,2747.8,-0.0007936476322356611,3224.112921565771,0.40980380415567197,4.563330048000001e-06,0.9598527,3.8,0.28,0.24,0.2,0.28,,,,,
3388,13877248,5132,34757.43766988892,22193.456938782612,6.18,2740.1,-0.00043285053834551945,1726.6868825554848,0.3734413800993934,4.561724416e-06,0.99337316,3.8,0.28,0.24,0.2,0.28,,,,,
3389,13881344,5136,34780.015504942014,22228.71863782379,6.16,2740.05,-0.00027066629536420805,17912.512276411057,0.4772440983215347,4.560118784e-06,0.77302325,3.78,0.29,0.24,0.19,0.28,,,,,
3390,13885440,5137,34320.93919123423,21896.65184343278,6.1,2733.84,-0.0005039498332735093,3805.2277311086655,0.39749853557441384,4.558513152e-06,0.965005,3.72,0.3,0.24,0.19,0.27,,,,,
3391,13889536,5138,34561.66004668861,22047.227520590637,6.14,2745.23,-0.00030399304978345754,4568.552816033363,0.3953654567885678,4.5569075200000005e-06,0.9849098,3.75,0.3,0.23,0.2,0.27,,,,,
3392,13893632,5139,34804.14500344035,22177.74576511144,6.13,2766.26,-0.0003163511628372362,2370.3261303901672,0.3262323764793109,4.555301888e-06,0.9822546,3.71,0.31,0.23,0.19,0.27,,,,,
3393,13897728,5139,34804.14500344035,22177.74576511144,6.13,2766.26,-0.00012517624963948037,13887.875104665756,0.33590303439996205,4.553696256e-06,0.9762484,3.71,0.31,0.23,0.19,0.27,,,,,
3394,13901824,5141,34901.13117600973,22215.24282664323,6.13,2768.68,-0.0004360193079264718,4007.7877769470215,0.3790737087838352,4.552090624e-06,0.96886426,3.71,0.31,0.23,0.19,0.27,,,,,
3395,13905920,5144,34513.669012903534,21954.266971173576,6.13,2735.44,-0.0004807749664905714,4179.174221932888,0.41506885562557727,4.5504849920000005e-06,0.98159146,3.75,0.3,0.23,0.19,0.28,,,,,
3396,13910016,5145,33983.9037000458,21634.74884831799,6.11,2697.32,-0.00037039537892269436,5276.38158094883,0.4521846698480658,4.54887936e-06,0.9753406,3.77,0.29,0.24,0.19,0.28,,,,,
3397,13914112,5146,34302.93890494934,21827.955181103567,6.14,2722.04,-0.001085420350136701,2314.4058992266655,0.4034280849737115,4.547273728e-06,0.97063774,3.77,0.29,0.24,0.19,0.28,,,,,
3398,13918208,5147,34481.232150588134,21941.98223258881,6.15,2734.92,-0.00031145367847784655,9041.801438808441,0.3991091279312968,4.545668096e-06,0.9569407,3.77,0.29,0.24,0.19,0.28,,,,,
3399,13922304,5149,34105.483693888054,21701.517671692323,6.1,2706.15,-0.0007662320967938285,6183.835459828377,0.37018072957289405,4.544062464e-06,0.87468415,3.76,0.29,0.24,0.19,0.28,,,,,
3400,13926400,5150,33826.034873125966,21509.052133005247,6.06,2698.92,-0.00020796734952455154,9884.538066148758,0.3853357787011191,4.542456832e-06,0.93169665,3.72,0.29,0.25,0.19,0.27,39497.42915545243,25438.647414326428,7.133333333333334,2891.7,0.1
3401,13930496,5154,33305.52107191193,21168.16362154724,6.05,2694.0,-0.0002834196557159885,13854.347576260567,0.41761284304084256,4.5408512e-06,0.91880596,3.72,0.3,0.24,0.18,0.28,,,,,
3402,13934592,5154,33305.52107191193,21168.16362154724,6.05,2694.0,-0.0006118478049756959,2276.8814989328384,0.38708127033896744,4.539245568e-06,0.9775217,3.72,0.3,0.24,0.18,0.28,,,,,
3403,13938688,5156,32938.27783385038,20947.60216683442,6.02,2684.93,-0.00023788619091646979,30257.507979393005,0.3356271965021733,4.5376399359999996e-06,0.96638775,3.69,0.31,0.24,0.17,0.28,,,,,
3404,13942784,5158,33205.31548518457,21123.33701911642,6.11,2682.7,-0.000445532554294914,13391.919914484024,0.3798123466549441,4.536034304e-06,0.96129644,3.78,0.31,0.23,0.16,0.3,,,,,
3405,13946880,5159,33584.21854063788,21364.44699865636,6.11,2718.24,-0.0007001544618105981,9589.106304049492,0.41736404597759247,4.534428672e-06,0.943227,3.74,0.32,0.23,0.15,0.3,,,,,
3406,13950976,5160,34173.791205513415,21691.20716549301,6.1,2762.87,-0.0005532110590138473,1760.2465611100197,0.3705542375391815,4.53282304e-06,0.98431,3.68,0.33,0.23,0.15,0.29,,,,,
3407,13955072,5161,34405.341061797044,21820.94961676743,6.1,2784.22,-0.00024430322082480416,2856.0348032712936,0.3981426653917879,4.5312174079999995e-06,0.9580943,3.65,0.34,0.23,0.14,0.29,,,,,
3408,13959168,5162,34833.811941083164,22100.279170288923,6.15,2808.53,-0.00021786554316349793,18348.124328136444,0.41278759721899405,4.529611776000001e-06,0.9739403,3.68,0.34,0.23,0.13,0.3,,,,,
3409,13963264,5163,35498.98019511677,22530.05161644515,6.2,2839.43,-0.0005921020210735151,9978.262740850449,0.35867661095107906,4.528006144000001e-06,0.9785616,3.7,0.34,0.23,0.13,0.3,,,,,
3410,13967360,5164,35649.86594266982,22595.522078567163,6.16,2860.64,-0.00028638194817176554,4632.943850278854,0.38833563568186946,4.5264005120000006e-06,0.94171685,3.63,0.35,0.23,0.13,0.29,,,,,
3411,13971456,5165,35353.39943421483,22410.336704131932,6.14,2839.62,-0.0003483376549411332,4391.311469137669,0.39395952178165317,4.5247948799999995e-06,0.955022,3.63,0.35,0.23,0.13,0.29,,,,,
3412,13975552,5167,35473.27490188339,22449.461658948614,6.13,2854.48,-0.0007557796616310952,4655.083575308323,0.40460555514437146,4.523189248000001e-06,0.9768941,3.6,0.36,0.22,0.13,0.29,,,,,
3413,13979648,5168,34875.8307328064,22087.207221998557,6.13,2821.0,-0.0003058735455852002,17674.399610996246,0.40437329953419976,4.521583616000001e-06,0.94690084,3.64,0.36,0.22,0.12,0.3,,,,,
3414,13983744,5171,34589.9628033543,21920.604156475238,6.17,2800.71,-8.594210066803498e-05,17112.180336236954,0.4204597101197578,4.5199779840000005e-06,0.94028276,3.7,0.36,0.2,0.13,0.31,,,,,
3415,13987840,5174,34187.082822639204,21670.663430599332,6.15,2778.06,-0.00021859618937014602,8498.289799332619,0.3647051449515857,4.518372352e-06,0.83580524,3.71,0.36,0.2,0.13,0.31,,,,,
3416,13991936,5175,33791.47253158848,21427.542956635505,6.13,2746.16,-0.0005694918290828355,3851.1977293491364,0.3851276197237894,4.51676672e-06,0.9587936,3.72,0.35,0.21,0.13,0.31,,,,,
3417,13996032,5176,33601.2382050053,21302.194555129627,6.11,2736.88,-0.00016817851246742066,20677.256920814514,0.3334823233890347,4.515161088000001e-06,0.97053903,3.71,0.36,0.2,0.13,0.31,,,,,
3418,14000128,5177,34293.62391518398,21735.241806766167,6.18,2755.59,-0.0002988979686051607,32217.95684170723,0.35942634800449014,4.5135554560000005e-06,0.9716766,3.77,0.36,0.19,0.13,0.32,,,,,
3419,14004224,5179,34617.610942472,21966.307851325957,6.21,2770.81,-0.0006364023465721402,8923.753705501556,0.3730713043769356,4.511949824e-06,0.9518494,3.79,0.36,0.19,0.12,0.33,,,,,
3420,14008320,5180,34528.64581214991,21932.5907294547,6.23,2756.56,-0.0004642597668862436,5982.2822514772415,0.36826111408299766,4.510344192e-06,0.96832883,3.83,0.35,0.19,0.13,0.33,,,,,
3421,14012416,5181,34896.864887986245,22144.19075798874,6.25,2784.67,-0.0004925235443806741,1820.0926667451859,0.33192365113063715,4.508738560000001e-06,0.9900992,3.82,0.36,0.18,0.13,0.33,,,,,
3422,14016512,5183,33850.257432379156,21441.87163235805,6.13,2735.96,-0.0004924844324705191,1690.8375544548035,0.3747570640698541,4.5071329280000005e-06,0.97233206,3.74,0.37,0.18,0.13,0.32,,,,,
3423,14020608,5184,32967.30449309084,20858.750304125428,6.05,2706.39,-0.0004755344252771465,5667.022320985794,0.4370055074105039,4.505527296e-06,0.9110462,3.69,0.37,0.19,0.13,0.31,,,,,
3424,14024704,5185,32877.31251062136,20802.109487364803,6.05,2694.83,-0.0002141992408724036,30164.001022577286,0.3394370416935999,4.503921664e-06,0.972931,3.7,0.36,0.2,0.13,0.31,,,,,
3425,14028800,5186,33629.30746209689,21302.522313316567,6.15,2728.31,-0.00017976783601625357,33162.769664525986,0.3389579688664526,4.502316032000001e-06,0.982587,3.77,0.36,0.19,0.13,0.32,51278.33561595146,32710.953935820657,7.666666666666667,3449.5666666666666,0.23333333333333334
3426,14032896,5187,33840.2080919338,21450.668523223183,6.21,2728.28,-0.00029806217025907245,6692.214203596115,0.36111361932125874,4.5007104e-06,0.98929507,3.84,0.35,0.19,0.13,0.33,,,,,
3427,14036992,5189,34199.07140963505,21726.286498147176,6.25,2737.36,-0.000233207167184446,15590.413946151733,0.3926030211150646,4.499104768e-06,0.96786505,3.87,0.34,0.19,0.14,0.33,,,,,
3428,14041088,5190,34103.099375348414,21659.258865322292,6.24,2736.91,-0.00047750925841683056,5999.742220759392,0.33622488027322106,4.497499136e-06,0.9852737,3.86,0.34,0.19,0.14,0.33,,,,,
3429,14045184,5191,34189.168084649944,21717.52940814317,6.2,2748.92,-0.0004912789863737999,3680.630159974098,0.35985083947889507,4.495893504000001e-06,0.93098176,3.8,0.35,0.19,0.14,0.32,,,,,
3430,14049280,5191,34189.168084649944,21717.52940814317,6.2,2748.92,-0.00025775275025807787,6641.746039688587,0.37039408227428794,4.494287872e-06,0.9875378,3.8,0.35,0.19,0.14,0.32,,,,,
3431,14053376,5192,34597.98104208159,21947.4104988122,6.2,2784.9,-7.444744915119372e-05,17902.754299402237,0.34419549387530424,4.49268224e-06,0.954959,3.76,0.36,0.19,0.13,0.32,,,,,
3432,14057472,5192,34597.98104208159,21947.4104988122,6.2,2784.9,-0.00028570060567290056,13125.947377681732,0.3837314404081553,4.491076608e-06,0.9840372,3.76,0.36,0.19,0.13,0.32,,,,,
3433,14061568,5194,35905.558863431,22802.784866947437,6.33,2844.73,-0.00025574402479833225,22650.584442853928,0.3865548647008836,4.4894709760000006e-06,0.98028034,3.83,0.36,0.18,0.14,0.32,,,,,
3434,14065664,5194,35905.558863431,22802.784866947437,6.33,2844.73,-0.00023061693173076492,6627.007963716984,0.37358619912993163,4.487865344e-06,0.98425514,3.83,0.36,0.18,0.14,0.32,,,,,
3435,14069760,5196,35986.25925405174,22806.486212167296,6.31,2859.4,-0.00025890526922012214,8817.017105937004,0.3958690100116655,4.486259712e-06,0.968683,3.8,0.37,0.17,0.15,0.31,,,,,
3436,14073856,5197,36266.47272464777,23035.09146728706,6.38,2851.09,-0.0002829799268511124,44291.83318018913,0.3695493557897862,4.48465408e-06,0.9777574,3.88,0.36,0.17,0.15,0.32,,,,,
3437,14077952,5198,36668.583594589276,23271.623475641012,6.39,2886.79,-0.0007976164952196996,1745.8504979610443,0.3713804916187655,4.483048448e-06,0.98000157,3.85,0.37,0.17,0.14,0.32,,,,,
3438,14082048,5199,37063.010786855135,23514.834052196755,6.4,2923.73,-0.0010082673416036414,3637.5703077316284,0.4026897998410277,4.481442816e-06,0.9647959,3.82,0.38,0.17,0.13,0.32,,,,,
3439,14086144,5199,37063.010786855135,23514.834052196755,6.4,2923.73,-0.00029703890595556004,1745.6249936819077,0.361971344682388,4.479837184e-06,0.9872676,3.82,0.38,0.17,0.13,0.32,,,,,
3440,14090240,5200,38357.83521288845,24342.8412119433,6.43,3006.6,-0.0001165768571809167,19207.358737707138,0.30487035191617906,4.478231552e-06,0.97126937,3.76,0.39,0.17,0.13,0.31,,,,,
3441,14094336,5200,38357.83521288845,24342.8412119433,6.43,3006.6,-0.00040788477826936287,2779.9667068123817,0.3256224593205843,4.47662592e-06,0.98641926,3.76,0.39,0.17,0.13,0.31,,,,,
3442,14098432,5201,38640.70916387198,24509.696422235593,6.45,3020.47,-0.0005631570820696652,6894.848346710205,0.4246070414665155,4.475020288e-06,0.9531297,3.76,0.39,0.17,0.13,0.31,,,,,
3443,14102528,5203,38788.792294097846,24601.014369118693,6.41,3047.97,-0.00020016354937979486,6746.524376630783,0.4017910979455337,4.473414656e-06,0.95481646,3.69,0.41,0.16,0.13,0.3,,,,,
3444,14106624,5206,39206.81424446791,24872.961771135633,6.44,3058.77,-0.0006149296259536641,15256.994713306427,0.3844918969844002,4.471809024e-06,0.97005737,3.71,0.4,0.17,0.13,0.3,,,,,
3445,14110720,5208,38449.871279745086,24396.146115923653,6.37,3012.57,-0.0005592897505266592,3196.605962872505,0.3720587216084823,4.470203392e-06,0.9446497,3.69,0.4,0.18,0.12,0.3,,,,,
3446,14114816,5209,38177.90701252609,24219.0630702799,6.35,2990.04,-0.00019948559247495723,7132.321298241615,0.37179006010410376,4.468597760000001e-06,0.9683933,3.7,0.4,0.18,0.12,0.3,,,,,
3447,14118912,5211,37889.14453782468,24024.10395403673,6.34,2967.79,-0.000513326917825907,2380.5237043499947,0.33883795188739896,4.466992128000001e-06,0.9787827,3.72,0.39,0.19,0.12,0.3,,,,,
3448,14123008,5213,37749.89049603726,23916.067013248197,6.34,2975.93,-0.00025292508507845923,20325.272819042206,0.35524045914644375,4.465386496e-06,0.96544063,3.7,0.4,0.18,0.12,0.3,,,,,
3449,14127104,5214,38221.1671769075,24237.803787820172,6.38,2996.0,-0.00012625881026906427,24840.672404050827,0.42396029544761404,4.4637808639999996e-06,0.9679098,3.72,0.4,0.18,0.12,0.3,,,,,
3450,14131200,5217,37812.9907997561,23996.997006646652,6.42,2965.44,-0.0005546599277295172,13605.39643907547,0.4256608097348362,4.462175232000001e-06,0.58522755,3.79,0.4,0.17,0.12,0.31,44143.645158787105,28572.309272028346,7.333333333333333,3058.4,0.16666666666666666
3451,14135296,5217,37812.9907997561,23996.997006646652,6.42,2965.44,-0.00023753266577841714,10652.735315799713,0.3742857488396112,4.460569600000001e-06,0.96884876,3.79,0.4,0.17,0.12,0.31,,,,,
3452,14139392,5218,38210.50243144968,24266.91469790762,6.46,2976.59,-0.000270722555796965,5121.679510712624,0.3474824779550545,4.458963968000001e-06,0.9850792,3.82,0.39,0.17,0.13,0.31,,,,,
3453,14143488,5220,38815.75323646215,24687.780032383227,6.53,3002.46,-0.00016887303718249314,26683.25611948967,0.3911112888599746,4.457358336e-06,0.9662742,3.87,0.38,0.17,0.14,0.31,,,,,
3454,14147584,5222,38352.380503629094,24365.758121494753,6.46,2969.71,-0.0010342539981138543,4752.712374925613,0.36875961793703027,4.455752704e-06,0.9721365,3.84,0.37,0.17,0.16,0.3,,,,,
3455,14151680,5222,38352.380503629094,24365.758121494753,6.46,2969.71,-0.0005761424790762248,6182.712466239929,0.3108093793562148,4.454147072000001e-06,0.97262853,3.84,0.37,0.17,0.16,0.3,,,,,
3456,14155776,5223,39083.63706229192,24820.381875120114,6.5,3009.99,-0.00023351906929747202,7141.85367667675,0.35699097425094806,4.4525414400000005e-06,0.9880677,3.84,0.37,0.17,0.16,0.3,,,,,
3457,14159872,5225,38501.771366940586,24488.030279361024,6.55,2969.17,-0.00011048994019802194,60519.15864992142,0.3359634711232502,4.450935808e-06,0.8629888,3.93,0.37,0.16,0.15,0.32,,,,,
3458,14163968,5225,38501.771366940586,24488.030279361024,6.55,2969.17,-0.00024961993858596543,11594.789579987526,0.3766209991299547,4.449330176e-06,0.9733965,3.93,0.37,0.16,0.15,0.32,,,,,
3459,14168064,5227,39405.601752645656,25103.196795275566,6.62,3027.6,-0.00022967812947172206,19290.686531186104,0.39245752029819414,4.447724544000001e-06,0.92351395,3.95,0.36,0.17,0.15,0.32,,,,,
3460,14172160,5227,39405.601752645656,25103.196795275566,6.62,3027.6,-0.0003655184573290171,10012.701046705246,0.4138903726125136,4.4461189120000005e-06,0.9687194,3.95,0.36,0.17,0.15,0.32,,,,,
3461,14176256,5229,40310.27342626373,25706.481903916458,6.69,3073.26,-0.0004400155930852634,15118.161561727524,0.3602044357685372,4.44451328e-06,0.9741021,3.97,0.36,0.17,0.15,0.32,,,,,
3462,14180352,5232,40302.00265567974,25708.352574831042,6.75,3062.8,-0.0003480515924820793,17119.71260023117,0.46155437466222793,4.442907648e-06,0.94791925,4.05,0.36,0.16,0.15,0.33,,,,,
3463,14184448,5233,39874.880276784905,25420.567259716514,6.71,3034.02,-4.402460263008834e-05,107328.43928670883,0.3712467788136564,4.441302016000001e-06,0.90128547,4.04,0.36,0.16,0.15,0.33,,,,,
3464,14188544,5235,40813.081490304154,26049.006256077544,6.83,3065.05,-0.0001233346856679418,87814.7428495884,0.3454836182354484,4.4396963840000005e-06,0.9342747,4.14,0.35,0.16,0.15,0.34,,,,,
3465,14192640,5236,41095.61134415967,26198.93584124276,6.79,3091.96,-0.00025468352941970807,6228.010939955711,0.38903894124086946,4.438090752e-06,0.98320323,4.07,0.36,0.16,0.15,0.33,,,,,
3466,14196736,5238,40970.825224417415,26174.471977230845,6.82,3077.48,-0.0003564493581507122,7246.098137497902,0.42984098533634096,4.43648512e-06,0.9408523,4.13,0.35,0.16,0.15,0.34,,,,,
3467,14200832,5239,41639.04389711192,26613.253766713344,6.88,3102.28,-0.000177309402715764,10095.49682378769,0.405570637085475,4.434879488000001e-06,0.98721045,4.17,0.34,0.16,0.16,0.34,,,,,
3468,14204928,5241,40936.750716720795,26169.360593430072,6.84,3056.37,-0.00044680479277303675,7729.000337719917,0.4038770941551775,4.4332738560000004e-06,0.97542924,4.18,0.33,0.17,0.16,0.34,,,,,
3469,14209024,5242,40962.79296972121,26224.55879825231,6.88,3044.02,-0.0001859609719758737,27738.26749920845,0.3817642560461536,4.431668224e-06,0.9744983,4.23,0.33,0.16,0.16,0.35,,,,,
3470,14213120,5243,41185.607231002585,26358.825010073855,6.86,3070.79,-0.0004190525542071555,4276.6024659872055,0.3968545354437083,4.430062592e-06,0.95970166,4.18,0.34,0.16,0.16,0.34,,,,,
3471,14217216,5244,41385.309982346196,26484.33057542506,6.84,3090.7,-0.000555191876628669,3622.721127152443,0.4285717358579859,4.42845696e-06,0.9543181,4.14,0.34,0.17,0.16,0.33,,,,,
3472,14221312,5244,41385.309982346196,26484.33057542506,6.84,3090.7,-0.0003512088987918105,10686.434812426567,0.3204174368875101,4.426851328e-06,0.9751373,4.14,0.34,0.17,0.16,0.33,,,,,
3473,14225408,5246,41909.597698281286,26800.64820523567,6.85,3123.23,-0.000595814011830953,2607.8911135196686,0.4243875939864665,4.425245696e-06,0.889015,4.12,0.35,0.16,0.16,0.33,,,,,
3474,14229504,5248,41528.69076008088,26587.580864494837,6.84,3095.21,-0.00034487826360418694,12638.673649430275,0.40216759184841067,4.423640064e-06,0.9318451,4.13,0.35,0.16,0.16,0.33,,,,,
3475,14233600,5252,40938.38405190442,26220.36683672317,6.87,3042.81,-0.0003234677660657326,10168.075960278511,0.4144129033666104,4.422034432e-06,0.9608965,4.22,0.34,0.16,0.15,0.35,44109.11842971724,28470.318529034223,7.233333333333333,3031.3,0.1
3476,14237696,5254,41494.8501517813,26532.560869997582,6.87,3072.2,-0.0004533105184236774,5113.549344956875,0.347639608400641,4.4204288e-06,0.97765017,4.19,0.34,0.16,0.16,0.34,,,,,
3477,14241792,5255,40959.826240636634,26202.610531339942,6.89,3027.16,-0.00026695158885559067,4542.737091422081,0.35422849594033323,4.418823168e-06,0.98534644,4.26,0.33,0.16,0.16,0.35,,,,,
3478,14245888,5257,40771.278059326054,26022.935208150233,6.77,3036.94,-0.001036739673509146,8101.492661476135,0.40392414675443433,4.417217536e-06,0.72974986,4.13,0.33,0.18,0.16,0.33,,,,,
3479,14249984,5257,40771.278059326054,26022.935208150233,6.77,3036.94,-0.0005248815550658037,6150.821953654289,0.3943629685090855,4.415611904e-06,0.9809683,4.13,0.33,0.18,0.16,0.33,,,,,
3480,14254080,5258,41869.4761428568,26718.94756240385,6.78,3113.97,-0.00013443016177916434,8143.609278917313,0.29969956053537317,4.414006272e-06,0.98295873,4.06,0.34,0.18,0.16,0.32,,,,,
3481,14258176,5260,41330.6903547018,26407.75949491389,6.75,3073.4,-0.0003356250381330028,9585.737995743752,0.4099708148278296,4.41240064e-06,0.9154411,4.07,0.33,0.19,0.16,0.32,,,,,
3482,14262272,5261,41143.57733017058,26309.270966505326,6.77,3053.35,-0.00022907311085873516,9614.309379696846,0.40485375982825644,4.410795008e-06,0.9431103,4.12,0.32,0.19,0.16,0.33,,,,,
3483,14266368,5262,41411.90964254751,26478.498737536,6.76,3073.98,-0.0002222656439698767,6190.3609701395035,0.32097560542752035,4.409189376e-06,0.9774036,4.08,0.32,0.2,0.16,0.32,,,,,
3484,14270464,5265,40299.554107051525,25779.064306606426,6.69,3003.97,-0.00023507319383497816,11643.987811088562,0.4542588579352014,4.407583744000001e-06,0.51633465,4.09,0.31,0.21,0.16,0.32,,,,,
3485,14274560,5265,40299.554107051525,25779.064306606426,6.69,3003.97,-0.00033151159004773945,9559.496554613113,0.3488621742289979,4.405978112e-06,0.9590578,4.09,0.31,0.21,0.16,0.32,,,,,
3486,14278656,5267,40429.87171888114,25865.988419565383,6.69,3011.09,-0.0011310773570585297,2600.615788578987,0.4245636523119174,4.40437248e-06,0.96470326,4.08,0.31,0.22,0.15,0.32,,,,,
3487,14282752,5268,40545.49792420305,25896.68433424203,6.65,3023.71,-0.0006431174660974648,2687.201763033867,0.3712062851700466,4.402766848e-06,0.97583556,4.02,0.31,0.23,0.15,0.31,,,,,
3488,14286848,5268,40545.49792420305,25896.68433424203,6.65,3023.71,-0.0005257785251160385,3750.0871661901474,0.3858206543372944,4.401161215999999e-06,0.98931336,4.02,0.31,0.23,0.15,0.31,,,,,
3489,14290944,5269,41420.63908608589,26417.611789280883,6.67,3082.72,-0.0002251589139632415,11597.265710234642,0.3312568477122113,4.399555584000001e-06,0.978424,3.98,0.32,0.23,0.14,0.31,,,,,
3490,14295040,5269,41420.63908608589,26417.611789280883,6.67,3082.72,-0.00020826305990340188,7753.033342957497,0.31720000226050615,4.397949952000001e-06,0.9852117,3.98,0.32,0.23,0.14,0.31,,,,,
3491,14299136,5271,42607.77182761953,27175.060026988085,6.73,3166.48,-9.349989704787731e-05,80632.91492819786,0.34640765105723403,4.39634432e-06,0.8238833,3.96,0.33,0.23,0.14,0.3,,,,,
3492,14303232,5272,42495.973020657395,27089.880577591895,6.7,3165.11,-0.00038333144948410336,8540.229212999344,0.4117336931230966,4.394738687999999e-06,0.9810911,3.93,0.34,0.23,0.13,0.3,,,,,
3493,14307328,5274,42710.42541869207,27263.056617206308,6.73,3170.12,-0.0001941460477610235,21712.226220607758,0.38199092529248446,4.393133056000001e-06,0.9547478,3.96,0.33,0.23,0.14,0.3,,,,,
3494,14311424,5276,43442.323716169114,27778.528093061672,6.86,3184.12,-0.0001187040688819252,32309.516384601593,0.32863284708582796,4.391527424000001e-06,0.9699067,4.08,0.32,0.22,0.14,0.32,,,,,
3495,14315520,5279,41913.65298323289,26793.802820704197,6.73,3110.11,-0.0003439883416831435,5000.391544640064,0.42323665058938786,4.389921792e-06,0.66901886,4.02,0.32,0.23,0.15,0.3,,,,,
3496,14319616,5280,42270.52646985268,27012.404919842127,6.74,3133.25,-0.00031425168617715826,9850.973631620407,0.38957573275547475,4.38831616e-06,0.9741107,4.01,0.32,0.23,0.15,0.3,,,,,
3497,14323712,5281,41746.63661623584,26694.416164918366,6.71,3089.83,-0.0004970667696397868,2964.7083074748516,0.35418705706251785,4.386710528000001e-06,0.9371681,4.03,0.31,0.24,0.15,0.3,,,,,
3498,14327808,5283,42207.445148922474,26999.93826999716,6.77,3114.72,-0.0003670458718261216,8163.37654709816,0.4073756795260124,4.3851048960000006e-06,0.9585957,4.06,0.31,0.23,0.16,0.3,,,,,
3499,14331904,5284,42358.32069760948,27083.61366013193,6.81,3112.01,-0.00036255846225685673,7299.514330565929,0.37215180703788064,4.383499264e-06,0.974462,4.1,0.31,0.22,0.16,0.31,,,,,
3500,14336000,5285,42464.54289861498,27147.150288424877,6.81,3122.63,-0.0001918687721627066,10803.391990542412,0.35145381328766234,4.381893632e-06,0.9655948,4.09,0.32,0.21,0.16,0.31,36642.36697570035,23700.581216823837,7.033333333333333,2763.633333333333,0.03333333333333333
3501,14340096,5286,42476.40401980751,27147.681856224008,6.79,3127.81,-0.0002726079346757615,10554.034759521484,0.3447379436402116,4.380288000000001e-06,0.9796792,4.06,0.32,0.21,0.16,0.31,,,,,
3502,14344192,5287,42127.474845266945,26923.55536422378,6.73,3114.6,-0.0008976934150268789,2490.0817336142063,0.3415516698441934,4.3786823680000005e-06,0.96005815,4.01,0.32,0.22,0.16,0.3,,,,,
3503,14348288,5289,41798.25253179159,26690.362969235015,6.73,3106.76,-0.00030687348953506444,7472.037473142147,0.3660218775039539,4.377076736e-06,0.9405056,4.02,0.33,0.21,0.15,0.31,,,,,
3504,14352384,5290,41720.1087982925,26644.51121242188,6.72,3107.13,-0.0003428567024457152,5919.776309728622,0.38400030764751136,4.375471104e-06,0.9691283,4.01,0.34,0.2,0.15,0.31,,,,,
3505,14356480,5292,40588.54008442661,25938.47088105035,6.67,3038.49,-0.00017747356241670786,3975.5737075805664,0.3646618550992571,4.373865472e-06,0.9526804,4.03,0.33,0.21,0.15,0.31,,,,,
3506,14360576,5293,39701.76984553008,25352.17382620099,6.6,3007.3,-0.001037521548823861,2017.5526879429817,0.38098539839847945,4.3722598400000005e-06,0.96686625,3.99,0.34,0.21,0.14,0.31,,,,,
3507,14364672,5294,39702.046785933926,25329.46561456354,6.53,3020.27,-0.0005050413237768225,4277.62379693985,0.38596543320454657,4.370654208e-06,0.94882464,3.9,0.35,0.21,0.14,0.3,,,,,
3508,14368768,5295,39333.79405838686,25118.16280489541,6.51,3001.58,-0.0008820011835268815,5384.344259023666,0.4223234921810217,4.369048576e-06,0.96597844,3.9,0.35,0.21,0.14,0.3,,,,,
3509,14372864,5298,38375.7782981324,24519.567808297477,6.44,2952.59,-0.00010141380607819883,13256.669753670692,0.35786762862699106,4.367442944e-06,0.96126366,3.88,0.35,0.22,0.13,0.3,,,,,
3510,14376960,5300,37190.169143142055,23795.76597007303,6.42,2861.67,-0.00016605251585133374,11668.060014247894,0.41041583358310163,4.3658373120000004e-06,0.97486365,3.96,0.33,0.22,0.14,0.31,,,,,
3511,14381056,5301,36909.565365124734,23612.568294247616,6.4,2844.76,-0.0003718531042977702,3142.3712644577026,0.39458401437150314,4.36423168e-06,0.97538024,3.96,0.33,0.22,0.14,0.31,,,,,
3512,14385152,5302,37338.568816851155,23896.228532122746,6.44,2862.2,-0.00035965389906778,6867.304917812347,0.3751485807588324,4.362626048e-06,0.9833639,3.98,0.32,0.23,0.14,0.31,,,,,
3513,14389248,5302,37338.568816851155,23896.228532122746,6.44,2862.2,-0.00037098756183695514,2216.508451759815,0.329390897473786,4.361020416e-06,0.9836233,3.98,0.32,0.23,0.14,0.31,,,,,
3514,14393344,5303,37900.672344597864,24257.174209795514,6.48,2902.31,-0.00019233146031183423,15099.048538804054,0.3543745512724854,4.359414784e-06,0.916141,3.98,0.32,0.23,0.14,0.31,,,,,
3515,14397440,5305,37752.09736282462,24135.36197086001,6.46,2910.57,-0.0002211638447988662,9497.461671471596,0.41787292569642887,4.357809152e-06,0.97744983,3.95,0.33,0.22,0.14,0.31,,,,,
3516,14401536,5306,37772.7278482021,24148.678912666903,6.47,2910.97,-0.0009416073753527598,5479.963181972504,0.3907049837289378,4.35620352e-06,0.96430945,3.96,0.33,0.22,0.13,0.32,,,,,
3517,14405632,5307,38668.137646457035,24717.297720184783,6.52,2975.2,-0.0005396897940954659,8079.038840055466,0.3803727047634311,4.354597888e-06,0.9772551,3.94,0.34,0.21,0.13,0.32,,,,,
3518,14409728,5309,38655.847364273206,24707.43321492307,6.51,2976.98,-0.00036244668535800884,4370.5765662789345,0.4831656900350936,4.352992256e-06,0.9348663,3.93,0.34,0.21,0.13,0.32,,,,,
3519,14413824,5310,38000.51426768597,24303.405593864154,6.48,2934.95,-0.0006175812704896089,3558.695963740349,0.4423821128439158,4.351386624e-06,0.95956486,3.94,0.34,0.2,0.14,0.32,,,,,
3520,14417920,5310,38000.51426768597,24303.405593864154,6.48,2934.95,-0.0003380998368811561,5100.638706088066,0.383972511976026,4.349780992e-06,0.97992146,3.94,0.34,0.2,0.14,0.32,,,,,
3521,14422016,5312,39164.76729541369,25043.197088803103,6.55,2999.28,-0.0002660178997757612,7160.024304151535,0.3838352597958874,4.34817536e-06,0.97996634,3.95,0.34,0.2,0.14,0.32,,,,,
3522,14426112,5313,39649.01013276211,25340.35056388949,6.55,3032.64,-0.00020759313429152826,6920.699173212051,0.33954711607657373,4.346569728000001e-06,0.9723562,3.92,0.34,0.2,0.15,0.31,,,,,
3523,14430208,5314,39492.95795345911,25214.869610318387,6.5,3043.11,-0.00024348807710339315,8993.160623192787,0.4013623511127662,4.344964096e-06,0.96018374,3.85,0.35,0.2,0.15,0.3,,,,,
3524,14434304,5316,39704.78048439706,25331.3878512722,6.52,3056.23,-0.0003285616221546661,2829.2180811166763,0.35105728029157035,4.343358464e-06,0.97406316,3.85,0.35,0.2,0.15,0.3,,,,,
3525,14438400,5318,38923.110233551335,24822.392208457128,6.46,3010.34,-0.0006895800570418942,3423.0217247009277,0.4308499331527855,4.341752832e-06,0.85863334,3.84,0.35,0.21,0.14,0.3,45088.71063262152,28893.5764079241,7.433333333333334,3143.6,0.06666666666666667
3526,14442496,5320,38181.04479470837,24332.592471042575,6.33,2983.07,-0.0006810985378251644,4165.142066121101,0.41461594199063256,4.3401471999999994e-06,0.8912973,3.72,0.37,0.21,0.13,0.29,,,,,
3527,14446592,5321,38297.16390227689,24386.238822514704,6.32,2997.66,-0.00028799975916626863,5820.167720317841,0.41746570568648167,4.338541568000001e-06,0.9743604,3.69,0.38,0.21,0.12,0.29,,,,,
3528,14450688,5322,38791.53288108156,24733.414941097555,6.38,3017.12,-0.00026160515244555427,18272.161769866943,0.35089778873953037,4.336935936000001e-06,0.9819879,3.73,0.38,0.21,0.11,0.3,,,,,
3529,14454784,5323,38073.96573091499,24293.24221734401,6.35,2971.98,-0.00038159460746101104,4519.879666149616,0.4057599422230851,4.3353303040000005e-06,0.95119464,3.75,0.37,0.22,0.11,0.3,,,,,
3530,14458880,5325,38249.07765051939,24357.016643540017,6.26,3002.31,-0.0003709278826136142,3261.9198385477066,0.36935055803041905,4.333724671999999e-06,0.97258633,3.62,0.38,0.23,0.11,0.28,,,,,
3531,14462976,5326,37650.102746450524,23962.64321812016,6.22,2974.61,-0.000565450365684228,2792.892946243286,0.3937773695215583,4.332119040000001e-06,0.97168064,3.6,0.39,0.22,0.11,0.28,,,,,
3532,14467072,5327,38186.622106809205,24297.226507031453,6.23,3002.37,-0.0004979064851795556,13073.21020913124,0.36299123245407827,4.330513408000001e-06,0.9736372,3.58,0.39,0.22,0.11,0.28,,,,,
3533,14471168,5328,37053.93178897924,23586.506547548277,6.16,2939.26,-0.00020069298443559092,8142.2906839847565,0.40259500563843176,4.3289077760000004e-06,0.9370961,3.58,0.39,0.22,0.11,0.28,,,,,
3534,14475264,5329,37675.56049787797,23972.572195045155,6.16,2977.43,-0.0003158936906402232,10026.613526821136,0.3433101483969949,4.327302144e-06,0.9809096,3.54,0.39,0.22,0.12,0.27,,,,,
3535,14479360,5331,37765.12532857653,24021.46733361504,6.16,2982.74,-0.00028344785459921695,2011.0014251470566,0.3583255262346938,4.325696512000001e-06,0.9756635,3.53,0.38,0.23,0.12,0.27,,,,,
3536,14483456,5331,37765.12532857653,24021.46733361504,6.16,2982.74,-0.00015849355258978903,10735.290478467941,0.31892850005533546,4.324090880000001e-06,0.98545176,3.53,0.38,0.23,0.12,0.27,,,,,
3537,14487552,5334,37745.94892927137,23976.066425345973,6.12,3009.43,-0.0007381199748124345,11137.64609014988,0.3844400346861221,4.322485248e-06,0.93652546,3.45,0.39,0.23,0.12,0.26,,,,,
3538,14491648,5336,37519.89743252081,23846.65435068419,6.13,2986.15,-0.0006243998295758502,4595.541462302208,0.4189062734367326,4.320879616e-06,0.90437263,3.48,0.38,0.23,0.13,0.26,,,,,
3539,14495744,5338,37354.02514731464,23710.132494523157,6.09,2987.02,-0.0002201759307354223,10399.450926542282,0.38389020919566974,4.319273984000001e-06,0.97483563,3.43,0.39,0.23,0.12,0.26,,,,,
3540,14499840,5340,36899.37105711544,23439.083809580934,6.08,2957.65,-0.0002629494529173826,8027.639138579369,0.38731215574080124,4.3176683520000006e-06,0.9794795,3.46,0.39,0.22,0.12,0.27,,,,,
3541,14503936,5341,37310.65972501223,23686.346026630406,6.09,2995.2,-0.00024256653250631643,5188.774921417236,0.47182766627520323,4.31606272e-06,0.9223121,3.43,0.4,0.22,0.11,0.27,,,,,
3542,14508032,5342,37005.27633028573,23453.92484903179,6.04,2988.76,-0.00032719416503823595,4701.298910856247,0.36505392406252213,4.314457088e-06,0.99081886,3.39,0.4,0.22,0.12,0.26,,,,,
3543,14512128,5343,37366.576910690215,23702.09344057541,6.08,2997.26,-0.0003224419042453519,13703.69945859909,0.38180618645856157,4.312851456e-06,0.96003836,3.43,0.39,0.22,0.13,0.26,,,,,
3544,14516224,5345,36278.66463133908,23038.47720684841,6.03,2927.03,-0.0002023527576966444,5703.188056230545,0.3918424411676824,4.3112458240000005e-06,0.8865617,3.45,0.39,0.21,0.14,0.26,,,,,
3545,14520320,5346,36409.89992229074,23126.13147992271,6.04,2938.97,-0.0004865681812589173,6854.472904086113,0.39537103642942384,4.309640192e-06,0.9765758,3.45,0.39,0.21,0.14,0.26,,,,,
3546,14524416,5347,36865.62848632993,23413.167202255805,6.09,2951.45,-0.0004407082369652926,10873.181183815002,0.31446333351777866,4.30803456e-06,0.97969306,3.49,0.38,0.21,0.15,0.26,,,,,
3547,14528512,5351,36844.830190435314,23387.12858492031,5.96,2960.48,-0.00030765784686082043,4548.42714035511,0.4591222601593472,4.306428928e-06,0.749728,3.35,0.39,0.21,0.17,0.23,,,,,
3548,14532608,5351,36844.830190435314,23387.12858492031,5.96,2960.48,-0.00016554774811083917,6010.073561131954,0.3567142359679565,4.3048232960000005e-06,0.9750803,3.35,0.39,0.21,0.17,0.23,,,,,
3549,14536704,5354,36996.22364081428,23479.112789692357,6.01,2974.62,-0.0006705782470817212,5519.4106840491295,0.38013812352437526,4.303217664e-06,0.9656652,3.38,0.4,0.2,0.16,0.24,,,,,
3550,14540800,5357,36816.40081950193,23398.317816201103,6.02,2962.45,-0.000229313773161266,5478.0245242118835,0.3803256272803992,4.301612032e-06,0.96021706,3.41,0.4,0.18,0.18,0.24,37888.743623897746,24198.308720348134,6.933333333333334,2708.9333333333334,0.13333333333333333
3551,14544896,5358,36450.161877627674,23188.400725403415,6.03,2924.71,-0.0001562695761094801,10711.043716907501,0.3343927061359864,4.3000064e-06,0.9862344,3.46,0.39,0.18,0.18,0.25,,,,,
3552,14548992,5362,35114.370885203,22332.057115707536,5.98,2825.82,-0.001065229489995545,5414.722763419151,0.4412496635923162,4.2984007680000005e-06,0.90052164,3.52,0.38,0.17,0.2,0.25,,,,,
3553,14553088,5363,35717.96742652057,22724.860108895315,6.03,2860.1,-0.00013815544843964744,15176.439447879791,0.34660197037737817,4.296795136e-06,0.9602429,3.54,0.37,0.18,0.2,0.25,,,,,
3554,14557184,5363,35717.96742652057,22724.860108895315,6.03,2860.1,-0.0006468518668043544,3101.625692009926,0.39433101896429434,4.295189504e-06,0.98850596,3.54,0.37,0.18,0.2,0.25,,,,,
3555,14561280,5364,36782.75511171876,23377.156771806072,6.09,2927.9,-0.00018521966740081552,7657.574922323227,0.3907992399763316,4.293583872e-06,0.9833875,3.53,0.37,0.18,0.2,0.25,,,,,
3556,14565376,5366,36256.258747373795,23040.885559700433,6.06,2889.05,-0.0002226494143542368,8221.577685594559,0.37412623249110766,4.29197824e-06,0.9737929,3.54,0.37,0.18,0.2,0.25,,,,,
3557,14569472,5368,36596.45030805552,23282.74251391561,6.1,2895.4,-0.00022343179261952173,19292.116218090057,0.3614504012512043,4.290372608e-06,0.9714458,3.58,0.38,0.16,0.2,0.26,,,,,
3558,14573568,5369,35564.349721900086,22670.479220176276,6.09,2823.88,-0.00015714127584942617,11448.784408092499,0.32296311628306285,4.288766976e-06,0.98065704,3.64,0.37,0.16,0.2,0.27,,,,,
3559,14577664,5370,34980.801443735996,22327.41497082958,6.09,2775.33,-0.0009703802620606439,7553.544466495514,0.41076159104704857,4.287161344e-06,0.9186507,3.69,0.36,0.16,0.2,0.28,,,,,
3560,14581760,5373,34862.20420058207,22207.130883715803,6.07,2777.18,-9.283762483391911e-05,22241.42918395996,0.4052227214560844,4.2855557119999995e-06,0.83812046,3.66,0.36,0.16,0.21,0.27,,,,,
3561,14585856,5374,34893.21829026042,22233.21980627503,6.12,2780.98,-0.00026383250406070147,10327.185869336128,0.44332986761583015,4.28395008e-06,0.9680638,3.71,0.36,0.16,0.2,0.28,,,,,
3562,14589952,5376,34429.725309369576,21877.312258200156,6.02,2772.9,-0.00017855747046269244,7270.771058797836,0.3895214876974933,4.282344448e-06,0.82116723,3.62,0.37,0.16,0.21,0.26,,,,,
3563,14594048,5377,35144.81856868122,22328.79551558722,6.05,2818.79,-0.00020571040840877686,9184.61333823204,0.3724662535241805,4.280738816e-06,0.978086,3.6,0.37,0.17,0.2,0.26,,,,,
3564,14598144,5378,35279.733540357316,22400.79491667506,6.06,2828.37,-0.00026135937241633656,5283.552163004875,0.3665553930622991,4.2791331839999995e-06,0.9396252,3.6,0.37,0.17,0.2,0.26,,,,,
3565,14602240,5378,35279.733540357316,22400.79491667506,6.06,2828.37,-0.0003058175425394438,5134.773228764534,0.30592944149975665,4.277527552000001e-06,0.9885365,3.6,0.37,0.17,0.2,0.26,,,,,
3566,14606336,5379,36444.6955388623,23152.79766439314,6.13,2897.84,-0.00027445908290246734,17897.127428770065,0.32573755891644396,4.275921920000001e-06,0.9684688,3.6,0.37,0.17,0.2,0.26,,,,,
3567,14610432,5380,36339.62760913185,23073.030317034063,6.11,2902.01,-0.0004312923974794103,5867.820185542107,0.3973146384523716,4.274316288e-06,0.9569063,3.57,0.38,0.17,0.19,0.26,,,,,
3568,14614528,5381,36574.6120764988,23225.659427665392,6.12,2924.56,-0.0008032293480937369,4412.44319152832,0.3916655766661279,4.2727106559999995e-06,0.952503,3.55,0.39,0.16,0.19,0.26,,,,,
3569,14618624,5384,35921.4066501946,22837.56650168889,6.06,2892.32,-0.00021848950018465985,12605.385255336761,0.4017655198695138,4.271105024000001e-06,0.9428119,3.54,0.39,0.17,0.18,0.26,,,,,
3570,14622720,5385,35933.23240320037,22864.396795675108,6.09,2877.51,-0.00021657921206497122,9794.18244600296,0.3869784299749881,4.269499392000001e-06,0.9824607,3.59,0.38,0.17,0.18,0.27,,,,,
3571,14626816,5386,35359.557160030046,22474.92094825622,6.06,2848.68,-0.0009563170333422022,3100.7571887373924,0.40872483898419887,4.2678937600000005e-06,0.96572983,3.59,0.38,0.17,0.18,0.27,,,,,
3572,14630912,5387,35803.42951069562,22725.75425898823,6.08,2881.88,-0.0004248921413818607,1902.294445693493,0.3418310760753229,4.266288128e-06,0.9870683,3.57,0.39,0.16,0.18,0.27,,,,,
3573,14635008,5389,35773.12032921054,22706.56444228477,6.09,2878.6,-0.00044747014635504456,5024.101370334625,0.37932479986920953,4.264682496000001e-06,0.9656018,3.58,0.39,0.16,0.18,0.27,,,,,
3574,14639104,5390,35745.77000656722,22686.20716375344,6.09,2875.66,-0.00023050419986248016,5366.481278657913,0.38506993738701567,4.263076864000001e-06,0.9718667,3.58,0.39,0.16,0.18,0.27,,,,,
3575,14643200,5392,35645.818168741636,22657.337053977597,6.15,2856.74,-0.000417527332501777,5800.315387368202,0.3926549862953834,4.2614712320000004e-06,0.97504485,3.66,0.38,0.15,0.19,0.28,30051.266999094074,19422.353839418112,6.766666666666667,2431.9,0.03333333333333333
3576,14647296,5392,35645.818168741636,22657.337053977597,6.15,2856.74,-0.00028925536389579065,8451.97886967659,0.34906774331466295,4.2598656e-06,0.9792603,3.66,0.38,0.15,0.19,0.28,,,,,
3577,14651392,5394,36064.94624448344,22926.864644087687,6.17,2875.86,-0.00041199532643076964,2170.6773961782455,0.3493963814980816,4.258259968e-06,0.89222354,3.67,0.37,0.16,0.19,0.28,,,,,
3578,14655488,5395,36188.30637352273,23008.73730803195,6.18,2880.39,-0.000416277212480054,5854.478312253952,0.3799997199967038,4.256654336000001e-06,0.9801146,3.67,0.37,0.16,0.19,0.28,,,,,
3579,14659584,5396,36075.64949697487,22947.044825939418,6.17,2871.99,-0.00037086923111928627,4146.397668361664,0.3724831032741349,4.255048704e-06,0.8937756,3.67,0.37,0.16,0.19,0.28,,,,,
3580,14663680,5398,36520.71126202328,23162.694040684677,6.14,2915.46,-0.0005341086180123966,1665.306581914425,0.3754551342281047,4.253443072e-06,0.9803726,3.59,0.38,0.16,0.19,0.27,,,,,
3581,14667776,5398,36520.71126202328,23162.694040684677,6.14,2915.46,-0.0002015471582126338,8365.797237038612,0.3295325832150411,4.25183744e-06,0.9846379,3.59,0.38,0.16,0.19,0.27,,,,,
3582,14671872,5401,36671.641297874674,23249.55257853914,6.16,2916.88,-0.0003177098769810982,5873.456128418446,0.4077318928320892,4.250231808000001e-06,0.9771871,3.61,0.38,0.16,0.19,0.27,,,,,
3583,14675968,5402,36235.59840176953,22956.938842649328,6.12,2897.44,-0.0009473356776652508,2047.4589145183563,0.41775532061001286,4.248626176e-06,0.98323196,3.59,0.39,0.15,0.19,0.27,,,,,
3584,14680064,5403,36149.584975406586,22886.19674313419,6.13,2876.15,-0.0003518088406053721,4413.679779291153,0.3641183895524591,4.247020544e-06,0.98749,3.62,0.38,0.15,0.2,0.27,,,,,
3585,14684160,5405,36188.93981156367,22933.650325305727,6.14,2868.45,-0.0002028582057391759,11387.902581095695,0.37351790463435464,4.245414912e-06,0.9671899,3.64,0.37,0.15,0.22,0.26,,,,,
3586,14688256,5407,35533.72523807633,22515.576284663657,6.08,2833.76,-0.0008412728957409854,3151.952529191971,0.38421387056587264,4.2438092800000006e-06,0.9708299,3.62,0.37,0.15,0.23,0.25,,,,,
3587,14692352,5409,35812.118205347426,22698.151303805964,6.14,2837.12,-0.0002633453768794425,10162.517115831375,0.40396933097508736,4.242203648e-06,0.97835594,3.68,0.36,0.14,0.25,0.25,,,,,
3588,14696448,5411,34706.78837316862,21971.72546160066,6.06,2772.49,-0.0004361010824140976,1874.155052959919,0.3810347037797328,4.240598016e-06,0.97396696,3.67,0.36,0.15,0.24,0.25,,,,,
3589,14700544,5414,33492.58836430351,21202.725061028308,6.01,2687.59,-0.0005369438804336824,5781.105549097061,0.4250479819602333,4.238992384e-06,0.94690645,3.71,0.35,0.15,0.24,0.26,,,,,
3590,14704640,5414,33492.58836430351,21202.725061028308,6.01,2687.59,-0.00034914362731797155,4858.304194808006,0.31965049024438486,4.2373867520000005e-06,0.9801741,3.71,0.35,0.15,0.24,0.26,,,,,
3591,14708736,5415,34388.39610351968,21744.67616409936,5.99,2751.67,-0.00029076031296426663,4246.6830068826675,0.3903333632624708,4.23578112e-06,0.9788374,3.62,0.36,0.15,0.24,0.25,,,,,
3592,14712832,5417,34416.39067754151,21801.701879056567,6.08,2740.76,-0.00033844521385617554,6883.533268272877,0.39849613126716577,4.234175488e-06,0.9677812,3.72,0.34,0.16,0.24,0.26,,,,,
3593,14716928,5417,34416.39067754151,21801.701879056567,6.08,2740.76,-0.0003727686362253735,4822.150840640068,0.3634555119788274,4.232569856e-06,0.9837217,3.72,0.34,0.16,0.24,0.26,,,,,
3594,14721024,5419,35122.546615797655,22246.788718678694,6.12,2786.07,-0.00040703850845602574,4791.870864510536,0.3799232083838433,4.230964224e-06,0.973451,3.71,0.34,0.16,0.24,0.26,,,,,
3595,14725120,5422,34326.640869039045,21724.02872130092,6.06,2742.31,-0.00044441728095989674,4961.680730223656,0.39153967919992283,4.229358592e-06,0.92050236,3.7,0.33,0.16,0.26,0.25,,,,,
3596,14729216,5422,34326.640869039045,21724.02872130092,6.06,2742.31,-0.0001501923761679791,5094.535231471062,0.347539304260863,4.22775296e-06,0.9830575,3.7,0.33,0.16,0.26,0.25,,,,,
3597,14733312,5424,34480.758817632326,21830.34345065807,6.06,2753.85,-9.83966911007883e-05,30756.79529750347,0.4430645680986345,4.226147328e-06,0.12313002,3.69,0.33,0.16,0.26,0.25,,,,,
3598,14737408,5425,34543.691967758125,21869.052468955346,6.06,2761.28,-0.000331009667206672,5662.180915474892,0.34899729845346883,4.224541696e-06,0.95729816,3.68,0.34,0.15,0.26,0.25,,,,,
3599,14741504,5425,34543.691967758125,21869.052468955346,6.06,2761.28,-0.0002397865218881634,5188.029028177261,0.315240941621596,4.222936064e-06,0.98826635,3.68,0.34,0.15,0.26,0.25,,,,,
3600,14745600,5428,34927.259521037566,22119.232335537457,6.14,2769.56,-0.00013605597996502183,26897.72008705139,0.3928360438439995,4.221330432e-06,0.95919305,3.76,0.32,0.16,0.26,0.26,37343.92566880454,24436.77646485548,6.866666666666666,2646.366666666667,0.13333333333333333
3601,14749696,5429,34139.54609449897,21627.61914751265,6.13,2725.29,-0.0004741619541164255,4449.527153909206,0.42189562640851364,4.2197248e-06,0.93274975,3.8,0.32,0.16,0.25,0.27,,,,,
3602,14753792,5430,34438.844176643935,21815.237647496368,6.11,2756.98,-0.00023567019297843217,7021.931450247765,0.35406570628401823,4.2181191679999996e-06,0.9732264,3.74,0.33,0.16,0.25,0.26,,,,,
3603,14757888,5431,34621.15439088883,21938.066098385923,6.13,2764.96,-0.0002947825105366064,4058.349932014942,0.35122306473203935,4.216513536000001e-06,0.9710877,3.75,0.33,0.15,0.26,0.26,,,,,
3604,14761984,5432,34510.7825356098,21852.006850140533,6.12,2766.7,-0.00023275449166249018,5982.361893236637,0.36831230635289103,4.214907904e-06,0.9777918,3.74,0.34,0.14,0.26,0.26,,,,,
3605,14766080,5434,34492.38838273697,21838.903858827358,6.08,2766.36,-0.0004228008856443921,5874.656099677086,0.44869002379709855,4.213302272e-06,0.71435595,3.7,0.34,0.14,0.27,0.25,,,,,
3606,14770176,5435,34841.52883301867,22058.78130921006,6.1,2798.47,-0.0005552264956349973,11923.253323793411,0.36584930945537053,4.2116966399999995e-06,0.81895864,3.69,0.35,0.13,0.27,0.25,,,,,
3607,14774272,5435,34841.52883301867,22058.78130921006,6.1,2798.47,-0.000383778023206105,11320.573625087738,0.3520289062289521,4.210091008000001e-06,0.94954324,3.69,0.35,0.13,0.27,0.25,,,,,
3608,14778368,5436,35951.968566424155,22733.744887834884,6.14,2872.97,-0.0002958894401672296,4071.7558459043503,0.35994062092504464,4.208485376000001e-06,0.9865365,3.65,0.36,0.13,0.26,0.25,,,,,
3609,14782464,5437,35850.91425265108,22663.60264318302,6.13,2865.15,-0.0007255951441038633,26509.891155958176,0.3785104780108668,4.2068797440000005e-06,0.77681243,3.65,0.36,0.13,0.26,0.25,,,,,
3610,14786560,5438,36616.56844875569,23152.05522314656,6.15,2919.22,-0.00010145730630028993,16294.647640228271,0.3498289344715886,4.205274112e-06,0.96266246,3.61,0.36,0.14,0.26,0.24,,,,,
3611,14790656,5439,35959.21549059824,22725.781652136986,6.11,2886.47,-0.0005038335184508469,2564.734473824501,0.42234369163634256,4.203668479999999e-06,0.9492188,3.6,0.36,0.14,0.27,0.23,,,,,
3612,14794752,5442,35754.594738566004,22622.739526074274,6.1,2869.81,-0.0003290525346528739,9633.292073130608,0.3974993731244467,4.202062848000001e-06,0.89021486,3.6,0.36,0.14,0.27,0.23,,,,,
3613,14798848,5443,35541.128929759434,22452.207169666184,6.07,2868.92,-0.0004242573013470974,4289.978065371513,0.4058607019542251,4.2004572160000005e-06,0.97066945,3.56,0.37,0.14,0.26,0.23,,,,,
3614,14802944,5443,35541.128929759434,22452.207169666184,6.07,2868.92,-0.0002767601417872356,7335.230100870132,0.30957723190658726,4.198851584e-06,0.97827244,3.56,0.37,0.14,0.26,0.23,,,,,
3615,14807040,5446,36010.584079261076,22743.750597320945,6.14,2887.5,-0.0001164381928902003,13561.37506365776,0.42202029057079926,4.197245952e-06,0.5862844,3.62,0.35,0.16,0.25,0.24,,,,,
3616,14811136,5447,35416.959177446064,22388.115837550926,6.11,2857.45,-0.00020249883891665377,4877.1562740802765,0.4234878784045577,4.195640320000001e-06,0.96539557,3.62,0.35,0.16,0.25,0.24,,,,,
3617,14815232,5447,35416.959177446064,22388.115837550926,6.11,2857.45,-0.00041521388629917055,7103.59851539135,0.38130295468727127,4.1940346880000005e-06,0.98278165,3.62,0.35,0.16,0.25,0.24,,,,,
3618,14819328,5449,36387.00953957118,22984.864238353086,6.19,2916.86,-0.0003625336830737069,6648.474447607994,0.3613615334033966,4.192429056e-06,0.9799119,3.64,0.35,0.16,0.24,0.25,,,,,
3619,14823424,5450,36743.67826700599,23198.256163649345,6.2,2947.75,-0.00029225628213680466,8819.588248491287,0.3616472661087755,4.190823424e-06,0.9642372,3.61,0.36,0.16,0.23,0.25,,,,,
3620,14827520,5452,36460.17942434027,23070.272701470694,6.28,2916.02,-0.00018592826927488204,10534.084769248962,0.39246656582690775,4.189217792000001e-06,0.91708094,3.73,0.34,0.16,0.23,0.27,,,,,
3621,14831616,5455,36287.29042685064,22964.541950457868,6.25,2917.4,-0.0001835632638176321,14409.38490819931,0.45479444309603423,4.1876121600000004e-06,0.9427743,3.69,0.35,0.16,0.22,0.27,,,,,
3622,14835712,5456,36741.69254694713,23250.085550844567,6.28,2947.9,-0.0001928771107486682,5983.549828231335,0.35117709686164744,4.186006528e-06,0.97897464,3.69,0.35,0.16,0.22,0.27,,,,,
3623,14839808,5456,36741.69254694713,23250.085550844567,6.28,2947.9,-0.0001606032055860851,52931.04036617279,0.30474145023617893,4.184400896e-06,0.97946906,3.69,0.35,0.16,0.22,0.27,,,,,
3624,14843904,5458,37195.07486266315,23531.101563170498,6.26,2967.71,-0.0003085014541284181,4051.716708779335,0.4318546057329513,4.182795264000001e-06,0.9528573,3.65,0.35,0.17,0.22,0.26,,,,,
3625,14848000,5458,37195.07486266315,23531.101563170498,6.26,2967.71,-0.00047482298032264225,2552.2483291625977,0.3147361354494933,4.181189632e-06,0.99232125,3.65,0.35,0.17,0.22,0.26,48400.36185348225,31349.290427341482,7.666666666666667,3380.8333333333335,0.13333333333333333
3626,14852096,5459,38140.22968763471,24108.38421334256,6.3,3035.53,-0.00016794062230474083,60297.27960062027,0.36907637637341395,4.179584e-06,0.8793184,3.62,0.36,0.17,0.21,0.26,,,,,
3627,14856192,5463,38073.3252011171,24092.108258303386,6.33,3019.32,-0.00013442051658785203,17680.858891248703,0.3766944548115134,4.177978368e-06,0.93469024,3.67,0.36,0.16,0.21,0.27,,,,,
3628,14860288,5465,37157.666812963194,23521.218511958585,6.26,2972.58,-0.00026327989144192543,6133.256067276001,0.35821056287386455,4.1763727360000006e-06,0.9633101,3.64,0.37,0.15,0.21,0.27,,,,,
3629,14864384,5467,37012.92096779072,23435.731777881632,6.33,2957.7,-0.00032591672425041907,17736.79568004608,0.36460035032359883,4.174767104e-06,0.97831255,3.73,0.36,0.15,0.21,0.28,,,,,
3630,14868480,5468,37327.56940119202,23632.66624446473,6.36,2985.0,-0.00035327110526850447,7005.502065896988,0.4602713629719801,4.173161472e-06,0.9668824,3.73,0.36,0.15,0.21,0.28,,,,,
3631,14872576,5469,37495.94224472467,23733.617567412344,6.36,2993.9,-0.00019444381359789986,10544.517874002457,0.3827373911626637,4.17155584e-06,0.98020405,3.72,0.36,0.15,0.21,0.28,,,,,
3632,14876672,5472,36898.02750155016,23334.822214530086,6.21,2960.11,-0.0005346980306057958,1463.0101402401924,0.4025559152069036,4.169950208e-06,0.9275365,3.6,0.37,0.16,0.21,0.26,,,,,
3633,14880768,5474,37055.7278637709,23436.121044090916,6.18,2974.65,-0.0002495747794455383,7811.289365172386,0.4177532632602379,4.168344576e-06,0.9147756,3.55,0.37,0.17,0.2,0.26,,,,,
3634,14884864,5475,36655.93893056953,23187.5715133887,6.13,2958.29,-0.0004416088977450272,3800.635806918144,0.3686684867425356,4.166738944e-06,0.9268601,3.51,0.38,0.17,0.19,0.26,,,,,
3635,14888960,5476,36745.820808007884,23247.91687482028,6.14,2965.47,-0.0008662034033477539,3707.0253435969353,0.3897254161420278,4.165133312e-06,0.96577966,3.51,0.38,0.17,0.19,0.26,,,,,
3636,14893056,5476,36745.820808007884,23247.91687482028,6.14,2965.47,-0.00027104750097350916,11475.467157125473,0.34976869460660964,4.16352768e-06,0.97869325,3.51,0.38,0.17,0.19,0.26,,,,,
3637,14897152,5479,35786.99507639397,22682.424385549166,6.16,2904.29,-0.0002834461720340187,11302.78113746643,0.38712671599932946,4.161922048e-06,0.9280688,3.59,0.38,0.15,0.19,0.28,,,,,
3638,14901248,5481,35478.354951048415,22484.99857711719,6.16,2874.44,-0.0005764081406596233,5805.811020851135,0.4722122275852598,4.160316416e-06,0.97200584,3.63,0.37,0.15,0.2,0.28,,,,,
3639,14905344,5481,35478.354951048415,22484.99857711719,6.16,2874.44,-0.00020561006203934085,6656.0986713171005,0.3738635112531483,4.158710784e-06,0.9806929,3.63,0.37,0.15,0.2,0.28,,,,,
3640,14909440,5484,36058.85787422213,22852.718140571225,6.21,2904.1,-0.00036518283741315827,8432.988854646683,0.4400959810009226,4.157105152e-06,0.969599,3.65,0.36,0.16,0.2,0.28,,,,,
3641,14913536,5485,35813.48518597565,22685.46497651244,6.17,2900.85,-0.00038526037860719953,5687.505869150162,0.3991734573501162,4.155499520000001e-06,0.9559122,3.61,0.36,0.17,0.2,0.27,,,,,
3642,14917632,5487,35732.26464529843,22660.588763303793,6.18,2887.61,-0.00013836764173902338,10486.754647374153,0.39483679065597244,4.153893888e-06,0.9691266,3.64,0.35,0.18,0.2,0.27,,,,,
3643,14921728,5487,35732.26464529843,22660.588763303793,6.18,2887.61,-0.00010479067714186385,9559.695868611336,0.34852237364975736,4.152288256e-06,0.9887562,3.64,0.35,0.18,0.2,0.27,,,,,
3644,14925824,5488,36224.8866582797,22993.96047487502,6.23,2894.51,-0.0006971020138735184,16927.540330171585,0.32975212365272455,4.1506826239999996e-06,0.96820766,3.69,0.34,0.18,0.2,0.28,,,,,
3645,14929920,5490,36359.02976736531,23090.632719284775,6.26,2903.07,-0.00033899253685376607,11935.580294966698,0.3703126886393875,4.149076992000001e-06,0.960695,3.71,0.34,0.18,0.2,0.28,,,,,
3646,14934016,5491,36500.97582690735,23179.63512901082,6.27,2912.32,-0.000418065660596767,3722.8464854955673,0.383875630737748,4.147471360000001e-06,0.963226,3.71,0.34,0.18,0.2,0.28,,,,,
3647,14938112,5493,36136.88582067958,22946.36908032185,6.2,2895.38,-0.0005908144139539218,11693.750997066498,0.43131815749802627,4.145865728000001e-06,0.94499475,3.66,0.34,0.19,0.2,0.27,,,,,
3648,14942208,5494,36167.86686556934,22961.078032348127,6.21,2895.23,-0.0005110296315251617,2167.81963044405,0.35088523049489595,4.144260096e-06,0.9775246,3.67,0.33,0.2,0.2,0.27,,,,,
3649,14946304,5495,36243.72174784487,22996.719320286786,6.21,2902.8,-0.0007117868299246766,7872.566567063332,0.391419264691649,4.142654463999999e-06,0.9815017,3.67,0.33,0.2,0.2,0.27,,,,,
3650,14950400,5496,36564.03984506999,23210.80004410083,6.26,2911.92,-0.0002679012086446164,5211.398148536682,0.39725120057119057,4.141048832000001e-06,0.9769174,3.71,0.32,0.2,0.21,0.27,33994.674621859536,21655.475046556283,6.8,2568.5,0.1
3651,14954496,5498,36290.029486084095,23065.610649263308,6.28,2887.67,-0.00024088758618745487,2764.527179658413,0.34328046935843304,4.1394432000000006e-06,0.9499971,3.76,0.31,0.2,0.21,0.28,,,,,
3652,14958592,5499,35612.40472210714,22622.909149073967,6.22,2861.6,-0.00021138495685590897,9867.208996534348,0.31434125333908014,4.137837568e-06,0.9727724,3.72,0.32,0.2,0.2,0.28,,,,,
3653,14962688,5500,36689.77389089811,23336.06082632461,6.27,2912.44,-0.00010935678210444166,52429.546707868576,0.32252806291216984,4.136231936e-06,0.9674363,3.72,0.32,0.2,0.2,0.28,,,,,
3654,14966784,5503,36039.68138837871,22958.089419706303,6.23,2871.79,-0.0004313357512728544,6316.409044981003,0.4279509293846786,4.134626304000001e-06,0.92745715,3.72,0.32,0.2,0.2,0.28,,,,,
3655,14970880,5505,36015.132520897496,22931.62894961017,6.28,2866.69,-4.197915768600069e-05,133856.08665585518,0.31320977633004077,4.1330206720000005e-06,0.7279316,3.78,0.32,0.2,0.18,0.3,,,,,
3656,14974976,5505,36015.132520897496,22931.62894961017,6.28,2866.69,-0.000511573374751606,3039.5132173895836,0.369238088169368,4.13141504e-06,0.9721303,3.78,0.32,0.2,0.18,0.3,,,,,
3657,14979072,5506,37087.874197813544,23613.231556625225,6.34,2926.41,-9.465475523029454e-05,21927.11854171753,0.3358050285896752,4.129809408e-06,0.9716543,3.78,0.32,0.2,0.18,0.3,,,,,
3658,14983168,5507,37048.231952295086,23611.134725217264,6.35,2923.45,-0.0003473458182270406,7413.465781211853,0.373318391648354,4.128203776000001e-06,0.94268364,3.79,0.32,0.2,0.18,0.3,,,,,
3659,14987264,5508,37764.59063256925,24054.797418521663,6.38,2979.87,-0.0002637008401507046,5388.655346751213,0.3876912199193612,4.1265981440000005e-06,0.9802103,3.76,0.33,0.2,0.17,0.3,,,,,
3660,14991360,5510,37298.361689533114,23753.82550178946,6.34,2952.2,-0.0006562530725204851,2836.2708327770233,0.3797540520899929,4.124992512e-06,0.9671999,3.74,0.33,0.2,0.17,0.3,,,,,
3661,14995456,5511,37686.799457401794,24016.46786372073,6.37,2977.45,-0.0001590659257999505,9018.708007335663,0.36175040344824083,4.12338688e-06,0.9743007,3.74,0.33,0.2,0.17,0.3,,,,,
3662,14999552,5512,38196.96738126689,24332.85639053141,6.37,3020.21,-0.0003746828688235837,7395.230946302414,0.35985228899517097,4.121781248000001e-06,0.9807221,3.69,0.34,0.2,0.17,0.29,,,,,
3663,15003648,5516,37103.74824369983,23695.63315735708,6.46,2933.65,-5.838163269800134e-05,98322.27720069885,0.404762732796371,4.1201756160000004e-06,0.81758493,3.89,0.33,0.19,0.16,0.32,,,,,
3664,15007744,5517,37417.24969887744,23868.69499511267,6.42,2953.75,-0.0005541431983147049,2152.3843428492546,0.36249769825371914,4.118569984e-06,0.9738531,3.83,0.33,0.19,0.17,0.31,,,,,
3665,15011840,5517,37417.24969887744,23868.69499511267,6.42,2953.75,-0.0002539235956646735,5099.868813872337,0.3659521891968325,4.116964352e-06,0.9829099,3.83,0.33,0.19,0.17,0.31,,,,,
3666,15015936,5518,37457.6721831517,23873.07535993206,6.42,2958.44,-0.00013398923510976601,8809.715184211731,0.3439875217154622,4.11535872e-06,0.98507404,3.83,0.33,0.19,0.17,0.31,,,,,
3667,15020032,5520,38046.18794336612,24296.347321959456,6.53,2973.63,-0.00017542101159051526,27539.08328819275,0.3386085528472904,4.113753088e-06,0.96815574,3.93,0.32,0.18,0.17,0.33,,,,,
3668,15024128,5521,38767.73054411412,24765.834843883953,6.57,3022.16,-0.0004237720131641254,10078.74758207798,0.38457558024674654,4.112147456e-06,0.9722148,3.92,0.32,0.19,0.16,0.33,,,,,
3669,15028224,5523,38242.221908518804,24457.046220633034,6.61,2973.55,-0.00013014399701205548,10212.529876232147,0.37037156213773414,4.110541824e-06,0.9675476,4.01,0.31,0.19,0.15,0.35,,,,,
3670,15032320,5525,38224.347730709786,24448.345027676267,6.62,2967.65,-0.0003235429721826222,4998.920225441456,0.3748198340763338,4.108936192e-06,0.9653009,4.03,0.31,0.18,0.16,0.35,,,,,
3671,15036416,5526,37582.35769048079,24033.04902114603,6.58,2936.2,-0.000148455133967218,4329.136667907238,0.35170262691099197,4.10733056e-06,0.94174767,4.02,0.32,0.17,0.16,0.35,,,,,
3672,15040512,5527,37601.68206128441,24001.028809988886,6.54,2948.18,-0.0007443797840096522,1830.6181908845901,0.3931479095481336,4.105724928e-06,0.98187923,3.96,0.33,0.17,0.16,0.34,,,,,
3673,15044608,5530,37676.37970032913,24053.69578139632,6.5,2931.2,-9.290177513321396e-05,17097.05491709709,0.3733830659184605,4.104119296e-06,0.97517616,3.94,0.32,0.18,0.17,0.33,,,,,
3674,15048704,5533,36590.83729446589,23447.729003849574,6.58,2845.5,-0.0001305795904045226,32367.67885351181,0.3851038152060937,4.102513664e-06,0.95515615,4.12,0.3,0.18,0.16,0.36,,,,,
3675,15052800,5535,36488.03652391486,23378.218349988907,6.54,2840.42,-0.00032163654213945847,4317.614939272404,0.39363428170327097,4.100908032e-06,0.9043835,4.08,0.31,0.18,0.15,0.36,44791.73848397517,28733.35385748295,7.4,3183.7,0.1
3676,15056896,5535,36488.03652391486,23378.218349988907,6.54,2840.42,-0.0003572928171706735,4487.743615210056,0.4096453791134991,4.0993024e-06,0.9535274,4.08,0.31,0.18,0.15,0.36,,,,,
3677,15060992,5536,36111.2138860591,23149.845728161596,6.52,2822.99,-0.00033202530994458357,1981.4538244605064,0.3661947507644072,4.097696768e-06,0.98942965,4.08,0.31,0.18,0.15,0.36,,,,,
3678,15065088,5536,36111.2138860591,23149.845728161596,6.52,2822.99,-0.00017709503299556673,11521.335454940796,0.34369735658401623,4.096091136e-06,0.9785887,4.08,0.31,0.18,0.15,0.36,,,,,
3679,15069184,5538,36132.5067462506,23163.40243529666,6.52,2814.33,-0.00017503287290310254,8074.532686173916,0.343395186268026,4.094485504e-06,0.9620843,4.09,0.31,0.18,0.15,0.36,,,,,
3680,15073280,5539,36552.81688227878,23413.086983692272,6.52,2850.67,-0.00021672117691196036,5417.291417837143,0.38936176378047094,4.092879872e-06,0.96994257,4.05,0.32,0.18,0.14,0.36,,,,,
3681,15077376,5541,36456.19756235321,23355.594040445423,6.51,2844.99,-0.0005356066603781073,7263.04803776741,0.40927506881416775,4.09127424e-06,0.9373722,4.05,0.31,0.2,0.13,0.36,,,,,
3682,15081472,5542,36746.564525430265,23524.538982870494,6.5,2873.72,-0.0004463939058041433,2085.1475252509117,0.4003830653382465,4.089668608e-06,0.9667261,4.01,0.32,0.2,0.12,0.36,,,,,
3683,15085568,5543,36534.5588934184,23410.43933662123,6.49,2858.49,-0.00033052448998205364,4763.950143575668,0.41181361279450357,4.088062975999999e-06,0.9742885,4.02,0.31,0.21,0.12,0.36,,,,,
3684,15089664,5544,36658.21580254462,23501.748085319883,6.51,2853.01,-0.00020288798623369075,15292.574459552765,0.39167078729951754,4.086457344000001e-06,0.97827077,4.04,0.31,0.2,0.13,0.36,,,,,
3685,15093760,5548,35042.13626831153,22513.434745770584,6.43,2750.83,-0.0006338585590128787,8543.222940325737,0.48534753074636683,4.084851712000001e-06,0.71155274,4.07,0.31,0.19,0.14,0.36,,,,,
3686,15097856,5550,35040.9941866958,22512.56475367563,6.46,2749.62,-0.00030551468444173224,2384.5002179145813,0.3499628455610946,4.08324608e-06,0.9542156,4.1,0.31,0.19,0.14,0.36,,,,,
3687,15101952,5552,35270.68523053846,22616.20059068623,6.43,2771.29,-0.0003274073305874481,3588.7772059440613,0.3287119591550436,4.081640447999999e-06,0.98229057,4.04,0.32,0.19,0.14,0.35,,,,,
3688,15106048,5553,35190.49298594207,22559.024579701076,6.44,2754.06,-3.7563043861155165e-05,20973.602910757065,0.4084857684792951,4.080034816000001e-06,0.87430847,4.07,0.31,0.19,0.15,0.35,,,,,
3689,15110144,5555,35446.07200332,22688.72923361648,6.36,2777.91,-0.00037499428162846016,2222.7910853028297,0.36841658398043364,4.078429184000001e-06,0.9561334,3.96,0.32,0.2,0.15,0.33,,,,,
3690,15114240,5555,35446.07200332,22688.72923361648,6.36,2777.91,-0.00019915766097255982,5754.2135472893715,0.37950668172561564,4.076823552e-06,0.9873513,3.96,0.32,0.2,0.15,0.33,,,,,
3691,15118336,5559,33666.82199439252,21565.1820205819,6.26,2693.86,-0.00014464691503235372,12686.104526400566,0.393109604541678,4.07521792e-06,0.42866147,3.95,0.33,0.2,0.14,0.33,,,,,
3692,15122432,5561,33324.35113126323,21341.65926664096,6.25,2677.16,-0.00030472572598228,7317.976545572281,0.40725350589491427,4.073612288000001e-06,0.96351236,3.95,0.33,0.19,0.16,0.32,,,,,
3693,15126528,5563,33693.89871456467,21576.348461222995,6.28,2708.65,-0.00012698682348855073,39993.97515439987,0.35542237109621055,4.0720066560000006e-06,0.9222936,3.95,0.33,0.2,0.15,0.32,,,,,
3694,15130624,5564,33778.53933571414,21626.54200468866,6.32,2698.38,-0.00033792002886912087,9408.117044448853,0.41513222409412265,4.070401024e-06,0.9740576,4.01,0.32,0.2,0.15,0.33,,,,,
3695,15134720,5564,33778.53933571414,21626.54200468866,6.32,2698.38,-0.00037717213581345277,16939.546711683273,0.4115092277643271,4.068795392e-06,0.96182454,4.01,0.32,0.2,0.15,0.33,,,,,
3696,15138816,5566,34403.62149503825,22026.911462278702,6.33,2752.21,-0.00022325685949908802,35284.61560642719,0.378007691091625,4.067189760000001e-06,0.92291445,3.97,0.32,0.21,0.15,0.32,,,,,
3697,15142912,5568,34330.03043783736,21984.72119702509,6.25,2748.64,-0.0003716220617207,5263.056042551994,0.4187390129081905,4.0655841280000005e-06,0.920072,3.89,0.32,0.22,0.15,0.31,,,,,
3698,15147008,5568,34330.03043783736,21984.72119702509,6.25,2748.64,-0.0002301397353221546,2501.1862709522247,0.3620134588563815,4.063978496e-06,0.98250747,3.89,0.32,0.22,0.15,0.31,,,,,
3699,15151104,5571,34491.9270492195,22089.672823908684,6.31,2765.24,-0.0001102001288018073,33436.048298597336,0.4530824940302409,4.062372864e-06,0.8325583,3.93,0.32,0.21,0.15,0.32,,,,,
3700,15155200,5572,34633.284189101556,22172.483430880588,6.32,2777.81,-0.00045542706902779173,3566.5494315624237,0.35188132646726444,4.060767232e-06,0.9424697,3.93,0.32,0.21,0.15,0.32,41283.876360479924,26726.568944558625,7.266666666666667,2959.366666666667,0.13333333333333333
3701,15159296,5575,34585.04699685825,22116.171776975578,6.37,2768.07,-0.0005871590383321745,4243.574063301086,0.3879456862050574,4.0591616000000005e-06,0.9172817,3.99,0.32,0.2,0.15,0.33,,,,,
3702,15163392,5577,33338.428977330266,21314.190322773495,6.3,2678.54,-0.0011285304226476,1390.6424221098423,0.3740026381565258,4.057555968e-06,0.95321375,4.02,0.3,0.22,0.15,0.33,,,,,
3703,15167488,5578,34026.34025237483,21718.24599967098,6.29,2728.77,-0.0005247450944807497,10507.497624754906,0.3536011027172208,4.055950336e-06,0.94183594,3.95,0.31,0.22,0.15,0.32,,,,,
3704,15171584,5579,34018.96281154953,21706.870547182272,6.25,2737.68,-0.0004551872352749342,2532.276495873928,0.44223702838644385,4.054344704e-06,0.9639047,3.9,0.32,0.22,0.15,0.31,,,,,
3705,15175680,5581,34179.31706404455,21795.469608248008,6.25,2750.45,-0.0005267342867227853,7337.199330449104,0.38013282080646604,4.0527390720000005e-06,0.96296746,3.88,0.32,0.23,0.14,0.31,,,,,
3706,15179776,5582,33441.06830489094,21326.02856158845,6.22,2697.24,-0.0004001185134256957,4689.818254828453,0.3578972354589496,4.05113344e-06,0.9581788,3.9,0.32,0.22,0.15,0.31,,,,,
3707,15183872,5582,33441.06830489094,21326.02856158845,6.22,2697.24,-0.00016950885947153438,9747.254211902618,0.36392727034399286,4.049527808e-06,0.9814927,3.9,0.32,0.22,0.15,0.31,,,,,
3708,15187968,5584,35041.193988275474,22333.57678928394,6.3,2788.49,-0.000129736443341244,39917.53763985634,0.3772057752648834,4.047922176e-06,0.98268974,3.88,0.33,0.21,0.15,0.31,,,,,
3709,15192064,5585,35127.49296323452,22365.10706106961,6.3,2797.15,-0.0003464427645667456,2927.20732909441,0.3500435877358541,4.046316544e-06,0.9824009,3.87,0.34,0.2,0.15,0.31,,,,,
3710,15196160,5588,33615.752050417825,21376.14612981381,6.18,2719.37,-0.00020450078136491356,8637.449489414692,0.35057392602902837,4.044710912e-06,-0.00048303604,3.83,0.35,0.19,0.16,0.3,,,,,
3711,15200256,5588,33615.752050417825,21376.14612981381,6.18,2719.37,-0.0005867580639460357,3370.6396222114563,0.34129530721111223,4.04310528e-06,0.9887829,3.83,0.35,0.19,0.16,0.3,,,,,
3712,15204352,5589,34238.79975886885,21777.076748018902,6.21,2750.64,-0.00029843861466360977,14033.778837561607,0.39136813188088126,4.041499648e-06,0.97385854,3.83,0.35,0.19,0.16,0.3,,,,,
3713,15208448,5590,34644.61880002998,22012.103357157517,6.17,2786.54,-0.0003323248092783615,5275.0800795555115,0.4325581517186947,4.039894016e-06,0.9441484,3.75,0.36,0.19,0.16,0.29,,,,,
3714,15212544,5592,34081.347999816986,21647.117241480635,6.11,2756.89,-0.0002976494552058284,4998.842055082321,0.3821381355228368,4.038288384e-06,0.847083,3.72,0.37,0.19,0.15,0.29,,,,,
3715,15216640,5593,34102.05701572804,21645.50252209326,6.18,2755.65,-0.0003338711176184006,8020.284184575081,0.4766604034230113,4.036682752e-06,0.9626181,3.79,0.37,0.18,0.15,0.3,,,,,
3716,15220736,5593,34102.05701572804,21645.50252209326,6.18,2755.65,-0.00032888385612750426,7405.3898013830185,0.3553050610644277,4.03507712e-06,0.9918621,3.79,0.37,0.18,0.15,0.3,,,,,
3717,15224832,5596,34292.68122689742,21765.64994682225,6.24,2755.84,-0.00046099506289465353,17693.005036234856,0.35803160310024396,4.0334714879999995e-06,0.88277155,3.86,0.36,0.18,0.15,0.31,,,,,
3718,15228928,5597,34110.04758088285,21659.776748737186,6.26,2734.53,-0.0002988988353536115,6342.240142762661,0.37379312780103646,4.031865856e-06,0.95719117,3.9,0.36,0.17,0.15,0.32,,,,,
3719,15233024,5598,34837.07256676492,22103.167923037097,6.27,2791.88,-0.0002586050031823106,2717.9888865351677,0.36890309062437154,4.030260224e-06,0.98987705,3.85,0.37,0.17,0.15,0.31,,,,,
3720,15237120,5598,34837.07256676492,22103.167923037097,6.27,2791.88,-0.00017448806829634123,8843.810785651207,0.3377294193196576,4.028654592e-06,0.97922975,3.85,0.37,0.17,0.15,0.31,,,,,
3721,15241216,5598,34837.07256676492,22103.167923037097,6.27,2791.88,-6.799003313062713e-05,114624.73682403564,0.3529311103047803,4.0270489599999995e-06,0.93493444,3.85,0.37,0.17,0.15,0.31,,,,,
3722,15245312,5599,36829.299675633294,23383.84912261214,6.37,2878.08,-0.0003265171562816249,119738.47027277946,0.33996270690113306,4.025443328000001e-06,0.9570969,3.87,0.36,0.18,0.15,0.31,,,,,
3723,15249408,5602,35904.21715068383,22765.403003369327,6.3,2839.63,-0.00018284171255800175,12233.71498644352,0.39915720766293816,4.023837696e-06,0.93711764,3.84,0.36,0.19,0.15,0.3,,,,,
3724,15253504,5605,35529.754913817684,22532.818024706015,6.26,2821.74,-0.0004694719518738566,5112.288045287132,0.385351500561228,4.022232064e-06,0.8677049,3.81,0.36,0.19,0.16,0.29,,,,,
3725,15257600,5608,33889.45335075689,21509.271817008386,6.23,2709.7,-0.0002712451641855296,21452.628680229187,0.3652204863901716,4.020626431999999e-06,0.95937485,3.9,0.35,0.19,0.16,0.3,53063.49934420935,34045.84998362268,7.766666666666667,3516.4333333333334,0.2
3726,15261696,5609,33821.924148047816,21474.363944808258,6.21,2705.03,-0.00047853524210950127,4494.688029766083,0.4243747424916364,4.019020800000001e-06,0.96314347,3.89,0.36,0.18,0.16,0.3,,,,,
3727,15265792,5612,33206.30520341634,21089.158046113513,6.18,2660.43,-0.00011471278230601456,11241.483136415482,0.40090531820897013,4.017415168000001e-06,0.93781996,3.91,0.36,0.18,0.15,0.31,,,,,
3728,15269888,5614,33108.118433114396,21015.7420050567,6.1,2669.26,-0.0003461585502009257,10679.128301143646,0.4123429080937058,4.0158095360000004e-06,0.92144835,3.82,0.36,0.19,0.16,0.29,,,,,
3729,15273984,5616,33279.73322236431,21108.162470734973,6.02,2682.08,-0.0002313086879439652,7331.759865522385,0.36779061416746117,4.014203904e-06,0.9447606,3.71,0.37,0.19,0.17,0.27,,,,,
3730,15278080,5618,32544.82327141172,20679.38695476977,5.99,2639.2,-0.0001883976747194538,6804.628200769424,0.3819996652309783,4.012598272000001e-06,0.9565417,3.73,0.37,0.19,0.16,0.28,,,,,
3731,15282176,5619,31908.799794777125,20251.913502970332,5.92,2618.7,-0.0001558490766910836,7190.850537061691,0.398500614130171,4.010992640000001e-06,0.8960717,3.67,0.38,0.19,0.16,0.27,,,,,
3732,15286272,5622,31689.854447026755,20085.55491170338,5.88,2611.52,-0.00037132538091100287,6247.035676240921,0.3756085819331929,4.009387008e-06,0.9750112,3.63,0.39,0.18,0.16,0.27,,,,,
3733,15290368,5623,31463.270413838432,19916.70474439068,5.83,2602.91,-0.000400057476326765,3431.2384481430054,0.37989253221894614,4.007781376e-06,0.9457474,3.59,0.39,0.19,0.16,0.26,,,,,
3734,15294464,5623,31463.270413838432,19916.70474439068,5.83,2602.91,-0.0002696818792173872,6955.6179320812225,0.3661848079354968,4.006175744000001e-06,0.9873554,3.59,0.39,0.19,0.16,0.26,,,,,
3735,15298560,5624,32490.11890235341,20541.753120402336,5.87,2664.8,-0.0007632864017068641,6432.138978838921,0.3558941170631442,4.004570112000001e-06,0.9880533,3.56,0.4,0.19,0.15,0.26,,,,,
3736,15302656,5625,33377.22217857106,21127.944105020426,5.94,2709.08,-0.000230299790018762,25565.390007972717,0.3664478730643168,4.00296448e-06,0.97546715,3.59,0.39,0.19,0.16,0.26,,,,,
3737,15306752,5625,33377.22217857106,21127.944105020426,5.94,2709.08,-0.0003297076455055503,4044.6974615454674,0.38492342783138156,4.001358848e-06,0.9749881,3.59,0.39,0.19,0.16,0.26,,,,,
3738,15310848,5628,32797.20961052752,20767.99269019999,5.88,2677.95,-0.00017175123502966017,8706.855842113495,0.42340986483031884,3.999753216e-06,0.94187236,3.57,0.38,0.2,0.17,0.25,,,,,
3739,15314944,5629,33483.87264779507,21235.016649987865,5.96,2707.3,-0.00012326220530667342,43220.07824134827,0.347193703870289,3.9981475840000006e-06,0.97991854,3.62,0.38,0.2,0.16,0.26,,,,,
3740,15319040,5629,33483.87264779507,21235.016649987865,5.96,2707.3,-0.00012132472693338059,54869.34222364426,0.38913786128978245,3.996541952e-06,0.96736825,3.62,0.38,0.2,0.16,0.26,,,,,
3741,15323136,5630,34440.229613270974,21866.47253411192,6.05,2752.31,-0.00025779349607546465,13983.81283378601,0.3670182388450485,3.99493632e-06,0.95814973,3.67,0.38,0.19,0.16,0.27,,,,,
3742,15327232,5633,34811.92297891417,22041.615850457867,6.01,2777.46,-0.0005534928459383082,14988.746922492981,0.3735768528422341,3.993330688e-06,0.912205,3.6,0.38,0.2,0.16,0.26,,,,,
3743,15331328,5634,35121.30643893806,22248.00528737385,6.06,2783.2,-0.0006126675307314144,6929.462629437447,0.35678905999520794,3.9917250560000005e-06,0.98126,3.65,0.37,0.2,0.16,0.27,,,,,
3744,15335424,5636,34812.12252439026,22060.300770556685,6.06,2762.5,-0.0005476331589306938,5054.360816836357,0.44157565478235483,3.990119424e-06,0.9498111,3.67,0.36,0.21,0.16,0.27,,,,,
3745,15339520,5637,34254.85144634503,21700.56657593159,6.03,2731.88,-0.00047531795280519873,6060.670555233955,0.38908105800510384,3.988513792e-06,0.9561718,3.67,0.36,0.21,0.16,0.27,,,,,
3746,15343616,5639,33883.03190688007,21470.698087471133,6.0,2707.46,-0.0003699054550452274,4085.5024076104164,0.4263168793404475,3.98690816e-06,0.84624475,3.66,0.36,0.21,0.16,0.27,,,,,
3747,15347712,5639,33883.03190688007,21470.698087471133,6.0,2707.46,-0.00014424213077290915,23038.278253555298,0.3569976292201318,3.9853025280000005e-06,0.9821384,3.66,0.36,0.21,0.16,0.27,,,,,
3748,15351808,5643,34186.496847951494,21732.288983888095,6.2,2679.95,-8.344717571162619e-05,64394.35690641403,0.37318228371441364,3.983696896e-06,0.915857,3.9,0.35,0.18,0.16,0.31,,,,,
3749,15355904,5645,33383.11793802432,21202.054451733926,6.14,2640.86,-0.0005150868746568449,2636.34046125412,0.3789549826469738,3.982091264e-06,0.86478853,3.88,0.35,0.19,0.15,0.31,,,,,
3750,15360000,5646,33781.1445519808,21430.247212325638,6.11,2676.41,-0.00012997881458431948,16324.726054668427,0.38011509645730257,3.980485632e-06,0.9522543,3.81,0.36,0.19,0.15,0.3,48922.592504487155,31565.89250558084,7.466666666666667,3203.266666666667,0.2
3751,15364096,5647,34727.969574149,22041.07088397364,6.18,2718.38,-5.0429235670890193e-05,59471.73029375076,0.32465979471453466,3.9788800000000004e-06,0.96748084,3.84,0.36,0.19,0.14,0.31,,,,,
3752,15368192,5648,35259.32929753337,22362.175049507336,6.2,2761.42,-0.00041023481117008487,5444.921127736568,0.39883876364910975,3.977274368e-06,0.96413845,3.81,0.37,0.19,0.13,0.31,,,,,
3753,15372288,5648,35259.32929753337,22362.175049507336,6.2,2761.42,-0.000838771797134541,1475.8112378716469,0.3963585988385603,3.975668736e-06,0.9814787,3.81,0.37,0.19,0.13,0.31,,,,,
3754,15376384,5650,35663.451232885884,22587.862091495477,6.15,2796.61,-0.0002071676854029647,3116.318541109562,0.3521258253895212,3.974063104e-06,0.9722123,3.72,0.38,0.19,0.13,0.3,,,,,
3755,15380480,5651,35693.88237721389,22604.295696728335,6.18,2785.63,-0.0006810575760027859,2820.6918818354607,0.384415638865903,3.9724574719999995e-06,0.9861731,3.77,0.37,0.19,0.13,0.31,,,,,
3756,15384576,5652,35665.459007751546,22582.10170785368,6.13,2795.15,-0.0005857372989339638,10741.136164486408,0.4230967467301525,3.97085184e-06,0.96039295,3.71,0.38,0.19,0.13,0.3,,,,,
3757,15388672,5653,35753.47989411126,22651.65661634911,6.13,2804.09,-0.00021037522128608543,10170.962481021881,0.3891151904244907,3.969246208e-06,0.949117,3.7,0.38,0.2,0.12,0.3,,,,,
3758,15392768,5654,36133.910585081896,22894.332804674254,6.16,2831.98,-0.0004841220907110255,1725.6110439896584,0.3508800737326965,3.967640576e-06,0.9856165,3.7,0.38,0.2,0.12,0.3,,,,,
3759,15396864,5655,36575.918352582725,23147.954783755635,6.18,2866.56,-0.00024804321219562553,5489.302506327629,0.34104308136738837,3.9660349439999995e-06,0.98166096,3.68,0.39,0.19,0.12,0.3,,,,,
3760,15400960,5656,36308.85521376466,22990.820583809666,6.21,2830.11,-0.0004625906049113837,13638.449619531631,0.38436333229765296,3.964429312000001e-06,0.9684626,3.75,0.38,0.19,0.12,0.31,,,,,
3761,15405056,5657,37289.74428509403,23603.483791468418,6.21,2890.92,-0.00031730550290376414,8425.514717936516,0.33661601407220587,3.96282368e-06,0.9842489,3.68,0.38,0.2,0.12,0.3,,,,,
3762,15409152,5659,37559.47536993929,23791.056483888053,6.24,2907.23,-0.00024632846088934457,6757.358419895172,0.37615953336353414,3.961218048e-06,0.9644429,3.69,0.37,0.21,0.12,0.3,,,,,
3763,15413248,5662,37181.21307591902,23566.44432355383,6.25,2882.31,-0.0005469434554470354,8705.89875793457,0.403991456667427,3.9596124159999995e-06,0.9064386,3.72,0.38,0.2,0.11,0.31,,,,,
3764,15417344,5663,37243.66735221878,23565.606648491026,6.18,2898.23,-0.0005599487958534155,4160.599459767342,0.35064120075549,3.958006784000001e-06,0.93170154,3.63,0.39,0.2,0.11,0.3,,,,,
3765,15421440,5664,37459.93646209368,23703.176856867307,6.16,2926.63,-0.00016908033830986824,9440.120547413826,0.3552840911434032,3.956401152000001e-06,0.9669261,3.57,0.4,0.2,0.11,0.29,,,,,
3766,15425536,5667,36397.179421523564,23037.908300101753,6.15,2850.93,-0.0002331587179469352,19283.953187942505,0.3536632076429669,3.9547955200000005e-06,0.9610804,3.64,0.39,0.19,0.12,0.3,,,,,
3767,15429632,5668,36527.99002998497,23148.267363997704,6.2,2850.23,-0.00010713347728597,18564.385048627853,0.35119280926301144,3.953189888e-06,0.9828993,3.69,0.39,0.18,0.12,0.31,,,,,
3768,15433728,5669,36882.046116311634,23414.14769089293,6.26,2843.98,-0.00020404176393640228,48596.563082933426,0.39582902533584274,3.951584256000001e-06,0.958067,3.76,0.38,0.18,0.12,0.32,,,,,
3769,15437824,5670,37371.71422148993,23691.905039716024,6.25,2882.14,-0.0005228868058111402,4787.496864080429,0.35995357859064825,3.949978624000001e-06,0.9832871,3.7,0.39,0.18,0.12,0.31,,,,,
3770,15441920,5671,37881.62294871256,24050.775069780808,6.29,2906.75,-0.00023491944193665404,25165.181403636932,0.3465148393588606,3.9483729920000005e-06,0.978683,3.72,0.39,0.18,0.12,0.31,,,,,
3771,15446016,5672,37859.5575145077,24042.740716319437,6.29,2904.97,-0.0007464578447979875,3092.326611816883,0.3917300688335672,3.94676736e-06,0.96710485,3.72,0.39,0.18,0.12,0.31,,,,,
3772,15450112,5675,37676.303271920144,23918.776929908334,6.22,2894.62,-0.00046461842157441424,3014.56553286314,0.3819317246088758,3.945161728e-06,0.8323058,3.66,0.4,0.18,0.12,0.3,,,,,
3773,15454208,5676,38262.88741056347,24296.48063381716,6.26,2937.92,-0.0003315730609756429,6787.196421146393,0.33856827041017823,3.943556096000001e-06,0.98039955,3.65,0.41,0.17,0.12,0.3,,,,,
3774,15458304,5676,38262.88741056347,24296.48063381716,6.26,2937.92,-0.00015009171602287097,3846.406618118286,0.3650986248103436,3.941950464e-06,0.97557503,3.65,0.41,0.17,0.12,0.3,,,,,
3775,15462400,5678,38095.19378697578,24173.8181133912,6.26,2925.17,-0.000263008401816478,2357.729449033737,0.33049735517124645,3.940344832e-06,0.98348826,3.66,0.41,0.16,0.13,0.3,37412.45297464022,24126.9817473115,7.066666666666666,2808.8,0.1
3776,15466496,5679,38473.92358983541,24412.251649289876,6.29,2952.42,-0.00033788036762416596,9772.322178840637,0.37469805471482687,3.9387392e-06,0.9471806,3.66,0.41,0.16,0.13,0.3,,,,,
3777,15470592,5680,38429.55842361151,24397.504884864058,6.29,2949.23,-0.0003948717403545743,2527.379315137863,0.3493473421258386,3.937133568000001e-06,0.9759934,3.66,0.41,0.16,0.13,0.3,,,,,
3778,15474688,5682,38548.771827633966,24444.327099452024,6.31,2958.86,-0.000500038598147512,3545.1499973535538,0.40159052098169923,3.935527936e-06,0.9830503,3.67,0.42,0.15,0.12,0.31,,,,,
3779,15478784,5683,37446.747707444374,23724.536205192624,6.26,2910.21,-0.0003139483796985587,5827.906085669994,0.3213429099705536,3.933922304e-06,0.9831257,3.67,0.42,0.15,0.12,0.31,,,,,
3780,15482880,5684,37773.099851529376,23940.779695559406,6.24,2936.64,-0.00018476546210877132,12763.879345417023,0.4129594103433192,3.932316672e-06,0.9709409,3.62,0.42,0.16,0.12,0.3,,,,,
3781,15486976,5686,37701.16679874757,23925.70503459297,6.26,2926.77,-0.0003462749268692278,3623.1599464416504,0.36870319972513244,3.9307110400000006e-06,0.89686805,3.65,0.42,0.16,0.11,0.31,,,,,
3782,15491072,5688,37955.3381199195,24104.305960262256,6.29,2949.59,-0.0004921240270050475,5988.394820928574,0.4340335514280014,3.929105408e-06,0.95422894,3.65,0.42,0.16,0.11,0.31,,,,,
3783,15495168,5690,36631.674028824906,23259.24314133055,6.21,2867.59,-0.00023617610258952482,6973.600142359734,0.36669185184291564,3.927499776e-06,0.96935755,3.66,0.41,0.17,0.11,0.31,,,,,
3784,15499264,5691,36834.8809372224,23395.907112645455,6.26,2869.58,-0.00016195427815546282,9614.87637579441,0.3991602727910504,3.925894144e-06,0.96967626,3.71,0.4,0.17,0.11,0.32,,,,,
3785,15503360,5692,37109.60173050944,23575.331251961627,6.28,2888.66,-0.00029898416505602654,11924.080269098282,0.3909376250230707,3.9242885120000005e-06,0.9526194,3.71,0.4,0.17,0.11,0.32,,,,,
3786,15507456,5693,37755.64376566098,23995.84301293326,6.26,2932.22,-7.420559313686681e-05,32916.49671173096,0.35497701802523807,3.92268288e-06,0.861405,3.65,0.4,0.17,0.12,0.31,,,,,
3787,15511552,5694,36942.4301154407,23472.907002084856,6.22,2887.48,-0.0006787466845707968,2900.2542318105698,0.38702221057610586,3.921077248e-06,0.9865124,3.65,0.4,0.17,0.12,0.31,,,,,
3788,15515648,5694,36942.4301154407,23472.907002084856,6.22,2887.48,-0.00012026136573695112,20810.54393720627,0.3683732660720125,3.919471616e-06,0.96873665,3.65,0.4,0.17,0.12,0.31,,,,,
3789,15519744,5696,37715.76495456578,23981.548083068832,6.21,2935.12,-0.0001296738455494051,6702.6263355612755,0.3662995399790816,3.917865984e-06,0.9732417,3.58,0.4,0.19,0.11,0.3,,,,,
3790,15523840,5697,38248.718339885694,24307.611927671347,6.21,2980.56,-0.0002449155408612569,6975.7446031570435,0.3573017566523049,3.916260352e-06,0.96937466,3.53,0.41,0.19,0.11,0.29,,,,,
3791,15527936,5698,38035.903496776686,24211.259947437033,6.23,2952.58,-9.874806255538715e-05,12228.56102848053,0.41460305196233094,3.91465472e-06,0.9737865,3.58,0.4,0.19,0.11,0.3,,,,,
3792,15532032,5699,36185.01761496911,23027.810691163846,6.14,2879.2,-0.00030115284425846767,5878.8227516412735,0.36911416047951207,3.913049088e-06,0.9319331,3.56,0.41,0.18,0.11,0.3,,,,,
3793,15536128,5700,35879.23074288752,22826.064250704138,6.11,2852.82,-0.00018815291514329147,6969.436999082565,0.30391472365590744,3.911443456e-06,0.9845641,3.56,0.41,0.18,0.11,0.3,,,,,
3794,15540224,5703,36738.96046896093,23386.372137600272,6.15,2904.52,-0.0001686286268522963,9265.47181725502,0.34426138465642,3.909837824e-06,0.9645691,3.55,0.41,0.17,0.13,0.29,,,,,
3795,15544320,5705,36755.31660151545,23388.43802086572,6.17,2906.02,-0.0004457372306205798,3179.438017487526,0.3839166663819924,3.908232192e-06,0.90721077,3.57,0.41,0.17,0.12,0.3,,,,,
3796,15548416,5705,36755.31660151545,23388.43802086572,6.17,2906.02,-0.00022137155565360445,7941.999491214752,0.40870187687687576,3.90662656e-06,0.97066355,3.57,0.41,0.17,0.12,0.3,,,,,
3797,15552512,5707,37496.47815374463,23836.679244533945,6.18,2953.67,-0.0002921671748481458,10029.620872735977,0.37110229954123497,3.9050209279999996e-06,0.98553896,3.53,0.41,0.17,0.12,0.3,,,,,
3798,15556608,5708,38045.315640780755,24183.100975336292,6.21,2981.27,-0.0003044537052119267,11260.642250657082,0.34446116487379186,3.903415296e-06,0.9786829,3.53,0.41,0.17,0.12,0.3,,,,,
3799,15560704,5711,37910.30902049429,24100.899909117714,6.24,2971.77,-0.0005824951922477339,8256.747460722923,0.4255691773723811,3.901809664e-06,0.8271934,3.57,0.4,0.17,0.13,0.3,,,,,
3800,15564800,5712,38033.51651925727,24169.709405455345,6.25,2983.62,-0.00092405816030805,5032.666766643524,0.36338665915536694,3.900204032e-06,0.9651995,3.57,0.4,0.17,0.13,0.3,40999.28746608386,26047.458794250117,7.266666666666667,2965.233333333333,0.03333333333333333
3801,15568896,5715,37914.89473838214,24125.43742083101,6.3,2958.73,-0.00023513891846960178,8700.000105381012,0.48207563254982233,3.8985983999999995e-06,0.9709467,3.65,0.39,0.17,0.12,0.32,,,,,
3802,15572992,5718,37866.25062747285,24080.720784201716,6.25,2956.03,-0.0002768723579720245,4257.44672703743,0.39016334468033165,3.896992768000001e-06,0.9579472,3.6,0.38,0.2,0.11,0.31,,,,,
3803,15577088,5719,37784.36978807802,24022.256232008236,6.24,2949.75,-0.0003699712597153848,4318.071871519089,0.4016490976791829,3.895387136000001e-06,0.93129456,3.6,0.38,0.2,0.11,0.31,,,,,
3804,15581184,5719,37784.36978807802,24022.256232008236,6.24,2949.75,-0.0003061408751818817,5525.232216119766,0.36585897812619805,3.8937815040000006e-06,0.98804325,3.6,0.38,0.2,0.11,0.31,,,,,
3805,15585280,5721,38540.62992179372,24498.829563474876,6.29,2990.36,-0.00014278124217526056,12828.895481824875,0.36704443229245953,3.8921758719999995e-06,0.9741467,3.61,0.38,0.2,0.11,0.31,,,,,
3806,15589376,5723,38699.46128406185,24617.598578339825,6.31,2999.66,-0.0004970938916812884,2525.0356019735336,0.37578910452430137,3.890570239999999e-06,0.97763085,3.62,0.38,0.19,0.13,0.3,,,,,
3807,15593472,5723,38699.46128406185,24617.598578339825,6.31,2999.66,-0.000526910964254057,4673.049124836922,0.361221743747592,3.888964608000001e-06,0.9893194,3.62,0.38,0.19,0.13,0.3,,,,,
3808,15597568,5724,38640.37896108645,24583.98461268203,6.31,2992.29,-0.0002790018024825258,11348.005401611328,0.38344368408434093,3.8873589760000005e-06,0.9895192,3.63,0.37,0.2,0.13,0.3,,,,,
3809,15601664,5725,38434.07696860496,24466.629243251402,6.32,2972.98,-0.00017004816982080229,23801.990976572037,0.364544628711883,3.885753344e-06,0.97356904,3.66,0.37,0.2,0.12,0.31,,,,,
3810,15605760,5725,38434.07696860496,24466.629243251402,6.32,2972.98,-0.0002991254204971483,4718.382378220558,0.41309474263107404,3.884147712e-06,0.98384064,3.66,0.37,0.2,0.12,0.31,,,,,
3811,15609856,5729,38042.82112891479,24202.108154692665,6.35,2952.98,-3.497546731523471e-05,142443.80401659012,0.43081748016993515,3.882542080000001e-06,0.8219341,3.71,0.37,0.19,0.12,0.32,,,,,
3812,15613952,5730,37136.17416241428,23609.31409387633,6.25,2916.86,-0.0002103013302985346,5625.995293498039,0.38152521318988875,3.8809364480000005e-06,0.9341601,3.64,0.38,0.19,0.12,0.31,,,,,
3813,15618048,5732,36840.537062189025,23414.877197963935,6.19,2911.04,-0.0004625973342626821,3015.526847988367,0.38186604488873854,3.879330816e-06,0.9678022,3.59,0.38,0.2,0.12,0.3,,,,,
3814,15622144,5733,37422.436765220555,23797.93177942425,6.19,2946.85,-0.0001893628195830388,8104.415770411491,0.38463317829882726,3.877725184e-06,0.965715,3.55,0.38,0.2,0.13,0.29,,,,,
3815,15626240,5736,36833.39855570639,23422.391817186977,6.18,2913.85,-0.0004774403842020547,6376.45925450325,0.4376221688580699,3.876119552000001e-06,0.9337978,3.58,0.38,0.19,0.14,0.29,,,,,
3816,15630336,5737,36333.72309874487,23113.85348750682,6.19,2872.02,-0.00023900076303107198,12106.173518419266,0.3489966494089458,3.8745139200000004e-06,0.98016214,3.64,0.37,0.19,0.14,0.3,,,,,
3817,15634432,5738,37683.90895015231,23994.450388222238,6.29,2930.37,-9.645602222008165e-05,87598.8133790493,0.35875109120388515,3.872908288e-06,0.972577,3.69,0.37,0.18,0.14,0.31,,,,,
3818,15638528,5739,37918.7563819939,24148.850356843555,6.32,2941.07,-9.322349797002971e-05,7816.708328604698,0.3417893693840597,3.871302656e-06,0.9649118,3.71,0.36,0.19,0.14,0.31,,,,,
3819,15642624,5740,37034.947760922245,23560.22742870464,6.25,2908.71,-0.0008675603476149263,3451.1313259005547,0.390393988462165,3.869697024000001e-06,0.9695619,3.67,0.36,0.2,0.14,0.3,,,,,
3820,15646720,5742,37524.37385888518,23842.755736433584,6.17,2956.23,-0.0005016411805627286,11097.546468734741,0.40046042297035456,3.868091392e-06,0.937121,3.53,0.37,0.21,0.14,0.28,,,,,
3821,15650816,5744,37935.59294005551,24134.356830630306,6.24,2966.51,-0.0001624255583010381,22188.47525215149,0.3903708021971397,3.86648576e-06,0.9720387,3.59,0.36,0.21,0.14,0.29,,,,,
3822,15654912,5746,37803.31903584432,24074.153691955315,6.25,2949.02,-0.0003645531523943646,5364.927441954613,0.3864733678638004,3.864880128e-06,0.97119683,3.62,0.35,0.21,0.15,0.29,,,,,
3823,15659008,5748,36950.09899841747,23501.568196261473,6.21,2907.32,-0.0007016660038061673,4685.085339963436,0.3945068812172394,3.863274496e-06,0.9773598,3.62,0.35,0.21,0.15,0.29,,,,,
3824,15663104,5749,36660.6406911121,23333.355970915676,6.19,2888.03,-9.993199455493595e-05,7738.754304647446,0.38086097524501383,3.861668864e-06,0.9718193,3.62,0.35,0.21,0.15,0.29,,,,,
3825,15667200,5751,36327.577984158284,23153.118077179966,6.21,2859.27,-0.0001868489080152358,3926.326427578926,0.4048620899557136,3.860063232e-06,0.98048544,3.67,0.34,0.21,0.16,0.29,38860.106191027364,25177.38077402446,7.133333333333334,2909.9666666666667,0.06666666666666667
3826,15671296,5752,36728.69649644618,23424.83125111991,6.25,2882.72,-0.0012205371058371384,14408.53630399704,0.36013079548138194,3.8584576e-06,0.96627134,3.69,0.33,0.22,0.16,0.29,,,,,
3827,15675392,5753,36578.910531417096,23349.518657566943,6.26,2871.91,-6.670752009085845e-05,40869.145305633545,0.39359127928037196,3.856851968e-06,0.7639396,3.72,0.33,0.21,0.16,0.3,,,,,
3828,15679488,5755,36660.36691234823,23457.53954518864,6.33,2844.19,-6.550251055159606e-05,112301.70171022415,0.32715406458009966,3.855246336e-06,0.94088393,3.83,0.31,0.22,0.16,0.31,,,,,
3829,15683584,5757,35479.784656919815,22684.792079874795,6.23,2782.42,-0.00024471560936945025,4836.491338431835,0.40756645682267845,3.853640704e-06,0.9302662,3.79,0.32,0.21,0.17,0.3,,,,,
3830,15687680,5758,35684.1240935663,22805.27510301681,6.25,2800.42,-0.00033758959489205154,4284.001429378986,0.409438766509993,3.852035072e-06,0.94961846,3.79,0.32,0.21,0.17,0.3,,,,,
3831,15691776,5761,35419.32330331786,22602.079620213543,6.2,2775.22,-0.00026476691346033476,4738.158707857132,0.40988725214265287,3.85042944e-06,0.9339936,3.77,0.31,0.21,0.19,0.29,,,,,
3832,15695872,5763,35562.00685170187,22699.976190063204,6.26,2785.69,-0.000831818624646985,4987.730780720711,0.3423076250765007,3.848823808e-06,0.96438205,3.82,0.31,0.21,0.18,0.3,,,,,
3833,15699968,5763,35562.00685170187,22699.976190063204,6.26,2785.69,-0.0002418626399958157,8944.8795337677,0.3699588687159121,3.847218176e-06,0.9661029,3.82,0.31,0.21,0.18,0.3,,,,,
3834,15704064,5764,35593.10200639504,22724.71773826914,6.26,2789.72,-0.000552262739802245,6756.219982266426,0.36981689813546836,3.845612544e-06,0.98224485,3.82,0.31,0.21,0.18,0.3,,,,,
3835,15708160,5766,36259.68806991107,23135.62359138581,6.24,2823.03,-0.00015018557314760983,13106.270171999931,0.36803366185631603,3.844006912e-06,0.98033273,3.76,0.31,0.22,0.19,0.28,,,,,
3836,15712256,5766,36259.68806991107,23135.62359138581,6.24,2823.03,-0.0002567513101894292,7134.930394053459,0.3682804254349321,3.84240128e-06,0.98327833,3.76,0.31,0.22,0.19,0.28,,,,,
3837,15716352,5768,36855.32359981469,23487.89262519033,6.25,2866.56,-0.0004617948425220675,10465.535333871841,0.43655070976819843,3.840795648e-06,0.9614772,3.72,0.31,0.23,0.18,0.28,,,,,
3838,15720448,5770,35893.020845358275,22866.047923161186,6.17,2824.16,-9.977923491533147e-05,16019.458555936813,0.42319615016458556,3.839190016e-06,0.9140171,3.69,0.3,0.25,0.18,0.27,,,,,
3839,15724544,5771,35455.771984346764,22553.139513171365,6.15,2802.75,-0.0002797963616103516,7809.584216237068,0.3960947706946172,3.837584384e-06,0.9800038,3.69,0.3,0.25,0.18,0.27,,,,,
3840,15728640,5771,35455.771984346764,22553.139513171365,6.15,2802.75,-0.00015943519792926963,13410.322511672974,0.3660890910541639,3.835978752000001e-06,0.9826402,3.69,0.3,0.25,0.18,0.27,,,,,
3841,15732736,5772,36373.93564215966,23139.710076685216,6.21,2847.11,-0.0004322139216128562,4381.692129611969,0.41285656759282574,3.834373120000001e-06,0.96608925,3.71,0.29,0.26,0.18,0.27,,,,,
3842,15736832,5774,37078.23501913924,23586.712587294405,6.31,2885.19,-0.00018691925470193382,10225.775523900986,0.3690838371112477,3.832767488e-06,0.9557987,3.77,0.28,0.26,0.18,0.28,,,,,
3843,15740928,5776,36528.92742516523,23233.6297927162,6.23,2849.17,-0.000676114039379172,3005.2962158322334,0.44005478906910866,3.8311618559999995e-06,0.8880029,3.73,0.28,0.26,0.19,0.27,,,,,
3844,15745024,5776,36528.92742516523,23233.6297927162,6.23,2849.17,-0.0003684130551846465,5160.472905158997,0.3647047192498576,3.829556223999999e-06,0.98775274,3.73,0.28,0.26,0.19,0.27,,,,,
3845,15749120,5777,37548.46888311729,23894.66993344375,6.28,2898.56,-0.00016578075701545458,17579.644335985184,0.35986038693226874,3.827950592000001e-06,0.98805326,3.73,0.28,0.26,0.19,0.27,,,,,
3846,15753216,5777,37548.46888311729,23894.66993344375,6.28,2898.56,-0.00033089437238231767,3687.142700612545,0.36000211027567275,3.8263449600000006e-06,0.97976166,3.73,0.28,0.26,0.19,0.27,,,,,
3847,15757312,5777,37548.46888311729,23894.66993344375,6.28,2898.56,-0.00026025341503554955,11787.24820446968,0.37586313689826056,3.824739328e-06,0.98221004,3.73,0.28,0.26,0.19,0.27,,,,,
3848,15761408,5779,38548.02984110749,24540.779954920617,6.38,2948.67,-0.00010714046402426902,15701.519144177437,0.343230327765923,3.823133696e-06,0.98123646,3.78,0.28,0.26,0.18,0.28,,,,,
3849,15765504,5781,38347.13377045729,24453.712826319603,6.44,2926.75,-0.00019262689693277935,14680.63066291809,0.38889951998135075,3.821528064000001e-06,0.9606505,3.88,0.26,0.27,0.18,0.29,,,,,
3850,15769600,5783,37957.91412545173,24225.57346883335,6.4,2900.09,-0.00033369888660672586,4679.31960439682,0.3766950983845163,3.8199224320000005e-06,0.93051285,3.87,0.26,0.27,0.18,0.29,49005.58671293104,31651.903537879938,7.666666666666667,3413.366666666667,0.13333333333333333
3851,15773696,5785,37816.19743899493,24123.91810548964,6.34,2901.99,-0.0002145957314496627,4688.225073993206,0.36936520258313976,3.8183168e-06,0.8763374,3.81,0.27,0.26,0.19,0.28,,,,,
3852,15777792,5786,38047.661064056345,24272.395535076954,6.36,2919.24,-0.00043851215286849765,3747.598447918892,0.3644972067850176,3.816711168e-06,0.96912277,3.81,0.27,0.26,0.19,0.28,,,,,
3853,15781888,5789,37792.881191718065,24132.611428129687,6.39,2888.67,-0.0006122740305727348,7462.077423334122,0.3408856713504065,3.815105536000001e-06,0.96637976,3.87,0.25,0.28,0.19,0.28,,,,,
3854,15785984,5791,37819.2893971814,24157.44389805242,6.42,2887.2,-0.0002474750181136187,10092.649569749832,0.4077909884508699,3.8134999040000005e-06,0.9638696,3.91,0.25,0.27,0.19,0.29,,,,,
3855,15790080,5792,37723.79550976136,24081.59185559204,6.41,2883.64,-0.00027735265757655725,5330.839488267899,0.4024596781237051,3.8118942720000003e-06,0.9477592,3.9,0.26,0.26,0.19,0.29,,,,,
3856,15794176,5794,37268.27245298215,23828.66331016953,6.48,2835.07,-5.9638460697897244e-05,52100.74215173721,0.3213334118190687,3.81028864e-06,0.96889496,4.02,0.26,0.25,0.18,0.31,,,,,
3857,15798272,5796,36722.91676516983,23462.04566397707,6.47,2802.74,-0.00018102196645486401,6944.198808729649,0.428781833674293,3.8086830080000007e-06,0.9732484,4.04,0.26,0.24,0.18,0.32,,,,,
3858,15802368,5796,36722.91676516983,23462.04566397707,6.47,2802.74,-0.00039640314207645133,3941.3838869929314,0.378474525292404,3.8070773760000005e-06,0.98948896,4.04,0.26,0.24,0.18,0.32,,,,,
3859,15806464,5798,36727.21747117134,23487.452243207066,6.49,2791.01,-0.00020886010133835953,32632.75001335144,0.39192724364693277,3.8054717440000002e-06,0.9687704,4.08,0.25,0.24,0.19,0.32,,,,,
3860,15810560,5802,35460.75612106461,22662.768419931945,6.48,2704.13,-0.00020048997794219758,10026.373312413692,0.4056530568632297,3.803866112e-06,0.6303314,4.16,0.24,0.24,0.18,0.34,,,,,
3861,15814656,5803,36010.158490337584,23005.837939557674,6.51,2741.67,-0.0003297668254163,6515.465962648392,0.412134980346309,3.80226048e-06,0.9769802,4.15,0.24,0.25,0.17,0.34,,,,,
3862,15818752,5805,36133.86913933153,23066.87608392896,6.51,2750.23,-0.0002880071715480881,3100.6815571188927,0.4144078320241533,3.8006548480000004e-06,0.96002644,4.14,0.24,0.25,0.17,0.34,,,,,
3863,15822848,5807,35515.55196095219,22675.281334010888,6.47,2712.92,-0.00017318235950369854,5768.757332801819,0.3429395546845626,3.799049216e-06,0.96984595,4.13,0.24,0.25,0.18,0.33,,,,,
3864,15826944,5807,35515.55196095219,22675.281334010888,6.47,2712.92,-0.0002992170939251082,4121.6148508787155,0.3523694217437878,3.797443584e-06,0.95051175,4.13,0.24,0.25,0.18,0.33,,,,,
3865,15831040,5808,35341.45156680341,22554.995174335552,6.44,2717.92,-0.0003373672025190899,8521.046208620071,0.34242199250729755,3.7958379519999998e-06,0.9850868,4.09,0.25,0.25,0.17,0.33,,,,,
3866,15835136,5811,35907.7953287745,22924.369391666347,6.47,2741.27,-0.00013450957703753375,17405.74444460869,0.3381472520704847,3.7942323200000004e-06,0.97080547,4.1,0.24,0.26,0.17,0.33,,,,,
3867,15839232,5811,35907.7953287745,22924.369391666347,6.47,2741.27,-0.000132400493384921,12696.374897956848,0.3890189260710031,3.792626688e-06,0.97948414,4.1,0.24,0.26,0.17,0.33,,,,,
3868,15843328,5815,36262.884446708,23132.431373328065,6.51,2766.07,-0.000454666147561511,13277.267503738403,0.42846146813826635,3.791021056e-06,0.5516656,4.12,0.24,0.25,0.18,0.33,,,,,
3869,15847424,5817,36019.199169596395,22988.35095321565,6.55,2741.08,-0.00030209545275283745,7350.431290268898,0.4454086335026659,3.7894154239999997e-06,0.96302015,4.19,0.24,0.23,0.19,0.34,,,,,
3870,15851520,5818,36926.60695988283,23576.344892514055,6.62,2788.91,-8.612983401690144e-05,10524.07316827774,0.31824088032590225,3.7878097920000003e-06,0.98366386,4.21,0.24,0.22,0.2,0.34,,,,,
3871,15855616,5819,36872.674499495544,23541.52169281272,6.62,2781.5,-0.0002269106726089376,1901.4225987195969,0.3048106833884958,3.78620416e-06,0.96457356,4.22,0.23,0.23,0.2,0.34,,,,,
3872,15859712,5819,36872.674499495544,23541.52169281272,6.62,2781.5,-0.0002490160759407445,4859.867511749268,0.4147329330444336,3.784598528e-06,0.9838491,4.22,0.23,0.23,0.2,0.34,,,,,
3873,15863808,5821,36572.109135918035,23336.284625251494,6.56,2766.88,-0.00020154143112449674,4161.4538834095,0.4237483171164058,3.7829928959999997e-06,0.93511873,4.17,0.23,0.24,0.2,0.33,,,,,
3874,15867904,5824,35630.337753027445,22717.85197046925,6.52,2727.99,-0.0010692531450331444,13822.676649570465,0.41397937005967833,3.7813872640000003e-06,0.7582618,4.17,0.25,0.23,0.18,0.34,,,,,
3875,15872000,5826,33748.96881878096,21508.80580711754,6.47,2615.24,-0.0005991803946017171,3580.2398520708084,0.4067561216070317,3.779781632e-06,0.85449713,4.24,0.24,0.23,0.18,0.35,30035.15325493761,19200.9455694251,6.5,2211.3333333333335,0.1
3876,15876096,5829,34082.65416457331,21685.534659227906,6.44,2644.87,-0.0003478995040495647,10133.822510004044,0.37298591108992696,3.778176e-06,0.9749038,4.17,0.25,0.24,0.17,0.34,,,,,
3877,15880192,5830,34356.38234164804,21879.10576981421,6.51,2652.03,-0.0002635570854181424,9245.840672135353,0.37491239976952784,3.7765703679999996e-06,0.98155665,4.23,0.24,0.24,0.17,0.35,,,,,
3878,15884288,5831,34918.25193126557,22251.341565398223,6.56,2669.38,-0.0002127185980498325,9184.508455514908,0.3502234199841041,3.7749647359999994e-06,0.9795751,4.26,0.24,0.23,0.18,0.35,,,,,
3879,15888384,5832,35230.83131513538,22442.49037536875,6.58,2696.14,-0.0004033547702420037,3126.155153095722,0.38064273944473825,3.773359104000001e-06,0.98776114,4.25,0.25,0.22,0.18,0.35,,,,,
3880,15892480,5834,34792.82019985689,22169.115227712147,6.59,2654.5,-0.0004301904136809753,5983.486981153488,0.42909798090113327,3.771753472e-06,0.96271616,4.3,0.24,0.22,0.18,0.36,,,,,
3881,15896576,5835,35229.51559927781,22445.934615582963,6.57,2690.45,-0.00030013034120202065,9217.645837306976,0.35654120802064426,3.7701478399999996e-06,0.96959174,4.24,0.24,0.23,0.18,0.35,,,,,
3882,15900672,5837,35646.78430759729,22714.922686097772,6.57,2718.51,-0.00043106533667014446,3226.1089010238647,0.4181975052924827,3.7685422079999994e-06,0.9819176,4.21,0.24,0.24,0.17,0.35,,,,,
3883,15904768,5840,34090.955873661165,21701.619985291014,6.46,2649.23,-0.0003391625541553367,8481.38650739193,0.38009552090079524,3.766936576000001e-06,0.88635147,4.16,0.25,0.23,0.18,0.34,,,,,
3884,15908864,5841,33837.61011815993,21536.9134704228,6.44,2632.1,-0.0002972557731482084,2797.896188378334,0.35916944983182475,3.7653309440000006e-06,0.96321183,4.16,0.25,0.23,0.18,0.34,,,,,
3885,15912960,5843,34065.477445722805,21642.149382758984,6.43,2646.9,-0.0005799838691018522,2930.667301416397,0.3810242167674005,3.7637253120000004e-06,0.9782511,4.13,0.26,0.22,0.18,0.34,,,,,
3886,15917056,5846,33657.99082207454,21361.14460328607,6.48,2629.58,-0.00014079246011533542,11326.878935098648,0.3894879954168573,3.76211968e-06,0.958667,4.19,0.27,0.21,0.17,0.35,,,,,
3887,15921152,5847,33505.3471241135,21286.483232359133,6.49,2611.77,-8.256071760115447e-05,7549.968005180359,0.35049151990097016,3.760514048000001e-06,0.9461394,4.22,0.26,0.21,0.18,0.35,,,,,
3888,15925248,5849,33459.62618388865,21253.2636599508,6.43,2619.89,-0.00022444199112214847,21070.347669124603,0.43195715348701924,3.7589084160000006e-06,0.8251729,4.15,0.27,0.21,0.18,0.34,,,,,
3889,15929344,5850,33862.11406623329,21492.332286676065,6.42,2645.13,-0.0004457384111447027,6970.505825996399,0.3923559916729573,3.7573027840000004e-06,0.9849591,4.11,0.27,0.21,0.19,0.33,,,,,
3890,15933440,5851,34257.93725670303,21771.133473040387,6.46,2664.92,-6.84077967889607e-05,29289.00806760788,0.35293797033955343,3.755697152e-06,0.97235304,4.13,0.27,0.21,0.18,0.34,,,,,
3891,15937536,5855,32707.36371890293,20760.08088432408,6.33,2574.81,-0.00031190171648631804,9297.192831993103,0.430014748708345,3.7540915200000008e-06,0.57719636,4.08,0.28,0.2,0.18,0.34,,,,,
3892,15941632,5857,32668.051137563063,20745.205840721563,6.34,2565.67,-0.00023355858002105379,5825.062152504921,0.40977890510112047,3.7524858880000005e-06,0.9686006,4.1,0.27,0.21,0.17,0.35,,,,,
3893,15945728,5859,32835.1044146746,20843.338140566764,6.35,2575.08,-0.00030215491096896585,3384.2655457258224,0.41028519891551696,3.7508802560000003e-06,0.9749603,4.1,0.28,0.2,0.17,0.35,,,,,
3894,15949824,5861,33087.17851303488,20991.11162920364,6.35,2600.9,-0.0004904169800283853,1698.6416146755219,0.4042702823644504,3.749274624e-06,0.9753358,4.07,0.29,0.2,0.16,0.35,,,,,
3895,15953920,5862,33013.26030239644,20945.327922593864,6.36,2587.06,-0.00020196075547573855,6121.369576931,0.3372701673943084,3.747668992e-06,0.9837971,4.1,0.28,0.2,0.17,0.35,,,,,
3896,15958016,5863,33588.44804256022,21333.992776017167,6.35,2622.98,-0.00030469081502815243,12849.462980985641,0.35604641027748585,3.7460633600000005e-06,0.94587576,4.06,0.28,0.2,0.17,0.35,,,,,
3897,15962112,5863,33588.44804256022,21333.992776017167,6.35,2622.98,-0.00016513802620465867,7996.243047595024,0.32859142165398225,3.7444577280000003e-06,0.96896267,4.06,0.28,0.2,0.17,0.35,,,,,
3898,15966208,5865,32567.54374728816,20675.91222322009,6.32,2567.61,-0.00022086038006818853,10504.905808627605,0.39181768251000904,3.742852096e-06,0.6718327,4.09,0.28,0.2,0.16,0.36,,,,,
3899,15970304,5865,32567.54374728816,20675.91222322009,6.32,2567.61,-0.00015648714497729088,5175.345461845398,0.3516871841275133,3.741246464e-06,0.9851294,4.09,0.28,0.2,0.16,0.36,,,,,
3900,15974400,5867,33293.64631115276,21156.306966957618,6.35,2607.0,-0.00011389552673790604,25211.449060201645,0.34106687031453475,3.7396408320000005e-06,0.9749084,4.08,0.29,0.19,0.16,0.36,39813.94129295778,25536.590137367628,7.1,2820.9666666666667,0.1
3901,15978496,5870,33032.718181100885,20978.611817996654,6.43,2579.58,-0.0001530360423203092,14034.75332391262,0.3841670391266234,3.7380352000000002e-06,0.9540166,4.2,0.29,0.17,0.16,0.38,,,,,
3902,15982592,5872,31938.929944565036,20275.523635266636,6.3,2532.84,-0.00019523121409292798,9985.974200844765,0.34873598167905584,3.736429568e-06,0.7337723,4.11,0.31,0.16,0.16,0.37,,,,,
3903,15986688,5874,31294.30327755169,19876.0145624652,6.27,2496.81,-0.00045334033984545385,4108.872929215431,0.4174913001479581,3.734823936e-06,0.88642144,4.12,0.31,0.16,0.16,0.37,,,,,
3904,15990784,5875,31558.951536366305,20039.344616403596,6.29,2518.43,-0.00021246192227408756,15914.839597702026,0.3821098432817962,3.7332183040000004e-06,0.84213316,4.12,0.31,0.16,0.16,0.37,,,,,
3905,15994880,5876,32247.33362399607,20506.857187554127,6.37,2548.6,-0.00015709573017375078,53782.74076604843,0.35999853967223316,3.731612672e-06,0.9648476,4.17,0.31,0.16,0.15,0.38,,,,,
3906,15998976,5878,29745.254863849186,18931.641394351715,6.28,2400.11,-0.0006754773949069204,9456.335255265236,0.37574867688817903,3.73000704e-06,0.969643,4.24,0.3,0.16,0.15,0.39,,,,,
3907,16003072,5879,30126.14890543418,19160.057456108912,6.24,2434.24,-0.0001356190005026292,9373.683483541012,0.35823474169592373,3.7284014079999998e-06,0.9022257,4.16,0.31,0.16,0.15,0.38,,,,,
3908,16007168,5882,29676.52337257131,18852.030766996733,6.18,2406.29,-0.00029701691346417647,7002.082313656807,0.46562342980178073,3.7267957760000004e-06,0.96365345,4.12,0.32,0.15,0.15,0.38,,,,,
3909,16011264,5884,29805.388957431704,18955.72108654834,6.22,2400.71,-9.022867470775964e-05,16199.20154953003,0.328799251903547,3.725190144e-06,0.9731132,4.17,0.31,0.16,0.14,0.39,,,,,
3910,16015360,5885,30039.401424673862,19104.193660026995,6.24,2415.49,-0.0006468474648499978,4348.496851563454,0.37893040355993435,3.723584512e-06,0.97191876,4.17,0.31,0.16,0.14,0.39,,,,,
3911,16019456,5886,30004.56950455883,19082.6150842158,6.24,2413.07,-0.00014216501585906371,5850.588158130646,0.40182533679762855,3.7219788799999997e-06,0.94668597,4.17,0.31,0.16,0.14,0.39,,,,,
3912,16023552,5887,30425.35028698171,19342.858623697583,6.26,2442.75,-0.00020283909543650225,15782.062986016273,0.3962247885065153,3.7203732479999995e-06,0.9600559,4.16,0.31,0.16,0.14,0.39,,,,,
3913,16027648,5888,30673.53935009352,19500.608425218205,6.27,2467.04,-0.00031978515653463546,4537.3068244457245,0.39004419845878147,3.718767616e-06,0.9608249,4.14,0.32,0.15,0.14,0.39,,,,,
3914,16031744,5888,30673.53935009352,19500.608425218205,6.27,2467.04,-0.00039589118750882335,3519.9243282079697,0.3939009345485829,3.717161984e-06,0.9793183,4.14,0.32,0.15,0.14,0.39,,,,,
3915,16035840,5889,31837.573476734975,20203.43870385271,6.28,2546.88,-0.0002565585309639573,6194.364019870758,0.31046019346104003,3.7155563519999997e-06,0.98739046,4.07,0.33,0.15,0.14,0.38,,,,,
3916,16039936,5892,31107.100132309195,19748.924628900535,6.3,2486.53,-0.00013087777551845647,9519.652552127838,0.41296809358755127,3.7139507199999995e-06,0.97239774,4.15,0.32,0.15,0.14,0.39,,,,,
3917,16044032,5893,32029.107874423084,20328.737546227643,6.33,2526.71,-8.449087181361392e-05,86999.22283172607,0.3370131565607153,3.712345088e-06,0.96625125,4.14,0.32,0.15,0.14,0.39,,,,,
3918,16048128,5895,31331.609769909726,19875.318274268888,6.27,2490.86,-0.00013456778833642602,24741.31730210781,0.38975365430815145,3.710739456e-06,0.22715211,4.13,0.32,0.15,0.14,0.39,,,,,
3919,16052224,5897,30816.256451168858,19527.142139291518,6.22,2474.16,-0.00024613423011032864,8818.041562438011,0.39454131163074635,3.7091338239999997e-06,0.9588878,4.09,0.33,0.15,0.14,0.38,,,,,
3920,16056320,5899,30856.051348759804,19533.575759113373,6.14,2487.19,-0.0003088771609327523,5977.481446623802,0.4271180292707868,3.7075281919999994e-06,0.91997546,3.99,0.34,0.16,0.14,0.36,,,,,
3921,16060416,5900,31117.55861543897,19693.232796242348,6.16,2507.61,-0.00043962287782051135,4590.178127586842,0.38203895778860897,3.705922560000001e-06,0.9728552,3.99,0.34,0.16,0.14,0.36,,,,,
3922,16064512,5901,31298.752084400305,19824.250218527362,6.22,2515.41,-0.0007449570175594999,8019.541541337967,0.388482457929058,3.7043169280000007e-06,0.93508226,4.04,0.34,0.16,0.13,0.37,,,,,
3923,16068608,5903,31341.970398956095,19838.20235097801,6.16,2533.26,-0.0006056662987248274,3528.4294706583023,0.357117400446441,3.7027112960000005e-06,0.9802324,3.96,0.35,0.16,0.13,0.36,,,,,
3924,16072704,5906,31068.223433464904,19685.94732269166,6.17,2502.48,-0.00048428852642246056,6410.323570787907,0.36804401967674494,3.7011056639999994e-06,0.9471395,4.01,0.34,0.16,0.13,0.37,,,,,
3925,16076800,5907,31096.32609958041,19703.177368818757,6.19,2505.48,-0.0004432165533216903,3877.7671711444855,0.3897828925109934,3.699500032000001e-06,0.98323476,4.03,0.34,0.16,0.12,0.38,44511.91703214803,28691.812062088113,7.4,3179.4333333333334,0.13333333333333333
3926,16080896,5909,30608.191910282723,19376.895063382395,6.16,2474.83,-0.00018408285541227087,1986.8294531702995,0.39164734695805237,3.6978944000000006e-06,0.9825953,4.04,0.33,0.17,0.12,0.38,,,,,
3927,16084992,5911,30819.87259938094,19478.57458007463,6.14,2497.78,-0.00023267253118319786,3748.9625569581985,0.4166396974469535,3.6962887680000004e-06,0.9743024,3.99,0.33,0.18,0.12,0.37,,,,,
3928,16089088,5913,30500.887326229735,19244.904995524896,6.06,2486.47,-0.00038739503634133143,1982.6357892155647,0.3750388470070902,3.694683136e-06,0.98324883,3.91,0.34,0.18,0.12,0.36,,,,,
3929,16093184,5914,30850.355855407623,19480.54127971157,6.1,2503.43,-0.00032247850867861416,8473.618981838226,0.4004201743809972,3.693077504000001e-06,0.96831876,3.93,0.33,0.19,0.12,0.36,,,,,
3930,16097280,5914,30850.355855407623,19480.54127971157,6.1,2503.43,-0.0004796678476850502,1625.627880692482,0.3597907161456533,3.6914718720000006e-06,0.9914942,3.93,0.33,0.19,0.12,0.36,,,,,
3931,16101376,5915,31769.54017177517,20024.589699363427,6.12,2567.78,-0.00048207963482127525,5431.363246500492,0.3312922836630605,3.6898662400000004e-06,0.9889124,3.88,0.34,0.19,0.12,0.35,,,,,
3932,16105472,5916,32120.594046751692,20250.218240220693,6.1,2600.34,-0.0003053414329770021,5737.820558667183,0.3750291041797027,3.688260608e-06,0.96202487,3.82,0.35,0.19,0.12,0.34,,,,,
3933,16109568,5918,31358.346783525267,19775.189922409278,6.07,2563.85,-0.00037156021244300064,8666.394696950912,0.360142601741245,3.686654976e-06,0.96736294,3.82,0.35,0.2,0.1,0.35,,,,,
3934,16113664,5920,30936.523828290203,19515.677085588923,6.06,2528.59,-0.00019853900448651984,10359.197190761566,0.4059047877090052,3.6850493440000006e-06,0.9782706,3.85,0.35,0.19,0.11,0.35,,,,,
3935,16117760,5921,31083.868751864284,19642.883940800453,6.12,2536.41,-0.00015904155497992178,7348.808423638344,0.3453425175976008,3.6834437120000003e-06,0.90130436,3.91,0.35,0.18,0.11,0.36,,,,,
3936,16121856,5923,31229.390744085405,19759.306767018363,6.17,2533.57,-0.0002293619891133858,14467.644102334976,0.3377496055327356,3.68183808e-06,0.97142285,3.96,0.34,0.18,0.11,0.37,,,,,
3937,16125952,5924,31502.030560883162,19938.449509979095,6.13,2556.95,-0.0002353507970838109,6349.165392875671,0.37152630335185677,3.680232448e-06,0.96497434,3.89,0.34,0.19,0.11,0.36,,,,,
3938,16130048,5926,31959.834030112586,20222.75000865729,6.08,2597.25,-0.0003575502869352931,5253.280580103397,0.38352301219129004,3.6786268160000005e-06,0.97051364,3.79,0.35,0.19,0.12,0.34,,,,,
3939,16134144,5926,31959.834030112586,20222.75000865729,6.08,2597.25,-0.00017855631176644238,4066.0492593050003,0.3513896619551815,3.6770211840000003e-06,0.98139906,3.79,0.35,0.19,0.12,0.34,,,,,
3940,16138240,5926,31959.834030112586,20222.75000865729,6.08,2597.25,-0.0002836113817465957,5593.157364010811,0.3349874961131718,3.675415552e-06,0.9917,3.79,0.35,0.19,0.12,0.34,,,,,
3941,16142336,5928,33293.656475289616,21077.239905189268,6.17,2668.29,-0.00022078923848312115,14195.473443567753,0.3419551876722835,3.67380992e-06,0.9787912,3.81,0.35,0.18,0.13,0.34,,,,,
3942,16146432,5929,33605.54492467694,21262.430346055095,6.12,2694.64,-0.00029093545344949234,3777.855589091778,0.34409474272979423,3.6722042880000005e-06,0.9724272,3.73,0.35,0.19,0.13,0.33,,,,,
3943,16150528,5930,33650.757314330986,21265.13348405379,6.08,2713.06,-0.0002788450137813925,5380.819221138954,0.3938622871937696,3.6705986560000003e-06,0.9696458,3.67,0.36,0.19,0.13,0.32,,,,,
3944,16154624,5930,33650.757314330986,21265.13348405379,6.08,2713.06,-0.00010619695240166038,7536.351318359375,0.3236662009439897,3.668993024e-06,0.9908718,3.67,0.36,0.19,0.13,0.32,,,,,
3945,16158720,5932,33589.30876101827,21222.735971158698,6.1,2702.89,-0.0002619431134007755,7170.055830836296,0.4132555612595752,3.667387392e-06,0.98211193,3.7,0.35,0.2,0.12,0.33,,,,,
3946,16162816,5933,33426.39878876085,21106.37275371045,6.08,2700.36,-0.00041782429525483167,5878.904222846031,0.4565212954184972,3.6657817600000004e-06,0.95908225,3.68,0.35,0.21,0.11,0.33,,,,,
3947,16166912,5935,33494.387302902396,21142.63241128757,6.04,2714.82,-0.0003651262295534252,2408.692478299141,0.42935612791916355,3.6641761280000002e-06,0.93525064,3.62,0.37,0.2,0.11,0.32,,,,,
3948,16171008,5936,33309.276343540536,21013.748810600722,6.04,2700.66,-5.995099309075158e-05,35537.72704684734,0.3647193799261004,3.662570496e-06,0.795078,3.63,0.37,0.2,0.11,0.32,,,,,
3949,16175104,5937,33822.23214661887,21344.79671931164,6.08,2736.06,-0.00015973981953720795,8724.059385180473,0.3460732882958837,3.6609648639999998e-06,0.95235175,3.63,0.37,0.2,0.11,0.32,,,,,
3950,16179200,5937,33822.23214661887,21344.79671931164,6.08,2736.06,-0.0002582990982773481,11910.946139097214,0.393403450056212,3.6593592319999996e-06,0.96983707,3.63,0.37,0.2,0.11,0.32,48968.67599161723,31765.872853934838,7.533333333333333,3359.3333333333335,0.16666666666666666
3951,16183296,5939,35010.59465933852,22089.25404243537,6.12,2815.38,-0.0005301509381752112,7056.365706443787,0.3453731059562415,3.6577536e-06,0.98624307,3.58,0.39,0.19,0.1,0.32,,,,,
3952,16187392,5942,34529.07462473137,21835.879719296616,6.16,2761.08,-0.0001678741764408187,9839.909461259842,0.4272655132226646,3.656147968e-06,0.96601987,3.69,0.37,0.19,0.1,0.34,,,,,
3953,16191488,5944,34298.05885953703,21686.12771463787,6.13,2739.15,-0.0001773157082425314,4680.113360881805,0.36988034183741547,3.6545423359999997e-06,0.9836925,3.69,0.36,0.2,0.11,0.33,,,,,
3954,16195584,5945,34816.813080977794,22018.619249855197,6.11,2771.86,-0.0002966008860312286,11573.568719625473,0.426059027609881,3.6529367039999995e-06,0.90768737,3.64,0.36,0.2,0.12,0.32,,,,,
3955,16199680,5947,34906.03592254978,22054.80118056946,6.08,2790.54,-0.00019444037206994835,10934.374773979187,0.38393552668276243,3.651331072e-06,0.913975,3.59,0.37,0.2,0.11,0.32,,,,,
3956,16203776,5948,34946.6203100597,22078.179839242013,6.08,2795.64,-0.00016090731878648512,13879.092602968216,0.36155727959703654,3.64972544e-06,0.9779753,3.59,0.37,0.2,0.11,0.32,,,,,
3957,16207872,5951,34679.24295663046,21900.163360154067,6.13,2761.52,-0.0002887395312427543,18199.18430352211,0.38238266584812663,3.6481198079999997e-06,0.9793063,3.68,0.36,0.2,0.11,0.33,,,,,
3958,16211968,5951,34679.24295663046,21900.163360154067,6.13,2761.52,-0.0002346047576793353,6142.826791524887,0.35722884751157835,3.6465141759999995e-06,0.97450477,3.68,0.36,0.2,0.11,0.33,,,,,
3959,16216064,5953,34944.53206845376,22034.25776846054,6.07,2798.3,-0.00011943919889745302,10013.405689001083,0.366576484288089,3.644908544000001e-06,0.9496336,3.58,0.37,0.21,0.11,0.31,,,,,
3960,16220160,5956,34884.50260543696,22018.173542325534,6.12,2794.45,-0.0001564026424603071,47273.09331059456,0.41034466575365514,3.6433029120000007e-06,-0.27157795,3.64,0.36,0.21,0.11,0.32,,,,,
3961,16224256,5957,34988.39287857441,22078.330735021027,6.12,2807.9,-0.00019709358912223252,15239.252758979797,0.3719085064367391,3.6416972800000005e-06,0.97748256,3.63,0.37,0.2,0.11,0.32,,,,,
3962,16228352,5959,35510.38043868827,22454.434941743937,6.18,2812.57,-0.0001863901898104814,48093.47760725021,0.3751411695848219,3.6400916479999994e-06,0.9624852,3.69,0.36,0.2,0.11,0.33,,,,,
3963,16232448,5961,35615.460922804705,22522.8140460415,6.16,2825.23,-0.00016101902656373568,5849.347529888153,0.3577543814026285,3.638486016000001e-06,0.8904486,3.65,0.37,0.2,0.1,0.33,,,,,
3964,16236544,5963,34811.336856714275,21972.401526346686,6.05,2786.43,-7.761370761727449e-05,20745.610441207886,0.403146083233878,3.6368803840000007e-06,0.8356237,3.57,0.39,0.2,0.09,0.32,,,,,
3965,16240640,5965,35004.21829170836,22121.722661770094,6.09,2768.89,-0.00020794449119421188,42696.85986638069,0.3873498986067716,3.6352747520000005e-06,0.97358966,3.63,0.38,0.2,0.09,0.33,,,,,
3966,16244736,5965,35004.21829170836,22121.722661770094,6.09,2768.89,-0.0001538190190331079,10256.022005915642,0.3197436360642314,3.6336691200000003e-06,0.98377275,3.63,0.38,0.2,0.09,0.33,,,,,
3967,16248832,5967,34952.00830265281,22102.680922892803,6.17,2750.97,-0.00018646536045707762,42533.45980811119,0.36273410872672684,3.632063488e-06,0.97902364,3.74,0.37,0.19,0.1,0.34,,,,,
3968,16252928,5968,35013.42312676188,22146.39377294694,6.15,2755.96,-0.00010893600483541377,16298.368405103683,0.4121421044692397,3.6304578560000007e-06,0.96338516,3.71,0.37,0.19,0.11,0.33,,,,,
3969,16257024,5970,35402.133716670214,22440.969862683905,6.17,2776.45,-5.4104189985082485e-05,135961.66952514648,0.3601907682605088,3.6288522240000004e-06,0.9090344,3.71,0.37,0.19,0.11,0.33,,,,,
3970,16261120,5971,35758.47452334776,22703.08038472566,6.25,2787.84,-6.798924505346804e-05,57814.49835395813,0.41217487677931786,3.6272465920000002e-06,0.9227755,3.79,0.36,0.19,0.11,0.34,,,,,
3971,16265216,5974,35960.80595644429,22841.265211492042,6.25,2789.39,-0.0007160132026911015,3209.421576321125,0.4271972920396365,3.62564096e-06,0.9373615,3.79,0.34,0.21,0.11,0.34,,,,,
3972,16269312,5975,35923.928821512745,22828.012703247558,6.25,2784.63,-0.0002885716330638388,4215.366182684898,0.42151236679637805,3.6240353280000006e-06,0.9354532,3.79,0.34,0.21,0.11,0.34,,,,,
3973,16273408,5976,35331.18067183584,22415.872745385488,6.16,2764.37,-0.00030201358913473086,5012.274429798126,0.34051583951804787,3.6224296960000004e-06,0.9830824,3.72,0.34,0.22,0.11,0.33,,,,,
3974,16277504,5976,35331.18067183584,22415.872745385488,6.16,2764.37,-0.00018089605327986646,20120.067578792572,0.34961784846382216,3.620824064e-06,0.9855347,3.72,0.34,0.22,0.11,0.33,,,,,
3975,16281600,5979,35863.54099251323,22752.28543184022,6.19,2770.24,-0.0004566738243738655,5479.213781118393,0.38003371621016413,3.619218432e-06,0.9815541,3.75,0.32,0.23,0.12,0.33,38780.699548922115,24791.343561239257,7.2,2908.0,0.06666666666666667
3976,16285696,5980,36051.24171974474,22869.799963975885,6.2,2780.34,-0.00041604697253205813,5604.401349544525,0.36572573002194986,3.6176128000000006e-06,0.9400927,3.75,0.32,0.23,0.12,0.33,,,,,
3977,16289792,5980,36051.24171974474,22869.799963975885,6.2,2780.34,-0.0002006693721341435,7180.971774220467,0.36246974728419445,3.6160071680000004e-06,0.9842762,3.75,0.32,0.23,0.12,0.33,,,,,
3978,16293888,5982,37182.208521877685,23580.65269668048,6.22,2861.98,-0.00034059849167533685,7911.637765407562,0.34943152690539137,3.614401536e-06,0.9323334,3.69,0.33,0.23,0.12,0.32,,,,,
3979,16297984,5984,37395.613395489905,23694.361829815633,6.21,2878.6,-0.00018414660735288635,11160.520223617554,0.39987330639269203,3.612795904e-06,0.9704733,3.66,0.34,0.22,0.12,0.32,,,,,
3980,16302080,5986,36573.82667062059,23185.64936643491,6.24,2807.83,-0.0005088233756396221,4650.199041903019,0.4194001936702989,3.6111902720000005e-06,0.9518885,3.78,0.32,0.22,0.13,0.33,,,,,
3981,16306176,5987,36572.25576832434,23187.136906500044,6.24,2808.09,-0.00015715246354375267,9387.070967555046,0.3610285534232389,3.6095846400000003e-06,0.975702,3.78,0.32,0.22,0.13,0.33,,,,,
3982,16310272,5987,36572.25576832434,23187.136906500044,6.24,2808.09,-0.00022755112331651617,9641.673634529114,0.3423545624536928,3.607979008e-06,0.9867943,3.78,0.32,0.22,0.13,0.33,,,,,
3983,16314368,5988,37919.395832671195,24068.547897779616,6.32,2857.08,-8.974107640824514e-05,111531.06698727608,0.34828676539473236,3.606373376e-06,0.95471644,3.82,0.31,0.22,0.14,0.33,,,,,
3984,16318464,5989,37007.86544502032,23501.536730359712,6.27,2799.64,-0.001152145093328727,8757.702632784843,0.36487812738050707,3.6047677439999997e-06,0.85645425,3.83,0.3,0.23,0.14,0.33,,,,,
3985,16322560,5992,37351.01759124261,23693.443993706875,6.18,2841.19,-0.000254777785812621,4449.173871636391,0.42103926552226767,3.6031621120000003e-06,0.9349358,3.69,0.32,0.23,0.15,0.3,,,,,
3986,16326656,5995,36419.82839576185,23113.37527005576,6.17,2803.01,-0.00014488885699392995,13315.385093927383,0.4184631447424181,3.60155648e-06,0.9218281,3.71,0.32,0.22,0.16,0.3,,,,,
3987,16330752,5998,35942.559149971225,22823.91262100698,6.21,2768.38,-0.00010576006025075912,21679.751494646072,0.4224538982962258,3.599950848e-06,0.6413721,3.8,0.31,0.22,0.15,0.32,,,,,
3988,16334848,5999,35880.74333823725,22785.309212754244,6.21,2759.95,-0.00018464374261384364,5803.102732181549,0.367135735519696,3.5983452159999996e-06,0.9548177,3.81,0.3,0.23,0.15,0.32,,,,,
3989,16338944,6000,35858.448373285784,22776.860841566635,6.21,2758.96,-0.0001648299830776523,6472.030705809593,0.35828512837179005,3.5967395840000002e-06,0.98343927,3.81,0.3,0.23,0.15,0.32,,,,,
3990,16343040,6002,36462.61292203753,23176.717314147252,6.24,2774.98,-0.0002534242557885591,16733.29059278965,0.41400372446514666,3.595133952e-06,0.9807762,3.83,0.29,0.23,0.15,0.33,,,,,
3991,16347136,6002,36462.61292203753,23176.717314147252,6.24,2774.98,-0.00016847841925482498,9633.485807657242,0.36005796340759844,3.59352832e-06,0.9789484,3.83,0.29,0.23,0.15,0.33,,,,,
3992,16351232,6003,37415.56808339155,23791.81522722471,6.31,2814.43,-0.0001546333351143403,22466.08116531372,0.35919720045058057,3.5919226879999996e-06,0.98291856,3.86,0.29,0.22,0.16,0.33,,,,,
3993,16355328,6004,37852.44123579293,24096.951660024246,6.33,2838.74,-8.310305565828457e-05,60840.8737411499,0.387896236468805,3.590317056e-06,0.9116461,3.86,0.29,0.22,0.16,0.33,,,,,
3994,16359424,6007,38048.8384815998,24203.595919485157,6.26,2859.75,-0.0002573443362052785,3952.5282106399536,0.3990371646650601,3.588711424e-06,0.9246954,3.77,0.3,0.23,0.16,0.31,,,,,
3995,16363520,6009,37569.88289155266,23921.93995598938,6.26,2824.01,-0.000203791176318191,5989.656615018845,0.3883951415482443,3.5871057919999998e-06,0.9388025,3.8,0.3,0.23,0.15,0.32,,,,,
3996,16367616,6012,37188.42077056274,23726.710206248594,6.28,2797.75,-0.00014993676995800342,9518.209510207176,0.4607362722745165,3.5855001599999995e-06,0.9568331,3.85,0.3,0.22,0.15,0.33,,,,,
3997,16371712,6013,37457.456412318636,23906.138891704017,6.3,2821.27,-0.00021966985696053598,7534.951738834381,0.34715526542277075,3.583894528000001e-06,0.92933756,3.85,0.3,0.22,0.15,0.33,,,,,
3998,16375808,6014,37198.06609292002,23738.551628434147,6.28,2808.37,-0.0006257188852032414,42921.850045681,0.4440392276737839,3.582288896000001e-06,0.7405518,3.85,0.3,0.22,0.15,0.33,,,,,
3999,16379904,6016,36288.79938228332,23187.990263054297,6.23,2744.72,-0.00031211328314384446,2596.1585884690285,0.36954683790099807,3.5806832639999997e-06,0.930244,3.87,0.29,0.23,0.15,0.33,,,,,
4000,16384000,6017,36284.33924129955,23167.598313833343,6.22,2748.26,-0.00039274867231142707,3957.6756188869476,0.33797384446370415,3.5790776319999995e-06,0.9620958,3.86,0.3,0.22,0.15,0.33,29195.589385767355,18672.03339739273,6.5,2251.766666666667,0.1
4001,16388096,6019,36249.86565692437,23123.031923281073,6.15,2766.7,-0.00035834373557008803,6190.768593907356,0.40397176033002324,3.5774719999999993e-06,0.9381268,3.77,0.31,0.23,0.14,0.32,,,,,
4002,16392192,6021,36244.29365188437,23074.365599237106,6.12,2768.22,-0.0005245540669420734,2993.0795736908913,0.3990194813814014,3.5758663680000008e-06,0.9626644,3.73,0.31,0.23,0.15,0.31,,,,,
4003,16396288,6022,36123.5509171749,23003.882252575087,6.11,2760.5,-0.00036484870724962093,3680.7106528282166,0.4117840108810924,3.5742607360000005e-06,0.962287,3.73,0.31,0.23,0.15,0.31,,,,,
4004,16400384,6022,36123.5509171749,23003.882252575087,6.11,2760.5,-0.00011148318662890233,12254.582267045975,0.4153724834905006,3.5726551040000003e-06,0.9805427,3.73,0.31,0.23,0.15,0.31,,,,,
4005,16404480,6023,37033.92531658258,23563.638739646427,6.13,2817.63,-0.0001912907864607405,13863.145190954208,0.3097967192879878,3.571049472e-06,0.9849003,3.69,0.31,0.24,0.15,0.3,,,,,
4006,16408576,6024,37413.39945764867,23804.50560750029,6.18,2829.0,-0.00027050725566368783,5148.792731285095,0.38122539944015443,3.5694438400000007e-06,0.97306734,3.74,0.31,0.23,0.15,0.31,,,,,
4007,16412672,6024,37413.39945764867,23804.50560750029,6.18,2829.0,-0.0001331198054685956,8028.283963084221,0.35186238773167133,3.5678382080000005e-06,0.97929966,3.74,0.31,0.23,0.15,0.31,,,,,
4008,16416768,6027,36419.932969012785,23180.599489955726,6.14,2776.02,-0.00019503648036334198,4833.144695222378,0.4305854098056443,3.5662325760000003e-06,0.94070333,3.76,0.3,0.24,0.15,0.31,,,,,
4009,16420864,6029,36033.907337762976,22954.65549258945,6.11,2747.64,-0.00027267998757452006,7102.341919541359,0.43658905566553585,3.564626944e-06,0.8495484,3.76,0.3,0.24,0.15,0.31,,,,,
4010,16424960,6031,34701.93519741922,22104.62776316019,6.02,2669.08,-0.0004215824801576673,3756.4335441589355,0.3573004249774385,3.5630213120000007e-06,0.90877056,3.75,0.31,0.23,0.15,0.31,,,,,
4011,16429056,6033,34969.965773577496,22269.287084366148,6.03,2690.52,-0.0002868484452847042,8812.8617156744,0.36278752601356246,3.5614156800000005e-06,0.9596316,3.74,0.32,0.22,0.15,0.31,,,,,
4012,16433152,6033,34969.965773577496,22269.287084366148,6.03,2690.52,-0.00011443034418334719,28605.826905727386,0.3216035261575598,3.5598100480000002e-06,0.98005205,3.74,0.32,0.22,0.15,0.31,,,,,
4013,16437248,6034,35688.1629412164,22748.32459854873,6.1,2706.69,-0.00021002269659220474,22363.519053697586,0.3864746947074309,3.558204416e-06,0.9756621,3.8,0.31,0.22,0.15,0.32,,,,,
4014,16441344,6037,35274.43680996759,22493.78682787223,6.04,2690.45,-0.00043820200153277256,8064.046142935753,0.4394621541723609,3.5565987840000006e-06,0.92016834,3.76,0.32,0.21,0.16,0.31,,,,,
4015,16445440,6038,34449.5225138365,21958.415505316025,6.0,2641.16,-0.000589221584959887,2190.9012149572372,0.349600535701029,3.5549931520000004e-06,0.98482823,3.77,0.31,0.22,0.16,0.31,,,,,
4016,16449536,6038,34449.5225138365,21958.415505316025,6.0,2641.16,-0.0009273659188693273,1891.9096603393555,0.339106670464389,3.55338752e-06,0.98270446,3.77,0.31,0.22,0.16,0.31,,,,,
4017,16453632,6040,34830.27976315196,22221.482031059182,6.04,2671.19,-0.00020715289792860858,15658.794357299805,0.4002699974225834,3.551781888e-06,0.9542124,3.78,0.31,0.22,0.16,0.31,,,,,
4018,16457728,6041,34960.8196438648,22285.102593526663,6.0,2683.2,-0.00019089762099611107,15390.271769046783,0.37347775854868814,3.5501762559999997e-06,0.9775173,3.73,0.31,0.23,0.16,0.3,,,,,
4019,16461824,6044,35842.715758651815,22878.06881675955,6.15,2724.96,-0.0003215549304513843,9704.732649326324,0.3955199418705888,3.5485706240000004e-06,0.95673805,3.84,0.3,0.22,0.16,0.32,,,,,
4020,16465920,6044,35842.715758651815,22878.06881675955,6.15,2724.96,-0.00017537644089316018,4952.072281002998,0.3651648999657482,3.546964992e-06,0.9735367,3.84,0.3,0.22,0.16,0.32,,,,,
4021,16470016,6045,36058.30368961669,23009.366318231434,6.14,2753.22,-9.005190349853365e-05,29720.581679344177,0.3738201308005955,3.54535936e-06,0.9636066,3.8,0.31,0.22,0.15,0.32,,,,,
4022,16474112,6047,36640.7849415561,23396.399838514088,6.2,2763.15,-0.0002849309876182815,40614.60739660263,0.36366646116948687,3.5437537279999997e-06,0.9650868,3.85,0.3,0.22,0.16,0.32,,,,,
4023,16478208,6050,35504.58951394683,22676.37184594783,6.2,2690.71,-7.942163574625738e-05,7454.7126479148865,0.39885260845767334,3.5421480960000003e-06,0.9371216,3.92,0.29,0.22,0.16,0.33,,,,,
4024,16482304,6051,35883.798754043106,22926.039956733915,6.21,2721.21,-0.00029734332383668516,9370.62733733654,0.381560726033058,3.540542464e-06,0.9066553,3.9,0.29,0.23,0.15,0.33,,,,,
4025,16486400,6052,35734.87425742866,22835.784731088355,6.2,2711.42,-0.00027675297042151215,2086.2334989905357,0.3518935260071885,3.538936832e-06,0.9819707,3.9,0.29,0.23,0.15,0.33,46814.598774122795,29701.186009567955,7.566666666666666,3329.4,0.1
4026,16490496,6055,36050.247142308166,23030.871719366758,6.24,2731.71,-7.41338981242734e-05,22958.49292063713,0.3920268851215951,3.5373311999999997e-06,0.94585514,3.91,0.3,0.21,0.16,0.33,,,,,
4027,16494592,6056,36118.34916273891,23051.415977945388,6.2,2737.82,-0.0005338141381798778,7789.381705522537,0.3688507211918477,3.5357255680000003e-06,0.9849825,3.86,0.31,0.21,0.16,0.32,,,,,
4028,16498688,6059,35615.4455159299,22741.129435648905,6.22,2719.49,-0.00027507800768944435,7578.522097468376,0.34663401590660214,3.534119936e-06,0.9271679,3.89,0.31,0.2,0.16,0.33,,,,,
4029,16502784,6061,35515.742954935595,22677.183287006676,6.22,2707.42,-0.0005050010481681966,2913.0373346805573,0.39789674637722783,3.532514304e-06,0.9505391,3.91,0.3,0.21,0.16,0.33,,,,,
4030,16506880,6062,35621.7302560919,22777.670785939517,6.28,2710.25,-0.000351030119418283,9251.918185949326,0.398621512693353,3.5309086719999996e-06,0.9614193,3.97,0.29,0.21,0.16,0.34,,,,,
4031,16510976,6065,35167.32592665774,22464.7964824498,6.21,2704.09,-0.00016654901264701039,5856.053515791893,0.4165841455687769,3.5293030400000003e-06,0.96708477,3.9,0.29,0.22,0.17,0.32,,,,,
4032,16515072,6067,34232.20504756794,21920.34581049845,6.19,2655.64,-0.00018926233769889222,26417.22120285034,0.4209639492619317,3.527697408e-06,0.9731502,3.92,0.29,0.22,0.16,0.33,,,,,
4033,16519168,6068,34433.20290741569,22032.417089284674,6.18,2677.74,-0.00025803490689213504,7103.940197467804,0.33812625403515995,3.526091776e-06,0.9616955,3.88,0.3,0.22,0.15,0.33,,,,,
4034,16523264,6068,34433.20290741569,22032.417089284674,6.18,2677.74,-0.00022314746638585348,30209.574756622314,0.35105787694919854,3.5244861439999996e-06,0.9779711,3.88,0.3,0.22,0.15,0.33,,,,,
4035,16527360,6070,34980.44809240463,22360.021127654694,6.18,2701.06,-0.00017993916117120534,30988.895104646683,0.42571636248612776,3.522880512000001e-06,0.96518445,3.86,0.3,0.22,0.15,0.33,,,,,
4036,16531456,6071,34883.67173773209,22262.745846728045,6.13,2704.77,-0.0003362151837791316,4465.329518437386,0.4107517343945801,3.52127488e-06,0.97709626,3.8,0.3,0.23,0.15,0.32,,,,,
4037,16535552,6072,34905.79907407089,22252.25941240577,6.1,2717.77,-0.0008969317914306885,5828.470041692257,0.3480831667839084,3.5196692479999998e-06,0.9846009,3.75,0.31,0.23,0.15,0.31,,,,,
4038,16539648,6075,35196.11734903712,22492.502623444834,6.24,2705.05,-7.992537757672835e-05,16934.912254571915,0.33917291412944905,3.5180636159999996e-06,0.9814964,3.91,0.3,0.21,0.15,0.34,,,,,
4039,16543744,6076,35265.23704476176,22530.861675222186,6.24,2714.25,-0.0002114910139425774,6420.2731873989105,0.3726208622974809,3.5164579839999993e-06,0.97632486,3.9,0.31,0.2,0.15,0.34,,,,,
4040,16547840,6077,34304.40760042785,21908.14662215315,6.21,2662.82,-0.00019562595571187558,4072.9039429426193,0.38426155876368284,3.514852352000001e-06,0.9668452,3.92,0.31,0.2,0.14,0.35,,,,,
4041,16551936,6078,34674.70385040089,22137.708263999717,6.2,2698.77,-0.0003305174486740725,10892.722080111504,0.3634873696719296,3.5132467200000006e-06,0.9612223,3.87,0.32,0.2,0.14,0.34,,,,,
4042,16556032,6079,35110.28360076125,22408.407308264123,6.23,2731.46,-0.00040299188276549103,2956.0649206638336,0.394938031618949,3.5116410880000004e-06,0.979434,3.86,0.32,0.2,0.14,0.34,,,,,
4043,16560128,6081,34388.99196693522,21945.352180675018,6.17,2692.99,-0.00018125907263311092,7475.528912425041,0.37090711476048455,3.5100354559999993e-06,0.9602786,3.83,0.32,0.21,0.14,0.33,,,,,
4044,16564224,6081,34388.99196693522,21945.352180675018,6.17,2692.99,-0.00016397710442106472,12728.954724788666,0.356688970583491,3.5084298240000008e-06,0.93656737,3.83,0.32,0.21,0.14,0.33,,,,,
4045,16568320,6082,34700.839626100584,22156.981282358738,6.2,2713.68,-0.00015229797099891584,6185.336986780167,0.39529810863314196,3.5068241920000005e-06,0.97449106,3.84,0.31,0.22,0.14,0.33,,,,,
4046,16572416,6083,34808.00051412286,22222.87859545713,6.18,2732.73,-0.00012651636916416464,14739.90103673935,0.3390360560733825,3.5052185600000003e-06,0.9741572,3.8,0.31,0.23,0.14,0.32,,,,,
4047,16576512,6084,35386.59188862922,22599.54346923346,6.26,2757.01,-0.00014886016288073733,13605.575162410736,0.41053505206946284,3.503612928e-06,0.9770493,3.86,0.3,0.23,0.14,0.33,,,,,
4048,16580608,6084,35386.59188862922,22599.54346923346,6.26,2757.01,-0.00036986391660320805,6463.929593324661,0.2993300624366384,3.5020072960000007e-06,0.99210215,3.86,0.3,0.23,0.14,0.33,,,,,
4049,16584704,6086,36884.55031166823,23542.53131140977,6.26,2846.5,-0.00011413293941586744,23414.8666356802,0.38185912801418453,3.5004016640000005e-06,0.9566782,3.77,0.3,0.25,0.13,0.32,,,,,
4050,16588800,6090,34084.73999750364,21796.63273235339,6.2,2683.42,-0.0003501753799355356,10504.149916410446,0.42315279532340355,3.4987960320000003e-06,0.655429,3.88,0.3,0.23,0.13,0.34,38496.44129460292,24744.942844852336,7.1,2792.5666666666666,0.13333333333333333
4051,16592896,6091,34370.34407114321,21963.44166021312,6.19,2712.7,-0.00022659129808744183,5687.1588925123215,0.34522069166996516,3.4971904e-06,0.9535561,3.84,0.31,0.23,0.12,0.34,,,,,
4052,16596992,6093,34876.924406901795,22291.26218520915,6.21,2732.06,-0.0002533808146836236,7775.434552550316,0.41802556975744665,3.4955847680000007e-06,0.98646855,3.84,0.3,0.24,0.12,0.34,,,,,
4053,16601088,6094,35128.327657607944,22437.728715492252,6.21,2755.51,-0.0002714779711823212,7508.440267086029,0.3941289917565882,3.4939791360000005e-06,0.95759994,3.81,0.31,0.24,0.11,0.34,,,,,
4054,16605184,6097,35102.022103784155,22397.818064119347,6.17,2754.88,-0.000503946526805521,3981.642469525337,0.3849075796606485,3.4923735040000002e-06,0.9321188,3.76,0.32,0.24,0.11,0.33,,,,,
4055,16609280,6097,35102.022103784155,22397.818064119347,6.17,2754.88,-0.0001663321854721289,21351.944214582443,0.33733548602322116,3.490767872e-06,0.98338425,3.76,0.32,0.24,0.11,0.33,,,,,
4056,16613376,6100,35892.4950919728,22917.40902538766,6.3,2773.67,-1.1275449651293457e-05,214322.83040714264,0.3986709064338356,3.48916224e-06,0.71987784,3.89,0.31,0.23,0.11,0.35,,,,,
4057,16617472,6103,33851.70778508146,21648.08457975828,6.25,2675.01,-8.253642363342806e-05,29083.18498134613,0.400575190607924,3.4875566080000004e-06,0.904828,3.94,0.31,0.23,0.1,0.36,,,,,
4058,16621568,6105,33433.77566326494,21357.01713116733,6.22,2661.41,-9.116769251704682e-05,11866.821158647537,0.4074233631254174,3.485950976e-06,0.8627814,3.91,0.31,0.24,0.1,0.35,,,,,
4059,16625664,6106,33388.18093488314,21341.804879253345,6.21,2660.32,-0.00013663473328051623,6969.038444280624,0.3486090202641208,3.484345344e-06,0.9420031,3.9,0.31,0.24,0.1,0.35,,,,,
4060,16629760,6108,33842.207707944355,21624.048944196293,6.2,2687.38,-0.0003060876815652591,3193.6490491628647,0.37476644819253124,3.4827397119999998e-06,0.9812078,3.86,0.31,0.25,0.1,0.34,,,,,
4061,16633856,6109,34038.6316432524,21742.624321384705,6.21,2704.89,-0.0004508309157245094,3574.574310541153,0.39816421613795683,3.4811340800000004e-06,0.96028066,3.85,0.32,0.24,0.1,0.34,,,,,
4062,16637952,6112,34170.67802689198,21797.622817963864,6.23,2704.9,-0.00012454524949134793,13569.80286282301,0.41330307436874136,3.479528448e-06,0.96122295,3.87,0.33,0.23,0.09,0.35,,,,,
4063,16642048,6114,33733.48712744822,21527.961151777035,6.2,2668.87,-0.00010441812992212363,28106.508234739304,0.4057256437954493,3.477922816e-06,0.8244295,3.87,0.33,0.23,0.09,0.35,,,,,
4064,16646144,6116,33756.70352644099,21550.41983835837,6.24,2665.87,-0.00027112247471450246,4988.303381204605,0.3924097687122412,3.4763171839999997e-06,0.9723347,3.92,0.32,0.23,0.09,0.36,,,,,
4065,16650240,6119,33442.22093693042,21363.375371448827,6.29,2623.43,-0.00038759680046496214,3271.986115217209,0.3700388510769699,3.4747115520000004e-06,0.98233324,4.02,0.3,0.23,0.1,0.37,,,,,
4066,16654336,6119,33442.22093693042,21363.375371448827,6.29,2623.43,-0.00033310734033875633,2895.698571741581,0.366270763479406,3.47310592e-06,0.9745447,4.02,0.3,0.23,0.1,0.37,,,,,
4067,16658432,6121,33912.88547728767,21672.440372838126,6.32,2659.04,-0.00021298036517691799,14101.06453037262,0.35709574149223045,3.471500288e-06,0.94534355,4.02,0.3,0.23,0.1,0.37,,,,,
4068,16662528,6122,33997.33901992891,21734.889888502523,6.35,2655.36,-0.00034453595253580716,2659.4608471393585,0.37688804732169956,3.4698946559999997e-06,0.98107624,4.06,0.29,0.23,0.11,0.37,,,,,
4069,16666624,6123,33307.687133462314,21281.488027228435,6.31,2624.05,-0.0002840063634721446,7330.971704244614,0.36730570945655927,3.4682890240000003e-06,0.9691559,4.05,0.3,0.22,0.11,0.37,,,,,
4070,16670720,6126,32277.965787247977,20630.631366704987,6.26,2551.87,-0.0002654297586559551,2830.380596458912,0.3672546207380947,3.466683392e-06,0.9882706,4.07,0.29,0.22,0.13,0.36,,,,,
4071,16674816,6129,32363.70047139637,20648.018374946216,6.26,2560.61,-0.00034212581522297114,3307.08288782835,0.38809951141593046,3.46507776e-06,0.9492205,4.06,0.3,0.21,0.13,0.36,,,,,
4072,16678912,6130,32546.872318338654,20766.481097094278,6.28,2568.77,-0.00015921809972496703,6587.3339158296585,0.3902081585256383,3.4634721279999996e-06,0.95078784,4.08,0.29,0.22,0.13,0.36,,,,,
4073,16683008,6132,32077.347293786785,20474.762570191622,6.31,2528.78,-0.00020434527687029913,7384.564873933792,0.39998216668027453,3.4618664959999994e-06,0.95954615,4.16,0.27,0.23,0.13,0.37,,,,,
4074,16687104,6133,32617.30457458018,20812.179352662704,6.31,2567.32,-0.00036531265959638404,5939.956381499767,0.3394434650836047,3.460260864e-06,0.9736218,4.12,0.27,0.24,0.13,0.36,,,,,
4075,16691200,6134,31719.981122632482,20229.178753338034,6.23,2537.45,-0.0002240378180431435,14752.415857076645,0.4112766217731405,3.458655232e-06,0.8384605,4.07,0.27,0.25,0.13,0.35,30222.637333792845,19639.858448603638,6.666666666666667,2348.9666666666667,0.03333333333333333
4076,16695296,6134,31719.981122632482,20229.178753338034,6.23,2537.45,-0.00036017783622810384,4146.909813642502,0.3457357189327013,3.4570495999999996e-06,0.98941934,4.07,0.27,0.25,0.13,0.35,,,,,
4077,16699392,6135,33083.66480823815,21099.7498598505,6.3,2600.72,-0.00021900224510318367,46129.27491426468,0.38347204256569967,3.4554439679999994e-06,0.9698988,4.08,0.26,0.26,0.13,0.35,,,,,
4078,16703488,6136,33157.78673334421,21156.98311010671,6.31,2605.37,-0.000433596602306352,3351.7614820599556,0.3679428117466159,3.453838336000001e-06,0.9796688,4.08,0.26,0.26,0.13,0.35,,,,,
4079,16707584,6139,32626.163524110256,20845.273584535855,6.35,2561.46,-6.819099962740438e-05,21587.459362268448,0.40674954757560045,3.4522327040000006e-06,0.90781146,4.17,0.26,0.25,0.13,0.36,,,,,
4080,16711680,6143,31621.34903292481,20168.21144564666,6.34,2500.28,-0.00039213630589074455,2792.537444770336,0.39171233636443503,3.4506270720000004e-06,0.9302468,4.22,0.26,0.25,0.13,0.36,,,,,
4081,16715776,6144,32193.209750879334,20523.308617663362,6.34,2541.06,-0.00018443882345309248,13368.510043144226,0.4079333270783536,3.4490214399999994e-06,0.97344667,4.17,0.26,0.26,0.13,0.35,,,,,
4082,16719872,6145,31567.979771954524,20122.278197567837,6.3,2493.1,-0.00032808231117087416,4338.426710724831,0.3938458585180342,3.447415808000001e-06,0.9722021,4.18,0.25,0.27,0.13,0.35,,,,,
4083,16723968,6147,31042.510783889116,19740.328236661033,6.21,2483.61,-0.0005451454308058601,2365.9990609288216,0.3950426098308526,3.4458101760000006e-06,0.9718972,4.1,0.25,0.29,0.12,0.34,,,,,
4084,16728064,6149,31279.683221350144,19882.21008217216,6.15,2514.99,-0.0005027835159125971,3330.747326016426,0.4153736407752149,3.4442045440000004e-06,0.9859351,4.01,0.26,0.3,0.12,0.32,,,,,
4085,16732160,6151,31574.872316414607,20086.181283004076,6.17,2518.79,-0.00039275179369724356,22017.640158057213,0.42386687436373904,3.442598912e-06,0.972024,4.03,0.26,0.29,0.12,0.33,,,,,
4086,16736256,6152,31355.303041802465,19947.714175087887,6.15,2502.97,-0.000250554286139959,6948.65875852108,0.37751483521424234,3.4409932800000008e-06,0.92886287,4.03,0.26,0.29,0.12,0.33,,,,,
4087,16740352,6153,31682.444049486712,20158.510236732087,6.17,2522.44,-0.00022698236898577306,5683.359495401382,0.39272599219111726,3.4393876480000006e-06,0.985442,4.03,0.26,0.29,0.12,0.33,,,,,
4088,16744448,6156,31471.325043905843,19993.32708034616,6.18,2510.79,-7.194596673798515e-05,10910.654111862183,0.38374604159616865,3.4377820160000003e-06,0.18784463,4.06,0.26,0.29,0.11,0.34,,,,,
4089,16748544,6156,31471.325043905843,19993.32708034616,6.18,2510.79,-0.0001730627700453624,13315.865169525146,0.4320961571065709,3.436176384e-06,0.9690461,4.06,0.26,0.29,0.11,0.34,,,,,
4090,16752640,6157,31636.93151950636,20079.20522060164,6.16,2535.4,-0.0005221632764005335,10433.345547437668,0.35835626564221457,3.434570752e-06,0.95461977,4.01,0.27,0.29,0.11,0.33,,,,,
4091,16756736,6158,32457.734138788073,20599.177407086496,6.17,2594.05,-0.0002589750811239355,9272.87096786499,0.36386496809427626,3.4329651200000005e-06,0.9815837,3.96,0.27,0.3,0.11,0.32,,,,,
4092,16760832,6161,32194.77103701979,20433.889562063854,6.2,2567.88,-0.00022093106235843152,8188.834675550461,0.3546177834214177,3.4313594880000003e-06,0.9607177,4.02,0.26,0.3,0.11,0.33,,,,,
4093,16764928,6162,32406.980610096325,20551.470170338893,6.21,2576.35,-0.00022088425248512067,6564.235516190529,0.37247012491570786,3.429753856e-06,0.97406596,4.02,0.26,0.3,0.11,0.33,,,,,
4094,16769024,6163,32428.15647576619,20548.736156343803,6.21,2576.83,-0.00016015173423511442,4490.464882552624,0.33450117078609765,3.428148224e-06,0.9628403,4.02,0.26,0.3,0.11,0.33,,,,,
4095,16773120,6164,32657.868028520552,20701.213218454894,6.21,2602.84,-0.0003776694893531385,4294.286892235279,0.49560652155196294,3.4265425920000005e-06,0.96203774,3.99,0.27,0.3,0.1,0.33,,,,,
4096,16777216,6166,32840.82005986772,20789.665383459724,6.19,2628.73,-0.00016713200602680445,6325.099318861961,0.35361936248955317,3.4249369600000003e-06,0.9811821,3.94,0.28,0.29,0.11,0.32,,,,,
4097,16781312,6167,33200.37736772523,20970.258757600477,6.16,2653.9,-0.00023973340103111695,8232.57151067257,0.34388253759243526,3.423331328e-06,0.9770988,3.88,0.28,0.3,0.11,0.31,,,,,
4098,16785408,6168,33115.46180073178,20942.993395739082,6.2,2634.0,-0.00012379481631796807,15601.477967619896,0.38471350067993626,3.421725696e-06,0.9594606,3.95,0.27,0.3,0.11,0.32,,,,,
4099,16789504,6171,32095.195098047894,20280.07097245423,6.15,2583.83,-0.0003979961547884159,6497.908337712288,0.4093445709440857,3.4201200640000004e-06,0.95566225,3.94,0.27,0.3,0.11,0.32,,,,,
4100,16793600,6172,32364.2325170876,20470.47654695525,6.17,2602.82,-0.000201700851903297,9591.3779733181,0.38977380606229417,3.4185144320000002e-06,0.97195095,3.94,0.27,0.3,0.11,0.32,34746.633201908415,22368.91159038773,6.733333333333333,2543.7,0.16666666666666666
4101,16797696,6172,32364.2325170876,20470.47654695525,6.17,2602.82,-0.0003984155346188345,6024.5956300497055,0.38120119558880106,3.4169088e-06,0.9756612,3.94,0.27,0.3,0.11,0.32,,,,,
4102,16801792,6173,32797.85684377283,20723.870660960572,6.17,2635.45,-0.0004888759949608357,4356.3918815255165,0.37318081242847256,3.4153031679999998e-06,0.98986447,3.9,0.27,0.31,0.11,0.31,,,,,
4103,16805888,6175,32548.596408255715,20538.65739979495,6.1,2634.05,-0.00024653606487845536,3420.5388181209564,0.40106546331662685,3.4136975360000004e-06,0.9361417,3.83,0.28,0.31,0.11,0.3,,,,,
4104,16809984,6176,32959.21023568707,20803.206146194294,6.13,2663.93,-1.121789864555467e-05,64136.7277636528,0.31970914121484384,3.412091904e-06,0.685974,3.83,0.28,0.31,0.11,0.3,,,,,
4105,16814080,6180,31674.713396123407,20034.51208796277,6.1,2563.89,-0.0001921674866025569,14652.019513607025,0.424241786939092,3.410486272e-06,0.9568856,3.91,0.27,0.3,0.12,0.31,,,,,
4106,16818176,6181,31419.401218631374,19887.5220615394,6.13,2544.08,-0.00014300099792308174,19189.950662612915,0.358049194997875,3.4088806399999997e-06,0.9523119,3.96,0.27,0.29,0.12,0.32,,,,,
4107,16822272,6183,31082.000758738253,19669.201096217126,6.12,2511.94,-0.0001277863602808793,5271.6988869309425,0.3821164208929986,3.4072750079999995e-06,0.9831173,3.98,0.27,0.28,0.13,0.32,,,,,
4108,16826368,6186,29233.619661792716,18480.336835398975,6.0,2412.82,-0.00024550750822527334,15182.222399353981,0.41088525753002614,3.405669376e-06,0.9500667,3.95,0.27,0.28,0.14,0.31,,,,,
4109,16830464,6187,29491.788046043002,18680.479971855115,6.08,2414.27,-0.0001516872862339369,17553.357570946217,0.37417941601597704,3.404063744e-06,0.97457653,4.03,0.26,0.28,0.14,0.32,,,,,
4110,16834560,6188,29769.45297819864,18836.544303252158,6.06,2440.44,-0.000337022487201466,6956.477886795998,0.38836103037465364,3.4024581119999997e-06,0.9789746,3.98,0.27,0.28,0.14,0.31,,,,,
4111,16838656,6191,30306.262785321363,19167.353068463435,6.03,2473.0,-4.745339356304612e-05,60356.8617272377,0.37083236390026286,3.4008524799999995e-06,0.27335984,3.91,0.26,0.31,0.13,0.3,,,,,
4112,16842752,6193,30059.49360920918,19011.777659705353,6.03,2455.43,-0.00028299477435211884,20962.081639528275,0.3733459795766976,3.399246848e-06,0.9442639,3.93,0.26,0.31,0.13,0.3,,,,,
4113,16846848,6193,30059.49360920918,19011.777659705353,6.03,2455.43,-0.00019741974938369822,5269.10146343708,0.37263505402370356,3.397641216e-06,0.98610646,3.93,0.26,0.31,0.13,0.3,,,,,
4114,16850944,6194,30780.30530465398,19471.826588760974,6.07,2485.95,-0.00012675342804868706,15470.855836391449,0.3394187030789908,3.3960355839999997e-06,0.97439706,3.94,0.25,0.32,0.13,0.3,,,,,
4115,16855040,6195,31294.91729204887,19788.65436309909,6.03,2529.31,-0.00016927681099332403,6139.532732367516,0.3689272610936314,3.3944299519999994e-06,0.9676378,3.85,0.26,0.32,0.13,0.29,,,,,
4116,16859136,6196,31248.945567783074,19766.404859683887,6.04,2519.01,-0.0004632468308045645,3150.773425936699,0.3748468816629611,3.392824320000001e-06,0.9671739,3.87,0.25,0.33,0.13,0.29,,,,,
4117,16863232,6199,30442.57017519192,19233.255857943674,5.98,2496.7,-0.0002373507368247374,6524.8652049303055,0.3493408882350195,3.3912186880000007e-06,0.940169,3.82,0.26,0.33,0.13,0.28,,,,,
4118,16867328,6200,31079.55265457761,19643.417166589945,6.0,2530.95,-0.0005496415324159898,3559.0114418268204,0.36812359854229726,3.3896130559999996e-06,0.9899504,3.8,0.26,0.33,0.14,0.27,,,,,
4119,16871424,6202,31071.11969319603,19631.031707695267,5.96,2538.68,-0.00013220334221841767,26650.18065261841,0.4651324608712457,3.3880074239999994e-06,0.90501237,3.75,0.26,0.34,0.15,0.25,,,,,
4120,16875520,6204,31719.003853941176,20065.847589856232,6.01,2568.67,-1.3095927897666115e-05,190781.87277889252,0.4013177423039451,3.386401792000001e-06,0.85999763,3.78,0.26,0.33,0.15,0.26,,,,,
4121,16879616,6204,31719.003853941176,20065.847589856232,6.01,2568.67,-0.00044482163229986327,6270.8930830955505,0.3301863158121705,3.3847961600000007e-06,0.96556103,3.78,0.26,0.33,0.15,0.26,,,,,
4122,16883712,6205,32000.652877703887,20245.672357761236,6.03,2589.96,-0.00023591711214976385,6813.329007744789,0.38444729859475046,3.3831905280000004e-06,0.9256274,3.78,0.26,0.33,0.15,0.26,,,,,
4123,16887808,6208,32007.31437569951,20235.19901166335,6.05,2593.85,-0.0001784194519132143,5879.045923948288,0.4161514662555419,3.3815848960000002e-06,0.9656317,3.79,0.26,0.33,0.15,0.26,,,,,
4124,16891904,6208,32007.31437569951,20235.19901166335,6.05,2593.85,-0.0005077871664980194,4392.247260689735,0.3491034203325398,3.379979264e-06,0.9585979,3.79,0.26,0.33,0.15,0.26,,,,,
4125,16896000,6208,32007.31437569951,20235.19901166335,6.05,2593.85,-0.0001631164941500174,20208.6381919384,0.3625056082382798,3.3783736320000006e-06,0.96265423,3.79,0.26,0.33,0.15,0.26,41282.46222208885,26627.282132167795,7.166666666666667,2907.266666666667,0.13333333333333333
4126,16900096,6210,33027.72642706834,20873.372698760468,6.12,2645.24,-6.813508480263408e-05,14411.73176252842,0.40001992593170144,3.3767680000000004e-06,0.95582926,3.82,0.25,0.33,0.16,0.26,,,,,
4127,16904192,6212,33192.961365893214,20995.785359570567,6.09,2667.75,-0.00034548263192846207,14712.861196994781,0.335678734787507,3.375162368e-06,0.9595989,3.77,0.25,0.34,0.16,0.25,,,,,
4128,16908288,6213,33245.551980575474,21031.012247597497,6.09,2672.79,-0.00021085357730044052,4982.727749824524,0.40039507509209216,3.373556736e-06,0.84994256,3.77,0.25,0.34,0.16,0.25,,,,,
4129,16912384,6213,33245.551980575474,21031.012247597497,6.09,2672.79,-0.00010991833369189408,8688.113381743431,0.3204365704150405,3.3719511040000006e-06,0.96635365,3.77,0.25,0.34,0.16,0.25,,,,,
4130,16916480,6215,33720.27638916414,21315.64417855013,6.1,2706.44,-0.00036895824587190873,3740.369868159294,0.38031257526017725,3.3703454720000004e-06,0.98402834,3.73,0.27,0.32,0.16,0.25,,,,,
4131,16920576,6218,33321.42356018267,21091.360096741886,6.11,2687.75,-0.00019031320516660344,6003.424140691757,0.3647784860804677,3.36873984e-06,0.8781507,3.76,0.28,0.31,0.15,0.26,,,,,
4132,16924672,6221,33035.427254847964,20893.77953177982,6.04,2665.37,-0.00019640660048025893,9761.13739168644,0.3847818367939908,3.367134208e-06,0.9179433,3.7,0.28,0.32,0.15,0.25,,,,,
4133,16928768,6223,32572.024209690815,20615.414612522185,6.06,2625.12,-0.0001174015897049685,25503.93151640892,0.35601101559586823,3.3655285760000005e-06,0.8420731,3.77,0.27,0.32,0.14,0.27,,,,,
4134,16932864,6224,32401.643522887884,20515.048205536328,6.04,2623.46,-0.00021880931626583333,6223.43138217926,0.38975355026195757,3.3639229440000003e-06,0.9800895,3.75,0.28,0.31,0.14,0.27,,,,,
4135,16936960,6225,33253.77036113303,21078.14351099178,6.11,2664.67,-0.00016894856344151776,29142.403978824615,0.3361263294063974,3.362317312e-06,0.9656226,3.78,0.28,0.31,0.13,0.28,,,,,
4136,16941056,6228,33682.63142486868,21341.15296786278,6.11,2699.23,-0.000392325939174043,3651.9198984503746,0.40819526463747025,3.36071168e-06,0.9748541,3.74,0.28,0.33,0.1,0.29,,,,,
4137,16945152,6229,33782.579489879055,21402.271563880513,6.12,2705.52,-4.715643990493845e-05,13856.805971622467,0.3585219455999322,3.3591060480000005e-06,0.807232,3.74,0.28,0.33,0.1,0.29,,,,,
4138,16949248,6230,33526.85260770446,21272.170794734953,6.14,2685.2,-0.0001766928317010752,14006.348388910294,0.3740356867783703,3.3575004160000003e-06,0.95274043,3.78,0.28,0.32,0.1,0.3,,,,,
4139,16953344,6230,33526.85260770446,21272.170794734953,6.14,2685.2,-0.0002283150779476273,5199.529824852943,0.32672040758188814,3.355894784e-06,0.98287356,3.78,0.28,0.32,0.1,0.3,,,,,
4140,16957440,6231,34641.53397715928,21952.978000865798,6.19,2752.45,-0.00020126928393437993,5063.118999242783,0.3597288562741596,3.354289152e-06,0.9890861,3.76,0.29,0.31,0.1,0.3,,,,,
4141,16961536,6234,34092.93384304865,21619.272179973046,6.17,2710.46,-0.0003145547671010718,6329.799240529537,0.4188126503722742,3.3526835200000005e-06,0.90790683,3.77,0.29,0.3,0.11,0.3,,,,,
4142,16965632,6237,32003.802041338746,20273.0361305841,6.04,2595.23,-0.00016681004854035564,11234.647841572762,0.42810164380352944,3.3510778880000002e-06,0.943936,3.76,0.29,0.3,0.11,0.3,,,,,
4143,16969728,6238,32303.77948196445,20469.004733647824,6.02,2611.41,-0.00018130105490854476,7737.330591917038,0.35572763622622006,3.349472256e-06,0.96962875,3.72,0.29,0.3,0.11,0.3,,,,,
4144,16973824,6240,32680.751618906575,20712.679600296626,6.01,2639.63,-0.00014523835125146434,7689.755594134331,0.3357057294633705,3.347866624e-06,0.9639589,3.68,0.3,0.3,0.1,0.3,,,,,
4145,16977920,6242,33339.20988694476,21130.53095499365,5.93,2693.7,-0.0001324567674600985,12288.228853464127,0.3780992308165878,3.3462609919999996e-06,0.97736806,3.54,0.31,0.31,0.1,0.28,,,,,
4146,16982016,6246,32174.111385143908,20400.75128888997,5.96,2608.4,-0.000497404947054747,4387.987120211124,0.4159647382912226,3.34465536e-06,0.7703327,3.66,0.31,0.28,0.11,0.3,,,,,
4147,16986112,6248,31973.646809220165,20298.050354965617,5.95,2592.21,-0.00016496005810040515,19983.543670654297,0.41416617488721386,3.343049728e-06,0.8584774,3.67,0.31,0.28,0.11,0.3,,,,,
4148,16990208,6250,31413.524458981636,19925.67990075872,5.9,2573.51,-0.00017416561422578525,4705.635161042213,0.42955772520508617,3.3414440959999998e-06,0.8603912,3.63,0.32,0.27,0.11,0.3,,,,,
4149,16994304,6252,31509.751800619444,19994.61647487434,5.9,2584.05,-0.00028789840780518716,9264.772553682327,0.43468354718061164,3.3398384639999995e-06,0.8567939,3.62,0.32,0.27,0.11,0.3,,,,,
4150,16998400,6254,31207.237290157864,19808.359863724312,5.89,2567.24,-0.00025447462394367903,6592.153516173363,0.3953240331611596,3.338232832e-06,0.8760122,3.63,0.31,0.28,0.11,0.3,41213.48500685511,26483.30139028254,7.333333333333333,3078.9333333333334,0.1
4151,17002496,6255,31352.405751711,19910.367314335246,5.88,2576.74,-0.00015096030074346345,7347.875766038895,0.4281300358707085,3.3366272e-06,0.9655177,3.61,0.31,0.28,0.11,0.3,,,,,
