update,timesteps,episodes,mean_reward,mean_score,mean_stage,mean_length,policy_loss,value_loss,entropy,learning_rate,explained_var,mean_start_stage,start_stage_t1_frac,start_stage_t2_frac,start_stage_t3_frac,start_stage_t4_frac,eval_mean_reward,eval_mean_score,eval_mean_max_stage,eval_mean_length,eval_over_max_rate
1,4096,2,10463.444301301332,6560.692678280217,2.5,1389.0,-0.021352796960854903,1019.2700025886297,1.1098166219890118,0.0001,0.8938203,1.5,0.5,0.5,0.0,0.0,,,,,
2,8192,4,16233.070434309993,10073.47191391936,3.5,1817.25,-0.013975157440654584,1997.1223142892122,1.0411563952220604,9.99799296e-05,0.94389504,2.0,0.5,0.25,0.25,0.0,,,,,
3,12288,6,16322.681098147228,9955.019934351765,3.1666666666666665,1848.0,-0.009362695459458337,1362.4149067252874,0.9903382695047185,9.99598592e-05,0.8694171,1.6666666666666667,0.6666666666666666,0.16666666666666666,0.16666666666666666,0.0,,,,,
4,16384,6,16322.681098147228,9955.019934351765,3.1666666666666665,1848.0,-0.015379198937807814,3929.476760029793,1.0928210561396554,9.99397888e-05,0.96701896,1.6666666666666667,0.6666666666666666,0.16666666666666666,0.16666666666666666,0.0,,,,,
5,20480,9,20281.050384341026,12254.797882048608,3.7777777777777777,2056.4444444444443,-0.010353840225434396,18023.356031671166,1.1348653978202492,9.99197184e-05,0.93322515,2.111111111111111,0.5555555555555556,0.2222222222222222,0.2222222222222222,0.0,,,,,
6,24576,11,21608.592499776674,13101.829788508523,3.8181818181818183,2231.6363636363635,-0.018325752311284305,2448.4202606230974,1.0421821939526126,9.9899648e-05,0.9404253,1.9090909090909092,0.6363636363636364,0.18181818181818182,0.18181818181818182,0.0,,,,,
7,28672,13,20502.563537609738,12655.776501490522,4.076923076923077,2101.3846153846152,-0.013748664955528511,8166.734333127737,1.1139445030130446,9.98795776e-05,0.9015894,2.3076923076923075,0.5384615384615384,0.15384615384615385,0.3076923076923077,0.0,,,,,
8,32768,18,16494.041747228166,10220.356113190286,3.888888888888889,1764.111111111111,-0.01840891376195941,1777.45994476974,1.0827963526826352,9.985950720000001e-05,0.7170483,2.5,0.4444444444444444,0.2777777777777778,0.2777777777777778,0.0,,,,,
9,36864,18,16494.041747228166,10220.356113190286,3.888888888888889,1764.111111111111,-0.018142465658456786,5277.019152790308,1.061221385607496,9.983943680000001e-05,0.9631623,2.5,0.4444444444444444,0.2777777777777778,0.2777777777777778,0.0,,,,,
10,40960,19,18809.398005921015,11627.449253577084,4.0,1950.8947368421052,-0.0168686755678209,1717.8723771721125,1.0454428960802034,9.981936640000001e-05,0.9335657,2.4210526315789473,0.47368421052631576,0.2631578947368421,0.2631578947368421,0.0,,,,,
11,45056,21,20490.08767197243,12632.764787784423,4.0476190476190474,2116.4761904761904,-0.017927363266608154,1144.2078665196896,1.0634838860714808,9.979929600000001e-05,0.92540747,2.2857142857142856,0.5238095238095238,0.23809523809523808,0.23809523809523808,0.0,,,,,
12,49152,23,19731.281882169227,12174.21694653603,3.9130434782608696,2073.086956521739,-0.01944288026788854,1247.7648590803146,1.067453375668265,9.97792256e-05,0.9257393,2.1739130434782608,0.5652173913043478,0.21739130434782608,0.21739130434782608,0.0,,,,,
13,53248,25,20178.657151175987,12496.537805811313,3.92,2108.08,-0.011601577894907678,10693.890896260738,0.995286853518337,9.97591552e-05,0.9455217,2.16,0.56,0.24,0.2,0.0,,,,,
14,57344,27,19828.308528205427,12314.604891733488,3.925925925925926,2090.6666666666665,-0.019133000665533473,2165.637682169676,1.0318937305128202,9.97390848e-05,0.8825604,2.185185185185185,0.5555555555555556,0.2222222222222222,0.2222222222222222,0.0,,,,,
15,61440,28,20665.06746228308,12819.616027439357,3.9642857142857144,2169.6071428571427,-0.017555052439092833,1455.5315800756216,1.014307493926026,9.97190144e-05,0.95840967,2.142857142857143,0.5714285714285714,0.21428571428571427,0.21428571428571427,0.0,,,,,
16,65536,28,20665.06746228308,12819.616027439357,3.9642857142857144,2169.6071428571427,-0.012991606334253447,6484.239409506321,1.0381081416271627,9.9698944e-05,0.9230883,2.142857142857143,0.5714285714285714,0.21428571428571427,0.21428571428571427,0.0,,,,,
17,69632,30,22086.313753647046,13742.56461858622,4.1,2264.4333333333334,-0.01301548129049479,19651.440736025572,1.1042657002108172,9.96788736e-05,0.8698502,2.1666666666666665,0.5666666666666667,0.2,0.23333333333333334,0.0,,,,,
18,73728,32,22415.92094225347,14009.947556535288,4.15625,2288.53125,-0.016633814922897727,2545.665070205927,1.048029548721388,9.96588032e-05,0.94658065,2.1875,0.53125,0.25,0.21875,0.0,,,,,
19,77824,35,21506.28353230837,13430.31105344518,4.057142857142857,2214.6857142857143,-0.017833399777373415,2191.67849072814,1.1259087109938264,9.96387328e-05,0.85969293,2.1714285714285713,0.5142857142857142,0.2857142857142857,0.2,0.0,,,,,
20,81920,37,20542.432854481656,12820.220549959675,4.054054054054054,2122.5405405405404,-0.021738018625910627,1328.736342445016,1.1067073591984808,9.961866240000001e-05,0.9604179,2.27027027027027,0.4864864864864865,0.2702702702702703,0.24324324324324326,0.0,,,,,
21,86016,40,20503.79863522002,12808.138500540319,4.025,2126.8,-0.018685352643842634,2004.8197450339794,1.1456638775998726,9.959859200000001e-05,0.9487451,2.225,0.5,0.275,0.225,0.0,,,,,
22,90112,41,20847.95394989551,13035.823301518265,4.048780487804878,2155.6341463414633,-0.01400870326688164,3126.1345565617085,1.0774378577480093,9.957852160000001e-05,0.8892178,2.2195121951219514,0.4878048780487805,0.2926829268292683,0.21951219512195122,0.0,,,,,
23,94208,44,20289.15555658407,12717.269609860536,4.068181818181818,2120.9545454545455,-0.01878135204242426,1623.4264879375696,1.086646388284862,9.955845120000001e-05,0.8591768,2.2954545454545454,0.4772727272727273,0.2727272727272727,0.25,0.0,,,,,
24,98304,46,20006.723885917065,12537.11630481254,4.021739130434782,2098.108695652174,-0.02174524060865224,1401.965131342411,1.0903292032890022,9.953838080000001e-05,0.9278861,2.260869565217391,0.4782608695652174,0.2826086956521739,0.2391304347826087,0.0,,,,,
25,102400,48,20092.541678962934,12564.230299590674,4.020833333333333,2103.7083333333335,-0.018245135674987978,1309.064387768507,1.0955742648802698,9.95183104e-05,0.96594846,2.25,0.4791666666666667,0.2916666666666667,0.22916666666666666,0.0,16197.399352506558,10281.15742418572,4.166666666666667,1620.1333333333334,0.0
26,106496,51,19655.701948452595,12298.54042718373,3.980392156862745,2068.5686274509803,-0.022420645216698176,1085.8705007582903,1.09902629989665,9.949824e-05,0.89403075,2.2549019607843137,0.47058823529411764,0.3137254901960784,0.21568627450980393,0.0,,,,,
27,110592,53,19445.54975099785,12152.694930244485,3.9245283018867925,2061.603773584906,-0.01956191045610467,742.103805527091,1.0801749448291957,9.94781696e-05,0.9302778,2.207547169811321,0.49056603773584906,0.3018867924528302,0.20754716981132076,0.0,,,,,
28,114688,55,19479.86863384351,12179.384983214037,3.909090909090909,2064.4,-0.01664302077915636,2230.296852648258,0.9709023975301534,9.94580992e-05,0.920803,2.1818181818181817,0.4909090909090909,0.3090909090909091,0.2,0.0,,,,,
29,118784,58,19161.21759489944,11992.469406529552,3.896551724137931,2036.2931034482758,-0.0166048078390304,1457.6685812324286,1.0122353200567886,9.94380288e-05,0.8930939,2.206896551724138,0.46551724137931033,0.3448275862068966,0.1896551724137931,0.0,,,,,
30,122880,59,19513.39451887813,12223.54074038661,3.9322033898305087,2058.0,-0.014755317268281942,7240.281986862421,1.063605927512981,9.94179584e-05,0.94251144,2.2203389830508473,0.4576271186440678,0.3559322033898305,0.1864406779661017,0.0,,,,,
31,126976,61,19552.817889428537,12254.93653898582,3.918032786885246,2062.9180327868853,-0.020611486344932928,1855.240982979536,1.0545429571066052,9.9397888e-05,0.9560525,2.19672131147541,0.45901639344262296,0.36065573770491804,0.18032786885245902,0.0,,,,,
32,131072,64,19371.18749792854,12142.198388357516,3.9375,2041.28125,-0.009460607761866413,30007.468406155705,1.0500765447504818,9.93778176e-05,0.7305279,2.25,0.453125,0.359375,0.171875,0.015625,,,,,
33,135168,66,18877.116896251126,11839.747978687215,3.9242424242424243,1995.6363636363637,-0.01819178838013613,2865.9796245992184,1.0629768415819854,9.935774720000001e-05,0.893556,2.287878787878788,0.4393939393939394,0.36363636363636365,0.18181818181818182,0.015151515151515152,,,,,
34,139264,69,18868.060485709055,11838.8084374386,3.8840579710144927,2002.2173913043478,-0.016891953966478468,969.4986350536346,1.101608811877668,9.933767680000001e-05,0.7350092,2.246376811594203,0.4492753623188406,0.36231884057971014,0.17391304347826086,0.014492753623188406,,,,,
35,143360,73,18395.82340531122,11522.201661055798,3.863013698630137,1959.2328767123288,-0.02065137171848619,1373.7774269878864,1.144712973269634,9.931760640000001e-05,0.90615106,2.2739726027397262,0.4383561643835616,0.3698630136986301,0.1780821917808219,0.0136986301369863,,,,,
36,147456,75,18053.37472781079,11311.239204168742,3.8266666666666667,1929.0933333333332,-0.01593180375675729,3580.4832719266415,1.0449831348378211,9.929753600000001e-05,0.73098373,2.2666666666666666,0.44,0.37333333333333335,0.17333333333333334,0.013333333333333334,,,,,
37,151552,79,17787.759400788353,11137.226181898186,3.848101265822785,1908.5569620253164,-0.018434325909765903,1109.4874590933323,1.0552360510919243,9.927746560000001e-05,0.89201486,2.3037974683544302,0.4430379746835443,0.35443037974683544,0.17721518987341772,0.02531645569620253,,,,,
38,155648,81,17831.008660262916,11151.326741975976,3.8518518518518516,1911.567901234568,-0.01573863434350642,2123.6118205189705,1.1866335987579077,9.92573952e-05,0.886409,2.2962962962962963,0.4444444444444444,0.35802469135802467,0.1728395061728395,0.024691358024691357,,,,,
39,159744,83,17673.393616583984,11039.010981996484,3.8433734939759034,1897.3855421686746,-0.018110688422893872,479.8133919611573,1.1438103751279414,9.92373248e-05,0.9417151,2.3012048192771086,0.4457831325301205,0.3493975903614458,0.18072289156626506,0.024096385542168676,,,,,
40,163840,84,17702.225164967513,11045.468015970562,3.8333333333333335,1902.25,-0.017027459264681966,1635.5537338405848,1.0563341383822262,9.92172544e-05,0.9373131,2.2857142857142856,0.4523809523809524,0.34523809523809523,0.17857142857142858,0.023809523809523808,,,,,
41,167936,85,18162.951224113585,11321.036562741103,3.8588235294117648,1938.070588235294,-0.01734567455787328,4686.4768244326115,1.139054209808819,9.9197184e-05,0.97324413,2.2705882352941176,0.4588235294117647,0.3411764705882353,0.17647058823529413,0.023529411764705882,,,,,
42,172032,89,18075.760682039716,11260.7282872458,3.8876404494382024,1932.685393258427,-0.02011841439161799,2455.672807186842,1.0653309202753007,9.91771136e-05,0.87467176,2.303370786516854,0.4606741573033708,0.3258426966292135,0.1797752808988764,0.033707865168539325,,,,,
43,176128,90,18133.041796925943,11302.314342126747,3.888888888888889,1940.2222222222222,-0.018409432904263667,2025.747472077608,1.0806641281815246,9.91570432e-05,0.9114232,2.3,0.45555555555555555,0.3333333333333333,0.17777777777777778,0.03333333333333333,,,,,
44,180224,92,18131.22375210027,11302.387699438921,3.880434782608696,1943.1304347826087,-0.019265478771558264,1919.5090718716383,1.1178342029452324,9.91369728e-05,0.8728731,2.282608695652174,0.45652173913043476,0.33695652173913043,0.17391304347826086,0.03260869565217391,,,,,
45,184320,95,17919.711244230195,11157.413371374043,3.831578947368421,1928.1473684210525,-0.022089682079240447,758.4460188597441,1.1803195031825453,9.91169024e-05,0.9156844,2.2421052631578946,0.47368421052631576,0.3263157894736842,0.16842105263157894,0.031578947368421054,,,,,
46,188416,97,17954.78262814592,11184.710972401848,3.8247422680412373,1935.3298969072166,-0.015333345436374657,2474.353310018778,1.052658524364233,9.909683200000001e-05,0.880261,2.2268041237113403,0.4742268041237113,0.32989690721649484,0.16494845360824742,0.030927835051546393,,,,,
47,192512,98,18179.145276286803,11331.059336662373,3.836734693877551,1956.408163265306,-0.015594179298204836,2329.575710475445,1.0118695970159024,9.907676160000001e-05,0.9283995,2.2142857142857144,0.47959183673469385,0.32653061224489793,0.16326530612244897,0.030612244897959183,,,,,
48,196608,100,18211.246199976908,11346.142521944554,3.82,1964.94,-0.0222482618801223,1328.4782609343529,1.1728861143346876,9.905669120000001e-05,0.9050177,2.19,0.49,0.32,0.16,0.03,,,,,
49,200704,104,17807.362459457316,11094.94622540263,3.83,1925.17,-0.02253013894187461,1538.934008255601,1.1936840724665672,9.903662080000001e-05,0.8119689,2.24,0.49,0.31,0.16,0.04,,,,,
50,204800,106,17842.564784792088,11121.190064403405,3.84,1931.8,-0.016555398040509317,2177.1307840943336,1.0986393044004217,9.90165504e-05,0.86681366,2.24,0.49,0.31,0.16,0.04,17067.469672638003,10940.654148153266,4.366666666666666,1698.8666666666666,0.0
51,208896,108,17262.59658032062,10768.65941564738,3.78,1889.36,-0.02014086971303186,910.025078356266,1.0645197924459353,9.899648e-05,0.9470097,2.22,0.48,0.33,0.15,0.04,,,,,
52,212992,108,17262.59658032062,10768.65941564738,3.78,1889.36,-0.012386054391754442,20078.01821935177,0.9511514803161845,9.89764096e-05,0.9387308,2.22,0.48,0.33,0.15,0.04,,,,,
53,217088,111,17672.049673749952,11030.389082628677,3.79,1913.21,-0.020712018482299754,1718.9376585781574,1.1719264143612236,9.89563392e-05,0.874104,2.21,0.48,0.33,0.15,0.04,,,,,
54,221184,113,17691.947249912562,11023.548934334223,3.75,1922.7,-0.017075790085073095,978.7427091300488,1.0473524146946147,9.89362688e-05,0.9409054,2.16,0.49,0.34,0.13,0.04,,,,,
55,225280,118,17798.997348874585,11092.464203121903,3.74,1935.23,-0.022184493381246284,2383.921123430133,1.092815907788463,9.89161984e-05,0.7850748,2.13,0.5,0.32,0.14,0.04,,,,,
56,229376,119,17217.733135934788,10742.858361657627,3.71,1887.3,-0.015760414104079246,2825.7928050756454,1.0657080208184198,9.8896128e-05,0.88334167,2.15,0.49,0.33,0.14,0.04,,,,,
57,233472,123,16915.90063468728,10583.899368536715,3.77,1853.49,-0.01798516552298679,3274.356796324253,1.0784805190050974,9.88760576e-05,0.8770198,2.25,0.46,0.34,0.15,0.05,,,,,
58,237568,125,16806.71766045552,10496.147276168283,3.76,1846.16,-0.02203328845462238,1164.7639676332474,1.1568637813907117,9.885598720000001e-05,0.9469342,2.24,0.46,0.34,0.15,0.05,,,,,
59,241664,128,16179.108011130551,10108.45031110914,3.78,1783.28,-0.023858989216023474,786.8611579835415,1.0994650177890435,9.883591680000001e-05,0.9587106,2.33,0.44,0.35,0.14,0.07,,,,,
60,245760,131,15701.627833941824,9785.499438042767,3.72,1753.72,-0.020255447131148685,1543.9424596726894,1.1755398472305387,9.881584640000001e-05,0.92628896,2.31,0.45,0.34,0.14,0.07,,,,,
61,249856,133,15467.333935276163,9629.785386131936,3.68,1737.88,-0.02405050434572331,937.1446474045515,1.1715028084581718,9.879577600000001e-05,0.8983221,2.29,0.47,0.32,0.14,0.07,,,,,
62,253952,136,15526.053704971024,9676.722659981908,3.67,1746.38,-0.020623067559881747,1225.762113764882,1.122755706193857,9.877570560000001e-05,0.91913223,2.26,0.48,0.32,0.13,0.07,,,,,
63,258048,138,15456.264969085774,9627.692030665936,3.64,1746.97,-0.017392407809893484,1905.52283680439,1.1340128164738417,9.87556352e-05,0.909024,2.23,0.49,0.32,0.12,0.07,,,,,
64,262144,138,15456.264969085774,9627.692030665936,3.64,1746.97,-0.010330281868846214,23620.52321881056,1.0517799555091187,9.87355648e-05,0.9234667,2.23,0.49,0.32,0.12,0.07,,,,,
65,266240,139,15966.833790040702,9955.356742882397,3.67,1784.89,-0.010272590027852857,23478.375813394785,1.0156266036210582,9.87154944e-05,0.94702595,2.22,0.49,0.32,0.12,0.07,,,,,
66,270336,141,16340.124554944672,10194.44800829636,3.71,1807.89,-0.017848488767413073,2672.977689266205,1.1487650980707258,9.8695424e-05,0.88219327,2.24,0.48,0.33,0.12,0.07,,,,,
67,274432,143,16397.73375713849,10225.384302382148,3.68,1814.53,-0.017585257271093724,3500.676857933402,1.1113292385125533,9.86753536e-05,0.61727977,2.2,0.49,0.33,0.11,0.07,,,,,
68,278528,145,16608.100199463173,10344.991961287722,3.7,1832.5,-0.014732249019743904,2523.602555155754,1.1633213844615966,9.86552832e-05,0.83028984,2.2,0.49,0.33,0.11,0.07,,,,,
69,282624,146,16494.12404773794,10270.76370348335,3.68,1824.3,-0.0192890511434598,1113.3466210514307,1.1150167759042233,9.86352128e-05,0.9566541,2.19,0.5,0.32,0.11,0.07,,,,,
70,286720,149,16680.785466521516,10389.815196897587,3.68,1840.34,-0.01788465401659778,5773.932916224003,1.1780629663262516,9.86151424e-05,0.9046474,2.17,0.51,0.31,0.11,0.07,,,,,
71,290816,152,16577.85693281728,10330.381658708071,3.71,1825.53,-0.01699174335317366,2200.4208655506372,1.1466730340616778,9.859507200000001e-05,0.8926963,2.21,0.5,0.31,0.12,0.07,,,,,
72,294912,154,16331.845362838094,10164.835073833889,3.7,1801.97,-0.015682397331147513,980.6860553324223,1.1177413663826883,9.857500160000001e-05,0.94011843,2.23,0.49,0.32,0.12,0.07,,,,,
73,299008,156,16771.226535956055,10447.981532307032,3.73,1840.74,-0.014340868271574436,9452.837200254202,1.114099679980427,9.855493120000001e-05,0.90234697,2.22,0.49,0.32,0.12,0.07,,,,,
74,303104,158,16811.66119585478,10467.389115983056,3.74,1845.72,-0.020816607088818273,1478.2293760627508,1.0943163898773491,9.853486080000001e-05,0.94195485,2.22,0.5,0.3,0.13,0.07,,,,,
75,307200,161,16271.180556506728,10105.01971089897,3.71,1803.54,-0.0209042950609728,1594.2865369319916,1.1401624963618815,9.85147904e-05,0.8046598,2.24,0.5,0.29,0.14,0.07,14385.214989658736,9061.927068505049,4.166666666666667,1566.1333333333334,0.0
76,311296,162,16297.864351641894,10116.841812108229,3.7,1810.23,-0.01798592857994663,1148.184845045209,1.1207951836986467,9.849472e-05,0.94866633,2.22,0.51,0.28,0.14,0.07,,,,,
77,315392,165,16424.683969037505,10177.164233070589,3.68,1826.83,-0.022654774633338093,1128.0370390862226,1.1638266001828015,9.84746496e-05,0.89968336,2.18,0.51,0.29,0.14,0.06,,,,,
78,319488,167,16459.1353092138,10178.164530164631,3.66,1830.13,-0.015553248897049343,1975.9087035357952,1.1414585674647242,9.84545792e-05,0.92752683,2.15,0.52,0.29,0.13,0.06,,,,,
79,323584,168,16596.619924291273,10262.70062497132,3.68,1840.34,-0.014174230676871957,3678.732661128044,1.1185850948095322,9.84345088e-05,0.9281966,2.16,0.51,0.3,0.13,0.06,,,,,
80,327680,170,17135.605015921545,10606.225268366523,3.74,1883.72,-0.015962943248268857,2475.5974776744843,1.1335194751154631,9.84144384e-05,0.92764294,2.17,0.5,0.31,0.13,0.06,,,,,
81,331776,173,16920.509003031955,10494.537675627616,3.73,1865.7,-0.02683636101482989,1006.9561821520329,1.211952843470499,9.8394368e-05,0.86408776,2.17,0.51,0.29,0.14,0.06,,,,,
82,335872,174,17037.924897856727,10559.605517785729,3.74,1878.33,-0.015280900581274182,1485.2463781386614,1.0225060795200989,9.83742976e-05,0.9525954,2.17,0.51,0.29,0.14,0.06,,,,,
83,339968,177,17413.258612988287,10783.535031227118,3.73,1917.33,-0.01989972967567155,1495.1614902615547,1.045119108632207,9.835422720000001e-05,0.84720206,2.12,0.53,0.28,0.13,0.06,,,,,
84,344064,180,17384.052362204337,10765.91795263263,3.69,1917.37,-0.021981246522045694,955.4715724289417,1.1613779906183481,9.833415680000001e-05,0.9101357,2.08,0.53,0.29,0.13,0.05,,,,,
85,348160,182,17127.506396503406,10637.225879121645,3.69,1896.23,-0.021847130131391168,1296.108561784029,1.088613700820133,9.831408640000001e-05,0.9091236,2.11,0.52,0.29,0.14,0.05,,,,,
86,352256,183,17541.211264236194,10881.200087253135,3.7,1934.82,-0.020068571631782106,1341.7690007090569,1.1047111303778365,9.829401600000001e-05,0.95150256,2.08,0.53,0.29,0.13,0.05,,,,,
87,356352,185,17110.309320515127,10630.803637851006,3.67,1903.92,-0.023906315329440986,1701.5573844462633,1.0683659677160904,9.827394560000001e-05,0.905849,2.08,0.53,0.29,0.13,0.05,,,,,
88,360448,186,17207.133373795656,10702.105639810407,3.68,1913.29,-0.023735948981993715,1745.0939549952745,1.0949883933644742,9.82538752e-05,0.9580361,2.08,0.53,0.29,0.13,0.05,,,,,
89,364544,189,17198.246867285852,10680.789966869674,3.61,1915.63,-0.022425459324040276,975.1004782617092,1.145360445138067,9.82338048e-05,0.91390437,2.0,0.55,0.29,0.12,0.04,,,,,
90,368640,189,17198.246867285852,10680.789966869674,3.61,1915.63,-0.013832306221047475,4333.979210957885,1.1075027020415291,9.82137344e-05,0.97037953,2.0,0.55,0.29,0.12,0.04,,,,,
91,372736,193,17223.159851204542,10700.66887411121,3.62,1910.87,-0.018305485749806394,1952.6018039137125,1.1211033309809864,9.8193664e-05,0.88548756,2.02,0.55,0.28,0.13,0.04,,,,,
92,376832,194,17416.40847443302,10811.103068861014,3.64,1923.87,-0.017123822508438025,1979.8499244749546,1.0998804214177653,9.81735936e-05,0.9358419,2.03,0.54,0.29,0.13,0.04,,,,,
93,380928,196,17666.7348829261,10975.660922419476,3.66,1946.23,-0.017321931718470296,3504.234291136265,1.1210188926197588,9.81535232e-05,0.9319675,2.03,0.54,0.29,0.13,0.04,,,,,
94,385024,199,17089.25173591786,10609.622870619398,3.64,1893.57,-0.016933528727804514,1729.8560618311167,1.2043806170113385,9.81334528e-05,0.8248254,2.06,0.54,0.28,0.14,0.04,,,,,
95,389120,200,17412.910248372013,10801.223977739166,3.67,1919.01,-0.01740089376380638,1459.518427029252,1.1439721221104264,9.81133824e-05,0.96603227,2.06,0.54,0.28,0.14,0.04,,,,,
96,393216,202,17767.547389589836,11018.607155124939,3.68,1952.62,-0.021016825588958454,2441.3313472121954,1.1665677424753085,9.8093312e-05,0.9215444,2.03,0.54,0.29,0.14,0.03,,,,,
97,397312,203,17873.758068338448,11099.32163255333,3.7,1959.29,-0.015692798651798512,2592.723145261407,1.1515110296895728,9.807324160000001e-05,0.92337173,2.05,0.53,0.3,0.14,0.03,,,,,
98,401408,206,17936.344131539277,11146.18119991132,3.68,1965.65,-0.02170130192553188,2346.8600826114416,1.1970730803441256,9.805317120000001e-05,0.9036781,2.02,0.53,0.31,0.13,0.03,,,,,
99,405504,209,17196.377987078868,10704.377120154986,3.67,1911.98,-0.017967698056963854,1398.2810774594545,1.0651564247673377,9.803310080000001e-05,0.84704286,2.07,0.53,0.3,0.13,0.04,,,,,
100,409600,210,17370.09021542672,10814.398874203418,3.68,1929.53,-0.01723327490435622,2475.0886937975883,1.0857440546387807,9.801303040000001e-05,0.93889177,2.06,0.54,0.29,0.13,0.04,12170.112094517377,7612.664957835944,3.933333333333333,1352.1,0.0
101,413696,212,17524.166427831216,10902.293098251435,3.7,1944.82,-0.01967982961468806,1773.4757060706615,1.1086814784212038,9.799296e-05,0.89501154,2.06,0.54,0.29,0.13,0.04,,,,,
102,417792,215,17555.477429287243,10919.590965629637,3.71,1941.52,-0.015382644212877494,11615.332378819585,1.092769843293354,9.79728896e-05,0.8925493,2.07,0.54,0.29,0.12,0.05,,,,,
103,421888,217,17879.43341549179,11122.1997814823,3.74,1965.82,-0.020607439456398424,3499.2612363398075,1.0950566480169073,9.79528192e-05,0.9394375,2.07,0.53,0.31,0.11,0.05,,,,,
104,425984,220,17790.6576409371,11075.052251885127,3.74,1957.3,-0.01811984450341697,5247.1069149672985,1.0929287791950628,9.79327488e-05,0.9527159,2.09,0.53,0.3,0.12,0.05,,,,,
105,430080,223,17900.773862278416,11115.390652278698,3.67,1969.87,-0.0181109581135388,1700.6247680336237,1.111149858450517,9.79126784e-05,0.9440579,2.0,0.55,0.3,0.11,0.04,,,,,
106,434176,226,17840.951016514875,11076.312889439425,3.72,1957.9,-0.015533841807155113,4410.715399771929,1.1328304862836376,9.7892608e-05,0.9605132,2.06,0.55,0.28,0.12,0.05,,,,,
107,438272,229,17623.9538471574,10973.162532901824,3.67,1947.3,-0.014365324735990725,3534.560922294855,1.077864638180472,9.78725376e-05,0.8530692,2.02,0.55,0.29,0.12,0.04,,,,,
108,442368,232,17556.841242199178,10925.860303647907,3.7,1935.96,-0.01599196027382277,1638.3968774229288,1.1281367085175589,9.78524672e-05,0.93589306,2.06,0.54,0.3,0.11,0.05,,,,,
109,446464,235,17656.01938314182,10971.39892676959,3.72,1939.24,-0.020071676071893307,1505.396449059248,1.1050017699599266,9.783239680000001e-05,0.94584227,2.08,0.53,0.3,0.12,0.05,,,,,
110,450560,238,17629.585347150667,10974.250600522884,3.74,1931.58,-0.019935031663408154,2264.647799372673,1.1589832152239978,9.781232640000001e-05,0.9178686,2.11,0.51,0.32,0.12,0.05,,,,,
111,454656,240,16743.090846791543,10395.237406543078,3.71,1861.38,-0.01878410913195694,3799.493267893791,1.1386048671556637,9.779225600000001e-05,0.97326165,2.15,0.51,0.3,0.14,0.05,,,,,
112,458752,244,16217.07119018295,10068.517102001473,3.7,1807.04,-0.02043284061801387,1799.9299364835024,1.119513711775653,9.777218560000001e-05,0.9317747,2.2,0.49,0.31,0.15,0.05,,,,,
113,462848,247,15903.304832376016,9886.760952093891,3.69,1779.96,-0.01588107751285861,2711.3588488698006,1.1327610498992726,9.77521152e-05,0.9240573,2.22,0.48,0.32,0.15,0.05,,,,,
114,466944,251,15729.49905049032,9792.973969690462,3.71,1761.22,-0.016673940477630822,2312.6854387819767,1.1070086950203404,9.77320448e-05,0.91429234,2.26,0.47,0.31,0.17,0.05,,,,,
115,471040,257,14881.535923751248,9262.07288974885,3.7,1682.52,-0.020556297991788597,813.5322978496552,1.107532522873953,9.77119744e-05,0.7926995,2.34,0.46,0.3,0.18,0.06,,,,,
116,475136,259,15041.616263785716,9357.629814727346,3.71,1690.52,-0.01678354578325525,2367.9731831103563,1.1470688913250342,9.7691904e-05,0.9442295,2.34,0.45,0.32,0.17,0.06,,,,,
117,479232,265,14600.739563318035,9118.207704461905,3.7,1646.58,-0.024216998948759283,922.649709880352,1.1406616047024727,9.76718336e-05,0.57251227,2.38,0.44,0.32,0.18,0.06,,,,,
118,483328,270,13567.872375547544,8467.305242507207,3.69,1552.82,-0.022905845718923956,770.9369526728988,1.1655173497274518,9.76517632e-05,0.88316655,2.48,0.43,0.31,0.19,0.07,,,,,
119,487424,272,13697.607498065454,8525.36493411453,3.69,1564.55,-0.012537118784166523,1187.9061997830868,1.1667793940287083,9.76316928e-05,0.93621606,2.47,0.43,0.32,0.18,0.07,,,,,
120,491520,275,13510.359554007298,8428.154936502966,3.67,1545.17,-0.02113536024808127,2589.7043884694576,1.1552685153437778,9.76116224e-05,0.95459026,2.47,0.42,0.34,0.17,0.07,,,,,
121,495616,278,13423.462109752189,8361.041003928554,3.68,1528.01,-0.020149990668869577,911.488028973341,1.1296677123755217,9.7591552e-05,0.9543801,2.5,0.4,0.36,0.17,0.07,,,,,
122,499712,282,13460.192412165874,8375.156727859568,3.67,1529.12,-0.017827068487349607,2925.8021885305643,1.1728244058322161,9.757148160000001e-05,0.78755534,2.49,0.4,0.37,0.16,0.07,,,,,
123,503808,284,13200.155483305662,8221.470615154218,3.66,1504.01,-0.018870847632570076,1547.2789829224348,1.1151636986760423,9.755141120000001e-05,0.88656205,2.5,0.39,0.38,0.16,0.07,,,,,
124,507904,286,12963.660435676133,8088.055349274509,3.65,1479.31,-0.013445800608678837,3432.576923072338,1.0688863774994388,9.753134080000001e-05,0.92809844,2.52,0.37,0.4,0.16,0.07,,,,,
125,512000,288,12786.56849343537,7995.6446549838765,3.66,1461.65,-0.02130943406973529,995.3832569569349,1.0827917587012053,9.751127040000001e-05,0.9404359,2.56,0.35,0.41,0.17,0.07,12951.048794098435,8044.791747134785,4.0,1377.3,0.0
126,516096,291,12811.026422290897,8002.072519018193,3.69,1459.0,-0.012193534675134288,5368.562562823296,1.0919207778060809,9.74912e-05,0.8818919,2.6,0.34,0.41,0.18,0.07,,,,,
127,520192,295,12189.294841613546,7622.898306085558,3.66,1406.59,-0.024923014509113273,627.2471424564719,1.1118135545402765,9.74711296e-05,0.8267752,2.63,0.33,0.42,0.18,0.07,,,,,
128,524288,299,12124.164402056866,7593.2129200482605,3.69,1395.71,-0.017385155695592402,2722.6133868545294,1.098964990931563,9.74510592e-05,0.9010081,2.68,0.31,0.43,0.19,0.07,,,,,
129,528384,302,11571.937093893814,7266.596032562888,3.64,1345.81,-0.01838063275681634,1996.8573813438416,1.1001924898009747,9.74309888e-05,0.89704883,2.69,0.3,0.44,0.19,0.07,,,,,
130,532480,303,11541.127636193167,7225.147526152437,3.63,1343.67,-0.017383708627676242,1675.0965526103973,1.0964054458308965,9.74109184e-05,0.9471486,2.68,0.3,0.44,0.19,0.07,,,,,
131,536576,304,11646.84151202749,7294.964098289126,3.64,1349.5,-0.015355252840890898,2509.3683113008738,1.0773789276136085,9.7390848e-05,0.9616519,2.68,0.3,0.44,0.19,0.07,,,,,
132,540672,308,11918.45273013117,7448.547816336982,3.63,1367.12,-0.019392416606933693,3226.7262623161077,1.1574995939154178,9.73707776e-05,0.93427604,2.66,0.29,0.46,0.19,0.06,,,,,
133,544768,312,11355.322932037827,7098.6309216034215,3.61,1309.66,-0.019202526442313683,1344.069116562605,1.1278165221447125,9.73507072e-05,0.7003467,2.71,0.27,0.47,0.2,0.06,,,,,
134,548864,314,11314.110668089614,7074.38426970043,3.57,1315.38,-0.015064585750224069,4532.539346247911,1.117237051599659,9.733063680000001e-05,0.75510055,2.67,0.27,0.48,0.2,0.05,,,,,
135,552960,316,11434.300942829761,7135.22220413381,3.57,1326.4,-0.022600207181312726,1999.3905828744173,1.026507650851272,9.731056640000001e-05,0.9467459,2.66,0.28,0.47,0.2,0.05,,,,,
136,557056,318,11639.227450014194,7233.702982372687,3.57,1345.72,-0.023473557928809896,915.5318599045277,1.135164941311814,9.729049600000001e-05,0.952632,2.64,0.29,0.46,0.2,0.05,,,,,
137,561152,320,11476.43928877937,7127.107691181012,3.54,1336.58,-0.017462623183746473,1604.6708105951548,1.1691163301002234,9.727042560000001e-05,0.83842564,2.62,0.29,0.47,0.19,0.05,,,,,
138,565248,322,11767.940103251129,7310.649572793824,3.57,1364.99,-0.021291461525834166,2085.5626289248466,1.135542562813498,9.72503552e-05,0.9104612,2.62,0.29,0.47,0.19,0.05,,,,,
139,569344,323,11716.472763200878,7287.987507790717,3.56,1363.39,-0.014756876227693283,4276.539764642715,1.1233707544161007,9.72302848e-05,0.6674657,2.61,0.3,0.46,0.19,0.05,,,,,
140,573440,327,11867.183677459916,7383.126838379145,3.52,1381.48,-0.019088989742158446,1073.1905521899462,1.118535397341475,9.72102144e-05,0.9468308,2.56,0.3,0.48,0.18,0.04,,,,,
141,577536,328,11881.233074935617,7382.570279083705,3.52,1381.67,-0.008316694336826913,2493.430093795061,1.1434089672984555,9.7190144e-05,0.9124257,2.56,0.3,0.48,0.18,0.04,,,,,
142,581632,331,12293.333626449441,7606.300036574655,3.46,1424.86,-0.019290635338620632,672.307055324316,1.0976069082971662,9.71700736e-05,0.9313046,2.45,0.32,0.48,0.18,0.02,,,,,
143,585728,334,12224.82973026072,7583.002218238532,3.48,1415.28,-0.01238735904917121,5388.162052690983,1.0583784609334543,9.71500032e-05,0.91820633,2.48,0.31,0.49,0.18,0.02,,,,,
144,589824,336,12171.164501438456,7545.0705724033605,3.52,1406.41,-0.020484509461311973,1014.0250860899687,1.1219248205889016,9.71299328e-05,0.95028967,2.53,0.3,0.49,0.18,0.03,,,,,
145,593920,339,12253.712426006854,7574.986920138922,3.5,1416.52,-0.017057226115866797,2018.849326312542,1.21276523033157,9.71098624e-05,0.9150623,2.5,0.31,0.48,0.18,0.03,,,,,
146,598016,341,12224.657402900846,7563.5367886961585,3.49,1415.13,-0.022165344124914554,1246.6306124329567,1.1881761020049453,9.7089792e-05,0.92160743,2.49,0.31,0.49,0.17,0.03,,,,,
147,602112,343,12551.08265540513,7765.19877012708,3.51,1446.9,-0.014748384561244166,2443.277110055089,1.0799697111360729,9.706972160000001e-05,0.9333534,2.47,0.32,0.48,0.17,0.03,,,,,
148,606208,345,12663.731910815412,7821.847956741037,3.48,1463.07,-0.02513487037322193,838.6741137206554,1.1381118766730651,9.704965120000001e-05,0.9112807,2.42,0.34,0.47,0.16,0.03,,,,,
149,610304,347,12644.182827984347,7815.949892328337,3.46,1465.44,-0.015584097172904876,4462.260188907385,1.146582861081697,9.702958080000001e-05,0.88606566,2.4,0.34,0.48,0.15,0.03,,,,,
150,614400,350,12896.332734223646,7941.011718948875,3.44,1489.25,-0.021491316254468984,528.4230723679066,1.1185779228108004,9.700951040000001e-05,0.9477207,2.36,0.35,0.49,0.13,0.03,16992.62586483567,10478.87395552805,4.4,1728.5,0.0
151,618496,353,12989.867235578513,8008.237299866884,3.43,1498.52,-0.017888287390633195,3061.378759741783,1.1274694085586816,9.698944e-05,0.8366888,2.34,0.34,0.51,0.13,0.02,,,,,
152,622592,354,13224.988078607144,8157.791277090508,3.44,1523.64,-0.021851720699487487,1135.6465562731028,1.1090859273681417,9.69693696e-05,0.9412915,2.32,0.35,0.5,0.13,0.02,,,,,
153,626688,359,13296.379128644809,8207.409956032741,3.48,1525.33,-0.014719984964358446,16508.260810941458,1.01193806307856,9.69492992e-05,0.93270564,2.35,0.36,0.48,0.12,0.04,,,,,
154,630784,361,13437.003404895766,8282.095889601265,3.47,1539.93,-0.016756927956521395,1064.174697458744,1.163422217592597,9.69292288e-05,0.88629293,2.32,0.37,0.48,0.11,0.04,,,,,
155,634880,364,13648.171635090306,8444.87195714826,3.5,1565.45,-0.020013295984426804,3522.8870368003845,1.0917579303495586,9.69091584e-05,0.81069577,2.32,0.37,0.48,0.11,0.04,,,,,
156,638976,366,13922.260467429202,8616.780303213305,3.52,1585.12,-0.014781700934690889,8726.066755503416,1.0316098729381338,9.6889088e-05,0.9102231,2.31,0.38,0.46,0.12,0.04,,,,,
157,643072,368,13957.205262086163,8642.448104992698,3.52,1588.47,-0.021515920005185762,2539.341691032052,1.109234528732486,9.68690176e-05,0.66598874,2.31,0.38,0.46,0.12,0.04,,,,,
158,647168,369,14316.971371542431,8869.559087981877,3.51,1622.6,-0.01724266319160961,1866.453928411007,1.050899322843179,9.68489472e-05,0.95040417,2.26,0.39,0.46,0.12,0.03,,,,,
159,651264,372,14519.5469255246,9006.915627546836,3.51,1644.64,-0.021241758255200693,1469.1518592387438,1.1443974782014266,9.68288768e-05,0.91152227,2.23,0.4,0.45,0.12,0.03,,,,,
160,655360,375,14408.814729247517,8934.12209534337,3.49,1638.95,-0.022485409986074956,639.2190191075206,1.0595497298054397,9.680880640000001e-05,0.9641814,2.22,0.4,0.45,0.12,0.03,,,,,
161,659456,375,14408.814729247517,8934.12209534337,3.49,1638.95,-0.015186950828137924,4272.478245079517,1.032073961920105,9.678873600000001e-05,0.96534574,2.22,0.4,0.45,0.12,0.03,,,,,
162,663552,377,15049.249988994785,9341.979170195835,3.53,1696.41,-0.01538162981341884,2304.2262949347496,1.1138425818644464,9.676866560000001e-05,0.94945365,2.2,0.41,0.44,0.12,0.03,,,,,
163,667648,378,15361.1901030452,9546.320294675454,3.57,1717.55,-0.01367125015349302,6911.401379495859,1.0460138656198978,9.674859520000001e-05,0.95107144,2.22,0.4,0.45,0.12,0.03,,,,,
164,671744,382,15425.151641338613,9580.578745027155,3.58,1719.41,-0.02362391556835064,1204.3252876847982,1.1365927727892995,9.67285248e-05,0.96469605,2.23,0.4,0.45,0.12,0.03,,,,,
165,675840,384,15452.38248109582,9618.385772662263,3.61,1719.57,-0.016741143586841645,4593.398637413979,1.0956487177172676,9.67084544e-05,0.94218236,2.27,0.39,0.45,0.13,0.03,,,,,
166,679936,387,15364.49183535868,9546.444907882164,3.57,1717.47,-0.02183338072609331,1542.525296509266,1.1702656890265644,9.6688384e-05,0.8460058,2.23,0.41,0.44,0.12,0.03,,,,,
167,684032,389,15244.339053125195,9480.079463178838,3.56,1709.9,-0.022385256310371915,1868.0341876000166,1.1535985002992675,9.66683136e-05,0.9172058,2.23,0.41,0.44,0.12,0.03,,,,,
168,688128,390,15497.895831007056,9634.14634456681,3.57,1734.77,-0.016202075968976715,1553.8642254322767,1.053293239674531,9.66482432e-05,0.945693,2.21,0.42,0.43,0.12,0.03,,,,,
169,692224,392,15518.632816730058,9647.92614116968,3.55,1744.18,-0.02376851693406934,1596.0842508226633,1.109418799285777,9.66281728e-05,0.84671664,2.18,0.43,0.43,0.11,0.03,,,,,
170,696320,395,15738.449853443117,9786.219920169196,3.54,1767.8,-0.01750063180043071,2082.915111064911,1.151870156172663,9.66081024e-05,0.91540015,2.14,0.44,0.43,0.1,0.03,,,,,
171,700416,398,15689.963722880026,9749.848474881463,3.5,1766.77,-0.019158912684360985,1395.5232842713594,1.1735570293385535,9.6588032e-05,0.85055125,2.1,0.45,0.43,0.09,0.03,,,,,
172,704512,402,15700.066313137148,9740.435542864941,3.48,1770.31,-0.02582639486536209,713.1096418201923,1.1450054512824863,9.656796160000001e-05,0.9297726,2.07,0.45,0.44,0.08,0.03,,,,,
173,708608,405,14863.869600172004,9246.563482433989,3.39,1702.73,-0.02276245855500747,2162.312541618943,1.1470847122836858,9.654789120000001e-05,0.8309616,2.06,0.46,0.43,0.08,0.03,,,,,
174,712704,406,15022.300866271236,9338.369452613766,3.43,1712.24,-0.015102960637250362,3681.20614592731,1.1111274247523397,9.652782080000001e-05,0.9339961,2.09,0.46,0.42,0.09,0.03,,,,,
175,716800,410,15298.961845248788,9479.20705123755,3.49,1736.65,-0.023704725909738045,648.5313403010368,1.1305180490016937,9.650775040000001e-05,0.9018455,2.12,0.47,0.39,0.11,0.03,14492.001902793649,9281.54004250388,4.1,1559.2333333333333,0.0
176,720896,412,15527.182449560507,9630.470719076162,3.48,1765.4,-0.01674790003016824,2200.8658341169357,1.1051340030971915,9.648768e-05,0.9096688,2.07,0.49,0.38,0.1,0.03,,,,,
177,724992,413,15495.68896903349,9611.683995671894,3.49,1758.31,-0.021193641869103885,1892.2755359560251,1.0733320801518857,9.64676096e-05,0.9542029,2.09,0.48,0.39,0.1,0.03,,,,,
178,729088,415,15543.149484984882,9646.74246460128,3.49,1759.73,-0.014187306952408107,3983.5980312526226,1.0935442404588684,9.64475392e-05,0.9270596,2.08,0.49,0.38,0.1,0.03,,,,,
179,733184,416,16057.551947456233,9962.916010642863,3.53,1800.36,-0.01146942735522316,3737.667214676738,1.0557674607262015,9.64274688e-05,0.9652105,2.07,0.5,0.37,0.1,0.03,,,,,
180,737280,419,15930.426294899731,9896.480608251197,3.51,1792.67,-0.0163000742713848,3484.522132501006,1.090922010014765,9.64073984e-05,0.46811074,2.06,0.5,0.37,0.1,0.03,,,,,
181,741376,422,15790.691871922249,9813.343543572417,3.54,1768.44,-0.012317386307586276,4043.0382063388824,1.0132235757773742,9.6387328e-05,0.893666,2.12,0.48,0.38,0.11,0.03,,,,,
182,745472,424,15509.494910132873,9646.702301402085,3.53,1738.82,-0.01577940067909367,1431.5798209905624,1.0829827580600977,9.63672576e-05,0.9447563,2.14,0.47,0.39,0.11,0.03,,,,,
183,749568,428,15406.058071911077,9594.491872446575,3.53,1733.51,-0.015214098573778756,2495.339512422681,1.1111061327392235,9.63471872e-05,0.6755903,2.14,0.48,0.37,0.12,0.03,,,,,
184,753664,432,15096.09207475301,9401.589733864623,3.5,1703.52,-0.02041156181894621,950.8500854074955,1.1159463856602088,9.63271168e-05,0.8416513,2.15,0.48,0.36,0.13,0.03,,,,,
185,757760,433,15518.750439558611,9650.540651956246,3.51,1742.72,-0.01706725464828196,2072.213073462248,1.0574591900222003,9.630704640000001e-05,0.9409193,2.12,0.49,0.36,0.12,0.03,,,,,
186,761856,434,15660.016163396407,9756.266563542249,3.52,1754.31,-0.01032987445114486,7473.9658216536045,1.0290041245752946,9.628697600000001e-05,0.9316726,2.12,0.49,0.36,0.12,0.03,,,,,
187,765952,436,15925.070483109284,9911.027771896875,3.5,1779.93,-0.017490598724180018,1941.2649301737547,1.0712860897183418,9.626690560000001e-05,0.89576614,2.07,0.5,0.36,0.12,0.02,,,,,
188,770048,440,15551.905112701632,9704.70805343713,3.51,1739.48,-0.016679045381351898,6021.452031761408,1.0398697435157374,9.624683520000001e-05,0.91595495,2.13,0.48,0.37,0.13,0.02,,,,,
189,774144,442,15483.549203806473,9656.830684200935,3.49,1736.01,-0.021325579311451293,1121.6874951571226,1.1290952586568892,9.62267648e-05,0.8880292,2.11,0.49,0.36,0.13,0.02,,,,,
190,778240,444,15342.555803833886,9581.22685820306,3.47,1732.22,-0.022923914134480583,2252.4945166110992,1.0645789568079636,9.62066944e-05,0.8430823,2.1,0.5,0.35,0.13,0.02,,,,,
191,782336,447,15414.626151274073,9618.77888912919,3.51,1733.94,-0.016059935884186416,2174.504811555147,1.1106081482721493,9.6186624e-05,0.8956788,2.13,0.49,0.35,0.14,0.02,,,,,
192,786432,451,15148.259996791763,9448.644547362584,3.55,1706.12,-0.02090817210773821,1172.986423522234,1.0657614166848361,9.61665536e-05,0.93698514,2.19,0.49,0.33,0.15,0.03,,,,,
193,790528,453,15361.6299797149,9574.486942692425,3.56,1725.83,-0.022992426979726588,1102.2862039804459,1.0581476996885613,9.61464832e-05,0.9664441,2.18,0.49,0.33,0.15,0.03,,,,,
194,794624,455,15141.064785876264,9427.299091487495,3.58,1700.51,-0.020251347293196886,543.6997230648994,1.0829951505875215,9.61264128e-05,0.9005084,2.23,0.48,0.33,0.15,0.04,,,,,
195,798720,458,15132.480577143808,9409.74307404499,3.51,1716.72,-0.029708299236517632,751.6222965717316,1.140872131800279,9.61063424e-05,0.8975346,2.15,0.5,0.33,0.14,0.03,,,,,
196,802816,462,15049.545113303153,9377.235839469666,3.53,1708.52,-0.01067950108608784,4303.142279684544,1.036845013848506,9.6086272e-05,0.8490312,2.18,0.5,0.31,0.16,0.03,,,,,
197,806912,463,15262.9736557742,9504.186697374971,3.55,1727.09,-0.016823938236484537,1274.088646814227,0.9829348657513037,9.60662016e-05,0.9534438,2.18,0.5,0.31,0.16,0.03,,,,,
198,811008,465,15377.75228383108,9571.589162064598,3.55,1738.85,-0.01993175374900602,1238.3816207945347,1.100107328267768,9.604613120000001e-05,0.9101188,2.17,0.5,0.31,0.16,0.03,,,,,
199,815104,468,15207.07437364086,9450.856701714405,3.56,1724.63,-0.01670424045460095,1751.0874387770891,1.0294438510900363,9.602606080000001e-05,0.92227125,2.2,0.49,0.31,0.17,0.03,,,,,
200,819200,472,14648.94507462838,9099.38220425865,3.55,1667.91,-0.020224058873282047,1538.471378698945,1.0294252734165639,9.600599040000001e-05,0.9498743,2.26,0.46,0.33,0.18,0.03,10663.12761522894,6814.593514439783,3.8333333333333335,1269.5333333333333,0.0
201,823296,477,13986.788167068229,8712.904021882347,3.51,1600.95,-0.01816805507405661,3681.7711350023746,1.1017153126886114,9.598592000000001e-05,0.9491853,2.29,0.45,0.34,0.18,0.03,,,,,
202,827392,480,13493.604652157019,8404.469073072078,3.44,1571.35,-0.0231416137303313,1003.5574896484613,1.1044753465102986,9.59658496e-05,0.79536635,2.25,0.47,0.32,0.18,0.03,,,,,
203,831488,483,13485.2321794807,8386.303613260907,3.43,1574.0,-0.020302438576436543,1380.5392776727676,1.1639142438070849,9.59457792e-05,0.89085644,2.23,0.49,0.29,0.19,0.03,,,,,
204,835584,485,13455.181039335645,8338.67122056596,3.44,1565.01,-0.01789289082717005,1130.9158472418785,0.9784064651466906,9.59257088e-05,0.9680981,2.25,0.48,0.29,0.2,0.03,,,,,
205,839680,488,13531.282444649,8390.589296790116,3.48,1569.49,-0.022690025660267565,2134.625967234373,1.0935489140683785,9.59056384e-05,0.9055805,2.28,0.48,0.28,0.21,0.03,,,,,
206,843776,491,13295.040389817432,8232.099561219098,3.48,1542.98,-0.02089521839752706,1058.6901244819164,1.0761125108692795,9.5885568e-05,0.9333103,2.31,0.46,0.3,0.21,0.03,,,,,
207,847872,492,13643.252243700354,8446.664160556333,3.51,1567.1,-0.01709405912879447,4028.701081261039,1.047123369644396,9.58654976e-05,0.95999414,2.31,0.46,0.3,0.21,0.03,,,,,
208,851968,494,13757.051783982322,8513.28718527154,3.51,1579.08,-0.02329274516523583,934.9688342511654,1.150423180544749,9.58454272e-05,0.94398314,2.3,0.46,0.3,0.21,0.03,,,,,
209,856064,499,13495.873691182045,8383.273474547374,3.56,1547.85,-0.021602794264254044,2317.476298227906,1.0823531077476218,9.58253568e-05,0.8920813,2.39,0.43,0.31,0.23,0.03,,,,,
210,860160,500,13555.482279135473,8420.183107278357,3.56,1554.47,-0.02060297348543827,1504.321056932211,1.120877195498906,9.580528640000001e-05,0.88668025,2.38,0.44,0.3,0.23,0.03,,,,,
211,864256,503,13701.181197678254,8516.500668054698,3.55,1575.73,-0.019342960564245004,2019.5483197271824,1.1251619134563953,9.578521600000001e-05,0.82218343,2.35,0.46,0.28,0.23,0.03,,,,,
212,868352,506,13699.902572467798,8522.647223654285,3.55,1583.36,-0.01887578210880747,1553.0666716098785,1.1442293744767085,9.576514560000001e-05,0.8262512,2.34,0.45,0.3,0.22,0.03,,,,,
213,872448,511,13247.163343028928,8272.76254714453,3.53,1537.52,-0.01431893010976637,3430.7774841189384,1.088491704664193,9.574507520000001e-05,0.7325761,2.37,0.42,0.33,0.22,0.03,,,,,
214,876544,512,13528.902258663462,8431.756208759272,3.55,1558.48,-0.019517633894793107,2035.9783683419228,1.0826843122486025,9.57250048e-05,0.9335658,2.37,0.42,0.33,0.22,0.03,,,,,
215,880640,513,13657.3937676469,8512.953277147206,3.55,1573.6,-0.02158763048646506,1476.7675941288471,1.1294588862219825,9.57049344e-05,0.9263325,2.35,0.43,0.32,0.22,0.03,,,,,
216,884736,517,12784.655724350174,7969.380683142901,3.55,1501.3,-0.02200502033883822,990.9011257439852,1.166349324164912,9.5684864e-05,0.89550847,2.43,0.41,0.32,0.24,0.03,,,,,
217,888832,523,12443.050437831733,7754.021846215403,3.6,1464.09,-0.010091069973896083,3888.015420407057,1.034023450454697,9.56647936e-05,0.78557384,2.52,0.4,0.3,0.27,0.03,,,,,
218,892928,526,12413.840800767559,7709.697508562567,3.58,1464.89,-0.0159781744787324,1180.0431522727013,1.1214474749285728,9.56447232e-05,0.82871747,2.5,0.41,0.29,0.27,0.03,,,,,
219,897024,528,12412.520158545993,7721.038088634573,3.59,1463.11,-0.016885140707017854,2401.3314906805754,1.0431846950668842,9.56246528e-05,0.9090516,2.52,0.4,0.3,0.27,0.03,,,,,
220,901120,531,12728.361621622538,7930.789126804133,3.66,1485.0,-0.010608676750962331,3469.9614478051662,0.9767036176053807,9.56045824e-05,0.8522239,2.57,0.39,0.3,0.28,0.03,,,,,
221,905216,533,12595.363088204293,7853.553619672544,3.63,1476.52,-0.019530232715624152,2392.350830346346,1.1413467999082059,9.5584512e-05,0.88923347,2.55,0.39,0.31,0.27,0.03,,,,,
222,909312,536,12063.853907340914,7543.9835354077595,3.64,1430.25,-0.01458221857137687,3455.8818347603083,1.1460991903441027,9.55644416e-05,0.87099296,2.61,0.37,0.31,0.29,0.03,,,,,
223,913408,539,12106.954256675155,7555.414224570817,3.62,1444.07,-0.018288416511495598,2039.8633822500706,1.0831605376442894,9.554437120000001e-05,0.8202944,2.57,0.39,0.3,0.28,0.03,,,,,
224,917504,542,12130.03346118056,7563.137829379332,3.67,1438.48,-0.013019488018471748,2239.218961969018,1.1648285144474357,9.552430080000001e-05,0.8895124,2.63,0.38,0.29,0.29,0.04,,,,,
225,921600,545,11905.23879028757,7406.88772984783,3.66,1410.25,-0.02121119576258934,1894.6336952149868,1.116125414497219,9.550423040000001e-05,0.92042375,2.65,0.36,0.31,0.29,0.04,13964.301932748886,8707.04669820922,4.1,1471.4333333333334,0.0
226,925696,548,11893.898988946921,7405.8976149869095,3.66,1412.92,-0.01953971353759698,849.6214029937983,1.1025300403125584,9.548416000000001e-05,0.88259804,2.65,0.37,0.3,0.29,0.04,,,,,
227,929792,549,12040.967746354196,7500.114528235338,3.66,1430.83,-0.01986828265398799,2214.429399430752,1.1021169811720029,9.54640896e-05,0.8830177,2.63,0.38,0.29,0.29,0.04,,,,,
228,933888,553,12001.827195783035,7474.137977290101,3.6,1431.14,-0.020540515998618503,1346.1698002964258,1.094735895167105,9.54440192e-05,0.88703614,2.57,0.39,0.29,0.29,0.03,,,,,
229,937984,554,12134.635729259806,7563.482267101463,3.57,1448.28,-0.021262600981572177,1550.8549761474133,1.1533242891309783,9.54239488e-05,0.87141734,2.52,0.4,0.29,0.29,0.02,,,,,
230,942080,555,12224.676578355107,7630.222011946071,3.58,1457.06,-0.019585948180065316,1000.9209552556276,1.1242508126888424,9.54038784e-05,0.9474306,2.52,0.4,0.29,0.29,0.02,,,,,
231,946176,557,12643.403141900857,7874.336071836983,3.62,1489.58,-0.014685663298223517,1844.8905165046453,1.0802170431707054,9.5383808e-05,0.95631933,2.52,0.4,0.29,0.29,0.02,,,,,
232,950272,558,12949.300114870262,8063.884447958061,3.64,1515.46,-0.021293099246577185,1066.4960216581821,1.0921466397121549,9.53637376e-05,0.9642667,2.51,0.4,0.29,0.29,0.02,,,,,
233,954368,559,13192.281968128807,8206.466553944894,3.66,1532.81,-0.01818635728523077,1801.2956094145775,1.0699965115636587,9.53436672e-05,0.9575451,2.51,0.4,0.29,0.29,0.02,,,,,
234,958464,561,13509.870700205893,8375.201090314607,3.62,1565.93,-0.013735156475377153,2492.368094921112,1.1436238224850968,9.53235968e-05,0.9252684,2.43,0.42,0.29,0.28,0.01,,,,,
235,962560,563,13259.064887621149,8201.63653226696,3.57,1548.67,-0.018871953304369526,1438.1657320559025,1.0740867061540484,9.530352640000001e-05,0.880464,2.4,0.43,0.29,0.27,0.01,,,,,
236,966656,567,13104.778569293083,8126.812291019826,3.57,1537.5,-0.02351328907025163,1543.7353357821703,1.1299160342896357,9.528345600000001e-05,0.7692999,2.41,0.43,0.29,0.27,0.01,,,,,
237,970752,570,12989.136724372505,8072.39157448056,3.5,1534.05,-0.021108382550664828,2114.7261645048857,1.1524677679408342,9.526338560000001e-05,0.4879402,2.35,0.45,0.29,0.25,0.01,,,,,
238,974848,573,12946.78069862131,8027.252591038954,3.49,1542.17,-0.02066073898686227,1816.6952609717846,1.1539638310205191,9.524331520000001e-05,0.8727625,2.33,0.47,0.27,0.24,0.02,,,,,
239,978944,576,13080.489207715356,8099.271578049136,3.53,1556.17,-0.021739551248174394,1312.0911329239607,1.1132285984931514,9.52232448e-05,0.91289854,2.35,0.47,0.26,0.24,0.03,,,,,
240,983040,579,13270.348232223634,8233.146791317347,3.59,1567.23,-0.013441442793009628,7685.40469622612,1.0914356170687824,9.52031744e-05,0.8716389,2.4,0.46,0.26,0.25,0.03,,,,,
241,987136,582,13164.961090978266,8178.023068969417,3.64,1552.09,-0.024728387776121963,649.3381913751364,1.0806403137976304,9.5183104e-05,0.93023926,2.47,0.44,0.26,0.27,0.03,,,,,
242,991232,587,12878.206223404824,7995.626072395948,3.59,1525.97,-0.015661535409890348,2644.553960427642,1.147847625426948,9.51630336e-05,0.90331507,2.44,0.45,0.26,0.26,0.03,,,,,
243,995328,589,13038.851399799943,8082.651669473133,3.57,1543.91,-0.021077496641737525,1212.6342082768679,1.190302349627018,9.51429632e-05,0.9295661,2.4,0.46,0.26,0.25,0.03,,,,,
244,999424,592,12568.346895814788,7798.542242247603,3.53,1509.72,-0.01854943564376299,973.5000810623169,1.0917553439503536,9.51228928e-05,0.91983044,2.39,0.47,0.25,0.25,0.03,,,,,
245,1003520,594,12649.580508726318,7840.90317128378,3.54,1516.02,-0.016182092162125628,1239.5429096370935,1.1601442731916904,9.51028224e-05,0.9444053,2.39,0.47,0.25,0.25,0.03,,,,,
246,1007616,596,12755.850505910696,7910.738277592691,3.55,1523.07,-0.02445866154448595,1934.662246093154,1.1328450066503137,9.5082752e-05,0.94094306,2.39,0.47,0.25,0.25,0.03,,,,,
247,1011712,599,13103.547166104547,8098.390745057559,3.54,1553.69,-0.02141698762352462,2405.659519046545,1.1522134932456538,9.50626816e-05,0.9407909,2.34,0.49,0.24,0.24,0.03,,,,,
248,1015808,601,13113.87122585365,8092.292289524955,3.55,1548.74,-0.020192723812215263,1191.9096057713032,1.059208296937868,9.50426112e-05,0.9448967,2.36,0.47,0.26,0.24,0.03,,,,,
249,1019904,603,13134.835204444695,8107.243223719202,3.55,1547.81,-0.017648741606535623,1905.8128861933947,1.1289706400129944,9.502254080000001e-05,0.9224467,2.36,0.47,0.26,0.24,0.03,,,,,
250,1024000,605,13193.625612292282,8154.452849046499,3.56,1551.82,-0.021670586480468046,1268.2057215720415,1.082621050416492,9.500247040000001e-05,0.95126325,2.36,0.47,0.26,0.24,0.03,15618.439957226155,9740.9277301965,4.3,1638.7333333333333,0.0
251,1028096,607,13388.234743952426,8261.553475080595,3.57,1569.69,-0.017574849185621133,3202.3880117684603,1.103478800971061,9.498240000000001e-05,0.9389302,2.35,0.48,0.25,0.24,0.03,,,,,
252,1032192,610,13966.164207748709,8621.850489400447,3.59,1613.1,-0.014700395524414489,15214.596784681082,1.0953743701102212,9.49623296e-05,0.9355634,2.32,0.49,0.25,0.23,0.03,,,,,
253,1036288,612,13750.795180480045,8510.481296442233,3.58,1598.13,-0.015095838224169711,4232.231654763222,1.0899459815118462,9.49422592e-05,0.73394006,2.33,0.49,0.25,0.23,0.03,,,,,
254,1040384,614,13519.469320905717,8372.032629219628,3.56,1576.78,-0.019973497712271637,789.6129835247993,1.0986539585283026,9.49221888e-05,0.93391544,2.34,0.48,0.26,0.23,0.03,,,,,
255,1044480,618,13634.49176020138,8449.955178164682,3.55,1585.59,-0.019771173456319957,2227.16537719965,1.0747365201823413,9.49021184e-05,0.8891597,2.32,0.47,0.28,0.22,0.03,,,,,
256,1048576,621,13771.81297444053,8522.959364543789,3.47,1608.9,-0.02138778116022877,738.3097516000271,1.1480030997190624,9.4882048e-05,0.91259646,2.22,0.49,0.29,0.19,0.03,,,,,
257,1052672,623,14106.694232396285,8732.38290495295,3.47,1640.89,-0.01382957668556628,3282.5897165089846,1.1018900101771578,9.48619776e-05,0.9082521,2.18,0.49,0.3,0.18,0.03,,,,,
258,1056768,627,13934.659261103754,8639.853744590373,3.46,1624.87,-0.022888854621669452,1661.033427298069,1.0606211132835597,9.48419072e-05,0.788991,2.18,0.49,0.3,0.18,0.03,,,,,
259,1060864,631,13599.469519969793,8425.675105952163,3.46,1598.44,-0.020682841504822136,1721.4597180336714,1.0806891724932939,9.48218368e-05,0.9207448,2.2,0.49,0.29,0.19,0.03,,,,,
260,1064960,635,13382.84929495441,8290.710530398354,3.43,1577.69,-0.0224285505937587,919.2216458022594,1.1700266867410392,9.480176640000001e-05,0.90595305,2.18,0.5,0.28,0.19,0.03,,,,,
261,1069056,636,13439.125270264134,8308.526753932178,3.41,1587.16,-0.01965296508933534,1253.3770300224423,1.145740010193549,9.478169600000001e-05,0.93657845,2.15,0.51,0.28,0.18,0.03,,,,,
262,1073152,639,13468.929645361884,8322.205362728506,3.39,1586.64,-0.02347036702758487,705.0815678909421,1.1287676695501432,9.476162560000001e-05,0.93180573,2.13,0.5,0.3,0.17,0.03,,,,,
263,1077248,641,13749.518517656401,8502.774666849318,3.38,1612.45,-0.013233451993073686,2506.549695894122,1.0351708580274135,9.474155520000001e-05,0.89651513,2.09,0.5,0.31,0.17,0.02,,,,,
264,1081344,644,13569.446523529456,8402.021989173221,3.33,1603.77,-0.024404864516327507,906.6957587897778,1.1960634987335652,9.472148480000001e-05,0.83344144,2.05,0.52,0.3,0.16,0.02,,,,,
265,1085440,648,13468.943908821533,8347.276298881497,3.3,1594.37,-0.022963047464145347,1036.6435556709766,1.0354451185557991,9.47014144e-05,0.903483,2.03,0.52,0.31,0.15,0.02,,,,,
266,1089536,650,13378.067839619513,8283.945697628085,3.32,1576.74,-0.019716536112355243,1338.481611058116,1.083547756075859,9.4681344e-05,0.9402014,2.07,0.5,0.32,0.16,0.02,,,,,
267,1093632,652,13617.738700025922,8428.5437509921,3.33,1595.76,-0.017227121957148483,1796.001776844263,1.0797499787295237,9.46612736e-05,0.9646208,2.06,0.5,0.33,0.15,0.02,,,,,
268,1097728,654,13892.270706649007,8600.808010546625,3.35,1614.85,-0.016906556171306875,3704.561628624797,1.1011748863384128,9.46412032e-05,0.9601877,2.06,0.5,0.33,0.15,0.02,,,,,
269,1101824,655,13774.564085386617,8528.418759557646,3.34,1604.63,-0.020340807005595707,926.729930460453,1.0403825730318204,9.46211328e-05,0.89553404,2.06,0.5,0.33,0.15,0.02,,,,,
270,1105920,658,13134.483235661712,8164.392400485608,3.29,1555.84,-0.0188265447577578,1486.8893555402756,1.1046320241875947,9.46010624e-05,0.92647815,2.07,0.5,0.33,0.15,0.02,,,,,
271,1110016,660,12846.516065562826,7996.535315110823,3.3,1526.15,-0.014996830066593247,4386.581481680274,1.1350089898332953,9.4580992e-05,0.95654446,2.11,0.49,0.33,0.16,0.02,,,,,
272,1114112,663,12815.293135507887,7985.75053769462,3.34,1517.52,-0.015045586256746901,1720.129608348012,1.1368068164447322,9.45609216e-05,0.9190209,2.16,0.47,0.34,0.17,0.02,,,,,
273,1118208,666,12822.08313527926,7973.476669167415,3.3,1521.35,-0.02136470227378595,1138.0588876605034,1.1606517190812156,9.45408512e-05,0.93664855,2.11,0.49,0.33,0.16,0.02,,,,,
274,1122304,668,13178.011814687075,8187.6628129866285,3.35,1549.3,-0.01902253808657406,4299.602506637573,1.0547389324055985,9.452078080000001e-05,0.95223016,2.12,0.49,0.33,0.16,0.02,,,,,
275,1126400,672,12964.802374326153,8054.900209273392,3.36,1524.93,-0.009141111036115035,3072.6447391957045,1.172549132956192,9.450071040000001e-05,0.05147755,2.16,0.48,0.33,0.17,0.02,13370.008058669573,8405.20636952474,4.033333333333333,1420.1,0.0
276,1130496,675,12902.219347840517,8031.849331891958,3.37,1518.53,-0.021361833127230057,2075.520791962743,1.0907422148156911,9.448064000000001e-05,0.8795616,2.18,0.47,0.33,0.19,0.01,,,,,
277,1134592,679,12777.731265807955,7940.668740557902,3.3,1509.91,-0.017404879278728913,2345.0445151776075,1.1371275980491191,9.44605696e-05,0.88067263,2.11,0.48,0.34,0.18,0.0,,,,,
278,1138688,683,12814.565449729023,7963.445457622421,3.31,1512.27,-0.018802392376528587,1217.6460428982973,1.0887518736999482,9.44404992e-05,0.9251121,2.12,0.48,0.34,0.18,0.0,,,,,
279,1142784,687,12726.647214294087,7912.199624234487,3.26,1511.26,-0.02306807061904692,1084.046914562583,1.1697289107833058,9.44204288e-05,0.77373266,2.08,0.48,0.36,0.16,0.0,,,,,
280,1146880,689,12734.271613680517,7943.458011122664,3.29,1511.47,-0.01855491183050617,1311.6898383498192,1.0671288039302453,9.44003584e-05,0.9250877,2.11,0.47,0.36,0.17,0.0,,,,,
281,1150976,690,12901.343553345003,8047.76521429813,3.3,1529.72,-0.011957656936829153,14118.98984310031,1.0307048431131989,9.4380288e-05,0.943112,2.1,0.48,0.35,0.17,0.0,,,,,
282,1155072,693,13077.2348397704,8174.890742497719,3.34,1535.83,-0.015143100416025845,3705.996247589588,1.0911804046481848,9.43602176e-05,0.7735458,2.14,0.47,0.35,0.18,0.0,,,,,
283,1159168,697,12557.523781296628,7842.303011990881,3.29,1492.91,-0.02115392433552188,838.5971202552319,1.1278439679881558,9.43401472e-05,0.91441983,2.14,0.47,0.35,0.18,0.0,,,,,
284,1163264,699,12749.57695698357,7953.083532891043,3.31,1510.25,-0.01883685350230735,1553.429106503725,1.117365429410711,9.43200768e-05,0.9337221,2.14,0.47,0.35,0.18,0.0,,,,,
285,1167360,703,12368.794332202273,7749.30348574512,3.31,1480.73,-0.02365481574088335,2057.395096153021,1.2031265553086996,9.430000640000001e-05,0.75250924,2.17,0.48,0.33,0.18,0.01,,,,,
286,1171456,705,12497.856579706895,7835.446847048148,3.33,1490.84,-0.021930739041636116,2244.318759560585,1.0781999102327973,9.427993600000001e-05,0.94591916,2.18,0.47,0.34,0.18,0.01,,,,,
287,1175552,709,12085.376050260107,7575.758610513037,3.3,1454.63,-0.021859900467461557,1270.7999929785728,1.1669271630235016,9.425986560000001e-05,0.82220614,2.19,0.47,0.33,0.19,0.01,,,,,
288,1179648,712,11750.819825191282,7346.26515024619,3.23,1436.63,-0.018071434564262745,1138.4085169434547,1.1410107554402202,9.423979520000001e-05,0.852676,2.14,0.48,0.33,0.18,0.01,,,,,
289,1183744,714,11733.488298214104,7336.4857568154475,3.24,1431.7,-0.020292353068725788,1596.5991613268852,1.1543550621718168,9.421972480000001e-05,0.91562665,2.15,0.48,0.33,0.18,0.01,,,,,
290,1187840,717,11855.28469777542,7424.543946621543,3.29,1439.34,-0.018123641773854615,2402.7134865671396,1.1016748782712966,9.41996544e-05,0.92123055,2.19,0.48,0.32,0.19,0.01,,,,,
291,1191936,720,12009.975226278557,7531.362217978209,3.29,1452.4,-0.019657119282783242,2352.364713266492,1.0961725595407188,9.4179584e-05,0.91048306,2.17,0.47,0.34,0.18,0.01,,,,,
292,1196032,721,11991.705498616404,7529.700755947389,3.3,1449.3,-0.011189674396518967,2200.7969134151936,1.0517052775248885,9.41595136e-05,0.9513898,2.18,0.47,0.34,0.18,0.01,,,,,
293,1200128,724,12095.437997958565,7581.367919298701,3.3,1458.76,-0.021738368855949375,1526.4148850291967,1.0397742270724848,9.41394432e-05,0.8207116,2.17,0.48,0.33,0.18,0.01,,,,,
294,1204224,725,12170.548234061687,7636.354670678303,3.33,1461.45,-0.018497122406188282,2711.6822145432234,1.137588314129971,9.41193728e-05,0.9257436,2.2,0.47,0.33,0.19,0.01,,,,,
295,1208320,730,12428.736694401403,7784.444957909764,3.33,1484.84,-0.019319494893352385,1264.2693240046501,1.1394732650369406,9.40993024e-05,0.9211453,2.17,0.47,0.34,0.17,0.02,,,,,
296,1212416,733,12350.142662111823,7739.105631294821,3.33,1477.69,-0.01789147726049123,1720.561200156808,1.1678508000914007,9.4079232e-05,0.8425076,2.18,0.46,0.35,0.17,0.02,,,,,
297,1216512,735,12518.929079084604,7853.556244237705,3.34,1496.85,-0.018135368705770816,2335.460042580962,1.129201419185847,9.40591616e-05,0.91145223,2.17,0.47,0.34,0.17,0.02,,,,,
298,1220608,739,12372.984601880866,7762.113348997979,3.33,1484.2,-0.017280106327234535,1587.9984302669764,1.120369867188856,9.40390912e-05,0.88922733,2.18,0.46,0.35,0.17,0.02,,,,,
299,1224704,744,11968.362800896703,7528.358640069429,3.45,1435.76,-0.018510619155676977,2646.6858732402325,1.0708862892352045,9.401902080000001e-05,0.8911401,2.36,0.42,0.34,0.21,0.03,,,,,
300,1228800,748,12046.3245597584,7569.369670688593,3.47,1441.35,-0.015566067200779798,1771.493802830577,1.166667269775644,9.399895040000001e-05,0.9049878,2.38,0.42,0.33,0.22,0.03,12553.885613351946,7830.973679036619,3.966666666666667,1370.1333333333334,0.0
301,1232896,752,11529.419393628847,7278.938891573384,3.45,1398.97,-0.020327948968315468,1717.8009654134512,1.1050167789217085,9.397888000000001e-05,0.89958334,2.41,0.41,0.34,0.22,0.03,,,,,
302,1236992,755,11120.327269240126,7031.063831530461,3.41,1368.81,-0.01942525328377087,1811.251960709691,1.1513136602006853,9.39588096e-05,0.80508196,2.4,0.42,0.33,0.22,0.03,,,,,
303,1241088,758,10976.34755368322,6931.374555086444,3.41,1350.34,-0.02015788521293871,1249.7473852783442,1.1451620170846581,9.39387392e-05,0.9456868,2.42,0.4,0.35,0.22,0.03,,,,,
304,1245184,760,11012.713075697677,6955.962325626096,3.39,1358.07,-0.02046059152962698,1183.7455661445856,1.1632860754616559,9.39186688e-05,0.9413884,2.39,0.4,0.36,0.21,0.03,,,,,
305,1249280,762,10981.90275535368,6942.673595505771,3.4,1354.98,-0.018024208055066993,2560.7432809621096,1.1486691433237866,9.38985984e-05,0.9100963,2.41,0.4,0.35,0.22,0.03,,,,,
306,1253376,764,11199.637693833276,7072.596399403364,3.39,1378.35,-0.013515979948351742,3123.9593353122473,1.1691342596895993,9.3878528e-05,0.7126226,2.38,0.4,0.36,0.21,0.03,,,,,
307,1257472,767,11026.354094798899,6981.483869409455,3.41,1359.89,-0.01897667785306112,2218.828895896673,1.2392132794484496,9.38584576e-05,0.8593425,2.42,0.39,0.36,0.22,0.03,,,,,
308,1261568,770,11008.036554589517,6971.278081490334,3.35,1368.24,-0.023193309161797515,936.9808909446001,1.167936272220686,9.38383872e-05,0.8822488,2.35,0.4,0.37,0.2,0.03,,,,,
309,1265664,772,11258.668053617268,7123.4046519141275,3.36,1394.45,-0.021940486357379996,1128.727492198348,1.1689577256329358,9.38183168e-05,0.93814516,2.33,0.41,0.36,0.2,0.03,,,,,
310,1269760,773,11159.688664023923,7049.336143721743,3.35,1382.95,-0.02307851236400893,657.1681939810514,1.1167323435656726,9.37982464e-05,0.9688248,2.33,0.41,0.36,0.2,0.03,,,,,
311,1273856,776,11632.888419669594,7314.269955440267,3.35,1427.41,-0.020138305675573065,1094.0639010816813,1.0804189308546484,9.377817600000001e-05,0.94651556,2.28,0.42,0.37,0.18,0.03,,,,,
312,1277952,777,11619.563394873012,7301.185854188994,3.38,1424.18,-0.013178601820982294,4122.96123957634,1.086727330693975,9.375810560000001e-05,0.94572467,2.32,0.41,0.37,0.19,0.03,,,,,
313,1282048,781,11911.190529906846,7481.030290901702,3.43,1436.51,-0.012578073588883854,17358.425764754415,1.0437474058708176,9.373803520000001e-05,0.92324483,2.36,0.4,0.36,0.21,0.03,,,,,
314,1286144,782,11975.54464248199,7520.141893620242,3.41,1445.91,-0.015294329121388728,2184.55921857059,1.093972270260565,9.371796480000001e-05,0.94063926,2.33,0.41,0.36,0.2,0.03,,,,,
315,1290240,785,12549.455822027121,7883.2993402023485,3.43,1497.58,-0.019699490672792308,3882.7465442866087,1.1193547683069482,9.36978944e-05,0.91322076,2.28,0.43,0.35,0.19,0.03,,,,,
316,1294336,787,12815.140610816108,8057.201684699455,3.47,1519.75,-0.014502911015370046,2564.143190354109,1.149373723194003,9.3677824e-05,0.9352719,2.3,0.42,0.36,0.19,0.03,,,,,
317,1298432,791,12101.246931425165,7624.772949301351,3.45,1457.09,-0.010019127581472276,3415.312115252018,1.106988029088825,9.36577536e-05,0.7766727,2.35,0.4,0.37,0.2,0.03,,,,,
318,1302528,794,12132.492106346166,7651.473543946007,3.46,1459.08,-0.02028716740460368,1097.822385251522,1.1425826413324103,9.36376832e-05,0.85943586,2.36,0.39,0.38,0.2,0.03,,,,,
319,1306624,795,12373.613347250528,7790.625051274699,3.46,1482.67,-0.021114168191161298,1816.561036258936,1.1199037213809788,9.36176128e-05,0.90745866,2.33,0.4,0.38,0.19,0.03,,,,,
320,1310720,796,12808.709832358272,8050.916827121869,3.5,1513.83,-0.01893484669380996,3829.608989685774,1.0669152289628983,9.35975424e-05,0.95557344,2.34,0.39,0.39,0.19,0.03,,,,,
321,1314816,800,12682.879856281208,7985.625930723118,3.48,1508.55,-0.021550725862653053,1894.7035028636456,1.1220748905325308,9.3577472e-05,0.6852126,2.33,0.4,0.38,0.19,0.03,,,,,
322,1318912,802,12921.265722402271,8113.835086986991,3.47,1529.15,-0.019230860307288822,1295.22861944139,1.1396883249981329,9.35574016e-05,0.923956,2.3,0.4,0.39,0.19,0.02,,,,,
323,1323008,804,12909.304051275816,8086.747081878607,3.47,1527.19,-0.02042316843289882,1282.2833824008703,1.201624525943771,9.35373312e-05,0.9166639,2.3,0.4,0.39,0.19,0.02,,,,,
324,1327104,806,12981.47408098232,8126.480899925719,3.45,1540.52,-0.01901357986025687,1375.4632047861814,1.2042864351533353,9.351726080000001e-05,0.8716233,2.26,0.42,0.38,0.18,0.02,,,,,
325,1331200,808,13244.325369071035,8285.82841472973,3.47,1568.77,0.0031373655128845712,2208.3661675602198,1.2088419888168573,9.349719040000001e-05,0.88002914,2.25,0.42,0.38,0.18,0.02,12299.964806294838,7754.23381468218,3.933333333333333,1350.3,0.0
326,1335296,812,13182.643934559459,8242.420703442644,3.51,1553.95,-0.017249472321054782,1270.0965884923935,1.2087850659154356,9.347712000000001e-05,0.9056574,2.3,0.4,0.39,0.19,0.02,,,,,
327,1339392,814,13286.558531747502,8299.065464646803,3.51,1564.95,-0.014898792863732524,1452.507774233818,1.1055841417983174,9.345704960000001e-05,0.9269498,2.29,0.4,0.39,0.19,0.02,,,,,
328,1343488,816,13263.940313845127,8282.540128473522,3.5,1565.51,-0.01588367799649859,3143.366601064801,1.142260409425944,9.34369792e-05,0.932658,2.28,0.4,0.39,0.19,0.02,,,,,
329,1347584,819,13229.248443480401,8250.330068846786,3.45,1567.85,-0.01372069442004431,3082.809474825859,1.2094721142202616,9.34169088e-05,0.5431686,2.23,0.42,0.38,0.18,0.02,,,,,
330,1351680,821,13231.137188588418,8250.734780559598,3.43,1570.68,-0.023781962360772013,1830.2199793756008,1.1490028221160173,9.33968384e-05,0.8609916,2.21,0.43,0.37,0.18,0.02,,,,,
331,1355776,823,13314.412051039666,8323.487661336314,3.47,1570.29,-0.015349388870163239,14920.028906524181,1.101624040864408,9.3376768e-05,0.92908144,2.25,0.42,0.37,0.19,0.02,,,,,
332,1359872,826,13019.019165058315,8135.587086409962,3.43,1546.03,-0.020636189998185728,1227.0152469873428,1.1852027995046228,9.33566976e-05,0.86267,2.24,0.42,0.38,0.18,0.02,,,,,
333,1363968,828,13283.832062898413,8285.2216771548,3.42,1573.93,-0.01918709513847716,1461.4418568760157,1.104282814427279,9.33366272e-05,0.9454529,2.2,0.44,0.37,0.17,0.02,,,,,
334,1368064,830,13480.47497456325,8405.868617227954,3.41,1590.87,-0.018692278368689585,1956.4867435246706,1.0786356350872666,9.33165568e-05,0.9546948,2.18,0.44,0.38,0.17,0.01,,,,,
335,1372160,832,13588.78354632942,8471.351462898849,3.42,1600.14,-0.015884448768701986,3388.9152929633856,1.1533605079166591,9.32964864e-05,0.8875906,2.18,0.44,0.38,0.17,0.01,,,,,
336,1376256,836,13324.835368855074,8320.913680360924,3.42,1578.28,-0.013159744773474813,3093.1455443650484,1.1322957689408213,9.327641600000001e-05,0.6716002,2.21,0.44,0.37,0.17,0.02,,,,,
337,1380352,838,13584.612019843084,8485.248999322885,3.43,1608.66,-0.016642451618281484,1908.0353295505047,1.097522820928134,9.325634560000001e-05,0.8364755,2.19,0.46,0.35,0.17,0.02,,,,,
338,1384448,841,13613.43196405891,8497.351693022421,3.38,1615.57,-0.016419467641753727,933.9034851491451,1.1103235844057053,9.323627520000001e-05,0.84258676,2.13,0.48,0.35,0.15,0.02,,,,,
339,1388544,843,13974.726310912127,8695.739457570924,3.35,1648.41,-0.007913782977993833,3614.8605521321297,1.1480774589581415,9.321620480000001e-05,0.77956235,2.06,0.49,0.36,0.14,0.01,,,,,
340,1392640,845,13956.705808896932,8670.635479147357,3.33,1647.94,-0.016947116404480767,2706.2177245616913,1.1378268770640716,9.31961344e-05,0.90025127,2.04,0.49,0.37,0.13,0.01,,,,,
341,1396736,847,14522.482808885905,9014.58818057148,3.36,1695.05,-0.016590501300015603,4222.374986603856,1.1169226031051949,9.3176064e-05,0.93767685,2.02,0.49,0.38,0.12,0.01,,,,,
342,1400832,849,14662.942062714343,9090.713437040238,3.35,1709.7,-0.021776067382234032,1409.582245901227,1.2289904926437885,9.31559936e-05,0.9036788,1.99,0.5,0.37,0.12,0.01,,,,,
343,1404928,851,14760.02428331349,9133.927570260748,3.37,1715.49,-0.015314360852244135,2639.4666602909565,1.148524964461103,9.31359232e-05,0.9540061,2.0,0.5,0.36,0.13,0.01,,,,,
344,1409024,854,14942.128160214676,9246.097647987615,3.39,1728.42,-0.020498261164902942,1099.5783526152372,1.1344027281738818,9.31158528e-05,0.9414519,2.01,0.49,0.37,0.13,0.01,,,,,
345,1413120,856,15151.607955372374,9367.120991781992,3.41,1747.22,-0.022456464265815157,1340.8063689619303,1.116028081974946,9.30957824e-05,0.9592321,2.01,0.49,0.37,0.13,0.01,,,,,
346,1417216,858,15248.22536820708,9418.64013248051,3.4,1758.47,-0.017082730957554304,1907.0153351277113,1.1461379292886704,9.3075712e-05,0.9426715,1.98,0.51,0.35,0.13,0.01,,,,,
347,1421312,861,15017.210745243274,9270.96910871269,3.38,1733.3,-0.017324846955489193,1049.2652229070663,1.180880903499201,9.30556416e-05,0.88709223,1.99,0.5,0.36,0.13,0.01,,,,,
348,1425408,865,14627.957423072216,9036.465122875103,3.33,1699.53,-0.022188180015291437,1795.3276060968637,1.1840741318883374,9.30355712e-05,0.89404196,1.98,0.5,0.37,0.12,0.01,,,,,
349,1429504,868,14729.535093149867,9100.36440190599,3.34,1704.27,-0.022910852985660313,1928.1490272283554,1.185292456066236,9.301550080000001e-05,0.9042495,1.99,0.49,0.38,0.12,0.01,,,,,
350,1433600,870,14852.358151756931,9182.852695858062,3.35,1719.61,-0.020732830138513236,2297.2712023705244,1.1979726373683661,9.299543040000001e-05,0.85966766,1.98,0.5,0.37,0.12,0.01,11393.04942930535,7212.006210987931,3.933333333333333,1325.2,0.0
351,1437696,872,14882.517431870045,9203.749543769874,3.36,1718.5,-0.01896635427056026,2076.4183801710606,1.1855558283859864,9.297536000000001e-05,0.92462915,1.99,0.49,0.38,0.12,0.01,,,,,
352,1441792,874,14829.763933057757,9182.584513700096,3.36,1713.17,-0.013392822113019065,2809.237973704934,1.1505129163851961,9.295528960000001e-05,0.8408412,2.0,0.48,0.39,0.12,0.01,,,,,
353,1445888,878,14069.190708771406,8711.245597727378,3.3,1653.51,-0.021936718996585114,1282.9014244824648,1.1646765834884718,9.29352192e-05,0.9270783,2.0,0.48,0.38,0.13,0.01,,,,,
354,1449984,880,14276.847967728372,8839.296264141283,3.27,1678.02,-0.023779246970661916,940.93839225173,1.2025643561501056,9.29151488e-05,0.9338324,1.94,0.49,0.39,0.11,0.01,,,,,
355,1454080,883,14080.037584107458,8712.834272663738,3.24,1671.67,-0.025901005309606262,996.2478142231703,1.2169111852999777,9.28950784e-05,0.86827385,1.91,0.51,0.37,0.11,0.01,,,,,
356,1458176,886,13844.714222683477,8547.522825481568,3.21,1651.05,-0.01948830565015669,1894.474876448512,1.191806577378884,9.2875008e-05,0.7372322,1.91,0.51,0.37,0.11,0.01,,,,,
357,1462272,887,13969.700473507533,8623.522297423599,3.22,1661.17,-0.02292369558745122,1275.2031022906303,1.1522781448438764,9.28549376e-05,0.92883795,1.91,0.51,0.37,0.11,0.01,,,,,
358,1466368,890,14316.965978843775,8811.40373652134,3.2,1696.23,-0.023709027480435907,920.8123587667942,1.135367478011176,9.28348672e-05,0.9609032,1.85,0.53,0.37,0.09,0.01,,,,,
359,1470464,892,14548.940221891087,8939.170979761491,3.23,1704.34,-0.011990892176982015,10484.074209749699,1.1379834131803364,9.28147968e-05,0.91325575,1.86,0.53,0.37,0.08,0.02,,,,,
360,1474560,895,14407.10749059642,8851.917415529231,3.23,1694.08,-0.019475231727483333,1372.0413376390934,1.121801528148353,9.27947264e-05,0.9179067,1.87,0.54,0.35,0.09,0.02,,,,,
361,1478656,898,14026.657539700094,8615.770166163626,3.19,1663.67,-0.01575251516442222,1517.3113080263138,1.1925168209709227,9.2774656e-05,0.92246866,1.86,0.54,0.35,0.09,0.02,,,,,
362,1482752,901,14015.783774166852,8613.31094661078,3.19,1660.73,-0.016271148275791347,2321.548143133521,1.1294891021680087,9.275458560000001e-05,0.87876713,1.86,0.54,0.35,0.09,0.02,,,,,
363,1486848,903,14029.22607164357,8618.7904211614,3.19,1663.53,-0.0170203994239273,1255.9326414614916,1.2144386898726225,9.273451520000001e-05,0.922183,1.86,0.54,0.35,0.09,0.02,,,,,
364,1490944,906,13746.025149611343,8446.77177602561,3.19,1633.33,-0.018628205902132322,1221.4433829635382,1.1739337723702192,9.271444480000001e-05,0.8906118,1.9,0.53,0.35,0.1,0.02,,,,,
365,1495040,910,13622.941536186332,8356.921308498744,3.2,1616.72,-0.018602792612000485,2496.70840524137,1.1773377244826406,9.269437440000001e-05,0.8029427,1.93,0.53,0.34,0.11,0.02,,,,,
366,1499136,912,13723.017889927592,8421.675015235493,3.18,1629.82,-0.01753383827053767,2330.4911775738,1.1165481809293851,9.2674304e-05,0.90683264,1.9,0.53,0.35,0.1,0.02,,,,,
367,1503232,914,13833.41839078574,8484.015169696366,3.19,1636.33,-0.0168774393359854,1820.6030055582523,1.095166490180418,9.26542336e-05,0.92007095,1.91,0.53,0.35,0.1,0.02,,,,,
368,1507328,916,13573.278765833016,8321.644222629018,3.16,1616.81,-0.023451213208318222,1159.4900985509157,1.0997829355765134,9.26341632e-05,0.9573739,1.91,0.53,0.35,0.1,0.02,,,,,
369,1511424,919,13864.539476388034,8488.549759118945,3.22,1639.16,-0.02036010258962051,1408.1738485693932,1.0911183130228892,9.26140928e-05,0.9382863,1.95,0.52,0.35,0.11,0.02,,,,,
370,1515520,922,13939.176720699808,8506.951535670878,3.28,1631.24,-0.01315832971704367,2652.404738768935,1.0768182167084888,9.25940224e-05,0.93243694,2.02,0.5,0.35,0.13,0.02,,,,,
371,1519616,926,13547.464774179785,8281.11986095553,3.3,1602.42,-0.014153727810480632,3179.27058878541,1.1441748403012753,9.2573952e-05,0.6755338,2.07,0.49,0.35,0.12,0.04,,,,,
372,1523712,929,13149.19685445143,8063.23214159037,3.3,1569.88,-0.01762543995937449,2741.8580153882504,1.1645390037447214,9.25538816e-05,0.7572236,2.1,0.48,0.35,0.13,0.04,,,,,
373,1527808,933,12975.268619548497,7964.160398037091,3.31,1552.55,-0.01884936793749148,1655.5440102666616,1.1422628840664402,9.25338112e-05,0.8377859,2.13,0.47,0.35,0.14,0.04,,,,,
374,1531904,938,12751.016705969052,7804.09218279451,3.28,1523.21,-0.01729520299068099,2122.7372045367956,1.1155876376433298,9.25137408e-05,0.80500776,2.13,0.45,0.38,0.14,0.03,,,,,
375,1536000,940,12648.73302394899,7752.630914650996,3.3,1510.2,-0.01803082523656485,2468.3719558417797,1.1445850047748536,9.249367040000001e-05,0.88115656,2.16,0.44,0.38,0.15,0.03,6887.360844727462,4407.338826937232,3.533333333333333,932.9,0.0
376,1540096,942,12898.736609227824,7929.627393069903,3.33,1529.43,-0.017856667102023493,4971.873122096062,1.1564559949329123,9.247360000000001e-05,0.9332796,2.17,0.44,0.37,0.16,0.03,,,,,
377,1544192,945,12968.070716065622,7978.704845882602,3.34,1535.68,-0.017797398471884662,1831.037477850914,1.173041071742773,9.245352960000001e-05,0.94276494,2.17,0.45,0.35,0.17,0.03,,,,,
378,1548288,948,12352.488594380535,7631.065769954471,3.35,1480.97,-0.011836009094622568,7595.31425639987,1.1073031495325267,9.24334592e-05,0.8369232,2.24,0.44,0.34,0.19,0.03,,,,,
379,1552384,950,12315.075368399475,7602.988727382192,3.33,1484.24,-0.01994327724332834,1187.0517359226942,1.1887344922870398,9.24133888e-05,0.93451095,2.22,0.46,0.32,0.19,0.03,,,,,
380,1556480,952,12379.41149782274,7646.415665844041,3.31,1492.6,-0.01742693474261614,3480.8368043899536,1.204647138249129,9.23933184e-05,0.92918104,2.19,0.47,0.32,0.18,0.03,,,,,
381,1560576,955,12368.263392065246,7635.916221146327,3.3,1490.56,-0.029594863144666306,657.4615758284926,1.1533270673826337,9.2373248e-05,0.9137463,2.18,0.47,0.33,0.17,0.03,,,,,
382,1564672,957,12307.708747615638,7603.15277755665,3.34,1481.52,-0.018709948384639574,1625.6459334790707,1.15534216130618,9.23531776e-05,0.89210093,2.23,0.46,0.33,0.17,0.04,,,,,
383,1568768,961,12304.75585543446,7615.356023379048,3.33,1485.07,-0.018837346902273566,1907.9951043874025,1.1400562063790858,9.23331072e-05,0.7272586,2.21,0.48,0.31,0.17,0.04,,,,,
384,1572864,964,12344.855262802314,7638.502195283392,3.34,1489.57,-0.02158305835291685,1296.9205462485552,1.1916955618653446,9.23130368e-05,0.840065,2.21,0.48,0.31,0.17,0.04,,,,,
385,1576960,966,12430.53510770572,7694.721634879965,3.35,1497.44,-0.020763105307196383,1964.0748062878847,1.147162897279486,9.22929664e-05,0.909961,2.21,0.48,0.31,0.17,0.04,,,,,
386,1581056,968,12551.017002749573,7783.2881734470775,3.35,1506.98,-0.012965109991000645,7524.370541393757,1.2001426441129297,9.227289600000001e-05,0.88224113,2.2,0.48,0.31,0.17,0.04,,,,,
387,1585152,971,12392.45269548058,7688.754020502721,3.35,1487.24,-0.021344911320738902,1300.8573139756918,1.1483587394468486,9.225282560000001e-05,0.89106953,2.22,0.47,0.32,0.17,0.04,,,,,
388,1589248,975,12038.39999747968,7482.522677507532,3.33,1463.83,-0.01920173286453064,1849.2789390981197,1.127466132165864,9.223275520000001e-05,0.86732584,2.22,0.5,0.28,0.18,0.04,,,,,
389,1593344,980,11898.045254533656,7418.275939543594,3.36,1450.58,-0.021834551991560147,3152.2087900042534,1.1449198157060891,9.221268480000001e-05,0.76343685,2.27,0.49,0.28,0.18,0.05,,,,,
390,1597440,983,11686.977409920042,7301.614099563752,3.36,1428.13,-0.018823291670742037,2713.060799062252,1.1270963043207303,9.219261440000001e-05,0.726344,2.3,0.48,0.28,0.19,0.05,,,,,
391,1601536,987,11476.384231931535,7170.983271059683,3.36,1405.78,-0.017641516306866833,1869.8953729867935,1.1962038015481085,9.2172544e-05,0.7555895,2.32,0.48,0.27,0.2,0.05,,,,,
392,1605632,991,11035.356192601103,6925.238345250411,3.34,1365.78,-0.023468510051316116,1655.962339937687,1.1761966964695603,9.21524736e-05,0.90812504,2.35,0.46,0.28,0.21,0.05,,,,,
393,1609728,994,10822.131813172815,6802.444472979973,3.28,1355.69,-0.024467253969305602,1070.4116125553846,1.2055951545480639,9.21324032e-05,0.7729509,2.31,0.46,0.29,0.21,0.04,,,,,
394,1613824,997,11020.696230502135,6918.328559160673,3.28,1373.55,-0.024220852872531395,592.3895957618952,1.0938869483070448,9.21123328e-05,0.9604497,2.29,0.46,0.3,0.2,0.04,,,,,
395,1617920,1000,10921.316267183867,6856.867400860484,3.26,1368.2,-0.019847571807986242,1967.629973396659,1.2375419789459556,9.20922624e-05,0.88186586,2.28,0.47,0.29,0.2,0.04,,,,,
396,1622016,1002,10868.08748924275,6835.968398502121,3.25,1365.21,-0.019982402988716785,1900.9259937554598,1.1638115283567458,9.2072192e-05,0.8906794,2.27,0.47,0.29,0.2,0.04,,,,,
397,1626112,1005,10822.99763820708,6809.025985635181,3.27,1357.8,-0.013851443060957536,2120.0744254142046,1.1675207205116749,9.20521216e-05,0.56601226,2.3,0.46,0.29,0.21,0.04,,,,,
398,1630208,1008,10930.376276044604,6887.029786298502,3.26,1371.82,-0.017361044912831858,3062.283183082938,1.1875556863378733,9.20320512e-05,0.867048,2.28,0.46,0.3,0.2,0.04,,,,,
399,1634304,1013,10704.357518519588,6752.167421656159,3.27,1345.35,-0.027883800388735835,1158.033691443503,1.214887778274715,9.20119808e-05,0.75814617,2.32,0.45,0.31,0.2,0.04,,,,,
400,1638400,1017,10300.983543046494,6516.2407678031395,3.27,1308.26,-0.011181986263181898,3051.2824745327234,1.1982933785766363,9.19919104e-05,0.8422342,2.35,0.44,0.31,0.21,0.04,9627.356581140119,6159.729223664467,3.7666666666666666,1197.0,0.0
401,1642496,1020,10061.632589572435,6374.898606069495,3.18,1297.47,-0.01417620734537195,1250.6356752291322,1.157554633100517,9.197184000000001e-05,0.7360595,2.27,0.46,0.31,0.19,0.04,,,,,
402,1646592,1022,10068.527253323353,6384.228217882329,3.15,1308.31,-0.018887461982558307,1218.4238061755896,1.139651988982223,9.195176960000001e-05,0.87334996,2.23,0.48,0.3,0.18,0.04,,,,,
403,1650688,1026,10073.919885742984,6367.4683103514435,3.11,1305.02,-0.020659775016611093,1627.9896104484797,1.1906054394785315,9.19316992e-05,0.8590895,2.18,0.49,0.3,0.19,0.02,,,,,
404,1654784,1028,9984.731506336184,6306.090369351413,3.1,1294.87,-0.021964926771033788,1069.2066097408533,1.1705122096464038,9.19116288e-05,0.91211927,2.18,0.49,0.3,0.19,0.02,,,,,
405,1658880,1029,10368.771222608531,6529.831186837296,3.1,1330.44,-0.016377563088099123,3136.6653620898724,1.1795801108237356,9.18915584e-05,0.94972456,2.14,0.5,0.3,0.18,0.02,,,,,
406,1662976,1031,10821.380478580251,6814.981585118421,3.13,1365.08,-0.01839388952248555,2621.5000671446323,1.120057666557841,9.1871488e-05,0.9686793,2.13,0.5,0.31,0.17,0.02,,,,,
407,1667072,1035,10913.039308157382,6876.976263028607,3.18,1373.75,-0.017365827850881033,1286.964598491788,1.1606181329116225,9.18514176e-05,0.81073034,2.17,0.5,0.29,0.18,0.03,,,,,
408,1671168,1037,11126.738130451664,7000.466999200119,3.18,1398.16,-0.01633602613583207,1747.8472856283188,1.2314288299530745,9.18313472e-05,0.91474783,2.14,0.52,0.27,0.18,0.03,,,,,
409,1675264,1040,11318.42256209269,7124.251867637688,3.21,1417.27,-0.01583024913452391,1773.0720303356647,1.1774682549294084,9.18112768e-05,0.9123513,2.15,0.52,0.27,0.18,0.03,,,,,
410,1679360,1041,10935.262824735062,6888.77167851436,3.18,1389.77,-0.02402411370712798,2159.173857241869,1.1564687367063016,9.17912064e-05,0.9158848,2.15,0.52,0.27,0.18,0.03,,,,,
411,1683456,1047,10804.83514563707,6798.43491506653,3.17,1375.21,-0.01955044175429066,1577.732012346387,1.2132068159990013,9.1771136e-05,0.6322437,2.16,0.5,0.31,0.15,0.04,,,,,
412,1687552,1051,10482.269700596418,6593.449001275542,3.15,1339.65,-0.019560409931727918,3516.9333248734474,1.147883235476911,9.175106560000001e-05,0.8472109,2.18,0.48,0.33,0.15,0.04,,,,,
413,1691648,1054,10308.461900576196,6476.498604816136,3.11,1331.23,-0.024191085812162783,1074.5635566711426,1.217241796432063,9.173099520000001e-05,0.8920666,2.15,0.49,0.32,0.15,0.04,,,,,
414,1695744,1056,10292.51559891264,6463.571783966403,3.1,1332.5,-0.019117338219075464,1829.7401585876942,1.186806846759282,9.171092480000001e-05,0.8739855,2.14,0.5,0.31,0.15,0.04,,,,,
415,1699840,1057,10686.123284380677,6715.033262661603,3.09,1371.14,-0.015618071620338014,2106.4262425154448,1.1107896481407806,9.169085440000001e-05,0.9317264,2.09,0.51,0.31,0.15,0.03,,,,,
416,1703936,1059,10724.136123280226,6738.401085770622,3.09,1379.02,-0.02221294558057707,1951.0370769500732,1.1285576144000515,9.1670784e-05,0.8112706,2.09,0.51,0.31,0.15,0.03,,,,,
417,1708032,1062,10607.035323717215,6662.275763546099,3.08,1361.89,-0.019854515045153676,1313.0389109551907,1.1754925752757117,9.16507136e-05,0.8940258,2.1,0.5,0.32,0.15,0.03,,,,,
418,1712128,1064,10926.131248981195,6854.404722615052,3.1,1394.21,-0.01984316087782645,2226.09075948596,1.1752055012620986,9.16306432e-05,0.92862153,2.08,0.51,0.31,0.15,0.03,,,,,
419,1716224,1066,11020.116561774139,6909.263651528461,3.11,1399.67,-0.015044934859361092,3512.0705370754004,1.1240335471229628,9.16105728e-05,0.90519744,2.08,0.51,0.31,0.15,0.03,,,,,
420,1720320,1067,10978.69965620497,6860.776863122608,3.09,1400.47,-0.017058044537407113,1775.009419992566,1.1518216924741864,9.15905024e-05,0.93578506,2.06,0.51,0.32,0.14,0.03,,,,,
421,1724416,1070,11063.36414471152,6895.589053951438,3.12,1404.1,-0.02486286129533255,511.2044684663415,1.1408733570715412,9.1570432e-05,0.9285042,2.09,0.5,0.32,0.15,0.03,,,,,
422,1728512,1071,11468.25386850971,7126.901067788657,3.14,1438.91,-0.01847036587605544,1264.5347080379725,1.1194087422918528,9.15503616e-05,0.9637514,2.07,0.51,0.31,0.15,0.03,,,,,
423,1732608,1075,11419.149911155226,7096.881992557349,3.13,1434.54,-0.017161156216388918,2828.0248096883297,1.1967070817481726,9.15302912e-05,0.66717243,2.07,0.51,0.31,0.15,0.03,,,,,
424,1736704,1078,11656.974639640712,7221.799177716641,3.12,1460.1,-0.014551444430253468,2062.63839943707,1.1870116642676294,9.15102208e-05,0.7612854,2.03,0.53,0.3,0.14,0.03,,,,,
425,1740800,1081,11592.216239581649,7166.40511178113,3.1,1452.16,-0.023700742824985355,443.0626911148429,1.2472678082995117,9.14901504e-05,0.88377506,2.02,0.53,0.31,0.13,0.03,12598.667643505938,7898.464459545239,4.033333333333333,1387.3666666666666,0.0
426,1744896,1085,11688.713216783426,7216.751888602129,3.06,1466.66,-0.020488390402533696,1134.9105976969004,1.1671468096319586,9.147008000000001e-05,0.7559019,1.97,0.54,0.32,0.11,0.03,,,,,
427,1748992,1087,11787.643422018464,7268.770309272603,3.11,1471.3,-0.018574932326373528,1066.8747448921204,1.0770637094974518,9.145000960000001e-05,0.9499057,2.01,0.53,0.32,0.12,0.03,,,,,
428,1753088,1089,12032.849858495156,7405.721182554826,3.11,1494.96,-0.01902464745398902,1353.4669132232666,1.1203949581831694,9.142993920000001e-05,0.9336207,1.98,0.54,0.32,0.11,0.03,,,,,
429,1757184,1091,12109.383330537206,7442.725331299534,3.11,1500.91,-0.016128878540257574,2665.7185803353786,1.171037170686759,9.14098688e-05,0.92669094,1.97,0.55,0.31,0.11,0.03,,,,,
430,1761280,1094,12214.34381138773,7521.90057910225,3.15,1508.5,-0.015377109351902618,3695.6505178660154,1.1573886696714908,9.13897984e-05,0.87848705,1.99,0.55,0.3,0.12,0.03,,,,,
431,1765376,1096,12599.95149367152,7770.147308352345,3.21,1533.29,-0.013828010583893047,6571.2496093809605,1.0613507634261623,9.1369728e-05,0.94981915,2.02,0.54,0.3,0.13,0.03,,,,,
432,1769472,1100,12501.308149983019,7712.38503733117,3.24,1516.63,-0.014481970143151557,4195.6958848536015,1.1968556912615895,9.13496576e-05,0.90681905,2.07,0.53,0.3,0.14,0.03,,,,,
433,1773568,1101,12728.713461955113,7832.205416693347,3.25,1537.13,-0.020326835263404064,1633.7013248205185,1.1587534311693162,9.13295872e-05,0.9619306,2.06,0.54,0.29,0.14,0.03,,,,,
434,1777664,1104,12777.548820952683,7872.417670499413,3.26,1542.74,-0.013889277588532423,2493.887629196048,1.185743274865672,9.13095168e-05,0.89782584,2.06,0.55,0.28,0.14,0.03,,,,,
435,1781760,1107,12642.555351703406,7786.265094055575,3.23,1525.84,-0.020632727630982117,1871.2554373145103,1.144803075469099,9.12894464e-05,0.942191,2.04,0.55,0.29,0.13,0.03,,,,,
436,1785856,1111,12744.853856138861,7864.932562494344,3.3,1531.21,-0.013755545532148972,3321.0735011547804,1.1388244110858068,9.1269376e-05,0.9060398,2.11,0.53,0.29,0.15,0.03,,,,,
437,1789952,1113,12981.74044207816,8013.200559421113,3.31,1559.16,-0.018914218520876602,1596.8562502115965,1.1496055882889777,9.124930560000001e-05,0.8704269,2.09,0.54,0.28,0.15,0.03,,,,,
438,1794048,1119,12695.666019724848,7854.626863493509,3.33,1527.03,-0.01827915098874655,2518.4880736023188,1.134997041663155,9.122923520000001e-05,0.857507,2.15,0.52,0.3,0.15,0.03,,,,,
439,1798144,1121,12558.84142694872,7769.950542023036,3.35,1510.6,-0.0221483885525231,1050.2145541608334,1.1135655886027962,9.120916480000001e-05,0.88116866,2.19,0.51,0.3,0.16,0.03,,,,,
440,1802240,1125,12657.707435674203,7839.769115656998,3.36,1518.6,-0.017147400163594284,2957.354441985488,1.2115949210710824,9.118909440000001e-05,0.87166536,2.2,0.49,0.32,0.16,0.03,,,,,
441,1806336,1126,12929.206703393445,7991.4039533837595,3.37,1542.16,-0.019558916334062815,896.338019028306,1.1258539176778868,9.1169024e-05,0.96471435,2.18,0.5,0.31,0.16,0.03,,,,,
442,1810432,1129,12771.294514990617,7882.314515181149,3.35,1529.85,-0.022362918558428646,1262.9214258491993,1.1910608210600913,9.11489536e-05,0.9315166,2.18,0.5,0.31,0.16,0.03,,,,,
443,1814528,1132,12419.937369128707,7642.57687107809,3.32,1500.49,-0.015318481840040477,1314.0494973957539,1.1829007379710674,9.11288832e-05,0.9507516,2.18,0.5,0.31,0.16,0.03,,,,,
444,1818624,1135,12689.184144946013,7805.462679937082,3.32,1519.57,-0.016425672052719165,3720.424021422863,1.1042545501841232,9.11088128e-05,0.9298794,2.16,0.49,0.33,0.16,0.02,,,,,
445,1822720,1139,12570.022545743308,7737.314740295747,3.31,1504.78,-0.022066758030632627,1667.4728186577559,1.1136719743954018,9.10887424e-05,0.9203469,2.16,0.49,0.34,0.14,0.03,,,,,
446,1826816,1140,12562.863632598832,7740.674887206926,3.31,1505.01,-0.013039296723945881,5709.411726564169,1.1914127506315708,9.1068672e-05,0.8988138,2.16,0.49,0.34,0.14,0.03,,,,,
447,1830912,1142,12682.378226430532,7810.012521555145,3.32,1511.75,-0.018567917994005256,1692.0539765805006,1.1533084956463426,9.10486016e-05,0.9672689,2.16,0.49,0.34,0.14,0.03,,,,,
448,1835008,1143,12677.230134101934,7810.171265162427,3.27,1514.16,-0.017518013846711256,4023.1445237845182,1.152156458585523,9.10285312e-05,0.9545386,2.11,0.5,0.34,0.14,0.02,,,,,
449,1839104,1145,13292.725028490824,8176.502279185859,3.31,1568.81,-0.021275672470437712,1317.9172529131174,1.2038707693573087,9.10084608e-05,0.91987145,2.08,0.52,0.32,0.14,0.02,,,,,
450,1843200,1147,13382.920745252513,8240.54382485299,3.33,1580.58,-0.021390324060121202,1438.8779110014439,1.1503520061960444,9.09883904e-05,0.9026799,2.09,0.52,0.31,0.15,0.02,12839.783638506957,7933.693676318972,4.033333333333333,1391.3,0.0
451,1847296,1151,13458.175585002511,8293.050999544159,3.37,1591.75,-0.015760077631057356,2854.635499447584,1.2052126715425402,9.096832e-05,0.7740968,2.11,0.53,0.29,0.15,0.03,,,,,
452,1851392,1154,13459.883653495222,8299.894216177001,3.38,1591.73,-0.023735808720630303,1862.263789460063,1.2079072734341025,9.094824960000001e-05,0.8705474,2.12,0.53,0.29,0.15,0.03,,,,,
453,1855488,1156,13644.241085667776,8420.189357095278,3.4,1607.56,-0.021079267520690337,1073.1132863759995,1.1441993876360357,9.092817920000001e-05,0.95875496,2.12,0.53,0.29,0.15,0.03,,,,,
454,1859584,1159,13096.47343953529,8093.477235142406,3.42,1548.01,-0.011916711049707374,3722.477420642972,1.128437071456574,9.09081088e-05,0.870025,2.2,0.5,0.3,0.17,0.03,,,,,
455,1863680,1162,13267.677767284644,8191.440769672252,3.48,1554.49,-0.01655446498625679,1444.7559170722961,1.2384554578457028,9.08880384e-05,0.91498905,2.25,0.48,0.31,0.18,0.03,,,,,
456,1867776,1164,13103.877977068802,8087.710570277535,3.46,1538.77,-0.020449852912861388,1980.0616650432348,1.2106260755099356,9.0867968e-05,0.9362874,2.25,0.48,0.31,0.18,0.03,,,,,
457,1871872,1167,12951.528634390857,8015.285933434214,3.49,1521.97,-0.013775934824479918,2930.205064535141,1.2090857129078358,9.08478976e-05,0.9412117,2.3,0.47,0.31,0.19,0.03,,,,,
458,1875968,1168,13024.120626015587,8056.951549186919,3.51,1520.47,-0.015368016316642752,3384.315130352974,1.1737962269689888,9.08278272e-05,0.9570682,2.32,0.46,0.32,0.19,0.03,,,,,
459,1880064,1170,13267.288649167132,8212.004746626953,3.53,1542.27,-0.023202044909339747,1385.1880143880844,1.1371790639823303,9.08077568e-05,0.9588636,2.32,0.46,0.32,0.19,0.03,,,,,
460,1884160,1173,13076.829391593374,8103.067861819365,3.5,1526.9,-0.014993252342719643,2032.2659697979689,1.1436834271298721,9.07876864e-05,0.8868056,2.31,0.45,0.34,0.18,0.03,,,,,
461,1888256,1175,13348.643407190948,8268.338189560593,3.52,1547.15,-0.014271242101131065,2393.403619468212,1.245129389455542,9.0767616e-05,0.9352456,2.31,0.45,0.34,0.18,0.03,,,,,
462,1892352,1178,13418.65943075753,8318.966495767776,3.5,1554.19,-0.0205891998439256,1683.3951181322336,1.1380256214179099,9.07475456e-05,0.9279728,2.28,0.45,0.35,0.18,0.02,,,,,
463,1896448,1181,13499.783180261295,8381.639820454586,3.53,1564.57,-0.014732702835317468,2802.147332370281,1.1301009602611884,9.072747520000001e-05,0.65648544,2.3,0.45,0.34,0.19,0.02,,,,,
464,1900544,1182,13659.791873752449,8486.004677923012,3.56,1573.61,-0.012491694981235923,2925.561639010906,1.0830926451599225,9.070740480000001e-05,0.8872897,2.32,0.44,0.35,0.19,0.02,,,,,
465,1904640,1184,13927.949537957438,8645.854998619605,3.6,1594.13,-0.02217301726250298,968.2984324023128,1.1171912716235965,9.068733440000001e-05,0.9506286,2.34,0.42,0.37,0.19,0.02,,,,,
466,1908736,1186,14054.949718990225,8722.01404534663,3.61,1603.67,-0.017259305848710937,1196.8415723145008,1.1324655142379925,9.0667264e-05,0.9657697,2.34,0.42,0.37,0.19,0.02,,,,,
467,1912832,1189,13984.73318619913,8691.401785192893,3.58,1600.01,-0.016476562021125574,3143.2979360967875,1.1489191240398213,9.06471936e-05,0.7760744,2.32,0.41,0.39,0.18,0.02,,,,,
468,1916928,1194,13681.113511876121,8487.962520803201,3.59,1564.64,-0.017366768223837425,1690.2903278023005,1.1471703234128654,9.06271232e-05,0.9367573,2.38,0.4,0.39,0.18,0.03,,,,,
469,1921024,1197,13122.330579924033,8138.580966428476,3.54,1527.24,-0.015336182315877522,1432.982908576727,1.1393301311181858,9.06070528e-05,0.9082781,2.37,0.41,0.37,0.19,0.03,,,,,
470,1925120,1200,13624.40276695544,8452.963870296553,3.63,1556.73,-0.00840017721930053,22441.960237532854,1.040647571790032,9.05869824e-05,0.938143,2.43,0.39,0.38,0.2,0.03,,,,,
471,1929216,1201,13466.092680513219,8373.168609825534,3.64,1539.12,-0.019170411354934913,1440.423885986209,1.110508173238486,9.0566912e-05,0.9505576,2.46,0.38,0.38,0.21,0.03,,,,,
472,1933312,1206,13241.384011138902,8248.974320094534,3.67,1516.52,-0.017401137853084947,2853.257678106427,1.1219750373857096,9.05468416e-05,0.77681124,2.52,0.36,0.39,0.21,0.04,,,,,
473,1937408,1207,13553.735272479122,8444.584217278132,3.69,1543.43,-0.01575307941129722,3522.2570349872112,1.0569723163498566,9.05267712e-05,0.8989442,2.51,0.36,0.39,0.21,0.04,,,,,
474,1941504,1211,13696.549457569468,8540.57666939109,3.66,1555.21,-0.015189709901278547,6726.60069924593,1.2275385386310518,9.05067008e-05,0.9101573,2.46,0.38,0.37,0.21,0.04,,,,,
475,1945600,1214,13670.83333759228,8526.236222521415,3.69,1545.73,-0.01901592333069857,2201.6223571002483,1.1755591561086476,9.04866304e-05,0.9353188,2.49,0.38,0.35,0.23,0.04,14210.960070942177,8795.185828553134,4.1,1507.8,0.0
476,1949696,1216,14062.677366784785,8745.223290455995,3.68,1583.98,-0.01963060510934156,1663.69624145329,1.2438997647259384,9.046656e-05,0.938773,2.44,0.39,0.35,0.22,0.04,,,,,
477,1953792,1218,13970.74372486,8689.591055864039,3.7,1576.14,-0.02203647745318449,2553.5756494551897,1.1635469070170075,9.044648960000001e-05,0.9276177,2.47,0.39,0.34,0.23,0.04,,,,,
478,1957888,1222,14153.461534014452,8822.561697187433,3.74,1589.9,-0.021938418954050576,1398.8872036784887,1.1657803554553539,9.042641920000001e-05,0.8908811,2.49,0.38,0.34,0.24,0.04,,,,,
479,1961984,1225,14173.648594162558,8838.673073999013,3.73,1593.4,-0.02020591478139977,1576.3722503334284,1.2319921213202178,9.04063488e-05,0.9445796,2.48,0.38,0.35,0.23,0.04,,,,,
480,1966080,1228,13926.883096615486,8720.980297718015,3.72,1569.93,-0.020482834628637647,2065.5603142678738,1.2309145932085812,9.03862784e-05,0.9353416,2.5,0.37,0.36,0.23,0.04,,,,,
481,1970176,1230,14093.98029419757,8829.83918407275,3.76,1576.34,-0.016611832077614963,2836.1011714339256,1.1634258024860173,9.0366208e-05,0.9651626,2.53,0.36,0.36,0.24,0.04,,,,,
482,1974272,1234,14156.277518524837,8871.847199419772,3.76,1588.61,-0.01850576858214481,1430.7873791903257,1.1805375905241817,9.03461376e-05,0.87518847,2.52,0.37,0.35,0.24,0.04,,,,,
483,1978368,1236,13966.419131477114,8743.207608225059,3.76,1574.22,-0.020754019626110676,1563.1616991758347,1.163964601000771,9.03260672e-05,0.88285804,2.54,0.37,0.34,0.25,0.04,,,,,
484,1982464,1237,14283.657608848473,8926.932879003229,3.77,1603.52,-0.019338672022058745,1720.4724937677383,1.171745716361329,9.03059968e-05,0.9556774,2.52,0.38,0.33,0.25,0.04,,,,,
485,1986560,1240,14209.553979253016,8879.268097470205,3.72,1600.36,-0.021630737756822782,1284.5388583093882,1.170339031261392,9.02859264e-05,0.88875985,2.48,0.38,0.34,0.25,0.03,,,,,
486,1990656,1243,14083.626441908767,8783.130994170773,3.73,1586.26,-0.020237084742802836,1571.8700523525476,1.2073824198450893,9.0265856e-05,0.94536525,2.5,0.38,0.33,0.26,0.03,,,,,
487,1994752,1246,13458.105750949902,8420.120193362583,3.71,1532.72,-0.010821546145962202,1482.026070266962,1.1790439004544169,9.02457856e-05,0.8471056,2.55,0.36,0.34,0.27,0.03,,,,,
488,1998848,1249,13376.341213557762,8359.788241978305,3.71,1515.93,-0.017090527740947437,2091.9691590070724,1.1965612154453993,9.022571520000001e-05,0.91077703,2.56,0.34,0.37,0.26,0.03,,,,,
489,2002944,1252,13696.241512778734,8570.315295908891,3.71,1544.87,-0.015115908059669891,8390.628611057997,1.1717759193852544,9.020564480000001e-05,0.8738039,2.54,0.34,0.37,0.27,0.02,,,,,
490,2007040,1254,13823.583818020665,8638.26860568223,3.71,1557.56,-0.019666580779812648,1785.084189042449,1.1713917816523463,9.018557440000001e-05,0.92265934,2.52,0.35,0.36,0.27,0.02,,,,,
491,2011136,1256,13581.123046273795,8493.80312995382,3.7,1532.59,-0.016771740398326074,2251.1218250095844,1.1546182774472982,9.016550400000001e-05,0.825151,2.54,0.33,0.38,0.27,0.02,,,,,
492,2015232,1258,13608.495206516633,8507.898718686627,3.67,1542.13,-0.014942517412237066,1662.3847713023424,1.1119856275618076,9.01454336e-05,0.9067117,2.5,0.35,0.37,0.26,0.02,,,,,
493,2019328,1262,13769.200482313221,8614.010709705506,3.67,1565.68,-0.020559587161187665,2801.8469990491867,1.2557474975474179,9.01253632e-05,0.93941075,2.47,0.37,0.35,0.26,0.02,,,,,
494,2023424,1266,13491.725652564157,8440.421612344777,3.64,1538.15,-0.01790082093430101,1886.3312284946442,1.2114760777913034,9.01052928e-05,0.7916948,2.48,0.35,0.38,0.25,0.02,,,,,
495,2027520,1269,12955.1983294175,8112.426117878213,3.57,1501.68,-0.01956916754534177,1597.561706021428,1.1798092852113768,9.00852224e-05,0.9041827,2.44,0.37,0.36,0.25,0.02,,,,,
496,2031616,1273,12789.62968207126,7994.826053821889,3.55,1487.01,-0.022545778443600284,638.3609645664692,1.2025740423705429,9.0065152e-05,0.9202264,2.43,0.38,0.35,0.25,0.02,,,,,
497,2035712,1274,12792.686141633889,7999.316515406829,3.55,1489.71,-0.019734537869226187,1258.4583779275417,1.1453206231817603,9.00450816e-05,0.96406394,2.43,0.38,0.35,0.25,0.02,,,,,
498,2039808,1278,12624.393294037169,7897.482041944641,3.56,1474.51,-0.016991265712931636,2470.4925077855587,1.1687121849972755,9.00250112e-05,0.5164354,2.46,0.37,0.35,0.26,0.02,,,,,
499,2043904,1281,12504.1626778788,7836.95139504326,3.52,1463.33,-0.020493422800427652,1274.7533790916204,1.1617527741473168,9.00049408e-05,0.8526836,2.43,0.37,0.36,0.25,0.02,,,,,
500,2048000,1283,12461.816217748255,7798.952862069022,3.5,1464.48,-0.012409373179252725,2959.1950054466724,1.1615711660124362,8.99848704e-05,0.8343124,2.41,0.38,0.35,0.25,0.02,15209.307983064322,9252.65908483427,4.133333333333334,1551.2,0.0
501,2052096,1284,12523.206575299846,7855.386360438283,3.52,1466.66,-0.01439188712174655,5224.354985386133,1.0813668527407572,8.99648e-05,0.90976757,2.43,0.38,0.34,0.26,0.02,,,,,
502,2056192,1287,12261.111442891517,7706.016203474927,3.48,1450.53,-0.014382432796992362,2637.151598125696,1.1212763811927289,8.994472960000001e-05,0.6619132,2.41,0.39,0.33,0.26,0.02,,,,,
503,2060288,1289,12410.52950715797,7793.480850238255,3.52,1462.92,-0.018353480453697557,1650.2049279659986,1.12376076169312,8.992465920000001e-05,0.94093204,2.44,0.39,0.32,0.27,0.02,,,,,
504,2064384,1290,12570.305186627857,7883.184457633026,3.51,1481.86,-0.01771972950655254,1762.123689264059,1.1798242353834212,8.99045888e-05,0.9551922,2.41,0.4,0.32,0.26,0.02,,,,,
505,2068480,1293,12969.715176934778,8130.538066553696,3.52,1521.54,-0.01759897088049911,1744.3393792808056,1.209977999329567,8.98845184e-05,0.89845467,2.37,0.4,0.33,0.26,0.01,,,,,
506,2072576,1295,12937.566381877123,8131.07296601123,3.52,1517.34,-0.018641205120729865,1508.8765689730644,1.1408126594033092,8.9864448e-05,0.93463767,2.37,0.4,0.33,0.26,0.01,,,,,
507,2076672,1297,13454.375755478137,8446.554716559533,3.52,1568.0,-0.015218733473375323,3959.487023115158,1.1197176887653768,8.98443776e-05,0.907743,2.31,0.42,0.33,0.24,0.01,,,,,
508,2080768,1299,12995.069251730642,8166.388021477858,3.44,1545.13,-0.020615259041733225,1454.4687000513077,1.067024649353698,8.98243072e-05,0.8604038,2.25,0.44,0.32,0.23,0.01,,,,,
509,2084864,1301,13069.978759533167,8205.924043624507,3.39,1561.53,-0.021472556261869613,956.0768773406744,1.1587435925612226,8.98042368e-05,0.9139948,2.18,0.46,0.32,0.21,0.01,,,,,
510,2088960,1305,13169.349229007807,8234.675765379896,3.3,1575.57,-0.01660998925126478,2168.38783544302,1.1916914966423064,8.97841664e-05,0.8707782,2.07,0.49,0.31,0.2,0.0,,,,,
511,2093056,1309,12594.427311870393,7879.3681246212955,3.3,1523.35,-0.013721010287554236,2817.938231423497,1.162477201083675,8.9764096e-05,0.90990514,2.13,0.47,0.32,0.21,0.0,,,,,
512,2097152,1313,12687.072443454912,7921.576265885041,3.28,1541.98,-0.010618471287671127,4734.303903847933,1.185906827216968,8.97440256e-05,0.27825683,2.1,0.48,0.32,0.2,0.0,,,,,
513,2101248,1315,12559.269214539707,7850.043313351553,3.3,1528.08,-0.02220599226984632,1750.5561590492725,1.094037567032501,8.972395520000001e-05,0.8119737,2.14,0.47,0.32,0.21,0.0,,,,,
514,2105344,1317,12627.925363635388,7886.384772097405,3.27,1538.16,-0.016294569226374733,2495.6549465358257,1.1715978474821895,8.970388480000001e-05,0.86325365,2.09,0.49,0.31,0.2,0.0,,,,,
515,2109440,1319,12600.739629337912,7857.609133287274,3.26,1537.89,-0.012208943967834784,3381.7542085945606,1.1101713967509568,8.968381440000001e-05,0.923198,2.08,0.5,0.3,0.2,0.0,,,,,
516,2113536,1323,12634.079813765838,7862.549065669479,3.21,1539.38,-0.024226613710197853,1179.4093997776508,1.190520106581971,8.966374400000001e-05,0.7227747,2.03,0.51,0.31,0.18,0.0,,,,,
517,2117632,1325,12807.555312796834,7960.679419003299,3.23,1558.98,-0.014411113030291745,2349.2643129378557,1.1526560606434941,8.96436736e-05,0.87354064,2.03,0.52,0.29,0.19,0.0,,,,,
518,2121728,1327,12843.346363332532,7985.570278563402,3.27,1558.49,-0.018556020371761406,2042.1477346420288,1.1858862489461899,8.96236032e-05,0.8937634,2.07,0.51,0.29,0.2,0.0,,,,,
519,2125824,1331,12599.02208582656,7829.985149238297,3.24,1543.62,-0.018517190426791785,1269.7021133303642,1.2141748354770243,8.96035328e-05,0.918713,2.05,0.52,0.28,0.2,0.0,,,,,
520,2129920,1335,12457.703470144303,7761.617999490961,3.19,1529.88,-0.024923649551965354,1281.4117125570774,1.175995372235775,8.95834624e-05,0.8978746,2.02,0.51,0.3,0.19,0.0,,,,,
521,2134016,1336,12813.230614754913,7983.029885185615,3.2,1563.99,-0.0164228498670127,1931.44827491045,1.2076105054002255,8.9563392e-05,0.9292,1.99,0.52,0.3,0.18,0.0,,,,,
522,2138112,1337,12608.48791385485,7871.612563641542,3.2,1544.92,-0.014806798298195645,4124.6129332482815,1.1814268250018358,8.95433216e-05,0.9458619,2.01,0.51,0.31,0.18,0.0,,,,,
523,2142208,1339,12870.980028537446,8045.627821823703,3.25,1562.97,-0.011537535709067015,3992.3181751966476,1.2020361656323075,8.95232512e-05,0.9278656,2.04,0.5,0.31,0.19,0.0,,,,,
524,2146304,1343,12815.398541374481,8025.964641662522,3.25,1562.55,-0.018192368181189522,3028.707070544362,1.1566909122047946,8.95031808e-05,0.6254033,2.05,0.49,0.32,0.19,0.0,,,,,
525,2150400,1345,12896.349406713429,8071.1842038751965,3.24,1570.23,-0.014936805944671505,2652.461627498269,1.1241707425797358,8.94831104e-05,0.58345246,2.03,0.5,0.31,0.19,0.0,14233.574780031262,9025.10827952557,4.2,1541.8333333333333,0.0
526,2154496,1347,12948.47071545824,8112.1105679553075,3.24,1579.31,-0.012556320154544665,2658.7565277963877,1.0999279348179698,8.946304e-05,0.84611773,2.02,0.51,0.3,0.19,0.0,,,,,
527,2158592,1349,13045.51898125164,8171.3839067712415,3.23,1592.49,-0.01793111112965562,2213.796483248472,1.1438188661122695,8.944296960000001e-05,0.9086098,2.0,0.52,0.29,0.19,0.0,,,,,
528,2162688,1353,12841.904494787866,8032.014911707075,3.23,1568.91,-0.020274043465178693,1523.6838924586773,1.1628666676115245,8.942289920000001e-05,0.9189205,2.02,0.5,0.32,0.18,0.0,,,,,
529,2166784,1358,12631.212262526387,7891.744229783261,3.27,1541.33,-0.02106676667881402,845.0985116064548,1.1833651659544557,8.940282880000001e-05,0.8910414,2.09,0.49,0.31,0.2,0.0,,,,,
530,2170880,1361,12508.246539350797,7798.6712479569305,3.25,1527.99,-0.021009228436014382,741.8805555403233,1.1485067859757692,8.93827584e-05,0.9113699,2.09,0.49,0.31,0.2,0.0,,,,,
531,2174976,1364,12506.871357591217,7808.559840394362,3.23,1537.78,-0.019406526329476037,1667.496869057417,1.1110205713193864,8.9362688e-05,0.847439,2.06,0.51,0.29,0.2,0.0,,,,,
532,2179072,1368,12517.758435645372,7810.10974911798,3.22,1539.27,-0.026194883739663055,1211.473557293415,1.197259608656168,8.93426176e-05,0.8868911,2.05,0.53,0.26,0.21,0.0,,,,,
533,2183168,1370,12479.870159585655,7779.530278621789,3.25,1528.65,-0.01516090619179522,1632.8462439626455,1.151630368316546,8.93225472e-05,0.92905754,2.1,0.51,0.27,0.22,0.0,,,,,
534,2187264,1373,12719.803077748977,7921.844620786407,3.26,1551.4,-0.01756273657156271,1850.772886171937,1.1427820388926193,8.93024768e-05,0.9512087,2.09,0.51,0.27,0.22,0.0,,,,,
535,2191360,1376,12473.73360090787,7756.65479158156,3.24,1527.2,-0.014688948260300094,1614.23185954988,1.1721517853438854,8.92824064e-05,0.94671243,2.09,0.51,0.27,0.22,0.0,,,,,
536,2195456,1379,12552.002515277243,7808.290594604842,3.29,1525.7,-0.020105491295907996,1778.2626563310623,1.1468108394183218,8.9262336e-05,0.90064687,2.14,0.49,0.28,0.23,0.0,,,,,
537,2199552,1382,12709.067735095965,7891.292686727051,3.29,1541.03,-0.019012506225408288,1517.8060805946589,1.1923449060413986,8.92422656e-05,0.9097917,2.12,0.51,0.26,0.23,0.0,,,,,
538,2203648,1383,12581.935127980578,7818.208802060532,3.28,1530.97,-0.020412641215443728,1320.3258145302534,1.1068613303359598,8.922219520000001e-05,0.93756306,2.12,0.51,0.26,0.23,0.0,,,,,
539,2207744,1386,12550.39302464308,7766.815956759777,3.27,1523.47,-0.014383986024768092,3496.0350199639797,1.1636561756022274,8.920212480000001e-05,0.9559239,2.11,0.51,0.27,0.22,0.0,,,,,
540,2211840,1388,12574.763976434759,7785.887975093415,3.3,1522.55,-0.01863350591611379,1513.5291918367147,1.189001606311649,8.918205440000001e-05,0.9222444,2.14,0.51,0.26,0.23,0.0,,,,,
541,2215936,1392,12077.146374212818,7495.8376724194495,3.25,1481.3,-0.02275260407714086,1369.5791996717453,1.1333467843942344,8.916198400000001e-05,0.9135504,2.14,0.51,0.26,0.23,0.0,,,,,
542,2220032,1396,12047.180005453678,7466.294355847267,3.33,1467.37,-0.017058747139344632,1764.1269845217466,1.1605344254057854,8.91419136e-05,0.93042755,2.25,0.48,0.26,0.26,0.0,,,,,
543,2224128,1399,11875.366121913232,7350.1667478427,3.34,1448.43,-0.016803667076601414,1921.7837409377098,1.1516080669825897,8.91218432e-05,0.9035083,2.29,0.45,0.29,0.26,0.0,,,,,
544,2228224,1403,11574.493195369965,7175.216300661806,3.37,1412.53,-0.017879959907077136,1880.3159510791302,1.174172222148627,8.91017728e-05,0.67497945,2.36,0.43,0.29,0.28,0.0,,,,,
545,2232320,1404,11882.167456108467,7366.762312883051,3.4,1441.14,-0.014480955476756208,2916.1438485085964,1.1807526925113052,8.90817024e-05,0.9383333,2.36,0.43,0.29,0.28,0.0,,,,,
546,2236416,1406,11941.883501942202,7388.4257509211975,3.39,1453.8,-0.021201885879236215,1467.9968955218792,1.1561523396521807,8.9061632e-05,0.9100179,2.34,0.44,0.28,0.28,0.0,,,,,
547,2240512,1408,12139.617645385719,7517.508752392157,3.38,1479.61,-0.017389490729328827,1725.2998685836792,1.120918949949555,8.90415616e-05,0.90312773,2.3,0.46,0.27,0.27,0.0,,,,,
548,2244608,1411,12250.822441211101,7574.928474942883,3.34,1495.08,-0.019791169862401148,1858.9728471934795,1.130683114635758,8.90214912e-05,0.8096522,2.24,0.48,0.27,0.25,0.0,,,,,
549,2248704,1414,12249.059990576152,7568.99401190917,3.42,1483.68,-0.020563183970807586,3285.2888603061438,1.0897987908683717,8.90014208e-05,0.90572894,2.33,0.46,0.27,0.26,0.01,,,,,
550,2252800,1419,11898.615281714567,7369.1221588852,3.41,1448.39,-0.023877956980868476,1361.7976015359163,1.1483337082900107,8.89813504e-05,0.749871,2.37,0.44,0.28,0.27,0.01,15740.118216963087,9928.489063430063,4.3,1617.8,0.0
551,2256896,1422,11802.663817811193,7327.8192794101105,3.44,1437.34,-0.020330252660642145,2618.374975323677,1.0896730974782258,8.896128e-05,0.8917152,2.4,0.43,0.28,0.28,0.01,,,,,
552,2260992,1425,11789.778721760493,7336.017405923975,3.47,1426.81,-0.008772837303695269,3634.4567582011223,1.1212001361418515,8.894120960000001e-05,0.882327,2.44,0.41,0.3,0.28,0.01,,,,,
553,2265088,1427,12008.301475238315,7462.875138505278,3.46,1450.63,-0.014191603695508093,1445.1323145478964,1.0928098207805306,8.892113920000001e-05,0.9638012,2.4,0.42,0.3,0.27,0.01,,,,,
554,2269184,1428,12011.650247733116,7464.976748544898,3.46,1450.65,-0.020633362235457753,1935.3682383596897,1.1415290012955666,8.890106880000001e-05,0.9353174,2.4,0.42,0.3,0.27,0.01,,,,,
555,2273280,1431,12237.175954652417,7618.440676378272,3.45,1477.89,-0.020819503838538367,1666.126104235649,1.1412419669795781,8.88809984e-05,0.7671327,2.37,0.43,0.3,0.26,0.01,,,,,
556,2277376,1434,12323.023810877887,7659.431992591817,3.51,1483.61,-0.017200962814058585,1610.0881552398205,1.1267043252009898,8.8860928e-05,0.91040295,2.42,0.43,0.29,0.26,0.02,,,,,
557,2281472,1435,12477.798197042239,7743.192993359881,3.52,1496.94,-0.017755039469193434,3768.3183253109455,1.0964131188811734,8.88408576e-05,0.9564328,2.41,0.44,0.28,0.26,0.02,,,,,
558,2285568,1436,12385.973264561342,7704.4352292304475,3.53,1483.66,-0.013254620169391274,2637.091618910432,1.0374766897875816,8.88207872e-05,0.9231112,2.44,0.43,0.28,0.27,0.02,,,,,
559,2289664,1438,12425.532834515136,7697.667744547379,3.51,1491.5,-0.01957958673210669,2384.778923392296,1.134885183768347,8.88007168e-05,0.9181373,2.41,0.45,0.26,0.27,0.02,,,,,
560,2293760,1440,12491.228560791113,7732.8942543514395,3.51,1494.11,-0.018624644321789674,1054.3353629410267,1.1262938063591719,8.87806464e-05,0.95514387,2.4,0.44,0.28,0.26,0.02,,,,,
561,2297856,1442,12696.357949817759,7849.086483310448,3.53,1510.37,-0.012472233561311441,6552.017100855708,1.1623087355401367,8.8760576e-05,0.9370809,2.4,0.45,0.27,0.26,0.02,,,,,
562,2301952,1447,12560.566094403564,7793.484072781135,3.53,1485.16,-0.025554025583915063,2693.1883237063885,1.2029828049708158,8.87405056e-05,0.7215592,2.44,0.42,0.3,0.26,0.02,,,,,
563,2306048,1449,12549.458061305098,7774.729758662331,3.53,1483.28,-0.019668728209580877,1611.6743536144495,1.1569728020112962,8.872043520000001e-05,0.82488704,2.44,0.42,0.3,0.26,0.02,,,,,
564,2310144,1452,12436.05139425207,7692.7985317675975,3.5,1477.77,-0.02001350583486783,1789.1159101873636,1.2023227338213474,8.870036480000001e-05,0.9005586,2.42,0.44,0.28,0.26,0.02,,,,,
565,2314240,1455,12442.567980679789,7688.637395580918,3.48,1482.76,-0.018099472510584746,739.511093467474,1.1222814125940204,8.868029440000001e-05,0.94578487,2.4,0.45,0.27,0.26,0.02,,,,,
566,2318336,1458,12791.581277489897,7925.578672084505,3.51,1511.03,-0.01475565812052082,13611.56423895061,1.081200783723034,8.866022400000001e-05,0.9041855,2.4,0.44,0.29,0.24,0.03,,,,,
567,2322432,1461,12790.051436266782,7921.710707697829,3.48,1509.66,-0.018738903439952992,1187.7815479934216,1.1708694477565587,8.86401536e-05,0.91498536,2.37,0.44,0.3,0.23,0.03,,,,,
568,2326528,1463,12828.61718622762,7957.576981916853,3.47,1515.55,-0.015779419102727843,3102.1081875115633,1.1035371595062315,8.86200832e-05,0.76333344,2.35,0.44,0.31,0.22,0.03,,,,,
569,2330624,1466,13135.37630761359,8129.788649794088,3.53,1540.66,-0.01836915387866611,1589.6231566220522,1.1434645729605108,8.86000128e-05,0.92878115,2.38,0.41,0.34,0.22,0.03,,,,,
570,2334720,1469,13296.755517119376,8224.879301071885,3.53,1551.93,-0.015298803788027726,2510.4136712402105,1.1372562269680202,8.85799424e-05,0.9203983,2.36,0.41,0.35,0.21,0.03,,,,,
571,2338816,1472,13055.327497628437,8101.208266060782,3.48,1532.76,-0.017515613611976732,2215.3574945777655,1.1076769147766754,8.8559872e-05,0.8840461,2.33,0.42,0.35,0.2,0.03,,,,,
572,2342912,1475,12990.012253418781,8083.530703065906,3.47,1529.39,-0.01841364090614661,1207.8445472717285,1.110396109521389,8.85398016e-05,0.90997565,2.32,0.42,0.35,0.2,0.03,,,,,
573,2347008,1478,13081.91305205364,8148.4264319718695,3.48,1540.59,-0.011297449755147682,7892.244780272245,1.1107807125663385,8.85197312e-05,0.6626171,2.32,0.42,0.35,0.2,0.03,,,,,
574,2351104,1479,13069.576601476032,8143.305615789555,3.47,1542.86,-0.013764483241175185,13422.585423618555,1.143513117916882,8.84996608e-05,0.9464592,2.31,0.43,0.34,0.2,0.03,,,,,
575,2355200,1482,13415.683397601939,8369.396738979149,3.53,1564.85,-0.021563362006418174,917.019946321845,1.1114231642568484,8.84795904e-05,0.9277094,2.35,0.41,0.35,0.21,0.03,14949.819914381376,9330.405812392464,4.133333333333334,1517.5666666666666,0.0
576,2359296,1484,13041.353555954774,8130.977423162171,3.49,1529.47,-0.017653009457717417,1534.1884563416243,1.194444997003302,8.845952e-05,0.93132925,2.35,0.41,0.35,0.21,0.03,,,,,
577,2363392,1489,12834.214888769759,8029.289076002776,3.5,1503.13,-0.016762452299190045,3032.538600757718,1.1548695845995098,8.843944960000001e-05,0.89373857,2.38,0.38,0.38,0.21,0.03,,,,,
578,2367488,1491,12933.616723295745,8097.871903535911,3.48,1515.75,-0.01964380605795668,1057.0612773448229,1.189241427462548,8.841937920000001e-05,0.8729561,2.34,0.39,0.38,0.2,0.03,,,,,
579,2371584,1492,13333.166245221017,8328.275378833943,3.51,1551.57,-0.015478989155781164,2130.5943247377872,1.0775171988643706,8.839930880000001e-05,0.94733953,2.33,0.4,0.37,0.2,0.03,,,,,
580,2375680,1494,13286.433014711223,8293.659849270818,3.47,1554.53,-0.016207337841478875,2262.754069983959,1.1509996667737141,8.83792384e-05,0.76845104,2.28,0.42,0.36,0.19,0.03,,,,,
581,2379776,1496,13678.954241784908,8531.93562780014,3.44,1595.96,-0.01612251434562495,1278.9650304317474,1.1478123229462653,8.8359168e-05,0.8978923,2.2,0.44,0.36,0.17,0.03,,,,,
582,2383872,1498,13677.006221961079,8543.905711489631,3.43,1601.53,-0.011985463552264264,3974.7762167155743,1.0788640181999654,8.83390976e-05,0.864583,2.18,0.45,0.35,0.17,0.03,,,,,
583,2387968,1503,13818.553059051534,8607.159422799345,3.47,1605.41,-0.02695361105088523,503.6691511794925,1.1085455521242693,8.83190272e-05,0.7649934,2.22,0.45,0.34,0.18,0.03,,,,,
584,2392064,1504,13601.688237387121,8476.04319692759,3.45,1586.83,-0.019896954394425848,844.424889922142,1.1445402030367404,8.82989568e-05,0.9136611,2.22,0.45,0.34,0.18,0.03,,,,,
585,2396160,1506,13649.96852204775,8523.812956698599,3.48,1585.87,-0.019730723886823398,1979.2147913128138,1.160499363206327,8.82788864e-05,0.9424685,2.25,0.44,0.34,0.19,0.03,,,,,
586,2400256,1508,13832.251521009763,8634.379355877232,3.5,1598.55,-0.01856225648407417,2166.6917800605297,1.147456896258518,8.8258816e-05,0.9450236,2.26,0.43,0.35,0.19,0.03,,,,,
587,2404352,1509,13983.51933644499,8735.122982605393,3.52,1611.67,-0.019533643448994553,1099.103865146637,1.107308084028773,8.82387456e-05,0.92855424,2.26,0.43,0.35,0.19,0.03,,,,,
588,2408448,1512,14047.122020140238,8759.246422188346,3.51,1616.15,-0.018384528264505207,1255.221008375287,1.0861060675233603,8.821867520000001e-05,0.9446547,2.25,0.43,0.35,0.19,0.03,,,,,
589,2412544,1513,14404.544039219765,8982.479662705466,3.52,1642.26,-0.012347035148195573,3522.832473695278,1.0756266720127314,8.819860480000001e-05,0.965859,2.23,0.43,0.36,0.18,0.03,,,,,
590,2416640,1515,14568.542201101483,9074.267956327803,3.5,1665.73,-0.01061151946123573,3305.0540024340153,1.0529161693993956,8.817853440000001e-05,0.7627069,2.19,0.44,0.36,0.18,0.02,,,,,
591,2420736,1517,14911.165461510876,9266.6094956716,3.51,1698.06,-0.02140063280785398,745.6897135227919,1.0769543717615306,8.815846400000001e-05,0.9612205,2.16,0.45,0.35,0.18,0.02,,,,,
592,2424832,1519,15068.899200477274,9352.883388822958,3.51,1710.99,-0.02199757193284313,662.6831491291523,1.142380747012794,8.813839360000001e-05,0.9612616,2.14,0.45,0.36,0.17,0.02,,,,,
593,2428928,1523,15042.306725019398,9322.359393932747,3.48,1709.01,-0.017780173404389643,3464.411675617099,1.1437297513475642,8.81183232e-05,0.81785893,2.12,0.45,0.37,0.16,0.02,,,,,
594,2433024,1527,14585.25346919229,9041.968365522811,3.44,1673.14,-0.022499893657368375,995.5268066674471,1.1296370424097404,8.80982528e-05,0.92087257,2.12,0.45,0.37,0.16,0.02,,,,,
595,2437120,1531,14248.203155427827,8843.215383648776,3.46,1636.37,-0.0145866184575425,2587.0446768403053,1.0928799486719072,8.80781824e-05,0.796276,2.19,0.42,0.39,0.17,0.02,,,,,
596,2441216,1534,14352.498424354142,8913.389672629364,3.49,1645.82,-0.018473029646884243,1073.9793469458818,1.0375852232100442,8.8058112e-05,0.9344507,2.21,0.42,0.38,0.18,0.02,,,,,
597,2445312,1537,13654.952945793231,8464.87446257748,3.43,1588.58,-0.022311342203465756,752.6740434765816,1.1060149364639074,8.80380416e-05,0.91173536,2.21,0.42,0.38,0.18,0.02,,,,,
598,2449408,1540,13417.445317952095,8314.855043442549,3.42,1562.02,-0.018225461693873513,668.4090115949512,1.0883991034934297,8.80179712e-05,0.96019065,2.23,0.41,0.39,0.18,0.02,,,,,
599,2453504,1543,13211.935892749425,8174.508720732801,3.36,1554.14,-0.017194006748468382,1982.8239997923374,1.0783469083253294,8.79979008e-05,0.8658056,2.17,0.42,0.4,0.16,0.02,,,,,
600,2457600,1546,13356.703214307057,8262.834863780681,3.4,1566.56,-0.015526020059269285,2398.1262291371822,1.1174754608655348,8.79778304e-05,0.8847642,2.19,0.42,0.39,0.17,0.02,12779.712498312141,8077.815348952168,4.0,1416.6,0.0
601,2461696,1551,13110.431185722719,8108.977505377063,3.41,1536.65,-0.022096090310697036,1067.921962171793,1.1333122458308935,8.795776e-05,0.7874037,2.23,0.41,0.4,0.17,0.02,,,,,
602,2465792,1554,13093.064146020002,8108.110967860569,3.4,1536.85,-0.020093602577617276,2194.859394028783,1.097348601091653,8.793768960000001e-05,0.81983715,2.22,0.41,0.4,0.17,0.02,,,,,
603,2469888,1556,13173.048297831105,8161.705845983372,3.4,1547.96,-0.01832260643641348,2437.6196465194225,1.128950239624828,8.791761920000001e-05,0.8753584,2.21,0.42,0.39,0.17,0.02,,,,,
604,2473984,1558,13142.741262994317,8127.011650674968,3.36,1550.96,-0.019506035323502147,2059.4331755638123,1.1858883271925151,8.789754880000001e-05,0.89293504,2.16,0.43,0.39,0.17,0.01,,,,,
605,2478080,1561,13122.123295167268,8125.800349393223,3.4,1549.76,-0.019558376857276016,2223.19861215353,1.067736204364337,8.78774784e-05,0.83904797,2.2,0.42,0.39,0.18,0.01,,,,,
606,2482176,1564,13021.411742629474,8048.930054671668,3.38,1540.55,-0.016774743806308834,1661.065099477768,1.1133917380357161,8.7857408e-05,0.8146112,2.19,0.43,0.38,0.18,0.01,,,,,
607,2486272,1566,13186.912939925476,8159.380428022904,3.39,1560.15,-0.019982665453426307,1832.2140747010708,1.1184727465733886,8.78373376e-05,0.92737347,2.18,0.44,0.37,0.18,0.01,,,,,
608,2490368,1568,13303.763578973587,8245.181377593071,3.39,1572.25,-0.017699051435556612,2255.5229130238295,1.1215145743917674,8.78172672e-05,0.9358524,2.17,0.44,0.38,0.17,0.01,,,,,
609,2494464,1570,13482.124736194648,8353.857950529698,3.41,1587.26,-0.019750709760501195,2288.450519800186,1.1051037871511653,8.77971968e-05,0.9228601,2.18,0.43,0.39,0.17,0.01,,,,,
610,2498560,1573,13504.94767027973,8359.283592764994,3.41,1593.06,-0.026050912354548927,1367.7090301662683,1.13810397638008,8.77771264e-05,0.87719065,2.17,0.43,0.39,0.17,0.01,,,,,
611,2502656,1576,13325.122919398511,8240.721006630432,3.38,1575.64,-0.025854555058685946,846.4540627896786,1.1745777825126424,8.7757056e-05,0.9124303,2.16,0.43,0.4,0.16,0.01,,,,,
612,2506752,1579,13461.99706766785,8301.539877392666,3.37,1588.85,-0.018104691403550532,1838.0516096651554,1.1375446910969913,8.77369856e-05,0.91785216,2.13,0.44,0.4,0.15,0.01,,,,,
613,2510848,1582,12968.949776316522,7996.11809398651,3.33,1551.03,-0.01979307119108853,1050.0816499590874,1.0958778912900016,8.771691520000001e-05,0.9529697,2.13,0.43,0.42,0.14,0.01,,,,,
614,2514944,1586,12745.398065124382,7857.479270545678,3.33,1532.22,-0.014564833752956474,2601.512336537242,1.0577550970483571,8.769684480000001e-05,0.7254031,2.16,0.42,0.42,0.15,0.01,,,,,
615,2519040,1588,13036.596716497477,8026.777817590914,3.33,1564.19,-0.0213559727781103,1077.21379776299,1.0924233882687986,8.767677440000001e-05,0.9205816,2.12,0.44,0.4,0.15,0.01,,,,,
616,2523136,1589,13196.425662137577,8122.044790519768,3.32,1582.72,-0.016348955936337006,1856.5429005473852,1.0684525276301429,8.765670400000001e-05,0.8497107,2.09,0.45,0.4,0.14,0.01,,,,,
617,2527232,1593,12765.503481042042,7873.023330727711,3.3,1540.67,-0.021743613727267075,1603.9414121955633,1.1378740726504475,8.763663360000001e-05,0.8398397,2.12,0.43,0.42,0.14,0.01,,,,,
618,2531328,1595,12862.336542858126,7934.908882759874,3.31,1552.38,-0.015605651773512363,2481.010765463114,1.0602126322919503,8.76165632e-05,0.917163,2.12,0.43,0.42,0.14,0.01,,,,,
619,2535424,1598,12533.116139792273,7729.974808779233,3.28,1520.41,-0.02366565231932327,1012.1699016541243,1.101310320198536,8.75964928e-05,0.8409455,2.13,0.42,0.43,0.14,0.01,,,,,
620,2539520,1600,12520.198197243668,7722.215009444539,3.26,1526.18,-0.01976089505114942,1190.5282308757305,1.0827934191329405,8.75764224e-05,0.92706454,2.1,0.43,0.43,0.12,0.02,,,,,
621,2543616,1604,12592.320843092166,7768.474792572912,3.27,1534.99,-0.0171547311501854,1752.9283481687307,1.0887512346962467,8.7556352e-05,0.84388864,2.1,0.43,0.43,0.12,0.02,,,,,
622,2547712,1605,12604.582831749034,7766.601917464023,3.27,1534.14,-0.02044822919106082,1093.117906987667,1.0235372640891,8.75362816e-05,0.94732165,2.1,0.43,0.43,0.12,0.02,,,,,
623,2551808,1608,12258.714498294716,7545.35220532094,3.23,1502.16,-0.017692203588921984,2290.726010262966,1.084890293306671,8.75162112e-05,0.9022756,2.09,0.43,0.44,0.11,0.02,,,,,
624,2555904,1611,12176.542499092438,7477.040954675237,3.23,1487.51,-0.014936703464627499,1006.2938445359468,1.0492518151877448,8.74961408e-05,0.92408067,2.11,0.41,0.46,0.11,0.02,,,,,
625,2560000,1613,11875.241845190036,7292.56711714274,3.2,1470.54,-0.016893123502086382,1206.5423771888018,1.084902261965908,8.74760704e-05,0.9282179,2.1,0.41,0.46,0.11,0.02,8148.989623192931,5064.977668799987,3.6333333333333333,1058.2,0.0
626,2564096,1617,11530.164044870915,7091.882627909917,3.19,1437.65,-0.022480230350993224,1289.8396909534931,1.0888789545278996,8.7456e-05,0.9094907,2.12,0.41,0.45,0.12,0.02,,,,,
627,2568192,1622,11260.021984926192,6934.526872688209,3.26,1408.64,-0.016665804914737237,2762.576695650816,1.0693385248305276,8.74359296e-05,0.82282364,2.22,0.41,0.41,0.16,0.02,,,,,
628,2572288,1624,11399.566774749454,7024.53998422624,3.27,1423.43,-0.014999504724073631,2217.426731109619,1.0550330920377746,8.74158592e-05,0.91711533,2.21,0.41,0.41,0.16,0.02,,,,,
629,2576384,1627,11549.203614277056,7138.319728842525,3.24,1440.3,-0.0183523658051854,2470.072196215391,1.085955634014681,8.739578880000001e-05,0.8931443,2.16,0.42,0.41,0.15,0.02,,,,,
630,2580480,1629,11765.344537427905,7251.355981628161,3.26,1452.95,-0.015026286830106983,3017.3343667387962,1.0736235439544544,8.73757184e-05,0.92864376,2.16,0.42,0.41,0.15,0.02,,,,,
631,2584576,1631,11908.424708419323,7345.136194301192,3.26,1471.92,-0.013760102086962434,3667.556892365217,1.0222358740866184,8.7355648e-05,0.70748407,2.14,0.43,0.4,0.15,0.02,,,,,
632,2588672,1634,11898.911451826969,7327.7702700521295,3.2,1473.04,-0.023594949009293487,763.85765594244,1.0686389658367261,8.73355776e-05,0.88171685,2.08,0.43,0.42,0.14,0.01,,,,,
633,2592768,1638,11693.065466189775,7224.502573065494,3.2,1456.24,-0.02272224387525057,1826.8688301295042,1.1159336682176217,8.73155072e-05,0.87541175,2.1,0.42,0.43,0.14,0.01,,,,,
634,2596864,1640,11817.261574530849,7318.47747991948,3.24,1470.23,-0.01802905038857716,1362.5845030844212,1.0156955434940755,8.72954368e-05,0.92285734,2.13,0.42,0.42,0.14,0.02,,,,,
635,2600960,1643,11695.76081141813,7245.54990245746,3.25,1459.46,-0.022762587090255693,958.9597632884979,1.069618417415768,8.72753664e-05,0.92106056,2.15,0.42,0.41,0.15,0.02,,,,,
636,2605056,1645,11919.485904194038,7375.225380171305,3.23,1488.86,-0.01934764569887193,2206.409860730171,1.1034553436329588,8.7255296e-05,0.82297575,2.1,0.44,0.4,0.14,0.02,,,,,
637,2609152,1648,12071.209241911514,7467.118882623303,3.24,1500.03,-0.018708053112277412,1507.3986346423626,1.0749343314673752,8.72352256e-05,0.9388565,2.1,0.44,0.4,0.14,0.02,,,,,
638,2613248,1650,12163.043943004403,7512.8588001650305,3.24,1510.75,-0.021579720323643414,680.16119594872,1.1080779462354258,8.72151552e-05,0.9050357,2.09,0.45,0.38,0.15,0.02,,,,,
639,2617344,1653,12225.987553031167,7565.059029612573,3.24,1518.19,-0.02160031475341384,1790.2507413178682,1.166489995783195,8.71950848e-05,0.8791615,2.08,0.46,0.37,0.15,0.02,,,,,
640,2621440,1655,12139.455570823846,7500.760922021537,3.25,1504.53,-0.01760734119488916,987.2080338597298,1.1100725766737014,8.717501440000001e-05,0.9465043,2.1,0.45,0.38,0.15,0.02,,,,,
641,2625536,1658,12369.974792153771,7638.959590064818,3.27,1522.07,-0.01642939148041478,2042.2675989419222,1.015603337669745,8.715494400000001e-05,0.945296,2.1,0.45,0.38,0.15,0.02,,,,,
642,2629632,1661,12277.099665138643,7568.785945103096,3.27,1510.7,-0.01418780751646409,1063.5211194306612,1.0845706276595592,8.713487360000001e-05,0.78870535,2.12,0.45,0.38,0.14,0.03,,,,,
643,2633728,1664,12403.270585342147,7650.858311529071,3.3,1516.14,-0.01773501872230554,2494.1672849208117,1.0468714765738696,8.71148032e-05,0.9523526,2.14,0.44,0.39,0.14,0.03,,,,,
644,2637824,1666,12165.232168001488,7506.695875654632,3.31,1490.67,-0.020113900953219854,1107.5809314846992,1.044706518878229,8.70947328e-05,0.937343,2.18,0.43,0.39,0.15,0.03,,,,,
645,2641920,1670,11817.354198223471,7283.67252692766,3.28,1460.59,-0.019793403158473666,1505.1049713641405,1.0456639365293086,8.70746624e-05,0.88772154,2.18,0.44,0.38,0.15,0.03,,,,,
646,2646016,1674,11972.399076945965,7386.405968113098,3.32,1468.67,-0.01937557073779317,2350.1846975833178,1.0619887782959267,8.7054592e-05,0.92618483,2.21,0.42,0.39,0.16,0.03,,,,,
647,2650112,1674,11972.399076945965,7386.405968113098,3.32,1468.67,-0.0141247623550953,1796.070067614317,1.0267910243710503,8.70345216e-05,0.9461998,2.21,0.42,0.39,0.16,0.03,,,,,
648,2654208,1679,11988.351989518445,7411.532472052475,3.36,1467.4,-0.021891073483857326,1468.272154778242,1.112868722062558,8.70144512e-05,0.71626174,2.26,0.41,0.39,0.16,0.04,,,,,
649,2658304,1681,12162.055064372726,7523.360711808531,3.38,1483.39,-0.01041091967454122,3127.4380168020725,0.9955277568660676,8.69943808e-05,0.86753565,2.26,0.42,0.38,0.16,0.04,,,,,
650,2662400,1684,12374.396347649252,7666.327598016744,3.38,1503.76,-0.012595147380125127,3338.740746125579,1.0730661700945348,8.69743104e-05,0.9206827,2.24,0.42,0.39,0.15,0.04,10138.182269406256,6381.695501143141,3.8333333333333335,1246.0,0.0
651,2666496,1688,12059.90402079382,7469.137793018508,3.4,1468.99,-0.023398885214191978,739.3628937453032,1.0625494811683893,8.695424e-05,0.84262025,2.3,0.41,0.38,0.17,0.04,,,,,
652,2670592,1691,11922.587986829436,7368.701154539766,3.39,1449.94,-0.016355966856281157,1234.9719549417496,1.0335384607315063,8.69341696e-05,0.8943109,2.31,0.4,0.39,0.17,0.04,,,,,
653,2674688,1695,11731.29901061874,7251.473695952266,3.4,1428.76,-0.02575344927572587,1600.0334607809782,1.0852290437323973,8.691409920000001e-05,0.90342337,2.35,0.38,0.4,0.18,0.04,,,,,
654,2678784,1699,11521.160788401672,7139.830811328011,3.43,1404.64,-0.02016089411699795,2148.0392499119043,1.0784221787471324,8.689402880000001e-05,0.890406,2.4,0.37,0.4,0.19,0.04,,,,,
655,2682880,1702,11579.113744071285,7185.369175425211,3.38,1417.49,-0.020993650401578634,1260.057027876377,1.1218101896811277,8.687395840000001e-05,0.8660013,2.33,0.39,0.39,0.19,0.03,,,,,
656,2686976,1705,11429.558977981716,7109.932044275566,3.39,1405.44,-0.012974303943337873,1938.0904967933893,1.067914297687821,8.6853888e-05,0.89514035,2.36,0.38,0.4,0.19,0.03,,,,,
657,2691072,1709,11183.11181516607,6971.2810216334465,3.42,1379.45,-0.015473980671231402,2560.9025091975927,1.110516733955592,8.68338176e-05,0.87520623,2.42,0.37,0.39,0.21,0.03,,,,,
658,2695168,1712,10943.46131053186,6824.561503151107,3.4,1360.25,-0.020906410542011145,1223.3668298274279,1.0634920771699399,8.68137472e-05,0.69663405,2.42,0.39,0.36,0.22,0.03,,,,,
659,2699264,1715,11050.887582472033,6880.378356408063,3.35,1375.14,-0.019894372769158508,1237.526194036007,1.0634677521884441,8.67936768e-05,0.9190956,2.35,0.41,0.36,0.2,0.03,,,,,
660,2703360,1718,11073.649619025775,6881.130558828457,3.35,1372.97,-0.016709047491531237,1596.476505830884,1.0613279449753463,8.67736064e-05,0.9730552,2.36,0.39,0.39,0.19,0.03,,,,,
661,2707456,1721,11325.362418085248,7025.476947007603,3.33,1399.2,-0.018144982030207757,1066.5139930397272,1.0695557214785367,8.6753536e-05,0.9695526,2.31,0.4,0.4,0.17,0.03,,,,,
662,2711552,1724,11254.936065876642,6974.092375348688,3.32,1395.25,-0.023495943088164495,1475.411625355482,1.1165772505337372,8.67334656e-05,0.7080413,2.31,0.41,0.39,0.17,0.03,,,,,
663,2715648,1726,11219.821637002446,6937.650913919936,3.32,1393.08,-0.01856387739917409,2794.3082931935787,1.0536561699118465,8.67133952e-05,0.90147114,2.31,0.41,0.39,0.17,0.03,,,,,
664,2719744,1731,10832.176752042522,6709.7964205542285,3.33,1356.25,-0.020421478448042762,1522.7335591167212,1.092130912700668,8.669332480000001e-05,0.81830454,2.36,0.4,0.39,0.18,0.03,,,,,
665,2723840,1734,10668.000442310464,6633.415114857744,3.31,1343.21,-0.021816168598888908,1218.1487336605787,1.0879559447057545,8.667325440000001e-05,0.8777513,2.35,0.4,0.39,0.18,0.03,,,,,
666,2727936,1736,10861.71573794822,6754.474506989191,3.31,1362.42,-0.0156627969663532,3717.2595711946487,1.0711717481026426,8.665318400000001e-05,0.8481115,2.33,0.41,0.38,0.18,0.03,,,,,
667,2732032,1739,10883.578305463774,6749.562535954343,3.31,1363.36,-0.022472186817140027,1400.1695234030485,1.0975977688794956,8.663311360000001e-05,0.9166397,2.33,0.42,0.37,0.18,0.03,,,,,
668,2736128,1741,11102.603233539308,6870.9715198819495,3.29,1386.96,-0.01959122395783197,1000.9498891085386,1.1030414793640375,8.66130432e-05,0.90679926,2.28,0.43,0.37,0.18,0.02,,,,,
669,2740224,1744,11019.760789428467,6805.186342644228,3.25,1379.44,-0.01983856183687749,805.0349580347538,1.1044945865869522,8.65929728e-05,0.85222566,2.25,0.44,0.37,0.17,0.02,,,,,
670,2744320,1746,11128.340411460325,6866.215913970634,3.28,1385.9,-0.018315367571631214,1401.8840098679066,1.0673269073013216,8.65729024e-05,0.8925758,2.28,0.43,0.37,0.18,0.02,,,,,
671,2748416,1749,10930.40417608022,6758.118370118687,3.27,1371.68,-0.01941727351368172,1814.684021472931,1.1122735746903345,8.6552832e-05,0.79670703,2.29,0.42,0.38,0.18,0.02,,,,,
672,2752512,1753,10904.105726654449,6739.728932029702,3.32,1361.63,-0.01605240112712636,4757.662594020367,1.1242572480114177,8.65327616e-05,0.84555686,2.36,0.4,0.39,0.19,0.02,,,,,
673,2756608,1755,10884.559982709381,6740.044522160544,3.34,1356.98,-0.014278735961852362,2405.9508087038994,1.1185430012410507,8.65126912e-05,0.9062827,2.39,0.39,0.39,0.2,0.02,,,,,
674,2760704,1756,10906.729216803189,6747.211475161893,3.34,1358.03,-0.018610384557177895,2174.782757088542,1.0378601165721193,8.64926208e-05,0.94532657,2.39,0.39,0.39,0.2,0.02,,,,,
675,2764800,1759,11194.13516306873,6929.020971124616,3.37,1379.0,-0.01373873628108413,2518.0252425074577,1.0672541838139296,8.64725504e-05,0.96582013,2.4,0.39,0.38,0.21,0.02,12306.207985283198,7816.738207743929,4.033333333333333,1415.5666666666666,0.0
676,2768896,1760,11288.123800400654,6990.546213756016,3.34,1391.03,-0.011410194826567022,2660.6593686044216,1.1432447389233857,8.645248e-05,0.86876595,2.36,0.39,0.39,0.21,0.01,,,,,
677,2772992,1763,11236.315427805315,6963.044705581139,3.34,1386.18,-0.016266068603727035,1137.8045514822006,1.1437401017174125,8.64324096e-05,0.9406168,2.36,0.4,0.37,0.22,0.01,,,,,
678,2777088,1768,11174.566972824501,6914.668037126339,3.38,1380.32,-0.013165474387278664,1450.0272952765226,1.11263513029553,8.64123392e-05,0.86968434,2.4,0.41,0.34,0.23,0.02,,,,,
679,2781184,1771,11153.082574064209,6886.389464029185,3.4,1380.61,-0.01994533771812712,2108.0641701966524,1.117103956756182,8.639226880000001e-05,0.85137063,2.42,0.42,0.32,0.23,0.03,,,,,
680,2785280,1773,11220.102845248965,6923.2142848613685,3.39,1393.17,-0.01828426311567455,1295.1452085226774,1.1342612067237496,8.637219840000001e-05,0.8350158,2.4,0.44,0.3,0.23,0.03,,,,,
681,2789376,1778,10914.207009631775,6748.547895408976,3.34,1366.81,-0.018217967946839053,2261.8049422502518,1.1821362737100571,8.6352128e-05,0.90280974,2.37,0.44,0.32,0.22,0.02,,,,,
682,2793472,1781,10619.33373738576,6577.110665966629,3.37,1336.09,-0.01941640886980167,1861.5397431850433,1.1350055462680757,8.63320576e-05,0.9089623,2.43,0.43,0.31,0.23,0.03,,,,,
683,2797568,1782,11126.4323584769,6892.523870610419,3.41,1380.34,-0.01196320615872537,8852.389619886875,1.1024815029231831,8.63119872e-05,0.8931157,2.42,0.44,0.3,0.23,0.03,,,,,
684,2801664,1784,11148.020608386996,6886.973486186447,3.39,1389.14,-0.024421115937911964,964.4567514955997,1.1136177824810147,8.62919168e-05,0.9308828,2.39,0.46,0.28,0.23,0.03,,,,,
685,2805760,1786,11373.666799220033,7015.840064394337,3.38,1414.65,-0.02108953557581117,985.0924795717001,1.1151199925225228,8.62718464e-05,0.915349,2.35,0.47,0.28,0.22,0.03,,,,,
686,2809856,1788,11600.28832718866,7153.243546284647,3.38,1437.58,-0.016857682974659838,1743.0834407657385,1.165743980789557,8.6251776e-05,0.90875524,2.32,0.48,0.28,0.21,0.03,,,,,
687,2813952,1790,11648.36738496839,7187.938477488313,3.38,1444.43,-0.0225390556097409,1095.4190550297499,1.0794345254544169,8.62317056e-05,0.89256114,2.31,0.49,0.27,0.21,0.03,,,,,
688,2818048,1794,11559.902183799057,7140.64123887243,3.39,1437.32,-0.02058600535201549,2002.5309316664934,1.157242706976831,8.62116352e-05,0.82235396,2.32,0.49,0.27,0.21,0.03,,,,,
689,2822144,1797,11753.546791931181,7257.021738170218,3.41,1456.41,-0.016081678505543096,2059.9931047856808,1.1077562624122947,8.61915648e-05,0.7981473,2.32,0.49,0.27,0.21,0.03,,,,,
690,2826240,1800,11744.66885672416,7245.760564044441,3.39,1456.98,-0.019566904895327752,1439.6577086299658,1.163789930054918,8.617149440000001e-05,0.8190676,2.3,0.49,0.27,0.21,0.03,,,,,
691,2830336,1803,11720.758141967744,7228.520801856275,3.37,1453.83,-0.018494217357329035,1691.1058374345303,1.1293700862443075,8.615142400000001e-05,0.9485133,2.29,0.49,0.27,0.21,0.03,,,,,
692,2834432,1805,11791.221626043209,7283.336632574508,3.37,1455.85,-0.014503678143228171,3170.7632464766502,1.148697592318058,8.613135360000001e-05,0.8065841,2.29,0.48,0.29,0.2,0.03,,,,,
693,2838528,1809,11907.674260884425,7339.154206371338,3.33,1472.06,-0.018930711694338243,1317.235256664455,1.1538429416250437,8.611128320000001e-05,0.624856,2.23,0.5,0.28,0.19,0.03,,,,,
694,2842624,1812,11972.181082152581,7381.4457591621585,3.34,1478.72,-0.01917111534930882,1132.3863511830568,1.1765410320367664,8.60912128e-05,0.8888528,2.24,0.49,0.3,0.18,0.03,,,,,
695,2846720,1813,11959.23248407002,7385.816109437534,3.34,1479.52,-0.01792923991979478,1357.5359133780003,1.1766125170979649,8.60711424e-05,0.8715545,2.24,0.49,0.3,0.18,0.03,,,,,
696,2850816,1816,12296.295598540682,7611.388558818342,3.37,1511.21,-0.018764112077406025,1900.7091918736696,1.1133157211588696,8.6051072e-05,0.9251715,2.23,0.49,0.3,0.18,0.03,,,,,
697,2854912,1820,11872.71220870633,7390.003367970316,3.35,1477.62,-0.022936721628866508,1131.1909977048635,1.1716399611905217,8.60310016e-05,0.84792876,2.25,0.5,0.28,0.19,0.03,,,,,
698,2859008,1826,11641.120333345374,7269.512018335646,3.35,1456.42,-0.02207880199966894,1969.9404243826866,1.215240447083488,8.60109312e-05,0.71424353,2.28,0.49,0.28,0.2,0.03,,,,,
699,2863104,1830,11618.557380328299,7229.893026266517,3.34,1452.4,-0.02152471557201352,1000.4222622811794,1.1506211003288627,8.59908608e-05,0.9204933,2.27,0.49,0.28,0.2,0.03,,,,,
700,2867200,1832,11808.190072685502,7349.839999149507,3.37,1463.86,-0.01011707910856785,5537.170209646225,1.1714559164829552,8.59707904e-05,0.90710086,2.29,0.49,0.27,0.21,0.03,13322.231554687432,8487.893751636655,4.1,1475.1666666666667,0.0
701,2871296,1834,12027.555309191968,7476.774915020475,3.4,1483.81,-0.019334546816480724,1699.3995878249407,1.1259634423768148,8.595072e-05,0.9334774,2.3,0.49,0.27,0.21,0.03,,,,,
702,2875392,1835,12028.842133380389,7474.452250725961,3.4,1485.01,-0.018975135948949173,1393.0207871198654,1.183695470681414,8.59306496e-05,0.80103934,2.3,0.49,0.27,0.21,0.03,,,,,
703,2879488,1837,12141.068461423858,7555.031334546101,3.39,1501.71,-0.021319697925719083,2255.4279161691666,1.1775183263234794,8.59105792e-05,0.8959059,2.27,0.5,0.27,0.2,0.03,,,,,
704,2883584,1839,12266.42049472215,7641.115436383477,3.39,1518.96,-0.011847017067339038,2256.8884418159723,1.1294870029669255,8.589050880000001e-05,0.78514224,2.25,0.51,0.26,0.2,0.03,,,,,
705,2887680,1841,12085.61214217226,7540.907252938135,3.39,1499.26,-0.016650480438329396,1576.3012495189905,1.1812889128923416,8.587043840000001e-05,0.8936885,2.28,0.49,0.28,0.2,0.03,,,,,
706,2891776,1845,12245.672191536954,7642.434928943067,3.43,1510.71,-0.020558048900056747,1259.4697973430157,1.0982547313906252,8.5850368e-05,0.9413272,2.3,0.48,0.29,0.2,0.03,,,,,
707,2895872,1848,12064.571569653821,7547.866005519575,3.41,1495.23,-0.01887023024755763,1244.5848214626312,1.1585348257794976,8.58302976e-05,0.906544,2.29,0.48,0.29,0.2,0.03,,,,,
708,2899968,1850,11998.846216637616,7505.074793613504,3.42,1487.41,-0.020734028061269782,1605.198523953557,1.0911841214401647,8.58102272e-05,0.92367035,2.31,0.48,0.28,0.21,0.03,,,,,
709,2904064,1851,12339.30134449782,7713.101902110869,3.45,1516.3,-0.0205169242744887,1425.305759549141,1.1119376485003158,8.57901568e-05,0.9456264,2.31,0.48,0.28,0.21,0.03,,,,,
710,2908160,1853,12634.630354817506,7885.946101652499,3.42,1548.4,-0.01825454318895936,2559.41289819777,1.1857982899527997,8.57700864e-05,0.91110444,2.24,0.49,0.29,0.19,0.03,,,,,
711,2912256,1855,12755.058357803517,7954.611174778147,3.4,1564.5,-0.02346409076380951,1117.6508965939283,1.1255493483040482,8.5750016e-05,0.9255758,2.2,0.5,0.29,0.18,0.03,,,,,
712,2916352,1858,12274.314090445225,7663.058186851754,3.38,1522.52,-0.014085732863350131,1270.0236847549677,1.0798743406776339,8.57299456e-05,0.9477063,2.23,0.48,0.31,0.18,0.03,,,,,
713,2920448,1860,12311.50966858766,7693.9796128322105,3.36,1529.97,-0.02262869880451035,1270.3943942189217,1.0689565101638436,8.57098752e-05,0.8770737,2.2,0.49,0.31,0.17,0.03,,,,,
714,2924544,1861,12233.226319562711,7647.070042268194,3.35,1527.07,-0.01518192064941104,2978.609633207321,1.1147352294065058,8.56898048e-05,0.93143517,2.2,0.49,0.31,0.17,0.03,,,,,
715,2928640,1864,12476.500089719444,7810.068977768919,3.37,1547.0,-0.013777365395981178,1255.6531843543053,1.0757258227095008,8.566973440000001e-05,0.93698674,2.2,0.47,0.34,0.16,0.03,,,,,
716,2932736,1865,12701.838946930895,7956.023333602118,3.36,1571.18,-0.017907363310769142,1487.8292367458344,1.1087837339146063,8.564966400000001e-05,0.94049495,2.16,0.48,0.34,0.15,0.03,,,,,
717,2936832,1870,12561.71000782924,7901.212403650063,3.34,1563.01,-0.023332999960985035,2502.4098371863365,1.1576290873344988,8.562959360000001e-05,0.73631227,2.16,0.47,0.35,0.17,0.01,,,,,
718,2940928,1871,13017.89036232228,8191.151183786111,3.38,1599.49,-0.014536947669512301,3674.9079184234142,1.0990710395853966,8.560952320000001e-05,0.95751107,2.16,0.47,0.35,0.17,0.01,,,,,
719,2945024,1874,12874.547997535534,8121.1167683524145,3.39,1583.82,-0.019284311795672693,2300.860963150859,1.162512085866183,8.55894528e-05,0.61129045,2.19,0.46,0.35,0.18,0.01,,,,,
720,2949120,1876,13155.353421581241,8277.953654218598,3.39,1614.66,-0.020613904523997917,859.5412877053022,1.140820472734049,8.55693824e-05,0.94526285,2.15,0.48,0.33,0.18,0.01,,,,,
721,2953216,1878,13279.555537947908,8343.701108335054,3.42,1621.18,-0.012526508668088354,3358.5193669199944,1.1735500046052039,8.5549312e-05,0.9121535,2.17,0.48,0.32,0.19,0.01,,,,,
722,2957312,1881,13353.084499635872,8390.492596540624,3.38,1634.67,-0.016771619181781716,2440.3882452249527,1.1196233314694837,8.55292416e-05,0.8130135,2.11,0.5,0.31,0.19,0.0,,,,,
723,2961408,1884,12891.603983208639,8091.28662302467,3.38,1587.85,-0.018920916201750515,1295.2806903123856,1.138373588793911,8.55091712e-05,0.9481575,2.16,0.48,0.32,0.2,0.0,,,,,
724,2965504,1886,12889.532602390955,8107.0281836298245,3.39,1583.14,-0.016266536324110348,1995.5712225586176,1.1546313009457663,8.54891008e-05,0.9059119,2.17,0.47,0.33,0.2,0.0,,,,,
725,2969600,1887,13032.314299978001,8200.247757226043,3.4,1595.04,-0.021004081017963472,1612.5093482732773,1.12069158826489,8.54690304e-05,0.9258755,2.17,0.47,0.33,0.2,0.0,12031.105859850159,7458.619009029556,3.9,1358.4666666666667,0.0
726,2973696,1889,13237.563932939609,8328.985652957388,3.43,1612.31,-0.01021882778240979,1264.625384002924,1.0861066553043202,8.544896e-05,0.93516994,2.18,0.46,0.34,0.2,0.0,,,,,
727,2977792,1890,13504.453621450906,8493.774435676272,3.45,1634.86,-0.016374656661355402,1975.9143099933863,1.0424980615498498,8.54288896e-05,0.94358647,2.18,0.46,0.34,0.2,0.0,,,,,
728,2981888,1892,13700.198848219907,8615.788136026267,3.43,1660.35,-0.016397369789046934,1765.2331872433424,1.079089665436186,8.54088192e-05,0.86319923,2.13,0.48,0.33,0.19,0.0,,,,,
729,2985984,1898,13555.743618259974,8513.247906623736,3.47,1637.65,-0.019671855965498253,2932.1090202480555,1.1608033764641732,8.538874880000001e-05,0.78068477,2.2,0.46,0.33,0.21,0.0,,,,,
730,2990080,1900,13594.088297970893,8530.83766001906,3.47,1640.19,-0.020905771645175264,866.4685356169939,1.1548625924624503,8.536867840000001e-05,0.90533084,2.2,0.46,0.33,0.21,0.0,,,,,
731,2994176,1901,13659.504849995954,8580.664156342717,3.48,1648.14,-0.01631145593637484,2425.1174070835114,1.1384333581663668,8.5348608e-05,0.92130876,2.2,0.46,0.33,0.21,0.0,,,,,
732,2998272,1904,13819.220546897403,8678.647647391783,3.49,1671.05,-0.021862451912966208,556.6699033752084,1.0953966128872707,8.53285376e-05,0.94991124,2.18,0.47,0.32,0.21,0.0,,,,,
733,3002368,1906,13736.060549658334,8625.463757922733,3.47,1665.0,-0.02090120495086012,1451.7305117845535,1.050419737235643,8.53084672e-05,0.8920306,2.16,0.48,0.31,0.21,0.0,,,,,
734,3006464,1909,13881.978923525265,8711.896101111004,3.46,1681.3,-0.022490648721941398,1332.3608682900667,1.1349921916844323,8.52883968e-05,0.85411215,2.13,0.49,0.31,0.2,0.0,,,,,
735,3010560,1910,13815.64220328317,8675.066502829692,3.47,1671.79,-0.0202098331774323,2589.7994443923235,1.122189068235457,8.52683264e-05,0.9318483,2.15,0.48,0.32,0.2,0.0,,,,,
736,3014656,1911,14240.681741206688,8929.075767844617,3.49,1705.65,-0.01350875118168915,6426.719180494547,1.064529420924373,8.5248256e-05,0.9524559,2.13,0.49,0.31,0.2,0.0,,,,,
737,3018752,1914,14370.836379644636,8999.135312024382,3.49,1712.28,-0.008696506031810713,5155.032809317112,1.1570567747112364,8.52281856e-05,0.8169789,2.12,0.49,0.31,0.2,0.0,,,,,
738,3022848,1915,14468.33437303278,9045.576055846463,3.5,1721.32,-0.01957595582371141,927.4439398795366,1.1699264337075874,8.52081152e-05,0.9476779,2.12,0.49,0.31,0.2,0.0,,,,,
739,3026944,1919,14489.933350318035,9053.521179392963,3.47,1725.21,-0.018296592956176028,1403.7820690572262,1.2071160692721605,8.51880448e-05,0.8095997,2.09,0.5,0.31,0.19,0.0,,,,,
740,3031040,1923,14549.414437938487,9079.110239485355,3.49,1729.13,-0.012319447076151846,4354.112695604563,1.1397062740288675,8.516797440000001e-05,0.695085,2.1,0.5,0.3,0.2,0.0,,,,,
741,3035136,1925,14663.988575512383,9164.098828712682,3.48,1740.01,-0.01897076518889662,2392.7917595505714,1.1263304481981322,8.514790400000001e-05,0.9478604,2.08,0.5,0.31,0.19,0.0,,,,,
742,3039232,1927,15093.087179845073,9423.463634011861,3.52,1777.95,-0.012008336067083292,3627.6817019581795,1.083250769530423,8.512783360000001e-05,0.9270823,2.08,0.51,0.3,0.19,0.0,,,,,
743,3043328,1931,15104.650015652802,9429.668839428834,3.47,1785.93,-0.013062843308944139,5077.658758282661,1.1257497979095206,8.510776320000001e-05,0.82712257,2.02,0.53,0.3,0.17,0.0,,,,,
744,3047424,1933,15146.445518486684,9476.913277193778,3.49,1785.23,-0.014450711209065048,4644.415384143591,1.124208188499324,8.50876928e-05,0.91725975,2.04,0.52,0.31,0.17,0.0,,,,,
745,3051520,1936,14762.708927967666,9238.770993438018,3.45,1742.6,-0.01473575608270039,3022.9405841082335,1.0850291503593326,8.50676224e-05,0.8524338,2.04,0.52,0.31,0.17,0.0,,,,,
746,3055616,1939,14580.101203888893,9128.65941764058,3.46,1718.42,-0.017811876939049398,3144.836681559682,1.148196255788207,8.5047552e-05,0.92125076,2.08,0.49,0.34,0.17,0.0,,,,,
747,3059712,1941,14695.305988310809,9187.733649998068,3.45,1730.12,-0.018026682470917876,2296.395562812686,1.1198523136554286,8.50274816e-05,0.88984245,2.05,0.51,0.32,0.17,0.0,,,,,
748,3063808,1945,14551.309583611532,9090.726620553985,3.45,1708.31,-0.021601750915579032,1997.8481771200895,1.1203145548934117,8.50074112e-05,0.95629215,2.08,0.49,0.34,0.17,0.0,,,,,
749,3067904,1949,14584.433670253433,9107.168145465459,3.44,1712.16,-0.02155339037290105,1010.7977618277073,1.0892939049517736,8.49873408e-05,0.8717373,2.07,0.49,0.35,0.16,0.0,,,,,
750,3072000,1951,14423.284689596354,9010.290176421015,3.43,1695.79,-0.017911356459080707,1351.574616447091,1.0530275526689366,8.49672704e-05,0.95538354,2.07,0.49,0.35,0.16,0.0,11326.909936105705,7180.131648309102,3.966666666666667,1315.0333333333333,0.0
751,3076096,1953,14184.104829562115,8874.035583361689,3.41,1678.0,-0.018375182222371222,1928.6073001921177,1.165399505989626,8.49472e-05,0.90592873,2.07,0.49,0.35,0.16,0.0,,,,,
752,3080192,1956,14092.814186425065,8814.031175594555,3.4,1668.98,-0.02126382005008054,1366.2878200113773,1.1228505730396137,8.49271296e-05,0.93371755,2.07,0.49,0.35,0.16,0.0,,,,,
753,3084288,1960,13899.081797410383,8676.883698141768,3.41,1647.98,-0.03052267094972194,586.2370786815882,1.1405840259976685,8.49070592e-05,0.9490996,2.1,0.49,0.34,0.17,0.0,,,,,
754,3088384,1963,13484.885891615806,8423.51893808689,3.41,1610.32,-0.015753293489979114,2199.312330931425,1.0926881639752537,8.48869888e-05,0.8810275,2.14,0.49,0.33,0.17,0.01,,,,,
755,3092480,1964,13546.654691356678,8457.744460732853,3.41,1618.39,-0.023973133570507343,1258.468765810132,1.1755040561547503,8.486691840000001e-05,0.88006306,2.13,0.5,0.32,0.17,0.01,,,,,
756,3096576,1968,13593.390280538164,8480.817850820136,3.41,1619.38,-0.01177437470505538,5453.654214113951,1.1997016915120184,8.484684800000001e-05,0.811182,2.14,0.49,0.33,0.17,0.01,,,,,
757,3100672,1969,13746.071350571297,8557.661382274571,3.39,1633.9,-0.021597599172309856,1130.8501230925322,1.1172579751582816,8.48267776e-05,0.8975279,2.1,0.5,0.33,0.16,0.01,,,,,
758,3104768,1972,13597.735366796413,8456.514581347157,3.39,1626.49,-0.020270439632440684,1592.6823761761189,1.1136132752289996,8.48067072e-05,0.9244615,2.1,0.51,0.32,0.15,0.02,,,,,
759,3108864,1975,13520.311497303688,8408.202915830785,3.42,1612.57,-0.014705187824802124,2508.9597871750593,1.1377336259465665,8.47866368e-05,0.7570922,2.15,0.49,0.33,0.16,0.02,,,,,
760,3112960,1977,13661.22100643056,8507.7670643743,3.45,1622.73,-0.015727951240478433,3010.0983067154884,1.124360549612902,8.47665664e-05,0.9024943,2.18,0.48,0.33,0.17,0.02,,,,,
761,3117056,1979,13579.619219695705,8447.622449697736,3.42,1619.63,-0.022325524237203354,1290.116207793355,1.0650621802778915,8.4746496e-05,0.9048753,2.16,0.47,0.35,0.16,0.02,,,,,
762,3121152,1980,13981.085922643673,8688.286431242681,3.42,1658.06,-0.01397754632125725,2370.881392851472,1.1026277281343937,8.47264256e-05,0.94994307,2.12,0.48,0.35,0.15,0.02,,,,,
763,3125248,1982,14052.596220492438,8755.879477432958,3.44,1660.85,-0.02010441688071296,1811.6826594173908,1.1451209102524444,8.47063552e-05,0.9430405,2.14,0.46,0.37,0.15,0.02,,,,,
764,3129344,1983,14033.223553609256,8748.282920977268,3.43,1661.75,-0.018181439077125106,1206.3128855526447,1.1212252178229392,8.468628480000001e-05,0.9662397,2.13,0.47,0.36,0.15,0.02,,,,,
765,3133440,1986,14351.470570593861,8948.19415674301,3.4,1692.98,-0.02011989162383543,2874.3828163594007,1.1304663870250806,8.466621440000001e-05,0.9373969,2.08,0.49,0.35,0.14,0.02,,,,,
766,3137536,1990,13422.20086168689,8389.846254427293,3.34,1608.38,-0.019352430759681738,4519.225766718388,1.1577269356930628,8.464614400000001e-05,0.5890284,2.12,0.47,0.36,0.15,0.02,,,,,
767,3141632,1993,13203.30552611114,8246.93903617949,3.37,1580.25,-0.018294794563189498,1442.4464924037457,1.1661432478576899,8.462607360000001e-05,0.94319355,2.18,0.46,0.35,0.17,0.02,,,,,
768,3145728,1996,13419.573766857126,8366.717786619709,3.38,1593.56,-0.016647354398173775,1513.4579044729471,1.0496432130457833,8.460600320000001e-05,0.9268078,2.17,0.47,0.34,0.17,0.02,,,,,
769,3149824,1999,13616.81405304541,8511.177743587637,3.36,1618.98,-0.013995727906149114,3961.9145471453667,1.0946946730837226,8.45859328e-05,0.7852688,2.12,0.48,0.35,0.15,0.02,,,,,
770,3153920,2003,13137.241012885599,8209.999421177024,3.37,1559.2,-0.02318295391251013,890.4586352556944,1.1730358181521297,8.45658624e-05,0.9400995,2.2,0.44,0.39,0.15,0.02,,,,,
771,3158016,2005,13330.772574554812,8332.970018439384,3.38,1581.85,-0.01536147852857539,4827.538883179426,1.1677717403508723,8.4545792e-05,0.83008987,2.19,0.45,0.38,0.15,0.02,,,,,
772,3162112,2008,13290.92427952041,8310.223924711414,3.39,1571.82,-0.020629826867661905,2448.07771871984,1.174811199773103,8.45257216e-05,0.8309977,2.21,0.44,0.39,0.15,0.02,,,,,
773,3166208,2011,12906.49788039585,8081.322998733347,3.38,1540.12,-0.02138875848322641,1683.3420862406492,1.1212217855500057,8.45056512e-05,0.91883916,2.23,0.43,0.39,0.16,0.02,,,,,
774,3170304,2012,12557.14534176719,7866.247383583107,3.35,1509.65,-0.02021636981407937,1532.1671988219023,1.1464765848359093,8.44855808e-05,0.9137908,2.23,0.43,0.39,0.16,0.02,,,,,
775,3174400,2016,12606.541064488534,7922.248045652769,3.38,1511.32,-0.017282318000070518,2996.626548320055,1.138274701545015,8.44655104e-05,0.8634499,2.27,0.42,0.39,0.17,0.02,16408.06708268441,10508.378411287535,4.3,1731.0,0.0
776,3178496,2019,12618.801852642691,7922.998009421531,3.37,1513.1,-0.017641194674069993,1231.0496657043695,1.1679688533768058,8.444544e-05,0.8608237,2.25,0.43,0.38,0.17,0.02,,,,,
777,3182592,2022,12751.714236212361,7999.154357188487,3.34,1530.25,-0.01701639525072096,2389.794469833374,1.1259688567370176,8.44253696e-05,0.7938823,2.21,0.44,0.38,0.16,0.02,,,,,
778,3186688,2025,12839.57676813784,8034.375929474528,3.32,1540.58,-0.02177258978917962,1647.883743032813,1.1508397897705436,8.44052992e-05,0.89579684,2.17,0.45,0.38,0.15,0.02,,,,,
779,3190784,2027,12618.137625081104,7898.353324441369,3.3,1520.15,-0.01807462901524559,1903.5801467448473,1.1151830268790945,8.438522880000001e-05,0.934644,2.18,0.44,0.39,0.15,0.02,,,,,
780,3194880,2029,12650.11456585893,7926.566548293215,3.27,1526.4,-0.02049425131190219,1300.7707999944687,1.079486264497973,8.436515840000001e-05,0.906495,2.14,0.45,0.39,0.14,0.02,,,,,
781,3198976,2033,12619.711305977467,7887.993626032268,3.31,1524.47,-0.0060135000107948144,10810.715079307556,1.1173599462490529,8.434508800000001e-05,0.73715854,2.17,0.46,0.36,0.15,0.03,,,,,
782,3203072,2035,12492.878920422312,7815.102213996574,3.32,1512.51,-0.025258877310989192,864.1952456831932,1.1053237183950841,8.43250176e-05,0.9089352,2.2,0.45,0.36,0.16,0.03,,,,,
783,3207168,2039,12458.790993790526,7808.149730084827,3.36,1512.6,-0.013510428010704345,4230.890387922525,1.1570015315664932,8.43049472e-05,0.66859925,2.24,0.45,0.34,0.18,0.03,,,,,
784,3211264,2042,12347.004646999047,7736.233306959741,3.39,1499.49,-0.022720991273672553,1383.156075924635,1.1553549292730168,8.42848768e-05,0.91112167,2.29,0.44,0.34,0.19,0.03,,,,,
785,3215360,2044,12547.06976641793,7871.0550694784915,3.39,1524.38,-0.01997880145063391,1185.851985797286,1.0894929256755859,8.42648064e-05,0.9018544,2.26,0.45,0.33,0.19,0.03,,,,,
786,3219456,2047,12570.12972100897,7901.131909607885,3.42,1528.78,-0.017321515037565405,2234.0448390692472,1.129820789792575,8.4244736e-05,0.8918543,2.28,0.45,0.33,0.18,0.04,,,,,
787,3223552,2049,12805.320445828918,8028.05683647147,3.44,1548.49,-0.015978731460563722,2441.2333562225103,1.11707356502302,8.42246656e-05,0.94138694,2.27,0.46,0.32,0.18,0.04,,,,,
788,3227648,2051,12754.258783601741,8001.293325449287,3.43,1546.85,-0.010662172900083533,8791.485786393285,1.140249569551088,8.42045952e-05,0.77042764,2.27,0.45,0.33,0.18,0.04,,,,,
789,3231744,2054,12684.839684377373,7942.19513490969,3.43,1540.6,-0.019534687084160396,1344.7131052911282,1.1457813382148743,8.41845248e-05,0.91972077,2.27,0.46,0.32,0.18,0.04,,,,,
790,3235840,2056,12976.418001589496,8125.334179072155,3.48,1564.04,-0.014314123208350793,3836.4988272488117,1.0806613381719217,8.416445440000001e-05,0.90020657,2.29,0.46,0.31,0.19,0.04,,,,,
791,3239936,2058,13068.060079133977,8177.465159092043,3.46,1576.42,-0.018361823524173815,842.9932628422976,1.1411365364911035,8.414438400000001e-05,0.9506684,2.26,0.47,0.31,0.18,0.04,,,,,
792,3244032,2060,13152.544916081639,8240.170359343705,3.49,1582.33,-0.017470181955104636,1809.4322832673788,1.1518119012471288,8.412431360000001e-05,0.9213137,2.28,0.46,0.32,0.18,0.04,,,,,
793,3248128,2062,13271.090165550248,8311.737455772944,3.5,1592.41,-0.019630585863524175,1488.2402613908052,1.1215726208174601,8.410424320000001e-05,0.9107838,2.28,0.46,0.32,0.18,0.04,,,,,
794,3252224,2065,13027.154110915297,8174.798708787866,3.5,1568.92,-0.018983798510816996,2824.736582174897,1.1617205551592633,8.40841728e-05,0.76788086,2.31,0.45,0.32,0.19,0.04,,,,,
795,3256320,2067,13078.276529523375,8203.403847465614,3.47,1577.21,-0.01712881678577105,1885.1691900342703,1.0879278337815776,8.40641024e-05,0.94171953,2.27,0.45,0.34,0.17,0.04,,,,,
796,3260416,2069,13317.846235874318,8355.875073833564,3.5,1596.02,-0.017095854722356307,1922.9324730187654,1.1044068119954318,8.4044032e-05,0.9155056,2.28,0.45,0.33,0.18,0.04,,,,,
797,3264512,2071,13421.753319651163,8419.181677058117,3.52,1600.73,-0.012364851165330037,2300.0197719484568,1.1227393939625472,8.40239616e-05,0.9517581,2.3,0.44,0.34,0.18,0.04,,,,,
798,3268608,2072,13710.903550295126,8590.023241715056,3.5,1632.03,-0.020910732962875045,1759.7306310385466,1.1771156401373446,8.40038912e-05,0.912856,2.25,0.45,0.34,0.18,0.03,,,,,
799,3272704,2077,13395.886022929782,8390.970427622462,3.52,1597.85,-0.0182346760893779,3796.2600758075714,1.1223963919328526,8.39838208e-05,0.8244995,2.3,0.44,0.35,0.17,0.04,,,,,
800,3276800,2079,13463.730437136655,8421.730327737105,3.55,1599.61,-0.022187424778167042,697.4873020797968,1.0986510462826118,8.39637504e-05,0.9641795,2.33,0.44,0.34,0.18,0.04,10388.151848579964,6539.28796666154,3.8333333333333335,1221.3666666666666,0.0
801,3280896,2083,12919.359041782389,8071.35717902281,3.52,1551.79,-0.017959394446734223,2252.329805880785,1.1285451767034829,8.394368e-05,0.8216829,2.35,0.44,0.33,0.19,0.04,,,,,
802,3284992,2085,12557.65457426676,7868.713117797577,3.52,1521.78,-0.023684105810389156,2413.7336836010218,1.0997461659135297,8.39236096e-05,0.8831968,2.38,0.43,0.33,0.2,0.04,,,,,
803,3289088,2086,12730.697255393332,7983.659876496085,3.55,1538.92,-0.019795709906247794,2617.591308861971,1.1273031982127577,8.39035392e-05,0.9080168,2.39,0.42,0.34,0.2,0.04,,,,,
804,3293184,2090,12949.3871143855,8093.453039003419,3.61,1558.37,-0.01998540325257636,1200.6929263919592,1.095060946769081,8.38834688e-05,0.9547309,2.42,0.43,0.32,0.2,0.05,,,,,
805,3297280,2092,12891.841462089405,8071.833025609873,3.58,1556.49,-0.0239831923163365,748.3849286586046,1.0629970846930519,8.38633984e-05,0.90515846,2.39,0.44,0.32,0.19,0.05,,,,,
806,3301376,2096,12995.44634361498,8133.665175472427,3.57,1568.38,-0.010453669961862033,11723.658770650625,1.0707818281371146,8.3843328e-05,0.86000603,2.37,0.45,0.32,0.17,0.06,,,,,
807,3305472,2098,13116.682593281932,8200.973430279795,3.57,1580.75,-0.015614578269378399,1767.0394837111235,1.0945788184180856,8.38232576e-05,0.83728564,2.36,0.45,0.32,0.17,0.06,,,,,
808,3309568,2101,13151.84805596248,8206.967974991083,3.58,1585.62,-0.028505247908469755,860.217313170433,1.1088346329052001,8.38031872e-05,0.8768956,2.36,0.47,0.29,0.17,0.07,,,,,
809,3313664,2102,13558.974592777158,8447.01924576423,3.6,1622.8,-0.010914822245467803,2540.850476279855,1.078550277161412,8.37831168e-05,0.9069334,2.34,0.48,0.28,0.17,0.07,,,,,
810,3317760,2103,13723.193347460989,8541.537767502363,3.6,1638.98,-0.01249649711735401,2068.547393515706,1.1300064997049049,8.37630464e-05,0.82025003,2.32,0.49,0.27,0.17,0.07,,,,,
811,3321856,2106,13569.166926747901,8437.980470150334,3.58,1626.6,-0.022768709771298745,1601.259691387415,1.1191719395574182,8.3742976e-05,0.87403595,2.32,0.49,0.27,0.17,0.07,,,,,
812,3325952,2109,13513.304925750936,8401.424480045145,3.58,1623.52,-0.026706301776357577,500.2552262544632,1.1251549517037347,8.37229056e-05,0.88395554,2.33,0.49,0.27,0.17,0.07,,,,,
813,3330048,2111,13588.058207559174,8454.556912546792,3.56,1635.94,-0.022051604940315883,1980.0470369458199,1.0771010876633227,8.37028352e-05,0.88015103,2.3,0.5,0.27,0.16,0.07,,,,,
814,3334144,2114,13397.918287600347,8332.02125470086,3.58,1608.93,-0.013563703389081638,2343.6040950119495,1.0603932405356318,8.36827648e-05,0.91814077,2.35,0.48,0.29,0.16,0.07,,,,,
815,3338240,2116,13628.432332536173,8458.890476305458,3.59,1632.46,-0.017161536862658977,1267.0978654175997,1.098417600733228,8.366269440000001e-05,0.92961246,2.33,0.49,0.28,0.16,0.07,,,,,
816,3342336,2119,13818.070177357686,8583.201703441751,3.64,1647.02,-0.012447251808680448,3241.627411991358,1.0724968001013622,8.364262400000001e-05,0.90817034,2.37,0.47,0.3,0.16,0.07,,,,,
817,3346432,2122,13745.697656594184,8534.011579854752,3.63,1637.06,-0.021740134796345956,1396.2354644984007,1.1358168157748878,8.362255360000001e-05,0.8298963,2.37,0.47,0.3,0.16,0.07,,,,,
818,3350528,2125,13765.85860658754,8551.96219340148,3.63,1639.23,-0.023543589528344455,1256.2265050411224,1.0838340814225376,8.360248320000001e-05,0.9318089,2.37,0.47,0.31,0.15,0.07,,,,,
819,3354624,2129,13425.743920751696,8356.631716289412,3.62,1612.19,-0.01741690684502828,2125.399452596903,1.1416403710609302,8.358241280000001e-05,0.6389661,2.39,0.47,0.3,0.16,0.07,,,,,
820,3358720,2131,13358.17984165955,8303.344815023498,3.57,1615.61,-0.019133178453557775,1068.1933807134628,1.1512104267021641,8.35623424e-05,0.9247641,2.34,0.48,0.3,0.16,0.06,,,,,
821,3362816,2134,13372.17530385318,8298.494392549484,3.51,1619.8,-0.021540650604038092,1008.3394687771797,1.0905926543055102,8.3542272e-05,0.81804657,2.28,0.49,0.31,0.14,0.06,,,,,
822,3366912,2136,13406.446033412818,8314.538250482445,3.51,1622.52,-0.016859814941199147,1548.5323480516672,1.0655145186465234,8.35222016e-05,0.8188348,2.28,0.49,0.31,0.14,0.06,,,,,
823,3371008,2138,13505.627594869475,8374.164962609562,3.49,1630.87,-0.012997195530260797,1431.6125812530518,1.0395733597688377,8.35021312e-05,0.93533564,2.25,0.49,0.32,0.13,0.06,,,,,
824,3375104,2141,13720.568674667922,8513.840496850864,3.48,1650.01,-0.016880015640708734,2862.429441049695,1.0554124397458509,8.34820608e-05,0.917227,2.22,0.49,0.33,0.12,0.06,,,,,
825,3379200,2143,13929.325604984377,8645.523951329116,3.48,1674.88,-0.017333321065052587,2738.9384979605675,1.0361931915394962,8.34619904e-05,0.72578824,2.19,0.51,0.31,0.12,0.06,12515.8505578161,7823.1848455765585,4.033333333333333,1408.7,0.0
826,3383296,2146,13751.73788550952,8505.901022643962,3.45,1651.87,-0.020931345564349613,536.6126143485308,1.1364639699459076,8.344192e-05,0.9278128,2.19,0.5,0.32,0.13,0.05,,,,,
827,3387392,2148,13880.857043740107,8582.694083085631,3.45,1665.82,-0.014131252419247176,2938.7840893268585,1.0925406763562933,8.34218496e-05,0.8214949,2.18,0.5,0.32,0.13,0.05,,,,,
828,3391488,2150,13748.544182589603,8504.527387634158,3.43,1657.43,-0.022019237244421674,827.8577041178942,1.0910509375389665,8.34017792e-05,0.917481,2.17,0.51,0.31,0.13,0.05,,,,,
829,3395584,2152,13827.21048135597,8551.58175598308,3.44,1663.55,-0.02278788410967536,1450.2649064660072,1.1037499052472413,8.33817088e-05,0.9297997,2.17,0.51,0.31,0.13,0.05,,,,,
830,3399680,2155,13540.408637938204,8395.324278823355,3.42,1640.31,-0.018856146766665915,2280.6229266375303,1.0446577245602384,8.336163840000001e-05,0.8838591,2.18,0.5,0.32,0.13,0.05,,,,,
831,3403776,2157,13676.366168330582,8494.202046267828,3.42,1648.78,-0.013766829080850584,4557.4418374449015,1.0860530039062724,8.334156800000001e-05,0.90534705,2.17,0.5,0.32,0.13,0.05,,,,,
832,3407872,2159,13765.764782093238,8536.203831111452,3.41,1659.07,-0.014707910178913153,2562.4513045996428,1.1133444419829175,8.33214976e-05,0.86440206,2.15,0.51,0.31,0.13,0.05,,,,,
833,3411968,2160,13923.601873540638,8625.85947075746,3.39,1677.88,-0.02241346432856517,866.4963741749525,1.0860935496166348,8.33014272e-05,0.9404574,2.11,0.52,0.31,0.12,0.05,,,,,
834,3416064,2164,13647.96764453213,8462.680133017875,3.36,1650.62,-0.01930732302571414,1222.3872613459826,1.1287416612030938,8.32813568e-05,0.8731909,2.1,0.52,0.31,0.13,0.04,,,,,
835,3420160,2168,13225.519175521133,8178.043157842542,3.3,1610.83,-0.01949135114409728,1368.173009365797,1.0856083940016106,8.32612864e-05,0.8533269,2.08,0.53,0.3,0.13,0.04,,,,,
836,3424256,2169,13476.667407976662,8326.46157049807,3.3,1637.23,-0.01998486563388724,1159.1089629679918,1.1083573698997498,8.3241216e-05,0.9475384,2.05,0.54,0.3,0.12,0.04,,,,,
837,3428352,2174,12712.558476765513,7860.4366935405005,3.31,1560.99,-0.013970230393169913,1739.5891088843346,1.0797498738393188,8.32211456e-05,0.87239647,2.14,0.52,0.3,0.13,0.05,,,,,
838,3432448,2176,13062.188049681152,8067.415450815646,3.27,1596.98,-0.012726283486699685,1679.684724599123,1.0966855394653976,8.32010752e-05,0.9186832,2.06,0.53,0.31,0.12,0.04,,,,,
839,3436544,2179,13106.14367189251,8114.048925954101,3.28,1603.55,-0.021036054047726793,1900.6380258053541,1.0806552420835942,8.31810048e-05,0.9207292,2.06,0.54,0.29,0.13,0.04,,,,,
840,3440640,2181,13365.098152884664,8285.76055895312,3.34,1617.29,-0.009765355825038569,6265.703759968281,0.9758914971025661,8.31609344e-05,0.9142414,2.11,0.52,0.3,0.14,0.04,,,,,
841,3444736,2183,13502.190552209015,8378.134768888187,3.34,1631.05,-0.01870703804615914,1595.1231616735458,1.1132496724603698,8.314086400000001e-05,0.92267656,2.09,0.53,0.3,0.13,0.04,,,,,
842,3448832,2187,12957.225478357614,8014.927095664744,3.27,1576.85,-0.01724213207489811,3134.7044343948364,1.134893161477521,8.312079360000001e-05,0.13663405,2.08,0.53,0.31,0.12,0.04,,,,,
843,3452928,2190,13054.926010956364,8069.979211688263,3.22,1588.8,-0.016838940888192155,785.1686676889658,1.08341242314782,8.310072320000001e-05,0.8610295,2.02,0.54,0.32,0.11,0.03,,,,,
844,3457024,2193,13048.44791917483,8078.307727256196,3.24,1587.97,-0.015408411200041883,2826.4394732415676,1.1426559657556936,8.308065280000001e-05,0.6932423,2.05,0.52,0.34,0.11,0.03,,,,,
845,3461120,2197,12741.09151262671,7900.114710550867,3.18,1569.27,-0.02492170092773449,843.8579099178314,1.070644672261551,8.30605824e-05,0.8362273,2.01,0.53,0.33,0.12,0.02,,,,,
846,3465216,2199,12892.490871223277,7994.815474141896,3.21,1581.35,-0.021021164235207834,1799.2727939784527,1.092136381776072,8.3040512e-05,0.8978536,2.03,0.53,0.32,0.13,0.02,,,,,
847,3469312,2200,13127.677882056169,8139.888096821269,3.19,1606.69,-0.017967171006603166,1397.8604478538036,1.0537212885683402,8.30204416e-05,0.9480399,1.98,0.54,0.32,0.13,0.01,,,,,
848,3473408,2204,12554.217250598318,7818.828870540626,3.21,1544.63,-0.017683299163763877,2158.8874473422766,1.0297067700885236,8.30003712e-05,0.92322505,2.06,0.51,0.33,0.15,0.01,,,,,
849,3477504,2207,12529.449400436693,7805.350724105945,3.2,1542.75,-0.01865853574963694,1451.568590581417,1.1317310301819816,8.29803008e-05,0.6792815,2.05,0.51,0.33,0.15,0.01,,,,,
850,3481600,2209,12640.204350018277,7883.7196674695515,3.2,1556.02,-0.02098218697028642,1551.214260429144,1.1655938772018999,8.29602304e-05,0.91263974,2.03,0.52,0.32,0.15,0.01,12574.527889328461,7954.327000679272,4.033333333333333,1425.9,0.0
851,3485696,2211,12638.368920751156,7891.365814007714,3.22,1549.73,-0.014608515379222808,2140.3126087337732,1.0437407850986347,8.294016e-05,0.9412994,2.06,0.5,0.34,0.15,0.01,,,,,
852,3489792,2214,12672.448133541327,7930.464794262461,3.19,1565.75,-0.019711348913006077,3156.712151065469,1.0974696533521637,8.29200896e-05,0.8511635,2.01,0.52,0.32,0.15,0.01,,,,,
853,3493888,2216,12518.616366458473,7839.415835637068,3.17,1551.15,-0.024285575822432293,535.8270276784897,1.1133394171483815,8.29000192e-05,0.8910642,2.01,0.52,0.32,0.15,0.01,,,,,
854,3497984,2217,12621.987802360965,7897.809510490864,3.17,1563.42,-0.014503798407531576,2138.0792866796255,1.0675827158847824,8.28799488e-05,0.8802899,2.0,0.53,0.31,0.15,0.01,,,,,
855,3502080,2220,12845.498699540158,8038.02257389191,3.21,1583.23,-0.016354685128135316,1638.289167329669,1.0329516797792166,8.28598784e-05,0.9260763,2.01,0.53,0.3,0.16,0.01,,,,,
856,3506176,2223,12869.466231903636,8049.807567327434,3.21,1585.64,-0.0137447641682229,1190.8095696046948,1.0332229324849322,8.2839808e-05,0.7921539,2.01,0.53,0.3,0.16,0.01,,,,,
857,3510272,2226,12845.770554253988,8025.731812864481,3.19,1584.14,-0.020673338643973693,1175.6344595104456,1.0335264862515032,8.281973760000001e-05,0.8970704,1.98,0.54,0.29,0.16,0.01,,,,,
858,3514368,2230,12788.354460799932,7989.64937023162,3.2,1572.85,-0.018113383327545307,2260.1678424477577,1.07817232364323,8.27996672e-05,0.9392841,2.01,0.52,0.31,0.16,0.01,,,,,
859,3518464,2234,12764.154709178361,7995.466891436179,3.26,1562.62,-0.016977261173451552,1593.6623300462961,1.0780237244907767,8.27795968e-05,0.8201037,2.08,0.51,0.3,0.18,0.01,,,,,
860,3522560,2237,12705.786649095071,7970.070811736581,3.28,1552.82,-0.018569990720607166,2193.3930105119944,1.087037394521758,8.27595264e-05,0.9235647,2.1,0.5,0.31,0.18,0.01,,,,,
861,3526656,2238,12665.867962349777,7937.802816301224,3.27,1551.45,-0.022336671867378755,918.85187920928,1.0346852956572548,8.2739456e-05,0.93265104,2.09,0.51,0.3,0.18,0.01,,,,,
862,3530752,2240,12831.68423092707,8034.604280341096,3.27,1565.97,-0.018822097220436262,1678.8958640694618,1.073089917190373,8.27193856e-05,0.950078,2.07,0.51,0.31,0.17,0.01,,,,,
863,3534848,2243,12686.131731905627,7939.987629265916,3.27,1546.99,-0.022797306799475336,878.5371620357037,1.080514398519881,8.26993152e-05,0.9175777,2.09,0.5,0.32,0.17,0.01,,,,,
864,3538944,2247,12544.137820721979,7886.656680344607,3.24,1538.74,-0.012927551742905052,3298.798989638686,1.1746700573712587,8.26792448e-05,0.43736476,2.07,0.49,0.34,0.16,0.01,,,,,
865,3543040,2249,12335.69546821786,7758.786953130303,3.23,1517.13,-0.016647159411149914,865.2743134647608,1.0948133682832122,8.26591744e-05,0.9264812,2.08,0.49,0.34,0.16,0.01,,,,,
866,3547136,2252,12449.08537447268,7824.99371167888,3.26,1522.33,-0.01612130023750069,1540.5239346027374,1.0589277928229421,8.263910400000001e-05,0.91962487,2.11,0.48,0.34,0.17,0.01,,,,,
867,3551232,2253,12507.23923473396,7856.545727440063,3.27,1523.92,-0.018425646024297748,1362.2414851486683,1.0749060560483485,8.261903360000001e-05,0.947141,2.12,0.48,0.34,0.17,0.01,,,,,
868,3555328,2255,12681.074893403998,7944.274628015752,3.28,1538.02,-0.01735768516209646,1034.5918991565704,1.1555326736997813,8.259896320000001e-05,0.94919646,2.11,0.48,0.34,0.17,0.01,,,,,
869,3559424,2259,12362.059337286213,7745.851481681876,3.28,1511.52,-0.018162553395086434,1251.1902664601803,1.019727323553525,8.257889280000001e-05,0.9140588,2.14,0.48,0.33,0.18,0.01,,,,,
870,3563520,2261,12253.14065821868,7687.048716060318,3.27,1501.24,-0.02100497119499778,1396.9428381174803,1.10064417461399,8.25588224e-05,0.9177407,2.14,0.48,0.33,0.18,0.01,,,,,
871,3567616,2264,12542.542054726695,7871.273290400967,3.29,1524.38,-0.012408000797222485,2898.951423600316,1.082576853921637,8.2538752e-05,0.92599404,2.14,0.47,0.34,0.18,0.01,,,,,
872,3571712,2266,12529.064526853748,7871.031855930566,3.29,1522.38,-0.021322225702533615,974.6883859336376,1.108591604162939,8.25186816e-05,0.9578671,2.14,0.46,0.36,0.17,0.01,,,,,
873,3575808,2268,12777.71990459918,8009.1788287731815,3.32,1545.41,-0.020264003236661665,993.8557929694653,1.0710380331147462,8.24986112e-05,0.9564516,2.14,0.46,0.36,0.17,0.01,,,,,
874,3579904,2271,12670.255093057047,7952.127102754502,3.3,1540.64,-0.01781974339792214,1347.0217050164938,1.0931842955760658,8.24785408e-05,0.8588042,2.13,0.46,0.36,0.17,0.01,,,,,
875,3584000,2272,12892.808702418837,8104.658934941963,3.32,1560.13,-0.016439921340861474,3424.1047616899014,1.0126618362264708,8.24584704e-05,0.9367881,2.13,0.46,0.36,0.17,0.01,9458.168674525577,5952.835910854099,3.7666666666666666,1148.1333333333334,0.0
876,3588096,2274,13403.25638844021,8393.43769331778,3.31,1607.36,-0.018122534690519387,1049.8667595684528,1.011969568906352,8.24384e-05,0.94799006,2.07,0.47,0.36,0.17,0.0,,,,,
877,3592192,2277,13252.645533907524,8296.84946934662,3.35,1582.44,-0.014330992442410206,1593.2593471556902,1.0135132564464584,8.24183296e-05,0.9549027,2.14,0.45,0.37,0.17,0.01,,,,,
878,3596288,2279,13390.860175828982,8374.495795086148,3.33,1599.45,-0.020469918392336695,1987.0512476563454,0.9895154684782028,8.23982592e-05,0.920367,2.1,0.46,0.37,0.16,0.01,,,,,
879,3600384,2281,13253.976773676006,8266.053470968358,3.28,1594.37,-0.014810268570727203,1432.3635084033012,1.0618832973996177,8.23781888e-05,0.95023894,2.06,0.47,0.37,0.15,0.01,,,,,
880,3604480,2284,13280.75533673838,8293.70057642104,3.29,1597.08,-0.020025363665808982,2376.0964686721563,1.0664244244107977,8.23581184e-05,0.9117127,2.07,0.46,0.38,0.15,0.01,,,,,
881,3608576,2286,13348.087452001588,8337.767530108378,3.3,1601.54,-0.021282596948367427,1946.2926131933928,1.160084149800241,8.233804800000001e-05,0.85653436,2.07,0.45,0.39,0.15,0.01,,,,,
882,3612672,2289,13397.060544597414,8392.01774182266,3.33,1610.58,-0.017502570271972218,1398.3726747632027,1.0862337535945699,8.231797760000001e-05,0.9020463,2.09,0.45,0.38,0.16,0.01,,,,,
883,3616768,2290,13801.59107839504,8651.925343403178,3.36,1641.38,-0.008556050246625091,4451.818424373865,0.9947874600766227,8.22979072e-05,0.9202238,2.08,0.45,0.38,0.16,0.01,,,,,
884,3620864,2292,13879.915499867811,8698.293312808904,3.38,1644.67,-0.019503526946209604,1600.63933172822,1.0419029246550053,8.22778368e-05,0.9297371,2.09,0.45,0.37,0.17,0.01,,,,,
885,3624960,2296,13943.256658073393,8728.140855925114,3.4,1649.48,-0.01710839736415437,2077.051319539547,1.065666159731336,8.22577664e-05,0.710951,2.1,0.45,0.37,0.17,0.01,,,,,
886,3629056,2299,13869.13533868031,8675.560286680986,3.42,1640.29,-0.019381346285626933,1202.471970692277,1.0406553228385746,8.2237696e-05,0.93502474,2.13,0.44,0.38,0.17,0.01,,,,,
887,3633152,2303,13515.896532943687,8430.373307024958,3.42,1596.76,-0.011970080266110017,2325.858180448413,1.0019392336253077,8.22176256e-05,0.8748099,2.19,0.42,0.38,0.19,0.01,,,,,
888,3637248,2306,13497.109642065452,8417.901675734955,3.41,1599.26,-0.020646492142986972,837.7410163879395,1.0763765171868727,8.21975552e-05,0.9427707,2.17,0.43,0.38,0.18,0.01,,,,,
889,3641344,2309,13561.210614136817,8444.243446950682,3.41,1606.63,-0.02431597022950882,1278.89195664227,1.1289673554711044,8.21774848e-05,0.76351756,2.17,0.43,0.38,0.18,0.01,,,,,
890,3645440,2313,13031.004553040046,8114.431325500922,3.43,1546.74,-0.010421660380416142,5777.893519073725,1.0558647837024182,8.21574144e-05,0.8660212,2.25,0.41,0.38,0.2,0.01,,,,,
891,3649536,2315,13104.974927301795,8164.375284269677,3.44,1554.96,-0.01775570838708518,1532.2038454934955,1.003692997735925,8.213734400000001e-05,0.9151274,2.25,0.41,0.38,0.2,0.01,,,,,
892,3653632,2317,13337.151057941906,8304.563100077574,3.46,1574.07,-0.016926847481045115,939.9873365163803,0.9971175689715892,8.211727360000001e-05,0.95664054,2.25,0.41,0.38,0.2,0.01,,,,,
893,3657728,2319,13219.652946890534,8224.71564674514,3.45,1566.35,-0.01567786358509693,2767.4624051451683,1.11483023641631,8.209720320000001e-05,0.77390826,2.25,0.41,0.38,0.2,0.01,,,,,
894,3661824,2321,13367.341668150006,8313.376289075422,3.44,1579.83,-0.01830038538810186,1315.0931563526392,1.0303025973262265,8.207713280000001e-05,0.92938256,2.22,0.42,0.38,0.19,0.01,,,,,
895,3665920,2323,13453.03945898259,8370.257754067203,3.46,1588.63,-0.018103707878253772,672.8746192157269,1.0606119602452964,8.20570624e-05,0.94300735,2.23,0.42,0.37,0.2,0.01,,,,,
896,3670016,2326,13602.993004858014,8447.815666605484,3.48,1596.14,-0.015227317445351218,2160.754020318389,0.9592579379677773,8.2036992e-05,0.933305,2.25,0.41,0.38,0.2,0.01,,,,,
897,3674112,2328,13872.289064139577,8609.193611755245,3.5,1623.19,-0.011711631295838743,8084.998795300722,1.046691987896338,8.20169216e-05,0.6871122,2.24,0.42,0.37,0.2,0.01,,,,,
898,3678208,2328,13872.289064139577,8609.193611755245,3.5,1623.19,-0.015843609327021113,2382.9003763645887,0.9737480831099674,8.19968512e-05,0.9201186,2.24,0.42,0.37,0.2,0.01,,,,,
899,3682304,2332,14225.557481936186,8807.573018494988,3.45,1661.69,-0.01766234669230471,2262.821737959981,1.0733081193175167,8.19767808e-05,0.7148152,2.15,0.44,0.37,0.18,0.01,,,,,
900,3686400,2335,14210.353517134707,8795.455331448464,3.47,1658.16,-0.015629918474587612,2717.7647711485624,1.0307899679755792,8.19567104e-05,0.7893122,2.18,0.43,0.37,0.19,0.01,10839.906387277606,6784.78029117812,3.9,1257.4666666666667,0.0
901,3690496,2337,14342.23696106366,8883.381319541855,3.48,1669.83,-0.014349301075526455,2843.8092023432255,1.0155134923988953,8.193664e-05,0.8347498,2.18,0.43,0.37,0.19,0.01,,,,,
902,3694592,2342,13824.57607169805,8591.652867439881,3.45,1623.53,-0.018164079143389245,1941.0509050190449,1.0533859855495393,8.19165696e-05,0.8637433,2.21,0.41,0.39,0.19,0.01,,,,,
903,3698688,2347,13620.440455937185,8455.330375082262,3.49,1596.47,-0.01951291275145195,1344.6262949854136,0.9396659488556907,8.18964992e-05,0.87895083,2.28,0.4,0.38,0.21,0.01,,,,,
904,3702784,2350,13415.266099476099,8353.000201465451,3.5,1578.26,-0.014289426952018403,1968.8868462145329,1.0060878786025569,8.18764288e-05,0.7717508,2.31,0.39,0.38,0.22,0.01,,,,,
905,3706880,2352,13528.377559244898,8424.790056613054,3.49,1591.93,-0.012947499037181842,1770.0295509397984,1.000125166377984,8.18563584e-05,0.91832644,2.28,0.4,0.38,0.21,0.01,,,,,
906,3710976,2355,13189.229124810674,8228.330715769775,3.46,1568.43,-0.021688627888579504,935.33236810565,1.0424231220968068,8.1836288e-05,0.90675306,2.28,0.41,0.36,0.22,0.01,,,,,
907,3715072,2358,13106.385940018366,8171.089596889529,3.44,1562.06,-0.00962820635868411,769.2574184089899,0.9986745766364038,8.18162176e-05,0.89126414,2.27,0.41,0.36,0.22,0.01,,,,,
908,3719168,2360,13191.904673407045,8219.189783404636,3.43,1570.62,-0.01659056209746268,990.9513477683067,1.0177326989360154,8.17961472e-05,0.87017775,2.25,0.41,0.37,0.21,0.01,,,,,
909,3723264,2362,13221.534603199621,8237.815184197967,3.43,1573.95,-0.01893700549226196,1597.2085275352001,1.027929058065638,8.17760768e-05,0.92299646,2.24,0.42,0.36,0.21,0.01,,,,,
910,3727360,2365,13298.252809607338,8264.260409167488,3.41,1588.88,-0.02118967694696039,976.4646538048983,0.9933930617989972,8.17560064e-05,0.9470562,2.21,0.44,0.35,0.2,0.01,,,,,
911,3731456,2366,13401.133496092145,8324.567814596452,3.41,1600.09,-0.014634255696364562,1804.585606560111,1.071733292657882,8.1735936e-05,0.90544415,2.2,0.44,0.35,0.2,0.01,,,,,
912,3735552,2370,13059.144359392209,8117.705348964521,3.42,1559.74,-0.01557660298931296,1006.4099486172199,0.9767110848333687,8.17158656e-05,0.93288004,2.25,0.43,0.34,0.22,0.01,,,,,
913,3739648,2374,12534.752596726647,7774.975135942302,3.37,1511.78,-0.019702305524333497,689.7333950698376,0.9453846464166418,8.16957952e-05,0.89909244,2.24,0.44,0.33,0.22,0.01,,,,,
914,3743744,2376,12859.774954365417,7989.3277214407535,3.37,1543.07,-0.01371068866319547,1980.2305680215359,0.9200826459564269,8.16757248e-05,0.96765256,2.21,0.44,0.33,0.23,0.0,,,,,
915,3747840,2378,12525.903590044174,7798.671770732741,3.34,1520.86,-0.019123354020848637,1684.383429184556,1.0058072092942894,8.16556544e-05,0.90060586,2.21,0.44,0.33,0.23,0.0,,,,,
916,3751936,2382,12222.373330448381,7603.606249754283,3.34,1492.89,-0.018212537057479494,1068.8027996122837,0.9651952416170388,8.1635584e-05,0.8387626,2.24,0.44,0.33,0.22,0.01,,,,,
917,3756032,2385,12308.360508130187,7664.87713240795,3.41,1501.01,-0.012424922304489883,3490.0590811669827,1.0190878947032616,8.161551360000001e-05,0.80289435,2.3,0.45,0.3,0.22,0.03,,,,,
918,3760128,2388,12152.563714517328,7557.12608648403,3.4,1481.92,-0.02240453778358642,1535.683787316084,0.9576533655636013,8.159544320000001e-05,0.8414743,2.31,0.45,0.3,0.22,0.03,,,,,
919,3764224,2390,11744.68920237795,7306.5835128976405,3.42,1450.82,-0.015453746336788754,2861.252199411392,1.0000570056727156,8.157537280000001e-05,0.90043235,2.37,0.45,0.29,0.21,0.05,,,,,
920,3768320,2393,11838.342912574728,7348.388550772477,3.4,1460.82,-0.014469449361968145,1820.3679731041193,1.1210395863745362,8.155530240000001e-05,0.8224366,2.34,0.46,0.29,0.2,0.05,,,,,
921,3772416,2395,12081.793230333124,7489.167429755763,3.38,1490.33,-0.022137780588309397,1258.232672996819,1.0423429575748742,8.1535232e-05,0.8772959,2.29,0.48,0.28,0.19,0.05,,,,,
922,3776512,2399,11922.752326558777,7387.3912922632935,3.37,1474.45,-0.01990133429899288,718.1315774023533,0.9801997359609231,8.15151616e-05,0.907959,2.3,0.48,0.28,0.18,0.06,,,,,
923,3780608,2401,12065.840115290146,7473.12757777438,3.34,1492.57,-0.017958891667149146,695.7878620773554,0.992767232703045,8.14950912e-05,0.95542854,2.25,0.49,0.29,0.16,0.06,,,,,
924,3784704,2404,12182.310780406624,7545.686702737598,3.33,1508.82,-0.014240039730793796,1134.3255401700735,1.062301195692271,8.14750208e-05,0.92469263,2.22,0.5,0.29,0.15,0.06,,,,,
925,3788800,2406,12354.284116095056,7659.663574784404,3.36,1522.97,-0.01422145926153462,2551.9804413467646,0.9868746392894536,8.14549504e-05,0.77857256,2.23,0.5,0.28,0.16,0.06,13476.243733135945,8399.907634989313,4.033333333333333,1494.8,0.0
926,3792896,2407,12409.621591746267,7700.634709268585,3.37,1527.39,-0.019893935156687803,1387.4348568171263,0.9939485761569813,8.143488e-05,0.94193196,2.23,0.5,0.28,0.16,0.06,,,,,
927,3796992,2410,12569.966786436376,7820.207810645128,3.4,1540.03,-0.017603362670342904,2573.8825966864824,1.0610228416044265,8.14148096e-05,0.8444569,2.25,0.49,0.29,0.16,0.06,,,,,
928,3801088,2414,12410.951920234265,7727.906220828336,3.38,1531.03,-0.015223571432215977,2202.6000636518,0.9852362429955974,8.13947392e-05,0.8391918,2.24,0.49,0.29,0.16,0.06,,,,,
929,3805184,2417,12163.958744823984,7575.622456595535,3.35,1511.93,-0.01622324281197507,1280.08776602149,1.0672897945623845,8.13746688e-05,0.83462405,2.23,0.49,0.3,0.15,0.06,,,,,
930,3809280,2420,11666.822803840118,7280.52251089865,3.31,1463.96,-0.019531848814949626,2067.047479301691,1.0805883803404868,8.13545984e-05,0.9045759,2.25,0.47,0.32,0.15,0.06,,,,,
931,3813376,2422,11708.96069804089,7318.6218984261395,3.33,1467.41,-0.021496462762115698,2918.4548813402653,1.0110277106286958,8.1334528e-05,0.93453926,2.27,0.46,0.33,0.15,0.06,,,,,
932,3817472,2425,11895.684413955307,7460.644986782989,3.32,1487.26,-0.013940890451522137,3558.2482320964336,0.8405486405827105,8.131445760000001e-05,0.8917982,2.25,0.46,0.34,0.14,0.06,,,,,
933,3821568,2426,12003.038572458217,7519.24086371627,3.34,1494.25,-0.0162178348064117,2393.758773446083,1.022413400001824,8.12943872e-05,0.9401256,2.26,0.46,0.34,0.14,0.06,,,,,
934,3825664,2428,12125.580547421097,7600.846655106875,3.35,1504.4,-0.018001748800088535,2076.882325619459,1.034483231138438,8.12743168e-05,0.9293091,2.26,0.46,0.34,0.14,0.06,,,,,
935,3829760,2432,11897.84006281243,7473.155132909019,3.35,1486.3,-0.019827901754979393,1062.154954507947,1.0536567280068994,8.12542464e-05,0.9172869,2.27,0.45,0.35,0.14,0.06,,,,,
936,3833856,2435,11800.796892407074,7415.497743139197,3.34,1476.9,-0.024937575454714533,1192.145337894559,1.097037875209935,8.1234176e-05,0.89653134,2.26,0.46,0.34,0.14,0.06,,,,,
937,3837952,2436,11925.34212626166,7479.286794946715,3.35,1486.05,-0.020996284041757463,1930.77817748487,1.0798591809580103,8.12141056e-05,0.91688687,2.26,0.46,0.34,0.14,0.06,,,,,
938,3842048,2438,11932.004490929796,7469.4517967867905,3.33,1489.64,-0.021831860756719834,1333.7569608390331,1.0877959880745038,8.11940352e-05,0.8918878,2.24,0.47,0.33,0.14,0.06,,,,,
939,3846144,2441,12134.258842812977,7568.234616539191,3.35,1510.6,-0.021368515210269834,843.8419850170612,1.0370763002429157,8.11739648e-05,0.90403366,2.24,0.48,0.31,0.15,0.06,,,,,
940,3850240,2443,12539.109740662356,7796.6239425987405,3.36,1551.79,-0.011889683541085105,1588.9115229547024,1.0952600268647075,8.11538944e-05,0.87770104,2.2,0.5,0.3,0.14,0.06,,,,,
941,3854336,2447,12546.961932603328,7824.40824836265,3.38,1559.21,-0.01715000447256898,2686.1851169914007,0.993054234655574,8.113382400000001e-05,0.7584306,2.21,0.51,0.28,0.15,0.06,,,,,
942,3858432,2449,12618.26297167985,7869.570015299744,3.4,1565.78,-0.01681715679114859,1875.5000221133232,1.0366523042321205,8.111375360000001e-05,0.9238626,2.22,0.51,0.28,0.14,0.07,,,,,
943,3862528,2453,12392.76592387176,7719.560254319942,3.45,1540.29,-0.019518158925166063,1173.6553898453712,0.9690098401624709,8.109368320000001e-05,0.8379703,2.3,0.5,0.27,0.15,0.08,,,,,
944,3866624,2454,12504.288272691765,7794.490372991323,3.46,1552.19,-0.022827596823844942,1365.9168554395437,1.0898476616712287,8.107361280000001e-05,0.95627856,2.3,0.5,0.27,0.15,0.08,,,,,
945,3870720,2457,12406.247182405223,7736.675826913855,3.48,1539.12,-0.01772224416708923,2097.4792038947344,1.0069984757574275,8.105354240000001e-05,0.8837283,2.33,0.49,0.28,0.15,0.08,,,,,
946,3874816,2459,12985.487176549645,8092.194199403262,3.51,1588.54,-0.016004495082597714,1886.8065284192562,0.9508400628110394,8.1033472e-05,0.9655403,2.3,0.5,0.28,0.14,0.08,,,,,
947,3878912,2461,12900.985415209976,8050.938651362389,3.5,1581.58,-0.02489716887976101,1619.9194277226925,1.097945716115646,8.10134016e-05,0.8920225,2.3,0.5,0.28,0.14,0.08,,,,,
948,3883008,2464,12666.662237400114,7920.63664947513,3.5,1557.75,-0.020690729857960832,1789.2011426985264,1.0391186688793823,8.09933312e-05,0.9135084,2.33,0.48,0.3,0.14,0.08,,,,,
949,3887104,2466,12771.65416691467,7999.587725558174,3.5,1571.44,-0.02178841462227865,2128.2611080110073,1.0490248958813027,8.09732608e-05,0.9074753,2.31,0.49,0.29,0.14,0.08,,,,,
950,3891200,2470,12604.97697013885,7914.815659665224,3.52,1550.4,-0.011978277700109174,2858.9605251848698,0.9799639504635707,8.09531904e-05,0.8717779,2.36,0.47,0.31,0.14,0.08,11192.117924251468,6964.634772077383,3.8666666666666667,1306.9333333333334,0.0
951,3895296,2473,12591.47934955113,7914.737544799947,3.55,1549.65,-0.024496616485521372,1017.1857938617468,1.066419473499991,8.093312e-05,0.9435841,2.39,0.47,0.3,0.15,0.08,,,,,
952,3899392,2475,12972.6418282889,8146.710261258645,3.56,1585.29,-0.011206454196781124,5124.634156912565,1.0095444166800007,8.09130496e-05,0.7792931,2.36,0.48,0.3,0.14,0.08,,,,,
953,3903488,2477,12691.30855864359,7956.642328107155,3.54,1558.56,-0.019144570984281017,861.7964257374406,1.0465905813034624,8.08929792e-05,0.9434819,2.36,0.48,0.3,0.14,0.08,,,,,
954,3907584,2479,12880.232384743218,8078.608911063842,3.57,1572.36,-0.011494491267512785,5266.90285757184,0.9733223718358204,8.08729088e-05,0.82403356,2.38,0.48,0.29,0.15,0.08,,,,,
955,3911680,2481,13155.482687390482,8243.797113788125,3.55,1597.87,-0.01623963781275961,911.7778262495995,0.9895466397283599,8.08528384e-05,0.96889025,2.33,0.49,0.29,0.15,0.07,,,,,
956,3915776,2484,13066.259012997003,8184.228542445778,3.54,1587.85,-0.018270229877998645,1326.3367769867182,1.054693222627975,8.0832768e-05,0.8948382,2.33,0.48,0.3,0.16,0.06,,,,,
957,3919872,2488,13187.065499521477,8217.023038661513,3.51,1595.01,-0.01768029949926131,563.709980353713,1.0286098553333431,8.08126976e-05,0.8960188,2.29,0.48,0.31,0.16,0.05,,,,,
958,3923968,2490,13414.866058529278,8347.962486774617,3.45,1618.26,-0.02226952799355786,1362.2794693112373,1.0242782856803387,8.079262720000001e-05,0.93713987,2.2,0.49,0.32,0.16,0.03,,,,,
959,3928064,2492,13371.838345931801,8338.882111183466,3.45,1611.65,-0.013547360533266328,2327.904592037201,0.9939517072634771,8.07725568e-05,0.9316008,2.2,0.49,0.32,0.16,0.03,,,,,
960,3932160,2495,13252.939699309423,8284.691434510474,3.46,1598.17,-0.016819532061163045,1809.6124545186758,1.0786375522147864,8.07524864e-05,0.90045726,2.22,0.48,0.33,0.16,0.03,,,,,
961,3936256,2497,13579.010596029708,8488.68501201712,3.5,1627.35,-0.015688869538280414,1293.4057726860046,0.940913524129428,8.0732416e-05,0.96211886,2.22,0.47,0.34,0.16,0.03,,,,,
962,3940352,2499,13692.218783740578,8556.808983826848,3.48,1638.25,-0.017444969387724996,1854.2937278151512,1.0644859976600856,8.07123456e-05,0.9081562,2.19,0.47,0.35,0.16,0.02,,,,,
963,3944448,2501,13615.257156061865,8516.552279688325,3.51,1625.72,-0.01775263961735618,1746.26860794425,1.0527664151741192,8.06922752e-05,0.9346982,2.23,0.46,0.35,0.17,0.02,,,,,
964,3948544,2504,13621.179801761533,8519.007527634712,3.52,1626.99,-0.022689282682222256,653.4754350781441,1.0393916234606877,8.06722048e-05,0.9466281,2.24,0.46,0.34,0.18,0.02,,,,,
965,3952640,2511,12952.443135051175,8075.04840817673,3.57,1552.93,-0.017821503864979604,2383.4023256897926,0.9687542762840167,8.06521344e-05,0.80042905,2.37,0.43,0.34,0.19,0.04,,,,,
966,3956736,2514,13156.784231181442,8183.263823806504,3.55,1568.38,-0.01687093645978166,1569.480013743043,1.0941214269259945,8.0632064e-05,0.92442226,2.33,0.42,0.37,0.17,0.04,,,,,
967,3960832,2515,13302.852594245722,8283.787137141218,3.57,1578.41,-0.01488768681701913,3563.4127518832684,0.9060239172540605,8.06119936e-05,0.94757366,2.34,0.41,0.38,0.17,0.04,,,,,
968,3964928,2519,13302.490767287141,8296.89070040912,3.6,1574.01,-0.01789456498408981,1444.5639390349388,1.008672172902152,8.059192320000001e-05,0.6910322,2.37,0.41,0.37,0.18,0.04,,,,,
969,3969024,2520,13711.659222850407,8541.938632444571,3.62,1612.98,-0.01623599330923753,1395.2295194864273,1.0339605624321848,8.057185280000001e-05,0.96867317,2.35,0.42,0.36,0.18,0.04,,,,,
970,3973120,2521,13837.213966643882,8616.60841745311,3.63,1621.89,-0.009606537045328878,3725.106315225363,1.0180504271993414,8.055178240000001e-05,0.8942091,2.35,0.42,0.36,0.18,0.04,,,,,
971,3977216,2522,14118.320358102848,8773.277893306738,3.64,1647.95,-0.011610344947257545,1415.452974870801,1.0663902629166842,8.0531712e-05,0.91450155,2.33,0.43,0.35,0.18,0.04,,,,,
972,3981312,2527,13254.6648128862,8251.440979097542,3.59,1576.06,-0.01936312867110246,3615.0234137922525,1.0351566161261871,8.05116416e-05,0.7299376,2.34,0.43,0.34,0.19,0.04,,,,,
973,3985408,2530,13269.379074345015,8257.582807257002,3.59,1579.96,-0.021825833891853108,1869.9452749937773,1.0932339219143614,8.04915712e-05,0.63492936,2.34,0.44,0.33,0.19,0.04,,,,,
974,3989504,2533,13098.42161224277,8165.214698269898,3.6,1558.56,-0.01670674140950723,4142.459990739822,1.07201931218151,8.04715008e-05,0.8617119,2.38,0.43,0.33,0.2,0.04,,,,,
975,3993600,2536,13133.478534025731,8211.929471195988,3.64,1560.39,-0.01238436228959472,5845.018563777208,1.0433383799390867,8.04514304e-05,0.8899246,2.42,0.42,0.33,0.21,0.04,11144.8084932923,6902.588430046557,3.9,1294.5,0.0
976,3997696,2539,13105.902800235799,8199.576340108446,3.67,1554.46,-0.02332376563208527,2204.120484828949,1.0083158853230998,8.043136e-05,0.8695446,2.45,0.42,0.32,0.22,0.04,,,,,
977,4001792,2542,12852.493250139642,8049.24487161815,3.65,1531.23,-0.021003696064326505,964.152908667922,1.0365324337035418,8.04112896e-05,0.8932897,2.46,0.42,0.32,0.22,0.04,,,,,
978,4005888,2544,12804.67783710496,8031.25383298106,3.63,1527.21,-0.015342920158218476,2044.6722927093506,1.0239921091124415,8.03912192e-05,0.8487265,2.44,0.42,0.33,0.21,0.04,,,,,
979,4009984,2547,13123.648099123026,8223.444163467202,3.63,1553.45,-0.016253288908956165,2626.018544152379,0.9827359591145068,8.03711488e-05,0.93030554,2.41,0.42,0.34,0.2,0.04,,,,,
980,4014080,2549,13219.578954676183,8273.176391919402,3.59,1566.7,-0.01747970297537904,1439.941765397787,1.0031703615095466,8.03510784e-05,0.84863055,2.36,0.43,0.34,0.2,0.03,,,,,
981,4018176,2551,13445.874882561904,8419.01782427352,3.65,1567.46,-0.006520270253531635,32762.300708949566,0.8627818411914632,8.0331008e-05,0.8430193,2.42,0.42,0.34,0.2,0.04,,,,,
982,4022272,2555,13243.015243205942,8297.668055899943,3.56,1551.58,-0.0135372530312452,3889.939710497856,1.0553239848231897,8.03109376e-05,0.49195403,2.35,0.42,0.36,0.19,0.03,,,,,
983,4026368,2559,12810.296254954406,8016.8993887384095,3.51,1515.51,-0.018939407932521135,1080.144714742899,1.0279822286684066,8.029086720000001e-05,0.91470045,2.34,0.42,0.36,0.19,0.03,,,,,
984,4030464,2562,12699.85681421526,7935.267948189439,3.51,1501.54,-0.017720098132485873,1123.26934941113,1.0882891996297985,8.02707968e-05,0.8544282,2.36,0.41,0.37,0.19,0.03,,,,,
985,4034560,2565,12558.787440208042,7832.359121580447,3.51,1485.38,-0.018770983264403185,1025.9477646946907,1.088371234596707,8.02507264e-05,0.89747185,2.38,0.41,0.36,0.2,0.03,,,,,
986,4038656,2568,12690.95515815562,7900.35204287563,3.48,1503.75,-0.019686622058998182,1152.473321378231,1.0074229667661712,8.0230656e-05,0.88354635,2.33,0.43,0.35,0.19,0.03,,,,,
987,4042752,2569,12758.348265589606,7946.634045653835,3.49,1509.91,-0.011373093860129302,2706.0344086289406,1.0529505660524592,8.02105856e-05,0.85499823,2.33,0.43,0.35,0.19,0.03,,,,,
988,4046848,2573,12887.766644155188,8015.777888526894,3.48,1519.05,-0.018158566152123967,1827.8874030858278,0.998162501025945,8.01905152e-05,0.8737258,2.32,0.41,0.39,0.17,0.03,,,,,
989,4050944,2577,12568.830210980557,7829.229317874834,3.45,1490.96,-0.01782296042983944,2065.6676361113787,1.075914892484434,8.01704448e-05,0.8736372,2.33,0.39,0.41,0.17,0.03,,,,,
990,4055040,2579,12461.856943976938,7774.8356348279285,3.45,1480.74,-0.01797624142636778,2094.847775608301,0.9895318670896813,8.01503744e-05,0.94150895,2.34,0.38,0.42,0.17,0.03,,,,,
991,4059136,2580,12690.493266339497,7917.382214212818,3.48,1496.29,-0.012322570240939967,2307.6881453692913,0.9634641596348956,8.013030400000001e-05,0.9267546,2.35,0.37,0.43,0.17,0.03,,,,,
992,4063232,2582,12640.88626612427,7899.336229579123,3.46,1501.85,-0.023740333184832707,1544.8308277726173,1.0599203291349113,8.011023360000001e-05,0.9288818,2.32,0.39,0.41,0.17,0.03,,,,,
993,4067328,2585,12576.213724489156,7899.413876843947,3.48,1493.01,-0.014173285047945683,3207.324506819248,0.9675337647786364,8.009016320000001e-05,0.9273219,2.36,0.37,0.42,0.18,0.03,,,,,
994,4071424,2588,12632.170034170835,7946.681094179239,3.47,1503.12,-0.023829103716707323,1004.3521346449852,1.0720856569241732,8.007009280000001e-05,0.8783301,2.34,0.38,0.41,0.18,0.03,,,,,
995,4075520,2591,12697.546035499217,8008.943114137377,3.51,1511.05,-0.022695033724630775,2107.412559658289,1.05329567741137,8.005002240000001e-05,0.92357504,2.37,0.38,0.4,0.19,0.03,,,,,
996,4079616,2594,12439.389262425006,7851.515538983745,3.53,1484.48,-0.0102506998264289,11738.530832141638,1.0235291346907616,8.0029952e-05,0.87144005,2.43,0.37,0.39,0.2,0.04,,,,,
997,4083712,2596,12668.385609945257,7988.82033007886,3.56,1495.32,-0.014038288085430395,4819.385940313339,0.9765573153272271,8.00098816e-05,0.9408577,2.45,0.36,0.4,0.2,0.04,,,,,
998,4087808,2597,12628.518533991508,7958.201781092823,3.56,1490.41,-0.02252808155662933,1480.8491806387901,1.0030009924666956,7.99898112e-05,0.9576198,2.46,0.36,0.4,0.2,0.04,,,,,
999,4091904,2600,12805.097330856433,8064.25502150576,3.56,1506.13,-0.017846833531621087,2027.8722164779902,1.03412570070941,7.99697408e-05,0.91672564,2.44,0.36,0.41,0.19,0.04,,,,,
1000,4096000,2602,12794.055838070244,8062.7487233955235,3.56,1505.06,-0.017749189773894614,1369.2790707200766,1.0646520500304177,7.99496704e-05,0.9452882,2.45,0.35,0.42,0.19,0.04,12883.62027545516,7984.855553603354,4.033333333333333,1437.4666666666667,0.0
1001,4100096,2605,12804.142182606503,8069.949621462243,3.54,1506.48,-0.016446717479993822,1753.4192779362202,1.091830646735616,7.99296e-05,0.51549536,2.43,0.36,0.42,0.18,0.04,,,,,
1002,4104192,2606,13052.360606597227,8227.521247142493,3.52,1534.86,-0.0158628323533776,2604.3758912086487,1.0454936602618545,7.99095296e-05,0.8990319,2.38,0.37,0.42,0.18,0.03,,,,,
1003,4108288,2610,13328.674481121821,8409.679795344613,3.58,1552.23,-0.01428361652597232,5985.811412006617,0.9849443349521607,7.98894592e-05,0.9319913,2.42,0.37,0.41,0.19,0.03,,,,,
1004,4112384,2612,13478.665279959661,8508.209585254888,3.58,1564.13,-0.017200474688252143,1433.0350357592106,1.1013234329875559,7.98693888e-05,0.9552194,2.41,0.37,0.41,0.2,0.02,,,,,
1005,4116480,2615,13432.147259113613,8465.610106678703,3.55,1570.29,-0.02158567685273738,1305.8433274179697,1.1271837805397809,7.98493184e-05,0.90823525,2.38,0.39,0.39,0.2,0.02,,,,,
1006,4120576,2618,13448.155010836454,8455.122735946781,3.57,1568.21,-0.015768776154800435,1514.3997336924076,1.0420527124078944,7.9829248e-05,0.9219019,2.4,0.38,0.4,0.2,0.02,,,,,
1007,4124672,2621,12941.852934484708,8148.986111841143,3.57,1523.01,-0.015884055227616045,2543.027937248349,1.0900578766595572,7.98091776e-05,0.84945863,2.45,0.37,0.4,0.2,0.03,,,,,
1008,4128768,2624,12770.503983754697,8055.630946863444,3.57,1507.16,-0.021454209670991986,1008.4718261659145,1.1355035565793514,7.978910720000001e-05,0.93982923,2.47,0.36,0.4,0.21,0.03,,,,,
1009,4132864,2625,13080.066386352342,8233.09046437195,3.57,1537.97,-0.020492265781285823,1272.7973661124706,1.0386751486221328,7.97690368e-05,0.93212867,2.44,0.37,0.4,0.2,0.03,,,,,
1010,4136960,2627,13156.536872499426,8289.973881184178,3.6,1542.24,-0.01625838076506625,2957.2226047068834,1.0591938148718327,7.97489664e-05,0.9133482,2.47,0.37,0.39,0.21,0.03,,,,,
1011,4141056,2630,13431.635046835681,8439.691443094134,3.6,1567.25,-0.021327912843844388,1075.402115777135,1.1332979216240346,7.9728896e-05,0.92067385,2.45,0.36,0.41,0.2,0.03,,,,,
1012,4145152,2632,13562.44751876196,8517.89968425984,3.62,1577.36,-0.018485308210074436,1492.7012359648943,1.0703459014184773,7.97088256e-05,0.92595965,2.45,0.36,0.41,0.2,0.03,,,,,
1013,4149248,2635,13314.72810644499,8332.749110001283,3.55,1562.14,-0.018001086873482564,1319.8483141809702,1.0948478896170855,7.96887552e-05,0.87816495,2.4,0.37,0.42,0.18,0.03,,,,,
1014,4153344,2637,13426.009307872948,8401.448262481586,3.55,1572.02,-0.018990752805621014,2827.0861198306084,1.081210182281211,7.96686848e-05,0.84408784,2.4,0.36,0.44,0.17,0.03,,,,,
1015,4157440,2640,13570.58828012759,8486.3186766628,3.51,1588.38,-0.016395767432186403,3074.3262844979763,1.1073611257597804,7.96486144e-05,0.737862,2.34,0.37,0.45,0.15,0.03,,,,,
1016,4161536,2644,13470.858965313855,8425.540939718805,3.55,1572.83,-0.01895673021044786,1358.4652391821146,1.041913867346011,7.9628544e-05,0.87833583,2.4,0.35,0.45,0.17,0.03,,,,,
1017,4165632,2647,13239.107516294838,8297.91863593245,3.58,1549.28,-0.011584625146497274,13362.8403583467,1.0922539116581902,7.96084736e-05,0.8365655,2.46,0.34,0.44,0.18,0.04,,,,,
1018,4169728,2649,13298.791762835193,8342.28696400405,3.59,1557.07,-0.014361299571646668,2355.6997642964125,1.1279077121289447,7.95884032e-05,0.8696164,2.46,0.34,0.44,0.18,0.04,,,,,
1019,4173824,2652,13061.78813845097,8176.5057893978965,3.59,1545.74,-0.016799033897768822,1111.2393139898777,1.0744870258495212,7.956833280000001e-05,0.9372913,2.47,0.34,0.43,0.19,0.04,,,,,
1020,4177920,2653,13008.92274541628,8147.090583962579,3.58,1541.81,-0.015350607489381218,1924.0608824044466,1.0287602476309985,7.954826240000001e-05,0.9483783,2.46,0.35,0.42,0.19,0.04,,,,,
1021,4182016,2657,13337.306400158095,8379.199408202618,3.65,1566.57,-0.012630519484446268,5991.628813505173,1.092170657007955,7.952819200000001e-05,0.8649712,2.51,0.33,0.43,0.2,0.04,,,,,
1022,4186112,2658,13465.497284852998,8457.535588575149,3.64,1581.22,-0.023684193209192017,1114.4783646017313,1.119324347586371,7.95081216e-05,0.8925925,2.48,0.34,0.43,0.19,0.04,,,,,
1023,4190208,2661,13709.921167778315,8619.025023501543,3.65,1609.16,-0.020403507284754596,2494.829887777567,1.1188253408763558,7.94880512e-05,0.58485365,2.46,0.35,0.42,0.19,0.04,,,,,
1024,4194304,2663,13838.433882577725,8688.694518917255,3.66,1616.72,-0.016995193147522514,1901.0908910185099,1.0540280730929226,7.94679808e-05,0.90386397,2.46,0.35,0.42,0.19,0.04,,,,,
1025,4198400,2664,14057.945101548341,8824.3573745244,3.67,1637.39,-0.01696780911697715,2535.8592714071274,1.075481609092094,7.94479104e-05,0.9460448,2.44,0.36,0.41,0.19,0.04,13108.258711596247,8185.977248226555,4.066666666666666,1444.7333333333333,0.0
1026,4202496,2666,14173.968588982598,8911.103691050841,3.7,1640.16,-0.01108378935350629,4031.130134433508,1.030765040894039,7.942784e-05,0.9285364,2.47,0.34,0.43,0.19,0.04,,,,,
1027,4206592,2668,14553.289904618421,9160.198397494176,3.74,1664.53,-0.010305206467819517,8325.03373119235,1.12565395666752,7.94077696e-05,0.9658227,2.48,0.34,0.42,0.2,0.04,,,,,
1028,4210688,2670,14379.447719589314,9061.477571876789,3.7,1660.44,-0.018531271942265448,1810.7723319977522,1.086965392692946,7.93876992e-05,0.87026423,2.45,0.36,0.4,0.2,0.04,,,,,
1029,4214784,2673,14607.379094535454,9206.182875973022,3.73,1684.08,-0.01818366176667041,1869.1879575252533,1.0924163934541866,7.93676288e-05,0.8985089,2.45,0.37,0.38,0.21,0.04,,,,,
1030,4218880,2673,14607.379094535454,9206.182875973022,3.73,1684.08,-0.013185115111809864,3506.836593925953,1.0649267634144053,7.93475584e-05,0.95444876,2.45,0.37,0.38,0.21,0.04,,,,,
1031,4222976,2675,15081.503189169092,9497.869160869395,3.74,1727.35,-0.018711673646976124,677.3757261484861,1.0812045583734289,7.9327488e-05,0.9515477,2.41,0.39,0.37,0.2,0.04,,,,,
1032,4227072,2677,15296.849030818874,9627.56791615285,3.75,1753.53,-0.020088517458134447,994.859325312078,1.1551822235342115,7.93074176e-05,0.88872623,2.39,0.41,0.35,0.2,0.04,,,,,
1033,4231168,2679,15471.020457553966,9715.751054739452,3.75,1763.98,-0.013446038372421754,3127.076832741499,1.0768738898914307,7.92873472e-05,0.95618045,2.37,0.42,0.35,0.19,0.04,,,,,
1034,4235264,2682,14904.034981874376,9384.193744112377,3.74,1712.1,-0.01946614363714616,3002.253276064992,1.0809609278803691,7.92672768e-05,0.8972866,2.42,0.41,0.35,0.19,0.05,,,,,
1035,4239360,2684,15125.284384976068,9505.239290837704,3.73,1732.31,-0.015579666764097055,4374.821671783924,1.1203338560881093,7.92472064e-05,0.94321966,2.38,0.42,0.35,0.18,0.05,,,,,
1036,4243456,2688,15134.014423459845,9514.784722346018,3.73,1732.04,-0.02682984125931398,1189.7418495416641,1.0822231742786244,7.9227136e-05,0.90598726,2.38,0.41,0.37,0.17,0.05,,,,,
1037,4247552,2690,15121.987988643823,9507.144668307074,3.72,1731.68,-0.01836320348047593,1565.6052560657263,1.0438697204226628,7.92070656e-05,0.89745975,2.38,0.4,0.38,0.17,0.05,,,,,
1038,4251648,2693,15021.027289621336,9425.598603361808,3.7,1725.2,-0.012818351608075318,2639.899025708437,1.0981531544821337,7.91869952e-05,0.8444851,2.37,0.39,0.39,0.18,0.04,,,,,
1039,4255744,2694,15184.36967802678,9517.331905550582,3.69,1742.35,-0.016662941030517686,1793.8711628317833,1.033463452826254,7.91669248e-05,0.8944585,2.34,0.4,0.39,0.17,0.04,,,,,
1040,4259840,2697,14927.910646712837,9347.880791768426,3.65,1729.52,-0.022196820837052655,956.955190256238,1.100719213951379,7.91468544e-05,0.87267447,2.31,0.42,0.37,0.17,0.04,,,,,
1041,4263936,2701,14571.525368867227,9127.901527107271,3.64,1693.92,-0.011880518524776562,2303.5203829705715,1.1025798919145018,7.9126784e-05,0.84910816,2.33,0.43,0.34,0.19,0.04,,,,,
1042,4268032,2705,14499.504894244486,9093.737778160781,3.66,1683.7,-0.01510129861344467,4053.1281388252974,1.0773504263488576,7.910671360000001e-05,0.89388674,2.36,0.42,0.34,0.2,0.04,,,,,
1043,4272128,2707,14146.774592696871,8847.286910281708,3.62,1655.23,-0.022025742720870767,964.7845791727304,1.0701643289066851,7.908664320000001e-05,0.90102285,2.35,0.42,0.34,0.2,0.04,,,,,
1044,4276224,2709,14240.555503129941,8890.099400505493,3.58,1667.3,-0.022620268680839217,1320.9786470532417,1.0736389813246205,7.906657280000001e-05,0.9386439,2.3,0.43,0.34,0.19,0.04,,,,,
1045,4280320,2712,14393.129970487164,8981.554810466812,3.58,1687.05,-0.01738031440982013,742.3496126383543,1.1242202100111172,7.904650240000001e-05,0.9402056,2.28,0.44,0.34,0.18,0.04,,,,,
1046,4284416,2714,14390.134017711562,8985.394813891624,3.58,1684.39,-0.01486810472306388,1459.2347075045109,1.1027661163825542,7.902643200000001e-05,0.9188677,2.28,0.44,0.34,0.18,0.04,,,,,
1047,4288512,2718,14280.04726262779,8947.706147373206,3.57,1679.97,-0.019325712590216426,3556.6775576919317,1.074060175800696,7.90063616e-05,0.75149775,2.27,0.45,0.33,0.17,0.05,,,,,
1048,4292608,2722,14284.405182214652,8934.771615685906,3.53,1677.14,-0.020375086169224232,1081.3726503551006,1.098268672125414,7.89862912e-05,0.9564637,2.23,0.45,0.34,0.17,0.04,,,,,
1049,4296704,2726,14010.419829508572,8774.116472418338,3.61,1634.49,-0.014417137514101341,3474.119296491146,1.0810547281289473,7.89662208e-05,0.91192186,2.35,0.42,0.34,0.19,0.05,,,,,
1050,4300800,2728,13589.872581510292,8512.139288183802,3.59,1592.84,-0.01658592780404433,2176.130437552929,1.1287810344947502,7.89461504e-05,0.8492866,2.37,0.41,0.35,0.19,0.05,15715.57860908959,9894.714548153004,4.3,1617.5666666666666,0.0
1051,4304896,2731,13817.766126520406,8664.909205911803,3.6,1614.49,-0.00528985813161853,6423.3449729681015,1.1334908924764022,7.892608e-05,0.7479743,2.36,0.42,0.34,0.19,0.05,,,,,
1052,4308992,2733,13714.72764499894,8600.585094987635,3.57,1608.22,-0.024268770654089167,1038.1504577994347,1.1591714860405773,7.89060096e-05,0.87866014,2.34,0.43,0.33,0.19,0.05,,,,,
1053,4313088,2735,13795.283496326643,8650.176470133953,3.59,1616.68,-0.022412750920011604,1551.251436829567,1.1398774310946465,7.88859392e-05,0.901933,2.35,0.43,0.32,0.2,0.05,,,,,
1054,4317184,2738,14006.774922920718,8774.338627140238,3.62,1633.55,-0.016129752551933052,2711.7247147113085,1.1078611941775307,7.88658688e-05,0.91830814,2.35,0.44,0.3,0.21,0.05,,,,,
1055,4321280,2740,14031.509316953856,8786.581815035572,3.63,1634.11,-0.019276023152997368,1508.2585481405258,1.0900478550465778,7.88457984e-05,0.92610437,2.36,0.44,0.29,0.22,0.05,,,,,
1056,4325376,2741,14113.497513791812,8838.847519603294,3.64,1641.01,-0.01669405601114704,1689.494846150279,1.0825233219657093,7.8825728e-05,0.9224161,2.36,0.44,0.29,0.22,0.05,,,,,
1057,4329472,2744,14413.761723012416,9016.964026027852,3.65,1674.99,-0.025177169634844176,1458.1809673905373,1.024631942738779,7.88056576e-05,0.8636229,2.33,0.46,0.28,0.2,0.06,,,,,
1058,4333568,2746,14681.245369593353,9198.03317435437,3.69,1698.24,-0.01516255801107036,2810.5046646595,1.0389311977196485,7.878558720000001e-05,0.9321274,2.34,0.47,0.27,0.19,0.07,,,,,
1059,4337664,2748,14572.488358646655,9113.29627558623,3.67,1690.61,-0.015904847023193724,973.6866775304079,1.0327486677560955,7.87655168e-05,0.93688405,2.33,0.47,0.27,0.2,0.06,,,,,
1060,4341760,2749,14832.39367960508,9264.076714719107,3.69,1707.69,-0.01225892208822188,3672.2204182744026,1.0582012565573677,7.87454464e-05,0.9253444,2.33,0.47,0.27,0.2,0.06,,,,,
1061,4345856,2750,15169.688314811354,9479.572474149973,3.7,1735.93,-0.01236490144583513,4665.738159865141,1.0037783632287756,7.8725376e-05,0.96252024,2.31,0.47,0.28,0.19,0.06,,,,,
1062,4349952,2752,15341.010242438377,9602.852284716544,3.73,1741.6,-0.013967364795462345,4879.885687336326,1.079344936646521,7.87053056e-05,0.9439826,2.33,0.46,0.29,0.19,0.06,,,,,
1063,4354048,2756,15266.352492368902,9537.784513851044,3.75,1730.7,-0.016573412741763605,1263.228071898222,1.0422088148770854,7.86852352e-05,0.9628595,2.36,0.46,0.28,0.2,0.06,,,,,
1064,4358144,2759,15189.6866136757,9471.720829058957,3.72,1719.46,-0.015972357903592638,2231.184248536825,1.0845739002106711,7.86651648e-05,0.9527117,2.35,0.46,0.29,0.19,0.06,,,,,
1065,4362240,2763,14921.870112641138,9325.87474315041,3.74,1692.47,-0.020846279970101023,2244.8528729081154,1.0627982009900734,7.86450944e-05,0.9171712,2.39,0.45,0.29,0.2,0.06,,,,,
1066,4366336,2765,14825.615607350202,9280.994484013703,3.79,1667.05,-0.010471363713804749,41331.199129104614,1.0254624621011317,7.8625024e-05,0.9390002,2.47,0.44,0.28,0.21,0.07,,,,,
1067,4370432,2767,14528.612244916254,9070.565505232835,3.74,1652.92,-0.025393968398930156,1159.8733858317137,1.0896404762752354,7.86049536e-05,0.85353833,2.44,0.45,0.28,0.2,0.07,,,,,
1068,4374528,2770,14463.743758598412,9040.68678765604,3.76,1639.23,-0.013542881239118287,1618.39938531816,1.125458940747194,7.85848832e-05,0.9419631,2.47,0.44,0.28,0.21,0.07,,,,,
1069,4378624,2772,14707.406926068063,9207.140513389131,3.76,1660.64,-0.012023995272102184,4711.544043034315,1.025381154497154,7.856481280000001e-05,0.91784817,2.45,0.44,0.29,0.2,0.07,,,,,
1070,4382720,2775,14146.00079454859,8844.155170818214,3.77,1607.18,-0.01983077282056911,942.2236593216658,1.0491437527816743,7.854474240000001e-05,0.9177064,2.52,0.43,0.28,0.22,0.07,,,,,
1071,4386816,2777,14120.046613248944,8838.74812386805,3.79,1593.77,-0.01679896405130421,1894.901255339384,1.058220126782544,7.852467200000001e-05,0.9527191,2.55,0.41,0.3,0.22,0.07,,,,,
1072,4390912,2780,13812.753140698069,8660.033629033793,3.79,1574.34,-0.01969482962977054,1201.399631127715,1.0408282217103988,7.85046016e-05,0.94436866,2.58,0.41,0.29,0.23,0.07,,,,,
1073,4395008,2783,13912.105160688367,8705.39836324162,3.79,1583.27,-0.019596785536123207,2232.846120297909,1.027170934714377,7.84845312e-05,0.946493,2.57,0.42,0.28,0.23,0.07,,,,,
1074,4399104,2785,13727.525827380827,8595.012448141997,3.77,1567.08,-0.023111032989618252,1724.2053329348564,1.1236443370580673,7.84644608e-05,0.89831567,2.58,0.41,0.29,0.23,0.07,,,,,
1075,4403200,2786,14021.960665592433,8760.770063617407,3.78,1595.93,-0.02062757323983533,1273.7106546759605,1.0794537297915667,7.84443904e-05,0.9511096,2.56,0.42,0.28,0.23,0.07,13998.355092450054,8953.00947421179,4.066666666666666,1531.5333333333333,0.0
1076,4407296,2787,14293.19349037884,8928.908199435522,3.8,1625.03,-0.017180568143885466,4558.541749000549,1.0950957759050652,7.842432e-05,0.78278637,2.55,0.43,0.27,0.23,0.07,,,,,
1077,4411392,2791,14260.054448213876,8900.892890465884,3.77,1623.79,-0.022117649554274976,1073.5396714657545,1.1078900998691097,7.84042496e-05,0.89040244,2.51,0.45,0.26,0.22,0.07,,,,,
1078,4415488,2793,14575.359803557845,9098.033753896063,3.79,1648.41,-0.013482088044838747,4955.9046322107315,1.0369863819796592,7.83841792e-05,0.9335188,2.51,0.45,0.26,0.22,0.07,,,,,
1079,4419584,2795,14296.688741772356,8931.566055355072,3.77,1621.15,-0.020042577301865094,904.5697383135557,1.0931794062489644,7.83641088e-05,0.8600362,2.52,0.44,0.27,0.22,0.07,,,,,
1080,4423680,2797,14462.008178341694,9053.14180118425,3.82,1632.33,-0.010574462697150011,16410.168734908104,1.0415750392712653,7.83440384e-05,0.93299353,2.56,0.43,0.27,0.22,0.08,,,,,
1081,4427776,2801,14578.127432611436,9144.288798955096,3.83,1643.52,-0.018478560948096856,1803.4254820942879,1.060216550482437,7.8323968e-05,0.82366234,2.57,0.42,0.29,0.21,0.08,,,,,
1082,4431872,2802,14930.051454460607,9361.805963322022,3.86,1673.31,-0.0178623880201485,3100.8076402843,1.0106477291556075,7.83038976e-05,0.9267328,2.57,0.42,0.29,0.21,0.08,,,,,
1083,4435968,2803,15118.99486986428,9481.674416081387,3.86,1694.57,-0.01957805020538217,2376.019576996565,1.0329161529662088,7.82838272e-05,0.8834673,2.55,0.43,0.28,0.21,0.08,,,,,
1084,4440064,2805,15151.438638954754,9506.75166765889,3.84,1704.08,-0.0226806351893174,1946.3590824157,1.058958757785149,7.82637568e-05,0.9121594,2.52,0.43,0.29,0.2,0.08,,,,,
1085,4444160,2808,15260.308495061088,9589.586801079458,3.83,1718.82,-0.01939163001588895,1357.5089018642902,1.072390112443827,7.82436864e-05,0.89854515,2.49,0.44,0.29,0.19,0.08,,,,,
1086,4448256,2810,15234.092674882642,9573.688767361566,3.86,1714.22,-0.015121497087420721,1530.3255473077297,1.0096846687374637,7.8223616e-05,0.9080984,2.53,0.43,0.29,0.2,0.08,,,,,
1087,4452352,2812,15342.276517656484,9651.499792443383,3.84,1729.66,-0.015764304062031442,2502.919484049082,1.0579524674685672,7.82035456e-05,0.9092377,2.49,0.44,0.29,0.19,0.08,,,,,
1088,4456448,2813,15321.758869858226,9643.143553651906,3.83,1732.8,-0.01949642825002229,1478.8874018639326,1.055538929766044,7.81834752e-05,0.93368,2.48,0.45,0.28,0.19,0.08,,,,,
1089,4460544,2817,15416.825320842603,9681.412476815414,3.87,1727.48,-0.01673102588938491,1268.4471632540226,1.0823118444532156,7.81634048e-05,0.923311,2.53,0.42,0.31,0.19,0.08,,,,,
1090,4464640,2820,15524.966962648956,9734.61789755817,3.82,1742.71,-0.016638815757687553,2112.0033675581217,1.094387487275526,7.81433344e-05,0.92861116,2.47,0.43,0.31,0.19,0.07,,,,,
1091,4468736,2821,15832.55642722643,9920.741044951867,3.84,1771.24,-0.015016411350188719,2386.359671741724,1.0184433639515191,7.8123264e-05,0.9376338,2.46,0.44,0.3,0.19,0.07,,,,,
1092,4472832,2824,15810.633623392268,9906.234796202018,3.82,1773.84,-0.022746156151697505,751.7403341680765,1.110775435809046,7.81031936e-05,0.8881432,2.44,0.45,0.3,0.18,0.07,,,,,
1093,4476928,2826,15946.844150711036,10010.338617766345,3.78,1797.36,-0.011358516912878258,8095.508667677641,1.0482063214294612,7.808312320000001e-05,0.71166366,2.38,0.46,0.3,0.18,0.06,,,,,
1094,4481024,2829,15676.225342968315,9848.000289211976,3.74,1778.7,-0.018678964352147887,1605.0503599196672,1.1031527814920992,7.806305280000001e-05,0.80505997,2.36,0.47,0.29,0.18,0.06,,,,,
1095,4485120,2830,15997.52808911339,10051.407285768362,3.78,1805.98,-0.018296277039553388,4365.63771212101,0.9914675104664639,7.804298240000001e-05,0.9222375,2.37,0.46,0.3,0.18,0.06,,,,,
1096,4489216,2833,16041.33966780483,10072.418313955157,3.82,1804.83,-0.01802670827055408,690.8166027218103,1.074707136140205,7.802291200000001e-05,0.87783873,2.41,0.45,0.3,0.19,0.06,,,,,
1097,4493312,2834,16409.932171708664,10300.40111007389,3.85,1830.65,-0.011813505392638035,4618.0156237185,1.0824694364564493,7.80028416e-05,0.95652753,2.41,0.45,0.3,0.19,0.06,,,,,
1098,4497408,2837,16221.004298481743,10178.68909193944,3.83,1815.96,-0.020635433442294016,877.5840252041817,1.056401522946544,7.79827712e-05,0.8571402,2.41,0.45,0.31,0.18,0.06,,,,,
1099,4501504,2839,16046.581625021761,10089.149743901036,3.82,1803.71,-0.015724123752079322,2127.8367114663124,1.0816574859200045,7.79627008e-05,0.8051118,2.42,0.44,0.32,0.18,0.06,,,,,
1100,4505600,2840,16214.431089711585,10181.939647581608,3.81,1822.82,-0.019028746228286764,2103.985463887453,1.1071443617111072,7.79426304e-05,0.9456898,2.39,0.45,0.32,0.17,0.06,16648.145576822706,10791.702420121863,4.333333333333333,1758.7666666666667,0.0
1101,4509696,2842,16221.87701452684,10203.743399280691,3.83,1816.17,-0.017864687910332577,3391.704825684428,1.0956815457902849,7.792256e-05,0.8333928,2.42,0.43,0.34,0.17,0.06,,,,,
1102,4513792,2843,16584.56551310895,10429.15725628219,3.86,1844.23,-0.01642468610407377,4158.471403479576,1.0520397931104526,7.79024896e-05,0.9304704,2.42,0.43,0.34,0.17,0.06,,,,,
1103,4517888,2846,16518.26877675776,10396.399722699445,3.79,1843.51,-0.019840085145006014,3260.515191242099,1.072851408389397,7.78824192e-05,0.8870031,2.35,0.43,0.36,0.17,0.04,,,,,
1104,4521984,2848,16673.184034577658,10477.614600890576,3.79,1852.3,-0.01705213187779009,1353.633416697383,1.0394188010832295,7.78623488e-05,0.9515622,2.34,0.42,0.38,0.16,0.04,,,,,
1105,4526080,2849,16374.468993700095,10294.041246108782,3.77,1827.42,-0.017106373381466256,2008.9347522109747,1.0385194305563346,7.78422784e-05,0.94757813,2.35,0.41,0.39,0.16,0.04,,,,,
1106,4530176,2852,16226.15789497101,10182.165364843591,3.72,1822.67,-0.017895290143314924,1707.6666697859764,1.0954900291981176,7.7822208e-05,0.976437,2.31,0.42,0.39,0.16,0.03,,,,,
1107,4534272,2853,16238.858972316342,10204.069925171194,3.72,1823.77,-0.022489733833936043,1727.8853119909763,1.0378201314015314,7.78021376e-05,0.9285521,2.31,0.42,0.39,0.16,0.03,,,,,
1108,4538368,2857,16259.396593125206,10209.947613310142,3.72,1829.82,-0.02081234197703452,1760.3678494244814,1.0633694052230567,7.778206720000001e-05,0.8886581,2.3,0.43,0.38,0.16,0.03,,,,,
1109,4542464,2859,16294.182650667588,10238.944178431275,3.76,1838.52,-0.013525703471714223,5572.500713512301,1.0514459094265476,7.776199680000001e-05,0.64994335,2.33,0.43,0.37,0.16,0.04,,,,,
1110,4546560,2861,16520.655952519075,10386.807909219491,3.77,1859.73,-0.01221401542716194,3055.4773538410664,1.0526869297027588,7.77419264e-05,0.84319395,2.31,0.43,0.38,0.15,0.04,,,,,
1111,4550656,2863,16774.814385924994,10519.935938276009,3.74,1890.71,-0.018694824434533075,2257.494265034795,1.0230578508926556,7.7721856e-05,0.89650685,2.25,0.45,0.37,0.14,0.04,,,,,
1112,4554752,2863,16774.814385924994,10519.935938276009,3.74,1890.71,-0.01435969072736043,2226.032868683338,1.0571163463173434,7.77017856e-05,0.94671494,2.25,0.45,0.37,0.14,0.04,,,,,
1113,4558848,2866,16982.337647765424,10634.272357112905,3.71,1919.64,-0.010504692988433817,12437.03589323163,1.0959591958671808,7.76817152e-05,0.9078811,2.19,0.46,0.37,0.14,0.03,,,,,
1114,4562944,2867,17127.022761989087,10736.507526278569,3.74,1929.94,-0.017882516141980886,2161.8972113132477,1.0249201143160462,7.76616448e-05,0.9407958,2.21,0.45,0.38,0.14,0.03,,,,,
1115,4567040,2868,17523.63972150267,10972.623491510782,3.77,1960.27,-0.016058151165452728,3005.940449386835,1.033918710774742,7.76415744e-05,0.96638274,2.21,0.45,0.38,0.14,0.03,,,,,
1116,4571136,2869,17649.530322754992,11051.718857887872,3.78,1975.17,-0.019031707829526567,1699.7219855934381,1.0630901218391955,7.7621504e-05,0.9278544,2.21,0.45,0.38,0.14,0.03,,,,,
1117,4575232,2871,17652.87513836563,11066.954869483367,3.77,1978.81,-0.018525424722611206,3284.5099972337484,1.0307338350685313,7.76014336e-05,0.92679,2.2,0.44,0.4,0.13,0.03,,,,,
1118,4579328,2874,17886.11203382667,11226.07489209057,3.77,1989.48,-0.01125879378287209,30963.038862884045,1.074302374268882,7.75813632e-05,0.9422804,2.19,0.44,0.4,0.13,0.03,,,,,
1119,4583424,2875,18201.68478971896,11424.364771884437,3.8,2010.04,-0.016344115142601368,3974.127781867981,1.0308548142202199,7.756129280000001e-05,0.9468018,2.2,0.43,0.41,0.13,0.03,,,,,
1120,4587520,2877,18125.58711081594,11374.635136481467,3.77,2006.92,-0.020376274345835554,1201.6035000383854,1.0125738295027986,7.754122240000001e-05,0.9373113,2.18,0.44,0.4,0.13,0.03,,,,,
1121,4591616,2878,18195.030400179265,11418.984699960009,3.78,2013.14,-0.011888280108905747,14656.568005532026,1.0451350706862286,7.752115200000001e-05,0.9404527,2.18,0.44,0.4,0.13,0.03,,,,,
1122,4595712,2881,18203.69970354126,11451.555312308956,3.75,2009.99,-0.01530801745775534,2202.8517965972424,1.1372658130712807,7.750108160000001e-05,0.7925488,2.16,0.44,0.4,0.13,0.03,,,,,
1123,4599808,2886,18091.13277652486,11385.356406177421,3.82,1990.89,-0.01341599914485414,5335.794570252299,1.0657848443370312,7.74810112e-05,0.8548889,2.25,0.42,0.39,0.16,0.03,,,,,
1124,4603904,2887,17994.609609781615,11312.140046160499,3.81,1979.89,-0.01698183297048672,1831.6035345643759,1.0279257466318086,7.74609408e-05,0.95126414,2.25,0.42,0.39,0.16,0.03,,,,,
1125,4608000,2891,17904.12017320625,11279.573504605949,3.88,1958.5,-0.018424659227093798,2517.868692174554,1.021141299745068,7.74408704e-05,0.93397725,2.35,0.39,0.4,0.17,0.04,16663.95328131649,10518.515675639575,4.333333333333333,1732.8,0.0
1126,4612096,2893,17790.33301042079,11200.119946161167,3.85,1957.63,-0.017511205829578103,2252.4544134885073,1.1132274178089574,7.74208e-05,0.8149321,2.31,0.41,0.39,0.16,0.04,,,,,
1127,4616192,2894,17878.46364015165,11251.28639465435,3.86,1964.93,-0.013022649505728623,3092.0955991595984,1.0582644393434748,7.74007296e-05,0.9253251,2.31,0.41,0.39,0.16,0.04,,,,,
1128,4620288,2896,18348.397607804804,11551.797142069481,3.9,1994.32,-0.016808267329906812,10651.046751409769,0.971220302162692,7.73806592e-05,0.95651245,2.32,0.41,0.39,0.16,0.04,,,,,
1129,4624384,2897,18556.60234191774,11670.62080778836,3.88,2016.79,-0.01949548840730131,1512.8555387109518,1.096426185918972,7.73605888e-05,0.9673541,2.28,0.41,0.4,0.16,0.03,,,,,
1130,4628480,2899,18621.046178569653,11695.420422549936,3.86,2025.4,-0.01706945987916697,2295.9523951262236,1.1015990079613402,7.73405184e-05,0.95312595,2.25,0.41,0.41,0.15,0.03,,,,,
1131,4632576,2902,18402.71420879393,11543.71692127103,3.83,2001.09,-0.01920526829053415,1776.7380351126194,1.05510678794235,7.7320448e-05,0.9366567,2.24,0.41,0.41,0.15,0.03,,,,,
1132,4636672,2904,18410.510921624536,11553.648174580072,3.84,2001.71,-0.01691413763728633,1976.1476152837276,1.078954569529742,7.73003776e-05,0.9186806,2.25,0.41,0.41,0.15,0.03,,,,,
1133,4640768,2906,18395.92376299546,11543.960634496869,3.84,2000.87,-0.012740000830490317,3271.9444897174835,1.0757542687933892,7.72803072e-05,0.64500445,2.25,0.41,0.41,0.15,0.03,,,,,
1134,4644864,2909,18386.036919211198,11526.15933378302,3.82,1999.96,-0.023916365182230948,830.1168483421206,1.139246897539124,7.72602368e-05,0.9139532,2.23,0.42,0.4,0.15,0.03,,,,,
1135,4648960,2910,18262.56346410982,11448.240278331716,3.81,1989.06,-0.01954123475115921,1935.1065298169851,1.0913473514374346,7.72401664e-05,0.901176,2.23,0.42,0.4,0.15,0.03,,,,,
1136,4653056,2914,17795.333120537005,11146.252368061523,3.76,1948.88,-0.021084696413709025,806.9335475564003,1.040505572105758,7.7220096e-05,0.76949596,2.22,0.43,0.39,0.15,0.03,,,,,
1137,4657152,2916,17981.099008011246,11264.674379863898,3.76,1973.19,-0.021889382358494913,1393.4782115966082,1.0895230869064108,7.72000256e-05,0.90502566,2.19,0.45,0.37,0.15,0.03,,,,,
1138,4661248,2917,18101.35393143735,11343.967820894612,3.76,1987.67,-0.017383388211783313,2015.3402295261621,1.0121744615025818,7.71799552e-05,0.90252143,2.17,0.46,0.36,0.15,0.03,,,,,
1139,4665344,2918,18526.818961689805,11616.692154601955,3.77,2026.03,-0.01048437272584124,4335.348547101021,1.030130697065033,7.71598848e-05,0.9532122,2.14,0.47,0.36,0.14,0.03,,,,,
1140,4669440,2920,18756.316802531754,11756.89449157733,3.79,2049.15,-0.020490350985710393,1499.5885244756937,1.0501404902897775,7.71398144e-05,0.8989799,2.13,0.48,0.35,0.14,0.03,,,,,
1141,4673536,2923,18483.586559459363,11599.239242067784,3.77,2022.63,-0.020084119644707243,1296.147903650999,1.0480682298075408,7.7119744e-05,0.9328781,2.14,0.47,0.36,0.14,0.03,,,,,
1142,4677632,2925,18517.152116067078,11606.144274874534,3.75,2029.89,-0.015946992344652244,3174.559519022703,1.041464370675385,7.70996736e-05,0.8513651,2.11,0.48,0.36,0.13,0.03,,,,,
1143,4681728,2927,18437.940402129174,11557.543886717374,3.76,2016.89,-0.01974936083661305,674.9385280460119,1.0167821326758713,7.70796032e-05,0.9306002,2.13,0.47,0.37,0.13,0.03,,,,,
1144,4685824,2929,18755.684482551253,11756.680787670606,3.77,2044.26,-0.0143118715232049,3331.8756500184536,1.0845323154935613,7.705953280000001e-05,0.9143452,2.11,0.47,0.38,0.12,0.03,,,,,
1145,4689920,2931,18570.18913131985,11624.550514149632,3.74,2034.16,-0.01923972972053889,1201.8548188656569,1.0297498910222203,7.703946240000001e-05,0.95347047,2.09,0.49,0.36,0.12,0.03,,,,,
1146,4694016,2932,18656.44222524236,11674.770135059913,3.73,2040.66,-0.01816667183629761,1439.3593536615372,1.0072378170443699,7.701939200000001e-05,0.9535512,2.07,0.49,0.37,0.11,0.03,,,,,
1147,4698112,2933,18983.086527646672,11881.012102828134,3.76,2068.05,-0.015496756225729769,2122.8600244373083,1.0314846360124648,7.699932160000001e-05,0.94037074,2.07,0.49,0.37,0.11,0.03,,,,,
1148,4702208,2936,18832.54395213238,11792.660465115223,3.75,2052.23,-0.013632991066515388,3862.045058697462,1.0935974958119914,7.69792512e-05,0.92278403,2.08,0.48,0.38,0.11,0.03,,,,,
1149,4706304,2938,18909.006984911157,11854.452967385692,3.75,2056.97,-0.012982610505787306,4164.098670512438,1.0396773718530312,7.69591808e-05,0.9512791,2.07,0.47,0.4,0.1,0.03,,,,,
1150,4710400,2941,18885.441433900083,11826.798319354131,3.76,2040.36,-0.012184870935016079,8403.102867633104,1.0009168005781248,7.69391104e-05,0.9551201,2.1,0.47,0.39,0.11,0.03,13553.703989890928,8545.42473763289,4.1,1519.4,0.0
1151,4714496,2943,18436.32545608045,11540.526173943992,3.72,2004.42,-0.019610718351941614,804.225420832634,1.0088629468809813,7.691904e-05,0.94214123,2.1,0.46,0.4,0.11,0.03,,,,,
1152,4718592,2945,18411.205397822032,11507.708089452086,3.72,2001.12,-0.017611033508728724,1527.34547996521,1.140240096137859,7.68989696e-05,0.80506897,2.1,0.46,0.4,0.11,0.03,,,,,
1153,4722688,2949,18270.449201691245,11429.842641277453,3.71,1994.23,-0.016082837984868092,2501.53323020041,1.1010976589750499,7.68788992e-05,0.84566766,2.09,0.48,0.37,0.12,0.03,,,,,
1154,4726784,2951,18008.380964643453,11267.761443884012,3.68,1977.8,-0.022218365031221765,1406.0333627015352,1.0307748884661123,7.68588288e-05,0.9271897,2.08,0.48,0.37,0.12,0.03,,,,,
1155,4730880,2954,17844.91444125006,11166.540085790322,3.7,1963.17,-0.02047893963572278,2390.093554660678,1.0478078965097666,7.68387584e-05,0.87777126,2.12,0.47,0.37,0.13,0.03,,,,,
1156,4734976,2956,17817.651854311833,11153.250199447111,3.69,1957.25,-0.01061366762041871,7972.659071534872,0.9613431794568896,7.6818688e-05,0.9257219,2.12,0.46,0.39,0.12,0.03,,,,,
1157,4739072,2958,18009.906086970906,11258.833388222665,3.73,1966.05,-0.016622430603092653,1398.9418767243624,1.02306570392102,7.67986176e-05,0.920804,2.16,0.45,0.39,0.12,0.04,,,,,
1158,4743168,2960,17939.932645230412,11217.04639278666,3.68,1966.6,-0.023308249406909454,1719.0671225637197,1.0451009691460058,7.67785472e-05,0.87852734,2.11,0.46,0.39,0.12,0.03,,,,,
1159,4747264,2963,17808.929509881025,11148.976913315171,3.67,1955.38,-0.018196418448496843,1899.889466315508,1.017961427452974,7.675847680000001e-05,0.91600966,2.12,0.46,0.39,0.12,0.03,,,,,
1160,4751360,2966,17328.914507279656,10842.877593973524,3.64,1915.91,-0.017885652208860847,2012.3281354233623,1.0053480127826333,7.67384064e-05,0.95738125,2.13,0.46,0.39,0.12,0.03,,,,,
1161,4755456,2969,16721.83981284341,10463.539786599342,3.62,1863.46,-0.015859834355069324,3005.147197380662,1.0285541709745303,7.6718336e-05,0.7861514,2.16,0.46,0.38,0.12,0.04,,,,,
1162,4759552,2971,16617.938089964144,10388.992152023326,3.64,1853.66,-0.015599103120621294,2596.740452542901,1.0113721704110503,7.66982656e-05,0.9270589,2.19,0.47,0.36,0.12,0.05,,,,,
1163,4763648,2974,16342.08371101744,10202.298059295117,3.59,1845.33,-0.01975276987104735,2027.2460530251265,1.054357060813345,7.66781952e-05,0.9051086,2.14,0.48,0.36,0.11,0.05,,,,,
1164,4767744,2976,16184.599759623756,10099.581439447773,3.59,1835.99,-0.017676192217550124,1932.7685302048922,1.0196339424001053,7.66581248e-05,0.9334588,2.15,0.47,0.37,0.11,0.05,,,,,
1165,4771840,2978,16156.583975066704,10078.37214494295,3.58,1836.02,-0.02139669302596303,977.0790260434151,1.0407744642579928,7.66380544e-05,0.94396514,2.14,0.48,0.36,0.11,0.05,,,,,
1166,4775936,2979,15920.2612715783,9921.313003813011,3.55,1825.16,-0.015429169259732589,1895.2805272340775,0.9996913406066597,7.6617984e-05,0.953584,2.12,0.48,0.37,0.1,0.05,,,,,
1167,4780032,2981,16237.101105158708,10129.64677596206,3.61,1845.23,-0.010616427733111777,6590.972721964121,1.0105191834736615,7.65979136e-05,0.875003,2.15,0.47,0.38,0.1,0.05,,,,,
1168,4784128,2983,16392.288804798838,10222.142253117298,3.61,1855.74,-0.014597270023841702,2747.559457808733,1.0712303526233882,7.65778432e-05,0.912875,2.13,0.47,0.39,0.09,0.05,,,,,
1169,4788224,2984,16455.69356264045,10257.596456599764,3.6,1862.65,-0.01663457841368654,939.0454619824886,0.9979858399601653,7.65577728e-05,0.961944,2.11,0.47,0.4,0.08,0.05,,,,,
1170,4792320,2989,16499.342302973386,10266.861665024788,3.49,1871.87,-0.014622607111959951,2270.2567749917507,1.0722870065364987,7.653770240000001e-05,0.88630784,1.99,0.47,0.44,0.06,0.03,,,,,
1171,4796416,2994,16168.596941580656,10081.163876333012,3.49,1838.02,-0.02225053660913545,1554.4561661928892,1.081055173301138,7.651763200000001e-05,0.8617916,2.03,0.47,0.42,0.08,0.03,,,,,
1172,4800512,2995,15760.091665272857,9824.86598411459,3.47,1807.99,-0.020993106562855246,1824.050386428833,1.022779529565014,7.649756160000001e-05,0.94466805,2.04,0.46,0.43,0.08,0.03,,,,,
1173,4804608,2996,16131.65024576027,10054.018563751975,3.49,1842.29,-0.015211775995339849,2816.9130477160215,0.9804353476502001,7.64774912e-05,0.90807885,2.02,0.47,0.42,0.08,0.03,,,,,
1174,4808704,2997,15848.40120613629,9882.198101508775,3.46,1821.12,-0.011719861387064157,3844.7556281089783,0.948746788664721,7.64574208e-05,0.96425396,2.01,0.48,0.41,0.08,0.03,,,,,
1175,4812800,3002,15747.11910249814,9836.13208383222,3.47,1810.3,-0.019163361430400982,2969.0477205216885,1.0491415261058137,7.64373504e-05,0.77771133,2.04,0.47,0.42,0.08,0.03,14472.90038052459,9133.955060073467,4.1,1570.5,0.0
1176,4816896,3007,15324.720137151504,9590.037878270707,3.49,1759.56,-0.018441162816998258,4705.663631588221,1.0305187890771776,7.641728e-05,0.895898,2.11,0.45,0.43,0.09,0.03,,,,,
1177,4820992,3008,15408.596659436196,9641.798241866667,3.5,1766.83,-0.021945466069155373,1711.1923092007637,1.0847327484516427,7.63972096e-05,0.94272697,2.11,0.45,0.43,0.09,0.03,,,,,
1178,4825088,3011,15286.452810998939,9603.483638072663,3.52,1747.73,-0.01925546885104268,2927.806389093399,1.0495377532206476,7.63771392e-05,0.8852056,2.15,0.42,0.46,0.09,0.03,,,,,
1179,4829184,3015,15304.882628270958,9617.828877073543,3.53,1742.59,-0.017700282079204044,1532.6744392067194,1.0706363029312342,7.63570688e-05,0.92612684,2.17,0.39,0.49,0.09,0.03,,,,,
1180,4833280,3016,15553.417755630206,9777.771707425323,3.55,1762.32,-0.014783876571982546,3056.479463607073,1.0417204409604892,7.63369984e-05,0.90093,2.17,0.39,0.49,0.09,0.03,,,,,
1181,4837376,3020,14736.153682200365,9260.547690872845,3.52,1685.53,-0.016463884647237137,2026.382760092616,1.0545577498851344,7.6316928e-05,0.8539345,2.22,0.37,0.5,0.1,0.03,,,,,
1182,4841472,3022,15003.437048410715,9432.211555315158,3.54,1702.79,-0.014048512951376324,4107.376319527626,1.0485244723968208,7.62968576e-05,0.93769664,2.22,0.37,0.5,0.1,0.03,,,,,
1183,4845568,3023,15099.898683972648,9494.390882878553,3.54,1716.39,-0.01671148338027706,1701.459459900856,0.9950960134156048,7.62767872e-05,0.8158717,2.21,0.38,0.49,0.1,0.03,,,,,
1184,4849664,3024,15326.024689038166,9630.780057279624,3.56,1733.31,-0.011126100649562431,2243.069225549698,1.015265678288415,7.62567168e-05,0.9390586,2.21,0.38,0.49,0.1,0.03,,,,,
1185,4853760,3026,15381.114786589736,9655.886017649611,3.55,1741.25,-0.018386961154646997,1702.2333056777716,1.0106771918945014,7.62366464e-05,0.90136725,2.19,0.39,0.48,0.1,0.03,,,,,
1186,4857856,3029,15283.439220422273,9593.226240173128,3.55,1730.58,-0.01915972858932946,2187.1605478823185,1.0509187859715894,7.6216576e-05,0.9185371,2.2,0.37,0.5,0.1,0.03,,,,,
1187,4861952,3031,15252.957001839466,9566.961500841415,3.55,1727.45,-0.020538279824904748,831.8042530417442,1.0715959963854402,7.61965056e-05,0.9377419,2.2,0.37,0.5,0.1,0.03,,,,,
1188,4866048,3034,14504.35219765574,9093.425547808727,3.51,1666.56,-0.015331720876929467,1819.4879088252783,1.0923299907008186,7.61764352e-05,0.84824574,2.22,0.37,0.49,0.11,0.03,,,,,
1189,4870144,3035,14875.537218505626,9311.619466695778,3.53,1699.38,-0.015591444033816515,2550.017084121704,1.0370937347179279,7.61563648e-05,0.96004075,2.2,0.38,0.48,0.11,0.03,,,,,
1190,4874240,3038,14757.607447537408,9240.697857625839,3.52,1693.47,-0.022775181933866406,1194.9081617742777,1.0765722945798188,7.61362944e-05,0.8533445,2.2,0.39,0.46,0.12,0.03,,,,,
1191,4878336,3041,14438.662205211953,9061.860781669404,3.5,1676.26,-0.01724115745491872,1416.266974106431,1.0508296792395413,7.6116224e-05,0.93552184,2.2,0.38,0.48,0.11,0.03,,,,,
1192,4882432,3043,14535.393975403498,9125.589297931823,3.5,1690.26,-0.012521588097115455,2960.335082516074,1.0180625197244808,7.60961536e-05,0.75453174,2.19,0.39,0.47,0.11,0.03,,,,,
1193,4886528,3044,14725.55063392385,9249.289536398312,3.53,1696.79,-0.010392112978479418,4609.83032476902,0.9720844550756738,7.60760832e-05,0.949675,2.21,0.38,0.48,0.11,0.03,,,,,
1194,4890624,3047,14530.95138257708,9126.416064489775,3.54,1677.98,-0.019348663265191135,1621.6838259249926,1.0678779140580446,7.605601280000001e-05,0.87335235,2.25,0.38,0.47,0.11,0.04,,,,,
1195,4894720,3051,14607.375281347635,9183.057394858328,3.58,1682.71,-0.008898764333935105,4602.223655372858,1.019097231561318,7.603594240000001e-05,0.74094915,2.29,0.37,0.47,0.12,0.04,,,,,
1196,4898816,3054,14544.66146177431,9150.688347065958,3.54,1678.67,-0.021908424711000407,2347.0160389244556,1.05642429983709,7.601587200000001e-05,0.85347646,2.25,0.37,0.48,0.11,0.04,,,,,
1197,4902912,3056,14391.381181264465,9061.362748947135,3.54,1669.98,-0.019188077823855565,1040.5937893241644,1.0179944953415543,7.599580160000001e-05,0.89422196,2.26,0.38,0.46,0.11,0.05,,,,,
1198,4907008,3058,14492.865321048816,9119.454479823886,3.51,1686.04,-0.010961138943457627,3136.887897863984,0.9950196123681962,7.59757312e-05,0.9244209,2.21,0.39,0.46,0.11,0.04,,,,,
1199,4911104,3060,14513.078698028652,9140.32067858757,3.57,1677.57,-0.016263806361166644,3013.457347854972,0.9982708028983325,7.59556608e-05,0.9402064,2.28,0.37,0.47,0.11,0.05,,,,,
1200,4915200,3062,14664.621432267311,9248.26958222423,3.62,1681.73,-0.012450905010155111,9008.184290230274,0.9710458660265431,7.59355904e-05,0.9289532,2.32,0.36,0.47,0.11,0.06,15077.9591563726,9442.92805008332,4.166666666666667,1589.0333333333333,0.0
1201,4919296,3063,15004.767455429886,9452.14849939595,3.65,1709.16,-0.0139825174373982,1899.6141168028116,1.047346590901725,7.591552e-05,0.9439548,2.32,0.36,0.47,0.11,0.06,,,,,
1202,4923392,3064,15259.895949455087,9614.067172746387,3.67,1730.34,-0.014824766167294001,2143.1107670664787,1.025676908902824,7.58954496e-05,0.9510068,2.32,0.36,0.47,0.11,0.06,,,,,
1203,4927488,3065,15663.97880583579,9852.767190904508,3.67,1767.67,-0.014951044140616432,2372.0233618468046,0.9515699034091085,7.58753792e-05,0.98357224,2.28,0.37,0.47,0.1,0.06,,,,,
1204,4931584,3068,15682.465209280674,9863.303496826999,3.66,1771.89,-0.01703443689893902,3399.3721062988043,1.0555196239147335,7.58553088e-05,0.7251594,2.26,0.38,0.46,0.1,0.06,,,,,
1205,4935680,3070,15806.441765277988,9942.375342388435,3.64,1785.63,-0.017107383791881148,945.3715187311172,0.9902068866649643,7.58352384e-05,0.9550927,2.23,0.38,0.47,0.1,0.05,,,,,
1206,4939776,3071,15858.49568189434,9959.73469545041,3.65,1782.66,-0.01592926025205088,1449.631031408906,0.9956249432871118,7.5815168e-05,0.96479356,2.24,0.37,0.48,0.1,0.05,,,,,
1207,4943872,3073,16009.854832823406,10040.171244162275,3.63,1802.66,-0.01787130817047,708.9990080296993,1.06727342994418,7.57950976e-05,0.9556388,2.2,0.39,0.47,0.09,0.05,,,,,
1208,4947968,3075,16303.89647240218,10224.42125253892,3.66,1827.16,-0.015345435867857304,1373.6652796119452,1.0599734809948131,7.57750272e-05,0.949558,2.2,0.39,0.47,0.09,0.05,,,,,
1209,4952064,3077,16042.645772893717,10048.286522368177,3.64,1800.67,-0.018463148468072177,1008.8262634277344,1.0843134589958936,7.575495680000001e-05,0.93760794,2.2,0.39,0.47,0.09,0.05,,,,,
1210,4956160,3079,16181.326821481884,10129.553786945016,3.65,1813.06,-0.014386379050847609,1666.8839914798737,1.0817410512827337,7.573488640000001e-05,0.90800714,2.19,0.4,0.46,0.09,0.05,,,,,
1211,4960256,3081,16044.476665952116,10011.530739108952,3.64,1800.88,-0.01861030041345657,1358.9036145061255,0.9711222969926894,7.5714816e-05,0.9680139,2.2,0.4,0.45,0.1,0.05,,,,,
1212,4964352,3082,15999.573459487036,9984.905832823722,3.64,1795.79,-0.01402294605577481,1909.1469071358442,1.0420606082770973,7.56947456e-05,0.954392,2.21,0.39,0.46,0.1,0.05,,,,,
1213,4968448,3087,15703.471695608108,9843.41950048351,3.67,1773.85,-0.015409226318297442,3210.5303106456995,1.019931298098527,7.56746752e-05,0.891454,2.27,0.39,0.44,0.12,0.05,,,,,
1214,4972544,3089,15969.569007413817,10015.928040946337,3.68,1803.24,-0.020260040862922324,1485.2549088597298,1.0265544812427834,7.56546048e-05,0.9128392,2.24,0.41,0.42,0.12,0.05,,,,,
1215,4976640,3091,16202.069883966438,10147.225936769219,3.69,1823.72,-0.013332920981156349,1878.9397616684437,1.0565632099751383,7.56345344e-05,0.92118376,2.22,0.41,0.43,0.11,0.05,,,,,
1216,4980736,3093,16484.075190204265,10321.615127379475,3.7,1851.04,-0.013996811387187336,4368.6545568704605,1.053426786325872,7.5614464e-05,0.9236381,2.2,0.42,0.42,0.11,0.05,,,,,
1217,4984832,3095,16286.080631372659,10204.009920450333,3.68,1836.84,-0.01780456624146609,2422.6717584729195,1.0705881324829534,7.55943936e-05,0.8981851,2.2,0.42,0.42,0.11,0.05,,,,,
1218,4988928,3098,15555.928172259051,9755.96548933554,3.64,1775.02,-0.02070400224693003,991.1399553865194,1.0778995744185522,7.55743232e-05,0.8879359,2.23,0.41,0.43,0.11,0.05,,,,,
1219,4993024,3102,15600.67037972722,9791.826718159831,3.67,1779.48,-0.015602170293277595,4145.88141271472,1.0616304749855772,7.55542528e-05,0.86726797,2.25,0.42,0.4,0.13,0.05,,,,,
1220,4997120,3106,15758.783616609813,9856.359621880534,3.62,1799.28,-0.019891848822226166,1432.7116004377604,1.0574618607060984,7.553418240000001e-05,0.8769378,2.18,0.44,0.39,0.12,0.05,,,,,
1221,5001216,3108,15845.336899634774,9897.827368683098,3.62,1806.5,-0.020109967828830122,1547.202996596694,1.1072160819312558,7.551411200000001e-05,0.9216103,2.17,0.44,0.39,0.12,0.05,,,,,
1222,5005312,3110,16017.066776226926,9986.631660100507,3.63,1819.31,-0.019292860404675594,1803.3096741139889,1.0475689971353859,7.549404160000001e-05,0.95595145,2.17,0.45,0.38,0.12,0.05,,,,,
1223,5009408,3112,16001.248075206058,9979.03503189497,3.64,1817.68,-0.01998960140736017,1565.2338462620974,1.0569274389417842,7.54739712e-05,0.9366189,2.18,0.45,0.37,0.13,0.05,,,,,
1224,5013504,3114,16174.189768867858,10078.36615478922,3.68,1830.67,-0.011301185615593567,3400.129035741091,1.0608562257839367,7.54539008e-05,0.9161473,2.2,0.45,0.36,0.14,0.05,,,,,
1225,5017600,3115,16589.74777024461,10344.53410752635,3.71,1865.17,-0.014203770335370791,7431.3953551054,1.0160838072188199,7.54338304e-05,0.95002747,2.19,0.46,0.35,0.14,0.05,11353.325506733878,7088.929089322102,3.8666666666666667,1293.1333333333334,0.0
1226,5021696,3118,16755.51854713343,10464.153233752566,3.78,1858.66,-0.0123009184771945,29021.385540813208,0.996410436113365,7.541376e-05,0.9195033,2.27,0.44,0.35,0.16,0.05,,,,,
1227,5025792,3120,16817.12795041754,10500.98660760303,3.75,1867.57,-0.01765811182121979,1955.9166473299265,1.0887332312995568,7.53936896e-05,0.8074572,2.23,0.45,0.35,0.15,0.05,,,,,
1228,5029888,3121,16527.53195731779,10308.774788820938,3.71,1852.09,-0.014620803634898039,3938.072951808572,1.0422191355610266,7.53736192e-05,0.95271534,2.21,0.46,0.34,0.15,0.05,,,,,
1229,5033984,3125,16427.269814138424,10251.584254663756,3.73,1832.51,-0.019036923191379174,1750.086583867669,1.0785845491336659,7.53535488e-05,0.9578759,2.25,0.44,0.36,0.15,0.05,,,,,
1230,5038080,3126,16424.35347850931,10256.587434374227,3.73,1834.64,-0.02094606135688082,816.4471267461777,1.0732976434519514,7.53334784e-05,0.93172365,2.25,0.44,0.36,0.15,0.05,,,,,
1231,5042176,3129,16495.098235146386,10292.238119604159,3.71,1846.16,-0.01332868487406813,6191.764609992504,1.1151330150896683,7.5313408e-05,0.7429348,2.22,0.47,0.33,0.15,0.05,,,,,
1232,5046272,3130,16412.856406939296,10239.103147787495,3.7,1837.26,-0.01366598006188724,3244.074834406376,1.0728014714550227,7.52933376e-05,0.8106559,2.22,0.47,0.33,0.15,0.05,,,,,
1233,5050368,3131,16511.627187141963,10302.665900244616,3.71,1845.87,-0.012277339339561877,2579.0655094981194,1.0017296811565757,7.52732672e-05,0.94970644,2.22,0.47,0.33,0.15,0.05,,,,,
1234,5054464,3132,16743.212708670668,10454.443596772697,3.73,1863.65,-0.012050426566929673,5051.081492364407,1.0200763700995594,7.525319680000001e-05,0.8628132,2.22,0.47,0.33,0.15,0.05,,,,,
1235,5058560,3134,17360.68046273816,10816.893627165226,3.74,1922.79,-0.016977665914964746,1744.203208386898,1.0257688760757446,7.523312640000001e-05,0.9107871,2.17,0.49,0.32,0.14,0.05,,,,,
1236,5062656,3136,17092.944531796264,10669.721589569077,3.75,1900.87,-0.012459050787583692,2059.9673293083906,1.0561064303619787,7.5213056e-05,0.6972071,2.21,0.48,0.32,0.15,0.05,,,,,
1237,5066752,3138,17328.632219701947,10810.061271024251,3.75,1923.3,-0.02018134482386813,3053.4370687901974,1.0679410580778494,7.51929856e-05,0.90127057,2.18,0.49,0.32,0.14,0.05,,,,,
1238,5070848,3140,17498.78280544376,10906.864929049148,3.76,1935.0,-0.015034653274597076,3072.484909057617,1.0632301332661882,7.51729152e-05,0.9451714,2.17,0.49,0.32,0.14,0.05,,,,,
1239,5074944,3143,17497.94538464288,10898.799844061083,3.77,1924.48,-0.016726569750971976,2110.668122291565,0.9900792588014156,7.51528448e-05,0.9500302,2.19,0.49,0.31,0.15,0.05,,,,,
1240,5079040,3147,17148.925340859623,10688.912260867697,3.7,1904.81,-0.016745317717322905,2083.0266148000956,0.9941330293659121,7.51327744e-05,0.42889237,2.15,0.5,0.31,0.15,0.04,,,,,
1241,5083136,3148,17008.023057516355,10594.584284997214,3.71,1885.14,-0.013183563856728142,3367.7062468379736,0.9856841763248667,7.5112704e-05,0.9175971,2.18,0.49,0.31,0.16,0.04,,,,,
1242,5087232,3151,17374.207808628908,10818.078447880558,3.68,1922.8,-0.015292786734789843,2001.8852424919605,1.0761379232862964,7.50926336e-05,0.92945284,2.1,0.51,0.31,0.14,0.04,,,,,
1243,5091328,3152,17584.24851444046,10929.127519067242,3.69,1942.55,-0.017292596739935107,1649.7569778114557,1.014405980356969,7.50725632e-05,0.94146526,2.09,0.52,0.3,0.14,0.04,,,,,
1244,5095424,3156,17638.710015403238,10968.298255811793,3.67,1944.73,-0.01947721321175777,1579.7751974612474,1.142106150276959,7.50524928e-05,0.9284916,2.07,0.51,0.32,0.14,0.03,,,,,
1245,5099520,3158,17449.709481243313,10846.152853483083,3.65,1930.87,-0.018379535279109405,1910.3901322484016,1.020946009317413,7.503242240000001e-05,0.8551394,2.07,0.51,0.32,0.14,0.03,,,,,
1246,5103616,3159,17586.34502730071,10917.795291835298,3.65,1942.79,-0.014438322587920993,6137.537939161062,1.0107735630590469,7.501235200000001e-05,0.91171694,2.05,0.52,0.31,0.14,0.03,,,,,
1247,5107712,3161,17360.44909025545,10789.973658813185,3.62,1924.24,-0.015737986262138293,4163.53123369813,1.0506921241758391,7.499228160000001e-05,0.91695243,2.04,0.52,0.31,0.15,0.02,,,,,
1248,5111808,3163,17492.254381314586,10863.986493865334,3.6,1938.88,-0.011525509271450574,4324.443397700787,0.9923401147825643,7.497221120000001e-05,0.9575848,2.01,0.52,0.32,0.15,0.01,,,,,
1249,5115904,3165,16952.22767291585,10555.332748661265,3.58,1892.06,-0.019393762018808047,1544.2909472584724,1.0332615229999647,7.49521408e-05,0.95102704,2.04,0.5,0.34,0.15,0.01,,,,,
1250,5120000,3167,16883.91039377595,10511.667731560674,3.58,1882.4,-0.02686906440067105,1556.1150369495153,1.0116182568017393,7.49320704e-05,0.88747704,2.05,0.49,0.35,0.15,0.01,16201.390056649258,10275.39209993864,4.3,1708.7666666666667,0.0
1251,5124096,3168,17203.335731035437,10704.222771335844,3.57,1909.03,-0.01302246894556447,2865.7540774047375,0.991894947597757,7.4912e-05,0.9546769,2.01,0.49,0.36,0.15,0.0,,,,,
1252,5128192,3169,17252.338453356973,10746.638158304198,3.58,1910.13,-0.014374197056895355,4769.9474386274815,0.9770291257882491,7.48919296e-05,0.9608092,2.02,0.48,0.37,0.15,0.0,,,,,
1253,5132288,3170,17770.674538548934,11085.727071603036,3.62,1947.03,-0.010794243466079934,8278.550740659237,1.0146165002370253,7.48718592e-05,0.9083316,2.02,0.48,0.37,0.15,0.0,,,,,
1254,5136384,3171,17853.19695543877,11132.90046558454,3.62,1957.45,-0.01438210098831405,1708.6829566508532,0.9578623726265505,7.48517888e-05,0.9616558,2.01,0.49,0.36,0.15,0.0,,,,,
1255,5140480,3174,17973.32763830713,11219.568651724241,3.66,1961.38,-0.015167046886745084,1580.8044393956661,1.0440466881264001,7.48317184e-05,0.9607313,2.05,0.47,0.37,0.16,0.0,,,,,
1256,5144576,3177,17545.628780510793,10968.988035918286,3.69,1922.36,-0.01528830143797677,2271.403950855136,0.9815964518347755,7.4811648e-05,0.93484837,2.13,0.46,0.36,0.17,0.01,,,,,
1257,5148672,3179,17567.449703717066,10992.449045980455,3.7,1920.67,-0.01327223113639775,2133.8205404132605,1.0881546358577907,7.47915776e-05,0.9307195,2.14,0.45,0.37,0.17,0.01,,,,,
1258,5152768,3181,17530.89537656795,10978.178582821056,3.67,1923.26,-0.017671675246674567,1559.608135342598,1.0462819283129647,7.47715072e-05,0.9574558,2.1,0.46,0.37,0.16,0.01,,,,,
1259,5156864,3182,17516.146726929663,10968.873964774275,3.67,1920.59,-0.011607629473473935,3059.810117393732,1.0070628381799906,7.47514368e-05,0.944712,2.1,0.46,0.37,0.16,0.01,,,,,
1260,5160960,3184,17722.456968740065,11091.971511662132,3.67,1939.57,-0.017882388021462248,2207.3052143752575,1.0517535620601848,7.473136640000001e-05,0.90656537,2.08,0.47,0.36,0.16,0.01,,,,,
1261,5165056,3186,17976.138961006774,11248.561498595413,3.65,1970.27,-0.015231551995384507,2278.1294896900654,1.0571753708645701,7.4711296e-05,0.8395572,2.03,0.49,0.35,0.15,0.01,,,,,
1262,5169152,3188,18043.734085620068,11276.631295643654,3.64,1976.62,-0.012930341089941066,1804.3032120466232,0.9841081332415342,7.46912256e-05,0.8917782,2.02,0.49,0.36,0.14,0.01,,,,,
1263,5173248,3191,18057.991591216043,11294.7653585342,3.71,1969.47,-0.014106012554293557,2645.0829301029444,0.9807339841499925,7.46711552e-05,0.9284193,2.1,0.47,0.36,0.15,0.02,,,,,
1264,5177344,3194,17946.037624863773,11223.325474654599,3.7,1961.53,-0.00968244719570066,4998.974392846227,1.0885090676601976,7.46510848e-05,0.73330265,2.1,0.47,0.36,0.15,0.02,,,,,
1265,5181440,3195,17957.898540381793,11223.19415754409,3.7,1962.44,-0.024053444702076376,869.4708306491375,1.076977014541626,7.46310144e-05,0.93527865,2.1,0.47,0.36,0.15,0.02,,,,,
1266,5185536,3196,18111.212696470913,11313.51923922922,3.7,1980.31,-0.011354810390002967,5415.396865904331,0.9502859978238121,7.4610944e-05,0.91177464,2.08,0.48,0.35,0.15,0.02,,,,,
1267,5189632,3199,18547.828591220266,11596.970215466134,3.8,1993.27,-0.010861593462323071,28755.628498196602,0.9836833612062037,7.45908736e-05,0.8923165,2.17,0.46,0.34,0.17,0.03,,,,,
1268,5193728,3201,18886.08861827594,11789.2922343429,3.77,2029.02,-0.019825760022285976,1616.775344401598,1.037138094427064,7.457080320000001e-05,0.9267443,2.1,0.48,0.34,0.15,0.03,,,,,
1269,5197824,3204,18884.84172482596,11796.406944259994,3.79,2032.6,-0.017979488616219896,2617.0594449937344,1.032862811931409,7.455073280000001e-05,0.9080916,2.11,0.48,0.34,0.15,0.03,,,,,
1270,5201920,3207,18870.063709545328,11795.743902332191,3.81,2029.38,-0.013325706021532824,2352.4803844690323,1.069395410711877,7.453066240000001e-05,0.8365642,2.14,0.47,0.34,0.16,0.03,,,,,
1271,5206016,3208,19029.492329317793,11909.610449059768,3.83,2038.72,-0.012249569066625554,3526.7242131233215,1.0170438789064065,7.451059200000001e-05,0.91271335,2.15,0.46,0.35,0.16,0.03,,,,,
1272,5210112,3210,19067.498525316183,11926.924865490513,3.84,2039.55,-0.015023153811853263,1342.1269457936287,0.968437303439714,7.449052160000001e-05,0.96477664,2.16,0.45,0.36,0.16,0.03,,,,,
1273,5214208,3211,18999.38076756224,11870.88819209762,3.82,2036.13,-0.015205270648948499,1563.6575356572866,1.043584875180386,7.447045120000001e-05,0.9615499,2.15,0.46,0.35,0.16,0.03,,,,,
1274,5218304,3213,19342.38132575246,12088.46085574111,3.82,2071.89,-0.022203572888429335,1211.5300065875053,1.0674411377403885,7.44503808e-05,0.9341173,2.11,0.48,0.34,0.15,0.03,,,,,
1275,5222400,3214,19591.072865818718,12239.051608592394,3.82,2098.5,-0.020223539011567482,2701.5415240228176,1.0451484569348395,7.44303104e-05,0.9006809,2.08,0.49,0.34,0.14,0.03,16008.694499426358,10087.880390029626,4.3,1685.5,0.0
1276,5226496,3215,19489.324032214765,12164.403196945124,3.81,2092.11,-0.009878123936687189,2144.107003465295,1.0382667793892324,7.441024e-05,0.93968904,2.08,0.49,0.34,0.14,0.03,,,,,
1277,5230592,3218,19131.386712995278,11927.21126554643,3.75,2080.45,-0.012586601465955027,3917.215991795063,1.0644194730557501,7.43901696e-05,0.88159287,2.03,0.5,0.34,0.13,0.03,,,,,
1278,5234688,3222,18597.4885478222,11603.582338164662,3.76,2029.52,-0.021113844988576602,2701.202151209116,1.1047101293224841,7.43700992e-05,0.84081525,2.09,0.48,0.35,0.14,0.03,,,,,
1279,5238784,3223,18990.592779870924,11848.56632242058,3.8,2056.65,-0.013558115128034842,3159.2901364266872,1.009305096929893,7.43500288e-05,0.9485317,2.1,0.47,0.36,0.14,0.03,,,,,
1280,5242880,3224,19368.898387030404,12093.554100194944,3.83,2086.21,-0.010984383452523616,8802.734808534384,0.9705069611081854,7.43299584e-05,0.8855279,2.1,0.47,0.36,0.14,0.03,,,,,
1281,5246976,3226,19524.791196695318,12196.837529388986,3.84,2099.6,-0.008744227831812168,13361.387287199497,1.0648434293689206,7.4309888e-05,0.55324984,2.1,0.46,0.37,0.14,0.03,,,,,
1282,5251072,3230,19313.317882091884,12096.298158728261,3.9,2073.92,-0.011464296470876434,4780.286879912019,1.0735646202228963,7.42898176e-05,0.86129224,2.19,0.43,0.37,0.17,0.03,,,,,
1283,5255168,3232,18931.764743360298,11857.952201559157,3.87,2040.63,-0.021341522033253568,1728.1041419059038,1.0433934178436175,7.42697472e-05,0.89043736,2.19,0.43,0.37,0.17,0.03,,,,,
1284,5259264,3234,18442.640064719868,11584.063183255017,3.85,1995.42,-0.014012236311828019,3631.3530711829662,1.0144612421281636,7.42496768e-05,0.9161352,2.22,0.41,0.39,0.17,0.03,,,,,
1285,5263360,3238,18270.458078061314,11482.80849570253,3.84,1966.23,-0.015418748042066,9395.885121822357,1.1372995974961668,7.42296064e-05,0.9036927,2.25,0.39,0.41,0.17,0.03,,,,,
1286,5267456,3240,18166.76442683534,11420.781420011206,3.82,1964.0,-0.011988475123871467,3243.3202566951513,1.0633368340786546,7.4209536e-05,0.6646557,2.24,0.4,0.4,0.17,0.03,,,,,
1287,5271552,3242,18313.112068120736,11506.995309316066,3.82,1975.76,-0.01894435157191765,1973.2610238194466,0.9735818781191483,7.418946559999999e-05,0.97306716,2.23,0.4,0.41,0.16,0.03,,,,,
1288,5275648,3244,18423.603776132182,11593.08614602077,3.87,1982.08,-0.017623174013351672,2009.0619529485703,1.08088190772105,7.41693952e-05,0.9162075,2.27,0.38,0.43,0.16,0.03,,,,,
1289,5279744,3248,18481.137083380978,11617.51473417607,3.87,1988.94,-0.019109508148176246,1006.3532773405313,1.1029246071120724,7.41493248e-05,0.89643556,2.26,0.38,0.44,0.15,0.03,,,,,
1290,5283840,3250,18371.0247321562,11559.418939694657,3.87,1981.38,-0.015737830095531535,3051.291050374508,1.0410928613273427,7.41292544e-05,0.8889113,2.27,0.37,0.45,0.15,0.03,,,,,
1291,5287936,3252,18331.236482659508,11538.530313677888,3.89,1973.18,-0.01840581438591471,2027.3247233629227,1.0705480065662414,7.4109184e-05,0.9589475,2.3,0.37,0.44,0.16,0.03,,,,,
1292,5292032,3255,18258.621764747673,11500.25229113609,3.87,1969.62,-0.01719209367638541,2126.0272533893585,1.1531401977408677,7.40891136e-05,0.7124599,2.28,0.39,0.42,0.16,0.03,,,,,
1293,5296128,3257,18434.81564448188,11606.258310678173,3.91,1975.33,-0.012264081353350775,4746.788082271814,0.9696270814165473,7.40690432e-05,0.93698776,2.31,0.38,0.42,0.17,0.03,,,,,
1294,5300224,3257,18434.81564448188,11606.258310678173,3.91,1975.33,-0.01599989151554837,1542.5600389838219,1.0414397976128384,7.40489728e-05,0.9595578,2.31,0.38,0.42,0.17,0.03,,,,,
1295,5304320,3258,18971.432911211887,11934.621612961388,3.95,2017.8,-0.01912851033193874,1044.434857390821,0.9845807669917122,7.40289024e-05,0.98571867,2.3,0.39,0.41,0.17,0.03,,,,,
1296,5308416,3261,19226.24451905118,12076.869562621509,3.93,2041.87,-0.012113053721805045,7991.681213065982,1.0703284385381266,7.400883200000001e-05,0.9029274,2.26,0.4,0.41,0.16,0.03,,,,,
1297,5312512,3262,18833.57477281473,11837.689352861065,3.9,2014.1,-0.01709955533806351,1346.3025383502245,1.0601169486762956,7.398876160000001e-05,0.89023286,2.26,0.4,0.41,0.16,0.03,,,,,
1298,5316608,3263,19112.534879528583,12003.607114621402,3.91,2039.44,-0.013289852402522229,1161.640135616064,0.9971791381249204,7.396869120000001e-05,0.97351664,2.24,0.41,0.4,0.16,0.03,,,,,
1299,5320704,3265,18946.522111407994,11875.159531650257,3.89,2026.4,-0.012963552706423798,2650.0853262245655,0.9818354056915268,7.39486208e-05,0.9217418,2.23,0.42,0.39,0.16,0.03,,,,,
1300,5324800,3267,19264.445470121853,12088.699879999887,3.93,2050.82,-0.013613675109809265,3951.298320323229,1.0674103136407211,7.39285504e-05,0.9369928,2.24,0.42,0.39,0.16,0.03,17965.12742838702,11658.75774068302,4.433333333333334,1824.7666666666667,0.0
1301,5328896,3269,18986.638256414208,11896.208226584444,3.89,2031.28,-0.018312819664060953,867.3310784995556,1.0277039394713938,7.390848e-05,0.9585001,2.22,0.44,0.37,0.16,0.03,,,,,
1302,5332992,3270,18614.158839703618,11649.311412746312,3.85,2011.65,-0.014049534885089088,3602.228960454464,0.9673551582964137,7.38884096e-05,0.9506298,2.2,0.45,0.36,0.16,0.03,,,,,
1303,5337088,3272,18458.961777155775,11557.893069935437,3.85,1986.66,-0.010016830878157634,9074.22773256898,1.0179878836497664,7.38683392e-05,0.9628418,2.23,0.44,0.36,0.17,0.03,,,,,
1304,5341184,3274,18588.071530782385,11625.886914514705,3.83,2004.22,-0.016839295329191373,2847.792609900236,1.0163887180387974,7.38482688e-05,0.8529698,2.19,0.46,0.35,0.16,0.03,,,,,
1305,5345280,3277,18735.53619009782,11720.027800600195,3.8,2016.8,-0.014236926261219196,3400.0339177697897,1.0521872729295865,7.38281984e-05,0.91704255,2.15,0.46,0.36,0.16,0.02,,,,,
1306,5349376,3279,18652.660347414523,11677.023335413374,3.8,2010.75,-0.020250611388291873,4183.874447226524,1.045103153330274,7.3808128e-05,0.89943916,2.16,0.45,0.37,0.16,0.02,,,,,
1307,5353472,3283,17896.284405146354,11213.137003075663,3.78,1947.26,-0.01910108869014948,1532.1824837327003,1.074644414591603,7.37880576e-05,0.86148214,2.22,0.44,0.37,0.16,0.03,,,,,
1308,5357568,3283,17896.284405146354,11213.137003075663,3.78,1947.26,-0.01337695576967235,2889.839815288782,1.0034935114672408,7.37679872e-05,0.9705185,2.22,0.44,0.37,0.16,0.03,,,,,
1309,5361664,3285,18472.173638085555,11581.10546515638,3.86,1979.14,-0.012668682861658453,7502.99040260911,1.0259735453873873,7.37479168e-05,0.96238387,2.27,0.42,0.38,0.17,0.03,,,,,
1310,5365760,3287,18617.917019934346,11681.779141143483,3.87,1993.74,-0.01220906370326702,3306.9269932210445,1.063164659193717,7.37278464e-05,0.87349296,2.26,0.42,0.38,0.17,0.03,,,,,
1311,5369856,3289,18680.826850146044,11702.478243008736,3.88,1991.82,-0.018968644891174335,1400.9411095678806,1.0031365716131404,7.3707776e-05,0.97107816,2.27,0.41,0.39,0.17,0.03,,,,,
1312,5373952,3290,18707.142860156528,11731.397453013968,3.89,1992.51,-0.011284252068435308,7169.8889427781105,1.0396713283844292,7.36877056e-05,0.942105,2.28,0.41,0.39,0.17,0.03,,,,,
1313,5378048,3291,19329.204379636463,12129.739558017556,3.92,2035.43,-0.008876643600160605,27630.408533602953,0.9861805653199553,7.36676352e-05,0.94147736,2.27,0.41,0.4,0.16,0.03,,,,,
1314,5382144,3293,19632.00078501334,12314.914669882732,3.96,2059.21,-0.017454016324336408,1816.7865931391716,0.9837272446602583,7.36475648e-05,0.96937203,2.28,0.41,0.4,0.16,0.03,,,,,
1315,5386240,3297,18708.81483639791,11739.156804167887,3.92,1986.53,-0.017450798265599587,2073.7053357958794,1.0752883278764784,7.36274944e-05,0.9029052,2.31,0.41,0.4,0.15,0.04,,,,,
1316,5390336,3297,18708.81483639791,11739.156804167887,3.92,1986.53,-0.015044693145682686,2019.0654964447021,1.0136379298055544,7.3607424e-05,0.96117175,2.31,0.41,0.4,0.15,0.04,,,,,
1317,5394432,3298,19091.153618690696,11981.377223210013,3.91,2025.24,-0.017480658414569916,936.9832264333963,0.9755669087171555,7.35873536e-05,0.97431135,2.26,0.42,0.4,0.15,0.03,,,,,
1318,5398528,3301,19307.614175045303,12119.73817574129,3.92,2042.05,-0.02013849708964699,1634.6670725494623,1.0495808806736022,7.35672832e-05,0.9105398,2.25,0.41,0.42,0.14,0.03,,,,,
1319,5402624,3303,19527.483397173917,12257.603115272892,3.92,2061.87,-0.014459914327744627,2383.774000108242,1.0325777640100569,7.35472128e-05,0.8998084,2.23,0.41,0.43,0.13,0.03,,,,,
1320,5406720,3305,19464.290296302504,12221.171474886762,3.92,2060.75,-0.01684988325359882,2583.5389932394028,1.0202379912370816,7.35271424e-05,0.9462969,2.23,0.42,0.42,0.13,0.03,,,,,
1321,5410816,3308,19515.724357682095,12259.42570224138,3.94,2062.96,-0.013567067884650896,5981.739350378513,1.0703034710604697,7.3507072e-05,0.7794593,2.25,0.41,0.43,0.13,0.03,,,,,
1322,5414912,3309,19425.364358423463,12210.892553707927,3.93,2059.01,-0.01882447667503584,1644.1510522812605,1.0413902670843527,7.34870016e-05,0.91543007,2.24,0.42,0.42,0.13,0.03,,,,,
1323,5419008,3312,19072.406740664712,11989.685827654917,3.92,2024.6,-0.021227115258625417,728.8857801258564,1.048628838849254,7.346693120000001e-05,0.9493256,2.27,0.4,0.44,0.13,0.03,,,,,
1324,5423104,3315,18513.713764658158,11663.246333231074,3.9,1972.09,-0.013886543820262887,2487.0572158694267,1.064065201440826,7.34468608e-05,0.8747412,2.31,0.38,0.45,0.14,0.03,,,,,
1325,5427200,3320,18370.045094552628,11563.24312380397,3.9,1956.43,-0.017849972888143384,2697.118293002248,1.0539166594389826,7.34267904e-05,0.8177562,2.33,0.37,0.46,0.14,0.03,19242.683697623666,12092.302540138036,4.466666666666667,1895.3,0.0
1326,5431296,3321,18711.654359250617,11773.927115722392,3.93,1975.59,-0.01154752015008853,10804.106026768684,1.0273482884513214,7.340672e-05,0.9653845,2.34,0.37,0.45,0.15,0.03,,,,,
1327,5435392,3323,18352.063240547588,11551.545415306695,3.92,1943.4,-0.023063293677296315,1023.5951429829001,1.047200059168972,7.33866496e-05,0.9445031,2.37,0.36,0.45,0.16,0.03,,,,,
1328,5439488,3325,18386.128691068367,11561.83026607924,3.91,1956.22,-0.02035122783127008,1095.1507946401834,1.0349866087781265,7.33665792e-05,0.93846196,2.34,0.38,0.43,0.16,0.03,,,,,
1329,5443584,3326,18692.33386206579,11736.551090204488,3.93,1976.33,-0.015215590580737626,2381.1060290038586,1.0090525653213263,7.33465088e-05,0.9670213,2.33,0.39,0.42,0.16,0.03,,,,,
1330,5447680,3329,18660.84479839813,11713.04462474478,3.91,1971.6,-0.014401910349533864,2922.0497041642666,1.0654975430807099,7.33264384e-05,0.7936744,2.31,0.39,0.43,0.15,0.03,,,,,
1331,5451776,3332,18547.438543424996,11652.4631355932,3.89,1960.55,-0.018288955464413448,2695.0417041033506,1.0999945498770103,7.3306368e-05,0.7612491,2.31,0.39,0.43,0.15,0.03,,,,,
1332,5455872,3333,18671.535032177388,11727.753918715967,3.89,1974.2,-0.01804869120587682,3162.523275643587,1.0211318650981411,7.32862976e-05,0.8742799,2.29,0.4,0.42,0.15,0.03,,,,,
1333,5459968,3336,18690.318737742313,11722.971143968403,3.86,1991.39,-0.012110605484849657,2629.1773752123117,1.042824196163565,7.32662272e-05,0.73192114,2.24,0.42,0.41,0.14,0.03,,,,,
1334,5464064,3338,18919.785890161762,11874.195719156889,3.88,2008.18,-0.01179703736124793,2523.71952727437,1.0683035013498738,7.324615680000001e-05,0.9208575,2.24,0.41,0.42,0.14,0.03,,,,,
1335,5468160,3342,18414.292465006696,11564.136923772627,3.84,1966.49,-0.012681486772635253,3078.9188419878483,1.0861644741380587,7.322608640000001e-05,0.5993817,2.24,0.41,0.42,0.14,0.03,,,,,
1336,5472256,3346,18152.722043170463,11393.471798538907,3.81,1941.85,-0.022223551008210052,1503.682607933879,1.072805350413546,7.320601600000001e-05,0.8888379,2.23,0.41,0.41,0.15,0.03,,,,,
1337,5476352,3349,18186.276847165398,11431.001119425864,3.81,1945.62,-0.011612673569288745,3047.33631233871,1.0452588414773345,7.31859456e-05,0.7929671,2.22,0.42,0.39,0.16,0.03,,,,,
1338,5480448,3350,18419.404717565645,11570.508389324268,3.82,1967.27,-0.013223583711805986,2246.0971864312887,1.025157974101603,7.31658752e-05,0.93002206,2.21,0.43,0.38,0.16,0.03,,,,,
1339,5484544,3350,18419.404717565645,11570.508389324268,3.82,1967.27,-0.014921237940143328,2975.5348272919655,1.06045817269478,7.31458048e-05,0.9285053,2.21,0.43,0.38,0.16,0.03,,,,,
1340,5488640,3354,18616.516711023047,11691.565744417645,3.83,1988.39,-0.021328549964891863,1849.1573092490435,1.0771674056304619,7.31257344e-05,0.8310156,2.2,0.42,0.4,0.15,0.03,,,,,
1341,5492736,3357,18271.596585276176,11484.694825380393,3.78,1964.45,-0.01701898200190044,2318.487832546234,1.0128573671681806,7.3105664e-05,0.83685756,2.18,0.42,0.41,0.14,0.03,,,,,
1342,5496832,3358,17889.64359619203,11261.70972278487,3.76,1937.17,-0.015936128449538955,1348.4789733886719,1.0751222387189046,7.30855936e-05,0.9289832,2.19,0.41,0.42,0.14,0.03,,,,,
1343,5500928,3361,17735.462584040262,11158.264780878935,3.78,1917.44,-0.019469997907435754,2167.3621690273285,1.0277122692205012,7.30655232e-05,0.92530423,2.23,0.4,0.42,0.15,0.03,,,,,
1344,5505024,3363,17413.106511672115,10967.424512316866,3.77,1886.02,-0.0163722794768546,1114.1946235448122,1.0599376682657748,7.30454528e-05,0.9273729,2.25,0.39,0.43,0.15,0.03,,,,,
1345,5509120,3365,17575.01675065728,11074.61894062422,3.78,1901.38,-0.018587312929412292,1908.256597980857,1.0246705482713878,7.302538240000001e-05,0.94301414,2.25,0.39,0.43,0.15,0.03,,,,,
1346,5513216,3366,17344.83948813033,10928.982739155686,3.76,1887.32,-0.015748760151836905,2704.2596385627985,1.0173728838562965,7.300531200000001e-05,0.9284647,2.25,0.39,0.43,0.15,0.03,,,,,
1347,5517312,3368,17344.539557868236,10933.155145467648,3.76,1882.31,-0.015181936252702144,1556.5550082027912,1.00091960048303,7.298524160000001e-05,0.91713774,2.26,0.38,0.44,0.15,0.03,,,,,
1348,5521408,3371,17060.172286531128,10765.088193556396,3.78,1863.64,-0.010114487439750519,4001.327916905284,0.9774070665007457,7.296517120000001e-05,0.87785864,2.3,0.37,0.44,0.16,0.03,,,,,
1349,5525504,3373,17032.759528401544,10761.576973578727,3.78,1864.68,-0.016955660545136197,1704.4280707240105,1.068773079663515,7.294510080000001e-05,0.9312415,2.3,0.37,0.44,0.16,0.03,,,,,
1350,5529600,3376,16941.960024136937,10693.524492741346,3.76,1857.0,-0.019427774765063077,1344.5744305998087,1.0596746759256348,7.29250304e-05,0.88762903,2.28,0.38,0.44,0.15,0.03,17110.837874483965,10709.039917245469,4.3,1695.2333333333333,0.0
1351,5533696,3377,17005.500631696144,10746.34254047182,3.76,1866.33,-0.014907999288880092,7588.746048748493,1.0475440653972328,7.290496e-05,0.94413286,2.27,0.38,0.44,0.15,0.03,,,,,
1352,5537792,3380,17192.277945109072,10866.335391602164,3.75,1877.31,-0.02005999292669003,1728.9912105202675,1.0684977654600516,7.28848896e-05,0.916687,2.25,0.39,0.43,0.16,0.02,,,,,
1353,5541888,3382,17347.30455232052,10960.535700608478,3.75,1894.25,-0.019151773491103086,3078.317084401846,1.0364177586743608,7.28648192e-05,0.9054841,2.23,0.4,0.42,0.16,0.02,,,,,
1354,5545984,3386,16519.09494515497,10435.811182227659,3.72,1823.4,-0.012649517535464838,4622.685855671763,1.0507913475157693,7.28447488e-05,0.8599762,2.28,0.38,0.43,0.17,0.02,,,,,
1355,5550080,3386,16519.09494515497,10435.811182227659,3.72,1823.4,-0.012394353627314558,3753.9668705165386,0.9918006685329601,7.28246784e-05,0.9381283,2.28,0.38,0.43,0.17,0.02,,,,,
1356,5554176,3390,16514.352693610635,10434.731603587219,3.69,1825.21,-0.02274866618699889,1242.4976435601711,1.0766180527862161,7.2804608e-05,0.9094567,2.24,0.4,0.41,0.18,0.01,,,,,
1357,5558272,3391,15914.19847587814,10051.104691042574,3.64,1791.9,-0.01612955255586712,810.3945880532265,0.9997042302275077,7.27845376e-05,0.96237344,2.22,0.41,0.4,0.18,0.01,,,,,
1358,5562368,3393,15904.179515559586,10043.591727801546,3.63,1789.78,-0.013974920099826704,2318.866832628846,1.0000004657777026,7.27644672e-05,0.9340619,2.21,0.41,0.4,0.18,0.01,,,,,
1359,5566464,3395,16252.904928363643,10226.76455748463,3.6,1828.67,-0.018741954147117212,1106.1133582293987,1.0699879684252664,7.27443968e-05,0.95715064,2.14,0.43,0.39,0.18,0.0,,,,,
1360,5570560,3397,16270.00374127345,10246.89432000759,3.61,1828.31,-0.02126733205113851,1052.4881840795279,1.0605105607537553,7.27243264e-05,0.88247126,2.15,0.42,0.4,0.18,0.0,,,,,
1361,5574656,3399,15899.968713073727,10010.40513957039,3.58,1796.97,-0.01889794843555137,2726.437698572874,1.0346291171154007,7.2704256e-05,0.8504051,2.15,0.42,0.4,0.18,0.0,,,,,
1362,5578752,3401,16058.485031571912,10107.241878749883,3.61,1806.42,-0.015667257865970896,1451.6188668459654,0.9972252520965412,7.26841856e-05,0.96045697,2.17,0.42,0.39,0.19,0.0,,,,,
1363,5582848,3403,15806.86054557715,9937.38715435171,3.59,1781.66,-0.013571302808486507,1679.309358999133,1.0593763929791749,7.26641152e-05,0.9585614,2.18,0.41,0.4,0.19,0.0,,,,,
1364,5586944,3404,16175.65162562999,10158.709248624375,3.62,1806.32,-0.007886737653279852,17258.84024360776,1.050154543016106,7.26440448e-05,0.80689895,2.19,0.4,0.41,0.19,0.0,,,,,
1365,5591040,3406,16442.96577513833,10316.208951574317,3.61,1831.1,-0.008968780799477827,3628.2485215365887,1.0393192494520918,7.26239744e-05,0.85112274,2.15,0.41,0.41,0.18,0.0,,,,,
1366,5595136,3407,16753.25599739437,10516.838838393187,3.63,1860.44,-0.011840996276987426,3372.341336235404,0.9964868020033464,7.2603904e-05,0.8994832,2.14,0.42,0.4,0.18,0.0,,,,,
1367,5599232,3409,16500.867002767456,10347.840541943682,3.62,1836.6,-0.020531493802991463,946.685814961791,1.0391134173842147,7.25838336e-05,0.95158684,2.16,0.42,0.39,0.19,0.0,,,,,
1368,5603328,3411,16682.385265454894,10482.61305530905,3.65,1853.41,-0.015311090797695215,1821.6450477093458,1.022420383989811,7.25637632e-05,0.9433341,2.17,0.43,0.37,0.2,0.0,,,,,
1369,5607424,3414,16698.271236908764,10504.089424148646,3.67,1856.67,-0.016681393569342617,4633.150577694178,1.0653209235752001,7.25436928e-05,0.807052,2.19,0.43,0.36,0.21,0.0,,,,,
1370,5611520,3415,16943.11006555611,10660.315964887777,3.68,1877.67,-0.013169794243367505,2867.16098895669,1.0313572727609426,7.252362240000001e-05,0.9144327,2.18,0.43,0.37,0.2,0.0,,,,,
1371,5615616,3416,17283.942823503563,10870.638567089103,3.7,1906.48,-0.014284594278251461,3716.3399067670107,1.038647449342534,7.250355200000001e-05,0.9463629,2.17,0.44,0.36,0.2,0.0,,,,,
1372,5619712,3417,17308.409051627837,10880.107641759576,3.7,1907.68,-0.01187661553012731,4694.302210777998,1.007447442272678,7.248348160000001e-05,0.9206491,2.17,0.44,0.36,0.2,0.0,,,,,
1373,5623808,3418,18124.81823438868,11399.10254352498,3.73,1965.24,-0.011094669172962313,25553.75493043661,0.9882474888581783,7.246341120000001e-05,0.9338426,2.14,0.44,0.37,0.19,0.0,,,,,
1374,5627904,3419,18258.624714855003,11482.990494278602,3.75,1975.88,-0.01783458256704762,1389.1858703792095,0.985558406682685,7.244334080000001e-05,0.96211565,2.15,0.44,0.36,0.2,0.0,,,,,
1375,5632000,3421,18474.702941189338,11606.306672964445,3.73,2011.09,-0.011601982813772338,3556.1091581881046,1.0352202927460894,7.24232704e-05,0.73370314,2.09,0.46,0.36,0.18,0.0,16897.816084199632,10711.795934037602,4.366666666666666,1689.3666666666666,0.0
1376,5636096,3422,18370.510853157466,11539.894354613496,3.7,2005.91,-0.014306796385426424,2205.044285327196,1.032359288772568,7.24032e-05,0.9388431,2.06,0.47,0.36,0.17,0.0,,,,,
1377,5640192,3423,19263.646376369215,12088.994375402483,3.76,2070.95,-0.00818351339421497,28086.669052660465,1.0161766819655895,7.23831296e-05,0.9233145,2.05,0.48,0.35,0.17,0.0,,,,,
1378,5644288,3425,19040.742041429425,11954.816117638966,3.74,2052.87,-0.016145137889907346,1215.3739814311266,1.0421612310456112,7.23630592e-05,0.90258914,2.05,0.48,0.35,0.17,0.0,,,,,
1379,5648384,3427,18617.432949595248,11703.252704568047,3.72,2023.92,-0.0168181065855606,5342.627571284771,1.051951294299215,7.23429888e-05,0.7873637,2.07,0.48,0.34,0.18,0.0,,,,,
1380,5652480,3429,18810.75784705312,11813.362602091604,3.71,2047.84,-0.013008405393520661,5561.464845046401,1.054059791029431,7.23229184e-05,0.28819728,2.04,0.49,0.34,0.17,0.0,,,,,
1381,5656576,3430,18779.50664400008,11794.705369030939,3.73,2038.69,-0.010201530325502972,2693.4560256004333,0.9544671684270725,7.2302848e-05,0.91577995,2.07,0.48,0.34,0.18,0.0,,,,,
1382,5660672,3433,19181.82984855712,12032.827778569608,3.77,2075.13,-0.016950560158875305,1370.7254297733307,1.037166210473515,7.22827776e-05,0.94552326,2.07,0.48,0.34,0.18,0.0,,,,,
1383,5664768,3434,19130.183446916548,12007.677041930021,3.78,2064.39,-0.011157233646372333,5531.355539798737,0.968934582080692,7.22627072e-05,0.9019483,2.09,0.47,0.35,0.18,0.0,,,,,
1384,5668864,3436,19415.480385069513,12201.466094491796,3.81,2075.38,-0.010561983592197066,8836.430967956781,0.990757568157278,7.22426368e-05,0.9390757,2.11,0.46,0.36,0.18,0.0,,,,,
1385,5672960,3440,19319.300307435627,12132.357097824528,3.83,2067.24,-0.019765657484640542,1144.6164065003395,0.9817321096779779,7.22225664e-05,0.911852,2.14,0.47,0.33,0.2,0.0,,,,,
1386,5677056,3442,19397.977627820335,12178.147209517576,3.82,2076.06,-0.020383497623697622,1834.9955006986856,0.9857998974621296,7.2202496e-05,0.9115934,2.11,0.49,0.31,0.2,0.0,,,,,
1387,5681152,3444,19770.899727081156,12423.730748097612,3.87,2103.22,-0.01206293065661157,3288.7770855128765,0.9754294860176742,7.218242559999999e-05,0.94931984,2.13,0.48,0.32,0.2,0.0,,,,,
1388,5685248,3447,19826.389364867144,12457.441120591062,3.87,2110.22,-0.016524468124771374,1241.3657452464104,0.9746189824072644,7.216235519999999e-05,0.8310954,2.13,0.48,0.32,0.2,0.0,,,,,
1389,5689344,3447,19826.389364867144,12457.441120591062,3.87,2110.22,-0.012319368371208839,4596.033297628164,0.974113459000364,7.214228479999999e-05,0.91548675,2.13,0.48,0.32,0.2,0.0,,,,,
1390,5693440,3450,20170.51965578024,12664.878245623599,3.9,2130.75,-0.012260263906682667,2323.59217004478,0.9992236731341109,7.21222144e-05,0.9644232,2.14,0.47,0.33,0.2,0.0,,,,,
1391,5697536,3452,19955.15506706301,12534.23182296337,3.87,2116.92,-0.021305974207280087,1585.911986142397,1.0523099529091269,7.2102144e-05,0.79927284,2.12,0.48,0.32,0.2,0.0,,,,,
1392,5701632,3455,20007.49509923078,12561.5027051389,3.89,2114.18,-0.018899246657383628,2864.2452444136143,1.0074582903180271,7.20820736e-05,0.8948453,2.15,0.48,0.31,0.21,0.0,,,,,
1393,5705728,3458,19951.841264773248,12522.863682418569,3.88,2107.52,-0.010266827808663948,2404.495184227824,1.0206835496937856,7.20620032e-05,0.8564231,2.14,0.48,0.31,0.21,0.0,,,,,
1394,5709824,3461,19697.46529664395,12357.042819595015,3.9,2086.73,-0.020659501733462093,691.7544222176075,1.00529680470936,7.20419328e-05,0.90718234,2.18,0.48,0.3,0.21,0.01,,,,,
1395,5713920,3462,19917.515633164294,12504.740705112363,3.92,2105.08,-0.014403233990378794,2654.819985702634,1.0507732569240034,7.20218624e-05,0.944405,2.18,0.48,0.3,0.21,0.01,,,,,
1396,5718016,3466,19623.757009362584,12304.379333762383,3.91,2078.0,-0.015082668205650407,2024.3757983893156,1.0636823456734419,7.2001792e-05,0.81749046,2.2,0.48,0.28,0.23,0.01,,,,,
1397,5722112,3468,19366.02063739691,12145.081627393007,3.91,2057.57,-0.014706874018884264,2045.1420570760965,1.0374920279718935,7.19817216e-05,0.7397915,2.22,0.48,0.27,0.24,0.01,,,,,
1398,5726208,3471,19362.672102531327,12155.926519972578,3.88,2061.58,-0.013053803233560757,5524.248013496399,1.0296815003966913,7.196165120000001e-05,0.8409201,2.19,0.48,0.28,0.23,0.01,,,,,
1399,5730304,3471,19362.672102531327,12155.926519972578,3.88,2061.58,-0.014931517267541494,1370.6156550496817,1.0082983956672251,7.194158080000001e-05,0.9538664,2.19,0.48,0.28,0.23,0.01,,,,,
1400,5734400,3473,19726.819763392603,12391.096219803498,3.91,2087.92,-0.012656937618885422,4089.3747316896915,0.990736945415847,7.19215104e-05,0.91437614,2.19,0.48,0.28,0.23,0.01,18746.419760382567,11977.606731694641,4.533333333333333,1817.3666666666666,0.0
1401,5738496,3475,19905.41506611075,12514.366016037382,3.95,2100.14,-0.016786660362413386,1746.680656671524,0.9972090414958075,7.190144e-05,0.9487402,2.22,0.47,0.28,0.24,0.01,,,,,
1402,5742592,3477,19938.434226995836,12509.419857907644,3.93,2106.03,-0.015133020529901842,841.3322507068515,1.028244901332073,7.18813696e-05,0.929024,2.19,0.49,0.26,0.24,0.01,,,,,
1403,5746688,3480,19459.565665059352,12196.68384677283,3.92,2065.34,-0.014483852578450751,2732.4413871616125,0.9879917320795357,7.18612992e-05,0.87979597,2.22,0.48,0.26,0.25,0.01,,,,,
1404,5750784,3482,19785.83082855697,12396.356911460021,3.94,2097.03,-0.01673634863254847,1893.4995750635862,0.9995653894729912,7.18412288e-05,0.9385804,2.21,0.49,0.25,0.25,0.01,,,,,
1405,5754880,3485,19678.75550040213,12327.472527794263,3.9,2092.67,-0.019221945733079338,2812.989921107888,1.0234222557628527,7.18211584e-05,0.85628676,2.17,0.5,0.26,0.23,0.01,,,,,
1406,5758976,3487,19536.40874648068,12243.485967078577,3.9,2085.65,-0.01342969586039544,3818.3058825433254,1.0142716789850965,7.1801088e-05,0.884518,2.18,0.5,0.25,0.24,0.01,,,,,
1407,5763072,3489,19418.593032587538,12164.410680791238,3.93,2069.3,-0.016347946383575618,1842.975535273552,1.0551710467552766,7.17810176e-05,0.9618043,2.23,0.49,0.25,0.25,0.01,,,,,
1408,5767168,3492,19577.350605628824,12265.473309759955,3.94,2078.88,-0.01247461750790535,7230.936959803104,1.0139032567385584,7.17609472e-05,0.8165545,2.24,0.48,0.26,0.25,0.01,,,,,
1409,5771264,3495,19235.66803771558,12068.253731921475,3.91,2045.08,-0.02151415364642162,1642.2541681677103,0.988758907886222,7.17408768e-05,0.90454847,2.25,0.46,0.29,0.24,0.01,,,,,
1410,5775360,3496,19242.954307687643,12077.55258015025,3.91,2046.54,-0.014786213325351127,2953.847247540951,0.9823160129599273,7.17208064e-05,0.8512442,2.25,0.46,0.29,0.24,0.01,,,,,
1411,5779456,3499,19267.579786563318,12097.441301598348,3.95,2037.77,-0.015042808337057068,2864.0828010886908,1.0175489995162934,7.1700736e-05,0.93995476,2.3,0.45,0.29,0.25,0.01,,,,,
1412,5783552,3501,19235.703530052757,12076.102218587352,3.93,2041.35,-0.016228898810368264,1422.5450114756823,0.9943943547550589,7.168066560000001e-05,0.90276587,2.28,0.46,0.29,0.24,0.01,,,,,
1413,5787648,3502,19574.250385704134,12297.1659230072,3.96,2066.19,-0.014887597681081388,2859.6773689091206,0.9712513480335474,7.16605952e-05,0.9623172,2.28,0.46,0.29,0.24,0.01,,,,,
1414,5791744,3504,19528.293510978547,12275.065541554719,3.95,2070.34,-0.016661596349877072,1751.9270895570517,0.9675427400507033,7.16405248e-05,0.9258098,2.26,0.47,0.28,0.24,0.01,,,,,
1415,5795840,3507,18823.032056200936,11838.372443313017,3.91,2005.2,-0.015475963990866148,2320.045048877597,1.00483383028768,7.16204544e-05,0.9203487,2.28,0.46,0.28,0.25,0.01,,,,,
1416,5799936,3508,18837.622042766096,11857.684687796604,3.91,2007.82,-0.017382262485625688,2165.9014049470425,0.9673832254484296,7.1600384e-05,0.82154316,2.28,0.46,0.28,0.25,0.01,,,,,
1417,5804032,3511,18938.953390150982,11885.293984055503,3.87,2020.35,-0.017253792599603912,839.1700130403042,1.0085286560934037,7.15803136e-05,0.9191016,2.22,0.47,0.29,0.23,0.01,,,,,
1418,5808128,3513,19166.960155247874,12025.057826857405,3.87,2034.5,-0.015285348169527424,2140.261248975992,0.9566097258357331,7.15602432e-05,0.9466631,2.2,0.46,0.31,0.22,0.01,,,,,
1419,5812224,3514,18969.31570600959,11894.566525464012,3.87,2014.35,-0.014061483701880206,2120.0693603008986,0.888141168281436,7.15401728e-05,0.9763661,2.22,0.46,0.3,0.23,0.01,,,,,
1420,5816320,3517,18746.543742795802,11757.718971598753,3.84,1992.2,-0.018659330811715336,2236.185128554702,0.9978519069263712,7.15201024e-05,0.8927455,2.21,0.46,0.3,0.23,0.01,,,,,
1421,5820416,3517,18746.543742795802,11757.718971598753,3.84,1992.2,-0.0136346277240591,2149.127739906311,0.9434538733912632,7.1500032e-05,0.96818376,2.21,0.46,0.3,0.23,0.01,,,,,
1422,5824512,3519,18691.815923939022,11712.50187165061,3.83,1995.33,-0.01602101432490599,7803.693031027913,0.9929187645902857,7.14799616e-05,0.94998187,2.19,0.47,0.3,0.22,0.01,,,,,
1423,5828608,3521,18263.06172602728,11467.601719831366,3.81,1956.89,-0.0152914223353946,1894.762886121869,0.9709945620270446,7.145989120000001e-05,0.94122076,2.21,0.46,0.31,0.22,0.01,,,,,
1424,5832704,3522,18658.16037461959,11721.173490037681,3.86,1980.17,-0.011672987580823246,7894.591616436839,0.8648158031282946,7.143982080000001e-05,0.9660251,2.24,0.45,0.31,0.23,0.01,,,,,
1425,5836800,3525,17882.853836748818,11252.530497807995,3.82,1923.85,-0.015798608772456646,2044.46722202003,0.9733857371611521,7.14197504e-05,0.89130116,2.26,0.43,0.33,0.23,0.01,17096.704747495132,10960.415364477343,4.4,1736.8666666666666,0.0
1426,5840896,3528,17796.882364467554,11210.336091641264,3.86,1905.18,-0.015430966470376006,3560.7144273221493,0.9372865897603333,7.139968e-05,0.9355804,2.32,0.41,0.34,0.24,0.01,,,,,
1427,5844992,3533,17197.57251160229,10836.897943547265,3.82,1846.31,-0.015752021217849688,2443.8351867347956,0.9973107896512374,7.13796096e-05,0.9015374,2.34,0.39,0.37,0.23,0.01,,,,,
1428,5849088,3535,16650.208733863292,10494.217679929883,3.78,1807.43,-0.015332351131291944,2528.938084244728,0.947237120824866,7.13595392e-05,0.9513399,2.34,0.39,0.37,0.23,0.01,,,,,
1429,5853184,3537,16878.87780219747,10639.43941152449,3.8,1823.16,-0.013898621643420483,2218.550183534622,0.9852286445675418,7.13394688e-05,0.9762281,2.34,0.39,0.37,0.23,0.01,,,,,
1430,5857280,3540,17109.063791811845,10789.12086110926,3.83,1841.27,-0.013719182180466305,2746.0311759859324,0.9791872943751514,7.13193984e-05,0.91603965,2.35,0.39,0.37,0.23,0.01,,,,,
1431,5861376,3543,16948.08848004525,10675.876871796909,3.83,1825.97,-0.018472252190804284,1419.3531066328287,0.9740137046901509,7.1299328e-05,0.93497634,2.37,0.38,0.38,0.23,0.01,,,,,
1432,5865472,3544,16778.2964569088,10558.992547543428,3.81,1813.2,-0.018585299992082582,1289.0562977194786,0.9494003442814574,7.12792576e-05,0.9633974,2.37,0.38,0.38,0.23,0.01,,,,,
1433,5869568,3546,17320.14803048053,10906.453152606206,3.86,1855.78,-0.01575667025645089,3314.2310712188482,0.9919032751349732,7.12591872e-05,0.9424886,2.37,0.38,0.38,0.23,0.01,,,,,
1434,5873664,3547,17611.924942897593,11085.719278983546,3.88,1879.96,-0.013356385394217796,2341.5855752527714,0.9667824005009606,7.12391168e-05,0.933574,2.36,0.39,0.37,0.23,0.01,,,,,
1435,5877760,3549,17412.52637809351,10951.306318403838,3.87,1862.28,-0.012622389909665799,2069.58052803576,0.9824407934211195,7.12190464e-05,0.9605397,2.36,0.39,0.37,0.23,0.01,,,,,
1436,5881856,3550,17406.33039117522,10944.92025341974,3.85,1870.17,-0.017929009332874557,1453.76837849617,1.0616339165717363,7.119897600000001e-05,0.90266347,2.33,0.4,0.37,0.22,0.01,,,,,
1437,5885952,3551,17670.135796888255,11116.270550225603,3.87,1892.82,-0.015920057669973176,1899.622991040349,0.9648845182964578,7.117890560000001e-05,0.94345826,2.33,0.4,0.37,0.22,0.01,,,,,
1438,5890048,3552,18000.384033006445,11311.97931101466,3.9,1921.0,-0.010838418368621205,1723.9337776452303,0.9572108488064259,7.11588352e-05,0.94733995,2.33,0.4,0.37,0.22,0.01,,,,,
1439,5894144,3552,18000.384033006445,11311.97931101466,3.9,1921.0,-0.013322750519137116,2984.6482279896736,0.9820288257906213,7.11387648e-05,0.9416575,2.33,0.4,0.37,0.22,0.01,,,,,
1440,5898240,3554,18637.92945041501,11714.912170466836,3.95,1980.18,-0.011892677320247458,988.209588393569,1.0301484754309058,7.11186944e-05,0.9242134,2.31,0.41,0.36,0.22,0.01,,,,,
1441,5902336,3555,18659.196685734136,11724.694601933556,3.93,1989.22,-0.011981935262156185,4294.235814973712,0.9704390623373911,7.1098624e-05,0.7974379,2.28,0.42,0.36,0.21,0.01,,,,,
1442,5906432,3557,18821.554033472858,11823.052531279482,3.94,2006.28,-0.013743346851697424,4411.760850816965,0.9706555111333728,7.10785536e-05,0.8963181,2.28,0.42,0.36,0.21,0.01,,,,,
1443,5910528,3559,19258.790028356514,12108.426763286127,3.96,2036.6,-0.012779234276422358,3858.8983031213284,0.9909807936055586,7.10584832e-05,0.9387167,2.27,0.41,0.38,0.21,0.0,,,,,
1444,5914624,3563,18732.78892165457,11793.685555303671,3.91,1990.03,-0.018232120842185395,2006.2255070656538,1.0628229071153328,7.10384128e-05,0.8903606,2.27,0.39,0.41,0.2,0.0,,,,,
1445,5918720,3565,18955.492294883283,11933.16294305277,3.88,2015.42,-0.020417263254785212,787.1891902089119,0.9847491628024727,7.10183424e-05,0.9620326,2.21,0.4,0.42,0.18,0.0,,,,,
1446,5922816,3567,19065.090949193374,12007.066633662966,3.9,2021.8,-0.012930784586387745,1849.7377524077892,1.0173696801066399,7.099827200000001e-05,0.9114565,2.22,0.39,0.43,0.18,0.0,,,,,
1447,5926912,3569,19096.55525617682,12037.397011997204,3.89,2024.81,-0.025245727311812516,1331.9880830645561,1.0593947775196284,7.097820160000001e-05,0.9215487,2.21,0.38,0.45,0.17,0.0,,,,,
1448,5931008,3571,19312.71992978794,12167.082831675012,3.92,2043.41,-0.011417538080422673,12889.437702327967,0.9732749765971676,7.095813120000001e-05,0.85578626,2.22,0.39,0.44,0.16,0.01,,,,,
1449,5935104,3572,18933.373363295697,11935.239557101884,3.89,2015.54,-0.014704660492498078,3217.980980336666,1.031201230129227,7.093806080000001e-05,0.83238316,2.22,0.39,0.44,0.16,0.01,,,,,
1450,5939200,3574,18689.231847552637,11776.619895234548,3.87,1991.27,-0.019298251587315463,1401.7180515676737,1.0434278992470354,7.091799040000001e-05,0.939779,2.23,0.38,0.45,0.16,0.01,17159.09504890788,10820.632340116359,4.333333333333333,1704.4,0.0
1451,5943296,3577,18865.08404023756,11897.006962567279,3.87,2012.25,-0.019285463453343255,1206.8644722476602,1.0512978330953047,7.089792e-05,0.8819403,2.21,0.38,0.46,0.15,0.01,,,,,
1452,5947392,3579,19012.35085311357,11973.301849583811,3.86,2026.67,-0.018174319861827826,1098.1582004725933,1.0153452818049118,7.08778496e-05,0.9441214,2.18,0.39,0.46,0.14,0.01,,,,,
1453,5951488,3581,19041.529221096254,11977.905169767993,3.84,2027.1,-0.015519167889578966,2907.0847619473934,1.005750740878284,7.08577792e-05,0.93704057,2.15,0.39,0.47,0.13,0.01,,,,,
1454,5955584,3583,19044.347402860014,11965.601836991224,3.83,2025.41,-0.017765247177521815,1056.4243506640196,1.0175435013370588,7.08377088e-05,0.86417544,2.14,0.39,0.47,0.13,0.01,,,,,
1455,5959680,3585,19370.033829725977,12168.345014059652,3.85,2053.29,-0.01451952222851105,2414.5597965717316,1.058197409962304,7.08176384e-05,0.9295662,2.13,0.39,0.47,0.13,0.01,,,,,
1456,5963776,3587,19163.669387492908,12030.280668738827,3.84,2035.99,-0.016394149778534484,1159.484771296382,0.9692585492739454,7.0797568e-05,0.9331018,2.14,0.39,0.47,0.13,0.01,,,,,
1457,5967872,3590,19057.40349305338,11950.19294540984,3.83,2029.28,-0.016473708307785273,924.2657999992371,1.0415616162354127,7.07774976e-05,0.9677839,2.13,0.4,0.46,0.13,0.01,,,,,
1458,5971968,3591,19457.39661745452,12202.86555666559,3.83,2068.96,-0.014909961060766364,3890.2090639173985,1.0049576390301809,7.07574272e-05,0.88066316,2.09,0.41,0.46,0.12,0.01,,,,,
1459,5976064,3593,19481.18595502658,12215.854990257842,3.85,2067.71,-0.01957090273663198,1325.2304958105087,1.0162683425005525,7.07373568e-05,0.9428589,2.11,0.4,0.47,0.12,0.01,,,,,
1460,5980160,3594,19425.128943345888,12186.917762523024,3.84,2065.98,-0.017140865322744503,1424.0821194648743,0.9676361889578402,7.07172864e-05,0.9286513,2.1,0.41,0.46,0.12,0.01,,,,,
1461,5984256,3596,19921.922248411312,12474.352752145927,3.87,2112.19,-0.015056415123581246,1261.7825089246035,1.0359482002677396,7.0697216e-05,0.9366487,2.08,0.42,0.45,0.12,0.01,,,,,
1462,5988352,3597,19690.03588853142,12329.111243591195,3.85,2093.42,-0.016548624521419697,1813.6863655149937,0.9802685687318444,7.06771456e-05,0.92454904,2.08,0.42,0.45,0.12,0.01,,,,,
1463,5992448,3599,20083.103281353076,12571.105152741946,3.84,2140.4,-0.01788720760396245,1307.794735789299,1.004896167316474,7.065707519999999e-05,0.962209,2.02,0.44,0.44,0.11,0.01,,,,,
1464,5996544,3601,20051.31201055245,12544.252588784391,3.84,2135.94,-0.01528759339635144,1936.403173610568,1.0131530149374157,7.06370048e-05,0.918675,2.03,0.44,0.43,0.12,0.01,,,,,
1465,6000640,3604,19445.441240954897,12176.860836437047,3.82,2082.96,-0.011016897073204746,9116.438846871257,1.013345298357308,7.06169344e-05,0.92471176,2.07,0.44,0.42,0.12,0.02,,,,,
1466,6004736,3606,19345.725208962933,12104.836588237582,3.78,2080.44,-0.019397831301830593,835.4622600078583,1.052855731220916,7.0596864e-05,0.89943016,2.04,0.45,0.42,0.11,0.02,,,,,
1467,6008832,3608,19650.330239555336,12264.63277694313,3.8,2108.76,-0.02363828945908608,962.0571028441191,0.9877949635265395,7.05767936e-05,0.95770365,2.03,0.46,0.41,0.11,0.02,,,,,
1468,6012928,3609,19651.228148994873,12271.954319620174,3.8,2110.96,-0.016005710641366022,2755.074544623494,0.9786180091323331,7.05567232e-05,0.81916744,2.03,0.46,0.41,0.11,0.02,,,,,
1469,6017024,3611,19672.25709894428,12304.960978769714,3.83,2111.09,-0.011157438762893435,4603.201174125075,0.9856684568803757,7.05366528e-05,0.919148,2.06,0.46,0.4,0.12,0.02,,,,,
1470,6021120,3614,19616.184207136397,12267.28418578986,3.79,2110.98,-0.01882875998671807,2832.811046525836,1.0559267125790939,7.05165824e-05,0.89246887,2.02,0.48,0.39,0.11,0.02,,,,,
1471,6025216,3616,19362.729429871568,12111.326943310785,3.76,2097.05,-0.015074169999024889,3567.152566999197,0.9887047801166773,7.0496512e-05,0.8843172,2.01,0.49,0.38,0.11,0.02,,,,,
1472,6029312,3618,18916.204320962854,11823.524680719096,3.75,2063.74,-0.015642146415302705,1271.7797119915485,1.0106874362099916,7.047644160000001e-05,0.9161797,2.03,0.48,0.39,0.11,0.02,,,,,
1473,6033408,3619,18850.100006894205,11779.997795668538,3.73,2064.7,-0.018485349303773546,1444.8088336139917,1.0217374126659706,7.045637120000001e-05,0.9232777,2.01,0.49,0.38,0.11,0.02,,,,,
1474,6037504,3622,18711.95800685286,11679.879131494154,3.7,2063.86,-0.010462750238730223,1335.2803685590625,1.0248118018498644,7.043630080000001e-05,0.93063956,1.98,0.49,0.39,0.1,0.02,,,,,
1475,6041600,3624,18754.35788950293,11699.006326402565,3.73,2059.82,-0.014762976419660845,2169.5637357234955,0.9501125166425481,7.041623040000001e-05,0.948284,2.02,0.48,0.39,0.11,0.02,15024.723985764589,9391.94413529366,4.166666666666667,1583.8333333333333,0.0
1476,6045696,3625,18894.008928839972,11783.251711478633,3.74,2069.39,-0.015317019825488387,1885.4802518785,1.0302386736730114,7.039616e-05,0.9520473,2.02,0.48,0.39,0.11,0.02,,,,,
1477,6049792,3627,19054.776401687795,11874.248589123847,3.7,2094.73,-0.011247737687881454,4233.869564697146,1.009389437851496,7.03760896e-05,0.56815565,1.95,0.5,0.39,0.09,0.02,,,,,
1478,6053888,3630,19163.027557037178,11917.634938264131,3.7,2103.41,-0.013073860569420503,3050.3970137238503,1.0249268654733896,7.03560192e-05,0.88720393,1.94,0.5,0.39,0.09,0.02,,,,,
1479,6057984,3632,19239.862987998273,11968.690957155954,3.67,2112.92,-0.014875554882564757,1703.648074939847,0.9976641377434134,7.03359488e-05,0.8629412,1.91,0.51,0.38,0.09,0.02,,,,,
1480,6062080,3635,19553.10203914582,12141.571122606967,3.67,2144.4,-0.011921495592105202,3850.045786589384,1.04238693555817,7.03158784e-05,0.8059584,1.87,0.53,0.36,0.09,0.02,,,,,
1481,6066176,3638,19251.56022155524,11953.188556588828,3.61,2126.3,-0.017378404636474443,1162.0896777957678,1.0368925483198836,7.0295808e-05,0.8530445,1.83,0.54,0.36,0.08,0.02,,,,,
1482,6070272,3640,19276.134916614963,11966.39027626677,3.59,2129.77,-0.011461458318080986,4563.33490344882,1.0193885230692104,7.02757376e-05,0.80607605,1.81,0.54,0.37,0.07,0.02,,,,,
1483,6074368,3643,19290.562423892065,11963.048708589806,3.62,2126.33,-0.023406559013892547,891.8042037934065,0.9986917555797845,7.02556672e-05,0.94881046,1.84,0.53,0.37,0.08,0.02,,,,,
1484,6078464,3646,18842.06318630998,11685.326263288907,3.59,2089.02,-0.01505278908280161,3235.3734764158726,1.0299801162909716,7.02355968e-05,0.9039495,1.85,0.52,0.38,0.08,0.02,,,,,
1485,6082560,3649,18360.361502014453,11396.457757532691,3.57,2045.33,-0.0156960380190867,1344.8285528123379,1.0405276763485745,7.02155264e-05,0.91806066,1.88,0.51,0.39,0.08,0.02,,,,,
1486,6086656,3651,18017.470419687852,11175.420032762107,3.54,2014.65,-0.01689230762895022,2422.9988866746426,1.0004544120747596,7.0195456e-05,0.89117914,1.88,0.51,0.39,0.08,0.02,,,,,
1487,6090752,3653,17270.830218355408,10720.955128538639,3.5,1947.94,-0.014014745249369298,1179.750115737319,1.0245957558508962,7.01753856e-05,0.9392235,1.91,0.49,0.41,0.08,0.02,,,,,
1488,6094848,3656,17003.40168841241,10547.792760378408,3.47,1921.63,-0.016379263627641194,2031.2956469655037,1.0213746598456055,7.015531519999999e-05,0.8382171,1.9,0.5,0.4,0.08,0.02,,,,,
1489,6098944,3658,16658.15469276162,10325.224883452482,3.44,1895.79,-0.016837045766806114,1336.034038901329,0.96840523800347,7.013524479999999e-05,0.92882663,1.9,0.5,0.4,0.08,0.02,,,,,
1490,6103040,3659,16795.87161099068,10415.829139176858,3.44,1911.71,-0.01319006767062092,5466.838720649481,1.0144243558170274,7.01151744e-05,0.86405826,1.88,0.51,0.39,0.08,0.02,,,,,
1491,6107136,3661,17113.707081363795,10617.429760013682,3.46,1942.11,-0.013068638450931758,2178.0111831724644,1.0134809833252802,7.0095104e-05,0.92917466,1.87,0.52,0.38,0.08,0.02,,,,,
1492,6111232,3664,17046.784912802108,10556.40699574737,3.42,1939.95,-0.021693953254725784,1083.776873499155,1.0657824398949742,7.00750336e-05,0.84362584,1.83,0.55,0.35,0.08,0.02,,,,,
1493,6115328,3666,17123.96936972114,10597.593155853236,3.43,1946.77,-0.014638068285421468,2284.8630416691303,1.0435131731210276,7.00549632e-05,0.87192416,1.83,0.55,0.35,0.08,0.02,,,,,
1494,6119424,3667,17115.74515262481,10594.941684914047,3.43,1946.04,-0.025536894083415973,750.0353515297174,1.0007226231973618,7.00348928e-05,0.95761216,1.83,0.55,0.35,0.08,0.02,,,,,
1495,6123520,3670,17123.11338643933,10591.70381244885,3.42,1944.4,-0.00985032718108414,3125.6020807921886,1.0153754504863173,7.00148224e-05,0.8778789,1.81,0.57,0.33,0.08,0.02,,,,,
1496,6127616,3670,17123.11338643933,10591.70381244885,3.42,1944.4,-0.018484250340407016,1680.392249211669,0.9684909636853263,6.9994752e-05,0.9495818,1.81,0.57,0.33,0.08,0.02,,,,,
1497,6131712,3671,17658.23438887605,10917.255949784965,3.42,1991.84,-0.007680848724703537,9605.127606421709,0.9767837749095634,6.99746816e-05,0.93631345,1.76,0.58,0.33,0.08,0.01,,,,,
1498,6135808,3674,17629.908453842192,10873.143676473857,3.45,1984.37,-0.013194127814131207,2116.2248066216707,1.000636927667074,6.99546112e-05,0.9295576,1.79,0.58,0.32,0.09,0.01,,,,,
1499,6139904,3675,17721.627201677817,10930.53666856805,3.46,1987.73,-0.015452714490493236,2678.0893169790506,0.9816015270771459,6.99345408e-05,0.942939,1.79,0.58,0.32,0.09,0.01,,,,,
1500,6144000,3677,18023.99239082363,11129.955156532797,3.5,2006.68,-0.011700443316840392,3558.1484556645155,1.0278851673938334,6.991447040000001e-05,0.93023694,1.81,0.57,0.33,0.09,0.01,19271.07835295114,12117.159706640137,4.466666666666667,1929.2333333333333,0.0
1501,6148096,3679,17967.30558756954,11082.666036554474,3.5,2000.71,-0.019571511080357595,1853.11645360291,1.030448931385763,6.98944e-05,0.9480185,1.82,0.57,0.33,0.09,0.01,,,,,
1502,6152192,3682,17846.417216625116,11027.45274669267,3.49,1996.17,-0.017606775330932578,1260.4008481502533,1.0391961303539574,6.98743296e-05,0.90645087,1.82,0.57,0.33,0.09,0.01,,,,,
1503,6156288,3684,17867.724988877053,11050.544757490685,3.5,1996.46,-0.020467707066927687,1956.889743939042,1.0213077283697203,6.98542592e-05,0.84951603,1.83,0.56,0.34,0.09,0.01,,,,,
1504,6160384,3685,17668.410715864484,10924.429091309752,3.48,1982.79,-0.012784754530002829,3211.330661892891,1.0357869612053037,6.98341888e-05,0.91964144,1.82,0.57,0.33,0.09,0.01,,,,,
1505,6164480,3687,18094.220812540654,11198.564502615473,3.48,2021.21,-0.012230496700794902,5367.401276499033,1.0044498927891254,6.98141184e-05,0.9472299,1.78,0.58,0.33,0.08,0.01,,,,,
1506,6168576,3687,18094.220812540654,11198.564502615473,3.48,2021.21,-0.018721433876635274,1470.0572133809328,1.0051327461842448,6.9794048e-05,0.9624581,1.78,0.58,0.33,0.08,0.01,,,,,
1507,6172672,3689,18617.903547827707,11530.313165468238,3.48,2074.1,-0.012396403251841548,3419.4868978857994,1.027162316488102,6.97739776e-05,0.8853367,1.72,0.6,0.32,0.07,0.01,,,,,
1508,6176768,3691,18194.714170704963,11259.027849915354,3.44,2034.89,-0.026703394845753792,640.9156850129366,1.0419165143975988,6.97539072e-05,0.9207508,1.72,0.6,0.32,0.07,0.01,,,,,
1509,6180864,3693,18393.57135908083,11387.258697679523,3.45,2053.48,-0.015200041167190648,3005.5148619264364,0.9774458315223455,6.97338368e-05,0.92488235,1.71,0.61,0.31,0.07,0.01,,,,,
1510,6184960,3695,18163.806211945513,11251.737632179977,3.43,2036.47,-0.020055511257396574,1329.7869016081095,1.0473167687887326,6.97137664e-05,0.938737,1.71,0.61,0.31,0.07,0.01,,,,,
1511,6189056,3697,17967.44931466157,11141.178940926715,3.45,2011.83,-0.016835297205034294,1693.3608903884888,1.0119975957786664,6.9693696e-05,0.8894382,1.75,0.6,0.31,0.08,0.01,,,,,
1512,6193152,3700,17694.094469719283,10992.657609584765,3.42,1991.48,-0.015162955429332214,3967.679936647415,1.0348025787388906,6.967362560000001e-05,0.89296985,1.74,0.6,0.32,0.07,0.01,,,,,
1513,6197248,3701,17625.267595031106,10946.854392486619,3.44,1980.46,-0.009278408183490683,5380.553593873978,0.9957733218325302,6.965355520000001e-05,0.8409776,1.77,0.59,0.32,0.08,0.01,,,,,
1514,6201344,3702,17865.24042752683,11097.755674836793,3.46,1999.05,-0.01588253653335414,3181.674233227968,0.9815829345025122,6.96334848e-05,0.92913324,1.77,0.59,0.32,0.08,0.01,,,,,
1515,6205440,3704,18052.472757208317,11208.621202086257,3.47,2020.33,-0.015138915050556534,2004.168150395155,1.0265452264575288,6.96134144e-05,0.9065373,1.76,0.59,0.32,0.09,0.0,,,,,
1516,6209536,3705,18545.109597788105,11514.480730852929,3.51,2059.5,-0.01305665896688879,2198.9709333330393,1.0107304849661887,6.9593344e-05,0.95998025,1.76,0.59,0.32,0.09,0.0,,,,,
1517,6213632,3710,18016.757514339966,11215.855948702241,3.56,2000.41,-0.02042249362602888,2660.333829149604,1.030645094695501,6.95732736e-05,0.8504478,1.87,0.56,0.33,0.1,0.01,,,,,
1518,6217728,3712,17809.54935822697,11081.282187000435,3.55,1977.76,-0.012053874859702773,8943.6225156039,0.9739396987715736,6.95532032e-05,0.9133368,1.88,0.56,0.33,0.09,0.02,,,,,
1519,6221824,3714,18213.08437098535,11330.96142449447,3.59,2016.96,-0.016623422505290364,1340.8654245436192,1.065338508808054,6.95331328e-05,0.94050026,1.88,0.56,0.33,0.09,0.02,,,,,
1520,6225920,3717,17956.642497440112,11171.350902740536,3.62,1986.25,-0.015605602578943945,1595.2668415009975,1.0502035730751231,6.95130624e-05,0.9433263,1.94,0.54,0.33,0.11,0.02,,,,,
1521,6230016,3719,17961.713470224488,11184.062359760399,3.64,1983.52,-0.005708388395760267,13407.69989079237,1.0070260340580717,6.9492992e-05,0.619337,1.97,0.53,0.33,0.12,0.02,,,,,
1522,6234112,3720,18404.523189301457,11479.57084899731,3.68,2005.49,-0.00810549359266588,26171.98008388281,0.9318915124749765,6.94729216e-05,0.8933327,1.99,0.52,0.34,0.12,0.02,,,,,
1523,6238208,3722,18444.344925854053,11503.430496609795,3.68,2011.83,-0.01772838352189865,1385.3633846640587,0.9565449114888906,6.94528512e-05,0.93469137,1.99,0.52,0.34,0.12,0.02,,,,,
1524,6242304,3724,18254.154203431695,11387.67417203867,3.67,1999.84,-0.01255643944205076,1941.647517055273,1.0006504748016596,6.943278080000001e-05,0.91216797,1.99,0.53,0.33,0.11,0.03,,,,,
1525,6246400,3727,18000.975175780888,11246.750763586624,3.68,1967.39,-0.019491050743454252,3171.551669418812,0.9782715623732656,6.941271040000001e-05,0.92311555,2.04,0.52,0.33,0.12,0.03,15043.72938140343,9426.811259531678,4.2,1594.3333333333333,0.0
1526,6250496,3728,17992.357319586397,11252.815527218438,3.68,1968.85,-0.016466428813146194,1671.8304986804724,0.9577880827710032,6.939264e-05,0.9636676,2.04,0.52,0.33,0.12,0.03,,,,,
1527,6254592,3730,18536.76212062112,11592.165292836191,3.71,2011.63,-0.008777717654083972,6836.713567227125,1.0255117358174175,6.93725696e-05,0.96416104,2.02,0.54,0.31,0.12,0.03,,,,,
1528,6258688,3732,18819.75508848814,11762.340444305662,3.76,2031.02,-0.008196356974622176,5090.736129999161,0.9396365785505623,6.93524992e-05,0.91470915,2.05,0.53,0.32,0.12,0.03,,,,,
1529,6262784,3733,18676.292565397547,11672.726527580486,3.74,2023.61,-0.016483104624057887,1821.5125051289797,1.0559759013121948,6.93324288e-05,0.8532095,2.04,0.54,0.31,0.12,0.03,,,,,
1530,6266880,3736,18766.52783041202,11723.944535085266,3.75,2032.12,-0.019348813861142844,1214.694857954979,1.0354560407577083,6.93123584e-05,0.90789604,2.04,0.54,0.31,0.12,0.03,,,,,
1531,6270976,3738,18890.177914826683,11793.469054668254,3.76,2045.25,-0.016033953634178033,1595.4531127810478,1.017178584705107,6.9292288e-05,0.83799505,2.04,0.54,0.31,0.12,0.03,,,,,
1532,6275072,3740,18847.36858312722,11775.605048324465,3.78,2039.76,-0.007510013503633672,3403.611370921135,0.9882960908580571,6.92722176e-05,0.91561854,2.06,0.53,0.31,0.13,0.03,,,,,
1533,6279168,3742,18944.06709047011,11832.599371901673,3.77,2048.26,-0.01782113422450493,766.5372779071331,0.9999244225909933,6.92521472e-05,0.9550384,2.04,0.53,0.32,0.12,0.03,,,,,
1534,6283264,3744,19123.321306077727,11961.431908933622,3.78,2069.23,-0.012275887565010635,2945.6919009536505,1.0345921169500798,6.92320768e-05,0.7902196,2.03,0.54,0.31,0.12,0.03,,,,,
1535,6287360,3746,19340.28689102252,12085.894070913506,3.76,2099.45,-0.01584200798697566,3289.080143034458,1.0239084106869996,6.92120064e-05,0.6564157,1.98,0.56,0.3,0.11,0.03,,,,,
1536,6291456,3747,19235.670277536425,12006.627454532429,3.74,2093.45,-0.014657811781944474,1161.2041440159082,1.0446860285010189,6.9191936e-05,0.93710476,1.97,0.56,0.3,0.11,0.03,,,,,
1537,6295552,3748,19809.472159737863,12372.325031647051,3.78,2137.28,-0.009798606637559715,13922.639385342598,1.0045315565075725,6.91718656e-05,0.93863,1.97,0.56,0.3,0.11,0.03,,,,,
1538,6299648,3750,19867.87820934987,12397.927786278498,3.81,2136.76,-0.019427462455041677,621.3945841789246,0.9924489494878799,6.91517952e-05,0.9729585,2.0,0.55,0.3,0.12,0.03,,,,,
1539,6303744,3753,19821.18737359698,12373.733597112277,3.81,2134.13,-0.016501859357958892,2436.9554623514414,1.031085681868717,6.913172479999999e-05,0.9263813,2.01,0.55,0.3,0.12,0.03,,,,,
1540,6307840,3756,19852.626361934108,12395.67918166684,3.83,2129.61,-0.010758643494227726,8625.77375343442,1.0445065764943138,6.911165439999999e-05,0.74326336,2.04,0.53,0.32,0.12,0.03,,,,,
1541,6311936,3757,20055.990958914063,12515.60571274843,3.84,2147.92,-0.015435705987329129,1838.4005362093449,0.9666313754860312,6.9091584e-05,0.9621701,2.03,0.53,0.32,0.12,0.03,,,,,
1542,6316032,3759,20270.454215891863,12647.303639071379,3.88,2149.64,-0.010749607768957503,10790.516028672457,1.0401943137403578,6.90715136e-05,0.9677467,2.07,0.52,0.32,0.13,0.03,,,,,
1543,6320128,3762,19827.34139006094,12394.844674373982,3.87,2106.34,-0.01588051917769917,1551.2692273184657,1.0339479786343873,6.90514432e-05,0.90619713,2.1,0.51,0.33,0.13,0.03,,,,,
1544,6324224,3764,20130.848210253564,12588.224892058824,3.9,2134.79,-0.016805552087134856,1935.5146578103304,1.0298932031728327,6.90313728e-05,0.9142433,2.1,0.51,0.33,0.13,0.03,,,,,
1545,6328320,3768,19659.839866225586,12294.668633493086,3.9,2079.71,-0.015056846102197596,2216.520647108555,1.0214942654129118,6.90113024e-05,0.9299496,2.17,0.49,0.33,0.15,0.03,,,,,
1546,6332416,3769,19893.532215553172,12433.26578091559,3.93,2101.29,-0.018674031430236937,1863.3897730708122,1.0138905149651691,6.899123200000001e-05,0.9067587,2.17,0.49,0.33,0.15,0.03,,,,,
1547,6336512,3771,19260.48112573795,12038.620661176723,3.88,2055.27,-0.020390663947182475,966.8405899852514,1.0454260812839493,6.897116160000001e-05,0.913645,2.17,0.49,0.33,0.15,0.03,,,,,
1548,6340608,3773,19403.572898951214,12130.259929052649,3.86,2073.94,-0.00996881653827586,1410.2910966575146,1.0326833851868287,6.895109120000001e-05,0.84556335,2.13,0.5,0.33,0.14,0.03,,,,,
1549,6344704,3775,19271.368300249356,12049.221114042151,3.85,2063.72,-0.016063878370914608,1487.6037147343159,1.0142340905731544,6.893102080000001e-05,0.93659306,2.13,0.5,0.33,0.14,0.03,,,,,
1550,6348800,3776,19302.227356684623,12053.61719608621,3.84,2070.1,-0.009208155089254433,3706.960673481226,0.998132398002781,6.891095040000001e-05,0.91310024,2.11,0.51,0.32,0.14,0.03,18212.986058414368,11741.437239986595,4.4,1814.6,0.0
1551,6352896,3779,19260.28279386526,12039.294736404605,3.85,2061.27,-0.01294918669918843,4204.009568452835,1.0581515664234757,6.889088e-05,0.77119666,2.14,0.5,0.32,0.15,0.03,,,,,
1552,6356992,3780,19528.13801261444,12204.946802699389,3.88,2073.39,-0.009881613172638026,10551.165951430798,1.0135568050900474,6.88708096e-05,0.9219737,2.16,0.5,0.31,0.16,0.03,,,,,
1553,6361088,3785,19153.870923489387,11990.112028396972,3.89,2032.15,-0.019211571897358226,1819.4695267230272,1.0644877041922882,6.88507392e-05,0.8692128,2.23,0.48,0.31,0.18,0.03,,,,,
1554,6365184,3787,18670.189767109918,11678.776893503857,3.9,1983.28,-0.017194956224557245,1422.763701915741,1.0402486955281347,6.88306688e-05,0.9507975,2.29,0.46,0.32,0.19,0.03,,,,,
1555,6369280,3789,18489.277906680694,11582.339849005983,3.9,1964.0,-0.012798523310266319,4416.498069822788,0.980793439084664,6.88105984e-05,0.9435296,2.31,0.45,0.33,0.19,0.03,,,,,
1556,6373376,3793,18148.967848622655,11403.431834079283,3.96,1926.24,-0.017891704444991774,3763.7278106808662,1.0562402678187937,6.8790528e-05,0.9295753,2.41,0.42,0.34,0.2,0.04,,,,,
1557,6377472,3795,18208.50187797561,11445.493781774307,3.99,1926.12,-0.008464201382594183,7108.561867594719,0.9829981625080109,6.87704576e-05,0.6960002,2.45,0.4,0.35,0.21,0.04,,,,,
1558,6381568,3796,18678.111744680664,11744.888807533327,4.02,1954.18,-0.010173286624194589,25194.676369845867,1.048606329364702,6.87503872e-05,0.93086773,2.45,0.4,0.35,0.21,0.04,,,,,
1559,6385664,3797,18602.40104585751,11693.147236823668,4.01,1947.62,-0.011342401630827226,3112.6987145394087,0.9833389839623123,6.87303168e-05,0.9693605,2.45,0.4,0.35,0.21,0.04,,,,,
1560,6389760,3798,18990.39166558901,11943.50699908617,4.04,1970.94,-0.013206500324486115,8083.4947727918625,1.015344334882684,6.87102464e-05,0.91048783,2.46,0.39,0.36,0.21,0.04,,,,,
1561,6393856,3801,19161.637960710574,12051.125026538597,4.04,1988.81,-0.01403842071431427,2972.8541219234467,1.023887999705039,6.8690176e-05,0.8160869,2.44,0.39,0.37,0.2,0.04,,,,,
1562,6397952,3803,18690.995211397254,11761.414035772497,4.0,1947.84,-0.013890279707084119,3442.416442155838,1.0289995026541874,6.86701056e-05,0.91189075,2.44,0.39,0.37,0.2,0.04,,,,,
1563,6402048,3804,19243.23623784528,12088.369587098781,4.02,1983.25,-0.009207165579027787,8998.14678505063,0.9285309960832819,6.86500352e-05,0.93273497,2.42,0.39,0.38,0.19,0.04,,,,,
1564,6406144,3806,18851.56245908261,11848.060186273482,4.02,1944.77,-0.015696047142228053,1569.9310819804668,1.010170122841373,6.862996479999999e-05,0.94211173,2.46,0.37,0.39,0.2,0.04,,,,,
1565,6410240,3808,19164.104048126133,12039.706155008327,4.01,1972.91,-0.015068296320350782,2014.8747711777687,0.988066115998663,6.860989439999999e-05,0.9402695,2.42,0.38,0.39,0.19,0.04,,,,,
1566,6414336,3809,19480.356363451687,12243.501899865112,4.0,2003.06,-0.01435456111721578,4694.088459521532,1.0196870901854709,6.858982399999999e-05,0.9513725,2.38,0.38,0.4,0.19,0.03,,,,,
1567,6418432,3811,19570.84200799902,12301.738320480219,3.97,2016.47,-0.019090305500867544,983.9831424951553,1.0119656997267157,6.856975359999999e-05,0.87414724,2.34,0.39,0.39,0.2,0.02,,,,,
1568,6422528,3812,20050.544365812617,12606.116244253626,4.01,2057.58,-0.013354954510759853,6323.062747269869,0.9712511042598635,6.85496832e-05,0.94253856,2.34,0.39,0.39,0.2,0.02,,,,,
1569,6426624,3814,20039.195339584487,12596.683750683085,4.02,2047.9,-0.012876146587586845,4201.952142089605,1.0747675718739629,6.85296128e-05,0.96639675,2.36,0.38,0.4,0.2,0.02,,,,,
1570,6430720,3817,20167.299460190683,12658.854640888709,3.97,2063.39,-0.01913993739617581,1121.6195538640022,0.9879968493478373,6.85095424e-05,0.9184491,2.3,0.39,0.41,0.18,0.02,,,,,
1571,6434816,3819,20090.984540698053,12604.493331355883,3.97,2049.78,-0.01471958834099496,1858.541810065508,0.9901223797351122,6.848947200000001e-05,0.9593214,2.31,0.38,0.43,0.17,0.02,,,,,
1572,6438912,3820,19739.153531526634,12380.268958947849,3.95,2028.11,-0.011615497757702542,3259.3719975948334,0.9351318620610982,6.846940160000001e-05,0.95144147,2.31,0.38,0.43,0.17,0.02,,,,,
1573,6443008,3823,19823.876525929216,12465.954431018728,3.93,2041.17,-0.011856571464704757,5185.942313283682,1.0076675788732246,6.844933120000001e-05,0.8799521,2.28,0.39,0.43,0.17,0.01,,,,,
1574,6447104,3824,20229.06654828128,12701.58445368264,3.97,2066.76,-0.014842586848317296,2089.853182286024,0.9943383717909455,6.842926080000001e-05,0.9714038,2.29,0.38,0.44,0.17,0.01,,,,,
1575,6451200,3826,20195.46883302387,12679.927759064278,4.0,2067.73,-0.013100201384077081,5436.266514509916,1.0082442987477407,6.840919040000001e-05,0.91219276,2.32,0.37,0.44,0.18,0.01,14064.269562442414,9006.261276846839,4.1,1546.5666666666666,0.0
1576,6455296,3828,20389.465797328194,12815.09724298077,4.01,2078.53,-0.011955405348999193,9462.126598626375,1.0065334882820025,6.838912000000001e-05,0.9651455,2.32,0.37,0.44,0.18,0.01,,,,,
1577,6459392,3831,19428.707640749057,12224.160846095076,3.93,2004.58,-0.019686777326569427,1484.8062064051628,1.018374684615992,6.83690496e-05,0.9291248,2.32,0.37,0.44,0.18,0.01,,,,,
1578,6463488,3835,19183.844467360504,12093.397731942407,3.9,1979.6,-0.0220065417497608,1709.7561362087727,0.9920813427306712,6.83489792e-05,0.8966211,2.31,0.36,0.46,0.17,0.01,,,,,
1579,6467584,3838,19113.496237141382,12054.843935144798,3.95,1968.04,-0.017982695790124126,1274.339804455638,0.9968860144726932,6.83289088e-05,0.9350708,2.37,0.35,0.46,0.17,0.02,,,,,
1580,6471680,3840,19100.328142026126,12048.185243861924,3.96,1964.65,-0.010247315931337653,3250.8817466944456,0.9279934236546978,6.83088384e-05,0.91174144,2.38,0.35,0.46,0.17,0.02,,,,,
1581,6475776,3842,19232.433998988403,12131.926394544851,3.97,1979.4,-0.018475010244401346,1266.726064324379,0.9633698593825102,6.8288768e-05,0.9471156,2.38,0.36,0.44,0.18,0.02,,,,,
1582,6479872,3844,19184.64039409939,12093.066073283686,3.97,1970.84,-0.014471259788479074,3164.425796687603,1.0165833379141986,6.82686976e-05,0.8795911,2.39,0.36,0.44,0.18,0.02,,,,,
1583,6483968,3844,19184.64039409939,12093.066073283686,3.97,1970.84,-0.0107584892621162,2031.5687736272812,0.9001165521331131,6.82486272e-05,0.9662237,2.39,0.36,0.44,0.18,0.02,,,,,
1584,6488064,3845,19875.496980583943,12529.70236619208,4.02,2014.92,-0.009678228612756357,26777.302803903818,0.9429714053403586,6.82285568e-05,0.9186121,2.39,0.36,0.44,0.18,0.02,,,,,
1585,6492160,3848,19212.26791184263,12120.99603035789,3.97,1962.92,-0.01587185623429832,1718.474868685007,1.055646996712312,6.82084864e-05,0.80476946,2.39,0.36,0.44,0.18,0.02,,,,,
1586,6496256,3850,19310.89436740122,12176.014659902025,3.98,1977.53,-0.006014840340412775,7659.178719654679,1.0134188195224851,6.8188416e-05,0.39459217,2.39,0.37,0.43,0.17,0.03,,,,,
1587,6500352,3854,18922.083418336766,11969.378657291056,3.97,1939.11,-0.012870688457041979,3792.2459076046944,1.0387878367910162,6.81683456e-05,0.89164096,2.42,0.36,0.43,0.18,0.03,,,,,
1588,6504448,3856,19108.35117118905,12058.423047658773,3.99,1953.76,-0.013999127795614186,1233.1534194350243,1.00415505701676,6.81482752e-05,0.95228434,2.42,0.37,0.41,0.19,0.03,,,,,
1589,6508544,3857,19016.76997545045,11997.17497013999,3.98,1945.86,-0.015231877549013007,1885.6259142309427,0.9643495811615139,6.812820479999999e-05,0.97494256,2.42,0.37,0.41,0.19,0.03,,,,,
1590,6512640,3858,19545.963095735086,12297.3762829524,4.0,1984.74,-0.00711985395901138,12647.106219947338,1.0061059184372425,6.810813439999999e-05,0.92594594,2.4,0.38,0.4,0.19,0.03,,,,,
1591,6516736,3859,19592.756365547553,12337.68784003649,3.99,1997.87,-0.013650905781105394,3797.5809947550297,0.9677485649008304,6.8088064e-05,0.94958013,2.37,0.39,0.4,0.18,0.03,,,,,
1592,6520832,3862,19775.676181848157,12447.882415720935,4.0,2018.48,-0.02153271449788008,2272.6905276328325,1.0243350386153907,6.80679936e-05,0.8232319,2.37,0.39,0.39,0.19,0.03,,,,,
1593,6524928,3862,19775.676181848157,12447.882415720935,4.0,2018.48,-0.013255638030386763,1574.5171254873276,0.9824525930453092,6.80479232e-05,0.95935845,2.37,0.39,0.39,0.19,0.03,,,,,
1594,6529024,3864,20193.62583230024,12701.575502334681,4.03,2044.74,-0.00859952769769734,14179.185641527176,1.0299620209261775,6.80278528e-05,0.91751343,2.38,0.38,0.4,0.19,0.03,,,,,
1595,6533120,3865,20321.068322578656,12771.332990154076,4.02,2060.96,-0.01742937203925976,1443.8620068728924,0.9780778500717133,6.80077824e-05,0.91694933,2.35,0.39,0.4,0.18,0.03,,,,,
1596,6537216,3867,20612.643413388665,12951.583715844577,4.02,2092.66,-0.015114726025785785,2220.2716785520315,0.9694541093194857,6.7987712e-05,0.9558029,2.31,0.4,0.4,0.17,0.03,,,,,
1597,6541312,3870,20542.13390538611,12926.38821836308,4.05,2081.78,-0.01705586906427925,2020.0635875612497,1.054169264738448,6.79676416e-05,0.9265928,2.36,0.39,0.4,0.18,0.03,,,,,
1598,6545408,3871,20623.42087847019,12989.644742467355,4.06,2088.79,-0.01781845435834839,2182.4236839413643,1.0168660865165293,6.79475712e-05,0.7940507,2.36,0.39,0.4,0.18,0.03,,,,,
1599,6549504,3871,20623.42087847019,12989.644742467355,4.06,2088.79,-0.011274734017206356,9373.094979435205,0.9304730758303776,6.792750080000001e-05,0.9508493,2.36,0.39,0.4,0.18,0.03,,,,,
1600,6553600,3873,21113.401989746228,13307.680639827697,4.1,2117.65,-0.015919388584734406,1713.2524110078812,0.9423067646566778,6.790743040000001e-05,0.9344989,2.37,0.38,0.41,0.18,0.03,20895.29073090322,13162.908163679695,4.6,1996.8333333333333,0.0
1601,6557696,3874,21252.23809598472,13385.052722255901,4.11,2127.6,-0.009773563665476104,2139.621533304453,1.0004974984331056,6.788736000000001e-05,0.9331811,2.37,0.38,0.41,0.18,0.03,,,,,
1602,6561792,3876,21198.073103251132,13345.50935443583,4.11,2121.55,-0.01651261373262969,1599.8132239580154,0.9854048554552719,6.78672896e-05,0.950927,2.38,0.37,0.42,0.18,0.03,,,,,
1603,6565888,3879,21119.46393927174,13300.990143344303,4.11,2116.19,-0.018208035804491374,3154.4693351387978,1.0403128784382716,6.78472192e-05,0.8976017,2.38,0.37,0.42,0.18,0.03,,,,,
1604,6569984,3881,21079.408921912975,13262.908437286735,4.1,2122.8,-0.016402435268901172,1995.6364136189222,0.9662912244675681,6.78271488e-05,0.9108786,2.36,0.37,0.43,0.17,0.03,,,,,
1605,6574080,3882,21306.635974479395,13416.803018303366,4.11,2142.48,-0.008312077668961138,8200.174240261316,1.0023522686678916,6.78070784e-05,0.8945871,2.35,0.37,0.44,0.16,0.03,,,,,
1606,6578176,3883,21614.431948963087,13600.470760604194,4.16,2159.7,-0.009871524445770774,6000.090935379267,0.9430169727420434,6.7787008e-05,0.9434238,2.38,0.37,0.43,0.17,0.03,,,,,
1607,6582272,3884,22401.141721626915,14080.6753531912,4.2,2216.28,-0.005362256720673031,26960.656997531652,0.9570091193309054,6.77669376e-05,0.94099975,2.36,0.38,0.42,0.17,0.03,,,,,
1608,6586368,3886,22619.173515925384,14221.408187116147,4.23,2234.39,-0.015596024580190715,2675.7450601160526,0.972897011321038,6.77468672e-05,0.94403166,2.37,0.38,0.42,0.16,0.04,,,,,
1609,6590464,3888,22707.666197813363,14271.924102941388,4.21,2243.24,-0.014918886005034437,1870.019013106823,0.9891769021051005,6.77267968e-05,0.91152805,2.34,0.38,0.43,0.15,0.04,,,,,
1610,6594560,3889,22527.09499342992,14148.264862882603,4.18,2236.28,-0.015706395426605013,2284.817462384701,0.9956001619575545,6.77067264e-05,0.9614867,2.32,0.39,0.42,0.15,0.04,,,,,
1611,6598656,3890,22791.958064719,14304.783837074308,4.19,2255.46,-0.008686253099767782,3222.3815966695547,0.9621544728288427,6.7686656e-05,0.9348122,2.31,0.39,0.43,0.14,0.04,,,,,
1612,6602752,3893,23324.558796457277,14601.708944010614,4.19,2299.0,-0.014797343733334856,1769.5565952956676,0.9537094156257808,6.76665856e-05,0.9745857,2.26,0.4,0.42,0.15,0.03,,,,,
1613,6606848,3897,22677.61000521414,14183.940440903669,4.15,2251.78,-0.01800019854817947,1890.8243851065636,0.9724192594876513,6.76465152e-05,0.84714615,2.27,0.39,0.44,0.14,0.03,,,,,
1614,6610944,3899,22148.179730553235,13859.341369474118,4.12,2209.93,-0.01421131928145769,3038.726180061698,0.9339387709042057,6.76264448e-05,0.8751493,2.27,0.39,0.44,0.14,0.03,,,,,
1615,6615040,3901,22165.6610611073,13853.50238206582,4.13,2214.17,-0.012589337924509891,1521.2763137668371,0.9846321414224803,6.76063744e-05,0.8191779,2.28,0.4,0.42,0.15,0.03,,,,,
1616,6619136,3903,22070.35883138678,13792.538312828698,4.15,2207.23,-0.019554049994439993,1322.2131401002407,0.9545668150531128,6.7586304e-05,0.90652615,2.31,0.4,0.41,0.16,0.03,,,,,
1617,6623232,3906,21390.32262764031,13389.739852660045,4.07,2169.88,-0.01074373517622007,1809.830248400569,1.0049430318176746,6.75662336e-05,0.8384439,2.27,0.42,0.4,0.15,0.03,,,,,
1618,6627328,3910,20862.411066578283,13045.560421830623,4.06,2122.11,-0.004932116845338896,5739.063805162907,0.9650797208305448,6.75461632e-05,0.7418463,2.31,0.41,0.41,0.15,0.03,,,,,
1619,6631424,3912,20575.401978698002,12847.802442010901,4.04,2095.17,-0.015241912051351392,1325.3859679996967,1.0382641032338142,6.75260928e-05,0.9462184,2.31,0.41,0.41,0.15,0.03,,,,,
1620,6635520,3913,20562.314664796137,12832.3286485131,4.03,2094.76,-0.00680178180027724,5109.980065256357,0.918944557197392,6.75060224e-05,0.85344285,2.3,0.42,0.4,0.15,0.03,,,,,
1621,6639616,3915,20977.611574942508,13106.868665072685,4.07,2127.63,-0.00952148346004833,9457.139798372984,0.9403364763129503,6.7485952e-05,0.90922576,2.3,0.42,0.4,0.15,0.03,,,,,
1622,6643712,3917,20857.63090499254,13034.067344747828,4.06,2118.7,-0.016747315392422024,1250.3728984296322,1.024683453841135,6.74658816e-05,0.8786708,2.3,0.42,0.4,0.15,0.03,,,,,
1623,6647808,3918,21156.63940913633,13217.987896007842,4.07,2147.88,-0.009617298180273792,4558.85400351882,0.966623597429134,6.74458112e-05,0.948228,2.28,0.43,0.39,0.15,0.03,,,,,
1624,6651904,3919,21156.116235493202,13226.336944057175,4.08,2148.58,-0.011773177782743005,3601.564412355423,0.9723086401354522,6.742574080000001e-05,0.9745655,2.29,0.43,0.38,0.16,0.03,,,,,
1625,6656000,3920,21587.901089204242,13495.175064554123,4.1,2175.18,-0.009716877142636804,19757.357432991266,0.9331194654805586,6.740567040000001e-05,0.9421065,2.28,0.43,0.38,0.16,0.03,20663.331826003454,13124.41559444364,4.566666666666666,1974.5,0.0
1626,6660096,3922,21882.805293494752,13684.576973337082,4.14,2190.64,-0.01574128604170255,8377.134308367968,0.9406989457784221,6.738560000000001e-05,0.9579604,2.3,0.43,0.37,0.17,0.03,,,,,
1627,6664192,3924,21409.129990699104,13392.01607901023,4.09,2159.11,-0.013765341225735028,1990.184389591217,0.9451902066357434,6.73655296e-05,0.95166874,2.28,0.44,0.36,0.17,0.03,,,,,
1628,6668288,3926,21447.955214107315,13405.247701009801,4.09,2153.47,-0.01708893651539256,6144.901160776615,0.9719091422157362,6.73454592e-05,0.9623855,2.28,0.44,0.36,0.17,0.03,,,,,
1629,6672384,3928,21449.538342780066,13402.953268458,4.07,2164.1,-0.018288868024683325,2251.554995879531,0.9361246847547591,6.73253888e-05,0.90844256,2.25,0.44,0.37,0.16,0.03,,,,,
1630,6676480,3932,21422.052630460737,13375.077436375708,4.08,2160.31,-0.0170839763359254,1397.9163697361946,0.988168666488491,6.73053184e-05,0.9192897,2.27,0.42,0.39,0.16,0.03,,,,,
1631,6680576,3936,21312.80999097995,13307.243616098178,4.08,2150.16,-0.019801809419732308,1484.380223378539,1.050978737999685,6.7285248e-05,0.8073367,2.29,0.42,0.38,0.17,0.03,,,,,
1632,6684672,3938,21357.712967492058,13333.42756694639,4.03,2159.38,-0.01831312244939909,1580.1409909278154,0.9952778975712135,6.72651776e-05,0.8981519,2.23,0.43,0.38,0.17,0.02,,,,,
1633,6688768,3941,21227.83276086321,13239.901948267521,3.98,2152.87,-0.022238364407712652,839.2297021597624,1.0508505960460752,6.72451072e-05,0.9135217,2.19,0.44,0.38,0.16,0.02,,,,,
1634,6692864,3942,21247.164010970653,13257.518435256841,3.96,2161.69,-0.004828243651900266,13479.24638068676,0.9200780671089888,6.72250368e-05,0.75424397,2.16,0.45,0.38,0.15,0.02,,,,,
1635,6696960,3944,21194.880828987574,13231.14755726435,3.97,2148.11,-0.009894822353089694,5348.881824016571,0.9723887332947925,6.72049664e-05,0.8677441,2.18,0.44,0.39,0.15,0.02,,,,,
1636,6701056,3946,20462.173060141475,12769.323521109938,3.94,2095.25,-0.014530934105096094,2810.324448555708,0.9226296435808763,6.7184896e-05,0.9646467,2.21,0.43,0.39,0.16,0.02,,,,,
1637,6705152,3949,20806.747896408913,12992.031252354616,3.96,2122.84,-0.016911097032789257,3170.4605469703674,0.9585920703830197,6.71648256e-05,0.7655929,2.2,0.43,0.39,0.17,0.01,,,,,
1638,6709248,3950,20833.389261203476,13010.539350759285,3.97,2119.73,-0.012388500578708772,2409.6563392579556,0.9685586779378355,6.71447552e-05,0.92942464,2.21,0.42,0.4,0.17,0.01,,,,,
1639,6713344,3952,20994.801367586766,13081.312136318133,3.95,2132.18,-0.008628489173588605,2447.418423384428,0.9531252961605787,6.71246848e-05,0.9158266,2.17,0.43,0.4,0.16,0.01,,,,,
1640,6717440,3953,21486.199187220867,13388.784729995987,4.0,2172.56,-0.011273493435510318,4784.427981585264,1.0099176920484751,6.710461439999999e-05,0.93028593,2.18,0.42,0.41,0.16,0.01,,,,,
1641,6721536,3955,21486.81389410637,13391.90816243348,4.0,2174.32,-0.019058639807553845,1376.7650423049927,0.9554535303032026,6.708454399999999e-05,0.9027037,2.18,0.42,0.41,0.16,0.01,,,,,
1642,6725632,3957,21440.61947349845,13371.374548824626,3.98,2176.99,-0.015400240245980967,1582.4798186719418,1.002617099089548,6.706447359999999e-05,0.93490857,2.16,0.43,0.41,0.15,0.01,,,,,
1643,6729728,3960,20534.286485883586,12814.78030492718,3.93,2111.06,-0.01483877368082176,1922.7910763919353,1.003538096905686,6.70444032e-05,0.96213907,2.18,0.42,0.42,0.15,0.01,,,,,
1644,6733824,3963,20086.86192425563,12549.458095305226,3.95,2065.81,-0.010297591230482794,3980.45776450634,0.9804600997595116,6.70243328e-05,0.9563038,2.24,0.4,0.42,0.17,0.01,,,,,
1645,6737920,3965,20008.46612084693,12497.407863919783,3.96,2055.46,-0.017374861128701014,2002.5516600608826,0.9738489328883588,6.70042624e-05,0.9369021,2.26,0.4,0.41,0.18,0.01,,,,,
1646,6742016,3968,19761.988369782084,12326.179880878823,3.95,2033.29,-0.01868024683335534,1266.0065882354975,0.9951996761374176,6.698419200000001e-05,0.8652108,2.28,0.39,0.42,0.17,0.02,,,,,
1647,6746112,3970,19638.77066663533,12242.725019859989,3.93,2022.15,-0.013469530325892265,3262.540682449937,0.9478668580995873,6.696412160000001e-05,0.9469615,2.27,0.39,0.42,0.17,0.02,,,,,
1648,6750208,3971,20261.92461957086,12635.599591558897,3.97,2061.19,-0.0073392426393184,24808.625603228807,0.9624534306349233,6.694405120000001e-05,0.9499001,2.28,0.38,0.43,0.17,0.02,,,,,
1649,6754304,3972,19952.522275009636,12424.1317010052,3.95,2039.99,-0.016029813165914675,964.388910934329,1.0077493066200987,6.692398080000001e-05,0.9737683,2.28,0.38,0.43,0.17,0.02,,,,,
1650,6758400,3972,19952.522275009636,12424.1317010052,3.95,2039.99,-0.012830522799049504,1992.406967073679,0.9095895242644474,6.690391040000001e-05,0.9565485,2.28,0.38,0.43,0.17,0.02,14985.752644552435,9549.6676962862,4.2,1561.1,0.0
1651,6762496,3975,19990.360209523147,12486.394974752213,3.98,2035.45,-0.007809591705154162,13326.085830807686,0.9674150142818689,6.688384000000001e-05,0.9254042,2.32,0.38,0.42,0.18,0.02,,,,,
1652,6766592,3976,20217.679393833503,12628.341668256411,3.99,2056.3,-0.01458641202225408,4203.078011959791,0.9437393747502938,6.68637696e-05,0.8941342,2.31,0.39,0.41,0.18,0.02,,,,,
1653,6770688,3978,20357.663243184652,12710.737158051625,3.98,2070.77,-0.014608638736717694,4707.482611387968,0.9747396871680394,6.68436992e-05,0.9248798,2.28,0.4,0.41,0.17,0.02,,,,,
1654,6774784,3980,20311.751298839285,12687.016265544686,3.99,2064.03,-0.018821698333340464,1883.5058041363955,0.9750206611352041,6.68236288e-05,0.95390165,2.3,0.4,0.4,0.18,0.02,,,,,
1655,6778880,3982,20393.18424039406,12738.542904545431,3.99,2061.2,-0.010161347598113935,10383.763862162828,0.9969320171512663,6.68035584e-05,0.95428723,2.3,0.4,0.4,0.18,0.02,,,,,
1656,6782976,3984,19560.99723707101,12214.114578965211,3.91,2011.34,-0.014519501123686496,1566.082251816988,0.92859248269815,6.6783488e-05,0.92566794,2.27,0.4,0.41,0.17,0.02,,,,,
1657,6787072,3986,19338.361974069463,12071.72682440425,3.84,1997.25,-0.020541096877423115,1911.744764894247,0.9853095171274617,6.67634176e-05,0.9052151,2.21,0.42,0.4,0.17,0.01,,,,,
1658,6791168,3988,19280.872404284815,12047.84945163278,3.83,1997.64,-0.02185060139890993,2226.355168759823,1.0256289695389569,6.67433472e-05,0.84931487,2.2,0.43,0.39,0.17,0.01,,,,,
1659,6795264,3989,19638.92990598571,12272.474007012279,3.86,2022.65,-0.009530755914056499,3808.359890818596,0.9269909693393856,6.67232768e-05,0.9380678,2.2,0.43,0.39,0.17,0.01,,,,,
1660,6799360,3991,19268.189630795096,12035.952149155017,3.82,1996.1,-0.016714047071218374,1768.8152409344912,1.002163394819945,6.67032064e-05,0.9094033,2.19,0.43,0.39,0.17,0.01,,,,,
1661,6803456,3993,19055.894322762124,11906.702748670536,3.78,1986.36,-0.017972260646274663,1239.7023990303278,0.9815699170576409,6.6683136e-05,0.9520965,2.16,0.44,0.39,0.16,0.01,,,,,
1662,6807552,3994,19595.601228547213,12257.036334608374,3.81,2028.09,-0.011521960906065942,7926.429708510637,0.9037467201706022,6.66630656e-05,0.9523057,2.15,0.44,0.39,0.16,0.01,,,,,
1663,6811648,3996,19709.04192108215,12327.280720586705,3.78,2041.98,-0.02168232527674263,1626.8950650319457,1.0216491770697758,6.66429952e-05,0.81945133,2.1,0.45,0.39,0.15,0.01,,,,,
1664,6815744,3999,19552.839664773546,12231.750569669672,3.75,2032.69,-0.018680086038330046,1331.4980913847685,0.9220737502910197,6.66229248e-05,0.9014371,2.08,0.47,0.37,0.15,0.01,,,,,
1665,6819840,4002,19405.016392405334,12151.474907975842,3.74,2015.09,-0.017087353330680344,1859.3138976991177,0.9406220414675772,6.660285439999999e-05,0.93039036,2.08,0.46,0.38,0.15,0.01,,,,,
1666,6823936,4003,19669.862256044926,12326.010630792478,3.74,2039.11,-0.016198784174775938,3233.704327136278,1.0324903737055138,6.658278399999999e-05,0.9375399,2.05,0.46,0.39,0.14,0.01,,,,,
1667,6828032,4004,20232.983610132836,12672.460186299553,3.78,2077.12,-0.011026263799067237,5954.024907141924,0.9390173627762124,6.656271359999999e-05,0.968542,2.05,0.46,0.39,0.14,0.01,,,,,
1668,6832128,4006,20542.500981129397,12853.727243143008,3.8,2106.54,-0.01631376759542036,1621.847434207797,0.973591961665079,6.654264319999999e-05,0.92812204,2.04,0.46,0.39,0.14,0.01,,,,,
1669,6836224,4007,20809.24450539816,13008.653964696585,3.82,2128.46,-0.017526763627756736,1545.5681034773588,0.9553892288822681,6.65225728e-05,0.9555884,2.04,0.46,0.39,0.14,0.01,,,,,
1670,6840320,4008,20892.149407554687,13063.640070487363,3.82,2138.53,-0.010489626614798908,2511.3257971405983,0.9425195473013446,6.65025024e-05,0.94078904,2.03,0.46,0.39,0.14,0.01,,,,,
1671,6844416,4010,21051.860670487597,13154.108570853965,3.8,2159.01,-0.006908949687385757,5222.123849526048,0.9177336833672598,6.6482432e-05,0.47036314,1.99,0.47,0.39,0.13,0.01,,,,,
1672,6848512,4011,21224.7060351595,13265.049738515423,3.81,2174.15,-0.01633080251303909,3269.127167791128,0.9408438495593145,6.64623616e-05,0.92752975,1.99,0.47,0.39,0.13,0.01,,,,,
1673,6852608,4014,20969.248088949884,13113.0300285495,3.8,2158.07,-0.012680840511620772,4821.372778832912,0.9946764875203371,6.644229120000001e-05,0.68111384,2.0,0.46,0.4,0.13,0.01,,,,,
1674,6856704,4017,20593.604179515387,12876.914608993387,3.76,2132.39,-0.023169900880020577,781.899493098259,1.0047356893774122,6.642222080000001e-05,0.8766401,1.99,0.47,0.39,0.13,0.01,,,,,
1675,6860800,4018,20432.443429049847,12779.168844898903,3.75,2118.76,-0.011654666891445231,3965.6136788725853,0.9758434176910669,6.640215040000001e-05,0.94811034,1.99,0.47,0.39,0.13,0.01,15578.103038752522,9705.713069818115,4.266666666666667,1594.5666666666666,0.0
1676,6864896,4020,20212.850564677814,12611.911532353324,3.73,2102.0,-0.008304265067636152,6267.009309262037,0.943917652242817,6.638208000000001e-05,0.95478284,1.99,0.47,0.4,0.12,0.01,,,,,
1677,6868992,4021,20427.807941101863,12741.627438974452,3.75,2119.34,-0.0170542484975158,3032.537710979581,0.9854815063299611,6.636200960000001e-05,0.9409868,1.99,0.47,0.4,0.12,0.01,,,,,
1678,6873088,4023,20167.87848476305,12573.028042816766,3.7,2103.06,-0.016591229836194543,2577.5133837759495,0.9791158060543239,6.63419392e-05,0.91993415,1.96,0.47,0.41,0.11,0.01,,,,,
1679,6877184,4026,19832.878348170085,12365.094789007047,3.69,2079.81,-0.020934969257723424,995.1838442832232,0.9947497064713389,6.63218688e-05,0.9696611,1.98,0.47,0.41,0.11,0.01,,,,,
1680,6881280,4029,19724.475129155242,12284.596149361618,3.65,2065.97,-0.0161550748262016,1642.9790844023228,1.0016929332632571,6.63017984e-05,0.9537569,1.96,0.49,0.39,0.11,0.01,,,,,
1681,6885376,4031,20010.98193585987,12453.330629801923,3.68,2085.41,-0.013992361798955244,1352.598907276988,0.9843561177840456,6.6281728e-05,0.96929157,1.96,0.49,0.39,0.11,0.01,,,,,
1682,6889472,4034,20272.761400379677,12595.193408483909,3.72,2102.22,-0.009476513887420879,4410.414574384689,1.011784314061515,6.62616576e-05,0.8934331,1.98,0.49,0.38,0.12,0.01,,,,,
1683,6893568,4037,20518.771935642737,12743.579433139435,3.76,2119.42,-0.018653096401976654,2377.5551640093327,0.9654037923319265,6.62415872e-05,0.68024534,2.0,0.48,0.39,0.12,0.01,,,,,
1684,6897664,4041,20261.565390470907,12608.091207291696,3.8,2093.24,-0.01660086232368485,3841.130667999387,1.0262593947118148,6.62215168e-05,0.02097702,2.08,0.47,0.38,0.13,0.02,,,,,
1685,6901760,4043,20058.08161993726,12490.102075374241,3.81,2076.92,-0.011671325117276865,3913.7922985851765,0.9996997393900529,6.62014464e-05,0.88251173,2.11,0.46,0.38,0.14,0.02,,,,,
1686,6905856,4045,20034.306088048215,12460.299040347645,3.8,2074.16,-0.017586136049430934,1460.0875727832317,0.9867678026203066,6.6181376e-05,0.941593,2.1,0.46,0.38,0.14,0.02,,,,,
1687,6909952,4047,19972.995554943016,12435.888052044245,3.79,2077.05,-0.015386869016765559,3410.7818468511105,0.9699506293982267,6.61613056e-05,0.87128085,2.09,0.47,0.37,0.14,0.02,,,,,
1688,6914048,4050,19823.36251715937,12336.487679980763,3.75,2064.84,-0.02119722845236538,720.8741988241673,0.9853953281417489,6.61412352e-05,0.9306277,2.06,0.48,0.37,0.13,0.02,,,,,
1689,6918144,4051,19609.844796854053,12197.195969131699,3.72,2051.43,-0.0170952157186548,2599.200725674629,0.9177082701353356,6.61211648e-05,0.9114274,2.05,0.49,0.36,0.13,0.02,,,,,
1690,6922240,4053,19407.166544604846,12073.816065640089,3.71,2036.68,-0.015227975396555848,2398.1118382513523,0.9921455287840217,6.610109439999999e-05,0.94109285,2.05,0.49,0.36,0.13,0.02,,,,,
1691,6926336,4056,19610.915065305602,12213.243869273696,3.75,2045.8,-0.011658973119665461,2925.4597107470036,0.9834364897105843,6.6081024e-05,0.9309222,2.08,0.48,0.36,0.14,0.02,,,,,
1692,6930432,4057,19604.23335990354,12209.504086645418,3.75,2045.35,-0.011432057758611336,1509.6613487899303,0.9341570257674903,6.60609536e-05,0.96238226,2.08,0.48,0.36,0.14,0.02,,,,,
1693,6934528,4058,20137.63401539454,12532.03474666144,3.78,2074.1,-0.010459073029778665,21981.916183382273,0.9585730414837599,6.60408832e-05,0.9510312,2.08,0.48,0.36,0.14,0.02,,,,,
1694,6938624,4061,19891.102744531425,12375.926544347156,3.73,2058.98,-0.019559603941161186,1809.2161788195372,0.9600237658014521,6.60208128e-05,0.89473194,2.05,0.49,0.36,0.13,0.02,,,,,
1695,6942720,4064,19841.486023332876,12345.62495619412,3.67,2063.07,-0.020248294647899456,1403.3569611907005,0.9906950653530657,6.60007424e-05,0.7650705,1.99,0.51,0.36,0.11,0.02,,,,,
1696,6946816,4068,19744.696060398714,12294.582440754139,3.62,2059.81,-0.016635928520372545,2408.762850359082,1.0007031053537503,6.5980672e-05,0.8291861,1.94,0.52,0.37,0.1,0.01,,,,,
1697,6950912,4069,19916.028213033318,12405.61738657024,3.64,2070.32,-0.01762768688968208,2104.8093929439783,0.9633161596721038,6.59606016e-05,0.9536466,1.95,0.51,0.38,0.1,0.01,,,,,
1698,6955008,4070,20294.485879252512,12640.271031013319,3.67,2105.34,-0.013450778627884574,2674.8257604837418,0.9518665629439056,6.59405312e-05,0.9502338,1.94,0.52,0.37,0.1,0.01,,,,,
1699,6959104,4072,19449.88304080268,12112.956583756337,3.62,2045.0,-0.013118420748469362,3497.0482893437147,0.9506293786689639,6.59204608e-05,0.9407558,1.95,0.51,0.38,0.1,0.01,,,,,
1700,6963200,4074,19052.792702536914,11844.682913208344,3.58,2021.23,-0.0179582568071055,963.6506160199642,0.9515945855528116,6.590039040000001e-05,0.94723386,1.93,0.52,0.37,0.1,0.01,22023.96958142532,13869.058008878468,4.7,2080.4666666666667,0.0
1701,6967296,4075,19328.97088803009,12001.719123064617,3.57,2049.54,-0.01225780832919554,1875.7572138160467,0.9213758602272719,6.588032000000001e-05,0.94114304,1.89,0.53,0.37,0.09,0.01,,,,,
1702,6971392,4078,18931.047375229595,11750.058949437405,3.53,2015.54,-0.01752033130651398,2025.2627979665995,0.977845171932131,6.586024960000001e-05,0.9048191,1.89,0.52,0.38,0.09,0.01,,,,,
1703,6975488,4080,19003.27816323316,11808.465692606003,3.57,2021.1,-0.016591488391895837,3000.1136927455664,0.9840533186215907,6.58401792e-05,0.94824827,1.92,0.51,0.39,0.08,0.02,,,,,
1704,6979584,4082,18700.32837585826,11611.5265818791,3.56,2004.89,-0.01204169284847012,5902.30334186554,0.9630304288584739,6.58201088e-05,0.91995573,1.93,0.51,0.38,0.09,0.02,,,,,
1705,6983680,4082,18700.32837585826,11611.5265818791,3.56,2004.89,-0.011498412774017197,7565.157710164785,0.9463887885212898,6.58000384e-05,0.954802,1.93,0.51,0.38,0.09,0.02,,,,,
1706,6987776,4085,19072.61268936138,11876.198831867034,3.6,2025.86,-0.015841770165934577,3147.3793879151344,0.9797035889932886,6.5779968e-05,0.9399112,1.96,0.49,0.4,0.09,0.02,,,,,
1707,6991872,4085,19072.61268936138,11876.198831867034,3.6,2025.86,-0.010923481728241313,3845.456335246563,0.830068429466337,6.57598976e-05,0.96316266,1.96,0.49,0.4,0.09,0.02,,,,,
1708,6995968,4086,19760.85079261295,12308.073785508424,3.66,2077.83,-0.011495026577904355,9464.530228286982,0.9664613937493414,6.57398272e-05,0.96228284,1.96,0.49,0.4,0.09,0.02,,,,,
1709,7000064,4087,19957.239531108837,12434.832878724603,3.69,2085.42,-0.012845754333284276,3732.1768887341022,0.9491380447288975,6.57197568e-05,0.95464617,1.98,0.48,0.41,0.09,0.02,,,,,
1710,7004160,4090,19797.196133763176,12323.53696841127,3.69,2070.72,-0.01686875007908384,1474.4254965484142,0.985267604701221,6.56996864e-05,0.91640425,2.0,0.47,0.42,0.09,0.02,,,,,
1711,7008256,4094,19032.71568470259,11863.899521683968,3.72,2001.97,-0.01618813943969144,2987.298509299755,0.9156161602586508,6.5679616e-05,0.94565105,2.1,0.46,0.4,0.12,0.02,,,,,
1712,7012352,4096,19117.98804714106,11909.527492697547,3.75,2002.5,-0.015400264268464525,1507.901357486844,0.9618905003881082,6.56595456e-05,0.9662233,2.13,0.45,0.41,0.12,0.02,,,,,
1713,7016448,4096,19117.98804714106,11909.527492697547,3.75,2002.5,-0.010864961110200966,21223.8089787066,0.9606066623236984,6.56394752e-05,0.96923393,2.13,0.45,0.41,0.12,0.02,,,,,
1714,7020544,4097,19871.28145605619,12372.648645777332,3.8,2054.11,-0.015327991257436224,1093.4674556702375,0.948916929657571,6.56194048e-05,0.96023566,2.13,0.45,0.41,0.12,0.02,,,,,
1715,7024640,4099,20407.391112809106,12685.270069714077,3.85,2101.77,-0.01271993878071953,1118.6168295741081,0.9493565472075716,6.55993344e-05,0.96747166,2.13,0.45,0.41,0.12,0.02,,,,,
1716,7028736,4100,20339.454481238565,12640.50378695679,3.85,2091.97,-0.012518096305939252,2311.7853546589613,0.9420436547370628,6.557926399999999e-05,0.93082696,2.14,0.44,0.42,0.12,0.02,,,,,
1717,7032832,4101,21002.770542582828,13048.113184967733,3.88,2142.38,-0.010003736349972314,6133.869912296534,0.9536526501178741,6.55591936e-05,0.9538978,2.12,0.44,0.43,0.11,0.02,,,,,
1718,7036928,4104,20462.31279023078,12711.107587463523,3.87,2096.69,-0.014080421646212926,3509.1222704052925,0.9233883128035814,6.55391232e-05,0.9469925,2.16,0.43,0.43,0.12,0.02,,,,,
1719,7041024,4106,20228.921030357036,12560.834785762127,3.89,2069.94,-0.01637923293219501,5283.856624171138,0.9552114544203505,6.55190528e-05,0.9683927,2.21,0.42,0.43,0.12,0.03,,,,,
1720,7045120,4108,20288.062891920734,12621.443345766012,3.92,2059.25,-0.013455173138027021,17322.009553015232,0.9208014955511317,6.54989824e-05,0.9341626,2.25,0.41,0.43,0.13,0.03,,,,,
1721,7049216,4109,20239.96894788979,12590.500904394788,3.92,2052.97,-0.013786033920041518,2858.89729064703,0.9291087040910497,6.5478912e-05,0.97173244,2.25,0.41,0.43,0.13,0.03,,,,,
1722,7053312,4111,20210.221138607725,12599.148847279635,3.92,2039.45,-0.01218279395106947,7396.053581297398,0.9282066700980067,6.54588416e-05,0.9698754,2.27,0.4,0.44,0.13,0.03,,,,,
1723,7057408,4113,20303.84925957897,12648.868255973966,3.92,2051.11,-0.015094433238118654,1751.241632938385,1.0003780242986977,6.54387712e-05,0.92517114,2.26,0.41,0.43,0.13,0.03,,,,,
1724,7061504,4116,20370.270792700398,12688.808440197818,3.95,2056.37,-0.009601040703273611,1686.3233870714903,0.9470118976896629,6.541870080000001e-05,0.7971351,2.28,0.41,0.42,0.14,0.03,,,,,
1725,7065600,4120,19579.084685995505,12213.29180364279,3.92,2002.31,-0.016393167335991166,1531.0079400539398,1.0263208624674007,6.539863040000001e-05,0.7820292,2.31,0.41,0.4,0.16,0.03,20201.541656705605,12930.738356900603,4.6,1912.8333333333333,0.0
1726,7069696,4121,19512.33297054868,12159.525654656982,3.91,1997.66,-0.010960227429677616,6357.342196673155,0.869091690517962,6.537856000000001e-05,0.8567593,2.31,0.41,0.4,0.16,0.03,,,,,
1727,7073792,4122,19684.844586585765,12257.59954372075,3.96,2006.95,-0.011854310143462499,1918.2778579443693,0.8652350866468623,6.535848960000001e-05,0.95592594,2.35,0.4,0.4,0.17,0.03,,,,,
1728,7077888,4124,20158.792119335252,12560.416428580176,4.0,2040.38,-0.010964996410621097,6361.085091561079,0.8979014696087688,6.53384192e-05,0.963073,2.35,0.41,0.38,0.18,0.03,,,,,
1729,7081984,4126,20652.516129588672,12865.69756776388,4.03,2076.45,-0.012234114001330454,2413.7708651274443,0.9491779961390421,6.53183488e-05,0.97586113,2.34,0.41,0.38,0.18,0.03,,,,,
1730,7086080,4130,20080.440081536584,12534.366896706533,4.04,2028.41,-0.013316986494828598,2582.9536414295435,1.020450854790397,6.52982784e-05,0.8806271,2.4,0.38,0.4,0.19,0.03,,,,,
1731,7090176,4133,20223.12718605218,12620.117663384899,4.04,2040.78,-0.015984924221811525,713.0025876760483,0.9700337827671319,6.5278208e-05,0.96185213,2.38,0.38,0.41,0.18,0.03,,,,,
1732,7094272,4133,20223.12718605218,12620.117663384899,4.04,2040.78,-0.014798293643252691,2133.2095471322536,0.9764318979578093,6.52581376e-05,0.93691045,2.38,0.38,0.41,0.18,0.03,,,,,
1733,7098368,4134,20781.89233345364,12973.140105436314,4.05,2088.76,-0.009503815803327598,12393.532418102026,0.9909215831430629,6.52380672e-05,0.9065116,2.34,0.39,0.41,0.17,0.03,,,,,
1734,7102464,4136,20715.87638311263,12938.473621926685,4.04,2086.84,-0.017034464348398615,1994.9655640125275,0.9600435185711831,6.52179968e-05,0.9189371,2.33,0.39,0.41,0.17,0.03,,,,,
1735,7106560,4138,21214.07718082792,13229.645800736102,4.08,2115.01,-0.011362831712176558,6201.8098139464855,0.8979078950360417,6.51979264e-05,0.9559458,2.33,0.39,0.41,0.17,0.03,,,,,
1736,7110656,4140,21296.63835926361,13268.57421249955,4.05,2123.73,-0.01622307373327203,651.4554368257523,0.9576139934360981,6.5177856e-05,0.94454443,2.28,0.4,0.41,0.17,0.02,,,,,
1737,7114752,4142,21496.860643129912,13380.034353936606,4.05,2140.25,-0.021256488280414487,824.8032918274403,0.9957980739418417,6.51577856e-05,0.9776577,2.26,0.41,0.41,0.16,0.02,,,,,
1738,7118848,4144,21676.156011802854,13487.460858386166,4.08,2149.45,-0.016763426323450403,2314.235792219639,1.0029481274541467,6.51377152e-05,0.97430605,2.28,0.4,0.42,0.15,0.03,,,,,
1739,7122944,4145,21829.666378420032,13602.910592789773,4.11,2158.95,-0.01694101799694181,2807.900077164173,1.0019290414638817,6.51176448e-05,0.96180046,2.3,0.4,0.41,0.16,0.03,,,,,
1740,7127040,4147,22065.5372142202,13738.950711851983,4.11,2179.65,-0.013963595319182787,3585.4327181875706,0.9857172260526568,6.50975744e-05,0.9160608,2.27,0.4,0.42,0.15,0.03,,,,,
1741,7131136,4149,22268.924447875317,13853.742197996231,4.14,2196.85,-0.020233527578056965,819.3909785449505,0.9753457588376477,6.507750399999999e-05,0.9450504,2.28,0.4,0.42,0.15,0.03,,,,,
1742,7135232,4151,22269.805111463826,13877.063186456724,4.16,2186.75,-0.01182743951176235,4911.178173899651,0.9918371370295063,6.505743359999999e-05,0.94926125,2.31,0.39,0.42,0.16,0.03,,,,,
1743,7139328,4152,22140.728538405627,13811.854533329779,4.17,2169.08,-0.014157742034512921,2331.609495073557,0.9750068866414949,6.503736319999999e-05,0.9805164,2.34,0.38,0.42,0.17,0.03,,,,,
1744,7143424,4155,22219.238059689604,13835.628263081699,4.18,2174.14,-0.018776048816107505,1459.8701240122318,0.999341519549489,6.50172928e-05,0.9534809,2.34,0.39,0.41,0.17,0.03,,,,,
1745,7147520,4157,22452.360877262847,13998.71905353634,4.18,2203.45,-0.01356593497985159,2082.9634729772806,0.9506244719959795,6.49972224e-05,0.91185975,2.31,0.4,0.4,0.17,0.03,,,,,
1746,7151616,4157,22452.360877262847,13998.71905353634,4.18,2203.45,-0.01171937643448473,3038.948664367199,0.9354538765037432,6.4977152e-05,0.9385736,2.31,0.4,0.4,0.17,0.03,,,,,
1747,7155712,4159,22155.926725498422,13832.095685576869,4.18,2181.93,-0.006299906567619473,16150.771824002266,1.0455104182474315,6.495708160000001e-05,0.78541213,2.34,0.39,0.4,0.18,0.03,,,,,
1748,7159808,4160,22569.442082684665,14079.876445627644,4.22,2217.85,-0.010912781351180456,7655.1600414812565,0.9747058368520811,6.493701120000001e-05,0.823917,2.34,0.39,0.4,0.18,0.03,,,,,
1749,7163904,4163,22628.325714429207,14121.05704703736,4.24,2219.59,-0.01634719675166707,1904.8941730856895,1.0287335745524615,6.491694080000001e-05,0.8664142,2.36,0.37,0.42,0.18,0.03,,,,,
1750,7168000,4164,22687.188189758665,14160.62604699585,4.25,2225.61,-0.014041565493698727,5362.106851160526,0.9437490707496181,6.489687040000001e-05,0.92066526,2.36,0.37,0.42,0.18,0.03,19792.674571266703,12686.442794463434,4.466666666666667,1884.4333333333334,0.0
1751,7172096,4165,23105.737064465986,14430.060145275078,4.29,2252.01,-0.009787172235519392,8774.697890460491,1.027106808614917,6.487680000000001e-05,0.9273162,2.38,0.36,0.43,0.18,0.03,,,,,
1752,7176192,4168,23524.36692999118,14702.724579786793,4.38,2284.81,-0.009293789091316285,7777.796971291304,1.0048673659330234,6.485672960000001e-05,0.91261244,2.43,0.36,0.41,0.19,0.04,,,,,
1753,7180288,4172,22843.971806407357,14302.123997524564,4.42,2215.99,-0.01388482586844475,3263.9176647663116,1.025648389942944,6.48366592e-05,0.92201805,2.55,0.35,0.39,0.21,0.05,,,,,
1754,7184384,4173,22974.811782975852,14408.96259310824,4.45,2222.67,-0.0131712922884617,4203.9149150550365,0.9983865476679057,6.48165888e-05,0.95232683,2.58,0.34,0.39,0.22,0.05,,,,,
1755,7188480,4175,22851.914118787496,14340.85325465515,4.47,2207.97,-0.013872733152311412,2391.5990097224712,0.9466656759614125,6.47965184e-05,0.9024221,2.62,0.33,0.39,0.23,0.05,,,,,
1756,7192576,4177,23175.08964081135,14533.855460552208,4.51,2228.46,-0.016595861923633493,1286.008807182312,0.9547607179265469,6.4776448e-05,0.97725207,2.64,0.33,0.38,0.24,0.05,,,,,
1757,7196672,4178,23245.743315978063,14575.976204505616,4.52,2235.76,-0.01434019486850957,1511.6988212764263,0.920363714103587,6.47563776e-05,0.9055418,2.64,0.33,0.38,0.24,0.05,,,,,
1758,7200768,4180,23142.446209784866,14495.616592336544,4.47,2228.89,-0.017420764558664814,2742.414027020335,0.9668865308631212,6.47363072e-05,0.93457526,2.59,0.34,0.38,0.24,0.04,,,,,
1759,7204864,4182,23251.76585506558,14561.567245020422,4.47,2236.38,-0.016757557044911664,2019.6043626070023,0.9821441549574956,6.47162368e-05,0.9646806,2.58,0.33,0.4,0.23,0.04,,,,,
1760,7208960,4183,23128.581644388043,14488.061678112706,4.47,2223.21,-0.00833291640628886,16379.1616268754,0.9368724814848974,6.46961664e-05,0.9522397,2.59,0.33,0.4,0.23,0.04,,,,,
1761,7213056,4186,22655.714407293042,14187.499437296789,4.45,2185.4,-0.015102164814379648,2491.3623243421316,1.0214716005139053,6.4676096e-05,0.77804375,2.61,0.33,0.39,0.24,0.04,,,,,
1762,7217152,4187,22657.975329329438,14178.665350640642,4.44,2191.53,-0.006227889962246991,11136.512304723263,0.9199988329783082,6.46560256e-05,0.6544362,2.6,0.33,0.39,0.24,0.04,,,,,
1763,7221248,4188,22561.60497297839,14110.510370733746,4.43,2183.78,-0.015593886927945277,1823.8024146854877,0.9832358754938468,6.46359552e-05,0.9441687,2.6,0.33,0.39,0.24,0.04,,,,,
1764,7225344,4190,22863.78559668164,14312.662249323146,4.48,2205.53,-0.013820962791214697,7452.149471670389,0.938331394107081,6.46158848e-05,0.9186134,2.63,0.33,0.38,0.24,0.05,,,,,
1765,7229440,4192,23113.31216171868,14472.652460443665,4.46,2233.37,-0.01592259800145257,4294.622231841087,1.006760562886484,6.45958144e-05,0.9279958,2.58,0.34,0.39,0.22,0.05,,,,,
1766,7233536,4193,23094.792523657386,14467.425606431869,4.45,2236.27,-0.013312276465057948,1742.0364569574594,0.9062482115114108,6.457574399999999e-05,0.9500156,2.57,0.34,0.39,0.22,0.05,,,,,
1767,7237632,4197,22511.903503489713,14109.974377735844,4.45,2202.76,-0.01947532048689027,1751.9671354293823,0.9462973159970716,6.455567359999999e-05,0.821402,2.6,0.35,0.36,0.23,0.06,,,,,
1768,7241728,4198,22411.27626953685,14047.98830438514,4.44,2195.43,-0.014009224548317434,1214.5024797469378,0.934419396915473,6.453560319999999e-05,0.95273024,2.6,0.35,0.36,0.23,0.06,,,,,
1769,7245824,4200,22463.353267768536,14085.010714266917,4.45,2198.35,-0.02066895072130137,730.6551279276609,0.9739127599168569,6.45155328e-05,0.9744123,2.61,0.35,0.36,0.23,0.06,,,,,
1770,7249920,4203,21668.97299641265,13610.16150042052,4.4,2141.53,-0.0099429753718141,3652.969571441412,0.9558923781150952,6.44954624e-05,0.89745086,2.61,0.37,0.33,0.24,0.06,,,,,
1771,7254016,4205,21672.68709405021,13599.328206914077,4.39,2141.79,-0.016068590297436458,1767.6696251630783,0.9616506000747904,6.4475392e-05,0.9391286,2.6,0.38,0.32,0.24,0.06,,,,,
1772,7258112,4205,21672.68709405021,13599.328206914077,4.39,2141.79,-0.005557516305998433,9026.25493568182,0.9373945281840861,6.44553216e-05,0.8914067,2.6,0.38,0.32,0.24,0.06,,,,,
1773,7262208,4208,21951.861560335787,13755.264890120156,4.38,2174.59,-0.01663566395836824,2130.3650798648596,0.9920779989333823,6.44352512e-05,0.8548963,2.55,0.4,0.31,0.23,0.06,,,,,
1774,7266304,4210,21471.59986810089,13443.986823381734,4.34,2143.31,-0.0084533606691366,2136.9503785967827,1.024007346946746,6.441518080000001e-05,0.88531834,2.54,0.4,0.31,0.23,0.06,,,,,
1775,7270400,4212,21468.309769061772,13446.995112990064,4.36,2142.62,-0.017655614163231803,2868.36121737957,1.0057375589385629,6.439511040000001e-05,0.8299105,2.56,0.39,0.32,0.23,0.06,18876.32202852796,11827.258983837226,4.533333333333333,1871.4666666666667,0.0
1776,7274496,4213,21647.215659005753,13566.398608792391,4.38,2158.11,-0.012876547982159536,3799.1114897727966,0.9571856983238831,6.437504000000001e-05,0.93644494,2.56,0.39,0.32,0.23,0.06,,,,,
1777,7278592,4215,21841.162904720888,13697.715613717852,4.4,2173.0,-0.01014865641900542,6228.899119436741,1.0340350473998114,6.435496960000001e-05,0.8492405,2.57,0.38,0.33,0.23,0.06,,,,,
1778,7282688,4216,22595.02172226766,14175.665976340084,4.45,2226.26,-0.006321150558505906,21863.602117598057,1.012831430300139,6.433489920000001e-05,0.8901066,2.57,0.38,0.33,0.23,0.06,,,,,
1779,7286784,4217,22553.625728374547,14157.02723479274,4.45,2221.43,-0.017498566247013514,1604.8660084307194,0.9700827070046216,6.43148288e-05,0.91742176,2.57,0.38,0.33,0.23,0.06,,,,,
1780,7290880,4219,22874.99703098807,14359.183421998043,4.46,2250.76,-0.010956178721244214,3957.8406178355217,0.9258555584819987,6.42947584e-05,0.8495375,2.55,0.38,0.34,0.22,0.06,,,,,
1781,7294976,4221,22918.92335717716,14399.32859497229,4.47,2251.22,-0.011943583229367505,4787.15506349504,0.9428873824654147,6.4274688e-05,0.918619,2.56,0.37,0.35,0.22,0.06,,,,,
1782,7299072,4223,22564.504623759527,14177.423023243842,4.42,2232.47,-0.019111232669274614,1110.089883595705,0.9832380686420947,6.42546176e-05,0.9259518,2.53,0.37,0.36,0.21,0.06,,,,,
1783,7303168,4225,22262.17094310143,13964.202442411524,4.4,2212.35,-0.016049634377850452,1844.99519816041,0.9275606067385525,6.42345472e-05,0.9526237,2.53,0.37,0.36,0.21,0.06,,,,,
1784,7307264,4227,22309.610503552994,13999.411988926018,4.38,2222.62,-0.01322590688141645,1888.3615287393332,0.9820895020384341,6.42144768e-05,0.9529781,2.5,0.38,0.36,0.2,0.06,,,,,
1785,7311360,4228,22587.299955063132,14166.431744176369,4.38,2250.97,-0.013578132085058314,1871.1927368938923,0.9204845904605463,6.41944064e-05,0.95148116,2.47,0.39,0.36,0.19,0.06,,,,,
1786,7315456,4230,23062.42801881831,14449.50958382478,4.41,2292.7,-0.010758981210528873,3171.171462163329,0.9531066153431311,6.4174336e-05,0.92627823,2.45,0.41,0.34,0.19,0.06,,,,,
1787,7319552,4230,23062.42801881831,14449.50958382478,4.41,2292.7,-0.011656833688903134,4207.881584316492,0.9213904943317175,6.41542656e-05,0.96562326,2.45,0.41,0.34,0.19,0.06,,,,,
1788,7323648,4233,23694.39978152241,14849.311575193218,4.46,2334.48,-0.00945952520123683,21004.90465119481,0.9165114394854754,6.41341952e-05,0.947514,2.46,0.42,0.32,0.2,0.06,,,,,
1789,7327744,4234,23208.932130550744,14550.388383621992,4.45,2291.44,-0.01686841102582548,1824.84705786407,0.9720809699501842,6.41141248e-05,0.9642674,2.49,0.41,0.32,0.21,0.06,,,,,
1790,7331840,4235,23349.511258755767,14635.18987163714,4.46,2305.41,-0.014330864195471804,2037.241787970066,0.9194243752863258,6.40940544e-05,0.9652887,2.49,0.41,0.32,0.21,0.06,,,,,
1791,7335936,4237,23033.704015019637,14424.296817010143,4.44,2287.87,-0.017076642259780783,1293.7546444386244,0.9425178756937385,6.4073984e-05,0.954293,2.49,0.42,0.3,0.22,0.06,,,,,
1792,7340032,4239,23282.65701121172,14586.502164389112,4.47,2310.19,-0.015448346596713236,1564.3662209510803,0.9285610199440271,6.40539136e-05,0.92612934,2.5,0.41,0.31,0.22,0.06,,,,,
1793,7344128,4242,23038.82357960954,14460.09590629283,4.45,2291.47,-0.01565171051697689,3581.4710405170918,1.0301783304894343,6.40338432e-05,0.7878522,2.5,0.4,0.32,0.22,0.06,,,,,
1794,7348224,4244,22665.250929209276,14242.026334899721,4.37,2272.17,-0.014220292503523524,1554.563840776682,0.9673376218415797,6.40137728e-05,0.8800325,2.44,0.42,0.31,0.22,0.05,,,,,
1795,7352320,4245,22811.56358750725,14322.12189703773,4.36,2290.27,-0.009297827991758822,2646.2962701916695,0.9155887257074937,6.39937024e-05,0.9474689,2.41,0.43,0.31,0.21,0.05,,,,,
1796,7356416,4247,22663.664200487616,14235.0475440577,4.34,2277.78,-0.014751729830095428,3414.9069578051567,1.0187278027879074,6.3973632e-05,0.9010494,2.41,0.43,0.31,0.21,0.05,,,,,
1797,7360512,4251,22483.88224136677,14121.551168202805,4.3,2269.91,-0.01757840783920983,2611.3126504272223,1.0832221260061488,6.39535616e-05,0.8452317,2.38,0.44,0.31,0.2,0.05,,,,,
1798,7364608,4253,21972.978269606094,13804.185499906316,4.23,2235.14,-0.019282632676549838,1443.8192712813616,0.952309736283496,6.39334912e-05,0.8858852,2.35,0.45,0.31,0.19,0.05,,,,,
1799,7368704,4257,21685.61464765606,13626.477702039509,4.23,2209.83,-0.015100852771865902,2661.0961541831493,1.0428002250846475,6.39134208e-05,0.6919498,2.38,0.44,0.31,0.2,0.05,,,,,
1800,7372800,4259,21231.75991644446,13338.766395857763,4.18,2185.11,-0.014672625869934564,2394.614220291376,0.9859048941871151,6.38933504e-05,0.9105972,2.35,0.45,0.31,0.19,0.05,16358.615702240802,10445.632138197434,4.3,1698.3,0.0
1801,7376896,4260,21065.065690367705,13231.163167025004,4.17,2170.9,-0.01782734182961576,1507.0430065989494,1.0139273980166763,6.387328e-05,0.9447119,2.35,0.45,0.31,0.19,0.05,,,,,
1802,7380992,4262,21168.704811717645,13287.793924255071,4.16,2185.56,-0.019615865970990853,1415.3357448875904,1.0357506365980953,6.385320960000001e-05,0.89843297,2.32,0.47,0.29,0.19,0.05,,,,,
1803,7385088,4264,21268.60932868014,13351.371237247553,4.18,2193.84,-0.008131812310239184,2988.632816374302,0.9968019344378263,6.383313920000001e-05,0.9067826,2.33,0.47,0.29,0.19,0.05,,,,,
1804,7389184,4267,20433.413741499477,12816.397797564812,4.08,2131.95,-0.014121639685072296,1363.294895336032,1.044782988843508,6.38130688e-05,0.9361486,2.29,0.47,0.3,0.19,0.04,,,,,
1805,7393280,4269,20375.770859001444,12773.193035925913,4.04,2134.34,-0.01274793327684165,3966.7454856038094,0.9844516288721934,6.37929984e-05,0.9126502,2.25,0.48,0.3,0.18,0.04,,,,,
1806,7397376,4270,20651.856008133705,12955.543411828668,4.04,2159.76,-0.01617266781977378,1568.6656509041786,0.9170512515120208,6.3772928e-05,0.96364117,2.22,0.48,0.31,0.17,0.04,,,,,
1807,7401472,4271,21184.20347996154,13281.532427810715,4.04,2205.55,-0.01537660657595552,2720.187595695257,0.9849866579752415,6.37528576e-05,0.952814,2.17,0.49,0.31,0.17,0.03,,,,,
1808,7405568,4273,21205.778955398746,13273.909004486823,4.02,2212.46,-0.015614866631949553,3851.573431521654,0.9823513209121302,6.37327872e-05,0.94469935,2.14,0.5,0.31,0.16,0.03,,,,,
1809,7409664,4278,20290.711999121515,12732.548023375777,3.9,2140.56,-0.01859775506090955,2941.1526441574097,1.0249397875741124,6.37127168e-05,0.7871492,2.1,0.51,0.31,0.15,0.03,,,,,
1810,7413760,4279,20508.988940491272,12867.843672813418,3.92,2157.89,-0.016325176956343057,3005.758326768875,1.0521642919629812,6.36926464e-05,0.91864884,2.11,0.5,0.32,0.15,0.03,,,,,
1811,7417856,4281,20438.823695426938,12820.589618408805,3.91,2156.46,-0.013327828592991864,2070.7637083530426,1.0185122810071334,6.3672576e-05,0.9287194,2.1,0.51,0.31,0.15,0.03,,,,,
1812,7421952,4284,19805.794465913903,12419.775574368015,3.85,2116.05,-0.01734776561806939,2047.6214345991611,1.0595229986356571,6.36525056e-05,0.919383,2.08,0.51,0.32,0.14,0.03,,,,,
1813,7426048,4286,19942.861235820466,12515.632602133108,3.86,2133.26,-0.018571239526863792,2920.92174436152,1.0387027726974338,6.36324352e-05,0.7688243,2.08,0.51,0.32,0.14,0.03,,,,,
1814,7430144,4288,19568.057569616023,12294.764854475863,3.82,2105.06,-0.013352665716865886,4114.1334227621555,1.0429381263675168,6.36123648e-05,0.5544456,2.07,0.52,0.31,0.14,0.03,,,,,
1815,7434240,4291,19132.72558004444,12007.127597147837,3.74,2074.62,-0.01766092322031909,1082.9855958223343,1.028101392206736,6.35922944e-05,0.9261428,2.02,0.52,0.32,0.14,0.02,,,,,
1816,7438336,4293,19308.066655077422,12093.305526967617,3.75,2083.11,-0.01224605814240931,2579.8117308169603,0.9518577592680231,6.357222399999999e-05,0.958326,2.02,0.51,0.34,0.13,0.02,,,,,
1817,7442432,4294,19260.674869999686,12070.12186837189,3.75,2079.3,-0.009410627101715363,3608.4016128778458,0.9775592078221962,6.355215359999999e-05,0.8842765,2.02,0.51,0.34,0.13,0.02,,,,,
1818,7446528,4296,19263.82295033248,12078.973842132295,3.73,2082.65,-0.016224875641455583,2299.1752359569073,1.0374580713687465,6.35320832e-05,0.77718157,2.0,0.51,0.34,0.14,0.01,,,,,
1819,7450624,4297,19518.300087831336,12234.63876600068,3.72,2108.44,-0.015957609142787987,3475.251168549061,1.005965771037154,6.35120128e-05,0.8932957,1.96,0.52,0.34,0.13,0.01,,,,,
1820,7454720,4299,19495.732831251855,12229.502427911819,3.72,2104.88,-0.016164664045390964,1609.751390606165,1.044384277309291,6.34919424e-05,0.96415114,1.96,0.51,0.35,0.13,0.01,,,,,
1821,7458816,4301,19526.71265383239,12259.768229116979,3.73,2101.63,-0.013251456914986193,1439.4665920883417,0.9802547614090145,6.3471872e-05,0.9577227,1.98,0.5,0.36,0.13,0.01,,,,,
1822,7462912,4302,19628.813799355565,12315.386417514304,3.74,2111.48,-0.016008090206014458,1354.0240469276905,0.9421065347269177,6.34518016e-05,0.9723139,1.98,0.5,0.36,0.13,0.01,,,,,
1823,7467008,4304,20161.275149882298,12632.626401832087,3.73,2158.21,-0.013257053227789584,7024.164949953556,1.0311598819680512,6.34317312e-05,0.96338356,1.92,0.51,0.37,0.11,0.01,,,,,
1824,7471104,4304,20161.275149882298,12632.626401832087,3.73,2158.21,-0.012622929923054471,4942.3062754273415,0.9965974155347794,6.34116608e-05,0.9741279,1.92,0.51,0.37,0.11,0.01,,,,,
1825,7475200,4306,20330.10062747285,12749.47209822121,3.77,2164.0,-0.013072634088530322,3545.483882844448,0.9839309374801815,6.339159040000001e-05,0.942023,1.96,0.49,0.39,0.11,0.01,19722.82759836589,12378.789484588167,4.433333333333334,1870.2,0.0
1826,7479296,4308,20483.22760310348,12846.99660290491,3.76,2166.25,-0.015298592586077575,4481.867935121059,0.9859833385562524,6.337152000000001e-05,0.9710515,1.95,0.49,0.39,0.12,0.0,,,,,
1827,7483392,4310,20495.353834502377,12856.105479113656,3.77,2171.27,-0.01727296303215553,2019.439684316516,0.974483800237067,6.335144960000001e-05,0.78063184,1.96,0.5,0.37,0.13,0.0,,,,,
1828,7487488,4311,20697.388506291903,12982.855490529118,3.79,2185.53,-0.013107822725942242,2953.6562418341637,1.0043246931163594,6.333137920000001e-05,0.9371618,1.96,0.5,0.37,0.13,0.0,,,,,
1829,7491584,4313,20810.109732031287,13042.443539775099,3.79,2198.47,-0.016721903455618303,1441.4005900770426,0.9231464741751552,6.33113088e-05,0.9238822,1.95,0.5,0.37,0.13,0.0,,,,,
1830,7495680,4315,20540.111216792367,12859.586980230843,3.76,2175.49,-0.016920390642553684,1156.4578023403883,1.0182408166583627,6.32912384e-05,0.8292435,1.94,0.51,0.36,0.13,0.0,,,,,
1831,7499776,4318,19557.57795877819,12237.524598147536,3.71,2099.96,-0.013476972409989685,2962.972924157977,1.0197054881136864,6.3271168e-05,0.7898043,1.97,0.5,0.36,0.14,0.0,,,,,
1832,7503872,4319,19964.11892541477,12478.911513599312,3.73,2135.82,-0.011178240582921717,4911.843363896012,0.998366872430779,6.32510976e-05,0.8770778,1.95,0.51,0.35,0.14,0.0,,,,,
1833,7507968,4321,19936.572774441065,12456.69922149135,3.72,2134.96,-0.016275266151751566,2436.8505390286446,1.030506452661939,6.32310272e-05,0.926529,1.94,0.51,0.36,0.13,0.0,,,,,
1834,7512064,4324,19590.41728339936,12267.540908323319,3.71,2102.92,-0.010228118343547976,7333.356092661619,0.999534810660407,6.32109568e-05,0.6271368,1.96,0.51,0.35,0.14,0.0,,,,,
1835,7516160,4326,19681.39951737291,12317.382936202257,3.71,2110.41,-0.01861999344509968,1120.884547278285,0.9930535443127155,6.31908864e-05,0.91407496,1.95,0.51,0.35,0.14,0.0,,,,,
1836,7520256,4329,19193.598998581718,12009.567380607472,3.66,2073.12,-0.015894579086307203,1735.1553599089384,1.066556928679347,6.3170816e-05,0.9426007,1.94,0.51,0.35,0.14,0.0,,,,,
1837,7524352,4331,18290.228115210455,11466.186292843915,3.63,2004.21,-0.015979546406015288,2075.1068460047245,1.0578520990675315,6.31507456e-05,0.95914775,1.99,0.49,0.36,0.15,0.0,,,,,
1838,7528448,4334,18444.486179340453,11573.404651280727,3.6,2024.08,-0.014463720138337521,3157.593625128269,1.044433506554924,6.31306752e-05,0.91629267,1.95,0.49,0.38,0.13,0.0,,,,,
1839,7532544,4335,18513.25304347088,11627.885921680914,3.61,2026.34,-0.01165348624545004,3992.4054647684097,0.9339879786130041,6.31106048e-05,0.92975044,1.96,0.48,0.39,0.13,0.0,,,,,
1840,7536640,4337,18255.191056525622,11493.565098644318,3.59,2003.58,-0.013281255320180207,2966.4362457990646,1.016327937366441,6.30905344e-05,0.95363414,1.97,0.47,0.4,0.13,0.0,,,,,
1841,7540736,4338,18558.719488226106,11676.659645462469,3.62,2014.38,-0.0075256478976371,23334.030853152275,0.8890476424712688,6.3070464e-05,0.9436315,1.99,0.46,0.41,0.13,0.0,,,,,
1842,7544832,4340,18849.00107621535,11847.74522950877,3.67,2024.95,-0.007447009656971204,13888.13670295477,1.0661420559044927,6.305039359999999e-05,0.53129673,2.04,0.45,0.41,0.13,0.01,,,,,
1843,7548928,4343,18969.390749278442,11922.548785410974,3.71,2034.32,-0.016183542183171085,3383.300622731447,0.9906578722875565,6.303032319999999e-05,0.90391874,2.08,0.44,0.41,0.14,0.01,,,,,
1844,7553024,4346,18619.11341350466,11706.989725323587,3.76,1985.76,-0.01185678464389639,9664.613370120525,0.9886533149983734,6.301025279999999e-05,0.8945471,2.18,0.41,0.42,0.15,0.02,,,,,
1845,7557120,4348,18525.66622125233,11647.241167429876,3.79,1973.55,-0.010631480389747594,4887.069100692868,1.007853559916839,6.299018239999999e-05,0.94187534,2.22,0.41,0.41,0.15,0.03,,,,,
1846,7561216,4350,19174.466224271557,12058.009643822495,3.87,2021.74,-0.015971473667377722,1504.8940265327692,0.9572827310767025,6.2970112e-05,0.9669136,2.25,0.39,0.43,0.15,0.03,,,,,
1847,7565312,4350,19174.466224271557,12058.009643822495,3.87,2021.74,-0.017438756018236745,986.4992323219776,0.9795625164406374,6.29500416e-05,0.9672797,2.25,0.39,0.43,0.15,0.03,,,,,
1848,7569408,4352,19786.532291164687,12413.854328258254,3.9,2068.63,-0.011950985582188878,5700.440638363361,0.9393612652784213,6.292997120000001e-05,0.96448684,2.23,0.4,0.42,0.15,0.03,,,,,
1849,7573504,4353,19793.525027640724,12423.402809629199,3.9,2071.53,-0.013804490969050676,2067.217680245638,0.9903130942257121,6.290990080000001e-05,0.903141,2.23,0.4,0.42,0.15,0.03,,,,,
1850,7577600,4355,20226.049577493424,12690.617848223681,3.9,2116.8,-0.015989567387805437,1803.1842090934515,1.0531014954904094,6.288983040000001e-05,0.91377157,2.18,0.42,0.41,0.14,0.03,21747.855418503103,13700.951050914178,4.633333333333334,2044.1666666666667,0.0
1851,7581696,4356,20519.349562909665,12861.240031585818,3.9,2146.81,-0.014066953049677977,1579.8505491018295,0.9853823512094095,6.286976000000001e-05,0.95359063,2.15,0.43,0.41,0.13,0.03,,,,,
1852,7585792,4358,20478.915388769317,12837.613252321835,3.91,2133.44,-0.010387452201939595,5017.517588466406,1.0331157917389646,6.284968960000001e-05,0.9343046,2.17,0.43,0.4,0.14,0.03,,,,,
1853,7589888,4360,20511.267304874054,12872.432212022008,3.93,2130.28,-0.012425370277014736,2888.6032541394234,0.9996230328688398,6.282961920000001e-05,0.9470183,2.2,0.42,0.4,0.15,0.03,,,,,
1854,7593984,4363,20370.25934223329,12796.667148179607,3.96,2110.68,-0.01591336092860729,2434.0546557307243,1.033375289174728,6.28095488e-05,0.87814355,2.26,0.39,0.42,0.16,0.03,,,,,
1855,7598080,4364,20409.547390640113,12813.02865669503,3.95,2117.18,-0.01890353585167759,963.0923671871424,1.0154039077460766,6.27894784e-05,0.9422072,2.24,0.4,0.41,0.16,0.03,,,,,
1856,7602176,4365,20600.244967569768,12928.604268307761,3.97,2135.78,-0.015510315542996977,1061.7127335518599,1.0281070042401552,6.2769408e-05,0.9601495,2.24,0.4,0.41,0.16,0.03,,,,,
1857,7606272,4367,21066.18016565481,13227.29264177223,3.99,2183.99,-0.013943824054877041,2783.74338619411,0.975884179584682,6.27493376e-05,0.922118,2.21,0.42,0.39,0.16,0.03,,,,,
1858,7610368,4369,20989.66647753233,13173.835098969445,3.99,2172.59,-0.01461680148349842,2752.3728132396936,0.9908950228709728,6.27292672e-05,0.94435525,2.22,0.41,0.4,0.16,0.03,,,,,
1859,7614464,4372,20109.390979707914,12614.738313034333,3.93,2098.92,-0.017062021335732425,1927.775289401412,0.9632446563336998,6.27091968e-05,0.82373726,2.24,0.4,0.41,0.16,0.03,,,,,
1860,7618560,4374,20371.507590420046,12782.94896342726,3.97,2119.69,-0.014005308210471412,3269.3729898035526,0.9736233243020251,6.26891264e-05,0.93367773,2.26,0.4,0.4,0.17,0.03,,,,,
1861,7622656,4375,20542.777539090956,12898.619932928503,3.97,2137.75,-0.011845842456750688,2510.946403026581,0.9553491410333663,6.2669056e-05,0.9353008,2.24,0.4,0.41,0.16,0.03,,,,,
1862,7626752,4378,20867.85909369173,13100.744677174887,4.02,2172.24,-0.015782908092660364,2152.799678578973,0.9634287111693993,6.26489856e-05,0.8822606,2.25,0.4,0.41,0.16,0.03,,,,,
1863,7630848,4380,20724.5796438524,13011.156195360554,4.02,2158.98,-0.014823226014414104,3068.6152730584145,0.9937173033831641,6.26289152e-05,0.92900264,2.26,0.41,0.39,0.17,0.03,,,,,
1864,7634944,4381,20877.82258531528,13096.093524370033,4.03,2172.19,-0.012584920190420235,3514.251882225275,0.9079024086240679,6.26088448e-05,0.9052275,2.26,0.41,0.39,0.17,0.03,,,,,
1865,7639040,4383,21165.366791243854,13263.10364985094,4.06,2196.89,-0.017388003575433686,3959.044744476676,0.9688925719819963,6.25887744e-05,0.863321,2.26,0.42,0.37,0.18,0.03,,,,,
1866,7643136,4389,20534.211429641888,12885.291344706484,4.12,2115.8,-0.013677344136340253,5385.089667066932,1.0361542558530346,6.2568704e-05,0.9371922,2.4,0.38,0.38,0.2,0.04,,,,,
1867,7647232,4389,20534.211429641888,12885.291344706484,4.12,2115.8,-0.010935899939340743,3683.448470801115,0.9606930705485865,6.254863359999999e-05,0.9622787,2.4,0.38,0.38,0.2,0.04,,,,,
1868,7651328,4392,20865.504434324965,13107.506537365842,4.17,2141.17,-0.009374995021062205,6199.215969264507,0.9915386859793216,6.252856319999999e-05,0.94463205,2.42,0.39,0.36,0.21,0.04,,,,,
1869,7655424,4393,21113.287705152565,13267.553440586076,4.18,2166.2,-0.01207224472273083,2411.1002627313137,1.0388523787260056,6.25084928e-05,0.89697045,2.4,0.4,0.35,0.21,0.04,,,,,
1870,7659520,4394,20924.836690103682,13137.53645087077,4.16,2151.6,-0.015602677885908633,1596.3908430337906,1.0018133397679776,6.24884224e-05,0.8267684,2.4,0.4,0.35,0.21,0.04,,,,,
1871,7663616,4396,21030.847391534393,13202.266387867689,4.17,2159.59,-0.01206690622620954,4157.448954254389,1.0044477269984782,6.2468352e-05,0.861013,2.4,0.4,0.35,0.21,0.04,,,,,
1872,7667712,4398,21013.9174363058,13189.034397881514,4.16,2154.28,-0.009170527898277214,5740.008844226599,0.9846841947874054,6.24482816e-05,0.91858125,2.4,0.4,0.35,0.21,0.04,,,,,
1873,7671808,4400,21108.057116481214,13257.946314894005,4.17,2165.34,-0.017376440157022444,2643.757787913084,0.9961493518203497,6.24282112e-05,0.8826939,2.4,0.4,0.35,0.21,0.04,,,,,
1874,7675904,4402,20926.808649309507,13143.5979160007,4.17,2147.42,-0.016497084425282083,1816.9103832244873,1.038767445133999,6.24081408e-05,0.9238799,2.42,0.39,0.35,0.22,0.04,,,,,
1875,7680000,4405,19934.112471795725,12501.045857895213,4.12,2080.43,-0.013144035810910282,1318.1026402264833,0.9903158661909401,6.23880704e-05,0.91325456,2.44,0.4,0.33,0.22,0.05,19363.07198281861,12126.796799121874,4.433333333333334,1859.8,0.0
1876,7684096,4408,19475.218817974684,12197.110757452208,4.08,2058.14,-0.00987593965328415,3441.7108452916145,1.0238380084047094,6.236800000000001e-05,0.7399554,2.42,0.41,0.32,0.22,0.05,,,,,
1877,7688192,4409,19421.85350449225,12171.698056080539,4.08,2052.5,-0.013979251266391657,2081.509952172637,0.9150731127010658,6.234792960000001e-05,0.9366616,2.42,0.41,0.32,0.22,0.05,,,,,
1878,7692288,4410,19697.025233265897,12341.907710494124,4.07,2079.52,-0.0160592493321019,1642.533002987504,0.9666983266361058,6.232785920000001e-05,0.9317135,2.38,0.42,0.32,0.21,0.05,,,,,
1879,7696384,4413,19407.703072241682,12152.483948220446,4.06,2048.77,-0.01579748954372917,2505.7216458022594,0.9116374265868217,6.230778880000001e-05,0.9482159,2.4,0.41,0.33,0.21,0.05,,,,,
1880,7700480,4416,19299.09245472456,12101.170935106571,4.12,2027.98,-0.013711537784729444,8030.23009121418,0.9754743148805574,6.22877184e-05,0.91785455,2.48,0.39,0.33,0.23,0.05,,,,,
1881,7704576,4418,19644.208908856515,12320.068813884314,4.14,2056.87,-0.01440716442266421,1824.947961717844,0.9351758866105229,6.2267648e-05,0.95088184,2.47,0.4,0.32,0.23,0.05,,,,,
1882,7708672,4420,19187.652441981827,12052.19857135021,4.12,2019.87,-0.014673973486424075,3194.3405100107193,0.9689769954420626,6.22475776e-05,0.87609017,2.49,0.4,0.31,0.24,0.05,,,,,
1883,7712768,4424,19091.450977143344,12016.764776452103,4.16,2007.78,-0.010968547117954586,13460.660984992981,0.9715583079960197,6.22275072e-05,0.8861611,2.55,0.39,0.3,0.26,0.05,,,,,
1884,7716864,4425,19065.189021056023,12004.565708328357,4.16,2003.76,-0.0179773479785581,1137.2466946095228,0.9723671537358314,6.22074368e-05,0.94120157,2.55,0.39,0.3,0.26,0.05,,,,,
1885,7720960,4427,19177.12525940177,12080.518985114366,4.19,2015.19,-0.011554452153177408,3059.2622684836388,0.9372328228782862,6.21873664e-05,0.9131869,2.57,0.39,0.3,0.25,0.06,,,,,
1886,7725056,4430,19322.605419587264,12176.825104362657,4.2,2033.15,-0.01383989444184408,2187.134722352028,0.9986154208891094,6.2167296e-05,0.85752326,2.56,0.39,0.3,0.25,0.06,,,,,
1887,7729152,4432,19090.158216597898,12020.203070112266,4.18,2022.23,-0.02061237291945872,894.0623852908611,1.040715379989706,6.21472256e-05,0.89902973,2.55,0.4,0.29,0.25,0.06,,,,,
1888,7733248,4434,19435.709204591658,12235.325449170989,4.23,2042.8,-0.012351762262369448,12453.560067355633,0.9658592263003811,6.21271552e-05,0.9112577,2.58,0.4,0.28,0.26,0.06,,,,,
1889,7737344,4434,19435.709204591658,12235.325449170989,4.23,2042.8,-0.006517594524666492,53400.6799685359,0.8684966837754473,6.21070848e-05,0.9170788,2.58,0.4,0.28,0.26,0.06,,,,,
1890,7741440,4437,20011.972235232137,12609.747656183285,4.27,2072.08,-0.012583092097884219,3801.0306439697742,1.0217348317382857,6.20870144e-05,0.90378726,2.58,0.41,0.27,0.26,0.06,,,,,
1891,7745536,4440,19112.805390052137,12048.40976958446,4.17,2016.77,-0.01690082527238701,1355.2839514762163,0.9836304626660421,6.2066944e-05,0.9340601,2.53,0.42,0.27,0.26,0.05,,,,,
1892,7749632,4442,19093.009806229395,12039.096328924055,4.17,2014.73,-0.01384076502017706,3421.6413869410753,0.9620064739137888,6.20468736e-05,0.925525,2.53,0.42,0.27,0.26,0.05,,,,,
1893,7753728,4444,19033.31187235469,11979.80267030089,4.14,2013.42,-0.01845391799997742,1577.9379414021969,0.8934968992834911,6.20268032e-05,0.8537531,2.5,0.43,0.27,0.25,0.05,,,,,
1894,7757824,4445,19234.630637722323,12111.135028647486,4.12,2038.92,-0.010720888102696335,3027.2428864240646,0.9339204526040703,6.20067328e-05,0.94329304,2.45,0.44,0.27,0.25,0.04,,,,,
1895,7761920,4448,19533.254392738152,12297.998351798682,4.11,2070.75,-0.012839831399105606,3269.3670949339867,0.9714053237112239,6.19866624e-05,0.9311596,2.41,0.44,0.28,0.25,0.03,,,,,
1896,7766016,4451,18293.68464322499,11553.040635151398,4.04,1976.57,-0.013478670740369125,6062.1291790902615,0.9853091920958832,6.1966592e-05,0.8859343,2.44,0.44,0.27,0.26,0.03,,,,,
1897,7770112,4453,18548.497307686906,11696.204350914646,4.07,1996.93,-0.016535501526959706,1215.3323494940996,1.0304469710681587,6.19465216e-05,0.9324041,2.44,0.44,0.27,0.26,0.03,,,,,
1898,7774208,4455,18131.799331037615,11458.164887583092,4.06,1953.35,-0.017726032572682016,2439.2438494861126,0.9433240820653737,6.19264512e-05,0.95352876,2.48,0.42,0.28,0.27,0.03,,,,,
1899,7778304,4457,17917.8610558907,11326.250510958513,4.05,1932.66,-0.013586125582150999,2850.7129975259304,1.0315247066318989,6.19063808e-05,0.8788749,2.49,0.41,0.3,0.26,0.03,,,,,
1900,7782400,4458,18008.355905846394,11389.288748495317,4.06,1943.08,-0.010956034468108555,4043.8056391477585,0.9580331690376624,6.18863104e-05,0.95024157,2.49,0.41,0.3,0.26,0.03,20575.975125743807,12946.936594324734,4.6,1982.2666666666667,0.0
1901,7786496,4460,18133.12342373237,11471.311150160824,4.05,1961.59,-0.017883000057736353,2222.5919889211655,0.9254372956929728,6.186624e-05,0.91709214,2.46,0.42,0.3,0.25,0.03,,,,,
1902,7790592,4461,18312.109953381183,11594.835016857174,4.07,1972.55,-0.012992586194741307,2162.095421463251,0.9789616382913664,6.18461696e-05,0.95198214,2.47,0.42,0.3,0.25,0.03,,,,,
1903,7794688,4463,18568.84964002138,11761.417313383601,4.08,1996.27,-0.013532539155676204,3317.0350203365088,0.9600155834341422,6.182609920000001e-05,0.9204101,2.45,0.43,0.29,0.25,0.03,,,,,
1904,7798784,4465,18618.49441039014,11791.071961171734,4.09,1993.69,-0.015798833725057193,2595.97395119071,1.007315753842704,6.180602880000001e-05,0.96333396,2.46,0.42,0.3,0.25,0.03,,,,,
1905,7802880,4467,18325.311793122797,11590.926397536,4.07,1964.89,-0.008951530700869625,2745.579566642642,0.9994659089716151,6.17859584e-05,0.84445536,2.47,0.41,0.31,0.25,0.03,,,,,
1906,7806976,4470,18283.21097353264,11538.914641103172,4.05,1959.1,-0.01687948592552857,638.6418101340532,0.9716510230209678,6.1765888e-05,0.97457314,2.45,0.42,0.3,0.25,0.03,,,,,
1907,7811072,4472,18423.891613266474,11634.78356744713,4.06,1973.08,-0.011718412164555048,2102.479326352477,0.979862539563328,6.17458176e-05,0.89322644,2.44,0.42,0.3,0.25,0.03,,,,,
1908,7815168,4473,18453.022809994432,11661.258411813105,4.07,1975.01,-0.012749178900776315,1448.044097468257,0.9763429657323286,6.17257472e-05,0.9366196,2.45,0.41,0.31,0.25,0.03,,,,,
1909,7819264,4476,18278.916057745,11531.78031411461,4.05,1957.18,-0.016195603922824375,3460.1471076011658,1.0082423430867493,6.17056768e-05,0.92167187,2.44,0.42,0.3,0.25,0.03,,,,,
1910,7823360,4477,18662.381031748104,11780.26296106143,4.09,1979.59,-0.009452266881453397,25971.30826818943,0.9777732600923628,6.16856064e-05,0.9447211,2.46,0.42,0.29,0.26,0.03,,,,,
1911,7827456,4479,18469.19544345185,11662.179152317487,4.1,1961.58,-0.019026454239792656,1503.3851624429226,0.9883140118326992,6.1665536e-05,0.9669357,2.49,0.41,0.29,0.27,0.03,,,,,
1912,7831552,4480,18834.226533450288,11884.78323502758,4.12,1988.59,-0.01531265326684661,4257.434995800257,0.9168279190780595,6.16454656e-05,0.943142,2.48,0.41,0.3,0.26,0.03,,,,,
1913,7835648,4483,18458.795324716302,11655.559206178652,4.06,1959.55,-0.016116032628815447,3408.380302667618,1.002277773572132,6.16253952e-05,0.94052136,2.45,0.41,0.31,0.25,0.03,,,,,
1914,7839744,4486,18615.26079407358,11733.179233300456,4.07,1973.69,-0.019123793840662984,879.0526204258204,1.0566172595135868,6.16053248e-05,0.96521926,2.44,0.41,0.31,0.26,0.02,,,,,
1915,7843840,4487,18910.797907655848,11921.031359169385,4.09,2002.15,-0.015552273979665188,2027.7365208268166,0.9827375087188557,6.15852544e-05,0.9598487,2.43,0.42,0.3,0.26,0.02,,,,,
1916,7847936,4488,19166.05501439328,12075.674280905982,4.08,2028.84,-0.013434916042569967,4739.653783082962,0.9156962053384632,6.1565184e-05,0.9046637,2.39,0.43,0.3,0.25,0.02,,,,,
1917,7852032,4491,19218.70773249963,12112.208632105006,4.08,2032.41,-0.005500622468389338,11893.669801682234,0.9850524788489565,6.154511359999999e-05,0.7669228,2.39,0.43,0.31,0.24,0.02,,,,,
1918,7856128,4492,19312.937244075445,12157.683343103512,4.08,2040.71,-0.010753802063845797,4412.945309042931,0.9680114972870797,6.152504319999999e-05,0.93845284,2.38,0.43,0.31,0.24,0.02,,,,,
1919,7860224,4496,18766.108630058716,11826.501173216731,4.05,1989.12,-0.017768043093383312,1898.865378677845,1.0151792174438015,6.150497279999999e-05,0.8611721,2.4,0.42,0.32,0.24,0.02,,,,,
1920,7864320,4497,18704.380535606113,11779.840082387496,4.04,1989.95,-0.011934596609080472,3596.8048338592052,0.9306276412680745,6.14849024e-05,0.9367388,2.39,0.43,0.31,0.24,0.02,,,,,
1921,7868416,4499,18432.025891037996,11616.2845573613,4.07,1957.2,-0.018983887284775847,1762.340149000287,1.0049106414662674,6.1464832e-05,0.9283165,2.45,0.41,0.32,0.25,0.02,,,,,
1922,7872512,4500,18612.004798424783,11707.098996696968,4.08,1971.9,-0.009835799757638597,2712.101808488369,0.9520077818306163,6.14447616e-05,0.96192527,2.44,0.42,0.31,0.25,0.02,,,,,
1923,7876608,4501,19218.433113757146,12080.798550492937,4.11,2015.36,-0.014339460281917127,4645.991873562336,0.9988410482183099,6.14246912e-05,0.9701688,2.42,0.42,0.32,0.24,0.02,,,,,
1924,7880704,4503,19463.98899625421,12249.701851117003,4.14,2030.41,-0.01403965230929316,2806.646938547492,0.9655203890288249,6.14046208e-05,0.9782464,2.43,0.42,0.32,0.24,0.02,,,,,
1925,7884800,4504,19867.872675440693,12518.387506154784,4.15,2059.56,-0.009734972606565861,6696.649450153112,0.9536433833418414,6.138455040000001e-05,0.97348905,2.41,0.42,0.32,0.25,0.01,20888.877836754677,13084.841208303444,4.633333333333334,2001.3,0.0
1926,7888896,4506,19886.810174213482,12529.414983621822,4.15,2062.39,-0.01735473882035876,1746.3291429281235,0.9674911857582629,6.136448000000001e-05,0.9466799,2.41,0.42,0.32,0.25,0.01,,,,,
1927,7892992,4508,20151.920723017993,12704.155004527564,4.16,2083.87,-0.015415484744153218,2356.1771764308214,0.9602220058441162,6.134440960000001e-05,0.9320025,2.4,0.41,0.34,0.24,0.01,,,,,
1928,7897088,4510,19843.897070341023,12529.3044623236,4.16,2051.73,-0.013639610129757784,2377.5060758292675,0.9852179770823568,6.132433920000001e-05,0.9180205,2.44,0.39,0.36,0.24,0.01,,,,,
1929,7901184,4512,19955.67600770188,12610.387667503921,4.16,2063.92,-0.013374235342780594,3513.6346419155598,0.9651118316687644,6.130426880000001e-05,0.9228745,2.43,0.39,0.36,0.24,0.01,,,,,
1930,7905280,4515,20022.95132829217,12653.714342674077,4.13,2071.51,-0.01109715533311828,4585.43365702033,0.9364541905233636,6.12841984e-05,0.91855913,2.4,0.39,0.37,0.23,0.01,,,,,
1931,7909376,4518,19597.007562808223,12387.12942524549,4.07,2043.93,-0.018131596783860005,1803.557400971651,1.0273666036082432,6.1264128e-05,0.9165139,2.37,0.39,0.38,0.22,0.01,,,,,
1932,7913472,4520,19878.771647136968,12550.902232635173,4.06,2069.57,-0.013313386489244294,1841.460792928934,0.9630095830652863,6.12440576e-05,0.9079863,2.33,0.4,0.38,0.21,0.01,,,,,
1933,7917568,4521,19665.619514901897,12408.853893964628,4.03,2053.71,-0.012342797679593787,2221.14418284595,0.9802263721358031,6.12239872e-05,0.91830724,2.32,0.41,0.37,0.21,0.01,,,,,
1934,7921664,4523,19749.78465233087,12442.77360026096,4.01,2065.06,-0.015075074519700138,2531.8765318989754,0.9615165947470814,6.12039168e-05,0.92710173,2.28,0.42,0.37,0.2,0.01,,,,,
1935,7925760,4524,20147.336724598565,12675.508892104472,4.02,2100.85,-0.01248538288200507,2073.466588228941,0.9956560924183577,6.11838464e-05,0.9576631,2.25,0.43,0.37,0.19,0.01,,,,,
1936,7929856,4526,20236.62903143586,12731.845577175063,4.06,2097.5,-0.01599973592965398,2558.091008782387,0.9865609011612833,6.1163776e-05,0.95983857,2.3,0.41,0.38,0.2,0.01,,,,,
1937,7933952,4528,20406.356318416536,12829.80445566576,4.03,2117.84,-0.016812114842196024,1738.3503514230251,0.948809307650663,6.11437056e-05,0.84489113,2.25,0.42,0.38,0.2,0.0,,,,,
1938,7938048,4529,20465.754900568278,12872.901660542413,4.03,2125.38,-0.01782497275416972,2341.277302533388,0.9920373447239399,6.11236352e-05,0.91447824,2.24,0.43,0.37,0.2,0.0,,,,,
1939,7942144,4532,20730.687234685654,13040.70334553048,4.05,2139.16,-0.01054547708008613,3319.90313822031,0.9573455102508888,6.11035648e-05,0.966177,2.24,0.43,0.37,0.2,0.0,,,,,
1940,7946240,4534,20604.944887388745,12956.710969645248,4.04,2138.28,-0.018740893056929053,2523.828172892332,0.9930321087595075,6.10834944e-05,0.82603157,2.23,0.43,0.37,0.2,0.0,,,,,
1941,7950336,4536,19956.701885099323,12543.970287609,4.01,2100.11,-0.01785831910910929,1896.518298447132,0.9809592282399535,6.1063424e-05,0.947032,2.24,0.42,0.39,0.19,0.0,,,,,
1942,7954432,4537,20292.54585084799,12749.297990615529,4.02,2131.27,-0.011859782312967582,3603.159411996603,0.9663803458679467,6.10433536e-05,0.9591716,2.22,0.43,0.38,0.19,0.0,,,,,
1943,7958528,4538,20243.66189222605,12728.183681605818,4.05,2120.61,-0.011604208618336997,4743.192057579756,1.0191020029596984,6.10232832e-05,0.93713486,2.27,0.42,0.38,0.19,0.01,,,,,
1944,7962624,4540,20552.62709912861,12911.668403449276,4.06,2151.88,-0.01121657374460483,4514.50456020236,0.9493503455305472,6.10032128e-05,0.9597986,2.24,0.44,0.36,0.19,0.01,,,,,
1945,7966720,4542,20954.833501365913,13173.779646800767,4.08,2180.13,-0.013484378469911462,7028.994653373957,0.9181626245845109,6.09831424e-05,0.95428663,2.23,0.45,0.35,0.19,0.01,,,,,
1946,7970816,4544,20894.077969431553,13142.205359739623,4.11,2170.36,-0.013015465064199816,2395.4237807542086,0.9701820022892207,6.0963071999999996e-05,0.91674894,2.27,0.44,0.35,0.2,0.01,,,,,
1947,7974912,4544,20894.077969431553,13142.205359739623,4.11,2170.36,-0.011899503100721631,4883.210086345673,0.9490511676995084,6.09430016e-05,0.97483385,2.27,0.44,0.35,0.2,0.01,,,,,
1948,7979008,4546,21072.11657348223,13245.774033593823,4.13,2168.56,-0.01014179275261995,14398.111665591598,0.9451162567129359,6.09229312e-05,0.9603798,2.3,0.43,0.35,0.21,0.01,,,,,
1949,7983104,4547,21541.74898624183,13540.670623834727,4.16,2209.82,-0.008166600178810768,7952.888506412506,0.9690904496237636,6.09028608e-05,0.94485784,2.29,0.44,0.34,0.21,0.01,,,,,
1950,7987200,4548,21919.048652146572,13770.9460390459,4.17,2244.19,-0.015535891290710424,2325.7831375300884,0.9483821167377755,6.0882790400000005e-05,0.9582074,2.26,0.45,0.34,0.2,0.01,22045.18055754447,14105.293956532953,4.7,2132.0333333333333,0.0
1951,7991296,4551,22108.283401924367,13884.447092304092,4.16,2262.91,-0.013023304305534111,3766.194296568632,0.9946168911410496,6.0862720000000004e-05,0.9339581,2.23,0.45,0.35,0.19,0.01,,,,,
1952,7995392,4551,22108.283401924367,13884.447092304092,4.16,2262.91,-0.013402017815678846,4377.397333174944,0.9829508765833452,6.08426496e-05,0.9335892,2.23,0.45,0.35,0.19,0.01,,,,,
1953,7999488,4553,22425.23859764742,14097.335060699028,4.21,2278.62,-0.010961436862999108,8872.189202606678,0.9812863277038559,6.08225792e-05,0.9347822,2.27,0.44,0.35,0.2,0.01,,,,,
1954,8003584,4554,22545.667015960993,14164.604367883043,4.21,2289.39,-0.010744860459453776,2707.7167479246855,0.9812705339863896,6.08025088e-05,0.9140567,2.26,0.44,0.36,0.19,0.01,,,,,
1955,8007680,4557,22672.530022684117,14233.48194451323,4.23,2303.62,-0.01585400686781213,3625.193578481674,1.0177230912959203,6.07824384e-05,0.9153008,2.26,0.45,0.34,0.2,0.01,,,,,
1956,8011776,4559,22398.570547864827,14056.763640676094,4.21,2278.13,-0.016286255580780562,1895.8064757585526,1.0451806181808934,6.0762368e-05,0.92065006,2.27,0.44,0.35,0.2,0.01,,,,,
1957,8015872,4562,21948.820931014605,13758.935394712838,4.18,2242.57,-0.015754059159917233,1840.683205962181,1.0245099132880569,6.07422976e-05,0.8575245,2.28,0.44,0.34,0.21,0.01,,,,,
1958,8019968,4563,22173.575958979527,13881.505185170787,4.18,2261.78,-0.010274653608576045,3613.3116551190615,0.9447687967913225,6.0722227199999996e-05,0.93929213,2.26,0.44,0.35,0.2,0.01,,,,,
1959,8024064,4564,22416.069607569567,14034.790206411153,4.2,2282.31,-0.017054479240869114,1532.5586828291416,1.0029867130797356,6.07021568e-05,0.96795505,2.26,0.44,0.35,0.2,0.01,,,,,
1960,8028160,4567,21975.344990569643,13786.103938279366,4.18,2249.11,-0.020792812096260604,2474.603917583823,1.016839577932842,6.06820864e-05,0.83197534,2.28,0.44,0.34,0.21,0.01,,,,,
1961,8032256,4570,21951.372389403838,13799.661437642693,4.18,2256.4,-0.017354889791022288,1173.8193077296019,1.014784204075113,6.0662016e-05,0.96038294,2.28,0.44,0.34,0.21,0.01,,,,,
1962,8036352,4571,22017.630085128723,13829.002336142812,4.18,2262.5,-0.013319423276698217,2740.6499538868666,0.9307816354557872,6.06419456e-05,0.964302,2.27,0.45,0.33,0.21,0.01,,,,,
1963,8040448,4573,22163.9463145383,13929.527679341527,4.2,2269.51,-0.010631521931827592,3121.2884746938944,0.9290638554375619,6.06218752e-05,0.9456928,2.29,0.44,0.34,0.21,0.01,,,,,
1964,8044544,4574,22074.775102673244,13868.630077085501,4.19,2263.5,-0.01581151670507097,1237.915360495448,0.9796657451661304,6.0601804800000004e-05,0.95622873,2.29,0.44,0.34,0.21,0.01,,,,,
1965,8048640,4576,22158.238884011185,13911.284839070817,4.16,2274.56,-0.014305067234658964,990.7418753355742,1.011965507408604,6.05817344e-05,0.86718524,2.25,0.45,0.34,0.2,0.01,,,,,
1966,8052736,4577,22038.71100655741,13809.06449483233,4.13,2275.35,-0.013451418641125201,3502.839914172888,0.9718655743636191,6.0561664e-05,0.93322736,2.21,0.46,0.34,0.19,0.01,,,,,
1967,8056832,4578,22174.39771360628,13900.45717536231,4.14,2285.84,-0.015378355587927217,2384.233423858881,0.9813341675326228,6.05415936e-05,0.9396731,2.21,0.46,0.34,0.19,0.01,,,,,
1968,8060928,4580,22516.334323323903,14113.055275242741,4.15,2316.26,-0.012374948564684018,8182.164679706097,0.9849121875595301,6.05215232e-05,0.95079076,2.19,0.47,0.33,0.19,0.01,,,,,
1969,8065024,4581,22471.226975342906,14100.916998397328,4.17,2307.68,-0.015434256058597384,2834.914670288563,1.0074163558892906,6.05014528e-05,0.94666237,2.22,0.46,0.33,0.2,0.01,,,,,
1970,8069120,4583,22830.147831511167,14316.646964763824,4.2,2340.11,-0.012508761181379668,2080.5739613324404,0.9588964253198355,6.0481382400000004e-05,0.93736947,2.21,0.47,0.32,0.2,0.01,,,,,
1971,8073216,4584,22948.4850960405,14380.785590222864,4.18,2358.42,-0.016179832058696775,1650.728768631816,1.0039034555666149,6.0461312e-05,0.9487946,2.17,0.48,0.32,0.19,0.01,,,,,
1972,8077312,4586,23164.140369623932,14530.88637179547,4.18,2377.16,-0.01004829559224163,5612.756558030844,1.026913359761238,6.04412416e-05,0.9589359,2.15,0.49,0.31,0.19,0.01,,,,,
1973,8081408,4588,22733.362246827783,14248.878393716826,4.17,2335.66,-0.01677497966829833,1943.54997394979,0.9807612766744569,6.04211712e-05,0.93351746,2.19,0.48,0.31,0.2,0.01,,,,,
1974,8085504,4590,22480.3869188766,14080.53628715077,4.14,2319.69,-0.014049311030248646,2587.780735388398,1.0217743427492678,6.04011008e-05,0.57888174,2.18,0.48,0.31,0.2,0.01,,,,,
1975,8089600,4593,22553.561580473106,14127.32123814387,4.17,2325.99,-0.010971913127832522,2575.43791128695,1.0099606026196852,6.03810304e-05,0.9203725,2.2,0.48,0.3,0.21,0.01,22177.57508986138,14069.45037394063,4.7,2095.0,0.0
1976,8093696,4593,22553.561580473106,14127.32123814387,4.17,2325.99,-0.00997035537056945,3280.2335579693317,0.9671989360358566,6.036096e-05,0.96561575,2.2,0.48,0.3,0.21,0.01,,,,,
1977,8097792,4595,23025.80220439876,14433.12349524775,4.22,2356.26,-0.009314237166108796,9250.715009003878,0.969343748409301,6.0340889599999996e-05,0.9304893,2.22,0.48,0.29,0.22,0.01,,,,,
1978,8101888,4596,23434.497186775923,14678.880404370562,4.22,2394.71,-0.008079788749455474,13986.001396745443,0.9623270847368985,6.03208192e-05,0.55684364,2.18,0.49,0.29,0.21,0.01,,,,,
1979,8105984,4597,23447.812088802526,14689.466314373014,4.22,2397.52,-0.014205380341081764,4067.2641626894474,0.9726206581108272,6.03007488e-05,0.91735107,2.18,0.49,0.29,0.21,0.01,,,,,
1980,8110080,4599,23815.819089958364,14913.594404657308,4.2,2439.72,-0.009998684922720713,4015.039527952671,1.0250808352138847,6.02806784e-05,0.67179847,2.12,0.51,0.28,0.2,0.01,,,,,
1981,8114176,4601,23136.05766218363,14512.86215623527,4.15,2392.77,-0.016946221392572625,2594.346313163638,1.0195868702139705,6.0260608000000006e-05,0.8390807,2.13,0.51,0.28,0.2,0.01,,,,,
1982,8118272,4603,22701.344584103157,14238.680603304543,4.1,2362.26,-0.017341210683298414,1561.184536010027,0.9972850814228877,6.0240537600000005e-05,0.7299416,2.12,0.51,0.28,0.2,0.01,,,,,
1983,8122368,4605,22570.746035187873,14148.542377767219,4.07,2365.75,-0.015641210182366194,1763.2407779991627,1.007286504143849,6.0220467200000004e-05,0.90049475,2.09,0.52,0.28,0.19,0.01,,,,,
1984,8126464,4606,22583.116524847203,14159.664678627592,4.09,2362.15,-0.009534217590498884,2361.0768686532974,1.0217427632305771,6.02003968e-05,0.8307561,2.11,0.51,0.29,0.19,0.01,,,,,
1985,8130560,4609,22322.516882437038,13989.959973654752,4.08,2342.07,-0.01470645341760246,2742.4779662787914,1.0172207676805556,6.01803264e-05,0.9026209,2.12,0.52,0.27,0.2,0.01,,,,,
1986,8134656,4610,22494.611973013947,14096.09801235412,4.08,2362.88,-0.012555913883261383,3694.894012540579,1.0390113414032385,6.0160256e-05,0.79918337,2.1,0.53,0.26,0.2,0.01,,,,,
1987,8138752,4612,22679.26622728912,14201.259193820755,4.09,2376.11,-0.013327046921403962,2351.489886701107,0.9812618768773973,6.01401856e-05,0.953139,2.09,0.54,0.25,0.2,0.01,,,,,
1988,8142848,4614,22770.946644423213,14266.347047410673,4.11,2386.7,-0.01421250987368694,5592.493766844273,1.0867152117425576,6.01201152e-05,0.81514454,2.1,0.54,0.25,0.2,0.01,,,,,
1989,8146944,4617,22770.53906645481,14261.871963945228,4.11,2385.98,-0.014452583049205714,3182.586945697665,1.0006951612886041,6.01000448e-05,0.8310997,2.1,0.54,0.25,0.2,0.01,,,,,
1990,8151040,4618,22918.36187071609,14348.018178533826,4.1,2402.24,-0.013199157055169053,1986.8385208249092,1.0322537950705737,6.0079974399999996e-05,0.94240516,2.07,0.55,0.25,0.19,0.01,,,,,
1991,8155136,4620,23045.233418523483,14420.072462598524,4.13,2407.26,-0.019641896311441087,970.6260091811419,1.0191696949768811,6.0059903999999995e-05,0.93654466,2.1,0.53,0.27,0.19,0.01,,,,,
1992,8159232,4622,23146.081695465942,14497.322439022006,4.16,2410.51,-0.009958433328392857,4849.683955103159,0.9965708866948262,6.00398336e-05,0.92321813,2.13,0.52,0.27,0.2,0.01,,,,,
1993,8163328,4626,22458.37750248799,14089.997316255767,4.11,2358.93,-0.017036420827935217,3174.054515913129,1.0457456986187026,6.00197632e-05,0.71008736,2.14,0.52,0.27,0.2,0.01,,,,,
1994,8167424,4628,22377.70429455785,14037.221563774976,4.12,2338.88,-0.010692520560041885,5555.404467880726,1.025379621074535,5.9999692800000005e-05,0.8864091,2.17,0.51,0.27,0.21,0.01,,,,,
1995,8171520,4629,22304.731241236175,13984.95902454094,4.11,2332.24,-0.014806841581957997,1758.1823491603136,1.0357898118672892,5.9979622400000004e-05,0.9490582,2.17,0.51,0.27,0.21,0.01,,,,,
1996,8175616,4631,22370.872201834125,14017.124525347295,4.1,2340.59,-0.01330971945753845,5232.732951134443,1.0439126269193366,5.9959552e-05,0.8990281,2.16,0.5,0.29,0.2,0.01,,,,,
1997,8179712,4634,22231.727452580217,13933.705792089975,4.09,2323.78,-0.018920625545433722,1751.5643323510885,0.9653503167210147,5.99394816e-05,0.92244434,2.16,0.5,0.29,0.2,0.01,,,,,
1998,8183808,4635,22662.726233821195,14195.369094141344,4.12,2357.06,-0.006471097285611904,9226.543490201235,0.9080734607996419,5.99194112e-05,0.8503251,2.16,0.5,0.29,0.2,0.01,,,,,
1999,8187904,4638,21993.0842999865,13771.413704664315,4.02,2313.29,-0.016921638879466627,1716.112193658948,1.0571407304378226,5.98993408e-05,0.8742728,2.1,0.51,0.29,0.2,0.0,,,,,
2000,8192000,4639,21978.50107818628,13773.189137669155,4.02,2314.41,-0.011669658661958238,2498.007581040263,0.9172617750009522,5.98792704e-05,0.88536906,2.1,0.51,0.29,0.2,0.0,18831.13978109013,11776.074079803378,4.466666666666667,1890.4333333333334,0.0
2001,8196096,4642,21632.730111961915,13549.13955674448,4.02,2292.77,-0.015273338610313658,1966.6672575324774,1.01144166640006,5.98592e-05,0.7849556,2.13,0.5,0.29,0.21,0.0,,,,,
2002,8200192,4644,21747.18126518931,13624.507761236693,3.99,2309.64,-0.015825631818188413,1483.4826104789972,1.031215455965139,5.98391296e-05,0.90722454,2.08,0.51,0.29,0.2,0.0,,,,,
2003,8204288,4645,21200.207280980427,13291.393311305961,3.96,2277.11,-0.011663368339213775,2324.255586668849,1.0274534419877455,5.98190592e-05,0.9204892,2.08,0.51,0.29,0.2,0.0,,,,,
2004,8208384,4646,21635.001251438505,13548.124847411884,3.97,2317.69,-0.01537342159099353,2570.9403420239687,0.962945842416957,5.97989888e-05,0.9471303,2.05,0.52,0.29,0.19,0.0,,,,,
2005,8212480,4649,20711.476490254096,12974.37305234554,3.9,2237.26,-0.016614641933301755,3118.5216139853,0.9498457839945331,5.97789184e-05,0.8737315,2.06,0.5,0.31,0.19,0.0,,,,,
2006,8216576,4650,20906.114455877687,13074.887906818487,3.91,2256.29,-0.018386155955340655,1041.4315258860588,0.9812615006230772,5.9758848e-05,0.9593848,2.05,0.51,0.3,0.19,0.0,,,,,
2007,8220672,4653,20582.45589087951,12888.797515923152,3.92,2225.04,-0.013300838229952205,4201.2970944345,1.005732373567298,5.97387776e-05,0.936069,2.09,0.49,0.32,0.19,0.0,,,,,
2008,8224768,4654,20741.271380822065,12974.807479003757,3.92,2240.8,-0.014503797439374466,2250.247186988592,1.0063431615708396,5.9718707200000004e-05,0.9535011,2.07,0.5,0.31,0.19,0.0,,,,,
2009,8228864,4657,20501.97135578738,12828.350621938254,3.94,2211.15,-0.013131504920238513,3562.450321853161,1.018323781550862,5.96986368e-05,0.9289866,2.12,0.49,0.31,0.2,0.0,,,,,
2010,8232960,4658,20820.31888785658,13029.673658887068,3.97,2237.38,-0.015248003157466883,2003.9853956997395,0.9740891951369122,5.96785664e-05,0.9445943,2.12,0.49,0.31,0.2,0.0,,,,,
2011,8237056,4659,20775.246516716994,13001.726599707761,3.96,2236.56,-0.014949249176424928,1675.6166406273842,0.953852116712369,5.9658496e-05,0.9201291,2.11,0.5,0.3,0.2,0.0,,,,,
2012,8241152,4660,21160.217797649664,13245.831116715684,3.99,2264.0,-0.012128108482102107,3567.662940979004,0.9998040883801877,5.96384256e-05,0.96533215,2.11,0.5,0.3,0.2,0.0,,,,,
2013,8245248,4662,21340.11314441584,13352.944313981203,3.99,2277.76,-0.019402436486416264,832.2111805975437,1.0611621692078188,5.96183552e-05,0.9188651,2.09,0.5,0.31,0.19,0.0,,,,,
2014,8249344,4663,21457.14751684493,13410.837539636324,3.99,2291.15,-0.011502415747600025,1108.456622183323,1.0442033775616437,5.9598284800000004e-05,0.93680817,2.08,0.51,0.3,0.19,0.0,,,,,
2015,8253440,4665,21273.846094352597,13287.60647082916,3.99,2268.69,-0.013219848198787076,2165.572134822607,1.0464503045659512,5.95782144e-05,0.9193946,2.1,0.5,0.31,0.19,0.0,,,,,
2016,8257536,4666,21478.607393642837,13428.309528081703,4.01,2287.05,-0.017490198553787195,1870.7166123390198,0.9956659036688507,5.9558144e-05,0.95168895,2.1,0.5,0.31,0.19,0.0,,,,,
2017,8261632,4669,21787.820541037236,13602.053287582115,4.01,2312.0,-0.016966990074251953,2112.625127285719,1.031700336956419,5.95380736e-05,0.9311935,2.08,0.5,0.32,0.18,0.0,,,,,
2018,8265728,4670,21952.548670214845,13698.130069967334,4.03,2324.71,-0.011434404141255072,1816.591035157442,1.0443724290234968,5.95180032e-05,0.8827284,2.08,0.5,0.32,0.18,0.0,,,,,
2019,8269824,4672,21682.918147316137,13526.563385562982,3.99,2302.13,-0.013969502801955969,1998.4461630135775,1.0263265676330775,5.94979328e-05,0.9454143,2.06,0.51,0.31,0.18,0.0,,,,,
2020,8273920,4676,21379.108344578955,13321.02801310298,4.02,2271.4,-0.018964987839353853,793.8415447771549,1.0518802880542353,5.94778624e-05,0.9159815,2.12,0.5,0.31,0.18,0.01,,,,,
2021,8278016,4677,21193.512533613586,13215.01586516243,4.0,2259.04,-0.0128832590780803,2324.1891872286797,0.9897040677024052,5.9457791999999997e-05,0.80376804,2.12,0.5,0.31,0.18,0.01,,,,,
2022,8282112,4679,20996.986974328123,13085.817104045742,3.98,2245.53,-0.01510274104657583,1271.6720442175865,1.0372476355405524,5.94377216e-05,0.9097252,2.12,0.5,0.31,0.18,0.01,,,,,
2023,8286208,4682,20288.60139396176,12642.154542614786,3.9,2195.04,-0.014386201808520127,1431.0472273379564,1.0156553339911625,5.94176512e-05,0.91487736,2.08,0.51,0.32,0.16,0.01,,,,,
2024,8290304,4683,20556.778704727916,12822.652524966938,3.94,2205.4,-0.009767291197931627,5320.098154813051,0.9767479115398601,5.93975808e-05,0.9484087,2.11,0.5,0.32,0.17,0.01,,,,,
2025,8294400,4685,20431.44662517758,12770.784212120594,3.93,2195.82,-0.016863008844666183,1792.2164666950703,1.064853745745495,5.9377510400000006e-05,0.7087699,2.12,0.49,0.33,0.17,0.01,18791.78676189721,11749.499642913572,4.533333333333333,1877.5666666666666,0.0
2026,8298496,4686,20419.039048021845,12746.875717536306,3.91,2201.43,-0.016130907357364777,1795.2898759543896,1.0054997513070703,5.9357440000000005e-05,0.9529884,2.09,0.5,0.33,0.16,0.01,,,,,
2027,8302592,4687,20624.94650310744,12886.478451735391,3.94,2212.45,-0.01544222751090274,2084.8993340283632,0.9979783485177904,5.9337369600000004e-05,0.94960654,2.11,0.49,0.34,0.16,0.01,,,,,
2028,8306688,4689,20824.210464018946,13006.636423504851,3.92,2237.69,-0.0134823076405155,3915.5552295446396,0.9912955650361255,5.93172992e-05,0.71575594,2.06,0.51,0.33,0.15,0.01,,,,,
2029,8310784,4691,20856.705256098005,13011.339008000212,3.93,2234.16,-0.0146583437181107,1609.110197469592,0.9207104343222454,5.92972288e-05,0.9344624,2.07,0.5,0.34,0.15,0.01,,,,,
2030,8314880,4693,21032.92969596928,13149.201285887959,3.95,2252.68,-0.011519991165187093,3838.013697862625,1.0217648880789056,5.92771584e-05,0.93371034,2.08,0.5,0.34,0.15,0.01,,,,,
2031,8318976,4695,20659.93041875126,12902.957961112286,3.9,2236.76,-0.020612591540157155,1995.3002044856548,1.0359846184728667,5.9257088e-05,0.8176042,2.05,0.51,0.34,0.14,0.01,,,,,
2032,8323072,4696,20259.400220450825,12651.897122368997,3.88,2197.9,-0.015280718052053999,4552.009644418955,0.9830924643902108,5.92370176e-05,0.9157345,2.07,0.5,0.35,0.14,0.01,,,,,
2033,8327168,4699,19986.818493275357,12488.740577902638,3.89,2162.44,-0.018835737437257194,1436.7812301367521,1.0549054658040404,5.92169472e-05,0.9559448,2.11,0.48,0.37,0.14,0.01,,,,,
2034,8331264,4700,20261.141466721612,12643.812749690225,3.9,2187.08,-0.015117898457901902,2123.7614326626062,0.9956948501057923,5.9196876799999996e-05,0.95281637,2.09,0.49,0.36,0.14,0.01,,,,,
2035,8335360,4702,20276.28472488324,12653.640452962392,3.9,2190.08,-0.015036844533369731,894.1990519315004,1.0446309715043753,5.9176806399999995e-05,0.9563239,2.08,0.5,0.35,0.14,0.01,,,,,
2036,8339456,4704,20293.513520750068,12676.237347719805,3.92,2188.77,-0.0183806750264921,2309.922720581293,1.0095419853460044,5.9156736e-05,0.9056586,2.09,0.49,0.36,0.14,0.01,,,,,
2037,8343552,4706,20362.55586031864,12713.171849541384,3.93,2190.04,-0.015350446838965581,1863.807832673192,1.0022345560137182,5.91366656e-05,0.933979,2.1,0.48,0.37,0.14,0.01,,,,,
2038,8347648,4709,20376.186257020563,12709.098032497313,3.95,2185.92,-0.008661898845275573,8275.911569863558,1.0335942704696208,5.9116595200000005e-05,0.74581194,2.13,0.47,0.37,0.15,0.01,,,,,
2039,8351744,4710,20286.77302012555,12648.15282852807,3.94,2174.73,-0.01712880395280081,1948.5287827253342,1.0025466753868386,5.9096524800000004e-05,0.8921813,2.13,0.47,0.37,0.15,0.01,,,,,
2040,8355840,4711,20295.799890270697,12663.571656672375,3.94,2176.0,-0.011807899543782696,4992.132083803415,0.9849593371618539,5.90764544e-05,0.85613966,2.13,0.47,0.37,0.15,0.01,,,,,
2041,8359936,4711,20295.799890270697,12663.571656672375,3.94,2176.0,-0.01459967973005405,4873.329320073128,1.005656053777784,5.9056384e-05,0.96835005,2.13,0.47,0.37,0.15,0.01,,,,,
2042,8364032,4712,20876.144094636285,13033.19129939137,3.98,2224.35,-0.017369459657857078,977.5552482306957,1.0434375702170655,5.90363136e-05,0.9692911,2.13,0.47,0.37,0.15,0.01,,,,,
2043,8368128,4714,21342.33476010639,13322.48105303425,3.97,2262.94,-0.010041580968390917,9503.282805919647,1.0468747114064172,5.90162432e-05,0.9417361,2.08,0.48,0.37,0.14,0.01,,,,,
2044,8372224,4715,21308.478675212384,13314.73710366009,3.97,2261.13,-0.01404895673158535,2694.327924206853,0.9909619869431481,5.89961728e-05,0.8778605,2.08,0.48,0.37,0.14,0.01,,,,,
2045,8376320,4717,21662.79688234715,13525.201828320793,4.01,2286.84,-0.016954166842879204,1320.5095687657595,1.0002621618332341,5.89761024e-05,0.96658236,2.09,0.48,0.37,0.14,0.01,,,,,
2046,8380416,4717,21662.79688234715,13525.201828320793,4.01,2286.84,-0.012205485793856496,2129.315623432398,1.0394083253340796,5.8956032e-05,0.9732225,2.09,0.48,0.37,0.14,0.01,,,,,
2047,8384512,4719,22018.25889134317,13750.822942548783,4.03,2312.19,-0.00981408812549489,5854.788732081652,1.026064922218211,5.8935961599999996e-05,0.8877032,2.08,0.48,0.37,0.14,0.01,,,,,
2048,8388608,4721,22056.16675722976,13774.90570216122,4.04,2311.8,-0.016748631751852372,2648.4743926227093,1.003096838714555,5.89158912e-05,0.9282948,2.09,0.48,0.37,0.14,0.01,,,,,
2049,8392704,4723,22164.999842935962,13826.819217599097,4.03,2326.32,-0.018367466128438537,1520.6524459719658,1.0299221343593672,5.88958208e-05,0.93262565,2.06,0.49,0.37,0.13,0.01,,,,,
2050,8396800,4723,22164.999842935962,13826.819217599097,4.03,2326.32,-0.00903413943524356,6400.433259367943,0.9381242510862648,5.88757504e-05,0.97095156,2.06,0.49,0.37,0.13,0.01,19349.380426438245,12362.065358403652,4.433333333333334,1883.2333333333333,0.0
2051,8400896,4724,22758.64218968517,14200.680295946635,4.08,2357.89,-0.014021652539668139,10122.387146160007,1.0077712470665574,5.885568e-05,0.9587385,2.08,0.48,0.38,0.13,0.01,,,,,
2052,8404992,4726,23132.238827783647,14410.364971486932,4.08,2390.9,-0.01563813122083957,1666.2985192239285,0.9730795173672959,5.8835609600000004e-05,0.95562017,2.04,0.49,0.38,0.12,0.01,,,,,
2053,8409088,4728,23377.976556715006,14578.729549478221,4.09,2423.53,-0.013525425441912375,3875.1712433993816,0.9880016046809033,5.88155392e-05,0.9021183,2.01,0.5,0.38,0.11,0.01,,,,,
2054,8413184,4730,23281.318777946974,14523.183243684352,4.09,2414.04,-0.010605732551994151,2404.7856324762106,0.9414670763071626,5.87954688e-05,0.91360426,2.01,0.5,0.38,0.11,0.01,,,,,
2055,8417280,4731,23337.587993135312,14550.77911007603,4.1,2411.62,-0.01494576810455328,2388.613815456629,1.0469908617669716,5.87753984e-05,0.96481013,2.02,0.5,0.38,0.11,0.01,,,,,
2056,8421376,4731,23337.587993135312,14550.77911007603,4.1,2411.62,-0.018108187747202464,1277.5042660981417,0.9977868364658207,5.8755328e-05,0.97982806,2.02,0.5,0.38,0.11,0.01,,,,,
2057,8425472,4733,23964.42603947002,14950.023054511397,4.15,2458.05,-0.011890010073329904,11225.735656917095,1.0045490177581087,5.87352576e-05,0.9288262,2.02,0.5,0.38,0.11,0.01,,,,,
2058,8429568,4735,23811.424898960646,14843.746114153331,4.12,2449.84,-0.01571141869862913,830.1190021336079,0.9849127770867199,5.87151872e-05,0.9743607,1.99,0.51,0.37,0.11,0.01,,,,,
2059,8433664,4736,24041.287896035356,14996.289994164132,4.14,2470.52,-0.01149230695591541,3990.843877106905,0.9208783596986905,5.86951168e-05,0.9121771,1.99,0.51,0.37,0.11,0.01,,,,,
2060,8437760,4738,24229.80460762835,15105.178614227436,4.15,2488.3,-0.0195707262664655,1666.7193439900875,0.9829001419711858,5.86750464e-05,0.9281393,1.98,0.52,0.36,0.11,0.01,,,,,
2061,8441856,4741,23962.890680343608,14956.301467285877,4.14,2461.05,-0.012758417975419434,4398.696337848902,0.9786153160966933,5.8654976e-05,0.91699004,1.99,0.51,0.37,0.11,0.01,,,,,
2062,8445952,4743,24229.720122480187,15107.161894435929,4.21,2463.95,-0.010732045507211296,7794.08339959383,0.9436197458999231,5.86349056e-05,0.95081466,2.05,0.5,0.37,0.11,0.02,,,,,
2063,8450048,4745,24140.048684703066,15056.278281019358,4.22,2448.26,-0.014847770589767606,1372.5427744984627,0.9973847115179524,5.86148352e-05,0.9363165,2.08,0.49,0.37,0.12,0.02,,,,,
2064,8454144,4745,24140.048684703066,15056.278281019358,4.22,2448.26,-0.00784650780587981,21453.492667853832,0.9332560757175088,5.85947648e-05,0.95561135,2.08,0.49,0.37,0.12,0.02,,,,,
2065,8458240,4747,24803.4533481403,15486.116980398647,4.26,2486.41,-0.0092041327015977,39208.97659534216,0.9449956020107493,5.85746944e-05,0.8889542,2.08,0.49,0.37,0.12,0.02,,,,,
2066,8462336,4749,24797.16323621619,15474.109954369396,4.24,2492.68,-0.01323574432717578,2386.0274668186903,1.017746819416061,5.8554624e-05,0.7751672,2.06,0.51,0.35,0.12,0.02,,,,,
2067,8466432,4749,24797.16323621619,15474.109954369396,4.24,2492.68,-0.011638030078756856,3982.0843374431133,0.9700905142817646,5.85345536e-05,0.9457642,2.06,0.51,0.35,0.12,0.02,,,,,
2068,8470528,4752,24970.61863568094,15587.117763119808,4.24,2510.39,-0.01714749020175077,1091.028301090002,0.9793973232153803,5.85144832e-05,0.88113266,2.04,0.52,0.34,0.12,0.02,,,,,
2069,8474624,4753,24942.521128741806,15565.042732340484,4.22,2516.4,-0.009632110653910786,10314.827831923962,0.9685802448075265,5.84944128e-05,0.7176039,2.02,0.53,0.33,0.12,0.02,,,,,
2070,8478720,4754,24916.218073566128,15552.538814917829,4.22,2512.98,-0.013820012815813243,2883.8100042939186,0.9977660758886486,5.8474342400000005e-05,0.8977339,2.02,0.53,0.33,0.12,0.02,,,,,
2071,8482816,4757,25084.402384107598,15657.21858624338,4.23,2535.32,-0.004155927872488974,13190.098952025175,1.0139830698026344,5.8454272000000004e-05,0.7982006,2.01,0.54,0.32,0.11,0.03,,,,,
2072,8486912,4759,24879.795347754774,15537.834808561347,4.28,2503.59,-0.0116249086404423,4527.713861808181,1.0010879805777222,5.84342016e-05,0.9315542,2.1,0.52,0.32,0.12,0.04,,,,,
2073,8491008,4761,24693.88417941437,15417.75374791919,4.27,2490.15,-0.014980905662014266,1129.0435665249825,1.0079723712988198,5.84141312e-05,0.9683162,2.1,0.52,0.32,0.12,0.04,,,,,
2074,8495104,4761,24693.88417941437,15417.75374791919,4.27,2490.15,-0.015432648009664263,2364.81812658906,0.9913067610468715,5.83940608e-05,0.9697145,2.1,0.52,0.32,0.12,0.04,,,,,
2075,8499200,4763,25094.501500820737,15677.032795907438,4.31,2510.75,-0.009279362186134676,9949.64778020978,1.010505917132832,5.83739904e-05,0.9320101,2.12,0.51,0.33,0.12,0.04,20137.094243571046,12962.235439443792,4.5,2006.8666666666666,0.0
2076,8503296,4766,24580.87180280003,15368.010630482084,4.3,2466.8,-0.017091415890718054,1809.1135460734367,1.0867520699976012,5.835392e-05,0.78994536,2.16,0.51,0.31,0.14,0.04,,,,,
2077,8507392,4768,24823.931295308463,15525.334513825346,4.32,2488.21,-0.012386344095830282,1824.46330486238,0.9628850140143186,5.83338496e-05,0.9691703,2.15,0.52,0.3,0.14,0.04,,,,,
2078,8511488,4769,24767.831431670653,15468.08009279198,4.31,2485.69,-0.016211010068218457,983.1433609724045,1.0208482212619856,5.8313779199999996e-05,0.97226614,2.14,0.53,0.29,0.14,0.04,,,,,
2079,8515584,4771,24741.81675291327,15444.204626647504,4.31,2481.25,-0.012881578948508832,1315.9564055800438,0.9886576752178371,5.8293708799999995e-05,0.9562538,2.15,0.52,0.3,0.14,0.04,,,,,
2080,8519680,4773,25002.443428540882,15622.340715899707,4.37,2487.14,-0.010358531819292693,5063.02448053658,1.0075040152296424,5.82736384e-05,0.9788528,2.21,0.5,0.31,0.15,0.04,,,,,
2081,8523776,4774,25038.772545395408,15646.083470826496,4.38,2487.55,-0.01609652007027762,1767.1495272815228,0.9887007299112156,5.8253568e-05,0.9654887,2.22,0.49,0.32,0.15,0.04,,,,,
2082,8527872,4776,25511.217899093965,15937.048951252995,4.37,2532.3,-0.014345234571464971,1166.7366091161966,0.9266652766382322,5.8233497600000006e-05,0.9731256,2.16,0.5,0.32,0.15,0.03,,,,,
2083,8531968,4777,25539.39822764316,15948.666277000957,4.38,2531.71,-0.014135899704342592,2591.497418254614,0.9820472341962159,5.8213427200000005e-05,0.9403762,2.17,0.49,0.33,0.15,0.03,,,,,
2084,8536064,4780,25563.560172255296,15968.341248102106,4.41,2524.26,-0.01651443572518474,1955.566296711564,0.9936645071720704,5.8193356800000003e-05,0.94058853,2.21,0.48,0.33,0.16,0.03,,,,,
2085,8540160,4784,25022.08550569314,15641.343526653629,4.41,2482.49,-0.014747445437023998,2904.003432944417,1.0144718788797036,5.81732864e-05,0.8685687,2.26,0.47,0.33,0.17,0.03,,,,,
2086,8544256,4785,25250.132271799695,15784.456756868829,4.43,2500.92,-0.013006528160985908,2075.95819157362,0.9643087163567543,5.8153216e-05,0.94660056,2.26,0.47,0.33,0.17,0.03,,,,,
2087,8548352,4786,25252.48004016003,15780.828661244488,4.43,2500.88,-0.014534270667354576,2378.323737233877,0.9612137748626992,5.81331456e-05,0.95804226,2.26,0.47,0.33,0.17,0.03,,,,,
2088,8552448,4787,25260.29879731424,15797.173852527412,4.43,2502.43,-0.01428173329532001,2387.545822829008,0.8953783285105601,5.81130752e-05,0.9566649,2.26,0.47,0.33,0.17,0.03,,,,,
2089,8556544,4789,25266.235524498537,15810.11968917377,4.44,2497.91,-0.014011360417498508,2824.343541830778,0.9410701866727322,5.80930048e-05,0.9336798,2.27,0.46,0.34,0.17,0.03,,,,,
2090,8560640,4790,25246.67285600177,15807.997587710686,4.44,2497.31,-0.014130645147815812,2441.429522380233,0.9665703607024625,5.80729344e-05,0.95377946,2.27,0.46,0.34,0.17,0.03,,,,,
2091,8564736,4793,25048.98292519628,15671.942322056995,4.4,2484.61,-0.01288593910066993,3013.986121803522,0.9649336306611076,5.8052863999999996e-05,0.79891974,2.24,0.48,0.32,0.17,0.03,,,,,
2092,8568832,4794,25452.412099357258,15914.007217488233,4.43,2513.38,-0.010020733607234433,2238.57659894228,0.9034700440242887,5.80327936e-05,0.9775805,2.24,0.48,0.32,0.17,0.03,,,,,
2093,8572928,4795,25613.097444354386,16008.596564749114,4.46,2517.22,-0.012607570670297719,5299.917429804802,1.019327083020471,5.80127232e-05,0.97777194,2.27,0.47,0.32,0.18,0.03,,,,,
2094,8577024,4797,25839.046377584644,16153.491656162121,4.48,2530.72,-0.011062144044444722,5991.150540560484,0.9889838213566691,5.79926528e-05,0.9346101,2.28,0.47,0.31,0.19,0.03,,,,,
2095,8581120,4799,25702.204020677716,16069.439041905607,4.46,2522.73,-0.013685300042197923,2458.7459027171135,0.987809126614593,5.79725824e-05,0.89993054,2.27,0.47,0.31,0.19,0.03,,,,,
2096,8585216,4802,25581.730952557366,16004.370544298105,4.46,2511.66,-0.017104216649386217,1120.9638603627682,1.0090072843013331,5.7952512000000004e-05,0.93184185,2.28,0.46,0.32,0.19,0.03,,,,,
2097,8589312,4805,25133.159864109723,15725.558771564309,4.46,2470.47,-0.018362173249443003,2118.258834436536,1.0419242705684155,5.79324416e-05,0.86991596,2.33,0.46,0.3,0.21,0.03,,,,,
2098,8593408,4807,25214.123906025394,15786.635259650147,4.46,2480.15,-0.01733760149909358,968.468045219779,1.0416365682613105,5.79123712e-05,0.966498,2.32,0.46,0.3,0.21,0.03,,,,,
2099,8597504,4808,25558.351651123477,15994.687129266258,4.46,2511.55,-0.012359901658783201,1409.4388798624277,0.9098348744446412,5.78923008e-05,0.96352106,2.28,0.47,0.3,0.2,0.03,,,,,
2100,8601600,4809,25507.70560364207,15964.159873187182,4.43,2513.5,-0.01880885349601158,1347.3755856454372,0.9755340977571905,5.78722304e-05,0.93840957,2.24,0.48,0.3,0.19,0.03,26276.430918260172,16707.65569000294,5.066666666666666,2493.633333333333,0.0
2101,8605696,4810,26131.22431978896,16353.508337185154,4.48,2561.69,-0.011297943179670256,5110.468611299992,0.9759103854885325,5.785216e-05,0.96268046,2.24,0.48,0.3,0.19,0.03,,,,,
2102,8609792,4811,25993.31194598792,16250.214460975281,4.47,2549.2,-0.015382894483082055,1058.6416292488575,0.9675079784356058,5.78320896e-05,0.98028505,2.24,0.48,0.3,0.19,0.03,,,,,
2103,8613888,4813,25001.435322713478,15617.000109230503,4.4,2474.47,-0.009377176624184358,4180.864879757166,0.9840086849872023,5.78120192e-05,0.84949744,2.23,0.49,0.29,0.19,0.03,,,,,
2104,8617984,4814,25428.881369425264,15893.691924695539,4.46,2495.77,-0.009809224276978057,8914.667527109385,0.9945358112454414,5.77919488e-05,0.96030784,2.27,0.48,0.29,0.2,0.03,,,,,
2105,8622080,4814,25428.881369425264,15893.691924695539,4.46,2495.77,-0.014993022405178635,1583.166819959879,0.9808814874850214,5.77718784e-05,0.9824364,2.27,0.48,0.29,0.2,0.03,,,,,
2106,8626176,4816,25894.276784735743,16191.65193651888,4.49,2528.57,-0.007967159770487342,10584.634254336357,0.9954478150466457,5.7751808e-05,0.90938824,2.27,0.48,0.29,0.2,0.03,,,,,
2107,8630272,4817,25939.42392888604,16219.399541091774,4.49,2533.92,-0.004997376336177695,8608.10421293974,0.9916307193925604,5.77317376e-05,0.7427646,2.27,0.48,0.29,0.2,0.03,,,,,
2108,8634368,4818,25593.874702279154,16005.033568059851,4.47,2509.48,-0.01689378945320641,2687.049561575055,1.0107617295579985,5.77116672e-05,0.94309217,2.28,0.47,0.3,0.2,0.03,,,,,
2109,8638464,4819,25899.529183625105,16204.078070876363,4.49,2538.67,-0.015856025496759685,2071.3499105274677,0.9653044163715094,5.76915968e-05,0.9373044,2.27,0.48,0.29,0.2,0.03,,,,,
2110,8642560,4820,26131.239488356394,16350.012727709814,4.51,2556.99,-0.015275814477718086,1181.4991582930088,1.015092529472895,5.76715264e-05,0.9663859,2.27,0.48,0.29,0.2,0.03,,,,,
2111,8646656,4821,26241.830842796433,16416.530544557627,4.51,2569.88,-0.017753584111233067,1696.5670589655638,1.0435904286568984,5.7651456e-05,0.96228456,2.25,0.49,0.28,0.2,0.03,,,,,
2112,8650752,4823,26209.595766843486,16394.818119414573,4.49,2571.71,-0.0178027115543955,2048.3559228777885,0.969551210408099,5.76313856e-05,0.9069867,2.23,0.5,0.27,0.2,0.03,,,,,
2113,8654848,4825,25462.76346793615,15945.581451484377,4.45,2520.04,-0.01734453922472312,4178.204469263554,1.0428154745604843,5.76113152e-05,0.9547466,2.24,0.49,0.28,0.2,0.03,,,,,
2114,8658944,4826,25633.928679251814,16039.583630332105,4.44,2538.43,-0.012791521066901623,2418.6153821349144,0.982743194559589,5.75912448e-05,0.9770681,2.21,0.5,0.28,0.19,0.03,,,,,
2115,8663040,4829,25490.953328213178,15938.138794031129,4.43,2516.49,-0.01849152417617006,1988.5706176161766,1.0046544130891562,5.7571174400000004e-05,0.85183597,2.23,0.49,0.29,0.19,0.03,,,,,
2116,8667136,4829,25490.953328213178,15938.138794031129,4.43,2516.49,-0.014535468219037284,1693.23101785779,1.0151792741380632,5.7551104e-05,0.9715785,2.23,0.49,0.29,0.19,0.03,,,,,
2117,8671232,4832,25042.869681128563,15664.253348532899,4.42,2477.35,-0.009958278336853255,5115.155134111643,0.9854684644378722,5.75310336e-05,0.9383821,2.26,0.48,0.29,0.2,0.03,,,,,
2118,8675328,4834,25213.89872474804,15791.087421710206,4.43,2490.26,-0.01170140078102122,7132.97052103281,0.9717565923929214,5.75109632e-05,0.9067663,2.26,0.48,0.3,0.19,0.03,,,,,
2119,8679424,4836,24912.564075508693,15601.48387016007,4.44,2461.38,-0.010559718341937696,2434.4706543385983,1.011603940743953,5.74908928e-05,0.7948527,2.3,0.47,0.3,0.2,0.03,,,,,
2120,8683520,4837,24857.675021993233,15574.500306759148,4.44,2455.38,-0.014877135181450285,960.896017819643,0.9783899605972692,5.74708224e-05,0.97608316,2.31,0.46,0.31,0.2,0.03,,,,,
2121,8687616,4838,25207.356663704566,15783.67311117774,4.47,2483.33,-0.008560743545785954,5654.659633278847,0.9732158686965704,5.7450752e-05,0.8355053,2.31,0.46,0.31,0.2,0.03,,,,,
2122,8691712,4839,25544.890268931442,15973.22595452819,4.49,2511.98,-0.016005981434318528,1805.0298215150833,1.0011096145026386,5.7430681599999996e-05,0.92676467,2.3,0.47,0.3,0.2,0.03,,,,,
2123,8695808,4842,25600.863768521536,15997.001823943543,4.45,2529.23,-0.013286892362884828,2914.856994062662,1.0333022190025076,5.7410611199999995e-05,0.90509045,2.25,0.48,0.3,0.19,0.03,,,,,
2124,8699904,4843,25527.54997315146,15947.033367147653,4.4,2531.54,-0.013727683070101193,1365.7383204847574,0.9856252151075751,5.73905408e-05,0.9716112,2.2,0.49,0.3,0.19,0.02,,,,,
2125,8704000,4844,26045.74145361193,16261.983266060115,4.42,2566.38,-0.0042470072321521,22206.149429380894,0.9701995952054858,5.73704704e-05,0.89933115,2.18,0.49,0.31,0.18,0.02,26657.93919997224,16678.918868042954,4.966666666666667,2379.233333333333,0.0
2126,8708096,4845,26004.43192302699,16250.503758759489,4.44,2558.7,-0.011073598514485639,3463.119865477085,1.0101505457423627,5.7350400000000006e-05,0.9642385,2.21,0.48,0.31,0.19,0.02,,,,,
2127,8712192,4847,25615.922385951737,16001.219853584316,4.43,2541.08,-0.011561505530153227,2096.31489610672,1.0636302733328193,5.7330329600000005e-05,0.8914113,2.21,0.48,0.31,0.19,0.02,,,,,
2128,8716288,4850,24884.55917269926,15545.320350049265,4.44,2467.04,-0.012924134957756905,2696.321922957897,1.0526173735270277,5.7310259200000004e-05,0.95487463,2.3,0.45,0.31,0.22,0.02,,,,,
2129,8720384,4851,25278.811071476714,15783.686008913195,4.48,2486.49,-0.00954640309100796,5706.681779444218,1.0370548019418493,5.72901888e-05,0.9275853,2.32,0.44,0.32,0.22,0.02,,,,,
2130,8724480,4852,25528.768382023623,15943.792048262741,4.47,2512.72,-0.009292154920331086,6302.642756044865,0.9938342398963869,5.72701184e-05,0.9624472,2.28,0.45,0.32,0.21,0.02,,,,,
2131,8728576,4855,25458.63278373899,15918.271247059596,4.5,2484.39,-0.010567547061327787,19657.358744114637,1.0030450562480837,5.7250048e-05,0.92105097,2.35,0.42,0.33,0.23,0.02,,,,,
2132,8732672,4859,25356.133650292264,15877.950571876012,4.45,2481.59,-0.013718616733967792,5907.543565779924,0.9921862632036209,5.72299776e-05,0.94074136,2.3,0.42,0.33,0.25,0.0,,,,,
2133,8736768,4861,25055.60277392256,15706.869378114528,4.42,2459.17,-0.016797830421637627,1414.8258989453316,1.0170607798499987,5.72099072e-05,0.91089875,2.3,0.42,0.33,0.25,0.0,,,,,
2134,8740864,4865,24267.801510648715,15204.812319854223,4.34,2398.68,-0.016998679612697742,1103.8810437619686,1.0183508708141744,5.71898368e-05,0.9076426,2.28,0.41,0.35,0.24,0.0,,,,,
2135,8744960,4866,24557.38136565907,15383.320347975741,4.36,2421.32,-0.014647079289716203,2586.2207993865013,1.015258825616911,5.7169766399999996e-05,0.93370676,2.28,0.41,0.35,0.24,0.0,,,,,
2136,8749056,4868,24586.18147378031,15412.599870451711,4.37,2419.56,-0.007871540536598332,3549.6908591389656,1.0054578979033977,5.7149695999999995e-05,0.89269143,2.3,0.4,0.36,0.24,0.0,,,,,
2137,8753152,4870,24218.807686029395,15205.260028370081,4.37,2386.19,-0.01693502127091051,1230.0358858555555,1.0269324297551066,5.71296256e-05,0.8995665,2.33,0.4,0.35,0.25,0.0,,,,,
2138,8757248,4871,24302.426574183777,15247.955651962191,4.38,2392.52,-0.010489759016309108,6164.526902407408,1.0298683475703,5.71095552e-05,0.968562,2.33,0.4,0.35,0.25,0.0,,,,,
2139,8761344,4874,24204.81477299775,15195.367933448611,4.35,2387.28,-0.015555659290839685,1841.116538733244,1.049626967520453,5.70894848e-05,0.96204996,2.3,0.41,0.35,0.24,0.0,,,,,
2140,8765440,4877,23927.832748370343,15049.437144881646,4.37,2353.99,-0.012059407652486698,8865.408699035645,1.0476259087445214,5.7069414400000004e-05,0.93818206,2.36,0.4,0.35,0.25,0.0,,,,,
2141,8769536,4877,23927.832748370343,15049.437144881646,4.37,2353.99,-0.014287298230556189,1212.3116877377033,0.9458075575530529,5.7049344e-05,0.98387975,2.36,0.4,0.35,0.25,0.0,,,,,
2142,8773632,4878,24786.93468382372,15584.712826598388,4.42,2408.74,-0.007000871834861755,48923.13391306996,0.9965987934265286,5.70292736e-05,0.95015323,2.36,0.4,0.35,0.25,0.0,,,,,
2143,8777728,4879,24854.035386133077,15627.831649762551,4.43,2413.16,-0.011920681296942348,616.9314846247435,0.9610014624195173,5.70092032e-05,0.975762,2.37,0.39,0.36,0.25,0.0,,,,,
2144,8781824,4880,25298.11105553437,15905.483799043624,4.44,2446.37,-0.010200910499406746,5335.024277925491,1.019402455422096,5.69891328e-05,0.9692012,2.34,0.39,0.37,0.24,0.0,,,,,
2145,8785920,4881,25563.320423438658,16066.606646008318,4.44,2474.54,-0.01876953669489012,1604.6558839827776,1.003190895775333,5.69690624e-05,0.953844,2.31,0.4,0.37,0.23,0.0,,,,,
2146,8790016,4884,25877.032375672494,16244.72123546124,4.45,2498.07,-0.017458169319070294,1918.7280723750591,0.9674453338375315,5.6948992e-05,0.9354986,2.29,0.4,0.37,0.23,0.0,,,,,
2147,8794112,4886,25724.473831443414,16156.536565594328,4.46,2476.31,-0.011721604567355826,2235.224751010537,1.030422147596255,5.69289216e-05,0.9570677,2.32,0.39,0.37,0.24,0.0,,,,,
2148,8798208,4888,25253.336610029146,15836.158618429981,4.43,2440.4,-0.00803812039703189,5139.308605879545,1.0463774049421772,5.69088512e-05,0.5044244,2.33,0.4,0.35,0.25,0.0,,,,,
2149,8802304,4889,25585.632162626654,16027.860444628745,4.46,2458.45,-0.009363524478430918,2155.698246717453,0.9714549611089751,5.68887808e-05,0.9528878,2.34,0.39,0.36,0.25,0.0,,,,,
2150,8806400,4891,25599.141387881107,16058.618990173516,4.48,2449.8,-0.010946148296170577,4902.9120416641235,1.0096279022982344,5.68687104e-05,0.94695634,2.37,0.37,0.38,0.25,0.0,25890.995485550044,16412.21521201025,5.033333333333333,2395.0,0.0
2151,8810496,4894,25148.41416863558,15785.804851440329,4.5,2408.38,-0.01724482952249673,1443.2784905731678,1.0560250049456954,5.684864e-05,0.94029164,2.43,0.35,0.39,0.25,0.01,,,,,
2152,8814592,4897,24599.746333111212,15431.058948069462,4.42,2377.34,-0.012369369700536481,2551.910387724638,1.0211222802754492,5.68285696e-05,0.8643837,2.37,0.37,0.39,0.23,0.01,,,,,
2153,8818688,4898,24633.769102403705,15453.066564651308,4.43,2378.64,-0.015728958993349806,1911.7840562313795,0.9648240957176313,5.68084992e-05,0.92886704,2.38,0.37,0.39,0.23,0.01,,,,,
2154,8822784,4901,24765.492172878206,15541.223318254428,4.43,2393.8,-0.01725933682428149,1679.3154024630785,0.9792005182243884,5.67884288e-05,0.91331244,2.37,0.37,0.39,0.23,0.01,,,,,
2155,8826880,4903,24773.338894216973,15542.693301502737,4.42,2395.79,-0.017730669718730496,1668.782684147358,0.9954733890481293,5.67683584e-05,0.8185941,2.36,0.38,0.38,0.23,0.01,,,,,
2156,8830976,4904,25056.206511291926,15727.015068301978,4.42,2421.21,-0.01728914340492338,1664.938854828477,0.9958559199003503,5.6748288e-05,0.9602063,2.33,0.38,0.39,0.22,0.01,,,,,
2157,8835072,4907,25035.867538849703,15702.038193296581,4.39,2423.76,-0.01239374393298931,1092.2074177265167,1.0219269745284691,5.67282176e-05,0.90434283,2.3,0.39,0.39,0.21,0.01,,,,,
2158,8839168,4910,23990.500947488144,15050.145233833628,4.32,2331.92,-0.02010166065156227,923.5935705304146,1.0133875283645466,5.67081472e-05,0.90400696,2.33,0.37,0.41,0.21,0.01,,,,,
2159,8843264,4911,23832.21883358342,14967.097186897032,4.31,2322.1,-0.01143801247690135,2069.7056933939457,0.9791373562766239,5.6688076800000004e-05,0.882032,2.33,0.37,0.41,0.21,0.01,,,,,
2160,8847360,4913,23880.580876936045,14991.718322035285,4.32,2320.02,-0.017191401489981217,1238.1983389109373,1.0308312757406384,5.66680064e-05,0.95636535,2.35,0.36,0.42,0.21,0.01,,,,,
2161,8851456,4913,23880.580876936045,14991.718322035285,4.32,2320.02,-0.01183043800847372,5115.346241056919,0.9846047607716173,5.6647936e-05,0.9667855,2.35,0.36,0.42,0.21,0.01,,,,,
2162,8855552,4915,23710.568576342757,14868.86494203775,4.28,2313.96,-0.00809633451353875,24608.641035586596,0.9491137020522729,5.66278656e-05,0.8686286,2.31,0.37,0.42,0.2,0.01,,,,,
2163,8859648,4916,23843.67770511508,14949.397339770368,4.29,2323.54,-0.014635619387263432,1973.713072925806,1.015439290436916,5.66077952e-05,0.9407593,2.31,0.37,0.42,0.2,0.01,,,,,
2164,8863744,4918,23576.943356609365,14776.518535810816,4.25,2307.29,-0.013614765324746259,3130.587123826146,0.9983465892728418,5.65877248e-05,0.8188765,2.28,0.39,0.4,0.2,0.01,,,,,
2165,8867840,4920,23079.125507091023,14462.882046636683,4.22,2260.77,-0.014943922618840588,2600.9980459064245,1.0020605099853128,5.65676544e-05,0.9239543,2.3,0.37,0.42,0.2,0.01,,,,,
2166,8871936,4921,22836.949299788037,14316.14574810972,4.22,2236.06,-0.014630625453719404,1248.08789229393,0.9872136354679242,5.6547584e-05,0.9614361,2.33,0.36,0.42,0.21,0.01,,,,,
2167,8876032,4923,23304.54714477122,14599.520364080614,4.28,2260.2,-0.012281433857424418,5393.901477903128,1.0157791904639453,5.6527513599999996e-05,0.97020465,2.36,0.35,0.42,0.22,0.01,,,,,
2168,8880128,4925,23356.671509513613,14615.242611169064,4.27,2262.25,-0.010594550109999545,5668.040268629789,1.0832264733035117,5.65074432e-05,0.9441178,2.35,0.36,0.41,0.22,0.01,,,,,
2169,8884224,4926,23304.92277724985,14602.841284914432,4.29,2253.16,-0.014930689771063044,2255.5743218660355,1.0023808653932065,5.64873728e-05,0.94297767,2.38,0.35,0.41,0.23,0.01,,,,,
2170,8888320,4928,23226.98807122371,14543.280955548524,4.29,2253.46,-0.010572954108283739,3543.3602075874805,1.0624756988836452,5.6467302400000006e-05,0.81740886,2.38,0.36,0.39,0.24,0.01,,,,,
2171,8892416,4929,23802.005579348286,14908.933119723346,4.33,2297.66,-0.008938245048284443,6466.658499777317,1.0714215869084,5.6447232000000005e-05,0.9474366,2.38,0.36,0.39,0.24,0.01,,,,,
2172,8896512,4931,23347.861188689174,14637.549979512756,4.3,2265.6,-0.013982186424982501,2698.618714541197,0.9760621783789247,5.6427161600000004e-05,0.9518265,2.39,0.35,0.4,0.24,0.01,,,,,
2173,8900608,4933,23574.862830084363,14788.281533849744,4.34,2279.13,-0.010011187159761903,8693.495461970568,1.0765614319825545,5.64070912e-05,0.90405184,2.42,0.35,0.39,0.25,0.01,,,,,
2174,8904704,4934,23378.156189893976,14649.645303313462,4.31,2270.21,-0.017481193736784917,1364.2192298322916,0.9705928111216053,5.63870208e-05,0.93891287,2.4,0.36,0.38,0.25,0.01,,,,,
2175,8908800,4937,23493.619123793273,14732.64271022554,4.29,2281.19,-0.010816663703735685,3342.5777763724327,1.0255738955456764,5.63669504e-05,0.88214576,2.37,0.37,0.38,0.24,0.01,24485.64287156266,15519.390134240797,4.866666666666666,2271.266666666667,0.0
2176,8912896,4938,23240.282504474242,14575.685066273982,4.27,2263.47,-0.015756648320348177,1133.6258169859648,0.9458967407699674,5.634688e-05,0.9204267,2.37,0.37,0.38,0.24,0.01,,,,,
2177,8916992,4941,22829.29362352642,14337.648705669852,4.26,2225.78,-0.007168457549596496,4748.5161173045635,1.0505189027171582,5.63268096e-05,0.7858237,2.4,0.36,0.38,0.25,0.01,,,,,
2178,8921088,4942,23000.038978207154,14436.038038224728,4.27,2241.33,-0.016353933220671024,1221.3857466578484,0.9658024153904989,5.63067392e-05,0.9438323,2.39,0.37,0.37,0.25,0.01,,,,,
2179,8925184,4943,23297.149312341884,14627.284834245846,4.3,2264.85,-0.014346306687002652,1947.6252063959837,1.0799439996480942,5.6286668799999996e-05,0.9494885,2.39,0.37,0.37,0.25,0.01,,,,,
2180,8929280,4945,22698.005843800496,14247.05680821704,4.23,2238.19,-0.011235849180593505,2718.739571094513,1.0459896615939215,5.6266598399999995e-05,0.9065675,2.35,0.39,0.36,0.24,0.01,,,,,
2181,8933376,4947,22297.64264848599,14009.478059051782,4.22,2203.57,-0.012843757372138498,1768.2697324156761,0.9706523142522201,5.6246527999999994e-05,0.91469103,2.38,0.38,0.36,0.25,0.01,,,,,
2182,8937472,4948,22540.27580694167,14157.386251765354,4.22,2228.49,-0.015572570548101794,1958.8463872224092,1.0133942913962528,5.62264576e-05,0.911093,2.35,0.39,0.36,0.24,0.01,,,,,
2183,8941568,4950,22959.895969947967,14413.97064468614,4.21,2270.0,-0.01356013456461369,1480.9559634327888,0.9812959916889668,5.62063872e-05,0.94203484,2.29,0.41,0.36,0.22,0.01,,,,,
2184,8945664,4952,22337.192417755723,14014.476601685954,4.18,2225.32,-0.012693496464180498,2718.4153382480145,1.0286367047810927,5.6186316800000004e-05,0.95460886,2.31,0.41,0.35,0.23,0.01,,,,,
2185,8949760,4953,21993.208345576968,13802.325968879064,4.16,2206.56,-0.016752993027694174,1832.3298432081938,1.0242155904415995,5.61662464e-05,0.94910127,2.31,0.41,0.35,0.23,0.01,,,,,
2186,8953856,4957,22204.16376915817,13907.169821852509,4.15,2227.71,-0.015551010801573284,1973.6351832449436,0.9206759197404608,5.6146176e-05,0.9303186,2.27,0.43,0.35,0.21,0.01,,,,,
2187,8957952,4958,22525.2018081994,14103.30531260471,4.15,2255.75,-0.009399143345035554,3402.831859588623,0.9812278535682708,5.61261056e-05,0.9479735,2.24,0.43,0.36,0.2,0.01,,,,,
2188,8962048,4959,22791.05588750499,14249.947089610894,4.15,2280.64,-0.015725649804153363,1175.9423953145742,1.0150450837099925,5.61060352e-05,0.9525971,2.21,0.44,0.36,0.19,0.01,,,,,
2189,8966144,4959,22791.05588750499,14249.947089610894,4.15,2280.64,-0.005400286567237345,7542.858012884855,1.015160045819357,5.60859648e-05,0.91861576,2.21,0.44,0.36,0.19,0.01,,,,,
2190,8970240,4961,23339.3076878876,14567.625203741549,4.18,2319.3,-0.015786677080541267,1867.0619878470898,1.0278311372967437,5.60658944e-05,0.84407896,2.2,0.45,0.35,0.19,0.01,,,,,
2191,8974336,4963,23670.51154375721,14780.595518714099,4.19,2351.2,-0.00743910298388073,2976.7311062067747,0.9510723860003054,5.6045824e-05,0.92164385,2.17,0.46,0.35,0.18,0.01,,,,,
2192,8978432,4965,23691.000104043513,14791.342351864108,4.18,2356.01,-0.014797445066506043,1952.299085393548,1.0322786391479895,5.6025753599999996e-05,0.928093,2.15,0.47,0.34,0.18,0.01,,,,,
2193,8982528,4967,23775.633381089327,14843.829365413276,4.19,2359.7,-0.010680935347409104,2150.629449278116,0.9875652755144984,5.60056832e-05,0.9542688,2.16,0.46,0.35,0.18,0.01,,,,,
2194,8986624,4969,23470.153539108567,14645.993256107697,4.13,2340.48,-0.011204709720914252,2510.0920120179653,1.007093403255567,5.59856128e-05,0.96790224,2.12,0.47,0.35,0.17,0.01,,,,,
2195,8990720,4971,23756.657231137324,14822.148441627278,4.16,2359.57,-0.018954443751681538,746.7184880897403,1.0331331741763279,5.59655424e-05,0.9378752,2.14,0.46,0.36,0.17,0.01,,,,,
2196,8994816,4972,23491.5106883116,14643.766756092848,4.13,2349.91,-0.01470680705824634,2117.1588533073664,1.022501538740471,5.5945472e-05,0.94576216,2.12,0.47,0.35,0.17,0.01,,,,,
2197,8998912,4976,23134.74414417246,14419.630121985543,4.11,2325.89,-0.015731093741123914,1939.07792365551,1.0172430945094675,5.59254016e-05,0.90953505,2.13,0.46,0.36,0.17,0.01,,,,,
2198,9003008,4977,23486.41613429164,14629.010610928573,4.13,2355.59,-0.013496248583578563,1915.9284753650427,0.9962123124860227,5.59053312e-05,0.94506377,2.12,0.46,0.36,0.17,0.01,,,,,
2199,9007104,4980,21949.16307163064,13669.807806933988,4.07,2248.11,-0.011651886322397331,3250.4938961565495,1.0265593437943608,5.58852608e-05,0.9489431,2.17,0.46,0.34,0.19,0.01,,,,,
2200,9011200,4982,21778.431741176657,13573.620221489176,4.08,2233.19,-0.012164161978944321,4438.806605756283,0.9629386774031445,5.58651904e-05,0.88863313,2.2,0.46,0.33,0.2,0.01,18787.96816546482,11570.22986998991,4.433333333333334,1841.1666666666667,0.0
2201,9015296,4983,21988.83526436336,13690.721373895414,4.09,2250.4,-0.012402658710925607,3584.8295773863792,0.9462005021050572,5.584512e-05,0.947565,2.19,0.46,0.33,0.2,0.01,,,,,
2202,9019392,4984,22382.777576281274,13937.959598200929,4.11,2276.0,-0.009173618389468174,4523.79188169539,1.013876014854759,5.58250496e-05,0.97036797,2.18,0.46,0.34,0.19,0.01,,,,,
2203,9023488,4986,22307.916761144646,13893.759897744967,4.09,2275.0,-0.008778408282523742,6426.13729532063,0.9740292567294091,5.58049792e-05,0.74949616,2.17,0.46,0.35,0.18,0.01,,,,,
2204,9027584,4989,22169.626051954066,13836.258634315105,4.09,2264.99,-0.011228133260374307,4474.132133305073,1.0433502360247076,5.57849088e-05,0.93305635,2.18,0.46,0.34,0.19,0.01,,,,,
2205,9031680,4991,21782.51415692925,13574.261668897716,4.05,2238.55,-0.017328198407994932,932.4307195544243,1.046045265858993,5.57648384e-05,0.9197955,2.17,0.47,0.33,0.19,0.01,,,,,
2206,9035776,4993,22045.43427229164,13721.57297501457,4.04,2269.33,-0.014936797045265848,1323.3474408984184,1.020716151339002,5.5744768e-05,0.9427878,2.12,0.49,0.32,0.18,0.01,,,,,
2207,9039872,4995,22114.77664371946,13762.982392111502,4.0,2279.76,-0.018352827239141334,725.8712955862284,1.0223731143632904,5.57246976e-05,0.9196943,2.07,0.5,0.32,0.18,0.0,,,,,
2208,9043968,4996,22090.48527332734,13754.533106953237,4.0,2278.37,-0.012764477428390819,2166.516195356846,1.0121124640572816,5.57046272e-05,0.9627073,2.07,0.5,0.32,0.18,0.0,,,,,
2209,9048064,4999,22405.594240572733,13942.09912743392,4.07,2288.63,-0.011439446025178768,5830.110077530146,1.0040542311035097,5.56845568e-05,0.94309926,2.13,0.48,0.33,0.18,0.01,,,,,
2210,9052160,5001,22379.362276160227,13920.618606921125,4.07,2286.69,-0.014977743997405923,2455.634204789996,1.0877558087231591,5.56644864e-05,0.8989003,2.13,0.48,0.33,0.18,0.01,,,,,
2211,9056256,5001,22379.362276160227,13920.618606921125,4.07,2286.69,-0.012703743504971499,1549.6980275809765,1.088373764185235,5.5644415999999996e-05,0.98358774,2.13,0.48,0.33,0.18,0.01,,,,,
2212,9060352,5002,23225.111504414446,14435.07482382884,4.13,2344.52,-0.00971626874706999,16343.269795179367,1.0256252174731344,5.56243456e-05,0.9639047,2.13,0.48,0.33,0.18,0.01,,,,,
2213,9064448,5006,22767.268675264833,14146.478242919038,4.14,2297.06,-0.012622042030670855,3475.3100837916136,0.9994294224306941,5.56042752e-05,0.88961303,2.19,0.47,0.32,0.2,0.01,,,,,
2214,9068544,5007,23199.30103802475,14408.240095243025,4.17,2330.91,-0.008439247465503286,3153.308096140623,1.0178558359621093,5.55842048e-05,0.9726545,2.18,0.48,0.31,0.2,0.01,,,,,
2215,9072640,5009,23359.390785873737,14501.402349557306,4.17,2349.94,-0.014463995516052819,2108.5355149954557,1.0830502172466367,5.5564134400000005e-05,0.79182345,2.16,0.49,0.3,0.2,0.01,,,,,
2216,9076736,5011,23413.164062935157,14520.692591402852,4.17,2355.5,-0.014804238009674009,1708.9980753660202,1.0667906667804345,5.5544064000000004e-05,0.8997097,2.16,0.49,0.3,0.2,0.01,,,,,
2217,9080832,5013,23200.483154251477,14396.192085233743,4.14,2344.29,-0.01507048921121168,1981.959003224969,1.044503248645924,5.55239936e-05,0.8706953,2.14,0.5,0.29,0.2,0.01,,,,,
2218,9084928,5013,23200.483154251477,14396.192085233743,4.14,2344.29,-0.010291588944710384,2605.9018609523773,0.9456490038428456,5.55039232e-05,0.98188365,2.14,0.5,0.29,0.2,0.01,,,,,
2219,9089024,5016,22587.6691758919,14006.645311620961,4.1,2296.59,-0.011224352164163065,7585.072230070829,1.064821430016309,5.54838528e-05,0.95367867,2.15,0.5,0.29,0.2,0.01,,,,,
2220,9093120,5017,22557.31903440201,13988.985891736793,4.1,2292.83,-0.018281102316450415,1536.1506065428257,1.092056862078607,5.54637824e-05,0.92217755,2.15,0.5,0.29,0.2,0.01,,,,,
2221,9097216,5020,22576.148160294633,14000.777406358487,4.13,2291.35,-0.01603331250771589,1945.0192634910345,1.0690578408539295,5.5443712e-05,0.92145306,2.18,0.51,0.27,0.2,0.02,,,,,
2222,9101312,5020,22576.148160294633,14000.777406358487,4.13,2291.35,-0.009394767106641666,1943.210266083479,0.9916652654064819,5.54236416e-05,0.97014904,2.18,0.51,0.27,0.2,0.02,,,,,
2223,9105408,5021,23350.439371535467,14472.92816529609,4.16,2349.37,-0.009123685006670712,16243.92390754819,1.0752502519171685,5.5403571199999996e-05,0.9525019,2.15,0.52,0.27,0.19,0.02,,,,,
2224,9109504,5022,23353.63357160618,14480.033428710467,4.16,2349.8,-0.014490861810372735,5515.99878051877,1.042349609779194,5.5383500799999995e-05,0.9714975,2.15,0.52,0.27,0.19,0.02,,,,,
2225,9113600,5025,23103.615959279145,14333.26236236298,4.14,2334.52,-0.011213088019303541,4449.437763899565,1.1104049780406058,5.53634304e-05,0.90138316,2.15,0.52,0.27,0.19,0.02,18053.867104853853,11303.64655964569,4.433333333333334,1823.7666666666667,0.0
2226,9117696,5026,23309.69130374563,14452.11943600473,4.14,2353.01,-0.01318024594365852,2530.0745417773724,1.0553002880187705,5.534336e-05,0.9590394,2.13,0.52,0.28,0.18,0.02,,,,,
2227,9121792,5027,23212.277578774563,14405.360383685977,4.14,2342.44,-0.014448078877649095,2654.4754242300987,1.085090490290895,5.53232896e-05,0.9255271,2.14,0.51,0.29,0.18,0.02,,,,,
2228,9125888,5028,23610.127430697805,14646.161006443444,4.15,2378.93,-0.007829092610336374,10002.289983898401,1.039050939725712,5.5303219200000005e-05,0.6811922,2.11,0.52,0.29,0.17,0.02,,,,,
2229,9129984,5030,23061.90945300391,14281.625232077784,4.11,2339.16,-0.018580469235530472,1411.209347948432,1.1117304435465485,5.5283148800000004e-05,0.9470209,2.11,0.52,0.29,0.17,0.02,,,,,
2230,9134080,5032,22944.137547968505,14194.72870941599,4.07,2340.24,-0.016252422817615297,1429.4868079423904,1.0349707445129752,5.52630784e-05,0.91487813,2.06,0.54,0.28,0.16,0.02,,,,,
2231,9138176,5034,23205.236182228677,14366.10906628242,4.08,2358.51,-0.010968003629386658,1768.6319289654493,1.1083421838702634,5.5243008e-05,0.96060836,2.05,0.54,0.28,0.16,0.02,,,,,
2232,9142272,5037,22939.726736945817,14192.439980445479,4.07,2330.26,-0.01490503463355708,1153.729017034173,1.0570572037249804,5.52229376e-05,0.9362067,2.07,0.52,0.3,0.16,0.02,,,,,
2233,9146368,5038,22945.3275202416,14188.461708685394,4.07,2328.96,-0.012483383594371844,1030.1696041673422,1.0697851768927649,5.52028672e-05,0.92456275,2.07,0.52,0.3,0.16,0.02,,,,,
2234,9150464,5041,22898.3857913054,14129.327477255601,4.07,2324.09,-0.016257105334261723,941.89173412323,1.030130636994727,5.51827968e-05,0.85221696,2.07,0.53,0.29,0.16,0.02,,,,,
2235,9154560,5042,23192.58295784152,14321.303284162874,4.09,2347.9,-0.013270879830997728,1567.6269936561584,0.9817374119302258,5.51627264e-05,0.97487414,2.07,0.53,0.29,0.16,0.02,,,,,
2236,9158656,5043,22998.11530357394,14206.02124338544,4.08,2333.57,-0.010949516032269457,2685.5206720232964,1.0157442128984258,5.5142655999999996e-05,0.9214829,2.08,0.52,0.3,0.16,0.02,,,,,
2237,9162752,5045,22982.149592369813,14194.520712763384,4.08,2331.65,-0.015428813991093193,1497.027038052678,1.0207835180917755,5.51225856e-05,0.89509004,2.08,0.52,0.3,0.16,0.02,,,,,
2238,9166848,5047,22908.295656441,14130.867201642208,4.07,2327.76,-0.019285320822746144,1144.957275673747,1.087334014591761,5.51025152e-05,0.9436604,2.07,0.53,0.29,0.16,0.02,,,,,
2239,9170944,5048,23038.21948041279,14201.768369630485,4.08,2336.03,-0.01405135792629153,2452.017835393548,1.057208078331314,5.50824448e-05,0.9338385,2.07,0.53,0.29,0.16,0.02,,,,,
2240,9175040,5050,22937.354522036985,14140.952541263323,4.07,2333.15,-0.017890659392833186,824.7567838430405,1.0858091866830364,5.50623744e-05,0.93876773,2.07,0.53,0.29,0.16,0.02,,,,,
2241,9179136,5052,23275.81162405921,14380.10399971074,4.1,2355.84,-0.01193959631564212,2786.534404784441,1.0917151988251135,5.5042304e-05,0.9558849,2.08,0.52,0.3,0.16,0.02,,,,,
2242,9183232,5053,23137.485869559845,14283.031487579241,4.07,2351.54,-0.014365019442266203,1746.0370344370604,1.0337406997568905,5.50222336e-05,0.87491727,2.05,0.53,0.3,0.15,0.02,,,,,
2243,9187328,5054,23027.68664889953,14209.6557224498,4.06,2344.41,-0.01268281704869878,2312.733077213168,1.0669786542421207,5.50021632e-05,0.94124454,2.05,0.53,0.3,0.15,0.02,,,,,
2244,9191424,5056,23543.897439038803,14529.325896024182,4.09,2390.44,-0.007372104160822346,8225.162844896317,1.0378899881616235,5.49820928e-05,0.7394669,2.04,0.53,0.3,0.15,0.02,,,,,
2245,9195520,5059,23020.811924965205,14191.292133708228,4.05,2348.53,-0.01677177968713295,1278.9463366270065,1.0516400374472141,5.49620224e-05,0.92592883,2.05,0.53,0.3,0.15,0.02,,,,,
2246,9199616,5061,22478.269085777152,13863.941360940336,4.02,2311.32,-0.01830197504386888,903.3428906947374,1.0674984118668362,5.4941952e-05,0.93985593,2.06,0.52,0.31,0.15,0.02,,,,,
2247,9203712,5062,22740.874977176543,14029.7822469912,4.04,2332.08,-0.014093992880589212,2092.9234808683395,1.1081666896352544,5.49218816e-05,0.947459,2.06,0.52,0.31,0.15,0.02,,,,,
2248,9207808,5062,22740.874977176543,14029.7822469912,4.04,2332.08,-0.01313430751361011,2514.883638650179,1.1048898319713771,5.4901811200000003e-05,0.97034603,2.06,0.52,0.31,0.15,0.02,,,,,
2249,9211904,5065,23113.399892146215,14259.304527612778,4.11,2348.62,-0.008754160137868894,8270.308502480388,1.0705844752956182,5.48817408e-05,0.95142627,2.12,0.51,0.3,0.17,0.02,,,,,
2250,9216000,5069,22712.280686759244,14005.590034863377,4.09,2317.73,-0.011747352794373,2952.564617872238,1.0824326899601147,5.48616704e-05,0.7928212,2.12,0.52,0.28,0.18,0.02,16632.754845509968,10438.09549394774,4.3,1719.8333333333333,0.0
2251,9220096,5070,22421.940756224692,13830.230355360509,4.06,2299.72,-0.010510953079574392,1991.2271136790514,1.0087119698291644,5.48416e-05,0.8941889,2.11,0.52,0.28,0.18,0.02,,,,,
2252,9224192,5074,22162.62995022412,13703.333991118321,4.07,2276.55,-0.011560992114937108,7036.7687034755945,1.0928957582218572,5.48215296e-05,0.38440698,2.15,0.51,0.27,0.2,0.02,,,,,
2253,9228288,5076,22402.39224766466,13835.12039835653,4.04,2304.06,-0.016285467574562063,1462.3589033037424,1.082052284735255,5.48014592e-05,0.93471766,2.09,0.53,0.26,0.19,0.02,,,,,
2254,9232384,5078,22055.158666244803,13622.083296566976,4.02,2275.38,-0.014068635793591966,2267.199479073286,1.053107638261281,5.47813888e-05,0.8195532,2.1,0.53,0.26,0.19,0.02,,,,,
2255,9236480,5080,22305.031185785203,13772.421764672898,4.0,2302.2,-0.01835454537285841,758.3835246413946,1.0317213399102911,5.4761318399999996e-05,0.96383625,2.05,0.54,0.27,0.17,0.02,,,,,
2256,9240576,5082,22263.256021620204,13733.404674689924,3.97,2301.0,-0.013959577465357143,923.0365777164698,0.9942361140856519,5.4741248e-05,0.9530781,2.02,0.54,0.28,0.16,0.02,,,,,
2257,9244672,5084,21688.28104925802,13373.980018714677,3.92,2264.97,-0.017358536038955208,641.4989204257727,1.0843580642249435,5.47211776e-05,0.9450898,2.01,0.55,0.27,0.16,0.02,,,,,
2258,9248768,5085,21505.19642868598,13261.472317885773,3.91,2249.33,-0.014362460218762862,2646.778756529093,1.091253946418874,5.47011072e-05,0.87651294,2.01,0.55,0.27,0.16,0.02,,,,,
2259,9252864,5086,21903.388820811277,13501.548217143927,3.93,2285.37,-0.013247174669231754,1598.1833283901215,1.0553382221842185,5.46810368e-05,0.9372729,1.99,0.56,0.26,0.16,0.02,,,,,
2260,9256960,5088,21938.3365013453,13523.369290010298,3.92,2293.26,-0.015429107702402689,1626.1340046525002,1.041531487251632,5.4660966400000004e-05,0.95570064,1.97,0.56,0.27,0.15,0.02,,,,,
2261,9261056,5090,22098.494803075766,13621.130283653947,3.94,2304.11,-0.010454110786213278,2993.366792678833,1.0447236683685333,5.4640896e-05,0.88710046,1.98,0.56,0.27,0.15,0.02,,,,,
2262,9265152,5091,22341.95606416633,13770.599954711148,3.95,2328.89,-0.013931643171417818,1778.096314638853,1.0565212740330026,5.46208256e-05,0.9338349,1.96,0.57,0.26,0.15,0.02,,,,,
2263,9269248,5092,22873.63846535591,14107.499002627988,3.99,2366.1,-0.0078960322207422,7277.454412281513,0.9951089335372671,5.46007552e-05,0.9600211,1.96,0.57,0.26,0.15,0.02,,,,,
2264,9273344,5093,22928.448703908965,14141.270797464998,4.0,2365.46,-0.015693188152908988,1366.48743095994,1.055860021035187,5.45806848e-05,0.9657704,1.97,0.56,0.27,0.15,0.02,,,,,
2265,9277440,5094,23231.143938631034,14331.02694328946,4.03,2390.62,-0.011116135807242244,4567.33854970336,1.0026695093838498,5.45606144e-05,0.9369445,1.97,0.56,0.27,0.15,0.02,,,,,
2266,9281536,5096,23346.899059626812,14428.177410298482,4.06,2395.09,-0.013977983634504199,2388.737018749118,0.9807889595394954,5.4540544e-05,0.9378706,2.0,0.55,0.27,0.16,0.02,,,,,
2267,9285632,5098,23202.785818197117,14357.797341591962,4.05,2381.84,-0.006323820296529448,18095.631709754467,1.0200192403281108,5.4520473599999997e-05,0.9522965,2.01,0.55,0.27,0.16,0.02,,,,,
2268,9289728,5100,23322.168736230677,14402.629322315268,4.04,2395.4,-0.012123987382437917,766.9546753168106,1.0542340313550085,5.4500403199999996e-05,0.92858434,1.99,0.56,0.26,0.16,0.02,,,,,
2269,9293824,5100,23322.168736230677,14402.629322315268,4.04,2395.4,-0.013087211281344935,2692.6608831584454,1.0045420408714563,5.44803328e-05,0.9643973,1.99,0.56,0.26,0.16,0.02,,,,,
2270,9297920,5102,23150.781825149526,14324.663608243309,4.07,2379.19,-0.009856997608949314,23492.64544299245,1.0405201211106032,5.44602624e-05,0.95017284,2.04,0.55,0.26,0.16,0.03,,,,,
2271,9302016,5103,23499.47740710693,14568.209453130898,4.11,2397.64,-0.006968559106098837,9614.24865102768,1.0285969346296042,5.4440192e-05,0.9485502,2.06,0.54,0.27,0.16,0.03,,,,,
2272,9306112,5103,23499.47740710693,14568.209453130898,4.11,2397.64,-0.010449065243847144,8739.739323318005,1.0139263225719333,5.4420121600000005e-05,0.9424962,2.06,0.54,0.27,0.16,0.03,,,,,
2273,9310208,5105,24570.432280611392,15232.632173954393,4.15,2479.66,-0.007601549541504937,19842.83581739664,0.9509737676708028,5.4400051200000004e-05,0.9469063,2.01,0.55,0.28,0.14,0.03,,,,,
2274,9314304,5106,24654.95955527417,15280.470669230057,4.14,2492.09,-0.010013114846515236,5451.753940820694,0.9947324397508055,5.43799808e-05,0.5917307,1.99,0.56,0.27,0.14,0.03,,,,,
2275,9318400,5107,24263.113750574466,15046.452004655042,4.11,2465.12,-0.007251588976032508,9735.085081517696,0.9705781547818333,5.43599104e-05,0.92137957,1.99,0.56,0.27,0.14,0.03,28943.4142929589,18115.50756306482,5.2,2526.9333333333334,0.0
2276,9322496,5109,24800.046293587544,15385.306058092992,4.16,2499.8,-0.013922765371262358,2393.6048170924187,0.9935188102535903,5.433984e-05,0.93083715,2.0,0.56,0.27,0.14,0.03,,,,,
2277,9326592,5111,24862.088745555448,15470.93384613985,4.2,2487.35,-0.009183500847939285,20590.038698256016,1.0267751477658749,5.43197696e-05,0.9357048,2.06,0.54,0.28,0.15,0.03,,,,,
2278,9330688,5112,24774.846413640436,15419.17644602024,4.19,2477.03,-0.011321045730710466,3518.0837038606405,0.9353027443867177,5.42996992e-05,0.88665307,2.06,0.54,0.28,0.15,0.03,,,,,
2279,9334784,5115,24557.236322479184,15285.76512944098,4.22,2461.4,-0.00926987534512591,9183.282384425402,1.0761523436522111,5.42796288e-05,0.41138452,2.12,0.52,0.29,0.16,0.03,,,,,
2280,9338880,5116,24938.94014821099,15525.84880998972,4.24,2497.69,-0.013219155427577789,3398.9486899226904,1.0400646596681327,5.4259558399999996e-05,0.9208097,2.1,0.53,0.28,0.16,0.03,,,,,
2281,9342976,5117,25062.586453626725,15600.739842485926,4.25,2509.86,-0.017487656420598796,4256.68918389082,1.0028675206704065,5.4239487999999995e-05,0.9251684,2.1,0.53,0.28,0.16,0.03,,,,,
2282,9347072,5118,25156.404700618292,15673.15237435997,4.26,2515.87,-0.010083165225296398,5353.16880723834,0.9909708128543571,5.42194176e-05,0.9348168,2.11,0.52,0.29,0.16,0.03,,,,,
2283,9351168,5120,25439.289828487006,15842.206942426323,4.25,2544.34,-0.008645971973237465,5199.106563448906,1.0373386127175763,5.41993472e-05,0.706684,2.07,0.52,0.3,0.16,0.02,,,,,
2284,9355264,5121,24740.539482818534,15420.08262272964,4.21,2497.17,-0.015661674994589703,1611.6153788417578,1.0239602986257523,5.41792768e-05,0.90589976,2.08,0.51,0.31,0.16,0.02,,,,,
2285,9359360,5123,24414.607053785217,15211.087641527665,4.2,2473.93,-0.01437444865314319,1795.6403699368238,1.039716025465168,5.41592064e-05,0.94763476,2.1,0.5,0.32,0.16,0.02,,,,,
2286,9363456,5124,24516.974271781575,15272.961993147326,4.18,2490.16,-0.009669317196312477,5913.131854236126,0.9699261359637603,5.4139136e-05,0.95281655,2.06,0.51,0.32,0.15,0.02,,,,,
2287,9367552,5125,24740.752064275486,15418.26304120538,4.22,2501.01,-0.0125268385054369,2505.195580035448,1.0052576754242182,5.41190656e-05,0.9529449,2.09,0.51,0.31,0.16,0.02,,,,,
2288,9371648,5127,24921.630828210673,15513.767643747018,4.23,2515.86,-0.0082571767961781,4289.9103446900845,0.9807601664215326,5.40989952e-05,0.87685585,2.09,0.52,0.3,0.16,0.02,,,,,
2289,9375744,5130,24224.132077662147,15096.070732045238,4.17,2457.07,-0.010975660499752848,2851.5285003334284,1.0156421435531229,5.40789248e-05,0.872499,2.09,0.51,0.31,0.16,0.02,,,,,
2290,9379840,5133,24170.531792291335,15070.072775647504,4.22,2442.73,-0.010786187213852827,4952.181361317635,1.035521014360711,5.40588544e-05,0.9489152,2.16,0.49,0.32,0.17,0.02,,,,,
2291,9383936,5135,24258.610370160364,15133.910966975849,4.26,2449.97,-0.013574777744906896,1586.749554619193,1.060442601912655,5.4038784e-05,0.9182815,2.19,0.49,0.31,0.18,0.02,,,,,
2292,9388032,5136,24414.276071485878,15222.599150530297,4.26,2467.78,-0.01296207676659833,913.1871334165335,1.0087081957608461,5.40187136e-05,0.9443487,2.17,0.5,0.3,0.18,0.02,,,,,
2293,9392128,5136,24414.276071485878,15222.599150530297,4.26,2467.78,-0.00876506303302449,4245.932373285294,1.0747217860771343,5.39986432e-05,0.9666071,2.17,0.5,0.3,0.18,0.02,,,,,
2294,9396224,5138,24967.57156738655,15582.496534799275,4.29,2500.76,-0.0047994189444580115,23919.767257750034,1.061166328145191,5.39785728e-05,0.9193394,2.16,0.51,0.29,0.18,0.02,,,,,
2295,9400320,5139,25073.983786257868,15654.188010643209,4.3,2509.61,-0.016745881462611578,1553.453392073512,0.9850126199889928,5.39585024e-05,0.95847917,2.16,0.51,0.29,0.18,0.02,,,,,
2296,9404416,5142,24685.793011166374,15421.011274620796,4.28,2477.88,-0.01576403183480579,1428.3049576282501,0.9509796573547646,5.3938432e-05,0.9731686,2.17,0.5,0.3,0.18,0.02,,,,,
2297,9408512,5144,24916.360878560077,15574.715027035107,4.31,2494.4,-0.015945078388540423,1576.182174012065,0.9888074562186375,5.39183616e-05,0.9166037,2.19,0.5,0.29,0.19,0.02,,,,,
2298,9412608,5145,24957.01028250047,15606.98977618712,4.32,2495.99,-0.017588150665687863,1173.024413689971,0.9603497808566317,5.38982912e-05,0.9421574,2.2,0.49,0.3,0.19,0.02,,,,,
2299,9416704,5147,25099.477592601812,15697.18443976619,4.31,2511.78,-0.014705956180478097,1970.6026645302773,0.9891444577369839,5.3878220799999996e-05,0.9260397,2.17,0.5,0.3,0.18,0.02,,,,,
2300,9420800,5147,25099.477592601812,15697.18443976619,4.31,2511.78,-0.01140383622077934,2943.5444756150246,1.0125061789294705,5.38581504e-05,0.9527771,2.17,0.5,0.3,0.18,0.02,26187.401324293784,16736.154769653553,5.0,2410.5666666666666,0.0
2301,9424896,5149,25332.536691706224,15848.258215079079,4.34,2522.78,-0.009491337470535655,3637.745080411434,1.0019779989961535,5.383808e-05,0.88553816,2.19,0.49,0.31,0.18,0.02,,,,,
2302,9428992,5151,25138.322538046377,15731.61044057585,4.32,2513.08,-0.009534976386930794,4172.513211160898,1.0334250415908173,5.38180096e-05,0.78265846,2.18,0.49,0.31,0.18,0.02,,,,,
2303,9433088,5153,25197.615957843922,15763.446596650063,4.33,2512.93,-0.010457712305651512,2832.6256401240826,0.9567381334491074,5.37979392e-05,0.9465736,2.19,0.48,0.32,0.18,0.02,,,,,
2304,9437184,5154,25144.881113582003,15744.739142059749,4.34,2502.4,-0.014690480328681588,2138.9560008496046,1.0044263715390116,5.3777868800000004e-05,0.94487464,2.21,0.47,0.33,0.18,0.02,,,,,
2305,9441280,5157,24919.81141051302,15625.377475569567,4.35,2470.05,-0.012256963704203372,5502.398980468512,1.0642207664204761,5.37577984e-05,0.9416193,2.24,0.45,0.35,0.18,0.02,,,,,
2306,9445376,5159,25162.237616757076,15774.944970418026,4.37,2489.48,-0.01612273462160374,1114.9908234328032,1.0291453988756984,5.3737728e-05,0.9668712,2.23,0.45,0.35,0.18,0.02,,,,,
2307,9449472,5160,25383.58794500604,15919.897249017575,4.39,2506.18,-0.011701353223543265,2825.741944372654,0.9603700955631211,5.37176576e-05,0.9131369,2.23,0.45,0.35,0.18,0.02,,,,,
2308,9453568,5160,25383.58794500604,15919.897249017575,4.39,2506.18,-0.008161040705999767,2971.5048750042915,1.0081814569421113,5.36975872e-05,0.96061397,2.23,0.45,0.35,0.18,0.02,,,,,
2309,9457664,5163,24943.058925579964,15652.531439444443,4.37,2475.13,-0.016452673840831267,4024.4635102152824,1.027739287354052,5.36775168e-05,0.7124307,2.24,0.46,0.33,0.19,0.02,,,,,
2310,9461760,5166,25131.713920178838,15780.48321462905,4.36,2493.64,-0.015458476262210752,2854.3462343961,0.9822655700845644,5.36574464e-05,0.93478173,2.21,0.46,0.34,0.18,0.02,,,,,
2311,9465856,5167,25540.93365395568,16012.195323161499,4.37,2528.75,-0.01122575859153585,1565.0630064755678,0.9547808795468882,5.3637376e-05,0.9467987,2.18,0.47,0.34,0.17,0.02,,,,,
2312,9469952,5169,25783.704609898756,16151.088189829718,4.4,2546.02,-0.012540784222437651,965.8082282841206,0.97402243479155,5.3617305599999996e-05,0.9684432,2.19,0.47,0.34,0.17,0.02,,,,,
2313,9474048,5170,25703.192741496117,16101.732124835169,4.41,2536.97,-0.006523048768940498,5936.752034828067,0.9239795565372333,5.35972352e-05,0.8506277,2.21,0.47,0.33,0.18,0.02,,,,,
2314,9478144,5171,25830.23611588774,16183.059724744917,4.42,2546.09,-0.011046677205740707,1501.0458738803864,0.9500371955800802,5.35771648e-05,0.9160703,2.21,0.47,0.33,0.18,0.02,,,,,
2315,9482240,5172,26421.996432791282,16529.871084674585,4.44,2596.05,-0.009662382291480753,3638.4327476918697,1.0049681258387864,5.35570944e-05,0.9690933,2.18,0.48,0.33,0.17,0.02,,,,,
2316,9486336,5173,26647.60120652114,16647.50592646101,4.45,2609.12,-0.009680901197953062,1858.8494247496128,0.9753992720507085,5.3537024000000005e-05,0.9650761,2.17,0.48,0.34,0.16,0.02,,,,,
2317,9490432,5174,27364.028766568645,17117.75787941732,4.5,2658.26,-0.008271941946986772,16847.641687065363,1.0689176900777966,5.3516953600000004e-05,0.9357404,2.17,0.48,0.34,0.16,0.02,,,,,
2318,9494528,5175,27695.976670983204,17327.578751339766,4.53,2686.48,-0.011829026904706552,3181.4221847206354,0.9527073462959379,5.34968832e-05,0.9426652,2.17,0.48,0.34,0.16,0.02,,,,,
2319,9498624,5176,27878.723096133926,17451.440831165823,4.55,2697.94,-0.009975649188163516,2071.803121820092,0.9303962237900123,5.34768128e-05,0.95441276,2.18,0.47,0.35,0.16,0.02,,,,,
2320,9502720,5178,27876.827342460216,17446.670223427816,4.54,2698.75,-0.014945416151022073,1672.3561489731073,0.9870528599712998,5.34567424e-05,0.84009534,2.17,0.47,0.35,0.16,0.02,,,,,
2321,9506816,5179,28031.04356671636,17528.309627802286,4.54,2713.95,-0.013217053673997725,1027.1113211363554,0.9573915296932682,5.3436672e-05,0.9501593,2.15,0.48,0.34,0.16,0.02,,,,,
2322,9510912,5181,28051.987616918464,17555.964030476003,4.57,2711.84,-0.011089324307249626,2026.8351001292467,0.9752520387992263,5.34166016e-05,0.95546055,2.18,0.48,0.33,0.17,0.02,,,,,
2323,9515008,5182,28504.921072915495,17848.990032539332,4.61,2738.54,-0.008581959918956272,9703.047186851501,0.9843930102651939,5.33965312e-05,0.95292205,2.19,0.47,0.34,0.17,0.02,,,,,
2324,9519104,5184,28514.138370263045,17860.727146274035,4.61,2737.54,-0.013948381421869271,2648.095494657755,1.008599297143519,5.3376460799999996e-05,0.9489576,2.19,0.47,0.34,0.17,0.02,,,,,
2325,9523200,5185,28558.746901095343,17872.733169247884,4.61,2740.06,-0.01131656597408437,2616.142402753234,0.9912038495531306,5.3356390399999995e-05,0.91346675,2.19,0.47,0.34,0.17,0.02,25868.681626970974,16200.664548120449,4.9,2294.1666666666665,0.0
2326,9527296,5187,28361.435585608455,17760.216347886075,4.6,2720.54,-0.014520560625896906,2083.6687622219324,0.9005057261092588,5.3336319999999994e-05,0.8490713,2.2,0.46,0.35,0.17,0.02,,,,,
2327,9531392,5189,28309.840683913488,17725.350931761575,4.58,2724.63,-0.01464670059249329,2816.2129409760237,1.0499765700660646,5.33162496e-05,0.9087444,2.18,0.47,0.34,0.17,0.02,,,,,
2328,9535488,5191,28318.895943970547,17732.086055910302,4.59,2719.26,-0.01222596132538456,2535.8824775218964,0.9729038829682395,5.32961792e-05,0.93801457,2.2,0.46,0.35,0.17,0.02,,,,,
2329,9539584,5192,27710.308977716908,17356.32646147454,4.54,2675.39,-0.017414872354493127,1697.6629178375006,0.9253770710201934,5.32761088e-05,0.90481967,2.2,0.46,0.35,0.17,0.02,,,,,
2330,9543680,5194,27623.899988887453,17298.150841424595,4.55,2664.42,-0.012674016387791198,2173.9360143840313,1.0006637007463723,5.3256038400000003e-05,0.9629356,2.23,0.46,0.34,0.18,0.02,,,,,
2331,9547776,5194,27623.899988887453,17298.150841424595,4.55,2664.42,-0.0078116378135746345,7285.882161855698,0.9485848974436522,5.3235968e-05,0.964116,2.23,0.46,0.34,0.18,0.02,,,,,
2332,9551872,5197,27947.41154017638,17496.584621113732,4.57,2691.78,-0.013324118052878475,2101.6593932956457,0.9640343020437285,5.32158976e-05,0.6105797,2.22,0.47,0.33,0.18,0.02,,,,,
2333,9555968,5198,27903.520593899884,17466.408183919328,4.54,2698.58,-0.009811142770558945,3942.916061937809,1.0059068562695757,5.31958272e-05,0.9279906,2.18,0.47,0.34,0.18,0.01,,,,,
2334,9560064,5199,28086.010625036033,17576.188642208333,4.55,2717.07,-0.015093219766640686,831.2620581537485,1.041453682584688,5.31757568e-05,0.95827186,2.17,0.48,0.33,0.18,0.01,,,,,
2335,9564160,5202,27470.658816013973,17195.967902453496,4.52,2665.83,-0.011502951692818897,5228.558191478252,1.0200052945874631,5.31556864e-05,0.96194404,2.19,0.47,0.33,0.2,0.0,,,,,
2336,9568256,5203,27363.109188758768,17108.296919451925,4.5,2666.19,-0.015261839995218907,1449.5394095033407,1.0114141755038872,5.3135616e-05,0.95820093,2.17,0.48,0.32,0.2,0.0,,,,,
2337,9572352,5204,27010.21160467174,16876.256032731097,4.48,2643.92,-0.00983295010701113,3526.634234458208,0.9971191802760586,5.3115545599999996e-05,0.946757,2.17,0.48,0.32,0.2,0.0,,,,,
2338,9576448,5205,27102.91877772816,16950.926499083707,4.5,2650.11,-0.010447410557389958,3398.7663896381855,1.0041649714112282,5.30954752e-05,0.96861464,2.19,0.48,0.31,0.21,0.0,,,,,
2339,9580544,5207,27110.159971263987,16980.174972367335,4.53,2645.13,-0.01115190014388645,2121.707957357168,1.0361310776788741,5.30754048e-05,0.7497014,2.23,0.47,0.31,0.22,0.0,,,,,
2340,9584640,5209,26838.205281974006,16814.52212451078,4.52,2627.18,-0.010097231650433969,4420.0354315936565,1.045525596360676,5.30553344e-05,0.935779,2.23,0.47,0.31,0.22,0.0,,,,,
2341,9588736,5210,26482.284440605214,16568.65240693738,4.49,2605.08,-0.013350657891351148,1166.109897494316,0.9745210899272934,5.3035264e-05,0.96102613,2.22,0.47,0.31,0.22,0.0,,,,,
2342,9592832,5212,27108.357863613066,16934.52448982413,4.54,2652.61,-0.009549510505166836,3717.232756704092,0.9690421475097537,5.30151936e-05,0.95845914,2.22,0.47,0.31,0.22,0.0,,,,,
2343,9596928,5214,26870.963539946577,16799.112449527027,4.52,2628.89,-0.008175821441000153,4646.193565666676,0.9448955281404778,5.29951232e-05,0.9009021,2.22,0.47,0.31,0.22,0.0,,,,,
2344,9601024,5215,27112.268639692982,16956.89516204274,4.53,2653.69,-0.0119374647802033,2623.923417329788,1.0166788712376729,5.29750528e-05,0.92664224,2.2,0.48,0.3,0.22,0.0,,,,,
2345,9605120,5216,27370.35839487553,17121.807799090027,4.55,2666.51,-0.008309292708872817,5797.92611092329,0.9142696113558486,5.29549824e-05,0.9572133,2.2,0.48,0.3,0.22,0.0,,,,,
2346,9609216,5218,26982.482702466194,16872.168679716182,4.56,2625.07,-0.010620773462960642,3117.2217693030834,0.9335314970230684,5.2934912e-05,0.9421935,2.25,0.47,0.3,0.22,0.01,,,,,
2347,9613312,5219,26988.493184448093,16887.726971682067,4.56,2627.29,-0.015079435321240453,2291.4092693179846,0.9453855502652004,5.29148416e-05,0.9202277,2.25,0.47,0.3,0.22,0.01,,,,,
2348,9617408,5220,27190.944538896532,17009.064939725708,4.58,2639.9,-0.012978590128113865,1173.7386009693146,0.9862165806116536,5.28947712e-05,0.9730767,2.25,0.47,0.3,0.22,0.01,,,,,
2349,9621504,5220,27190.944538896532,17009.064939725708,4.58,2639.9,-0.008681148599862354,17773.496158838272,1.0204405176918954,5.28747008e-05,0.9531309,2.25,0.47,0.3,0.22,0.01,,,,,
2350,9625600,5222,27992.373119095297,17511.333892928138,4.63,2696.9,-0.010349600298468431,1914.6757988482714,0.956719771376811,5.28546304e-05,0.81375706,2.24,0.48,0.29,0.22,0.01,23595.82403954503,14666.309138677547,4.833333333333333,2189.3333333333335,0.0
2351,9629696,5223,28156.972355430444,17596.27545704255,4.63,2713.29,-0.012769980532539194,2168.105452120304,0.9455176215851679,5.283456e-05,0.9608152,2.22,0.49,0.28,0.22,0.01,,,,,
2352,9633792,5224,28158.147145079634,17597.683673549927,4.63,2714.18,-0.01640182340361207,1451.3368329703808,0.93388942850288,5.28144896e-05,0.93698806,2.22,0.49,0.28,0.22,0.01,,,,,
2353,9637888,5225,28254.405120014868,17641.683586886462,4.61,2730.39,-0.013229054487965186,1728.2098900228739,0.9785541868768632,5.27944192e-05,0.96573704,2.18,0.5,0.28,0.21,0.01,,,,,
2354,9641984,5227,27974.155070628738,17468.649989032994,4.6,2706.69,-0.013005430106204585,1901.1097664237022,0.9571560894837603,5.27743488e-05,0.95032436,2.19,0.5,0.27,0.22,0.01,,,,,
2355,9646080,5228,27977.34943580365,17463.719138943212,4.6,2705.39,-0.0157083372660054,1423.2323210984468,0.9597200868884102,5.27542784e-05,0.94050395,2.19,0.5,0.27,0.22,0.01,,,,,
2356,9650176,5229,28169.87269690623,17581.390822012763,4.61,2725.69,-0.013154535529793066,789.7653992325068,0.8967649979749694,5.2734207999999996e-05,0.9726273,2.18,0.51,0.26,0.22,0.01,,,,,
2357,9654272,5230,28701.10944860442,17913.716252492733,4.65,2769.52,-0.013144804711373581,2395.12642455101,0.9723141808062792,5.27141376e-05,0.9567457,2.17,0.52,0.25,0.22,0.01,,,,,
2358,9658368,5232,28925.81221882367,18038.17084244546,4.65,2792.86,-0.006703922796077677,5935.377014547586,0.9838709664763883,5.26940672e-05,0.8604645,2.15,0.53,0.24,0.22,0.01,,,,,
2359,9662464,5234,29116.19710879879,18135.0971676328,4.6,2817.99,-0.01620622015434492,1166.6620385050774,1.025282297632657,5.26739968e-05,0.9198018,2.07,0.55,0.24,0.2,0.01,,,,,
2360,9666560,5238,27986.89258593963,17475.095682111503,4.61,2722.51,-0.012584121259351377,6990.867525815964,1.0375942967366427,5.2653926400000005e-05,0.9259343,2.19,0.51,0.26,0.2,0.03,,,,,
2361,9670656,5238,27986.89258593963,17475.095682111503,4.61,2722.51,-0.011916994461898867,2307.789006829262,0.9881104106316343,5.2633856000000004e-05,0.96459883,2.19,0.51,0.26,0.2,0.03,,,,,
2362,9674752,5240,28271.431406912765,17654.260076749997,4.63,2736.88,-0.007691497732594144,3989.4732881486416,0.9357459269231185,5.26137856e-05,0.946435,2.2,0.5,0.27,0.2,0.03,,,,,
2363,9678848,5242,28549.524378637856,17842.801565426224,4.63,2765.98,-0.011149946410114353,3569.3730209320784,0.9026253505144268,5.25937152e-05,0.86877966,2.17,0.51,0.27,0.19,0.03,,,,,
2364,9682944,5244,28153.895296631687,17593.149852361337,4.58,2734.65,-0.011878325625730213,1439.496921762824,0.9498353927629068,5.25736448e-05,0.8499697,2.14,0.52,0.27,0.18,0.03,,,,,
2365,9687040,5245,28139.33763360318,17566.220927330338,4.57,2734.45,-0.0127368301837123,2480.8901690244675,0.9925399394705892,5.25535744e-05,0.9113994,2.13,0.53,0.26,0.18,0.03,,,,,
2366,9691136,5245,28139.33763360318,17566.220927330338,4.57,2734.45,-0.007307612656404672,14026.745312690735,0.9978964175097644,5.2533504e-05,0.96060455,2.13,0.53,0.26,0.18,0.03,,,,,
2367,9695232,5248,28417.87109028549,17759.4696396873,4.6,2737.88,-0.00651138855755562,39798.003928244114,0.9992855368182063,5.25134336e-05,0.80357295,2.17,0.51,0.27,0.19,0.03,,,,,
2368,9699328,5250,28194.381955532655,17611.15196165769,4.6,2713.2,-0.01224008560711809,1690.4330473840237,0.9757323719095439,5.2493363199999997e-05,0.96439445,2.19,0.51,0.26,0.2,0.03,,,,,
2369,9703424,5252,28158.977463516858,17603.039893878027,4.63,2706.53,-0.0061120667814975604,6515.036255598068,0.9852318990742788,5.2473292799999995e-05,0.88102925,2.23,0.51,0.25,0.21,0.03,,,,,
2370,9707520,5254,28082.106033416534,17525.315870372986,4.6,2702.9,-0.010879356121222372,2949.1725949794054,1.032625374966301,5.2453222399999994e-05,0.92564917,2.2,0.52,0.25,0.2,0.03,,,,,
2371,9711616,5255,28354.630284217088,17704.360965176227,4.62,2719.19,-0.009533022819596226,7208.144148409367,0.9429345787502825,5.2433152e-05,0.94731206,2.21,0.52,0.25,0.2,0.03,,,,,
2372,9715712,5257,28547.567737339894,17838.554253965343,4.61,2744.21,-0.011886469470482552,4545.050904214382,0.9958278749836609,5.24130816e-05,0.92292446,2.18,0.53,0.25,0.19,0.03,,,,,
2373,9719808,5260,28127.60277701575,17575.666054359604,4.6,2704.56,-0.011885015661391662,1996.3156834244728,0.9921006708173081,5.23930112e-05,0.94289446,2.22,0.53,0.23,0.21,0.03,,,,,
2374,9723904,5261,27780.755869159228,17359.36016130114,4.58,2677.87,-0.014244114914617967,1570.4217325747013,0.9105063611641526,5.2372940800000004e-05,0.94807786,2.23,0.52,0.24,0.21,0.03,,,,,
2375,9728000,5262,28170.855650928243,17594.54277554349,4.61,2706.86,-0.01060985762069322,5927.7160722613335,0.9329704744741321,5.23528704e-05,0.9467984,2.23,0.52,0.24,0.21,0.03,18066.777742816685,11168.451707027067,4.4,1807.5,0.0
2376,9732096,5263,28237.521357010515,17638.015161289237,4.6,2714.24,-0.010339578717321274,2645.2136871516705,0.9091241881251335,5.23328e-05,0.95146745,2.21,0.52,0.25,0.2,0.03,,,,,
2377,9736192,5265,28877.04981043767,18043.23445621451,4.64,2764.48,-0.010111367922036152,9073.065068095922,0.9563275739783421,5.23127296e-05,0.9391892,2.2,0.53,0.24,0.2,0.03,,,,,
2378,9740288,5266,28849.825570029545,18033.227617787445,4.63,2766.82,-0.011651802786218468,4465.50301989913,0.9175656768493354,5.22926592e-05,0.9497907,2.19,0.53,0.25,0.19,0.03,,,,,
2379,9744384,5268,28978.09413987273,18134.76024687837,4.62,2778.03,-0.0187674141543539,1255.2825839966536,0.9819423584267497,5.22725888e-05,0.97228163,2.17,0.53,0.26,0.18,0.03,,,,,
2380,9748480,5269,28962.244864312353,18148.794870626494,4.63,2772.23,-0.010210811813522014,3190.830742895603,0.953147618798539,5.22525184e-05,0.9606066,2.19,0.52,0.27,0.18,0.03,,,,,
2381,9752576,5272,28232.278456620457,17711.343851164365,4.57,2714.36,-0.01833379167055682,1735.104631319642,0.9754921589046717,5.2232447999999996e-05,0.8412483,2.18,0.52,0.28,0.17,0.03,,,,,
2382,9756672,5273,28163.347477794243,17680.980417930125,4.55,2718.27,-0.011433215728175128,2761.453765332699,0.9531470956280828,5.22123776e-05,0.88497055,2.16,0.53,0.27,0.17,0.03,,,,,
2383,9760768,5274,27802.59390996985,17447.24894296051,4.53,2697.42,-0.01184716189163737,2157.216139227152,0.9224867647280917,5.21923072e-05,0.95993805,2.16,0.53,0.27,0.17,0.03,,,,,
2384,9764864,5275,27806.099674117075,17441.78026345381,4.53,2695.19,-0.0140066842577653,1643.4946178495884,0.9091483318479732,5.21722368e-05,0.94671845,2.16,0.53,0.27,0.17,0.03,,,,,
2385,9768960,5276,28033.272472423796,17579.426127210976,4.54,2713.87,-0.01001036473098793,3443.457390487194,0.8677656260551885,5.21521664e-05,0.930741,2.15,0.54,0.26,0.17,0.03,,,,,
2386,9773056,5277,27977.200943801057,17527.719689158243,4.53,2708.58,-0.014041301151337393,900.9622821807861,0.9063614652259275,5.2132096e-05,0.94587976,2.14,0.55,0.25,0.17,0.03,,,,,
2387,9777152,5279,27841.183123283237,17449.57804010872,4.53,2694.85,-0.01059182154131122,883.2231516689062,0.8853086198214442,5.21120256e-05,0.95249283,2.16,0.54,0.26,0.17,0.03,,,,,
2388,9781248,5282,27462.535583312336,17203.54782407772,4.49,2671.12,-0.007746514746941102,8362.056536704302,0.9378935801796615,5.20919552e-05,0.86908287,2.15,0.54,0.27,0.16,0.03,,,,,
2389,9785344,5283,27940.42786934137,17509.894440869248,4.55,2698.4,-0.006911953267263016,19271.857290923595,0.9255833846982569,5.20718848e-05,0.9388506,2.19,0.53,0.27,0.17,0.03,,,,,
2390,9789440,5286,27544.691522146295,17297.82924239531,4.55,2659.78,-0.012621485489944462,3977.7846300303936,0.9520214843796566,5.20518144e-05,0.9521175,2.24,0.51,0.28,0.18,0.03,,,,,
2391,9793536,5286,27544.691522146295,17297.82924239531,4.55,2659.78,-0.009573873593581084,4521.490025550127,0.9261485957540572,5.2031744e-05,0.9084739,2.24,0.51,0.28,0.18,0.03,,,,,
2392,9797632,5287,28132.476402658885,17657.96547454299,4.59,2702.15,-0.0062322565472641145,4882.457380324602,0.8962138590868562,5.20116736e-05,0.95438355,2.23,0.52,0.27,0.18,0.03,,,,,
2393,9801728,5288,28459.166694038515,17865.289998881763,4.61,2723.61,-0.007357649972618674,7889.010127425194,0.9442546877544373,5.1991603200000004e-05,0.9610191,2.23,0.52,0.27,0.18,0.03,,,,,
2394,9805824,5288,28459.166694038515,17865.289998881763,4.61,2723.61,-0.012749884841468884,2347.79597350955,0.8682869805488735,5.19715328e-05,0.9602857,2.23,0.52,0.27,0.18,0.03,,,,,
2395,9809920,5289,28921.06955277406,18144.955091024538,4.63,2760.19,-0.015206452064376208,1434.1252866387367,0.8935209430055693,5.19514624e-05,0.9556863,2.21,0.52,0.28,0.17,0.03,,,,,
2396,9814016,5291,29240.242595328054,18332.00771970808,4.64,2788.48,-0.01134256709337933,2497.747198998928,0.9081302259583026,5.1931392e-05,0.948796,2.19,0.53,0.27,0.17,0.03,,,,,
2397,9818112,5292,29249.60924930589,18331.04157455659,4.64,2789.58,-0.010377761227573501,1895.1654919087887,0.8596566095948219,5.19113216e-05,0.9166705,2.19,0.53,0.27,0.17,0.03,,,,,
2398,9822208,5296,28159.387605676544,17652.365484264945,4.57,2704.16,-0.018200989973593096,1484.2030772268772,0.9325370229780674,5.18912512e-05,0.9480335,2.21,0.52,0.28,0.16,0.04,,,,,
2399,9826304,5298,28232.981311541844,17694.089078370995,4.56,2709.3,-0.009508831666607875,1969.6974252164364,0.989561069640331,5.18711808e-05,0.95099676,2.19,0.53,0.27,0.16,0.04,,,,,
2400,9830400,5300,28114.154534014186,17630.912746409664,4.56,2695.84,-0.016122656465086038,1007.4097102731466,0.8625123801175505,5.1851110399999996e-05,0.94530725,2.2,0.52,0.28,0.16,0.04,21917.762246077044,13936.818746218138,4.7,2059.133333333333,0.0
2401,9834496,5300,28114.154534014186,17630.912746409664,4.56,2695.84,-0.0088421763794031,2493.098824709654,0.941145982244052,5.183104e-05,0.95668095,2.2,0.52,0.28,0.16,0.04,,,,,
2402,9838592,5302,28671.33537373988,17954.725350545115,4.55,2748.86,-0.0132573345417768,5561.991815894842,0.8992782542482018,5.18109696e-05,0.9131582,2.13,0.54,0.28,0.14,0.04,,,,,
2403,9842688,5304,27941.59914033299,17512.38673282213,4.49,2694.08,-0.015697999153417186,1453.8164315521717,0.9607110561337322,5.17908992e-05,0.8740594,2.13,0.54,0.28,0.14,0.04,,,,,
2404,9846784,5306,27792.46443692679,17373.678970465382,4.47,2685.21,-0.00834944806410931,2804.808448255062,0.8272439099382609,5.17708288e-05,0.8711338,2.11,0.55,0.28,0.12,0.05,,,,,
2405,9850880,5307,27949.580504316415,17472.89769235727,4.49,2695.62,-0.004228528426210687,4829.9980437755585,0.975158869754523,5.1750758400000004e-05,0.868043,2.12,0.54,0.29,0.12,0.05,,,,,
2406,9854976,5307,27949.580504316415,17472.89769235727,4.49,2695.62,-0.007862318379011413,16081.950206667185,0.9747915280750021,5.1730688e-05,0.9609352,2.12,0.54,0.29,0.12,0.05,,,,,
2407,9859072,5309,28671.952260103088,17928.88772439577,4.53,2748.43,-0.014175113292367314,3875.46945977211,0.9077202084008604,5.17106176e-05,0.92031246,2.11,0.54,0.29,0.12,0.05,,,,,
2408,9863168,5310,28758.751223645395,17987.351128913808,4.52,2762.22,-0.015196659192952211,940.9991047531366,0.8914308219682425,5.16905472e-05,0.9594927,2.08,0.55,0.29,0.11,0.05,,,,,
2409,9867264,5312,28229.493238041247,17672.54236762237,4.47,2723.66,-0.010262390323987347,4679.566745758057,0.8648425928549841,5.16704768e-05,0.84821194,2.07,0.55,0.29,0.11,0.05,,,,,
2410,9871360,5313,28440.71355666958,17802.414041221273,4.46,2745.92,-0.008771976073148835,3564.450367897749,0.8782673816895112,5.16504064e-05,0.95099103,2.03,0.56,0.29,0.1,0.05,,,,,
2411,9875456,5314,28736.04177770555,17980.056793344876,4.49,2769.9,-0.012578963764099171,1745.5755116343498,0.9029642376117408,5.1630336e-05,0.96328616,2.04,0.55,0.3,0.1,0.05,,,,,
2412,9879552,5315,29114.66024885117,18217.163244535972,4.51,2795.74,-0.007699036647863977,6486.460532009602,0.9833347197854891,5.16102656e-05,0.93288803,2.04,0.55,0.3,0.1,0.05,,,,,
2413,9883648,5317,28636.536824248793,17908.20474121782,4.47,2765.05,-0.012833378390496364,2000.354258954525,0.9340526720043272,5.1590195199999996e-05,0.9257836,2.03,0.56,0.29,0.1,0.05,,,,,
2414,9887744,5317,28636.536824248793,17908.20474121782,4.47,2765.05,-0.010047257815131161,2004.6699965894222,0.9080472496571019,5.1570124799999995e-05,0.9588221,2.03,0.56,0.29,0.1,0.05,,,,,
2415,9891840,5319,29072.392509420002,18159.736202662963,4.45,2801.5,-0.011306437105304212,4999.505378872156,0.9365608372027054,5.15500544e-05,0.96680725,1.97,0.58,0.28,0.1,0.04,,,,,
2416,9895936,5320,28980.43884417489,18108.11701918771,4.44,2798.08,-0.010597821740702784,2904.600852161646,0.9920956692658365,5.1529984e-05,0.84309924,1.97,0.58,0.28,0.1,0.04,,,,,
2417,9900032,5322,28239.32577270966,17640.15468672536,4.4,2741.61,-0.015404838350150385,1585.7758746743202,0.9335381156997755,5.1509913600000005e-05,0.9708887,1.98,0.57,0.29,0.1,0.04,,,,,
2418,9904128,5323,28303.97151682946,17694.764155900262,4.41,2744.98,-0.011463930205536599,2757.9266356527805,0.966678666183725,5.1489843200000004e-05,0.9648061,1.99,0.56,0.3,0.1,0.04,,,,,
2419,9908224,5326,27577.41113445324,17256.156454617143,4.39,2676.91,-0.018263063859194517,1723.8690336048603,0.9788150859531015,5.14697728e-05,0.9039613,2.05,0.54,0.31,0.11,0.04,,,,,
2420,9912320,5329,27364.2228333126,17127.319110045297,4.38,2658.51,-0.01727761848269438,1162.0220512002707,0.8970209883991629,5.14497024e-05,0.9310423,2.06,0.54,0.31,0.11,0.04,,,,,
2421,9916416,5330,27287.256631138236,17094.305379740777,4.4,2639.16,-0.005339174152140913,20711.603676497936,0.9819961590692401,5.1429632e-05,0.9126517,2.1,0.53,0.31,0.12,0.04,,,,,
2422,9920512,5331,26947.957536640526,16877.48332009367,4.38,2610.79,-0.01443059014127357,1973.8773711770773,0.868559782160446,5.14095616e-05,0.94847846,2.11,0.52,0.32,0.12,0.04,,,,,
2423,9924608,5332,27331.570479286,17102.727181955735,4.38,2644.82,-0.018327230905924807,918.1685137748718,0.9243232294684276,5.13894912e-05,0.96308863,2.07,0.53,0.32,0.11,0.04,,,,,
2424,9928704,5334,27640.49569042893,17294.646964493644,4.43,2660.4,-0.010855896784050856,3737.7177243828773,0.9871132525149733,5.13694208e-05,0.9733009,2.1,0.52,0.32,0.12,0.04,,,,,
2425,9932800,5336,27912.612861714442,17446.044844108164,4.43,2683.16,-0.017062104312572046,710.0554700195789,0.9075294693466276,5.1349350399999996e-05,0.9791124,2.08,0.52,0.32,0.13,0.03,24819.562905187395,15691.09476552404,4.833333333333333,2265.0,0.0
2426,9936896,5336,27912.612861714442,17446.044844108164,4.43,2683.16,-0.00618146767737926,6859.595872581005,0.9180635133525357,5.1329279999999995e-05,0.9749365,2.08,0.52,0.32,0.13,0.03,,,,,
2427,9940992,5338,28692.94869808266,17883.14278772469,4.44,2743.65,-0.011125807087410067,5713.645171433687,0.8515276605030522,5.13092096e-05,0.7325851,2.02,0.54,0.31,0.13,0.02,,,,,
2428,9945088,5340,27910.552215095475,17415.999530152156,4.42,2683.06,-0.015330460182667593,807.3177244961262,0.9151356209767982,5.12891392e-05,0.9596181,2.06,0.54,0.3,0.13,0.03,,,,,
2429,9949184,5342,28054.045504394282,17485.78361637037,4.42,2698.92,-0.014936254548047145,2573.7776117920876,0.9766232208348811,5.12690688e-05,0.8699746,2.04,0.55,0.29,0.13,0.03,,,,,
2430,9953280,5344,28070.574346308134,17488.43289423401,4.43,2699.51,-0.017365679909744358,944.1835822016001,1.0096115400083363,5.12489984e-05,0.9398594,2.06,0.54,0.3,0.13,0.03,,,,,
2431,9957376,5345,28283.817503521015,17630.22172260455,4.45,2717.77,-0.012173196808362263,1954.2447483688593,0.9186831031693146,5.1228928e-05,0.9530752,2.06,0.54,0.3,0.13,0.03,,,,,
2432,9961472,5345,28283.817503521015,17630.22172260455,4.45,2717.77,-0.0112716129697219,3603.5649369955063,0.9335725787095726,5.12088576e-05,0.9549587,2.06,0.54,0.3,0.13,0.03,,,,,
2433,9965568,5348,27910.269421690773,17376.998791880804,4.43,2701.12,-0.009886630112760031,4152.3486332297325,0.9428835716098547,5.11887872e-05,0.80607617,2.05,0.55,0.29,0.13,0.03,,,,,
2434,9969664,5350,27778.042448727232,17310.8571996891,4.4,2695.36,-0.0137420379469404,2927.13718944788,0.9994566538371146,5.11687168e-05,0.85115075,2.03,0.54,0.31,0.12,0.03,,,,,
2435,9973760,5352,27667.00083595468,17219.08137514191,4.35,2693.0,-0.010385735507952631,2985.413476526737,0.8699434467125684,5.11486464e-05,0.86262244,1.98,0.55,0.31,0.11,0.03,,,,,
2436,9977856,5354,27998.086215432086,17451.77516446681,4.38,2720.32,-0.009946546232640685,1831.5264146327972,0.8763873458374292,5.1128576e-05,0.9471145,1.98,0.54,0.32,0.11,0.03,,,,,
2437,9981952,5355,27847.17679678689,17328.49055511834,4.36,2714.73,-0.007383404646134295,4064.3233282864094,0.9198389017255977,5.11085056e-05,0.84564656,1.96,0.55,0.31,0.11,0.03,,,,,
2438,9986048,5357,27662.139402915243,17186.991886911554,4.37,2691.63,-0.0071986385228228755,2533.1531957685947,0.9138822961831465,5.10884352e-05,0.8889195,1.99,0.54,0.31,0.12,0.03,,,,,
2439,9990144,5358,28349.13927965047,17623.32385115924,4.41,2734.85,-0.0047208221858454635,21342.049099087715,0.9286013408564031,5.10683648e-05,0.91583073,1.98,0.54,0.32,0.11,0.03,,,,,
2440,9994240,5359,28453.488242627922,17694.55804509683,4.43,2743.39,-0.011596494343848462,2864.441154330969,0.9180700161959976,5.10482944e-05,0.9320246,1.99,0.53,0.33,0.11,0.03,,,,,
2441,9998336,5360,28511.758304299557,17725.25796919738,4.41,2753.55,-0.012307131089073664,1991.391040340066,1.001394315622747,5.1028224e-05,0.9588635,1.96,0.53,0.34,0.1,0.03,,,,,
2442,10002432,5362,28393.878450206183,17668.491119868377,4.41,2743.02,-0.012341084326180862,2297.221085473895,0.9693366076098755,5.10081536e-05,0.9406953,1.97,0.53,0.34,0.1,0.03,,,,,
2443,10006528,5363,28462.78913417282,17716.141177178182,4.41,2752.66,-0.011338480475387769,2265.869354173541,0.9426808081334457,5.09880832e-05,0.9164202,1.96,0.54,0.33,0.1,0.03,,,,,
2444,10010624,5364,28134.946538850934,17503.057086888944,4.39,2731.27,-0.01447965992065292,2227.2047363221645,1.0381040431093425,5.09680128e-05,0.9476256,1.96,0.54,0.33,0.1,0.03,,,,,
2445,10014720,5366,28434.972385037163,17663.837573347955,4.4,2758.59,-0.01510303945724445,1987.0267561972141,0.9784257584251463,5.09479424e-05,0.93477476,1.94,0.55,0.32,0.1,0.03,,,,,
2446,10018816,5367,28319.732883473345,17574.95644856213,4.39,2750.05,-0.016698885779987904,855.0332146435976,0.9131625083973631,5.0927872e-05,0.97987056,1.94,0.55,0.32,0.1,0.03,,,,,
2447,10022912,5368,28557.266560047046,17722.47767748414,4.41,2767.53,-0.01742384929821128,1395.093742787838,0.9954875770490617,5.09078016e-05,0.9662411,1.94,0.55,0.32,0.1,0.03,,,,,
2448,10027008,5369,28588.265243698726,17719.147276522162,4.4,2774.5,-0.011108675576906535,2249.9001471847296,0.982813497656025,5.0887731200000005e-05,0.96514165,1.92,0.56,0.31,0.1,0.03,,,,,
2449,10031104,5371,28695.440126964346,17780.581503588244,4.41,2782.48,-0.01466494829946896,1469.1036926209927,0.9820477250032127,5.0867660800000004e-05,0.95113003,1.92,0.56,0.31,0.1,0.03,,,,,
2450,10035200,5372,29198.248973961086,18088.89721919984,4.44,2823.09,-0.010362318542320281,3928.9038258194923,0.9908893743995577,5.08475904e-05,0.94370097,1.91,0.56,0.31,0.1,0.03,23942.57131844233,14981.669393524095,4.8,2227.5,0.0
2451,10039296,5373,29461.30536068993,18237.26228682002,4.46,2840.53,-0.008920070096792188,3587.2311460971832,1.0183013920905069,5.082752e-05,0.9593098,1.91,0.56,0.31,0.1,0.03,,,,,
2452,10043392,5374,29418.76301448004,18195.738372621516,4.45,2840.59,-0.014353399301398895,1677.7168200612068,0.9774158879881725,5.08074496e-05,0.9657706,1.9,0.57,0.3,0.1,0.03,,,,,
2453,10047488,5376,28459.950832311566,17617.87683304654,4.4,2760.69,-0.011369962565368041,3849.676055431366,1.0180890443734825,5.07873792e-05,0.9235463,1.94,0.56,0.3,0.11,0.03,,,,,
2454,10051584,5377,29023.017630798975,17985.551374135546,4.45,2790.87,-0.008572952448957949,24227.201124966145,1.026541014900431,5.07673088e-05,0.9443865,1.96,0.55,0.31,0.11,0.03,,,,,
2455,10055680,5378,28989.7597076832,17979.593282314974,4.45,2789.56,-0.01376234691360878,1636.4418903440237,0.9448384934803471,5.07472384e-05,0.95392495,1.96,0.55,0.31,0.11,0.03,,,,,
2456,10059776,5379,29244.21731871106,18133.87128943472,4.46,2814.6,-0.014816959035670152,1772.5614662766457,0.9756422273349017,5.0727168e-05,0.9713332,1.94,0.56,0.3,0.11,0.03,,,,,
2457,10063872,5381,29823.834390788743,18509.234219985767,4.5,2853.57,-0.008840688570671773,9681.970198780298,1.0136314228875563,5.0707097599999996e-05,0.9446126,1.94,0.55,0.31,0.11,0.03,,,,,
2458,10067968,5382,29973.28184241399,18603.758637860494,4.51,2865.0,-0.011868571118611726,2301.7863780856133,0.9819136053556576,5.0687027199999995e-05,0.9698688,1.94,0.55,0.31,0.11,0.03,,,,,
2459,10072064,5383,29587.354601493105,18360.545446462227,4.46,2848.71,-0.011372393839337747,1559.269461914897,0.9843995856354013,5.06669568e-05,0.9120666,1.9,0.56,0.31,0.1,0.03,,,,,
2460,10076160,5385,29986.56373762337,18602.169757495696,4.46,2889.49,-0.012484045396831789,3166.2270979583263,1.0145242405124009,5.06468864e-05,0.9562936,1.85,0.58,0.3,0.09,0.03,,,,,
2461,10080256,5385,29986.56373762337,18602.169757495696,4.46,2889.49,-0.011911659712495748,2590.4671572446823,0.9188967162044719,5.0626816e-05,0.95737046,1.85,0.58,0.3,0.09,0.03,,,,,
2462,10084352,5387,29802.75569361842,18467.533125583395,4.44,2882.05,-0.014753781621038797,2559.6825788915157,0.998570772469975,5.06067456e-05,0.9412372,1.84,0.58,0.3,0.09,0.03,,,,,
2463,10088448,5388,29318.772925121306,18168.863821563224,4.42,2843.29,-0.013069518665361102,1389.016878053546,0.9623936515999958,5.0586675199999996e-05,0.9609,1.86,0.57,0.31,0.09,0.03,,,,,
2464,10092544,5390,28779.79516463161,17854.210354570558,4.39,2802.91,-0.016135457351992955,2474.0605008900166,1.0584629582008347,5.0566604799999995e-05,0.9397084,1.87,0.57,0.31,0.09,0.03,,,,,
2465,10096640,5392,28943.04949056405,17964.75071359942,4.42,2813.43,-0.010737366817920702,1503.4706949442625,1.002222704119049,5.0546534399999994e-05,0.95859486,1.89,0.56,0.32,0.09,0.03,,,,,
2466,10100736,5393,29032.820356798824,18024.71062696202,4.43,2818.65,-0.011936666324800171,2193.7001451551914,1.0242442733142525,5.0526464000000006e-05,0.9471301,1.89,0.56,0.32,0.09,0.03,,,,,
2467,10104832,5395,29089.568870598054,18059.958017040168,4.41,2824.88,-0.013923570346378256,1830.4510539770126,0.9791068845661357,5.0506393600000005e-05,0.9387362,1.86,0.56,0.33,0.09,0.02,,,,,
2468,10108928,5396,29417.286947160977,18269.18352253562,4.44,2854.57,-0.011140571531541354,2587.010899603367,0.8839436705457047,5.0486323200000004e-05,0.87006557,1.86,0.56,0.33,0.09,0.02,,,,,
2469,10113024,5398,29607.749497635785,18399.400981549858,4.44,2872.62,-0.010928860315289057,5216.077218532562,1.0240796029102057,5.04662528e-05,0.9304742,1.84,0.56,0.34,0.08,0.02,,,,,
2470,10117120,5400,29717.91672928354,18452.988524265667,4.46,2873.75,-0.012065086492839328,1621.813092648983,0.9871178776957095,5.04461824e-05,0.97244525,1.86,0.55,0.35,0.08,0.02,,,,,
2471,10121216,5402,29105.9397245344,18064.424575420446,4.41,2828.55,-0.01602665329755837,591.836472466588,0.9835162243107334,5.0426112e-05,0.9394344,1.86,0.55,0.35,0.08,0.02,,,,,
2472,10125312,5405,29039.20459976744,18045.56949024856,4.45,2807.08,-0.010949820326459303,5389.483546704054,1.007091120700352,5.04060416e-05,0.96222615,1.93,0.52,0.37,0.09,0.02,,,,,
2473,10129408,5405,29039.20459976744,18045.56949024856,4.45,2807.08,-0.013216250539699104,6054.390605688095,0.996424728189595,5.03859712e-05,0.96032536,1.93,0.52,0.37,0.09,0.02,,,,,
2474,10133504,5407,29529.775403982658,18352.654157099358,4.45,2836.29,-0.007880624199060549,15254.672622054815,0.9686489197192714,5.03659008e-05,0.9503424,1.89,0.53,0.37,0.09,0.01,,,,,
2475,10137600,5408,28805.41610782088,17908.496190813516,4.42,2786.07,-0.009951834366802359,2700.3781972527504,0.9402124915504828,5.0345830400000004e-05,0.94576126,1.92,0.52,0.37,0.1,0.01,23730.279444433105,14751.53864327931,4.833333333333333,2218.733333333333,0.0
2476,10141696,5410,28795.044812453798,17897.238726273183,4.41,2786.47,-0.016558269520828617,2193.1737700402737,0.933612898690626,5.032576e-05,0.825874,1.91,0.53,0.36,0.1,0.01,,,,,
2477,10145792,5412,29003.809461489618,18024.889072891725,4.44,2801.5,-0.006612669382775493,4519.304463535547,1.0191814232384786,5.03056896e-05,0.8854517,1.92,0.53,0.36,0.1,0.01,,,,,
2478,10149888,5413,29042.59314623302,18058.080625420673,4.46,2795.9,-0.010296586593540269,5625.5767442286015,0.9936787742190063,5.02856192e-05,0.9699007,1.95,0.52,0.36,0.11,0.01,,,,,
2479,10153984,5414,29120.397116911732,18105.43150650389,4.46,2806.53,-0.0090306260590296,2069.9588189423084,0.9650665953522548,5.02655488e-05,0.91568637,1.94,0.53,0.35,0.11,0.01,,,,,
2480,10158080,5416,28562.26993329928,17743.303010605556,4.44,2756.35,-0.011783298272348475,2189.609135657549,0.978416089550592,5.02454784e-05,0.95740265,1.97,0.52,0.35,0.12,0.01,,,,,
2481,10162176,5419,27969.82887223218,17370.826494790836,4.41,2712.5,-0.011017278002327657,776.9457021355629,0.964348292327486,5.0225408e-05,0.9301078,1.99,0.51,0.36,0.12,0.01,,,,,
2482,10166272,5420,27879.00539153973,17308.215524456926,4.41,2700.0,-0.00983412794812466,2139.862844079733,0.9286040633451194,5.0205337599999996e-05,0.9389165,2.0,0.5,0.37,0.12,0.01,,,,,
2483,10170368,5421,27714.98626571416,17212.071427155977,4.4,2687.13,-0.01064652426612156,4720.368999660015,1.038753530709073,5.0185267199999995e-05,0.892725,2.01,0.49,0.38,0.12,0.01,,,,,
2484,10174464,5422,28129.736527379133,17483.01813392996,4.43,2721.51,-0.007568100988919468,2773.860663816333,0.9437459373148158,5.0165196799999994e-05,0.940568,2.01,0.49,0.38,0.12,0.01,,,,,
2485,10178560,5425,27959.92144144799,17358.705831897296,4.43,2712.71,-0.01839065364583803,1503.583716928959,1.0790417690295726,5.014512639999999e-05,0.86473227,2.02,0.5,0.36,0.13,0.01,,,,,
2486,10182656,5426,28022.90399016398,17384.379201832275,4.41,2717.47,-0.016790740985925368,1033.1608506441116,0.9328145688632503,5.012505599999999e-05,0.96911824,1.99,0.5,0.37,0.12,0.01,,,,,
2487,10186752,5428,28500.90023051051,17671.52251721326,4.42,2761.24,-0.015201002684989362,1517.8840062916279,0.9144825511611998,5.01049856e-05,0.8591674,1.95,0.51,0.37,0.11,0.01,,,,,
2488,10190848,5429,28605.161387372544,17753.69062274131,4.43,2770.82,-0.01049213053602216,2999.3779420256615,1.0230817504925653,5.00849152e-05,0.953693,1.95,0.51,0.37,0.11,0.01,,,,,
2489,10194944,5433,27445.25887072363,17023.31470084273,4.4,2675.78,-0.010318081146579061,3260.5569081306458,1.0144152640132234,5.00648448e-05,0.8703842,2.02,0.49,0.37,0.12,0.02,,,,,
2490,10199040,5435,27318.63785014927,16946.09237320988,4.37,2677.17,-0.014909345725754974,700.6844322830439,0.927168367896229,5.00447744e-05,0.96497136,1.99,0.5,0.37,0.11,0.02,,,,,
2491,10203136,5437,26808.055679576584,16661.264135699435,4.36,2642.15,-0.01283807636173151,4866.514423459768,1.028963193995878,5.002470400000001e-05,0.9400818,2.01,0.5,0.36,0.12,0.02,,,,,
2492,10207232,5438,26889.841703835977,16732.6485640699,4.39,2639.99,-0.012793128358680406,3870.459006547928,0.9871958092553541,5.0004633600000006e-05,0.94900846,2.05,0.49,0.36,0.13,0.02,,,,,
2493,10211328,5439,27190.807476707225,16885.956167894827,4.37,2666.54,-0.01316543466055009,1230.098582059145,0.9817335087573156,4.9984563200000005e-05,0.9682782,2.0,0.5,0.36,0.13,0.01,,,,,
2494,10215424,5440,27520.13259438346,17097.779626374337,4.4,2696.07,-0.013324553050551913,1082.0721015036106,0.9733988274820149,4.9964492800000003e-05,0.96442896,2.0,0.5,0.36,0.13,0.01,,,,,
2495,10219520,5442,27682.197722436427,17183.741210401313,4.41,2707.33,-0.015391555921269173,1226.580632776022,1.008848052821122,4.99444224e-05,0.95747614,2.0,0.5,0.36,0.13,0.01,,,,,
2496,10223616,5444,27833.571326427224,17265.80657377194,4.42,2718.03,-0.01799899200159416,589.831335440278,0.9536361207719892,4.9924352e-05,0.9761815,1.99,0.5,0.36,0.13,0.01,,,,,
2497,10227712,5445,27728.671479859317,17188.005965955203,4.41,2708.16,-0.010971200574203976,2083.250941798091,0.9157830839976668,4.99042816e-05,0.8801986,1.99,0.5,0.36,0.13,0.01,,,,,
2498,10231808,5449,27088.596563862437,16770.60718038315,4.38,2649.92,-0.01336036062639323,1644.8995989114046,1.0192133011296391,4.98842112e-05,0.92719966,2.01,0.49,0.37,0.13,0.01,,,,,
2499,10235904,5449,27088.596563862437,16770.60718038315,4.38,2649.92,-0.011078468676714692,1178.7469673603773,0.9029412865638733,4.98641408e-05,0.9692369,2.01,0.49,0.37,0.13,0.01,,,,,
2500,10240000,5451,27533.29232634275,17021.05671429502,4.4,2685.92,-0.00905499603413773,1368.2298924028873,0.9072775015374646,4.98440704e-05,0.94644475,2.0,0.5,0.36,0.13,0.01,23842.890268294504,15008.388366270481,4.833333333333333,2212.6,0.0
2501,10244096,5453,27310.267245323645,16864.28874476115,4.37,2670.86,-0.01612626150381402,565.2182615250349,1.044349181232974,4.9823999999999996e-05,0.97334236,1.98,0.52,0.34,0.13,0.01,,,,,
2502,10248192,5455,27324.658824269172,16892.162404440245,4.38,2661.45,-0.00980990638527146,7254.36939406395,1.013296659803018,4.9803929599999995e-05,0.9322691,2.0,0.51,0.35,0.13,0.01,,,,,
2503,10252288,5456,27560.379115629454,17044.138966260067,4.37,2688.59,-0.01067313132352865,2858.499868988991,1.0104258789215237,4.97838592e-05,0.9421232,1.96,0.52,0.35,0.12,0.01,,,,,
2504,10256384,5457,27480.56081302152,17005.80379656915,4.36,2684.59,-0.01545742199778033,1285.576921492815,0.9973585124826059,4.97637888e-05,0.9555374,1.95,0.53,0.34,0.12,0.01,,,,,
2505,10260480,5459,27115.863180924203,16764.846697328172,4.32,2674.64,-0.010859875272217323,2487.037236660719,0.9594982905546203,4.97437184e-05,0.93195534,1.92,0.55,0.32,0.12,0.01,,,,,
2506,10264576,5460,27090.619526648683,16750.460870358656,4.32,2671.29,-0.013889995447243564,1107.812942802906,0.9961719687562436,4.9723648e-05,0.9616043,1.92,0.55,0.32,0.12,0.01,,,,,
2507,10268672,5463,26871.406909319343,16574.17988205975,4.29,2648.76,-0.012121775907871779,1098.912374727428,1.0281287994002923,4.9703577599999996e-05,0.9566003,1.91,0.55,0.32,0.12,0.01,,,,,
2508,10272768,5466,26218.120176292807,16194.519925472108,4.27,2584.86,-0.015678727244448964,1797.660862058401,0.9983119461685419,4.9683507199999995e-05,0.95681477,1.95,0.53,0.33,0.13,0.01,,,,,
2509,10276864,5467,26057.32708182861,16110.7796263694,4.25,2577.99,-0.009908193615956407,7598.643386244774,0.9360451566753909,4.9663436799999994e-05,0.54803026,1.94,0.53,0.33,0.13,0.01,,,,,
2510,10280960,5468,25834.216510691145,15981.695309836192,4.23,2563.01,-0.009685439029453846,1895.1133833676577,0.9739513549720868,4.964336639999999e-05,0.9457139,1.94,0.53,0.33,0.13,0.01,,,,,
2511,10285056,5470,25892.14059410602,16001.438579292982,4.23,2568.44,-0.015291277767573774,841.8931758999825,0.9758499533636495,4.9623296000000006e-05,0.95596045,1.94,0.53,0.33,0.13,0.01,,,,,
2512,10289152,5472,25527.408473693733,15776.223251143254,4.2,2541.33,-0.014456664506724337,3441.4893333017826,0.9852359484648332,4.9603225600000004e-05,0.8109727,1.94,0.53,0.33,0.13,0.01,,,,,
2513,10293248,5474,24878.07720224017,15389.930152019813,4.15,2489.47,-0.013057104189101665,2013.9026179909706,0.9588709429372102,4.9583155200000003e-05,0.9470429,1.94,0.53,0.33,0.13,0.01,,,,,
2514,10297344,5476,25376.90722698317,15708.587725969162,4.21,2523.97,-0.012201452985209471,6772.765296131372,0.9943041166989133,4.95630848e-05,0.94713444,1.96,0.52,0.34,0.13,0.01,,,,,
2515,10301440,5477,24950.680919825565,15423.323852475527,4.17,2504.71,-0.015701187739978195,1283.5845579952002,1.0040681068785489,4.95430144e-05,0.9223542,1.94,0.53,0.33,0.13,0.01,,,,,
2516,10305536,5479,24735.436723679617,15283.055217088284,4.15,2486.26,-0.010992136363711325,1611.0697102993727,0.9961901498027146,4.9522944e-05,0.7772391,1.94,0.53,0.33,0.13,0.01,,,,,
2517,10309632,5480,24520.59586860754,15141.215875396461,4.13,2475.44,-0.01485732071887469,2121.6224980950356,0.9951292455662042,4.95028736e-05,0.950427,1.93,0.54,0.32,0.13,0.01,,,,,
2518,10313728,5481,24609.283833318983,15188.301160683686,4.13,2485.21,-0.011946750313654775,2124.6231388151646,0.9857330819359049,4.94828032e-05,0.95594937,1.92,0.55,0.31,0.13,0.01,,,,,
2519,10317824,5483,24530.323748732553,15117.992157978078,4.13,2475.45,-0.012541101854367298,1087.1241329014301,0.9566322390455753,4.9462732800000004e-05,0.97397935,1.93,0.54,0.32,0.13,0.01,,,,,
2520,10321920,5485,24317.301457544294,14976.270081988412,4.11,2458.14,-0.01639159457772621,1121.7791723161936,0.9556463802000508,4.94426624e-05,0.9517574,1.93,0.54,0.32,0.13,0.01,,,,,
2521,10326016,5486,24051.973736862998,14806.536860542148,4.09,2435.78,-0.014660700654530956,1009.2710312008858,1.0049072998808697,4.9422592e-05,0.946823,1.93,0.54,0.32,0.13,0.01,,,,,
2522,10330112,5486,24051.973736862998,14806.536860542148,4.09,2435.78,-0.008851338616295834,5136.180094718933,1.0323620979906991,4.94025216e-05,0.96239966,1.93,0.54,0.32,0.13,0.01,,,,,
2523,10334208,5487,24626.882394013657,15166.333638098891,4.12,2478.2,-0.006560450662846051,8184.503772139549,0.9595611128024757,4.93824512e-05,0.9254298,1.92,0.55,0.31,0.13,0.01,,,,,
2524,10338304,5489,24731.454595082436,15212.418658242808,4.11,2488.5,-0.007808632573869545,5736.52062086761,0.9068383446428925,4.93623808e-05,0.8447739,1.9,0.56,0.3,0.13,0.01,,,,,
2525,10342400,5490,24764.314680562205,15245.651236788168,4.12,2489.89,-0.011238586892432068,3832.0730557739735,1.0058734173653647,4.93423104e-05,0.95921844,1.91,0.56,0.29,0.14,0.01,27824.65716715101,17212.192085665833,5.1,2448.6666666666665,0.0
2526,10346496,5492,24531.674967298666,15101.14472951062,4.13,2467.14,-0.013375278106650512,1971.9743399322033,1.0435492313699797,4.9322239999999996e-05,0.9478023,1.94,0.55,0.29,0.15,0.01,,,,,
2527,10350592,5493,24797.00938437827,15265.208135681232,4.15,2480.02,-0.013905068162785028,3848.478227093816,0.9166878862306476,4.9302169599999995e-05,0.9708811,1.95,0.54,0.3,0.15,0.01,,,,,
2528,10354688,5494,25345.84265481804,15607.052921741903,4.18,2528.18,-0.013788519669105881,3710.325879216194,1.0094931728672236,4.9282099199999994e-05,0.9347482,1.93,0.55,0.29,0.15,0.01,,,,,
2529,10358784,5496,25205.830791817792,15507.313659969575,4.2,2507.98,-0.01037315242956538,2487.754281371832,1.0179566451115534,4.926202879999999e-05,0.960377,1.97,0.54,0.29,0.16,0.01,,,,,
2530,10362880,5499,24457.013339315214,15044.681754260168,4.16,2445.08,-0.0146245133728371,1691.1493503898382,0.9303137202514336,4.924195839999999e-05,0.9137928,2.01,0.53,0.29,0.17,0.01,,,,,
2531,10366976,5501,25039.86195139944,15430.898207460663,4.22,2484.16,-0.007575331346743042,21408.431597471237,0.9872872167034075,4.9221888e-05,0.94677466,2.03,0.53,0.28,0.18,0.01,,,,,
2532,10371072,5504,24677.96614317944,15208.048542411185,4.22,2455.86,-0.014520692158839665,2188.324094220996,0.9674804048845544,4.9201817599999997e-05,0.9166318,2.06,0.52,0.28,0.19,0.01,,,,,
2533,10375168,5507,23982.445879796072,14790.508318364089,4.19,2417.01,-0.01667313530560932,1921.2523102909327,0.9741385942324996,4.91817472e-05,0.8324869,2.07,0.53,0.26,0.2,0.01,,,,,
2534,10379264,5507,23982.445879796072,14790.508318364089,4.19,2417.01,-0.013747311886618263,2355.0860990285873,1.018525194725953,4.91616768e-05,0.96102583,2.07,0.53,0.26,0.2,0.01,,,,,
2535,10383360,5510,24176.387528910836,14890.448816185382,4.22,2424.39,-0.008060826894507045,4126.238484978676,1.0249459511833265,4.914160640000001e-05,0.9456153,2.09,0.53,0.26,0.19,0.02,,,,,
2536,10387456,5511,24065.92715409346,14835.9616413287,4.21,2415.84,-0.014347168798849452,1683.7269095480442,0.9807706627761945,4.9121536000000006e-05,0.95127887,2.09,0.53,0.26,0.19,0.02,,,,,
2537,10391552,5513,23977.356013976747,14744.074904739693,4.17,2420.07,-0.013453932555421488,1310.7044057697058,0.8989431466907263,4.9101465600000005e-05,0.9450809,2.04,0.55,0.25,0.18,0.02,,,,,
2538,10395648,5515,23759.69462295719,14618.135873867523,4.15,2402.08,-0.014787089799028763,1344.6144038289785,1.0020397403277457,4.9081395200000004e-05,0.93560505,2.04,0.55,0.25,0.18,0.02,,,,,
2539,10399744,5517,23755.08545971324,14618.234522934177,4.14,2408.24,-0.01574139826334431,1795.6985835283995,0.9795517951715738,4.90613248e-05,0.95625776,2.03,0.55,0.26,0.17,0.02,,,,,
2540,10403840,5518,23854.889656955398,14702.829954262183,4.17,2415.56,-0.012794921716704266,3706.815586000681,0.9593837490538135,4.90412544e-05,0.95698094,2.05,0.55,0.25,0.18,0.02,,,,,
2541,10407936,5520,23943.75543285234,14784.002731128527,4.19,2417.28,-0.0094991223213583,3099.2884169220924,0.9401807386893779,4.9021184e-05,0.9344367,2.07,0.54,0.26,0.18,0.02,,,,,
2542,10412032,5523,23412.428198053465,14436.903689392135,4.15,2372.43,-0.014883939690662373,819.969033613801,0.9172742493683472,4.90011136e-05,0.9705744,2.07,0.55,0.25,0.18,0.02,,,,,
2543,10416128,5524,23771.579565188094,14647.790617094011,4.15,2404.29,-0.013043245895460132,2187.623332232237,1.0128691584104672,4.89810432e-05,0.9671466,2.03,0.56,0.25,0.17,0.02,,,,,
2544,10420224,5526,23795.42803897371,14679.673621614163,4.18,2401.05,-0.015981790915247984,1499.9653991758823,0.9673765581101179,4.89609728e-05,0.945819,2.07,0.55,0.25,0.18,0.02,,,,,
2545,10424320,5527,23937.275901380428,14780.755705652766,4.19,2411.78,-0.012097822484065546,2377.782173484564,1.0200024981750175,4.8940902399999996e-05,0.9554974,2.07,0.55,0.25,0.18,0.02,,,,,
2546,10428416,5529,23603.891196778346,14566.970474439824,4.17,2379.02,-0.013362370706090587,1789.7108753323555,0.9720282829366624,4.8920831999999995e-05,0.93528324,2.09,0.53,0.27,0.18,0.02,,,,,
2547,10432512,5531,23697.43442009127,14626.066285470382,4.15,2392.64,-0.009913890187817742,2615.9881704747677,0.9867553802905604,4.89007616e-05,0.94582665,2.06,0.54,0.26,0.19,0.01,,,,,
2548,10436608,5532,23889.74736570233,14745.203954323395,4.17,2402.75,-0.010196959852692089,35634.50897407532,1.0126821842277423,4.88806912e-05,0.971309,2.07,0.54,0.26,0.19,0.01,,,,,
2549,10440704,5536,23887.825907164064,14746.968621023912,4.2,2378.9,-0.008458607632746862,5098.532541573048,1.0319079332984984,4.88606208e-05,0.9139931,2.13,0.52,0.28,0.17,0.03,,,,,
2550,10444800,5539,23692.907831468547,14636.27664335347,4.2,2360.78,-0.011385614197934046,4633.443024858832,0.9435748697724193,4.88405504e-05,0.9591846,2.14,0.52,0.28,0.17,0.03,19254.292169632387,11970.165541342873,4.5,1893.5333333333333,0.0
2551,10448896,5540,23692.59767813551,14637.870534077454,4.21,2354.24,-0.009725885895022657,2490.893735140562,0.9823237040545791,4.8820479999999996e-05,0.96847975,2.16,0.51,0.29,0.17,0.03,,,,,
2552,10452992,5541,23424.95868045695,14482.754051144391,4.19,2334.14,-0.01663631689916656,1266.1523390710354,0.9984938385896385,4.8800409599999995e-05,0.9522555,2.16,0.51,0.29,0.17,0.03,,,,,
2553,10457088,5543,23803.907743617277,14710.663790525754,4.22,2356.31,-0.005130879056196136,9713.924118638039,0.9630469419062138,4.8780339199999994e-05,0.93478847,2.17,0.51,0.29,0.17,0.03,,,,,
2554,10461184,5544,23673.875313910885,14644.539320015954,4.21,2346.32,-0.011564160109628574,1381.0695375800133,0.9615194814978167,4.876026879999999e-05,0.9465274,2.17,0.51,0.29,0.17,0.03,,,,,
2555,10465280,5547,23669.644216908397,14653.030689336832,4.23,2339.49,-0.01014152889001707,1943.0837799310684,0.9411961890291423,4.8740198400000006e-05,0.9446566,2.2,0.5,0.3,0.17,0.03,,,,,
2556,10469376,5547,23669.644216908397,14653.030689336832,4.23,2339.49,-0.009601996666788182,3220.2823212742805,1.0355373197235167,4.8720128000000005e-05,0.94764787,2.2,0.5,0.3,0.17,0.03,,,,,
2557,10473472,5550,23994.474872331022,14880.371267250606,4.24,2363.42,-0.009848544870692422,4278.634883597493,0.980544566991739,4.8700057600000004e-05,0.96300197,2.19,0.5,0.31,0.16,0.03,,,,,
2558,10477568,5553,23966.317676229188,14871.284695014036,4.3,2351.81,-0.013648293799633393,1239.0494826883078,1.0312854362418875,4.86799872e-05,0.92421055,2.26,0.48,0.31,0.18,0.03,,,,,
2559,10481664,5556,23183.060109584985,14369.734449399084,4.28,2286.74,-0.011025546333257807,1069.2349336743355,0.9529378721490502,4.86599168e-05,0.96423316,2.32,0.47,0.3,0.2,0.03,,,,,
2560,10485760,5558,23114.46374465841,14308.393533072918,4.27,2281.7,-0.007823312223081302,1110.6032351702452,0.9658665943425149,4.86398464e-05,0.92265594,2.32,0.47,0.3,0.2,0.03,,,,,
2561,10489856,5559,23144.43102733758,14322.334568222213,4.27,2284.05,-0.016704827905414277,1459.4383779466152,0.9541082577779889,4.8619776e-05,0.930688,2.32,0.47,0.3,0.2,0.03,,,,,
2562,10493952,5561,22757.753912394113,14104.438422761186,4.26,2252.17,-0.01744704986413126,1483.046756759286,0.959560256334953,4.85997056e-05,0.94922036,2.35,0.46,0.3,0.21,0.03,,,,,
2563,10498048,5564,22922.684126401655,14199.768810779353,4.32,2259.74,-0.0077336879667200265,2402.897790312767,1.002632693387568,4.8579635200000004e-05,0.9695499,2.4,0.46,0.28,0.23,0.03,,,,,
2564,10502144,5566,23234.502962851497,14377.267020841606,4.32,2293.34,-0.007829293010217953,2901.7987001240253,0.90089814318344,4.85595648e-05,0.7174391,2.37,0.47,0.28,0.22,0.03,,,,,
2565,10506240,5568,23043.72506186126,14264.937133884872,4.32,2271.84,-0.015312140762034687,2593.9337678700686,0.9886740106157959,4.85394944e-05,0.82304376,2.39,0.46,0.29,0.22,0.03,,,,,
2566,10510336,5571,22566.170378714174,13989.112966131222,4.31,2226.71,-0.018078342610351683,1909.9881356954575,1.0163577718194574,4.8519424e-05,0.94705427,2.43,0.45,0.29,0.23,0.03,,,,,
2567,10514432,5572,22783.182428599215,14128.102187736407,4.34,2242.71,-0.007001407230745826,2895.701993703842,0.9710821995977312,4.84993536e-05,0.92767525,2.44,0.45,0.29,0.23,0.03,,,,,
2568,10518528,5573,22929.519060866587,14226.003735419785,4.36,2251.56,-0.013810907031256647,2323.749451547861,0.9921752605587244,4.84792832e-05,0.9588466,2.45,0.44,0.3,0.23,0.03,,,,,
2569,10522624,5574,23393.54280427521,14529.97176312914,4.41,2280.24,-0.008783421435509808,6709.564926922321,0.9661349782254547,4.84592128e-05,0.9515497,2.47,0.43,0.31,0.23,0.03,,,,,
2570,10526720,5575,23779.98524557548,14777.776597069915,4.42,2306.92,-0.010657759323294158,14097.340368837118,0.9544413139810786,4.8439142399999996e-05,0.96436304,2.45,0.43,0.32,0.22,0.03,,,,,
2571,10530816,5576,23756.400078635612,14749.497035794244,4.4,2310.59,-0.012402923524859943,1168.438273832202,0.9511902262456715,4.8419071999999995e-05,0.95347893,2.43,0.44,0.31,0.22,0.03,,,,,
2572,10534912,5578,23747.406694194164,14763.7687648363,4.4,2314.33,-0.013554473481235618,2544.718493670225,0.9537445638561621,4.8399001599999994e-05,0.90614706,2.43,0.44,0.31,0.22,0.03,,,,,
2573,10539008,5580,23500.301943151415,14598.997095357601,4.4,2286.57,-0.010719433055783156,1428.4207205474377,0.882012429414317,4.837893119999999e-05,0.94947326,2.46,0.42,0.33,0.22,0.03,,,,,
2574,10543104,5581,23514.879373482618,14617.175040922382,4.4,2291.31,-0.012119307480134012,1522.0870734751225,0.9908181233331561,4.835886079999999e-05,0.9599147,2.46,0.42,0.33,0.22,0.03,,,,,
2575,10547200,5582,23698.02348618116,14720.938515098664,4.41,2305.75,-0.009796392491807637,1996.2646198868752,1.0155157179106027,4.83387904e-05,0.92618626,2.45,0.43,0.32,0.22,0.03,24129.56866689972,15245.267394330518,4.866666666666666,2275.133333333333,0.0
2576,10551296,5584,23566.541256822675,14634.658139015084,4.39,2298.29,-0.014203753767105809,1017.9261219501495,0.9266481148079038,4.831872e-05,0.94570744,2.43,0.44,0.31,0.22,0.03,,,,,
2577,10555392,5585,23929.782043977495,14857.496954870687,4.42,2330.01,-0.007699952071561711,3844.076696008444,0.9890319248661399,4.82986496e-05,0.85927314,2.43,0.44,0.31,0.22,0.03,,,,,
2578,10559488,5586,24135.688795596874,14998.36999562721,4.44,2345.98,-0.007077296111674514,12223.495166093111,0.9586448700865731,4.82785792e-05,0.82524544,2.44,0.43,0.32,0.22,0.03,,,,,
2579,10563584,5587,23634.244398624156,14680.49537167095,4.41,2312.61,-0.012141924677052884,1534.8379749953747,0.9695301407482475,4.825850880000001e-05,0.9580476,2.44,0.43,0.32,0.22,0.03,,,,,
2580,10567680,5588,23326.26982299381,14498.208333063361,4.39,2288.01,-0.012374918025670922,2006.7771061956882,1.038044699234888,4.8238438400000006e-05,0.9007208,2.44,0.43,0.32,0.22,0.03,,,,,
2581,10571776,5589,23519.22799759766,14619.507012061258,4.41,2302.72,-0.010334064128073805,5779.163106560707,1.0491663673892617,4.8218368000000005e-05,0.958274,2.44,0.43,0.32,0.22,0.03,,,,,
2582,10575872,5591,23545.742064836817,14611.04559630761,4.41,2295.9,-0.013265034606774861,1444.1079300194979,0.9517612879863009,4.8198297600000004e-05,0.96627903,2.45,0.43,0.32,0.22,0.03,,,,,
2583,10579968,5592,23955.620605306798,14853.136465172569,4.41,2332.09,-0.006675560704024974,14508.919400811195,1.0493277900386602,4.81782272e-05,0.9586544,2.41,0.44,0.32,0.21,0.03,,,,,
2584,10584064,5595,23075.876783109,14347.784822568681,4.4,2256.53,-0.011275912951077771,2375.5765932798386,1.030156924505718,4.81581568e-05,0.91208744,2.48,0.43,0.31,0.23,0.03,,,,,
2585,10588160,5596,23462.888806313596,14580.688022746232,4.4,2293.2,-0.016167310866876505,1493.5028166770935,1.0161878105718642,4.81380864e-05,0.96748585,2.44,0.44,0.31,0.22,0.03,,,,,
2586,10592256,5597,23597.161193293257,14660.01065142993,4.39,2310.99,-0.012711686489637941,1996.2944384217262,0.9836104327114299,4.8118016e-05,0.9193808,2.41,0.45,0.31,0.21,0.03,,,,,
2587,10596352,5600,23643.864476057915,14685.817655451294,4.4,2318.18,-0.015380586740320723,1549.77358430624,0.9735714929411188,4.80979456e-05,0.83401805,2.41,0.46,0.29,0.22,0.03,,,,,
2588,10600448,5601,23312.18224560865,14458.878181392767,4.35,2307.38,-0.01554071954342362,2049.846503406763,0.9222642540698871,4.80778752e-05,0.9287329,2.37,0.47,0.29,0.21,0.03,,,,,
2589,10604544,5602,23736.76675132183,14714.887968065312,4.37,2342.64,-0.009097231465602817,3843.4697125554085,0.9982991912402213,4.8057804799999996e-05,0.9402852,2.35,0.48,0.28,0.21,0.03,,,,,
2590,10608640,5603,24058.097774837213,14925.84070885262,4.38,2371.21,-0.010310547357221367,4638.619600176811,0.994441882125102,4.8037734399999995e-05,0.9353766,2.33,0.48,0.29,0.2,0.03,,,,,
2591,10612736,5604,24598.05091020754,15275.851825306077,4.4,2411.82,-0.01171493270476276,3492.2867038547993,1.0153141105547547,4.8017664e-05,0.96624005,2.31,0.48,0.3,0.19,0.03,,,,,
2592,10616832,5607,24854.661420404645,15416.308135233961,4.41,2426.96,-0.009647642540585366,2632.360432356596,0.9812996654072776,4.79975936e-05,0.9362299,2.31,0.47,0.32,0.18,0.03,,,,,
2593,10620928,5608,24434.267447851165,15145.206016869713,4.38,2398.65,-0.011723027520929463,1891.5378396958113,0.9857051887083799,4.79775232e-05,0.9471662,2.31,0.47,0.32,0.18,0.03,,,,,
2594,10625024,5611,24545.421473354938,15221.438047153883,4.4,2403.29,-0.014747550041647628,1223.2977232187986,1.0205325451679528,4.79574528e-05,0.9528115,2.33,0.45,0.34,0.19,0.02,,,,,
2595,10629120,5612,24492.062821382442,15203.820126039216,4.4,2398.77,-0.009251488564586907,2784.3440231978893,0.9572209934704006,4.79373824e-05,0.9499,2.34,0.44,0.35,0.19,0.02,,,,,
2596,10633216,5614,24420.440491033747,15165.136182344935,4.41,2385.89,-0.01458544932438599,805.6702471524477,1.0380569966509938,4.7917311999999996e-05,0.97942144,2.37,0.42,0.37,0.19,0.02,,,,,
2597,10637312,5616,24583.420657727052,15256.672148772597,4.44,2392.88,-0.013465508474837407,1031.2582910209894,0.9962768401019275,4.7897241599999994e-05,0.9659407,2.39,0.4,0.39,0.19,0.02,,,,,
2598,10641408,5617,24494.18372591991,15214.884755811909,4.43,2389.14,-0.011182631241354102,3524.401806294918,0.9766361783258617,4.7877171199999993e-05,0.9203432,2.38,0.4,0.39,0.19,0.02,,,,,
2599,10645504,5619,24439.806934732682,15139.416542876943,4.39,2390.99,-0.017427789969588048,1200.7093962430954,0.9872397521976382,4.785710079999999e-05,0.90645987,2.34,0.41,0.39,0.18,0.02,,,,,
2600,10649600,5623,24227.383027387867,15045.31359469547,4.43,2373.41,-0.013014652042329544,2398.5788780897856,0.9700599750503898,4.7837030400000005e-05,0.89935297,2.4,0.4,0.38,0.19,0.03,17688.32624830042,11303.445077311111,4.366666666666666,1773.7,0.0
2601,10653696,5624,23854.463172270014,14826.232323121825,4.42,2340.09,-0.012206565997985308,2587.983463048935,0.9836909825680777,4.7816960000000004e-05,0.9513914,2.43,0.39,0.38,0.2,0.03,,,,,
2602,10657792,5627,23450.825460368567,14562.622292070193,4.39,2307.54,-0.017965397506486624,1782.8368640691042,0.9809737377800047,4.77968896e-05,0.9388871,2.43,0.39,0.38,0.2,0.03,,,,,
2603,10661888,5628,23853.617709480648,14804.262153171134,4.42,2342.55,-0.010838783449798939,2345.999086678028,0.9710609068861231,4.77768192e-05,0.9687783,2.42,0.4,0.37,0.2,0.03,,,,,
2604,10665984,5629,24581.080909897024,15278.359866333463,4.47,2385.98,-0.0066467887209000764,45409.55178499222,1.0964754965389147,4.77567488e-05,0.9520596,2.43,0.4,0.37,0.2,0.03,,,,,
2605,10670080,5631,24621.96175842702,15295.413094940746,4.49,2388.16,-0.013352133502849028,1679.5897817015648,1.0359731988282874,4.77366784e-05,0.8960474,2.45,0.4,0.37,0.19,0.04,,,,,
2606,10674176,5631,24621.96175842702,15295.413094940746,4.49,2388.16,-0.011141788188979262,3705.091676771641,0.9177075378829613,4.7716608e-05,0.97612154,2.45,0.4,0.37,0.19,0.04,,,,,
2607,10678272,5634,24351.288301122222,15171.063648076315,4.45,2382.6,-0.011496542203985882,12582.877737760544,0.9799591336632147,4.7696537600000004e-05,0.93600535,2.42,0.4,0.38,0.19,0.03,,,,,
2608,10682368,5636,24784.573380303034,15417.41581999563,4.44,2426.65,-0.01615301813581027,667.971705198288,0.9445234952727333,4.76764672e-05,0.9714309,2.36,0.42,0.37,0.19,0.02,,,,,
2609,10686464,5636,24784.573380303034,15417.41581999563,4.44,2426.65,-0.007617549228598364,3755.023323893547,0.9394890365656465,4.76563968e-05,0.9583172,2.36,0.42,0.37,0.19,0.02,,,,,
2610,10690560,5638,25329.37582367123,15742.194887934433,4.45,2471.56,-0.010531324180192314,5950.34091848135,0.9983704286860302,4.76363264e-05,0.95184225,2.32,0.43,0.37,0.18,0.02,,,,,
2611,10694656,5640,25257.781198465804,15703.333116110276,4.46,2461.85,-0.008451189362858713,4434.806283175945,0.9620734264608473,4.7616256e-05,0.92114866,2.34,0.42,0.37,0.19,0.02,,,,,
2612,10698752,5641,25312.82434782349,15739.626564315515,4.47,2463.58,-0.01209133664269757,2357.0777654349804,0.9429691638797522,4.75961856e-05,0.9383632,2.35,0.41,0.38,0.19,0.02,,,,,
2613,10702848,5643,25080.968874431343,15617.38904486896,4.45,2458.68,-0.015987390382179,1710.441278114915,0.9837341401726007,4.75761152e-05,0.8977113,2.33,0.42,0.37,0.19,0.02,,,,,
2614,10706944,5644,25508.788534681265,15864.58884367233,4.48,2487.69,-0.011097569349658443,1667.1077136099339,0.872511258115992,4.7556044799999997e-05,0.9753388,2.33,0.42,0.37,0.19,0.02,,,,,
2615,10711040,5647,25169.645526572032,15656.596618655822,4.45,2462.11,-0.012966090838745004,2754.016116589308,0.9538271240890026,4.7535974399999995e-05,0.6035181,2.33,0.42,0.36,0.2,0.02,,,,,
2616,10715136,5649,24823.514547014995,15437.140263061463,4.44,2436.91,-0.01461062757516629,894.3952116966248,0.9503644104115665,4.7515903999999994e-05,0.9710486,2.35,0.41,0.36,0.21,0.02,,,,,
2617,10719232,5649,24823.514547014995,15437.140263061463,4.44,2436.91,-0.008080981025159417,6024.653054267168,1.0137081277789548,4.749583359999999e-05,0.9641507,2.35,0.41,0.36,0.21,0.02,,,,,
2618,10723328,5652,25209.962576069916,15694.885201915538,4.42,2459.99,-0.011733425042621093,14640.818352848291,0.972563881194219,4.747576319999999e-05,0.936193,2.31,0.42,0.36,0.2,0.02,,,,,
2619,10727424,5655,25344.16411221947,15774.127089935884,4.39,2481.03,-0.012229838117491454,3649.9984139055014,1.0246433805441484,4.74556928e-05,0.8216232,2.26,0.43,0.36,0.19,0.02,,,,,
2620,10731520,5656,25746.775838301684,16010.43410653444,4.4,2517.54,-0.011629181630269159,1656.343430787325,0.9615939275827259,4.74356224e-05,0.95855725,2.23,0.44,0.36,0.18,0.02,,,,,
2621,10735616,5656,25746.775838301684,16010.43410653444,4.4,2517.54,-0.009018931025821075,2180.6763301193714,0.9763804940739647,4.7415551999999996e-05,0.9501901,2.23,0.44,0.36,0.18,0.02,,,,,
2622,10739712,5657,26137.324395094016,16260.666519143495,4.43,2548.78,-0.007247800443110464,5970.262876778841,0.9575966005213559,4.73954816e-05,0.9497733,2.23,0.44,0.36,0.18,0.02,,,,,
2623,10743808,5659,26156.9985494313,16295.777325293031,4.44,2543.21,-0.005223673333603074,11983.37757524848,0.9276573256356642,4.737541120000001e-05,0.111269,2.25,0.43,0.37,0.18,0.02,,,,,
2624,10747904,5661,26274.90695762013,16363.083297067042,4.45,2551.83,-0.009653061587414413,2183.1725409328938,0.9927158688660711,4.7355340800000006e-05,0.91698754,2.25,0.44,0.36,0.18,0.02,,,,,
2625,10752000,5663,26299.95588758273,16385.243586512246,4.44,2558.59,-0.011600751389778452,3479.25239482522,0.9823870540130883,4.7335270400000005e-05,0.9126252,2.24,0.44,0.37,0.17,0.02,28223.072973647944,17958.050827325704,5.133333333333334,2515.6,0.0
2626,10756096,5664,26538.314351875502,16538.44495235472,4.43,2584.11,-0.018473552980140084,3159.9478917121887,0.8903241197112948,4.7315200000000004e-05,0.8720027,2.2,0.45,0.37,0.16,0.02,,,,,
2627,10760192,5667,26454.098905014253,16479.21701368849,4.44,2570.83,-0.0125646599844913,1462.380239456892,0.9962726632365957,4.72951296e-05,0.9413551,2.21,0.45,0.36,0.17,0.02,,,,,
2628,10764288,5669,26134.421422285646,16265.129654584975,4.4,2544.13,-0.013881406189284462,1424.0519953668118,0.9324674776289612,4.72750592e-05,0.8827149,2.2,0.46,0.35,0.17,0.02,,,,,
2629,10768384,5670,26247.107145882124,16333.394328051834,4.38,2557.12,-0.0149841987167747,1132.8250038027763,0.9366695672506467,4.72549888e-05,0.96769905,2.16,0.47,0.35,0.16,0.02,,,,,
2630,10772480,5671,26856.521477645358,16723.92351369725,4.43,2601.09,-0.0072692336134423385,8506.05641311407,0.9690977697027847,4.72349184e-05,0.92856216,2.16,0.47,0.35,0.16,0.02,,,,,
2631,10776576,5673,26772.441260191263,16660.570703279016,4.41,2599.91,-0.009123429926148674,5026.798023074865,0.9587137645576149,4.7214848e-05,0.8347272,2.14,0.48,0.34,0.16,0.02,,,,,
2632,10780672,5675,25722.66258815679,15980.310638135374,4.34,2535.94,-0.014569330910489953,1931.2672104537487,1.0576090891845524,4.71947776e-05,0.9526447,2.14,0.49,0.32,0.17,0.02,,,,,
2633,10784768,5677,25799.78734533881,16040.009067116913,4.36,2531.93,-0.012569871483719908,2222.3604964464903,1.0414529796689749,4.7174707199999996e-05,0.91493577,2.16,0.48,0.33,0.17,0.02,,,,,
2634,10788864,5678,25986.605002520006,16142.075192656781,4.38,2539.57,-0.010997005952958716,1633.9905799627304,0.9987841271795332,4.7154636799999995e-05,0.9600966,2.17,0.47,0.34,0.17,0.02,,,,,
2635,10792960,5681,25765.11565264393,16023.139008776216,4.41,2513.59,-0.010146462619559315,4000.442891716957,0.9366392508381978,4.71345664e-05,0.9536395,2.23,0.46,0.33,0.19,0.02,,,,,
2636,10797056,5682,25749.945658374032,16044.753636177165,4.44,2503.48,-0.007898189654952148,18232.91853272915,0.982134674442932,4.7114496e-05,0.9192645,2.28,0.45,0.33,0.19,0.03,,,,,
2637,10801152,5683,25865.28437541236,16129.63792392937,4.46,2510.68,-0.01047572951301845,2495.0603085160255,0.9699332490563393,4.70944256e-05,0.9652522,2.3,0.44,0.34,0.19,0.03,,,,,
2638,10805248,5685,25867.061225689853,16152.096183767806,4.49,2492.85,-0.011114698099845555,5743.997039794922,0.9479645992396399,4.70743552e-05,0.96200264,2.35,0.42,0.35,0.2,0.03,,,,,
2639,10809344,5687,25398.556748570303,15859.857516068992,4.45,2455.17,-0.010908356348409143,2137.845829129219,0.8932646687608212,4.70542848e-05,0.90658027,2.35,0.42,0.35,0.2,0.03,,,,,
2640,10813440,5688,25676.178978935684,16046.355228635075,4.48,2473.07,-0.008465433959827351,7522.935634076595,1.0384652009233832,4.7034214399999996e-05,0.8967059,2.37,0.41,0.36,0.2,0.03,,,,,
2641,10817536,5689,25776.243670485925,16111.905850076564,4.49,2476.72,-0.01112155792361591,2851.2538011968136,0.9704269947251305,4.7014143999999995e-05,0.9470381,2.38,0.4,0.37,0.2,0.03,,,,,
2642,10821632,5691,25583.397381102805,15984.317584968267,4.45,2473.77,-0.012901047791274323,2705.9227769970894,0.967943832394667,4.6994073599999994e-05,0.91338694,2.34,0.41,0.37,0.19,0.03,,,,,
2643,10825728,5692,25504.767050372757,15948.45647821079,4.45,2466.98,-0.01528794938349165,1424.737823188305,0.9794735392788425,4.697400319999999e-05,0.9695385,2.35,0.4,0.38,0.19,0.03,,,,,
2644,10829824,5694,25513.759731137012,15920.982459118257,4.43,2473.93,-0.009274859087781806,1885.2993755191565,1.0201091810595244,4.6953932800000005e-05,0.9678939,2.32,0.4,0.39,0.18,0.03,,,,,
2645,10833920,5694,25513.759731137012,15920.982459118257,4.43,2473.93,-0.013077456274004362,2075.1923440098763,0.9244608760345727,4.6933862400000004e-05,0.95641506,2.32,0.4,0.39,0.18,0.03,,,,,
2646,10838016,5697,25587.175099443946,15991.728997549264,4.45,2475.69,-0.011404249504266772,5782.415965229273,0.9731402611359954,4.6913792e-05,0.8817555,2.34,0.39,0.4,0.17,0.04,,,,,
2647,10842112,5699,25496.984554011047,15925.28332684683,4.44,2465.31,-0.01766715449230105,635.1641069352627,0.9261486841132864,4.68937216e-05,0.96058124,2.34,0.39,0.4,0.17,0.04,,,,,
2648,10846208,5701,25607.19431478939,15982.128385931985,4.47,2465.91,-0.012070774519088445,1602.2979232817888,1.0012753936462104,4.68736512e-05,0.96096843,2.37,0.38,0.4,0.18,0.04,,,,,
2649,10850304,5703,25080.269251639875,15644.300492832503,4.45,2421.23,-0.014796227687838837,1577.9907675683498,0.9542171459179372,4.68535808e-05,0.96729386,2.4,0.37,0.4,0.19,0.04,,,,,
2650,10854400,5706,24532.048836876143,15291.322354986858,4.38,2388.48,-0.011453305443865247,2661.0478997677565,0.9555364078842103,4.68335104e-05,0.76552176,2.36,0.39,0.38,0.19,0.04,21920.62629386261,13760.020148793514,4.733333333333333,2096.9,0.0
2651,10858496,5708,24376.216955615837,15199.07090636927,4.37,2377.63,-0.010987111776557867,1396.9982941001654,0.9298810180043802,4.6813440000000004e-05,0.8126162,2.37,0.39,0.37,0.2,0.04,,,,,
2652,10862592,5708,24376.216955615837,15199.07090636927,4.37,2377.63,-0.01012451712085749,3966.7810101807117,0.9908483712933958,4.67933696e-05,0.92083794,2.37,0.39,0.37,0.2,0.04,,,,,
2653,10866688,5709,24738.553789273836,15415.4694320205,4.39,2407.51,-0.01275310423625342,1914.2391846776009,0.9650709019042552,4.67732992e-05,0.9542191,2.36,0.4,0.36,0.2,0.04,,,,,
2654,10870784,5710,25518.57098636187,15915.7189310305,4.43,2465.87,-0.00624527044055867,17762.3089132905,0.9853654771577567,4.67532288e-05,0.9574698,2.34,0.41,0.35,0.2,0.04,,,,,
2655,10874880,5711,25668.28676801501,15997.98115230729,4.41,2482.09,-0.013134625220118323,949.6057462841272,0.9224064742447808,4.67331584e-05,0.92630655,2.3,0.42,0.35,0.19,0.04,,,,,
2656,10878976,5712,25884.487307818403,16131.07679795196,4.42,2499.46,-0.01038838029398903,4642.822795957327,1.008565922267735,4.6713088e-05,0.9590806,2.29,0.43,0.34,0.19,0.04,,,,,
2657,10883072,5713,25909.425310551633,16159.158720662543,4.43,2498.37,-0.011585647729589255,2530.7299798429012,0.987104892032221,4.66930176e-05,0.9662415,2.3,0.43,0.34,0.19,0.04,,,,,
2658,10887168,5716,25918.735312430217,16181.189509012838,4.46,2500.12,-0.014272868662374094,2787.4211336374283,1.0163753202650696,4.66729472e-05,0.88864434,2.33,0.43,0.33,0.19,0.05,,,,,
2659,10891264,5717,25841.83966957861,16131.028275907121,4.46,2490.75,-0.008930525527830468,3288.729658395052,0.9424533111741766,4.6652876799999996e-05,0.93653655,2.34,0.43,0.33,0.19,0.05,,,,,
2660,10895360,5718,25875.495836752398,16148.346568521298,4.46,2494.08,-0.010930545871815411,1664.3679736554623,0.941785819362849,4.6632806399999995e-05,0.97526443,2.33,0.44,0.32,0.19,0.05,,,,,
2661,10899456,5721,26236.14943100622,16363.137736324295,4.47,2516.53,-0.012182815822598059,1831.396190136671,0.941571680130437,4.6612735999999993e-05,0.7630177,2.32,0.42,0.35,0.19,0.04,,,,,
2662,10903552,5724,26398.743575994136,16439.355164466786,4.43,2534.63,-0.01362846295342024,775.1909763365984,0.933442113455385,4.659266559999999e-05,0.952223,2.26,0.44,0.35,0.17,0.04,,,,,
2663,10907648,5726,26291.710370596247,16390.130121832983,4.42,2528.52,-0.009412887352482358,2561.8347183912992,0.9705464408034459,4.65725952e-05,0.9180027,2.26,0.44,0.35,0.17,0.04,,,,,
2664,10911744,5727,26600.336034135296,16587.198757073602,4.44,2555.19,-0.014028837023943197,2542.0172789394855,0.9369599797064438,4.65525248e-05,0.932897,2.25,0.44,0.35,0.17,0.04,,,,,
2665,10915840,5729,25785.01163396875,16057.392827526382,4.41,2497.98,-0.011212703461751516,3781.7848368883133,1.0137700490886346,4.6532454399999996e-05,0.95271134,2.27,0.44,0.34,0.18,0.04,,,,,
2666,10919936,5730,25655.25718113536,15989.324213592829,4.4,2486.55,-0.011649037576717092,5157.772231668234,0.9755183882080019,4.6512383999999995e-05,0.94426566,2.27,0.44,0.34,0.18,0.04,,,,,
2667,10924032,5732,25395.81223911882,15819.498522075282,4.36,2475.93,-0.016996650065266294,1219.6600951701403,0.9939202931709588,4.649231360000001e-05,0.96119106,2.23,0.45,0.33,0.19,0.03,,,,,
2668,10928128,5733,25528.086323802738,15896.606052672998,4.35,2487.84,-0.01090561266119039,2758.925211697817,0.9482107816729695,4.6472243200000006e-05,0.9245543,2.21,0.45,0.34,0.18,0.03,,,,,
2669,10932224,5735,25791.951483882294,16059.420929305588,4.38,2508.48,-0.011110592815384734,1730.7214796245098,0.973818983300589,4.6452172800000005e-05,0.95660806,2.22,0.45,0.34,0.18,0.03,,,,,
2670,10936320,5737,25361.00777546,15781.79524562671,4.35,2476.93,-0.005189454795981874,8352.03116285801,0.9112130840076134,4.6432102400000004e-05,0.62100196,2.23,0.44,0.35,0.18,0.03,,,,,
2671,10940416,5738,25397.851519003045,15805.49634162333,4.32,2488.87,-0.012205522814838332,2779.4629219174385,0.864618570310995,4.6412032e-05,0.84796184,2.19,0.45,0.35,0.17,0.03,,,,,
2672,10944512,5740,25312.97452958034,15753.83815046073,4.29,2492.32,-0.016816056177503924,1328.3731124848127,0.9946393184363842,4.63919616e-05,0.8876352,2.16,0.46,0.35,0.16,0.03,,,,,
2673,10948608,5742,25187.077176527026,15662.451059770348,4.27,2483.43,-0.013900862116315693,900.9734371304512,0.9954902622848749,4.63718912e-05,0.9294837,2.15,0.47,0.34,0.16,0.03,,,,,
2674,10952704,5743,25457.159500177302,15821.977768713714,4.29,2502.35,-0.009774071606443613,3347.395193308592,0.9117149972589687,4.63518208e-05,0.94489807,2.15,0.47,0.34,0.16,0.03,,,,,
2675,10956800,5743,25457.159500177302,15821.977768713714,4.29,2502.35,-0.01191655903494393,1551.3836338818073,0.956067927298136,4.63317504e-05,0.97803044,2.15,0.47,0.34,0.16,0.03,21600.767537221665,13426.46365126851,4.633333333333334,2034.6666666666667,0.0
2676,10960896,5745,25790.132112092775,16031.476778523733,4.31,2532.91,-0.009230851850588806,4825.1180542856455,0.9247222156263888,4.631168e-05,0.8995917,2.14,0.48,0.33,0.16,0.03,,,,,
2677,10964992,5747,25699.311963992015,15983.766689529491,4.29,2525.26,-0.009320284847490257,1876.157743141055,0.9144785654498264,4.62916096e-05,0.8183653,2.13,0.48,0.34,0.15,0.03,,,,,
2678,10969088,5748,26109.885418834718,16243.74387744209,4.3,2563.86,-0.008544443277060054,5262.935162425041,0.9612393246497959,4.6271539199999996e-05,0.9102917,2.1,0.49,0.34,0.14,0.03,,,,,
2679,10973184,5749,26164.37317065884,16284.09340590781,4.3,2571.56,-0.011744215697945037,2667.1338019669056,0.9176310283364728,4.62514688e-05,0.9002803,2.09,0.5,0.33,0.14,0.03,,,,,
2680,10977280,5753,25397.54142689665,15786.501263286766,4.32,2516.39,-0.016132330223626923,1382.163088515401,0.9588271928951144,4.62313984e-05,0.77322924,2.17,0.49,0.32,0.15,0.04,,,,,
2681,10981376,5756,25090.63175501934,15620.109161299313,4.32,2487.6,-0.012919005327603372,2932.651241570711,0.990012519294396,4.6211328e-05,0.94513655,2.2,0.48,0.32,0.16,0.04,,,,,
2682,10985472,5759,24380.771897976563,15150.028217925641,4.26,2430.78,-0.011902355512575014,2108.7960280179977,0.9930980118224397,4.61912576e-05,0.84144324,2.19,0.48,0.32,0.16,0.04,,,,,
2683,10989568,5760,24423.508380283653,15179.078968996553,4.27,2431.78,-0.011681491827403079,2303.7943978607655,1.0442804634803906,4.61711872e-05,0.9236469,2.2,0.47,0.33,0.16,0.04,,,,,
2684,10993664,5761,24570.944532398098,15277.690676855902,4.26,2448.29,-0.011293547381683311,2861.4811362326145,0.9823744515888393,4.6151116799999996e-05,0.9401304,2.17,0.47,0.34,0.15,0.04,,,,,
2685,10997760,5763,24776.49842591188,15412.492474657169,4.28,2456.03,-0.010410457109173876,4508.60474050045,0.9549771926831454,4.6131046399999995e-05,0.9658552,2.18,0.46,0.35,0.15,0.04,,,,,
2686,11001856,5764,24682.089504026655,15352.869113405346,4.27,2448.76,-0.014400396809833182,1312.2379573881626,0.9531840466661379,4.6110975999999994e-05,0.88173854,2.18,0.46,0.35,0.15,0.04,,,,,
2687,11005952,5766,25162.26254915639,15668.960626734428,4.32,2483.96,-0.008781524982623523,17685.265607446432,0.9659755789907649,4.609090559999999e-05,0.9279193,2.2,0.46,0.35,0.14,0.05,,,,,
2688,11010048,5767,25243.34900569249,15731.500601016216,4.33,2490.5,-0.013788227337499848,1762.734569877386,0.9434394934214652,4.607083519999999e-05,0.95968175,2.21,0.45,0.36,0.14,0.05,,,,,
2689,11014144,5769,25204.218419836983,15714.94444829327,4.35,2486.43,-0.008403429217651137,10103.005845755339,0.9786488504614681,4.6050764800000004e-05,0.91742706,2.24,0.44,0.36,0.15,0.05,,,,,
2690,11018240,5771,25078.752046863683,15646.006881625064,4.36,2474.06,-0.009411125602127868,5114.08322507143,0.9610093308147043,4.60306944e-05,0.89579463,2.27,0.42,0.38,0.15,0.05,,,,,
2691,11022336,5773,24871.03865598214,15516.637669010563,4.35,2451.03,-0.014260691031267925,1079.5545450150967,0.943707692087628,4.6010624e-05,0.95124966,2.28,0.41,0.39,0.15,0.05,,,,,
2692,11026432,5775,25036.574827029042,15622.373781285833,4.33,2471.69,-0.00958764432289172,8289.951064497232,1.0145851704292,4.59905536e-05,0.41830516,2.24,0.42,0.39,0.14,0.05,,,,,
2693,11030528,5776,24760.717634185214,15459.30623563179,4.32,2452.18,-0.010803357019540272,3020.36023452878,0.9951932996045798,4.59704832e-05,0.91608804,2.25,0.42,0.38,0.15,0.05,,,,,
2694,11034624,5779,24349.440213188376,15203.422964187095,4.3,2424.43,-0.01347356296810176,1694.0078693330288,0.9185946146026254,4.59504128e-05,0.9435143,2.26,0.43,0.36,0.16,0.05,,,,,
2695,11038720,5781,24380.606868836177,15211.299701037893,4.26,2427.36,-0.013966842117042688,1185.4196522533894,0.9496032068273053,4.5930342400000004e-05,0.9636791,2.22,0.43,0.38,0.14,0.05,,,,,
2696,11042816,5783,24458.74905072771,15203.779487166355,4.22,2440.84,-0.009690913844679017,1343.1820553839207,0.9916438390500844,4.5910272e-05,0.96718866,2.15,0.45,0.37,0.14,0.04,,,,,
2697,11046912,5784,24364.59941059822,15150.46831509331,4.21,2441.68,-0.009852977884293068,4392.391394913197,0.987820886191912,4.58902016e-05,0.94176173,2.14,0.45,0.37,0.14,0.04,,,,,
2698,11051008,5787,24063.789421473444,14965.451605596267,4.19,2414.76,-0.013993012476475997,997.672527462244,0.8933218631427735,4.58701312e-05,0.7666682,2.15,0.45,0.37,0.14,0.04,,,,,
2699,11055104,5788,24064.676871632713,14942.570593266,4.18,2419.23,-0.017814101720432518,668.2420668005943,0.9415990391280502,4.58500608e-05,0.97958446,2.13,0.46,0.36,0.14,0.04,,,,,
2700,11059200,5790,23908.754250209626,14851.277871197026,4.18,2408.65,-0.00962490048550535,4596.3320132792,0.977334724040702,4.58299904e-05,0.9207741,2.14,0.46,0.36,0.14,0.04,23072.434301966416,14506.456681402296,4.7,2144.9666666666667,0.0
2701,11063296,5793,23165.94939611776,14401.758722200655,4.12,2357.03,-0.011086803244324983,2669.9743433892727,0.9283161829225719,4.580992e-05,0.72660154,2.14,0.48,0.33,0.15,0.04,,,,,
2702,11067392,5794,23126.97187143243,14376.313863415822,4.11,2356.86,-0.01707992952378845,734.6308013349771,0.9459816843736917,4.57898496e-05,0.9477043,2.13,0.49,0.32,0.15,0.04,,,,,
2703,11071488,5796,22697.40451323505,14089.175505664554,4.07,2323.75,-0.006438508969949908,2767.0482352375984,0.9673091659788042,4.5769779199999996e-05,0.8027101,2.12,0.5,0.31,0.15,0.04,,,,,
2704,11075584,5799,23000.43105322709,14270.399779012607,4.07,2346.52,-0.0077811962910345756,7250.72056183219,1.0145967681892216,4.5749708799999995e-05,0.8410292,2.09,0.5,0.32,0.15,0.03,,,,,
2705,11079680,5801,23049.400600779274,14336.005445398867,4.07,2354.92,-0.006251267298466701,9237.73414722085,0.9859233781462535,4.5729638399999994e-05,0.7378497,2.09,0.49,0.34,0.14,0.03,,,,,
2706,11083776,5802,22945.197268788972,14273.518690863937,4.07,2343.13,-0.01195771051243355,3163.5679059028625,0.9223526547430083,4.570956799999999e-05,0.8783943,2.1,0.49,0.34,0.14,0.03,,,,,
2707,11087872,5804,22987.450565129297,14305.035529456669,4.06,2350.02,-0.013713212034417666,2283.0611056685448,0.9424150309059769,4.56894976e-05,0.80182374,2.08,0.49,0.35,0.13,0.03,,,,,
2708,11091968,5805,23274.998806137315,14493.323438503166,4.09,2374.61,-0.010204337269897223,2892.470798790455,0.9887241921387613,4.56694272e-05,0.9437369,2.08,0.49,0.35,0.13,0.03,,,,,
2709,11096064,5807,23568.217977571087,14687.103475538766,4.13,2391.76,-0.008503430490236497,4583.224879384041,0.9549107077764347,4.5649356799999996e-05,0.94866234,2.1,0.48,0.36,0.13,0.03,,,,,
2710,11100160,5807,23568.217977571087,14687.103475538766,4.13,2391.76,-0.01116540869770688,1682.2208045125008,1.013652561348863,4.5629286399999995e-05,0.9583438,2.1,0.48,0.36,0.13,0.03,,,,,
2711,11104256,5812,22071.362834222295,13723.492736819291,4.12,2259.77,-0.016492703007315868,1142.6040453314781,0.9966891621006653,4.560921600000001e-05,0.9770979,2.22,0.45,0.36,0.16,0.03,,,,,
2712,11108352,5814,21722.387903450403,13492.925360666344,4.08,2234.01,-0.016455818815302337,1537.3771491646767,0.9547029004897922,4.5589145600000006e-05,0.94416773,2.2,0.46,0.35,0.16,0.03,,,,,
2713,11112448,5815,21819.38765700368,13532.825899697926,4.08,2243.46,-0.012588403804329573,1462.4612189233303,0.9327651297207922,4.5569075200000005e-05,0.8991438,2.19,0.47,0.34,0.16,0.03,,,,,
2714,11116544,5817,21890.84066820251,13563.775861237656,4.06,2253.86,-0.010640009139933682,3245.438356459141,0.9504683113191277,4.5549004800000004e-05,0.9366305,2.16,0.48,0.33,0.17,0.02,,,,,
2715,11120640,5819,21578.966844567596,13378.403592834227,4.04,2230.66,-0.016011163093935465,1569.1602464914322,0.9663637633202597,4.55289344e-05,0.9597492,2.17,0.47,0.34,0.17,0.02,,,,,
2716,11124736,5820,21832.162262727485,13541.638302186988,4.06,2251.3,-0.00608548224408878,8244.44203364849,0.9836254334077239,4.5508864e-05,0.73838425,2.17,0.47,0.34,0.17,0.02,,,,,
2717,11128832,5821,22394.738655705365,13878.442690335312,4.09,2296.59,-0.013791482781016384,1299.8170413076878,0.8849828710081056,4.54887936e-05,0.97338146,2.15,0.48,0.33,0.17,0.02,,,,,
2718,11132928,5822,22729.535283245663,14077.883256298664,4.12,2323.94,-0.01024503757344064,1795.1471965014935,0.9972299603978172,4.54687232e-05,0.9651957,2.15,0.48,0.33,0.17,0.02,,,,,
2719,11137024,5823,22989.318436589147,14258.607366065171,4.15,2343.76,-0.011491243823911645,4165.895934283733,0.9753459391649812,4.54486528e-05,0.91129667,2.16,0.48,0.32,0.18,0.02,,,,,
2720,11141120,5825,23243.34215990479,14435.325761574106,4.17,2357.55,-0.006805044113207259,6032.564123928547,1.0250370088033378,4.54285824e-05,0.93891543,2.16,0.47,0.34,0.17,0.02,,,,,
2721,11145216,5828,22544.61911604096,14024.40094694369,4.17,2296.51,-0.010827774749486707,6764.26407456398,1.0083071547560394,4.5408512e-05,0.90237653,2.23,0.46,0.33,0.18,0.03,,,,,
2722,11149312,5831,22247.381548390025,13824.028262809583,4.09,2276.3,-0.011119163576950086,2404.731052622199,0.9176049204543233,4.5388441599999996e-05,0.8466201,2.18,0.47,0.34,0.16,0.03,,,,,
2723,11153408,5832,22204.230368037,13797.042405849927,4.1,2267.43,-0.010788957029035373,1756.2723921835423,0.9325391020392999,4.53683712e-05,0.9570696,2.2,0.46,0.35,0.16,0.03,,,,,
2724,11157504,5833,22815.68560090832,14178.014412490778,4.13,2316.7,-0.007034910828224383,9938.173546433449,0.9795645716367289,4.53483008e-05,0.9268052,2.18,0.47,0.34,0.16,0.03,,,,,
2725,11161600,5835,22823.889637927186,14197.401727926415,4.15,2313.65,-0.01135497672476049,3502.7499791383743,1.0373570646625012,4.53282304e-05,0.91738206,2.2,0.46,0.34,0.17,0.03,23236.121116494985,14535.613772919234,4.766666666666667,2138.9333333333334,0.0
2726,11165696,5835,22823.889637927186,14197.401727926415,4.15,2313.65,-0.01032805296472361,3653.626551568508,0.9953517430694774,4.530816e-05,0.9494663,2.2,0.46,0.34,0.17,0.03,,,,,
2727,11169792,5836,23247.112397957033,14475.348768776996,4.18,2336.75,-0.0076398347428039415,14609.24527785182,1.0090421485947445,4.52880896e-05,0.9216196,2.2,0.46,0.34,0.17,0.03,,,,,
2728,11173888,5839,23202.747260903678,14442.26795097579,4.2,2326.3,-0.011949184092372889,3099.027417868376,0.9819915720727295,4.5268019199999996e-05,0.93087703,2.23,0.45,0.35,0.17,0.03,,,,,
2729,11177984,5840,23486.61428448417,14610.42090258822,4.22,2350.91,-0.00959397321275901,2092.6594432890415,0.945296295452863,4.5247948799999995e-05,0.95317864,2.22,0.46,0.34,0.17,0.03,,,,,
2730,11182080,5843,22849.643445115293,14238.731028228427,4.19,2297.39,-0.011513458537592669,2450.630414277315,0.9434327883645892,4.5227878399999994e-05,0.83212227,2.25,0.45,0.34,0.18,0.03,,,,,
2731,11186176,5843,22849.643445115293,14238.731028228427,4.19,2297.39,-0.013247751123344642,1479.5457315444946,0.928557031438686,4.520780799999999e-05,0.9577952,2.25,0.45,0.34,0.18,0.03,,,,,
2732,11190272,5844,22654.524322876594,14113.99220481203,4.18,2281.77,-0.010241076519378112,3688.862014144659,1.0012290630256757,4.518773759999999e-05,0.94210374,2.25,0.45,0.34,0.18,0.03,,,,,
2733,11194368,5845,23009.74122039767,14345.390051226886,4.21,2308.89,-0.009903870164635009,3298.221633821726,0.9082579825771973,4.516766719999999e-05,0.97473097,2.25,0.45,0.34,0.18,0.03,,,,,
2734,11198464,5848,22804.731281339875,14198.730569800495,4.23,2287.72,-0.0143158965429393,586.3026741743088,0.9280569283291698,4.51475968e-05,0.9718442,2.28,0.44,0.34,0.19,0.03,,,,,
2735,11202560,5851,22710.404520068532,14146.048297505351,4.21,2277.12,-0.01407363074758905,2689.701363712549,0.9660427803173661,4.51275264e-05,0.9355021,2.26,0.43,0.36,0.18,0.03,,,,,
2736,11206656,5852,22830.665759100913,14226.735147729685,4.23,2287.57,-0.013258278256216727,1063.731276422739,0.9999125074828044,4.5107456e-05,0.9736404,2.27,0.42,0.37,0.18,0.03,,,,,
2737,11210752,5855,23074.87825805077,14365.08963339026,4.19,2311.05,-0.015079485735441267,2250.157214820385,0.9897240235004574,4.50873856e-05,0.9515215,2.2,0.43,0.38,0.17,0.02,,,,,
2738,11214848,5857,23274.087501623486,14485.829934123954,4.2,2329.32,-0.011820286542388203,1461.3757568001747,0.9562508119270205,4.50673152e-05,0.9162364,2.19,0.43,0.39,0.16,0.02,,,,,
2739,11218944,5859,23294.322162821234,14508.896578520887,4.23,2325.23,-0.010966531431222393,2188.590246245265,0.9632685871329159,4.5047244800000005e-05,0.95485175,2.23,0.42,0.39,0.17,0.02,,,,,
2740,11223040,5860,23273.29592183444,14498.427680480958,4.22,2327.06,-0.013934442476056574,1366.811308145523,0.9821192319504917,4.5027174400000003e-05,0.9525749,2.22,0.43,0.38,0.17,0.02,,,,,
2741,11227136,5861,23241.05310055938,14468.408021933148,4.21,2329.48,-0.011127351288450882,974.5331682413816,0.9456988450838253,4.5007104e-05,0.97283965,2.21,0.44,0.37,0.17,0.02,,,,,
2742,11231232,5862,23128.15929799011,14394.254399426758,4.2,2325.28,-0.009580244462995324,3642.5711819827557,1.0203603549161926,4.49870336e-05,0.94661874,2.2,0.45,0.36,0.17,0.02,,,,,
2743,11235328,5864,23451.966490058825,14601.703027759953,4.22,2355.26,-0.010190026250711526,2164.300958275795,1.0189010370522738,4.49669632e-05,0.95994276,2.19,0.45,0.36,0.17,0.02,,,,,
2744,11239424,5864,23451.966490058825,14601.703027759953,4.22,2355.26,-0.008998653454000305,5913.2966558635235,1.0269326743436977,4.49468928e-05,0.9584432,2.19,0.45,0.36,0.17,0.02,,,,,
2745,11243520,5865,23956.79524969456,14925.636056636366,4.26,2379.68,-0.008795361297416093,10467.970403641462,0.9714599474100396,4.49268224e-05,0.97332305,2.21,0.44,0.37,0.17,0.02,,,,,
2746,11247616,5867,23685.440115743477,14763.673172497582,4.22,2366.13,-0.014297936160801328,2961.8685473501682,1.0790761696407571,4.4906752e-05,0.91801256,2.18,0.44,0.38,0.17,0.01,,,,,
2747,11251712,5867,23685.440115743477,14763.673172497582,4.22,2366.13,-0.008927568603212421,11734.195043861866,1.0406891871243715,4.4886681599999996e-05,0.9731292,2.18,0.44,0.38,0.17,0.01,,,,,
2748,11255808,5871,23760.3620207304,14806.756623649715,4.27,2359.42,-0.014441655138398346,2852.8843083381653,0.9931031870655715,4.4866611199999995e-05,0.8884172,2.24,0.43,0.38,0.17,0.02,,,,,
2749,11259904,5873,23932.427083600094,14918.099319425555,4.28,2376.37,-0.014435223105465411,1971.0822360813618,0.9304063983727247,4.4846540799999994e-05,0.9066526,2.23,0.44,0.37,0.17,0.02,,,,,
2750,11264000,5874,23847.905990562853,14860.798819890315,4.27,2366.84,-0.012889622561488068,2368.4194662868977,0.9876420735381544,4.482647039999999e-05,0.9530061,2.23,0.44,0.37,0.17,0.02,22949.5144067247,14365.767498827277,4.766666666666667,2141.5666666666666,0.0
2751,11268096,5876,24331.796532848068,15143.874844802252,4.31,2396.24,-0.0090253597645642,4246.8223042190075,0.9422344985650852,4.48064e-05,0.96507096,2.23,0.44,0.37,0.17,0.02,,,,,
2752,11272192,5877,24328.378056426078,15151.634125712835,4.31,2395.13,-0.008478817695959151,3773.516034990549,0.9695753586711362,4.47863296e-05,0.94067186,2.23,0.44,0.37,0.17,0.02,,,,,
2753,11276288,5879,24366.0600378267,15192.814952353745,4.32,2396.53,-0.008426614175732539,5026.34911352396,0.9831565584754571,4.4766259199999996e-05,0.7617312,2.24,0.43,0.39,0.16,0.02,,,,,
2754,11280384,5882,24086.076812816267,15050.561119959002,4.29,2383.55,-0.010567023896328465,5372.473273575306,0.9517023175721988,4.4746188799999995e-05,0.8781875,2.23,0.43,0.39,0.16,0.02,,,,,
2755,11284480,5884,23968.93644375321,15007.812965796396,4.33,2365.15,-0.00878622980462751,9230.130603015423,0.9830252452520654,4.4726118399999994e-05,0.95239437,2.29,0.42,0.39,0.16,0.03,,,,,
2756,11288576,5887,24173.36707811189,15133.19131220023,4.34,2385.38,-0.01593603873379834,1482.9529684782028,0.9953092444920912,4.470604800000001e-05,0.9332345,2.27,0.43,0.38,0.16,0.03,,,,,
2757,11292672,5889,23789.956800641503,14889.885385557092,4.32,2346.15,-0.007993480810910114,2329.9284907877445,0.9319908110192046,4.4685977600000006e-05,0.96027863,2.29,0.41,0.4,0.16,0.03,,,,,
2758,11296768,5890,24002.12385827833,15015.024619479336,4.33,2365.26,-0.013910670213590492,1088.5458090752363,0.9986532258335501,4.4665907200000004e-05,0.97817826,2.28,0.41,0.4,0.16,0.03,,,,,
2759,11300864,5892,24300.856926455814,15206.552535547067,4.35,2390.39,-0.016821878985865624,1689.7064087092876,0.9393067569471896,4.4645836800000003e-05,0.85632795,2.27,0.41,0.41,0.15,0.03,,,,,
2760,11304960,5894,24390.828774154506,15272.908030851268,4.37,2391.45,-0.009257100520244421,2502.5262701511383,0.9401507182046771,4.46257664e-05,0.90780616,2.28,0.4,0.42,0.15,0.03,,,,,
2761,11309056,5894,24390.828774154506,15272.908030851268,4.37,2391.45,-0.010683730801247293,1847.4962064027786,0.9682146082632244,4.4605696e-05,0.97229445,2.28,0.4,0.42,0.15,0.03,,,,,
2762,11313152,5896,24591.59376870215,15420.232467347183,4.42,2403.22,-0.01329875614374032,2419.286383718252,0.9967378450091928,4.45856256e-05,0.9630611,2.32,0.39,0.42,0.16,0.03,,,,,
2763,11317248,5898,24847.975978763992,15574.68669196668,4.43,2427.11,-0.014678912604722427,1428.2415303587914,0.9654373667435721,4.45655552e-05,0.9192723,2.3,0.4,0.41,0.16,0.03,,,,,
2764,11321344,5900,24855.89523607087,15562.496337324254,4.4,2435.07,-0.011579376539884834,1481.1310618966818,0.9821292302804068,4.45454848e-05,0.9542061,2.25,0.42,0.4,0.15,0.03,,,,,
2765,11325440,5902,24846.3943302826,15530.57824122421,4.38,2431.96,-0.013624613859974488,2116.204553067684,0.9776723472168669,4.45254144e-05,0.95922375,2.23,0.43,0.39,0.15,0.03,,,,,
2766,11329536,5904,24785.170470884736,15490.526508694422,4.38,2425.17,-0.01137234936322784,3380.729809075594,1.0034110051346943,4.4505343999999996e-05,0.88434094,2.24,0.43,0.39,0.15,0.03,,,,,
2767,11333632,5905,24669.972690687377,15415.465270471885,4.37,2416.4,-0.011474907560113934,2553.5139958560467,0.9893150768475607,4.44852736e-05,0.9253957,2.24,0.43,0.39,0.15,0.03,,,,,
2768,11337728,5906,24662.696628492988,15403.63638100921,4.37,2413.83,-0.012184364599306718,1217.0912897586823,0.9408623010385782,4.44652032e-05,0.96751523,2.24,0.43,0.39,0.15,0.03,,,,,
2769,11341824,5909,24194.40088809948,15126.809584830737,4.33,2384.64,-0.012415624323693919,1628.8344851583242,0.983121630968526,4.44451328e-05,0.8886795,2.23,0.43,0.39,0.15,0.03,,,,,
2770,11345920,5910,24618.128283256614,15384.164763839726,4.34,2421.98,-0.011588553252295242,2200.892629727721,0.9735831427387893,4.44250624e-05,0.96857065,2.2,0.44,0.39,0.14,0.03,,,,,
2771,11350016,5911,25154.904008274367,15716.817513418602,4.35,2466.57,-0.011884843592270045,1823.7151136547327,0.926736751338467,4.4404992e-05,0.97098726,2.16,0.45,0.39,0.13,0.03,,,,,
2772,11354112,5912,25386.111002731184,15856.557179803547,4.34,2490.82,-0.011176583680935437,2046.3941218554974,0.972210458945483,4.4384921599999996e-05,0.9246207,2.12,0.46,0.39,0.12,0.03,,,,,
2773,11358208,5912,25386.111002731184,15856.557179803547,4.34,2490.82,-0.007544683939158858,4807.63457608223,0.90220321144443,4.4364851199999995e-05,0.95702577,2.12,0.46,0.39,0.12,0.03,,,,,
2774,11362304,5915,25759.709631807447,16111.733966020423,4.4,2511.83,-0.011372295370165375,3090.63595944643,1.0373509844066575,4.4344780799999994e-05,0.9397817,2.16,0.45,0.39,0.13,0.03,,,,,
2775,11366400,5916,26099.39682466731,16338.320025959063,4.43,2535.96,-0.00213789334793546,28283.737089395523,0.9494736761553213,4.432471039999999e-05,0.73679805,2.17,0.44,0.4,0.13,0.03,21873.675063780494,13869.44735558889,4.733333333333333,2085.4333333333334,0.0
2776,11370496,5919,25722.72208091379,16108.596465462255,4.39,2507.02,-0.015081353540153941,1487.0203277915716,0.9643612069776282,4.430463999999999e-05,0.88976574,2.16,0.45,0.39,0.13,0.03,,,,,
2777,11374592,5922,24602.337363840725,15446.447976897934,4.32,2413.46,-0.010112075644428842,4125.369574069977,0.9827210595831275,4.428456959999999e-05,0.88827884,2.18,0.43,0.41,0.13,0.03,,,,,
2778,11378688,5922,24602.337363840725,15446.447976897934,4.32,2413.46,-0.004723322283098241,6032.123368442059,0.9715456609847024,4.42644992e-05,0.95832586,2.18,0.43,0.41,0.13,0.03,,,,,
2779,11382784,5924,24830.318344278025,15573.130554071784,4.33,2429.57,-0.014933600006770575,1332.6445465385914,0.9847254233900458,4.42444288e-05,0.9580964,2.18,0.43,0.41,0.13,0.03,,,,,
2780,11386880,5925,24816.486845710744,15558.407243757125,4.32,2432.95,-0.00946967740492255,7168.391062438488,1.0503914307337254,4.42243584e-05,0.9442268,2.16,0.44,0.4,0.13,0.03,,,,,
2781,11390976,5927,25178.072523242383,15775.767797959088,4.3,2467.49,-0.011777080791034678,1154.5686261802912,0.9985311094205827,4.4204288e-05,0.9608929,2.1,0.45,0.41,0.12,0.02,,,,,
2782,11395072,5929,25407.537196570353,15918.311324953404,4.34,2483.98,-0.0047842644580669,19520.57635729015,1.0015447569312528,4.41842176e-05,0.4054669,2.12,0.44,0.42,0.12,0.02,,,,,
2783,11399168,5931,25614.4878214598,16054.37775192156,4.4,2497.18,-0.013663867669492902,3087.551742106676,0.9797923342557624,4.4164147200000005e-05,0.9344604,2.16,0.43,0.42,0.12,0.03,,,,,
2784,11403264,5932,25826.4555548964,16168.837622828294,4.4,2517.04,-0.013124618058100168,1676.556459724903,0.9966107977088541,4.4144076800000004e-05,0.9345573,2.14,0.44,0.41,0.12,0.03,,,,,
2785,11407360,5933,25501.06683502138,15965.320381855367,4.38,2496.41,-0.011709341212736035,2841.649497449398,1.0187514161225408,4.41240064e-05,0.93956906,2.14,0.44,0.41,0.12,0.03,,,,,
2786,11411456,5934,25918.803758627608,16216.470248280988,4.39,2532.0,-0.01273826727992855,2494.727896183729,1.04148648341652,4.4103936e-05,0.963459,2.11,0.45,0.41,0.11,0.03,,,,,
2787,11415552,5934,25918.803758627608,16216.470248280988,4.39,2532.0,-0.010090307084283268,2464.087114483118,0.9457732259761542,4.40838656e-05,0.9622071,2.11,0.45,0.41,0.11,0.03,,,,,
2788,11419648,5935,26173.669315795447,16369.169612457881,4.4,2552.84,-0.012144914767304726,1164.1405954360962,0.9045348927611485,4.40637952e-05,0.9711228,2.1,0.46,0.4,0.11,0.03,,,,,
2789,11423744,5937,25714.14389623837,16087.275303305434,4.37,2527.19,-0.009714467605135724,6349.734684407711,1.035723442910239,4.40437248e-05,0.7033578,2.1,0.46,0.4,0.11,0.03,,,,,
2790,11427840,5938,25526.120750729795,15972.57856942511,4.35,2513.8,-0.011746306503482629,2091.996521681547,1.012567846220918,4.40236544e-05,0.9675937,2.09,0.46,0.4,0.11,0.03,,,,,
2791,11431936,5940,25947.388702733577,16241.98282560589,4.38,2538.36,-0.010557445995800663,3508.1199880838394,0.9854981038952246,4.4003583999999996e-05,0.9670705,2.1,0.45,0.41,0.11,0.03,,,,,
2792,11436032,5943,25956.26600222696,16242.84470742388,4.4,2532.25,-0.012634717031687615,2570.960601210594,0.9774412573315203,4.3983513599999995e-05,0.92644906,2.13,0.43,0.43,0.11,0.03,,,,,
2793,11440128,5945,25399.840927852438,15918.487920908057,4.39,2484.12,-0.007468100122423493,7159.506177872419,0.9606489741709083,4.3963443199999994e-05,0.9204222,2.18,0.41,0.44,0.12,0.03,,,,,
2794,11444224,5946,25449.492354302347,15952.095240594763,4.4,2483.38,-0.01618284746291465,1185.9110223650932,0.9580790735781193,4.394337279999999e-05,0.96683085,2.19,0.4,0.45,0.12,0.03,,,,,
2795,11448320,5947,25727.11739761698,16121.018027596692,4.39,2513.62,-0.014102255225225235,1095.0790575444698,0.9377926704473794,4.39233024e-05,0.961824,2.15,0.41,0.45,0.11,0.03,,,,,
2796,11452416,5948,25935.179313787045,16254.070778980386,4.4,2533.35,-0.010167879687287495,2270.3794705569744,1.0008880707900971,4.3903232e-05,0.957096,2.14,0.42,0.44,0.11,0.03,,,,,
2797,11456512,5950,26087.028825846006,16360.59968682388,4.41,2548.36,-0.016244331196958228,1970.214873701334,1.0107451243093237,4.3883161599999996e-05,0.9521888,2.14,0.42,0.44,0.11,0.03,,,,,
2798,11460608,5951,26310.921133552183,16486.35829038479,4.42,2569.66,-0.014407313857418558,2675.348420292139,0.9692738523008302,4.3863091199999995e-05,0.78620267,2.13,0.43,0.43,0.11,0.03,,,,,
2799,11464704,5952,26376.74546833009,16528.72894066707,4.42,2575.45,-0.010602071379253175,2104.2711208462715,0.9752552857389674,4.3843020799999994e-05,0.93531096,2.12,0.44,0.42,0.11,0.03,,,,,
2800,11468800,5953,26313.709325359076,16506.81408122105,4.41,2574.04,-0.011340627919707913,2134.6324889063835,0.9697934163268656,4.382295040000001e-05,0.94148654,2.11,0.44,0.42,0.11,0.03,18917.20637517759,11951.844598585054,4.466666666666667,1828.1,0.0
2801,11472896,5956,26682.53994767374,16730.484465872076,4.42,2608.67,-0.010861881109121896,2132.3754546046257,0.9136260277591646,4.3802880000000006e-05,0.83557546,2.08,0.46,0.4,0.11,0.03,,,,,
2802,11476992,5958,26658.346110856754,16731.571662966035,4.42,2604.35,-0.011991484423560905,1362.592393964529,1.0201593186939135,4.3782809600000005e-05,0.9659581,2.08,0.46,0.4,0.11,0.03,,,,,
2803,11481088,5959,26883.96808604836,16879.29828239622,4.42,2627.4,-0.013594206008747278,1609.05621650815,0.8564787328941748,4.3762739200000004e-05,0.96157867,2.05,0.47,0.4,0.1,0.03,,,,,
2804,11485184,5962,26058.70668650168,16365.9812313889,4.4,2550.32,-0.012421236139743996,2156.4411536753178,0.957281487993896,4.37426688e-05,0.9403762,2.11,0.45,0.4,0.12,0.03,,,,,
2805,11489280,5963,25981.39946951268,16320.478980351112,4.42,2536.88,-0.012742530647301464,2829.8588189184666,0.9294591336511075,4.37225984e-05,0.9315442,2.15,0.44,0.4,0.13,0.03,,,,,
2806,11493376,5966,25153.50964467947,15774.143867400247,4.34,2486.01,-0.00760267539499182,6196.603731006384,0.9484065730357543,4.3702528e-05,0.41021568,2.12,0.45,0.39,0.13,0.03,,,,,
2807,11497472,5968,24574.700063397515,15399.428473883927,4.3,2451.87,-0.012737308238683909,1824.5700682848692,1.0501043909462169,4.36824576e-05,0.9185368,2.11,0.46,0.38,0.13,0.03,,,,,
2808,11501568,5969,24787.716545662457,15514.880630744556,4.29,2469.57,-0.013092410898025264,2187.155988931656,0.9008911626879126,4.36623872e-05,0.87134624,2.08,0.46,0.39,0.12,0.03,,,,,
2809,11505664,5970,25315.589784788215,15848.839092334068,4.32,2513.2,-0.010078227944177343,2851.24030444026,0.9354666901053861,4.36423168e-05,0.9663735,2.06,0.47,0.38,0.12,0.03,,,,,
2810,11509760,5972,25367.287850824883,15886.991723374158,4.32,2515.07,-0.013784444735392754,2168.212116897106,0.989284215727821,4.3622246399999996e-05,0.92787576,2.06,0.47,0.38,0.13,0.02,,,,,
2811,11513856,5974,25522.95254960488,15985.712841619328,4.34,2528.17,-0.0142382901867677,1492.2960312962532,0.9972572452388704,4.3602176e-05,0.93720955,2.07,0.46,0.39,0.13,0.02,,,,,
2812,11517952,5976,25006.880482177097,15650.840928430094,4.31,2491.17,-0.009981400125980144,1020.2927024364471,0.9730409152107313,4.35821056e-05,0.95194155,2.08,0.46,0.39,0.13,0.02,,,,,
2813,11522048,5978,24807.932898929274,15516.125891432737,4.28,2480.04,-0.010364857871081767,2913.2849189788103,1.0001735182013363,4.35620352e-05,0.90870345,2.07,0.46,0.39,0.13,0.02,,,,,
2814,11526144,5979,24852.16367911619,15539.916879264181,4.27,2488.15,-0.009271615743273287,6805.236649096012,0.9198518524644896,4.35419648e-05,0.9450563,2.05,0.47,0.38,0.13,0.02,,,,,
2815,11530240,5981,25323.927024547127,15840.097179954788,4.31,2521.36,-0.008446067717159167,3168.9265906512737,0.9525575034786016,4.35218944e-05,0.9374621,2.05,0.47,0.38,0.13,0.02,,,,,
2816,11534336,5983,25298.8584992492,15809.429369605677,4.33,2520.48,-0.011930078620025597,1863.265476346016,0.8508349679177627,4.3501823999999996e-05,0.94999266,2.07,0.47,0.37,0.14,0.02,,,,,
2817,11538432,5986,25101.022971842223,15679.887153089623,4.3,2501.9,-0.009056693766979151,3527.0037665963173,0.9054631969192997,4.3481753599999995e-05,0.88780797,2.07,0.45,0.39,0.15,0.01,,,,,
2818,11542528,5987,25497.508679085822,15904.567469122207,4.31,2535.0,-0.006260726890104706,3609.6454135775566,0.9525126641383395,4.3461683199999994e-05,0.74058676,2.04,0.46,0.39,0.14,0.01,,,,,
2819,11546624,5991,25005.68152014032,15587.844638602142,4.32,2491.31,-0.011663719439184206,2478.529488801956,0.860533382743597,4.344161279999999e-05,0.9132227,2.1,0.47,0.36,0.15,0.02,,,,,
2820,11550720,5993,24741.355871469616,15423.798369083397,4.3,2466.42,-0.01356264356036263,1329.6705083847046,0.92890074767638,4.342154239999999e-05,0.9434728,2.11,0.46,0.37,0.15,0.02,,,,,
2821,11554816,5995,24528.988586227504,15286.73208512063,4.28,2454.86,-0.0128030246473827,1477.4952569752932,0.9601925340248272,4.340147199999999e-05,0.928245,2.11,0.46,0.37,0.15,0.02,,,,,
2822,11558912,5997,24522.515916147204,15271.174784798515,4.27,2448.94,-0.012384715024381876,2416.8736887574196,0.9096297424985096,4.33814016e-05,0.9464338,2.11,0.45,0.39,0.14,0.02,,,,,
2823,11563008,5998,24642.03992092358,15362.014892897043,4.3,2453.22,-0.008177557001090463,2668.3439836502075,0.9538850160315633,4.33613312e-05,0.9572658,2.14,0.44,0.39,0.15,0.02,,,,,
2824,11567104,6000,24771.12560109869,15434.131828215206,4.31,2463.22,-0.008458187226096925,3510.7439662516117,0.9540926774498075,4.33412608e-05,0.86715454,2.14,0.44,0.39,0.15,0.02,,,,,
2825,11571200,6002,24752.06892256926,15427.189675065156,4.32,2459.67,-0.010287725315720309,2422.105429634452,0.9089454578934237,4.33211904e-05,0.951456,2.16,0.43,0.4,0.15,0.02,26087.092718878,16524.04054224612,5.033333333333333,2342.233333333333,0.0
2826,11575296,6003,24812.067476075215,15458.84165040086,4.31,2467.73,-0.01389444471715251,2054.2718147337437,0.9225974899018183,4.330112e-05,0.8392785,2.14,0.44,0.39,0.15,0.02,,,,,
2827,11579392,6004,24821.154224598384,15464.144752950613,4.31,2468.89,-0.009244757247870439,1976.4548406898975,0.9235137877985835,4.3281049600000005e-05,0.9434941,2.14,0.44,0.39,0.15,0.02,,,,,
2828,11583488,6005,24955.123727628128,15551.91615383761,4.32,2477.89,-0.0050749382407957455,7580.596051156521,0.8999877851456404,4.3260979200000004e-05,0.90211505,2.14,0.44,0.39,0.15,0.02,,,,,
2829,11587584,6008,25027.77267943008,15602.486293722974,4.36,2470.62,-0.007530219701948226,3902.4995222836733,0.9543275160249323,4.32409088e-05,0.7675819,2.2,0.42,0.4,0.16,0.02,,,,,
2830,11591680,6009,25587.65585055992,15954.303928625852,4.4,2508.93,-0.006518934063933557,5643.563131868839,0.9283999842591584,4.32208384e-05,0.9491437,2.2,0.42,0.4,0.16,0.02,,,,,
2831,11595776,6009,25587.65585055992,15954.303928625852,4.4,2508.93,-0.009389904589625075,2436.294543981552,0.9419016714673489,4.3200768e-05,0.9601817,2.2,0.42,0.4,0.16,0.02,,,,,
2832,11599872,6011,25244.56813144615,15744.849308097617,4.37,2485.98,-0.004710840146799455,8847.376710414886,0.9521095963427797,4.31806976e-05,-0.44299817,2.2,0.42,0.4,0.16,0.02,,,,,
2833,11603968,6012,25382.16872371513,15836.19637227279,4.38,2495.7,-0.011513787163494271,1876.8168447613716,0.9293356642592698,4.31606272e-05,0.95265263,2.2,0.42,0.4,0.16,0.02,,,,,
2834,11608064,6014,24681.570915390308,15399.303479813236,4.36,2445.31,-0.009479641094003455,6736.707692742348,0.9437101134099066,4.31405568e-05,0.8949901,2.24,0.42,0.39,0.16,0.03,,,,,
2835,11612160,6015,25254.953195805712,15749.231822993746,4.38,2484.32,-0.009529698269716391,4133.054482221603,0.9146529613062739,4.3120486399999996e-05,0.9607087,2.22,0.42,0.4,0.15,0.03,,,,,
2836,11616256,6017,25277.373783986593,15780.375319163923,4.38,2489.1,-0.011853620810143184,2859.2051053643227,0.9120607275981456,4.3100415999999995e-05,0.8794468,2.21,0.43,0.39,0.15,0.03,,,,,
2837,11620352,6019,25496.63445525673,15913.220824393084,4.39,2504.3,-0.013175981022868655,2094.4574096649885,1.004571315832436,4.3080345599999994e-05,0.9466541,2.2,0.43,0.39,0.15,0.03,,,,,
2838,11624448,6020,25417.856766000867,15874.352322391958,4.39,2498.69,-0.009509713119769003,3000.4288235902786,0.9154303877148777,4.30602752e-05,0.94164586,2.21,0.43,0.39,0.15,0.03,,,,,
2839,11628544,6021,26123.304843889335,16309.753518167021,4.44,2553.32,-0.007963601593473868,6339.11005705595,0.8921758971409872,4.30402048e-05,0.92895156,2.2,0.44,0.38,0.15,0.03,,,,,
2840,11632640,6022,26324.246391030334,16435.806752170738,4.45,2571.99,-0.01119631485107675,1742.645414620638,0.9807877903804183,4.30201344e-05,0.95469564,2.19,0.45,0.37,0.15,0.03,,,,,
2841,11636736,6024,25884.843159696564,16144.42614863997,4.39,2548.19,-0.009024711518577533,1826.5405287593603,0.8914849426364526,4.3000064e-05,0.9118362,2.15,0.47,0.36,0.14,0.03,,,,,
2842,11640832,6025,25743.97918945765,16043.18357903333,4.38,2535.13,-0.011133015578707273,3133.162555038929,0.9881674748612568,4.2979993599999996e-05,0.9597471,2.16,0.46,0.37,0.14,0.03,,,,,
2843,11644928,6027,25936.769073726762,16161.678892663685,4.4,2545.84,-0.009015680665470427,2729.882558912039,0.9980627881595865,4.2959923199999994e-05,0.9685057,2.17,0.45,0.38,0.14,0.03,,,,,
2844,11649024,6030,25531.92609082756,15898.95399334913,4.38,2513.58,-0.015256736541232385,2631.832840695977,0.9953224860364571,4.2939852799999993e-05,0.8735956,2.18,0.46,0.36,0.15,0.03,,,,,
2845,11653120,6031,25924.028076865994,16144.095658534747,4.37,2551.79,-0.013154984982975293,1648.073526531458,0.9667698830598965,4.2919782400000006e-05,0.9678803,2.13,0.47,0.36,0.15,0.02,,,,,
2846,11657216,6031,25924.028076865994,16144.095658534747,4.37,2551.79,-0.008310022538353223,3691.8562480807304,0.9505649036727846,4.2899712000000005e-05,0.9726952,2.13,0.47,0.36,0.15,0.02,,,,,
2847,11661312,6032,26009.412046877784,16215.688752311466,4.38,2556.23,-0.009146679289187887,4316.183329343796,0.966761167626828,4.2879641600000004e-05,0.9488641,2.13,0.47,0.36,0.15,0.02,,,,,
2848,11665408,6034,25822.327667102523,16102.051618449348,4.4,2524.6,-0.009326312354460242,3344.9094469845295,0.9266564780846238,4.28595712e-05,0.96161306,2.18,0.45,0.37,0.16,0.02,,,,,
2849,11669504,6037,25200.80955992413,15709.844640437736,4.39,2463.59,-0.00972352455573855,6409.94246929884,0.9414870074251667,4.28395008e-05,0.93578833,2.23,0.43,0.38,0.17,0.02,,,,,
2850,11673600,6038,25383.71460766858,15843.023011799709,4.42,2476.26,-0.009561268605466466,4692.888730883598,0.990043589961715,4.28194304e-05,0.96294075,2.25,0.43,0.37,0.18,0.02,29517.65793385822,18723.66238687504,5.2,2577.8,0.0
2851,11677696,6041,24983.072463825694,15574.202575371331,4.39,2445.07,-0.01316880587819469,1677.4802938699722,1.0049075339920819,4.279936e-05,0.9463666,2.25,0.44,0.35,0.19,0.02,,,,,
2852,11681792,6041,24983.072463825694,15574.202575371331,4.39,2445.07,-0.008599072927609086,2052.5066619217396,0.8911108116153628,4.27792896e-05,0.9793113,2.25,0.44,0.35,0.19,0.02,,,,,
2853,11685888,6043,25526.278154667798,15907.428910016013,4.42,2489.53,-0.012100942960387329,2670.974366158247,0.938546666642651,4.27592192e-05,0.8697844,2.23,0.45,0.34,0.19,0.02,,,,,
2854,11689984,6043,25526.278154667798,15907.428910016013,4.42,2489.53,-0.006802945162235119,7727.544940233231,0.9589160636533052,4.2739148799999996e-05,0.9612347,2.23,0.45,0.34,0.19,0.02,,,,,
2855,11694080,6045,25985.8501277955,16177.874409415794,4.41,2523.89,-0.007665409109904431,14468.678304672241,0.9234023842727765,4.27190784e-05,0.94420385,2.18,0.47,0.33,0.18,0.02,,,,,
2856,11698176,6046,25893.83618760814,16133.589874776171,4.41,2517.19,-0.008758413142459176,4186.079895555973,0.9128018005285412,4.2699008e-05,0.9452182,2.19,0.47,0.33,0.18,0.02,,,,,
2857,11702272,6048,25858.02168940521,16107.95671049243,4.41,2511.4,-0.010070864911995159,1434.844638735056,0.9176094781141728,4.26789376e-05,0.95200396,2.19,0.47,0.33,0.18,0.02,,,,,
2858,11706368,6049,25817.066953424528,16078.368915747176,4.4,2511.71,-0.01629743780631543,1761.6645580679178,1.0107985769864172,4.26588672e-05,0.95026904,2.18,0.48,0.32,0.18,0.02,,,,,
2859,11710464,6050,26242.995742225685,16337.797157469107,4.44,2534.28,-0.007387407678834279,5951.542088210583,0.9068882606225088,4.26387968e-05,0.9633476,2.2,0.47,0.33,0.18,0.02,,,,,
2860,11714560,6051,26209.678917500445,16311.201835103979,4.44,2529.08,-0.00698397554060648,2086.6375142633915,0.9527976153185591,4.2618726399999997e-05,0.9075128,2.2,0.47,0.33,0.18,0.02,,,,,
2861,11718656,6052,26109.684693943433,16245.792938799656,4.43,2521.43,-0.009096124261304794,2307.1699078679085,0.9043588908389211,4.2598655999999995e-05,0.96140623,2.2,0.47,0.33,0.18,0.02,,,,,
2862,11722752,6053,26649.573083619693,16576.11236445729,4.46,2563.36,-0.008030506764043821,5953.6613584160805,0.9606546312570572,4.2578585599999994e-05,0.95868134,2.19,0.48,0.32,0.18,0.02,,,,,
2863,11726848,6053,26649.573083619693,16576.11236445729,4.46,2563.36,-0.009126411065153661,7155.781540751457,1.030248520663008,4.255851519999999e-05,0.9646472,2.19,0.48,0.32,0.18,0.02,,,,,
2864,11730944,6054,27106.205549611528,16871.238046981027,4.49,2591.14,-0.005956584267551079,13169.33612343669,0.9018619069829583,4.253844479999999e-05,0.97606784,2.19,0.48,0.32,0.18,0.02,,,,,
2865,11735040,6056,27502.50624491795,17099.523797507776,4.53,2620.41,-0.012247962471519713,2263.8333065211773,0.9513232860481367,4.251837439999999e-05,0.9165659,2.2,0.47,0.33,0.18,0.02,,,,,
2866,11739136,6059,26984.82645469757,16757.143318496943,4.49,2574.62,-0.012060368024322088,2399.2067606449127,0.9899255483178422,4.2498304e-05,0.83232194,2.22,0.45,0.35,0.18,0.02,,,,,
2867,11743232,6060,27142.423856030728,16837.838484736803,4.5,2586.02,-0.01125470151691843,1621.5153142809868,0.9229593224590644,4.24782336e-05,0.9331325,2.22,0.45,0.35,0.18,0.02,,,,,
2868,11747328,6062,27500.535912353098,17076.961794064246,4.5,2621.24,-0.011349695359967882,4990.304608076811,0.9895138686988503,4.24581632e-05,0.94555044,2.18,0.46,0.36,0.16,0.02,,,,,
2869,11751424,6063,27605.88103480772,17140.495884361815,4.5,2627.66,-0.009139496260104352,3278.5806563198566,0.9482831438072026,4.24380928e-05,0.95649976,2.17,0.46,0.36,0.16,0.02,,,,,
2870,11755520,6065,27771.29187934492,17242.30489672423,4.52,2635.45,-0.011577102307455789,1732.6072151362896,0.9314504663925618,4.24180224e-05,0.9679254,2.18,0.45,0.37,0.16,0.02,,,,,
2871,11759616,6066,27816.744136897945,17270.32996269446,4.52,2642.85,-0.010149369781174755,3307.057463735342,1.0258438386954367,4.2397952000000005e-05,0.896426,2.17,0.46,0.36,0.16,0.02,,,,,
2872,11763712,6069,27672.211054769665,17195.656063939863,4.5,2633.05,-0.011667383350868477,2385.266410410404,1.023975589312613,4.2377881600000004e-05,0.9214941,2.16,0.47,0.35,0.16,0.02,,,,,
2873,11767808,6071,27245.26097604335,16935.371722148524,4.46,2602.09,-0.012237692306371173,1732.4793807566166,0.9686816525645554,4.23578112e-05,0.8933682,2.15,0.47,0.35,0.16,0.02,,,,,
2874,11771904,6072,27665.794175776682,17210.64519885192,4.48,2639.86,-0.007755466079288453,3902.466956317425,0.9435884392587468,4.23377408e-05,0.9504992,2.13,0.48,0.34,0.16,0.02,,,,,
2875,11776000,6072,27665.794175776682,17210.64519885192,4.48,2639.86,-0.01068004991611815,1609.21240401268,0.9178372925380245,4.23176704e-05,0.9777541,2.13,0.48,0.34,0.16,0.02,24709.51895085848,15847.659929187797,4.866666666666666,2255.0333333333333,0.0
2876,11780096,6074,28138.819790043486,17500.29421633593,4.51,2664.76,-0.009146149172920559,14626.827879190445,0.9158247914165258,4.22976e-05,0.94459766,2.14,0.48,0.34,0.16,0.02,,,,,
2877,11784192,6075,28228.3951955099,17570.883749525656,4.53,2664.06,-0.010171990426897537,3305.0322301089764,0.929324075113982,4.22775296e-05,0.9570301,2.16,0.47,0.35,0.16,0.02,,,,,
2878,11788288,6077,28550.111744392983,17780.66496359065,4.53,2693.26,-0.011977710264545749,3991.2615490853786,1.0126090631820261,4.22574592e-05,0.8782771,2.13,0.47,0.36,0.15,0.02,,,,,
2879,11792384,6080,28104.128278690958,17494.83395877596,4.53,2650.94,-0.013425586386802024,3491.161646127701,0.9997351374477148,4.2237388799999996e-05,0.9040102,2.17,0.46,0.36,0.16,0.02,,,,,
2880,11796480,6081,28062.45926413042,17456.77054204979,4.53,2644.71,-0.007483163688448258,3924.5760552585125,0.9865961275063455,4.2217318399999995e-05,0.9682142,2.18,0.45,0.37,0.16,0.02,,,,,
2881,11800576,6084,28314.99902752284,17610.969978624762,4.58,2653.75,-0.0073298720835737186,3940.377559065819,1.012682052445598,4.2197247999999994e-05,0.9377414,2.21,0.45,0.36,0.17,0.02,,,,,
2882,11804672,6085,28493.04497956313,17716.119595509186,4.59,2671.04,-0.009127782514951832,3936.0699369609356,0.932817735360004,4.21771776e-05,0.7677962,2.2,0.46,0.35,0.17,0.02,,,,,
2883,11808768,6086,28774.77973398693,17886.240601471734,4.59,2699.84,-0.011565454839001177,1821.364701539278,0.9338650745339692,4.21571072e-05,0.95590943,2.17,0.47,0.35,0.16,0.02,,,,,
2884,11812864,6088,28606.067739578564,17802.507435750667,4.58,2690.59,-0.012747649574521347,3142.6010681390762,0.9359375460771844,4.21370368e-05,0.79002005,2.18,0.46,0.36,0.16,0.02,,,,,
2885,11816960,6088,28606.067739578564,17802.507435750667,4.58,2690.59,-0.009867990295788331,2375.9754412174225,1.0015715336194262,4.21169664e-05,0.95204586,2.18,0.46,0.36,0.16,0.02,,,,,
2886,11821056,6090,29474.553954922325,18339.706586592176,4.59,2755.9,-0.009228451704984764,14284.523395359516,0.9412644559051841,4.2096895999999996e-05,0.94289297,2.12,0.47,0.36,0.16,0.01,,,,,
2887,11825152,6092,29461.24337475641,18325.3783879762,4.58,2758.77,-0.009673828888480784,3414.753740757704,1.0093909183051437,4.2076825599999995e-05,0.9316742,2.1,0.48,0.35,0.16,0.01,,,,,
2888,11829248,6093,29946.904704191704,18637.801564100253,4.63,2790.5,-0.008633829531390802,4311.598978698254,0.9643990050535649,4.2056755199999994e-05,0.9598771,2.12,0.47,0.36,0.16,0.01,,,,,
2889,11833344,6094,30090.635540366275,18736.606324183336,4.65,2796.72,-0.006372385450958973,3489.3815476596355,1.009701362811029,4.203668479999999e-05,0.9604726,2.13,0.47,0.36,0.16,0.01,,,,,
2890,11837440,6096,30204.691289590985,18795.738048893258,4.66,2805.08,-0.010514353680264321,1096.4932298064232,0.9699130086228251,4.2016614400000005e-05,0.9763551,2.13,0.47,0.36,0.16,0.01,,,,,
2891,11841536,6098,30073.995431667427,18687.485181681564,4.63,2796.93,-0.014192536358677899,1070.8792725354433,0.9174624244915321,4.1996544000000004e-05,0.94879645,2.11,0.47,0.37,0.15,0.01,,,,,
2892,11845632,6100,29893.529015464424,18586.321488091973,4.64,2773.1,-0.010676157240595785,3261.953734666109,1.0073029913473874,4.19764736e-05,0.9583442,2.15,0.45,0.38,0.16,0.01,,,,,
2893,11849728,6103,29730.175273280187,18491.290021383797,4.64,2763.8,-0.011134177331769024,1632.5620891749859,1.0101094426354393,4.19564032e-05,0.89308095,2.16,0.45,0.38,0.16,0.01,,,,,
2894,11853824,6104,30032.085078626216,18699.41144390724,4.69,2773.14,-0.007466052430572745,16893.527239322662,0.9344215614255518,4.19363328e-05,0.93556684,2.2,0.44,0.38,0.17,0.01,,,,,
2895,11857920,6106,29299.74378289888,18240.016704469206,4.64,2718.15,-0.013753444292888162,1370.0959043949842,0.9421763847349212,4.19162624e-05,0.93584347,2.21,0.43,0.39,0.17,0.01,,,,,
2896,11862016,6108,29714.317178104833,18504.39760926871,4.62,2758.85,-0.012989068747629062,1774.912043362856,0.8959087686380371,4.1896192e-05,0.95184433,2.14,0.44,0.4,0.15,0.01,,,,,
2897,11866112,6108,29714.317178104833,18504.39760926871,4.62,2758.85,-0.008861802850333333,3381.037848442793,0.9374776943586767,4.18761216e-05,0.9628273,2.14,0.44,0.4,0.15,0.01,,,,,
2898,11870208,6110,29270.154722071507,18195.39974560803,4.59,2728.37,-0.014335489824020442,617.356214851141,0.964856018545106,4.1856051199999996e-05,0.978635,2.14,0.44,0.4,0.15,0.01,,,,,
2899,11874304,6112,29198.226199170895,18148.859020336055,4.61,2711.34,-0.010549492966674734,1778.2551755607128,0.9031789846485481,4.18359808e-05,0.98319286,2.18,0.42,0.41,0.16,0.01,,,,,
2900,11878400,6113,29281.567046030785,18192.10927114614,4.62,2715.23,-0.010436448069413018,1809.2566212564707,0.9358136624796316,4.18159104e-05,0.9321433,2.18,0.42,0.41,0.16,0.01,27417.91607880388,17421.758795632937,5.0,2422.266666666667,0.0
2901,11882496,6116,28788.460583857825,17888.09103495656,4.58,2685.51,-0.010547162954026135,6784.243673294783,0.9824117404641584,4.179584e-05,0.93195486,2.16,0.43,0.4,0.16,0.01,,,,,
2902,11886592,6119,28508.20874136355,17702.778427496753,4.56,2665.2,-0.011749399787731818,2323.100894212723,0.9501740887062624,4.17757696e-05,0.75898665,2.17,0.43,0.4,0.16,0.01,,,,,
2903,11890688,6119,28508.20874136355,17702.778427496753,4.56,2665.2,-0.01224633014680876,2932.074857324362,0.9660131313139573,4.17556992e-05,0.9337658,2.17,0.43,0.4,0.16,0.01,,,,,
2904,11894784,6121,28632.275773209243,17777.875716684423,4.58,2674.16,-0.009491653989243787,5526.406633138657,0.9503425800940022,4.17356288e-05,0.964546,2.18,0.43,0.39,0.17,0.01,,,,,
2905,11898880,6123,28148.330402209056,17489.438476013846,4.55,2631.16,-0.008579563113016775,3605.6048199236393,0.9074691470013931,4.1715558399999996e-05,0.9049568,2.2,0.42,0.4,0.17,0.01,,,,,
2906,11902976,6124,28327.208066400202,17594.375956650943,4.57,2645.47,-0.008394983307880466,1500.07828271389,0.9611720624379814,4.1695487999999995e-05,0.94223666,2.2,0.42,0.4,0.17,0.01,,,,,
2907,11907072,6127,28101.812882039725,17444.036402490303,4.58,2626.38,-0.0063340926744785975,8264.678107380867,0.9537977640284225,4.1675417599999994e-05,0.9514539,2.23,0.43,0.37,0.19,0.01,,,,,
2908,11911168,6127,28101.812882039725,17444.036402490303,4.58,2626.38,-0.01196731185518729,1151.7276963591576,0.9664246569154784,4.165534719999999e-05,0.98628294,2.23,0.43,0.37,0.19,0.01,,,,,
2909,11915264,6129,28536.67966735492,17707.439196636315,4.64,2650.84,-0.01258975215114333,1231.615734487772,0.907877768506296,4.163527679999999e-05,0.9658116,2.27,0.42,0.37,0.2,0.01,,,,,
2910,11919360,6130,29053.410824732407,18022.26136702699,4.65,2694.26,-0.007489025641916669,2552.4160857200623,0.9650234618457034,4.16152064e-05,0.9733174,2.23,0.43,0.37,0.19,0.01,,,,,
2911,11923456,6133,27738.837815301093,17188.626381447535,4.57,2593.01,-0.011321248462991207,1615.2947849929333,0.9452730518532917,4.1595135999999996e-05,0.82623583,2.27,0.42,0.37,0.2,0.01,,,,,
2912,11927552,6135,27853.288224535874,17264.73252330044,4.56,2607.16,-0.00977140961913392,2308.704038500786,0.9754479090915993,4.15750656e-05,0.9264642,2.25,0.42,0.38,0.19,0.01,,,,,
2913,11931648,6136,27838.65316453074,17267.964748709615,4.55,2612.86,-0.009606202831491828,3522.5161226391792,0.8842331173364073,4.15549952e-05,0.9512972,2.24,0.42,0.38,0.19,0.01,,,,,
2914,11935744,6138,27988.778830790994,17330.095122686,4.52,2628.34,-0.010130693000974134,3389.9429816007614,0.9294225287158042,4.15349248e-05,0.95952564,2.19,0.43,0.39,0.17,0.01,,,,,
2915,11939840,6141,27728.55756057945,17175.500727673094,4.45,2622.49,-0.011780228467614506,921.1617700606585,0.9503807154251263,4.1514854400000005e-05,0.95182025,2.13,0.45,0.39,0.15,0.01,,,,,
2916,11943936,6142,27402.02587132774,16974.752480211515,4.44,2593.71,-0.009598087408448919,2544.7332672178745,1.0191870795097202,4.1494784000000004e-05,0.954596,2.15,0.44,0.4,0.15,0.01,,,,,
2917,11948032,6143,27773.597400996416,17195.612836057782,4.46,2623.13,-0.010796807416227239,1883.8146367371082,0.9213919374160469,4.14747136e-05,0.9638009,2.14,0.45,0.39,0.15,0.01,,,,,
2918,11952128,6144,27099.614020116594,16779.700263804658,4.43,2575.78,-0.010326034320314648,4091.0061571598053,0.9007988966768607,4.14546432e-05,0.9237598,2.16,0.44,0.4,0.15,0.01,,,,,
2919,11956224,6146,27284.41262745282,16895.55500470927,4.44,2593.5,-0.008613552564384008,2284.353154718876,0.9271857795538381,4.14345728e-05,0.953995,2.15,0.44,0.4,0.15,0.01,,,,,
2920,11960320,6147,27278.450883787475,16884.939965738515,4.44,2591.06,-0.010172944741498213,3325.0380316376686,0.9002275549573824,4.14145024e-05,0.9522901,2.15,0.44,0.4,0.15,0.01,,,,,
2921,11964416,6149,27283.795235852613,16912.55146124397,4.45,2591.01,-0.007291622283446486,10927.277844399214,0.9743760613491759,4.1394432e-05,0.63673365,2.17,0.43,0.41,0.15,0.01,,,,,
2922,11968512,6150,26921.590904408815,16683.939256804184,4.43,2564.59,-0.008868128643371165,2555.956246882677,0.9501695688813925,4.13743616e-05,0.93715054,2.17,0.43,0.41,0.15,0.01,,,,,
2923,11972608,6152,27054.849961585012,16791.63743299598,4.46,2570.76,-0.007344895678215835,5346.593620449305,0.9508963145781308,4.13542912e-05,0.9290483,2.2,0.42,0.41,0.16,0.01,,,,,
2924,11976704,6153,26523.13966107388,16452.694114047572,4.45,2525.57,-0.006135625004390022,8776.088204443455,0.9182425205362961,4.1334220799999996e-05,0.91683424,2.24,0.41,0.41,0.17,0.01,,,,,
2925,11980800,6155,25725.184153925642,15992.812340569126,4.41,2468.08,-0.00806676887532376,4277.912224173546,0.9396138838492334,4.1314150399999995e-05,0.8918163,2.26,0.4,0.42,0.17,0.01,27515.416512030562,17217.862148715958,5.033333333333333,2429.4,0.0
2926,11984896,6157,25755.188766715593,16012.594087344081,4.45,2465.17,-0.012160164020315278,2308.4198863506317,0.9360290075419471,4.129408e-05,0.93742424,2.31,0.39,0.42,0.17,0.02,,,,,
2927,11988992,6158,26109.819696655566,16229.655383989766,4.47,2497.1,-0.013054056765213318,2511.773324638605,0.9983475697226822,4.12740096e-05,0.9402081,2.29,0.4,0.41,0.17,0.02,,,,,
2928,11993088,6160,26276.72930238713,16350.788868842697,4.48,2517.35,-0.011277983440777462,2459.08360914886,1.015648536500521,4.12539392e-05,0.86445403,2.28,0.41,0.4,0.17,0.02,,,,,
2929,11997184,6161,26261.60532328433,16344.089018172383,4.51,2508.83,-0.00859327372018015,2857.4827603399754,0.9382688874611631,4.12338688e-05,0.9517678,2.32,0.4,0.4,0.18,0.02,,,,,
2930,12001280,6162,26289.17935794756,16349.40917529586,4.5,2515.32,-0.008279410540126264,1771.6156020760536,0.9153801085194573,4.1213798399999996e-05,0.9555625,2.3,0.41,0.39,0.18,0.02,,,,,
2931,12005376,6164,26227.276129773614,16316.455921984929,4.49,2515.56,-0.008197449463295925,3126.733046233654,0.9717477499507368,4.1193727999999995e-05,0.9485368,2.29,0.42,0.38,0.18,0.02,,,,,
2932,12009472,6166,26371.72287930052,16390.789281613823,4.51,2520.2,-0.012391960539389402,1659.4580308049917,0.929404393187724,4.1173657599999994e-05,0.9633032,2.31,0.41,0.39,0.18,0.02,,,,,
2933,12013568,6168,26121.951128490833,16228.597985060529,4.5,2495.05,-0.013217116907981108,1040.2755959630013,0.9614607873372734,4.115358719999999e-05,0.95599556,2.33,0.4,0.4,0.18,0.02,,,,,
2934,12017664,6168,26121.951128490833,16228.597985060529,4.5,2495.05,-0.007036938643068424,13236.006215661764,0.9836412541335449,4.1133516800000005e-05,0.97878236,2.33,0.4,0.4,0.18,0.02,,,,,
2935,12021760,6169,27369.18947518697,16997.983600631134,4.57,2572.1,-0.007380243541774689,65078.0271743238,0.9014690456679091,4.1113446400000004e-05,0.93221307,2.32,0.41,0.39,0.18,0.02,,,,,
2936,12025856,6171,27495.38660914307,17057.288247174056,4.56,2584.03,-0.010657376195013057,1528.4701222330332,0.9141385956900194,4.1093376e-05,0.95468646,2.3,0.41,0.4,0.17,0.02,,,,,
2937,12029952,6173,26428.888388678104,16367.825022036759,4.5,2502.22,-0.007417953365802532,3535.7559007406235,0.8629043679684401,4.10733056e-05,0.9119381,2.32,0.4,0.41,0.17,0.02,,,,,
2938,12034048,6174,26741.423997761798,16568.751534427443,4.52,2528.84,-0.009795687360565353,1801.4027042239904,0.9512194432318211,4.10532352e-05,0.95214283,2.31,0.4,0.41,0.17,0.02,,,,,
2939,12038144,6176,26365.60195951781,16326.787678431987,4.49,2503.94,-0.010473729611476301,5610.995854020119,1.010812004446052,4.10331648e-05,0.8913388,2.31,0.4,0.41,0.17,0.02,,,,,
2940,12042240,6179,26427.20883785385,16366.712197297129,4.49,2510.12,-0.011627764162767562,1249.887257605791,0.9879452679306269,4.10130944e-05,0.96205753,2.3,0.41,0.4,0.17,0.02,,,,,
2941,12046336,6180,26799.984948859645,16575.923342561076,4.49,2540.8,-0.009628760267332837,1814.0348196923733,0.9675110771786422,4.0993024e-05,0.964287,2.26,0.42,0.4,0.16,0.02,,,,,
2942,12050432,6181,26983.236448759093,16702.264746870635,4.51,2548.13,-0.007827777383681678,3787.8837363123894,0.9242905846331269,4.0972953599999997e-05,0.9675898,2.27,0.42,0.4,0.16,0.02,,,,,
2943,12054528,6182,26993.11939879763,16708.724448335517,4.5,2557.86,-0.011331696546221792,2473.735971003771,0.9830984226427972,4.09528832e-05,0.9540161,2.25,0.43,0.39,0.16,0.02,,,,,
2944,12058624,6183,27023.462727330574,16731.287830527872,4.47,2570.48,-0.011325841484904231,2711.7942774891853,0.970903757144697,4.09328128e-05,0.8889123,2.21,0.44,0.39,0.15,0.02,,,,,
2945,12062720,6185,27043.485779591352,16756.677235265815,4.47,2574.91,-0.0072160287581937155,7219.2107026577,0.9621129762381315,4.09127424e-05,0.7788053,2.21,0.44,0.39,0.15,0.02,,,,,
2946,12066816,6187,26807.257413522486,16607.0193736928,4.46,2551.83,-0.013148657939382247,1398.7247942090034,1.0006605648668483,4.0892672e-05,0.8734957,2.22,0.43,0.4,0.15,0.02,,,,,
2947,12070912,6188,26780.487032051475,16581.210344137253,4.45,2549.31,-0.011038616855330474,1650.4024451225996,0.9203716351184994,4.08726016e-05,0.9542012,2.21,0.44,0.39,0.15,0.02,,,,,
2948,12075008,6191,26359.064442365783,16333.016877988888,4.44,2522.19,-0.012469038822018774,2448.332826256752,0.9600465927505866,4.08525312e-05,0.961956,2.23,0.43,0.4,0.15,0.02,,,,,
2949,12079104,6192,26553.630110627808,16466.553018910297,4.46,2535.02,-0.006379800367540156,3740.697171241045,0.9480465186061338,4.0832460799999996e-05,0.9589246,2.24,0.43,0.4,0.15,0.02,,,,,
2950,12083200,6193,26294.121411513443,16288.114262719184,4.43,2523.38,-0.007810512181094964,2065.399336516857,0.945343391620554,4.0812390399999995e-05,0.9523558,2.22,0.44,0.39,0.15,0.02,29188.16175132759,18821.47894381244,5.166666666666667,2500.9,0.0
2951,12087296,6195,26044.729287200702,16137.413163670877,4.41,2507.24,-0.01141449772148917,1741.0497174561024,0.9575372299877927,4.0792319999999994e-05,0.9114404,2.22,0.44,0.39,0.15,0.02,,,,,
2952,12091392,6196,25998.91579548749,16107.476498334832,4.39,2506.65,-0.009439313825168938,1472.7681978046894,0.9665676322765648,4.077224959999999e-05,0.9659599,2.2,0.45,0.38,0.15,0.02,,,,,
2953,12095488,6199,26224.17658422957,16259.27768950531,4.38,2525.14,-0.0071866219313960755,5014.9339998066425,0.8884007344022393,4.075217919999999e-05,0.91226715,2.17,0.47,0.36,0.15,0.02,,,,,
2954,12099584,6201,26213.436583699942,16243.982917058329,4.37,2524.26,-0.011563140651560389,1441.3901049494743,0.9718659316422418,4.07321088e-05,0.96604437,2.16,0.47,0.37,0.14,0.02,,,,,
2955,12103680,6202,26137.532417900664,16196.011710802992,4.37,2513.76,-0.01261450034144218,1121.3426476567984,0.9194340413669124,4.0712038399999996e-05,0.95931184,2.17,0.46,0.38,0.14,0.02,,,,,
2956,12107776,6204,25941.00061766424,16054.26143227023,4.33,2512.21,-0.014069393420868437,1729.7412900924683,0.9060484394431114,4.0691967999999995e-05,0.95518863,2.13,0.47,0.38,0.13,0.02,,,,,
2957,12111872,6205,26221.58869634979,16232.44031715456,4.35,2533.53,-0.012920492244120396,1863.8700804263353,0.9208431526785716,4.06718976e-05,0.94720715,2.13,0.47,0.38,0.13,0.02,,,,,
2958,12115968,6206,26569.400924518017,16454.632087853446,4.37,2565.39,-0.011670938743918668,3256.9159873723984,0.9292723308317363,4.06518272e-05,0.9526052,2.11,0.48,0.37,0.13,0.02,,,,,
2959,12120064,6207,26766.43955986841,16571.986343515964,4.39,2576.95,-0.010808786498273548,4808.060790061951,0.8811099574668333,4.0631756800000005e-05,0.84923756,2.12,0.47,0.38,0.13,0.02,,,,,
2960,12124160,6209,26645.275401247327,16506.163908248214,4.38,2571.67,-0.013966302740300307,1540.7111931145191,0.9042906990507618,4.0611686400000004e-05,0.9591289,2.12,0.47,0.38,0.13,0.02,,,,,
2961,12128256,6210,26815.94046230989,16615.307893686033,4.39,2587.61,-0.010610548191834823,2621.2808140814304,0.9465769820380956,4.0591616e-05,0.94558215,2.11,0.48,0.37,0.13,0.02,,,,,
2962,12132352,6211,26480.078528830636,16412.41177281626,4.36,2566.48,-0.01021689177105145,3042.2141602039337,0.9116490834858268,4.05715456e-05,0.8980794,2.1,0.49,0.36,0.13,0.02,,,,,
2963,12136448,6213,26808.039077393874,16629.248075402902,4.38,2593.2,-0.011575458967854502,3685.820670723915,0.9226871775463223,4.05514752e-05,0.9367935,2.09,0.49,0.37,0.12,0.02,,,,,
2964,12140544,6214,26832.812832621625,16641.094953803542,4.38,2594.44,-0.011944324470277934,1511.5668261051178,0.8848910735687241,4.05314048e-05,0.93745184,2.09,0.49,0.37,0.12,0.02,,,,,
2965,12144640,6217,26948.142087112126,16706.144693872844,4.34,2610.27,-0.011367835435521556,2056.984283849597,0.9754169532097876,4.05113344e-05,0.94574726,2.03,0.49,0.39,0.11,0.01,,,,,
2966,12148736,6219,26920.040346081547,16683.115940819822,4.34,2604.48,-0.012400099669321207,1659.572974294424,0.8989714160561562,4.0491264e-05,0.9249232,2.04,0.48,0.4,0.11,0.01,,,,,
2967,12152832,6222,26269.42403577428,16264.143810196258,4.3,2556.7,-0.009990433783059416,5009.27100905776,0.9675321182003245,4.04711936e-05,0.8999793,2.05,0.48,0.4,0.11,0.01,,,,,
2968,12156928,6223,26968.09062373118,16707.573964772775,4.35,2595.57,-0.004363203152024653,39545.53036797047,0.8979194955900311,4.0451123199999996e-05,0.9410008,2.06,0.48,0.39,0.12,0.01,,,,,
2969,12161024,6224,27063.10094684594,16784.905573869895,4.36,2603.17,-0.01195334533440473,2314.042390346527,0.9416777109727263,4.0431052799999995e-05,0.9491408,2.06,0.48,0.39,0.12,0.01,,,,,
2970,12165120,6226,26757.805538481665,16602.931480877905,4.32,2582.83,-0.012516778005192464,1742.5720305144787,1.044403962790966,4.04109824e-05,0.9009219,2.04,0.48,0.4,0.11,0.01,,,,,
2971,12169216,6228,26423.591652148232,16393.019196173016,4.27,2566.04,-0.01047802174662138,2501.5514912754297,0.9218696199823171,4.0390912e-05,0.90730023,2.01,0.48,0.41,0.1,0.01,,,,,
2972,12173312,6230,26016.68021169929,16140.776955215286,4.22,2539.22,-0.013525165184546495,5094.190116047859,0.9623969909735024,4.03708416e-05,0.8619477,1.99,0.48,0.42,0.09,0.01,,,,,
2973,12177408,6231,26125.052276872782,16212.904388356847,4.23,2547.63,-0.011370578197784198,1307.2960940301418,0.9040141920559108,4.03507712e-05,0.95237255,1.99,0.48,0.42,0.09,0.01,,,,,
2974,12181504,6232,26396.33227475167,16370.586370114173,4.23,2574.04,-0.00990743917918735,2677.319769859314,0.9808705940376967,4.0330700799999996e-05,0.9453151,1.96,0.49,0.42,0.08,0.01,,,,,
2975,12185600,6234,26598.91702816541,16508.4266719178,4.24,2592.86,-0.015254608152190485,2724.400510266423,1.0114796803100035,4.0310630399999995e-05,0.94491225,1.95,0.49,0.42,0.08,0.01,30004.627011809156,18940.5942096296,5.333333333333333,2564.133333333333,0.0
2976,12189696,6235,26793.95997261717,16630.833723025422,4.27,2601.45,-0.006390121694494155,8133.432090103626,0.9457664526998997,4.0290559999999994e-05,0.8889796,1.97,0.49,0.41,0.09,0.01,,,,,
2977,12193792,6238,26505.12328931741,16452.43979474214,4.26,2578.71,-0.00813019046017871,5605.002499073744,0.9369067141087726,4.027048959999999e-05,0.81536436,1.98,0.49,0.41,0.09,0.01,,,,,
2978,12197888,6239,26974.822810029724,16751.884123766056,4.3,2616.18,-0.011846674075059127,3258.1629199385643,0.9643614208325744,4.025041919999999e-05,0.9541892,1.98,0.49,0.41,0.09,0.01,,,,,
2979,12201984,6240,26917.036707502368,16714.94344513117,4.31,2607.67,-0.00947041894778522,1923.4357480108738,0.9587995056062937,4.0230348800000004e-05,0.9534653,2.0,0.48,0.42,0.09,0.01,,,,,
2980,12206080,6242,27004.411397269345,16775.25409950643,4.34,2616.21,-0.014055465271667344,1238.9612443298101,0.9229425881057978,4.02102784e-05,0.9450985,2.02,0.48,0.41,0.1,0.01,,,,,
2981,12210176,6245,26426.40811472464,16411.542709772842,4.32,2574.47,-0.01114461716497317,2886.1963808089495,0.9609780072933063,4.0190208e-05,0.9174237,2.05,0.48,0.4,0.1,0.02,,,,,
2982,12214272,6246,26685.981944063442,16580.291629748033,4.34,2596.35,-0.008166708095814101,2654.3620722293854,0.9707067487761378,4.01701376e-05,0.942523,2.04,0.49,0.39,0.1,0.02,,,,,
2983,12218368,6248,26400.392462335214,16383.130016776011,4.3,2576.26,-0.014806249393586768,1335.3757337033749,0.9907998401904479,4.01500672e-05,0.9369875,2.02,0.5,0.38,0.1,0.02,,,,,
2984,12222464,6249,26111.28582872828,16205.051064149176,4.3,2545.69,-0.010372699920480954,2503.72044095397,0.9827095660148188,4.01299968e-05,0.9443472,2.05,0.49,0.38,0.11,0.02,,,,,
2985,12226560,6254,25516.13130146907,15829.24823614374,4.29,2497.11,-0.009138547125985497,5197.8577117323875,0.9978627396048978,4.01099264e-05,0.95821947,2.09,0.49,0.37,0.1,0.04,,,,,
2986,12230656,6255,25706.365259007645,15930.145187273247,4.31,2508.84,-0.008007353153516306,4350.51886433363,0.9681713794125244,4.0089856000000004e-05,0.92903644,2.1,0.49,0.37,0.1,0.04,,,,,
2987,12234752,6257,25771.851217957163,15971.158894169977,4.27,2525.19,-0.007767071357193345,3858.623902052641,0.929342593299225,4.00697856e-05,0.8488312,2.04,0.51,0.36,0.1,0.03,,,,,
2988,12238848,6258,25413.194897386526,15751.57662731685,4.25,2493.26,-0.012118583152187057,1278.0241779088974,0.9135994266252965,4.00497152e-05,0.97178316,2.06,0.5,0.37,0.1,0.03,,,,,
2989,12242944,6261,25126.985581094155,15570.43430728976,4.25,2463.91,-0.010232804614133784,2081.0362846255302,0.9373399806208909,4.00296448e-05,0.9126812,2.09,0.49,0.37,0.11,0.03,,,,,
2990,12247040,6262,25552.433695854415,15836.097276711473,4.28,2490.95,-0.009183899085655867,5980.444162905216,0.9319457219680771,4.00095744e-05,0.95998263,2.09,0.49,0.37,0.11,0.03,,,,,
2991,12251136,6262,25552.433695854415,15836.097276711473,4.28,2490.95,-0.008840981756293331,2286.207639813423,0.9706279054516926,3.9989504e-05,0.9659303,2.09,0.49,0.37,0.11,0.03,,,,,
2992,12255232,6264,25907.920795193302,16046.277866259128,4.29,2511.67,-0.007203143541119061,10152.60889351368,0.9440430124523118,3.99694336e-05,0.9512821,2.07,0.49,0.38,0.1,0.03,,,,,
2993,12259328,6265,26044.548213796712,16125.319918508336,4.29,2526.79,-0.012181597796370625,1447.7713449299335,0.9323138782056049,3.9949363199999996e-05,0.9692556,2.05,0.5,0.37,0.1,0.03,,,,,
2994,12263424,6267,25965.710913044855,16085.852635258587,4.31,2517.47,-0.012472004313167417,1854.8398857712746,0.9891945539275184,3.9929292799999995e-05,0.92365927,2.08,0.49,0.37,0.11,0.03,,,,,
2995,12267520,6269,25039.720801448046,15493.538784169266,4.28,2464.37,-0.008760092922784679,2686.052366733551,1.0223080485593528,3.9909222399999994e-05,0.97604316,2.1,0.49,0.36,0.12,0.03,,,,,
2996,12271616,6270,24749.90770450673,15318.728002989921,4.26,2439.19,-0.011079683850766742,4750.1648361980915,0.9745535539695993,3.988915199999999e-05,0.94401187,2.11,0.48,0.37,0.12,0.03,,,,,
2997,12275712,6271,25289.304288330935,15640.71706346527,4.3,2482.59,-0.014375282322362182,1026.5354384481907,0.9759729261277243,3.986908159999999e-05,0.98737663,2.1,0.49,0.36,0.12,0.03,,,,,
2998,12279808,6272,25752.64566594691,15956.864678707856,4.33,2510.56,-0.007463347259545117,17246.022526592016,0.9336690318305045,3.98490112e-05,0.9512093,2.11,0.48,0.37,0.12,0.03,,,,,
2999,12283904,6273,26005.551995068654,16111.802496037235,4.34,2536.26,-0.00981662238473291,2976.5253361463547,0.9784513331251219,3.9828940799999996e-05,0.8580219,2.09,0.49,0.36,0.12,0.03,,,,,
3000,12288000,6274,25822.44763360493,15987.743871284209,4.32,2524.3,-0.0122243788346168,1072.0305942595005,0.9043034985661507,3.9808870399999995e-05,0.9500791,2.08,0.5,0.35,0.12,0.03,28820.50809835899,18221.478312597545,5.1,2494.5,0.0
3001,12292096,6275,26033.182302587793,16111.329292539502,4.33,2542.53,-0.009786140717551461,10307.441355228424,0.96310965414159,3.97888e-05,0.97141504,2.07,0.51,0.34,0.12,0.03,,,,,
3002,12296192,6277,26151.005077577123,16190.366065417831,4.37,2540.58,-0.0104023262138071,1692.2552766501904,0.9778195277322084,3.97687296e-05,0.94493556,2.12,0.5,0.33,0.14,0.03,,,,,
3003,12300288,6279,26435.558699645786,16362.047224332171,4.39,2566.17,-0.011529230441738036,1048.9170650839806,0.9988836240954697,3.9748659200000006e-05,0.9351402,2.11,0.5,0.33,0.14,0.03,,,,,
3004,12304384,6281,25840.013310698472,15997.287131061239,4.33,2531.35,-0.011771689507440897,1372.9597100019455,0.907535801641643,3.9728588800000005e-05,0.9244965,2.09,0.51,0.32,0.14,0.03,,,,,
3005,12308480,6283,25744.410226725813,15913.900325075872,4.32,2516.18,-0.010369314461968315,1830.7248101234436,0.9685560398502275,3.9708518400000003e-05,0.9340854,2.09,0.51,0.32,0.14,0.03,,,,,
3006,12312576,6284,25689.451607077594,15870.158173672231,4.32,2506.75,-0.00917313592890423,1670.8966506123543,0.9432348445989192,3.9688448e-05,0.97049856,2.1,0.5,0.33,0.14,0.03,,,,,
3007,12316672,6285,25878.587450096988,15980.895810766871,4.32,2523.58,-0.00937514872111933,1932.2111232876778,0.9222259563393891,3.96683776e-05,0.9593337,2.08,0.5,0.34,0.13,0.03,,,,,
3008,12320768,6287,26054.343247992303,16123.089971496556,4.37,2534.29,-0.006339441019008518,8312.006349980831,0.9515397715149447,3.96483072e-05,0.8863413,2.13,0.49,0.34,0.13,0.04,,,,,
3009,12324864,6289,25708.94554938631,15927.051658492821,4.36,2507.41,-0.010083280663820915,2349.137796610594,0.9308014218695462,3.96282368e-05,0.9410476,2.15,0.48,0.35,0.13,0.04,,,,,
3010,12328960,6291,26100.230364882897,16178.351522638219,4.37,2539.39,-0.007373846930931904,5176.672532200813,0.8940898372093216,3.96081664e-05,0.94094175,2.13,0.48,0.36,0.12,0.04,,,,,
3011,12333056,6292,26136.021439691773,16187.545064073272,4.36,2548.51,-0.010709791006775049,2888.3820401132107,0.9835359823191538,3.9588096e-05,0.93387085,2.11,0.49,0.35,0.12,0.04,,,,,
3012,12337152,6292,26136.021439691773,16187.545064073272,4.36,2548.51,-0.0053423764738909085,9896.459834516048,1.0180944364983588,3.9568025599999996e-05,0.9137637,2.11,0.49,0.35,0.12,0.04,,,,,
3013,12341248,6297,25475.72173960401,15799.061919293912,4.34,2488.8,-0.013132547423083452,1577.6199780851603,0.9679967524716631,3.9547955199999995e-05,0.7976138,2.16,0.47,0.36,0.13,0.04,,,,,
3014,12345344,6299,25576.621720814208,15864.129742114636,4.38,2493.54,-0.01293577439901128,3990.739485114813,0.9134413204155862,3.95278848e-05,0.8943574,2.19,0.46,0.36,0.14,0.04,,,,,
3015,12349440,6301,25558.022472143668,15848.754966005545,4.35,2501.28,-0.010481220929250412,1922.261352032423,0.9208474411861971,3.95078144e-05,0.83020353,2.15,0.48,0.34,0.14,0.04,,,,,
3016,12353536,6302,25630.1090663108,15903.29534342338,4.35,2511.66,-0.008388252721488243,2447.9804408550262,0.9547703111311421,3.9487744e-05,0.9134898,2.14,0.49,0.33,0.14,0.04,,,,,
3017,12357632,6304,25696.31459950754,15937.318734023365,4.34,2519.74,-0.011319662261485064,1878.2377662658691,0.9563436023890972,3.94676736e-05,0.921273,2.12,0.5,0.32,0.14,0.04,,,,,
3018,12361728,6305,25706.2241373607,15933.47330971022,4.34,2519.61,-0.007635159465280594,5488.88741825521,0.9968865806004032,3.9447603199999996e-05,0.9200673,2.11,0.51,0.31,0.14,0.04,,,,,
3019,12365824,6306,25741.493102873606,15946.29001780783,4.34,2523.62,-0.01377784232954582,1526.2860028594732,0.9038821490248665,3.9427532799999995e-05,0.95794547,2.11,0.51,0.31,0.14,0.04,,,,,
3020,12369920,6308,25295.522959022594,15661.613270558175,4.31,2486.83,-0.008850581644765043,2976.8969174921513,0.9505824339576066,3.9407462399999994e-05,0.92795694,2.12,0.51,0.31,0.14,0.04,,,,,
3021,12374016,6311,24698.74044258104,15328.134459078969,4.32,2429.96,-0.00811023761116303,3681.035462498665,0.955123033025302,3.938739199999999e-05,0.92720675,2.2,0.49,0.31,0.16,0.04,,,,,
3022,12378112,6312,24586.3514766871,15263.247333981148,4.31,2421.71,-0.009750743726726796,2941.0780871212482,0.9563182244310156,3.936732159999999e-05,0.93734884,2.2,0.49,0.31,0.16,0.04,,,,,
3023,12382208,6315,24305.629254410745,15087.721368993292,4.29,2398.28,-0.00587988300503639,4808.22164991498,0.9384731851750985,3.9347251200000004e-05,0.90176755,2.21,0.48,0.32,0.16,0.04,,,,,
3024,12386304,6317,24711.963836969495,15362.59032137602,4.36,2419.11,-0.008230903307776316,11710.567914456129,0.9791358715156093,3.93271808e-05,0.9706187,2.26,0.48,0.3,0.17,0.05,,,,,
3025,12390400,6317,24711.963836969495,15362.59032137602,4.36,2419.11,-0.004277457084754133,4994.457720309496,0.9699704935774207,3.93071104e-05,0.88422865,2.26,0.48,0.3,0.17,0.05,31270.729609692047,19729.274334043537,5.333333333333333,2675.0,0.0
3026,12394496,6319,25082.50870839548,15615.284124520584,4.43,2449.39,-0.007810107294062618,6412.567494660616,0.9156075350474566,3.928704e-05,0.86899006,2.3,0.48,0.29,0.17,0.06,,,,,
3027,12398592,6320,25472.408835861934,15854.943730811023,4.46,2477.27,-0.009707038308079063,3076.401031047106,1.0262830660212785,3.92669696e-05,0.9475573,2.3,0.48,0.29,0.17,0.06,,,,,
3028,12402688,6322,25819.392438159386,16052.474002684343,4.47,2505.34,-0.00841055921773659,1540.0199159681797,0.9639986669644713,3.92468992e-05,0.9528799,2.28,0.47,0.31,0.16,0.06,,,,,
3029,12406784,6323,25398.91013877431,15776.199985995063,4.43,2489.97,-0.009064230809599394,2819.0566103458405,0.9184811802115291,3.92268288e-05,0.94411343,2.25,0.48,0.31,0.15,0.06,,,,,
3030,12410880,6323,25398.91013877431,15776.199985995063,4.43,2489.97,-0.005471084048622288,17047.22037154436,0.9929198768222705,3.9206758400000004e-05,0.95504045,2.25,0.48,0.31,0.15,0.06,,,,,
3031,12414976,6326,25799.410452251526,16023.00262592432,4.45,2507.69,-0.010011450235651864,4028.6413541436195,0.9211185389431193,3.9186688e-05,0.8234236,2.25,0.48,0.31,0.15,0.06,,,,,
3032,12419072,6327,25820.9630943337,16036.247237632417,4.45,2510.33,-0.014070887411435251,2776.1143801808357,0.9508955011842772,3.91666176e-05,0.9049732,2.25,0.48,0.31,0.15,0.06,,,,,
3033,12423168,6329,25885.916184406542,16077.92767007115,4.46,2511.58,-0.006491546197139542,2525.7955847382545,0.9195543813984841,3.91465472e-05,0.9042845,2.26,0.47,0.32,0.15,0.06,,,,,
3034,12427264,6330,26033.36028856992,16174.239811331965,4.46,2529.38,-0.013725154713029042,1573.2588527798653,0.9588387121912092,3.91264768e-05,0.94482285,2.24,0.48,0.31,0.15,0.06,,,,,
3035,12431360,6333,25789.620956554674,16012.832663254096,4.49,2495.57,-0.007561584424365719,4672.20280662179,0.9086838227231055,3.91064064e-05,0.95932007,2.31,0.46,0.32,0.15,0.07,,,,,
3036,12435456,6334,25909.022855808587,16093.489517906062,4.5,2506.88,-0.005358589812203718,13990.306858569384,0.8456048666266724,3.9086336e-05,0.6404743,2.31,0.46,0.32,0.15,0.07,,,,,
3037,12439552,6335,25729.16577779277,15974.493935366047,4.46,2501.86,-0.008834953691348346,2141.0401156544685,0.877141707460396,3.9066265599999996e-05,0.924827,2.27,0.47,0.32,0.14,0.07,,,,,
3038,12443648,6337,26058.051249440963,16153.135425096923,4.48,2521.66,-0.007673813272049301,6577.991108238697,0.9308188338764012,3.9046195199999995e-05,0.8542787,2.27,0.47,0.32,0.14,0.07,,,,,
3039,12447744,6340,25587.629816590157,15869.81456564957,4.43,2489.04,-0.012952750967087923,1466.005384594202,0.9495570765575394,3.9026124799999994e-05,0.8929794,2.25,0.48,0.31,0.14,0.07,,,,,
3040,12451840,6341,25472.01543970787,15814.345610972741,4.45,2469.5,-0.006298944569607556,7699.774679630995,0.9026258825324476,3.900605439999999e-05,0.93096375,2.29,0.47,0.31,0.15,0.07,,,,,
3041,12455936,6342,26043.998731383323,16162.362329423502,4.46,2518.52,-0.008679549327098357,3605.199976056814,0.9020017308648676,3.898598399999999e-05,0.9535043,2.25,0.48,0.31,0.14,0.07,,,,,
3042,12460032,6343,25903.84496432051,16066.78150451614,4.45,2507.68,-0.011629080275270098,1264.8467899113894,0.9662905174773186,3.89659136e-05,0.944835,2.25,0.48,0.31,0.14,0.07,,,,,
3043,12464128,6345,26030.224139084447,16132.9599376012,4.42,2518.29,-0.008935137888329336,2792.9068323373795,0.9910501693375409,3.894584319999999e-05,0.9365082,2.21,0.48,0.32,0.14,0.06,,,,,
3044,12468224,6347,25809.681971596907,16016.69766725624,4.44,2491.35,-0.01266969327298284,3755.1160133481026,0.9504275802755728,3.892577279999999e-05,0.9447054,2.27,0.46,0.32,0.16,0.06,,,,,
3045,12472320,6348,26238.910816879827,16271.51793796415,4.48,2520.72,-0.01165394660029051,2660.488502085209,0.9534617498284206,3.890570239999999e-05,0.92738426,2.28,0.45,0.33,0.16,0.06,,,,,
3046,12476416,6349,26610.094272841485,16506.1150578845,4.49,2555.01,-0.01118643827339838,2731.789461284876,0.9936475472059101,3.8885632e-05,0.95373636,2.25,0.46,0.33,0.15,0.06,,,,,
3047,12480512,6350,26542.980945627154,16461.184477524897,4.49,2548.32,-0.006964466870158503,3226.4439147412777,0.8894912722753361,3.88655616e-05,0.9676814,2.26,0.45,0.34,0.15,0.06,,,,,
3048,12484608,6351,26929.816134562596,16689.603830827367,4.48,2582.09,-0.009003554901937605,1708.582976937294,0.8831083549885079,3.88454912e-05,0.97672725,2.21,0.46,0.34,0.15,0.05,,,,,
3049,12488704,6353,27371.458810833814,16975.217662260322,4.49,2623.86,-0.008937202092511143,3140.616678416729,0.9463606267236173,3.88254208e-05,0.89614844,2.17,0.47,0.34,0.14,0.05,,,,,
3050,12492800,6354,27627.94873669764,17124.964767822024,4.47,2652.04,-0.010448724752677663,2569.974262982607,0.9371795686893165,3.8805350399999996e-05,0.940509,2.12,0.48,0.34,0.14,0.04,26286.42198575915,16370.764674528164,4.966666666666667,2346.4333333333334,0.0
3051,12496896,6355,27754.664411740505,17213.85774984909,4.47,2670.53,-0.011282553406999796,1999.325109899044,0.9682146641425788,3.8785279999999995e-05,0.9534634,2.1,0.49,0.33,0.14,0.04,,,,,
3052,12500992,6356,27838.895581654517,17265.936858378736,4.49,2672.21,-0.010474652394805162,1958.2853419780731,0.9368175601121038,3.876520960000001e-05,0.95952,2.12,0.48,0.34,0.14,0.04,,,,,
3053,12505088,6357,27854.52503340824,17268.539732820227,4.49,2672.9,-0.00856658073644212,4552.489098370075,0.9878027755767107,3.8745139200000006e-05,0.9620833,2.12,0.48,0.34,0.14,0.04,,,,,
3054,12509184,6360,28016.84538017988,17373.074452593402,4.53,2681.5,-0.011144720061111002,1741.9028898626566,1.0076678319601342,3.8725068800000005e-05,0.9663578,2.15,0.47,0.35,0.13,0.05,,,,,
3055,12513280,6363,26828.404506435,16661.13554311921,4.47,2595.47,-0.009969436257961206,3043.1753798425198,1.0092865951592103,3.8704998400000004e-05,0.9555533,2.19,0.45,0.36,0.14,0.05,,,,,
3056,12517376,6365,26620.71973015757,16527.88087733504,4.44,2582.64,-0.013160564312784118,1363.5787558108568,0.9851523818215355,3.8684928e-05,0.9442408,2.18,0.46,0.35,0.14,0.05,,,,,
3057,12521472,6368,26125.199420648532,16225.911452978173,4.43,2540.75,-0.010916049328443478,1717.2123053073883,0.9414000356337056,3.86648576e-05,0.9279499,2.22,0.46,0.34,0.15,0.05,,,,,
3058,12525568,6369,26665.71115835379,16562.812618765718,4.45,2578.06,-0.007983953430084512,4354.816707909107,0.9227931923232973,3.86447872e-05,0.97221094,2.2,0.46,0.35,0.14,0.05,,,,,
3059,12529664,6371,26500.15837198828,16483.190495009752,4.47,2563.17,-0.007605609222082421,5390.646794110537,0.9762934291502461,3.86247168e-05,0.95822275,2.24,0.45,0.35,0.15,0.05,,,,,
3060,12533760,6373,25862.04741362913,16070.98289745352,4.47,2509.92,-0.010325752924472908,6041.516580671072,0.9836559212999418,3.86046464e-05,0.93971467,2.29,0.44,0.35,0.15,0.06,,,,,
3061,12537856,6374,25884.330702945717,16080.494234084454,4.47,2512.07,-0.013304838151270815,1416.2762388437986,0.9447001070948318,3.8584576e-05,0.90934306,2.29,0.44,0.35,0.15,0.06,,,,,
3062,12541952,6376,25463.839956130298,15804.843218930775,4.45,2481.94,-0.00870046244472178,2960.6421623528004,0.974491145578213,3.8564505599999996e-05,0.9538087,2.3,0.44,0.35,0.15,0.06,,,,,
3063,12546048,6378,25467.343905841448,15826.258599084818,4.43,2486.77,-0.00945584984629022,5042.501626372337,0.9879415954928845,3.8544435199999995e-05,0.85693663,2.28,0.44,0.36,0.14,0.06,,,,,
3064,12550144,6379,25695.8778043572,15967.851935888377,4.45,2503.56,-0.012305872282013297,1601.6299930214882,0.8932699012802914,3.8524364799999994e-05,0.9447851,2.28,0.44,0.36,0.14,0.06,,,,,
3065,12554240,6380,25950.45079915597,16121.471264427048,4.47,2523.17,-0.010376374244515318,1006.1495816260576,0.9296846189536154,3.850429439999999e-05,0.97249335,2.28,0.44,0.36,0.14,0.06,,,,,
3066,12558336,6383,25794.661631396633,16025.934888483376,4.5,2507.01,-0.010611722736939555,1877.7400045990944,1.0075492765754461,3.848422399999999e-05,0.9446005,2.33,0.42,0.37,0.15,0.06,,,,,
3067,12562432,6383,25794.661631396633,16025.934888483376,4.5,2507.01,-0.009815469376917463,3004.366071999073,0.9663109123939648,3.846415359999999e-05,0.94786936,2.33,0.42,0.37,0.15,0.06,,,,,
3068,12566528,6385,25746.258899821438,16032.956616199723,4.53,2504.65,-0.0078042552413535304,7448.269447445869,0.9893975290469825,3.8444083200000004e-05,0.9499113,2.36,0.43,0.35,0.15,0.07,,,,,
3069,12570624,6387,25716.102510248355,15980.130681219296,4.49,2505.89,-0.011375747822057747,2543.877847984433,0.9316950489301234,3.84240128e-05,0.88595796,2.31,0.44,0.35,0.15,0.06,,,,,
3070,12574720,6388,25659.041763352332,15956.4624322181,4.5,2497.15,-0.008115738666674588,3574.813558369875,0.9110873673344031,3.84039424e-05,0.95436424,2.33,0.43,0.36,0.15,0.06,,,,,
3071,12578816,6389,26374.589174515728,16400.38919768264,4.54,2553.32,-0.0073509925496182404,7140.3419716358185,0.9926513020182028,3.8383872e-05,0.9509081,2.31,0.44,0.35,0.15,0.06,,,,,
3072,12582912,6390,26544.448693294773,16496.658101538917,4.56,2559.97,-0.007839627337489219,3204.4835302978754,0.9072064041392878,3.83638016e-05,0.9743708,2.32,0.44,0.35,0.15,0.06,,,,,
3073,12587008,6392,26297.047063334157,16344.510380992007,4.54,2540.96,-0.007362490264313237,4798.285383164883,0.9618088226998225,3.83437312e-05,0.9063763,2.31,0.44,0.35,0.15,0.06,,,,,
3074,12591104,6393,26162.21087793058,16266.182090434553,4.53,2534.78,-0.0070750364120613085,3572.844954878092,0.9263387148967013,3.83236608e-05,0.9116992,2.3,0.45,0.34,0.15,0.06,,,,,
3075,12595200,6395,26141.723159025587,16246.230476431887,4.55,2527.12,-0.011035252337933343,2121.3753296136856,0.9534052612725645,3.8303590399999996e-05,0.941242,2.33,0.44,0.34,0.16,0.06,25805.061627716022,16275.452587585076,5.033333333333333,2342.733333333333,0.0
3076,12599296,6397,26575.64415563809,16531.390793831575,4.57,2568.01,-0.009275447248001,2719.037821471691,0.8940807053586468,3.8283519999999995e-05,0.9430974,2.3,0.45,0.34,0.15,0.06,,,,,
3077,12603392,6399,26740.955087679577,16628.801001627657,4.56,2590.69,-0.00863511009629292,3103.241197794676,0.8834321741014719,3.8263449599999994e-05,0.8919161,2.27,0.46,0.34,0.14,0.06,,,,,
3078,12607488,6399,26740.955087679577,16628.801001627657,4.56,2590.69,-0.011842485506349476,2335.395906597376,0.9122086245333776,3.824337919999999e-05,0.9744879,2.27,0.46,0.34,0.14,0.06,,,,,
3079,12611584,6401,27228.064418675858,16948.37050279613,4.61,2624.78,-0.01352710329410911,2800.048801422119,0.9331936751259491,3.822330879999999e-05,0.9410989,2.28,0.45,0.35,0.14,0.06,,,,,
3080,12615680,6402,27349.6192636578,17023.25575862482,4.62,2634.47,-0.01164442461777071,2679.543478280306,1.0071074066217989,3.8203238400000004e-05,0.94715,2.28,0.45,0.35,0.14,0.06,,,,,
3081,12619776,6404,27202.594689316593,16934.079869304514,4.62,2620.09,-0.009640882548410445,5431.974645525217,1.0012112531112507,3.8183168e-05,0.8441241,2.3,0.44,0.36,0.14,0.06,,,,,
3082,12623872,6407,26634.127319038475,16605.95380719706,4.64,2559.37,-0.006565577239598497,5646.689419031143,0.9127749354811385,3.81630976e-05,0.95240754,2.39,0.41,0.37,0.15,0.07,,,,,
3083,12627968,6409,26614.12215726628,16588.174797153115,4.61,2564.63,-0.007491704993299209,2943.1227096021175,0.9138894926290959,3.81430272e-05,0.87849975,2.35,0.42,0.37,0.14,0.07,,,,,
3084,12632064,6410,26637.45884057718,16581.159001856202,4.58,2571.41,-0.012343412447080482,2636.8386336117983,0.9576939870603383,3.81229568e-05,0.9220395,2.31,0.43,0.37,0.13,0.07,,,,,
3085,12636160,6412,26866.552092677466,16732.65921913735,4.61,2588.11,-0.010668658560462063,4231.938176959753,1.0243108221329749,3.81028864e-05,0.9533638,2.32,0.43,0.36,0.14,0.07,,,,,
3086,12640256,6414,26962.99524587502,16796.160711852295,4.62,2591.07,-0.008909867434340413,3260.797863662243,0.8946557879680768,3.8082816e-05,0.96691704,2.33,0.43,0.36,0.14,0.07,,,,,
3087,12644352,6414,26962.99524587502,16796.160711852295,4.62,2591.07,-0.008851111357216723,4745.8353152275085,0.902283315663226,3.80627456e-05,0.9554265,2.33,0.43,0.36,0.14,0.07,,,,,
3088,12648448,6416,27138.646128803095,16873.56141378281,4.61,2619.59,-0.008504266727868526,3446.4022998809814,0.9477875730954111,3.8042675199999996e-05,0.91255647,2.28,0.45,0.35,0.13,0.07,,,,,
3089,12652544,6417,27414.100175270145,17049.086550747357,4.61,2639.49,-0.012697296877377084,1021.2795812934637,0.9369269304443151,3.8022604799999995e-05,0.9797228,2.26,0.45,0.35,0.14,0.06,,,,,
3090,12656640,6419,27512.489819211896,17091.44378422069,4.6,2642.12,-0.007528550129791256,4602.104730248451,1.0224763087462634,3.800253440000001e-05,0.9612831,2.24,0.45,0.35,0.15,0.05,,,,,
3091,12660736,6421,27079.262276904137,16827.545951385822,4.58,2603.06,-0.011553826039744308,2376.9431248903275,0.898371288087219,3.7982464000000006e-05,0.93673337,2.26,0.44,0.36,0.15,0.05,,,,,
3092,12664832,6422,27428.34522856073,17045.64522765006,4.6,2629.92,-0.006611726265873585,3422.093564271927,0.9275469534331933,3.7962393600000005e-05,0.9649028,2.25,0.45,0.35,0.15,0.05,,,,,
3093,12668928,6423,27382.900347479652,17021.276739162702,4.6,2626.2,-0.011745859805159853,2990.1632971167564,0.9526688879122958,3.7942323200000004e-05,0.9229264,2.26,0.44,0.36,0.15,0.05,,,,,
3094,12673024,6423,27382.900347479652,17021.276739162702,4.6,2626.2,-0.00861168409937818,2616.048039138317,0.9357608564896509,3.79222528e-05,0.9580428,2.26,0.44,0.36,0.15,0.05,,,,,
3095,12677120,6425,27433.236841168975,17058.0253379276,4.6,2636.31,-0.0061642222408409,13931.653113931417,0.9015639255521819,3.79021824e-05,0.96589255,2.25,0.45,0.35,0.15,0.05,,,,,
3096,12681216,6427,27414.18379423385,17032.526352663277,4.59,2636.93,-0.00971372467938636,4466.79586327076,1.0098780459957197,3.7882112e-05,0.6419447,2.24,0.46,0.34,0.15,0.05,,,,,
3097,12685312,6429,27163.790858404096,16886.147342728065,4.56,2620.19,-0.010162871905777138,2794.7466810047626,0.9750487137353048,3.78620416e-05,0.751875,2.23,0.47,0.33,0.15,0.05,,,,,
3098,12689408,6430,27249.221531295636,16924.499525594303,4.57,2623.95,-0.008925511243432993,1449.5069139301777,0.9402474833186716,3.78419712e-05,0.94402343,2.23,0.47,0.33,0.15,0.05,,,,,
3099,12693504,6431,27126.96452521188,16855.45230234413,4.56,2620.21,-0.011478754686777393,1930.9054093509912,0.998555563041009,3.78219008e-05,0.9542514,2.22,0.48,0.32,0.15,0.05,,,,,
3100,12697600,6432,27422.645449371437,17039.700199707706,4.57,2649.41,-0.00462304759730614,7385.195697277784,0.9518387356074527,3.7801830399999996e-05,0.8062448,2.2,0.49,0.31,0.15,0.05,27211.51707725778,17077.153565775032,5.033333333333333,2430.266666666667,0.0
3101,12701696,6432,27422.645449371437,17039.700199707706,4.57,2649.41,-0.006474211816112074,4480.52245247364,0.898127751192078,3.7781759999999995e-05,0.9707062,2.2,0.49,0.31,0.15,0.05,,,,,
3102,12705792,6434,27942.064847332163,17366.96671973491,4.58,2685.88,-0.00844381698698271,4165.797375023365,0.9663757011294365,3.7761689599999994e-05,0.9016503,2.17,0.49,0.32,0.15,0.04,,,,,
3103,12709888,6436,27681.33789617418,17229.911572329005,4.58,2665.67,-0.008208064069549437,5058.926860809326,1.004930574214086,3.774161919999999e-05,0.9597085,2.2,0.47,0.34,0.15,0.04,,,,,
3104,12713984,6438,27805.81772954743,17310.2136846322,4.61,2671.94,-0.013579389456936042,2042.1103085577488,0.92407878767699,3.772154879999999e-05,0.90248847,2.22,0.48,0.32,0.15,0.05,,,,,
3105,12718080,6439,28167.56330038604,17539.543183079542,4.64,2703.48,-0.007396323142529582,4810.5605092942715,0.9485010919161141,3.770147839999999e-05,0.90569615,2.22,0.48,0.32,0.15,0.05,,,,,
3106,12722176,6440,28502.017993659283,17750.54809873721,4.67,2726.44,-0.008945595195655187,2604.105603516102,1.000669622211717,3.768140799999999e-05,0.95899916,2.23,0.47,0.33,0.15,0.05,,,,,
3107,12726272,6442,28175.24299050352,17518.603790600264,4.62,2710.22,-0.008637655919756071,1297.2161956876516,0.9056512902025133,3.766133759999999e-05,0.9570319,2.19,0.48,0.33,0.14,0.05,,,,,
3108,12730368,6443,28129.898132374215,17509.31007297193,4.62,2708.07,-0.007970287922944408,1930.9344163686037,0.9661379453027621,3.76412672e-05,0.92428434,2.19,0.48,0.33,0.14,0.05,,,,,
3109,12734464,6444,28224.493025031505,17581.72396582961,4.63,2713.23,-0.008767771283601178,3554.678692340851,0.930295561440289,3.76211968e-05,0.937444,2.19,0.48,0.33,0.14,0.05,,,,,
3110,12738560,6446,28458.945970528588,17714.02793157142,4.64,2734.98,-0.008998323040941614,3568.1589988470078,0.9711891658371314,3.76011264e-05,0.91767514,2.17,0.48,0.34,0.13,0.05,,,,,
3111,12742656,6447,28796.370528368057,17946.055625348414,4.67,2755.82,-0.004925303463096498,11761.350309491158,0.9090186095563695,3.7581056e-05,0.95100313,2.18,0.48,0.34,0.13,0.05,,,,,
3112,12746752,6448,28696.347567615634,17894.58101791048,4.66,2754.35,-0.005680356207449222,3643.645759344101,0.9680521932896227,3.75609856e-05,0.94422966,2.17,0.49,0.33,0.13,0.05,,,,,
3113,12750848,6450,28207.07020907932,17605.705855700853,4.68,2706.98,-0.010032351125119021,3376.1347449421883,0.9198868598323315,3.754091520000001e-05,0.961666,2.25,0.48,0.32,0.14,0.06,,,,,
3114,12754944,6450,28207.07020907932,17605.705855700853,4.68,2706.98,-0.006690891068501514,6933.015457957983,0.9358668904751539,3.752084480000001e-05,0.9693052,2.25,0.48,0.32,0.14,0.06,,,,,
3115,12759040,6452,28494.406843025936,17788.061365237783,4.69,2723.88,-0.00840410768341826,7288.202961921692,0.8972771601984277,3.750077440000001e-05,0.9616195,2.24,0.49,0.31,0.14,0.06,,,,,
3116,12763136,6452,28494.406843025936,17788.061365237783,4.69,2723.88,-0.009852990149738616,3226.4070886075497,0.8977131296414882,3.7480704000000006e-05,0.97221255,2.24,0.49,0.31,0.14,0.06,,,,,
3117,12767232,6453,29034.945246832176,18122.875729467672,4.73,2760.24,-0.006780462051665381,6587.9253043830395,0.9773608187679201,3.7460633600000005e-05,0.8603218,2.25,0.48,0.32,0.14,0.06,,,,,
3118,12771328,6456,28643.17197324761,17876.048896421224,4.71,2720.32,-0.010237984160085034,2693.8048307299614,0.9103755459655076,3.7440563200000004e-05,0.9486252,2.26,0.48,0.31,0.15,0.06,,,,,
3119,12775424,6458,28395.882538707614,17716.05210423108,4.72,2697.72,-0.008740629064050154,4245.443230390549,0.9328608961077407,3.74204928e-05,0.90010697,2.29,0.48,0.3,0.15,0.07,,,,,
3120,12779520,6459,28526.205614725473,17786.49893684373,4.73,2704.9,-0.007773924384309794,2840.3458150029182,0.9016733053140342,3.74004224e-05,0.94831353,2.29,0.48,0.3,0.15,0.07,,,,,
3121,12783616,6460,28865.835702024535,17999.008591081536,4.72,2734.46,-0.011092712566096452,3044.746479794383,0.9212071190122515,3.7380352e-05,0.9408718,2.25,0.48,0.31,0.15,0.06,,,,,
3122,12787712,6461,29302.338787926874,18257.90971070879,4.73,2769.72,-0.006501413580735971,4893.817351162434,0.8742464248789474,3.73602816e-05,0.96506053,2.22,0.49,0.31,0.14,0.06,,,,,
3123,12791808,6463,29379.180030165593,18316.64818652497,4.72,2780.16,-0.006669326096925943,4470.262704610825,0.9433907247148454,3.73402112e-05,0.88906276,2.2,0.49,0.32,0.13,0.06,,,,,
3124,12795904,6465,29167.487509968974,18208.442556774415,4.74,2756.47,-0.002985055594763253,11232.92182636261,0.9056409883778542,3.73201408e-05,0.58903337,2.25,0.47,0.33,0.14,0.06,,,,,
3125,12800000,6467,29630.973141532355,18498.95240357833,4.75,2799.42,-0.010078304944727279,1412.491359040141,0.945395479327999,3.7300070399999997e-05,0.95837325,2.21,0.48,0.33,0.13,0.06,25066.87263925955,15884.021536084967,4.966666666666667,2252.6666666666665,0.0
3126,12804096,6468,30003.024859340476,18729.42788695816,4.75,2834.58,-0.00733742657394032,4737.556938588619,0.9682611293392256,3.7279999999999995e-05,0.93967235,2.17,0.49,0.33,0.12,0.06,,,,,
3127,12808192,6469,29832.16952644874,18616.704062461307,4.73,2829.97,-0.009033173105308379,2699.9189552664757,0.971675907378085,3.7259929599999994e-05,0.95459044,2.15,0.5,0.32,0.12,0.06,,,,,
3128,12812288,6470,29907.62186711184,18667.50293227694,4.74,2831.38,-0.008072287363575015,3384.1323402523994,0.9169447333551943,3.723985919999999e-05,0.95035297,2.16,0.5,0.32,0.12,0.06,,,,,
3129,12816384,6472,30017.575932126838,18730.766515650917,4.7,2852.53,-0.007464029699804087,4905.021798044443,1.0190177810145542,3.721978879999999e-05,0.86955523,2.1,0.51,0.32,0.12,0.05,,,,,
3130,12820480,6474,29741.17658696093,18569.68233393159,4.71,2821.49,-0.007351315183768747,2986.1569443941116,0.9945705244317651,3.719971839999999e-05,0.87660223,2.14,0.5,0.32,0.13,0.05,,,,,
3131,12824576,6475,30027.882451462723,18750.432033560668,4.73,2840.3,-0.0031148177386057796,13527.398723572493,0.8981188895413652,3.717964799999999e-05,0.8453003,2.14,0.5,0.32,0.13,0.05,,,,,
3132,12828672,6476,29945.79394836538,18697.03260863839,4.7,2837.19,-0.009509111780062085,1276.8629488945007,0.9081236430210993,3.715957759999999e-05,0.9630545,2.11,0.5,0.33,0.12,0.05,,,,,
3133,12832768,6478,30341.097299371253,18942.967513516665,4.71,2865.25,-0.006132399466878269,10886.17244014144,0.9780531151918694,3.713950719999999e-05,0.85971,2.08,0.52,0.31,0.12,0.05,,,,,
3134,12836864,6480,29916.548746323744,18696.748715086447,4.67,2835.2,-0.006125026674453693,8998.965259641409,1.002948337350972,3.711943679999999e-05,0.71239275,2.08,0.52,0.31,0.12,0.05,,,,,
3135,12840960,6481,29662.39511941037,18559.769759971023,4.68,2812.04,-0.006137192551250337,8695.574606120586,0.9122111910255626,3.70993664e-05,0.9145802,2.12,0.51,0.31,0.13,0.05,,,,,
3136,12845056,6482,30390.703599936816,19036.702425515217,4.73,2851.48,-0.0054384178129112115,35625.045857548714,0.9396313379984349,3.7079296e-05,0.91352904,2.13,0.51,0.31,0.13,0.05,,,,,
3137,12849152,6483,30791.002563491744,19288.225560161718,4.73,2888.41,-0.009068204201867047,3539.760705024004,0.9167691448237747,3.70592256e-05,0.95239085,2.09,0.52,0.31,0.12,0.05,,,,,
3138,12853248,6484,30736.358790216622,19241.258775756683,4.73,2877.26,-0.009167989703200874,1755.0663443803787,0.9679892197018489,3.7039155199999996e-05,0.965597,2.1,0.51,0.32,0.12,0.05,,,,,
3139,12857344,6485,31166.975403353375,19491.662804567153,4.72,2918.01,-0.008088265070000489,6466.843382209539,0.9770852833753452,3.7019084799999995e-05,0.92810273,2.05,0.52,0.32,0.12,0.04,,,,,
3140,12861440,6487,30942.164683458082,19365.18532176116,4.71,2897.08,-0.0077616807520826114,5433.140790909529,0.9185108807869256,3.699901440000001e-05,0.8162721,2.06,0.51,0.33,0.12,0.04,,,,,
3141,12865536,6489,30467.25616063307,19080.32157327056,4.69,2864.96,-0.005597058349849249,8719.877304494381,0.9559215701883659,3.6978944000000006e-05,0.8695945,2.08,0.51,0.32,0.13,0.04,,,,,
3142,12869632,6491,30062.391521359947,18828.350418936025,4.67,2832.92,-0.012369469882287376,919.8905153572559,0.929970252676867,3.6958873600000005e-05,0.9633428,2.1,0.5,0.33,0.13,0.04,,,,,
3143,12873728,6493,29781.75272270873,18649.790378497073,4.65,2813.1,-0.00954943780652684,4350.832943320274,0.9996072405483574,3.6938803200000004e-05,0.9329595,2.11,0.5,0.33,0.13,0.04,,,,,
3144,12877824,6494,30310.057417895106,18993.4482173909,4.68,2850.06,-0.005776942482953018,6330.310113608837,0.8779940869426355,3.69187328e-05,0.95011747,2.1,0.5,0.33,0.13,0.04,,,,,
3145,12881920,6495,30659.28525391976,19213.99719601692,4.7,2874.66,-0.006468817589848186,6119.307153642178,0.9231964274076745,3.68986624e-05,0.9520639,2.09,0.5,0.34,0.12,0.04,,,,,
3146,12886016,6498,30602.215311051816,19177.443772208197,4.75,2858.52,-0.006536597317790438,3199.2485585212708,0.9209639163454995,3.6878592e-05,0.95527875,2.16,0.48,0.34,0.13,0.05,,,,,
3147,12890112,6498,30602.215311051816,19177.443772208197,4.75,2858.52,-0.007124807604668604,4341.152488291264,0.9474758947035298,3.68585216e-05,0.97077346,2.16,0.48,0.34,0.13,0.05,,,,,
3148,12894208,6501,30396.21084138028,19024.678218725876,4.74,2832.78,-0.008338111044395191,3367.0024527311325,0.9754490746418014,3.68384512e-05,0.95647854,2.18,0.48,0.33,0.14,0.05,,,,,
3149,12898304,6502,30534.234820919497,19112.643528269065,4.76,2831.54,-0.007425696368954959,5105.408872395754,0.9242710421094671,3.68183808e-05,0.97161245,2.2,0.47,0.34,0.14,0.05,,,,,
3150,12902400,6504,30595.215693496735,19148.044412306288,4.76,2834.5,-0.007396070623144624,2894.908852994442,0.9708884755382314,3.67983104e-05,0.90343106,2.19,0.47,0.34,0.14,0.05,32630.610897175855,20497.41284048752,5.433333333333334,2757.4,0.0
3151,12906496,6505,30841.63210300142,19321.60087066143,4.78,2849.93,-0.0071127037354017375,5323.044576525688,0.9026457661530003,3.6778239999999996e-05,0.97439146,2.19,0.47,0.34,0.14,0.05,,,,,
3152,12910592,6506,30784.399693772615,19282.675945698866,4.77,2848.52,-0.010739791150626843,2876.247739493847,0.9154131220420823,3.6758169599999995e-05,0.963516,2.18,0.48,0.33,0.14,0.05,,,,,
3153,12914688,6507,31325.194086074716,19613.67858841154,4.77,2893.0,-0.009023712133057415,3384.205936998129,0.9542057479266077,3.6738099199999994e-05,0.97077507,2.13,0.49,0.33,0.14,0.04,,,,,
3154,12918784,6509,31419.818475146025,19665.401655111542,4.77,2902.99,-0.010971394111038535,2297.7958503365517,0.9673570200102404,3.671802879999999e-05,0.76391953,2.12,0.5,0.32,0.14,0.04,,,,,
3155,12922880,6510,31567.868513098452,19747.00064226237,4.78,2915.16,-0.007431490204908187,2882.8547924757004,0.9850362391443923,3.669795839999999e-05,0.9563213,2.12,0.5,0.32,0.14,0.04,,,,,
3156,12926976,6512,31604.63258436089,19756.268328204264,4.8,2908.59,-0.007889223496931663,4436.172734230757,0.9517624700674787,3.667788799999999e-05,0.9430126,2.15,0.49,0.33,0.14,0.04,,,,,
3157,12931072,6514,31571.355624080996,19714.37114263446,4.79,2908.41,-0.004196160355604661,4323.265450179577,0.8927744361571968,3.66578176e-05,0.8964226,2.14,0.49,0.33,0.14,0.04,,,,,
3158,12935168,6515,31290.101860561837,19532.669612405745,4.77,2887.18,-0.007791017188537808,1750.865328669548,0.9257644736208022,3.66377472e-05,0.96396255,2.14,0.49,0.33,0.14,0.04,,,,,
3159,12939264,6516,31277.901281116683,19534.60100893878,4.77,2886.58,-0.006066984197786951,3461.377369016409,0.8634306248277426,3.66176768e-05,0.88985425,2.14,0.49,0.33,0.14,0.04,,,,,
3160,12943360,6517,31400.500961020836,19608.447604676287,4.76,2904.53,-0.007468969310139073,4270.344346165657,0.9928162809228525,3.65976064e-05,0.89801943,2.11,0.5,0.33,0.13,0.04,,,,,
3161,12947456,6519,31317.02375823085,19555.82416766291,4.73,2905.98,-0.012362283841866883,2420.0268475413322,0.8896758635528386,3.6577536e-05,0.9232881,2.08,0.51,0.33,0.12,0.04,,,,,
3162,12951552,6519,31317.02375823085,19555.82416766291,4.73,2905.98,-0.007285483885425492,3559.6092240810394,0.9177878940245137,3.65574656e-05,0.9631207,2.08,0.51,0.33,0.12,0.04,,,,,
3163,12955648,6520,31838.191553105473,19877.47703128793,4.76,2949.73,-0.008309069082315546,2855.1541655361652,0.910267744679004,3.6537395199999996e-05,0.9405163,2.06,0.52,0.32,0.12,0.04,,,,,
3164,12959744,6521,32244.315177598048,20133.62928518906,4.78,2980.37,-0.008724221610918903,4977.269693106413,0.9147576716495678,3.6517324799999995e-05,0.965412,2.05,0.53,0.31,0.12,0.04,,,,,
3165,12963840,6521,32244.315177598048,20133.62928518906,4.78,2980.37,-0.009486361139352084,5750.236289680004,0.9259226247668266,3.6497254399999994e-05,0.9675364,2.05,0.53,0.31,0.12,0.04,,,,,
3166,12967936,6523,32508.132430599642,20309.456715028206,4.8,2992.5,-0.004630591751265456,16762.34248456359,0.9163187071681023,3.647718399999999e-05,0.9071991,2.06,0.53,0.31,0.12,0.04,,,,,
3167,12972032,6525,31896.378563963972,19933.04125462205,4.8,2946.71,-0.007796366518959985,6800.95685338974,1.0347699085250497,3.645711359999999e-05,0.93037355,2.11,0.52,0.31,0.12,0.05,,,,,
3168,12976128,6526,32225.090528850797,20159.638899865,4.85,2959.78,-0.007270812569913687,11917.423073589802,0.8805877554696053,3.6437043200000005e-05,0.96854454,2.15,0.51,0.31,0.13,0.05,,,,,
3169,12980224,6527,32441.98558971923,20301.193697027567,4.87,2978.37,-0.009696194374555489,5783.549305140972,0.9897808427922428,3.6416972800000003e-05,0.9435257,2.15,0.51,0.31,0.13,0.05,,,,,
3170,12984320,6529,32767.482324955963,20489.243341694797,4.9,2995.46,-0.01090407106676139,1475.5354121923447,0.9858787989942357,3.63969024e-05,0.9783996,2.16,0.5,0.32,0.13,0.05,,,,,
3171,12988416,6533,31222.760258562565,19583.267614821085,4.86,2860.04,-0.008607859981566435,7720.909891039133,0.9621075694449246,3.6376832e-05,0.88204,2.27,0.46,0.34,0.15,0.05,,,,,
3172,12992512,6535,31186.036767318616,19534.600402708023,4.85,2854.06,-0.009926781815920549,1962.70005312562,0.9836552754277363,3.63567616e-05,0.9547891,2.26,0.47,0.33,0.15,0.05,,,,,
3173,12996608,6536,31210.17777297065,19542.948851391226,4.84,2858.12,-0.009992786694965616,3270.6685388088226,0.9521344698732719,3.63366912e-05,0.93218184,2.24,0.48,0.32,0.15,0.05,,,,,
3174,13000704,6539,31112.737069784504,19498.594621523338,4.87,2842.23,-0.006376798886776669,8453.260843396187,0.9258256407920271,3.63166208e-05,0.9074277,2.29,0.46,0.33,0.17,0.04,,,,,
3175,13004800,6540,30998.867838301492,19432.614997187025,4.87,2830.41,-0.004876072795923392,10049.928816616535,0.9091169805033132,3.62965504e-05,0.9575501,2.3,0.46,0.33,0.17,0.04,26735.84671500133,17034.20961423814,5.0,2331.4333333333334,0.0
3176,13008896,6541,31415.010284214757,19718.93092858995,4.92,2842.31,-0.004638224949303549,32568.25845116377,0.9216781847644597,3.6276479999999996e-05,0.95256054,2.34,0.45,0.33,0.18,0.04,,,,,
3177,13012992,6544,30862.89629136688,19369.423506851632,4.92,2788.17,-0.00869250453706627,3304.5238351225853,1.0148146632127464,3.6256409599999995e-05,0.91084725,2.41,0.43,0.33,0.2,0.04,,,,,
3178,13017088,6544,30862.89629136688,19369.423506851632,4.92,2788.17,-0.0076951614423705905,16378.587750196457,0.9035945809446275,3.6236339199999994e-05,0.9591089,2.41,0.43,0.33,0.2,0.04,,,,,
3179,13021184,6546,31283.71796871729,19639.47547426475,4.95,2809.08,-0.00712488689168822,3001.682188153267,0.9762815387221053,3.621626879999999e-05,0.94129217,2.42,0.43,0.33,0.2,0.04,,,,,
3180,13025280,6547,31763.78378923924,19925.83441574108,4.96,2839.2,-0.0020454107580007985,34546.53856450319,0.8331162522081286,3.6196198400000005e-05,0.96649975,2.4,0.43,0.34,0.19,0.04,,,,,
3181,13029376,6548,31823.60888483961,19971.141966311436,4.97,2837.7,-0.006435416580643505,4541.3310370743275,0.9716603920096532,3.6176128000000004e-05,0.9705745,2.41,0.42,0.35,0.19,0.04,,,,,
3182,13033472,6550,31954.408774268566,20025.218142686208,4.96,2843.75,-0.0052800392436438415,5151.561405539513,0.9525572113925591,3.61560576e-05,0.96183,2.39,0.42,0.35,0.2,0.03,,,,,
3183,13037568,6550,31954.408774268566,20025.218142686208,4.96,2843.75,-0.006654668259216123,2409.899865567684,0.8974482454359531,3.61359872e-05,0.953065,2.39,0.42,0.35,0.2,0.03,,,,,
3184,13041664,6552,31477.491284748852,19720.729587931088,4.94,2808.66,-0.005670249636750668,2794.5987517237663,0.9438258771551773,3.61159168e-05,0.9073547,2.41,0.41,0.36,0.2,0.03,,,,,
3185,13045760,6556,30666.04293275306,19231.373775248652,4.94,2744.99,-0.00871484896288166,6019.286615669727,1.0028516059974208,3.60958464e-05,0.9064912,2.48,0.4,0.36,0.2,0.04,,,,,
3186,13049856,6559,29962.43266677251,18829.624004639158,4.89,2687.38,-0.008013793762074783,5931.874184817076,0.9400062337517738,3.6075776e-05,0.8505833,2.49,0.39,0.36,0.22,0.03,,,,,
3187,13053952,6561,29477.40003200814,18518.845539922553,4.85,2659.89,-0.008015341016289312,2651.0452826321125,1.0093941952800378,3.60557056e-05,0.89486766,2.48,0.4,0.35,0.22,0.03,,,,,
3188,13058048,6562,29788.054350218896,18690.37433352598,4.87,2678.84,-0.0081477992962391,3546.478517025709,0.9200089719379321,3.6035635199999997e-05,0.9580288,2.48,0.4,0.35,0.22,0.03,,,,,
3189,13062144,6566,29491.973762142134,18510.05104959435,4.87,2649.62,-0.005858902106410824,9890.731157660484,0.9363025693455711,3.6015564799999996e-05,0.9011535,2.51,0.4,0.34,0.22,0.04,,,,,
3190,13066240,6567,29506.112975858978,18515.56571475973,4.87,2651.1,-0.010568757095825276,1974.8594810664654,0.9367569773457944,3.5995494399999994e-05,0.96218705,2.51,0.4,0.34,0.22,0.04,,,,,
3191,13070336,6568,29865.405933517675,18761.90124030044,4.91,2661.68,-0.0027923788748012157,61502.5674738884,0.9034190963720903,3.597542399999999e-05,0.87677455,2.55,0.39,0.34,0.23,0.04,,,,,
3192,13074432,6569,30060.577869147655,18899.870682542874,4.93,2668.79,-0.003755035172616772,14888.639484405518,0.8904804333578795,3.595535359999999e-05,0.9379242,2.57,0.38,0.35,0.23,0.04,,,,,
3193,13078528,6571,29519.23627318321,18561.74512729001,4.9,2623.18,-0.010042414905001351,3218.204081147909,0.9169232844142243,3.593528319999999e-05,0.9228833,2.58,0.37,0.36,0.23,0.04,,,,,
3194,13082624,6572,29820.41959458028,18760.720714952015,4.91,2650.47,-0.005397691072175803,4457.874879658222,0.9494386923033744,3.591521279999999e-05,0.9212331,2.56,0.37,0.37,0.22,0.04,,,,,
3195,13086720,6573,30259.397261897,19043.36232412511,4.92,2691.55,-0.007938631577417254,3893.1758558750153,0.8992820288985968,3.589514239999999e-05,0.957678,2.53,0.38,0.37,0.21,0.04,,,,,
3196,13090816,6574,30547.053518491404,19224.477832802677,4.93,2718.4,-0.007057932632960728,5674.462561517954,0.9741094256751239,3.5875072e-05,0.90892833,2.51,0.39,0.36,0.21,0.04,,,,,
3197,13094912,6576,30464.20984627387,19178.638984060904,4.97,2700.35,-0.007046935095786466,4866.497717529535,0.9330473531736061,3.58550016e-05,0.96591556,2.57,0.38,0.36,0.21,0.05,,,,,
3198,13099008,6577,29961.691327589484,18861.84567426731,4.93,2668.46,-0.003803061279540998,10547.56363338232,0.9240325392456725,3.58349312e-05,0.9088321,2.57,0.38,0.36,0.21,0.05,,,,,
3199,13103104,6578,30361.08175447978,19128.360057617298,4.98,2694.02,-0.008997335590720468,3953.5086119174957,0.9926313548348844,3.58148608e-05,0.93967444,2.6,0.37,0.36,0.22,0.05,,,,,
3200,13107200,6579,30511.287896119684,19225.780853010467,5.0,2705.6,-0.005769712289293238,5342.476435393095,0.9008767679333687,3.57947904e-05,0.944392,2.6,0.37,0.36,0.22,0.05,32180.86956035955,20225.855997238654,5.333333333333333,2689.9666666666667,0.0
3201,13111296,6581,31033.84762882926,19545.885230484582,5.04,2730.19,-0.0037093012706463924,14767.448583424091,0.8958674292080104,3.5774719999999996e-05,0.9355491,2.61,0.36,0.37,0.22,0.05,,,,,
3202,13115392,6581,31033.84762882926,19545.885230484582,5.04,2730.19,-0.006597021782908996,5283.323672354221,0.9519518518354744,3.575464960000001e-05,0.92051256,2.61,0.36,0.37,0.22,0.05,,,,,
3203,13119488,6583,30316.422071356712,19070.600394454763,4.99,2689.65,-0.011930546006624354,1541.616845831275,0.8934425543993711,3.573457920000001e-05,0.93456215,2.61,0.36,0.37,0.22,0.05,,,,,
3204,13123584,6584,30891.417528565562,19430.6533833791,5.02,2727.64,-0.007052641676636995,16955.697823226452,0.9792893745470792,3.5714508800000007e-05,0.9554646,2.6,0.37,0.36,0.22,0.05,,,,,
3205,13127680,6587,30231.271710270663,19032.45676775936,5.01,2674.75,-0.006839983481768286,4518.112858951092,0.9353870588820428,3.5694438400000005e-05,0.9317168,2.65,0.37,0.34,0.24,0.05,,,,,
3206,13131776,6589,30171.654029677327,18961.112290253954,5.02,2661.09,-0.008464616992569063,3156.6547611653805,0.9628860199591145,3.5674368000000004e-05,0.92822564,2.67,0.36,0.35,0.23,0.06,,,,,
3207,13135872,6590,30288.155571735595,19042.53889010089,5.03,2670.79,-0.009525646775728092,5365.871646463871,0.8952012590598315,3.56542976e-05,0.94901454,2.67,0.36,0.35,0.23,0.06,,,,,
3208,13139968,6592,30442.025149563906,19154.833562918073,5.04,2675.72,-0.009623730329622049,1600.266413897276,0.87513922911603,3.56342272e-05,0.97850406,2.67,0.35,0.36,0.23,0.06,,,,,
3209,13144064,6594,30085.091584617854,18896.8171636813,5.0,2657.35,-0.005561297018175537,2757.1075296998024,0.950421774177812,3.56141568e-05,0.85248554,2.65,0.36,0.35,0.23,0.06,,,,,
3210,13148160,6597,29754.910721791155,18696.894272012174,4.99,2634.44,-0.005699053510397789,11008.461855471134,0.9566393581917509,3.55940864e-05,0.85129535,2.66,0.36,0.35,0.22,0.07,,,,,
3211,13152256,6598,29811.45374100735,18721.600559158454,4.95,2641.59,-0.008298529301100643,1897.886044561863,0.9752560349879786,3.5574016e-05,0.9426735,2.61,0.37,0.35,0.22,0.06,,,,,
3212,13156352,6599,29638.606681864796,18613.170380894622,4.94,2630.3,-0.007004817947745323,2682.1317155361176,0.9057003429625183,3.55539456e-05,0.9535798,2.61,0.37,0.35,0.22,0.06,,,,,
3213,13160448,6601,30022.40762308226,18862.69359141854,4.97,2659.83,-0.006348261619677942,8615.036292254925,0.9293239238904789,3.55338752e-05,0.89003384,2.61,0.37,0.35,0.22,0.06,,,,,
3214,13164544,6602,29647.848109499184,18622.32397029433,4.93,2642.08,-0.005459669813717483,5653.7941907942295,0.9809813033789396,3.5513804799999996e-05,0.92803687,2.59,0.38,0.34,0.22,0.06,,,,,
3215,13168640,6604,29992.41379979708,18849.01772756781,4.99,2661.11,-0.008126949125653482,3514.9940424263477,0.9454230145784095,3.5493734399999995e-05,0.9310756,2.64,0.37,0.34,0.23,0.06,,,,,
3216,13172736,6605,29786.729820292923,18696.45832302681,4.96,2650.84,-0.009859110797151516,2210.487160921097,0.9375195900211111,3.5473663999999994e-05,0.95866096,2.62,0.37,0.35,0.22,0.06,,,,,
3217,13176832,6606,30385.03698916531,19055.75102891058,5.0,2690.86,-0.00819826114729949,2543.6246859133244,0.8693169018952176,3.545359359999999e-05,0.9832764,2.62,0.37,0.35,0.22,0.06,,,,,
3218,13180928,6606,30385.03698916531,19055.75102891058,5.0,2690.86,-0.010291590456290578,2507.057071775198,0.9297525131842121,3.543352319999999e-05,0.9726786,2.62,0.37,0.35,0.22,0.06,,,,,
3219,13185024,6608,30330.37914212675,19010.707741097132,5.01,2684.83,-0.009272698311178829,2256.472878962755,0.9858547117328271,3.541345279999999e-05,0.95553726,2.64,0.36,0.36,0.22,0.06,,,,,
3220,13189120,6609,30697.787098589186,19235.198157088962,5.04,2710.2,-0.006648410884736222,4708.48097845912,0.9666799112455919,3.539338239999999e-05,0.9619007,2.64,0.36,0.36,0.22,0.06,,,,,
3221,13193216,6609,30697.787098589186,19235.198157088962,5.04,2710.2,-0.007280146009179589,2178.0939095318317,0.9141443794360384,3.537331199999999e-05,0.9668337,2.64,0.36,0.36,0.22,0.06,,,,,
3222,13197312,6610,31106.944959721397,19507.68581878296,5.07,2738.55,-0.008572541447392723,3346.14109018445,0.9340731679694727,3.535324159999999e-05,0.9533834,2.64,0.36,0.36,0.22,0.06,,,,,
3223,13201408,6611,30935.62805169167,19405.192842519522,5.05,2729.79,-0.010235858742817072,2930.770888507366,0.9096745965071023,3.5333171199999986e-05,0.97191966,2.62,0.37,0.35,0.22,0.06,,,,,
3224,13205504,6613,31509.53922575712,19771.058164173923,5.07,2775.94,-0.004049051669426262,5217.110581368208,0.9276755242608488,3.53131008e-05,0.92700565,2.59,0.37,0.36,0.21,0.06,,,,,
3225,13209600,6615,31361.16578955399,19718.32946946802,5.07,2761.53,-0.005164723437701468,6016.0344969034195,0.9253060448681936,3.52930304e-05,0.9337686,2.61,0.36,0.37,0.21,0.06,36805.466718748765,23312.974872720188,5.733333333333333,3033.0333333333333,0.0
3226,13213696,6616,31514.767094552597,19797.772957299298,5.08,2770.73,-0.011508045525260968,1256.4744035303593,0.8563352761557326,3.5272959999999996e-05,0.97824585,2.61,0.36,0.37,0.21,0.06,,,,,
3227,13217792,6617,31509.217930813636,19799.458306173423,5.08,2771.44,-0.006534164720505942,3306.9736728072166,0.929628218174912,3.5252889599999995e-05,0.9411355,2.61,0.36,0.37,0.21,0.06,,,,,
3228,13221888,6618,31063.31878812989,19548.868005886852,5.08,2733.14,-0.006944625862161047,3248.431954562664,0.9527913342462853,3.523281920000001e-05,0.9313058,2.65,0.35,0.37,0.22,0.06,,,,,
3229,13225984,6619,31649.32779428488,19901.55734633938,5.12,2773.61,-0.009781281830328226,3653.0954526364803,0.8929397332249209,3.521274880000001e-05,0.96435225,2.65,0.35,0.37,0.22,0.06,,,,,
3230,13230080,6620,31435.769594310896,19762.61386350464,5.11,2754.0,-0.007215461151645286,3671.5624829530716,0.9208084101555869,3.5192678400000006e-05,0.94498813,2.66,0.34,0.38,0.22,0.06,,,,,
3231,13234176,6620,31435.769594310896,19762.61386350464,5.11,2754.0,-0.0033676875127639505,12456.718626409769,0.7602631418267265,3.5172608000000005e-05,0.9750367,2.66,0.34,0.38,0.22,0.06,,,,,
3232,13238272,6624,30687.24762921092,19286.793124518368,5.09,2689.09,-0.0018651647569640772,25169.624312341213,0.9483351072994992,3.5152537600000004e-05,0.6261356,2.72,0.32,0.39,0.23,0.06,,,,,
3233,13242368,6625,30861.143133688885,19402.54918506917,5.07,2711.45,-0.007508962215979409,3249.2708392441273,0.8667793198255822,3.51324672e-05,0.93516254,2.67,0.33,0.39,0.23,0.05,,,,,
3234,13246464,6626,30750.787312141438,19309.276140070917,5.04,2714.37,-0.01018827225016139,1415.359678864479,0.8706100742565468,3.51123968e-05,0.9658316,2.63,0.34,0.39,0.22,0.05,,,,,
3235,13250560,6627,30751.34723833776,19310.363721970956,5.04,2713.31,-0.005661903388499923,4570.645158350468,0.9907636267598718,3.50923264e-05,0.8782096,2.63,0.34,0.39,0.22,0.05,,,,,
3236,13254656,6628,30399.756775724607,19105.986383706244,5.04,2685.2,-0.0063803445373196155,4252.751451969147,0.8682341130916029,3.5072256e-05,0.9687276,2.66,0.34,0.38,0.23,0.05,,,,,
3237,13258752,6629,31047.849992071096,19517.290512785934,5.09,2732.97,-0.008428857019680436,3557.3328758478165,0.8138774363324046,3.50521856e-05,0.96866804,2.66,0.34,0.38,0.23,0.05,,,,,
3238,13262848,6630,31522.353210197245,19792.32111632886,5.11,2771.28,-0.005614612705358013,5626.085831046104,0.9027369864052162,3.50321152e-05,0.96982396,2.64,0.35,0.37,0.23,0.05,,,,,
3239,13266944,6631,31994.48221274186,20088.652827202914,5.14,2808.0,-0.009292457179981284,3198.2296175956726,0.8594966765958816,3.5012044799999996e-05,0.94879127,2.63,0.35,0.37,0.23,0.05,,,,,
3240,13271040,6631,31994.48221274186,20088.652827202914,5.14,2808.0,-0.005517166751815239,4343.802230268717,0.9165998284006491,3.4991974399999995e-05,0.9690324,2.63,0.35,0.37,0.23,0.05,,,,,
3241,13275136,6632,32872.49767948411,20612.975504004153,5.18,2868.89,-0.007716536034422461,8811.106049239635,0.9255861152196303,3.4971903999999994e-05,0.977639,2.6,0.36,0.37,0.22,0.05,,,,,
3242,13279232,6634,32809.94912391948,20582.677117438336,5.17,2862.35,-0.006014399880768906,7207.913404285908,0.932036928483285,3.495183359999999e-05,0.94117945,2.6,0.35,0.38,0.22,0.05,,,,,
3243,13283328,6635,33245.164424849005,20851.453933966004,5.21,2889.29,-0.006941395535250194,4140.098374336958,0.9778322897618636,3.493176319999999e-05,0.9597873,2.61,0.35,0.37,0.23,0.05,,,,,
3244,13287424,6639,32880.02086976551,20608.032801829697,5.12,2873.74,-0.010510277297726134,3819.5596689879894,0.9694512693677098,3.491169279999999e-05,0.2977292,2.54,0.37,0.36,0.22,0.05,,,,,
3245,13291520,6640,32817.6254178634,20562.28594745741,5.12,2868.7,-0.007291118077773717,2675.606947809458,0.8929257607087493,3.489162239999999e-05,0.9684043,2.55,0.37,0.35,0.23,0.05,,,,,
3246,13295616,6641,32769.90437980349,20521.295746919528,5.1,2877.69,-0.005518444517292664,3873.373569458723,0.8937017186544836,3.4871552e-05,0.96469295,2.52,0.37,0.36,0.22,0.05,,,,,
3247,13299712,6641,32769.90437980349,20521.295746919528,5.1,2877.69,-0.008409346104599535,1763.7076987624168,0.9323726904112846,3.48514816e-05,0.97685033,2.52,0.37,0.36,0.22,0.05,,,,,
3248,13303808,6643,33448.9945136132,20966.40755112086,5.14,2931.26,-0.007344892473156506,6091.290701448917,0.8910080991918221,3.48314112e-05,0.93278944,2.51,0.37,0.36,0.22,0.05,,,,,
3249,13307904,6644,33592.53478143681,21047.344385826247,5.13,2947.88,-0.008762126986766816,1787.45085221529,0.9304330507293344,3.48113408e-05,0.9416406,2.48,0.38,0.36,0.21,0.05,,,,,
3250,13312000,6645,33512.14393114632,20967.803269506596,5.12,2946.81,-0.006910427438924671,5041.857840418816,0.8640191470040008,3.47912704e-05,0.96869606,2.47,0.39,0.35,0.21,0.05,36376.376354105465,22786.842343211905,5.633333333333334,2923.733333333333,0.0
3251,13316096,6646,33591.35302978083,21016.22232097918,5.12,2953.89,-0.008405109385421383,1143.7768171280622,0.9201997395139188,3.47712e-05,0.97846365,2.46,0.39,0.35,0.21,0.05,,,,,
3252,13320192,6648,32778.16874672889,20510.05765708446,5.09,2901.84,-0.006511747172226023,10873.843713015318,0.8450702930567786,3.4751129599999996e-05,0.9172157,2.49,0.39,0.34,0.22,0.05,,,,,
3253,13324288,6648,32778.16874672889,20510.05765708446,5.09,2901.84,-0.008376278152354644,3566.967448592186,0.8823207234963775,3.4731059199999995e-05,0.9598193,2.49,0.39,0.34,0.22,0.05,,,,,
3254,13328384,6650,33037.726976607795,20675.898791430413,5.07,2928.21,-0.009787489427253604,2575.4441396296024,0.867342789308168,3.4710988799999993e-05,0.97635245,2.44,0.4,0.35,0.2,0.05,,,,,
3255,13332480,6652,32972.848813856435,20651.488691003156,5.07,2927.26,-0.006479397276052623,7057.6805720329285,0.8766164678381756,3.469091839999999e-05,0.938558,2.44,0.4,0.35,0.2,0.05,,,,,
3256,13336576,6653,33000.979560000844,20667.162883978806,5.07,2929.93,-0.009397922677635506,2836.6732895076275,0.9508385007502511,3.4670848000000005e-05,0.9460641,2.44,0.4,0.35,0.2,0.05,,,,,
3257,13340672,6655,33260.52303535544,20829.5992679836,5.08,2951.23,-0.008034448589569365,3748.99021294713,0.8975943194236606,3.4650777600000004e-05,0.95148194,2.43,0.4,0.35,0.2,0.05,,,,,
3258,13344768,6656,33633.629817906694,21045.44958820267,5.07,2983.0,-0.006721896025737806,3043.8087042868137,0.9214639557758346,3.46307072e-05,0.9636339,2.38,0.41,0.35,0.2,0.04,,,,,
3259,13348864,6659,34105.68337203295,21333.940181584767,5.11,3009.36,-0.005582415139087971,11184.37016826868,0.8681014097528532,3.46106368e-05,0.9692992,2.4,0.41,0.35,0.2,0.04,,,,,
3260,13352960,6660,34087.44665191385,21329.930203697448,5.11,3007.53,-0.01122257029874163,1897.606859266758,0.8775287694297731,3.45905664e-05,0.9349837,2.4,0.41,0.35,0.2,0.04,,,,,
3261,13357056,6662,33884.306031631175,21214.575182742956,5.08,2999.31,-0.007470180923064618,2634.9371701031923,0.943269096664153,3.4570496e-05,0.94956696,2.38,0.42,0.34,0.2,0.04,,,,,
3262,13361152,6663,34241.63463585455,21424.312295793537,5.11,3028.18,-0.006598934323847061,2311.7661380171776,0.8714739481220022,3.45504256e-05,0.97033626,2.38,0.42,0.34,0.2,0.04,,,,,
3263,13365248,6663,34241.63463585455,21424.312295793537,5.11,3028.18,-0.009124804785642482,3201.198201864958,0.8740675295703113,3.45303552e-05,0.9538788,2.38,0.42,0.34,0.2,0.04,,,,,
3264,13369344,6664,34948.63776130038,21856.309760594508,5.14,3082.31,-0.003244940553486231,3725.5845525860786,0.8590624779462814,3.4510284799999996e-05,0.9625839,2.35,0.43,0.34,0.19,0.04,,,,,
3265,13373440,6665,35172.52515425579,21971.196143776397,5.12,3105.18,-0.009637935831051436,2400.562263160944,0.9145571944536641,3.4490214399999995e-05,0.9784058,2.3,0.44,0.34,0.19,0.03,,,,,
3266,13377536,6666,35423.605427909264,22116.49560236056,5.14,3122.89,-0.005335277017820772,5334.97637116909,0.9455622303066775,3.4470143999999994e-05,0.9723458,2.3,0.44,0.34,0.19,0.03,,,,,
3267,13381632,6667,36289.57957383858,22672.69063093306,5.21,3161.63,-0.004228638998029055,78998.69766891003,0.8307631288189441,3.445007359999999e-05,0.9343636,2.33,0.43,0.34,0.2,0.03,,,,,
3268,13385728,6668,36077.77474124152,22503.876252491307,5.18,3158.07,-0.00621048713401251,3812.3839368224144,0.9954604706726968,3.443000319999999e-05,0.9485713,2.29,0.44,0.34,0.19,0.03,,,,,
3269,13389824,6669,35782.964454793735,22305.039578590753,5.15,3145.05,-0.009733712680827011,2595.0456082224846,0.8872211205307394,3.4409932800000004e-05,0.9508823,2.27,0.45,0.33,0.19,0.03,,,,,
3270,13393920,6671,35925.41024184594,22382.295349066782,5.15,3157.57,-0.010700922712203464,2385.9778327047825,0.9590387592324987,3.43898624e-05,0.9347931,2.26,0.46,0.32,0.19,0.03,,,,,
3271,13398016,6671,35925.41024184594,22382.295349066782,5.15,3157.57,-0.006062437088985462,3210.594295322895,0.8932260691653937,3.4369792e-05,0.96766955,2.26,0.46,0.32,0.19,0.03,,,,,
3272,13402112,6672,36338.812830391114,22630.678467871687,5.17,3186.12,-0.005265050299385621,4000.976657152176,0.8674508335534483,3.43497216e-05,0.95896834,2.25,0.47,0.31,0.19,0.03,,,,,
3273,13406208,6674,36113.88788269621,22474.202272295985,5.17,3156.86,-0.006729503615133581,7611.400915086269,0.9505961013492197,3.43296512e-05,0.9344754,2.28,0.45,0.33,0.19,0.03,,,,,
3274,13410304,6674,36113.88788269621,22474.202272295985,5.17,3156.86,-0.007385556042208918,4270.42142406106,0.9049596900586039,3.43095808e-05,0.96415675,2.28,0.45,0.33,0.19,0.03,,,,,
3275,13414400,6675,36266.33528754263,22577.355027334444,5.17,3175.34,-0.007745869055725052,4182.267792150378,0.9532691669883206,3.42895104e-05,0.9562422,2.26,0.46,0.32,0.19,0.03,25040.550715986632,15656.637731270866,4.9,2218.133333333333,0.0
3276,13418496,6676,36623.98805072246,22803.683193003755,5.17,3201.64,-0.009692919576082204,2865.0112904906273,0.9758529020473361,3.426944e-05,0.94339144,2.23,0.46,0.33,0.19,0.02,,,,,
3277,13422592,6677,36999.81997265613,23036.484710147477,5.2,3229.03,-0.006558972407219699,3842.222531735897,0.9021044875262305,3.4249369599999996e-05,0.92236394,2.23,0.46,0.33,0.19,0.02,,,,,
3278,13426688,6680,36043.2632731687,22402.400425474487,5.11,3170.09,-0.008793237207100901,2909.4440711438656,0.9761792357312515,3.4229299199999995e-05,0.8860544,2.2,0.47,0.33,0.18,0.02,,,,,
3279,13430784,6682,35768.66086392757,22253.52911406132,5.07,3150.12,-0.006135572622952168,4254.246016740799,0.9156392479781061,3.4209228799999994e-05,0.9376439,2.18,0.47,0.34,0.17,0.02,,,,,
3280,13434880,6683,35753.846242038635,22254.839521348862,5.09,3150.1,-0.008027151851820236,3069.876105427742,0.8709520011907443,3.418915839999999e-05,0.9663244,2.2,0.47,0.33,0.18,0.02,,,,,
3281,13438976,6683,35753.846242038635,22254.839521348862,5.09,3150.1,-0.003268507013672206,84402.52372336388,0.9087135889567435,3.416908799999999e-05,0.93389344,2.2,0.47,0.33,0.18,0.02,,,,,
3282,13443072,6686,36347.63763580184,22613.385573708736,5.08,3183.27,-0.008416743628913537,2112.2919430732727,0.873193867621012,3.414901759999999e-05,0.9479278,2.15,0.47,0.35,0.16,0.02,,,,,
3283,13447168,6688,36183.49663072754,22520.371442317482,5.04,3172.95,-0.008547412428924872,1420.9117444753647,0.9069348431658,3.412894719999999e-05,0.94515884,2.12,0.47,0.36,0.16,0.01,,,,,
3284,13451264,6690,36298.45712136163,22577.26334729021,5.03,3180.46,-0.005031661568864365,4716.038373351097,0.918234335957095,3.41088768e-05,0.9486099,2.1,0.48,0.35,0.16,0.01,,,,,
3285,13455360,6691,36279.82564483997,22565.810298501285,5.03,3178.48,-0.003229421358810214,30658.891603708267,0.9227439822861925,3.40888064e-05,0.72604996,2.11,0.48,0.35,0.16,0.01,,,,,
3286,13459456,6692,36356.49063661329,22604.509840213643,5.04,3184.58,-0.006294658961451205,3531.189580410719,1.0345187975326553,3.4068736e-05,0.93924695,2.11,0.48,0.35,0.16,0.01,,,,,
3287,13463552,6694,36458.10914863383,22658.11725552496,5.05,3191.96,-0.01037887393431447,1817.3436610400677,0.950557156582363,3.40486656e-05,0.94952714,2.11,0.48,0.35,0.16,0.01,,,,,
3288,13467648,6695,36502.795691398926,22689.260449362486,5.05,3197.47,-0.012079495922989736,1799.3171149492264,0.9073113100603223,3.40285952e-05,0.9426444,2.11,0.48,0.35,0.16,0.01,,,,,
3289,13471744,6695,36502.795691398926,22689.260449362486,5.05,3197.47,-0.00303200531652692,9256.07123464346,0.9295925636542961,3.4008524799999997e-05,0.9437936,2.11,0.48,0.35,0.16,0.01,,,,,
3290,13475840,6696,37262.126949299076,23153.901046628664,5.06,3253.83,-0.005555599741455808,13775.533092141151,0.8783256057649851,3.3988454399999995e-05,0.95960444,2.06,0.49,0.35,0.16,0.0,,,,,
3291,13479936,6700,37032.969612639885,23026.857701227298,5.11,3218.73,-0.007152821060117276,3687.798456341028,0.9796516958158463,3.396838400000001e-05,0.95316106,2.15,0.46,0.36,0.18,0.0,,,,,
3292,13484032,6701,37283.406763386236,23185.973296972774,5.13,3232.03,-0.004841671600843256,13859.567515015602,0.8672149078920484,3.394831360000001e-05,0.9469249,2.16,0.46,0.36,0.18,0.0,,,,,
3293,13488128,6702,37495.14919491328,23321.1082317582,5.15,3247.34,-0.00633905913309718,3442.093939214945,0.9713713674573228,3.3928243200000006e-05,0.9506455,2.16,0.46,0.36,0.18,0.0,,,,,
3294,13492224,6704,37294.5028119463,23179.06386272043,5.13,3230.69,-0.00617936835897126,2778.235633611679,0.9498496921733022,3.3908172800000005e-05,0.9652873,2.15,0.46,0.36,0.18,0.0,,,,,
3295,13496320,6704,37294.5028119463,23179.06386272043,5.13,3230.69,-0.004251033558830386,11875.559631198645,0.9408427280141041,3.3888102400000004e-05,0.9581969,2.15,0.46,0.36,0.18,0.0,,,,,
3296,13500416,6707,36893.040564098636,22981.716728560365,5.14,3183.39,-0.005190552453996133,36871.91164833307,0.9151643284130841,3.3868032e-05,0.9075282,2.21,0.44,0.37,0.19,0.0,,,,,
3297,13504512,6708,37152.69182312676,23146.77455164383,5.15,3206.49,-0.0037945953463349724,4695.886240214109,0.9535602622199804,3.38479616e-05,0.905316,2.2,0.44,0.37,0.19,0.0,,,,,
3298,13508608,6708,37152.69182312676,23146.77455164383,5.15,3206.49,-0.005258629657873826,5801.273910939693,0.9047506293281913,3.38278912e-05,0.96281165,2.2,0.44,0.37,0.19,0.0,,,,,
3299,13512704,6710,36888.75598794148,22998.076782501983,5.14,3179.32,-0.009892084381135646,3355.92042273283,0.9596298711840063,3.38078208e-05,0.93001205,2.21,0.43,0.38,0.19,0.0,,,,,
3300,13516800,6712,36406.45766870399,22688.19098363856,5.12,3143.9,-0.009812487885028531,4223.407293885946,1.04746048967354,3.37877504e-05,0.9159193,2.23,0.43,0.37,0.2,0.0,30777.981676734413,19472.004321509325,5.233333333333333,2566.0666666666666,0.03333333333333333
3301,13520896,6714,36392.296417784135,22661.514426753783,5.12,3140.39,-0.009762738886820443,1171.4720708876848,0.9492394357221201,3.376768e-05,0.9651626,2.23,0.44,0.36,0.2,0.0,,,,,
3302,13524992,6716,35809.61298878435,22311.60921286623,5.07,3101.81,-0.010241809661238221,2565.3182532787323,1.0277102884138003,3.3747609599999996e-05,0.883222,2.23,0.44,0.36,0.2,0.0,,,,,
3303,13529088,6717,35735.44839624452,22265.850276906287,5.07,3091.9,-0.008235248838900588,1492.1770206093788,0.9104889378650114,3.3727539199999995e-05,0.96260166,2.24,0.43,0.37,0.2,0.0,,,,,
3304,13533184,6718,36491.169470482666,22700.727428883933,5.09,3146.03,-0.0056188019862020155,5093.695431470871,0.8515940095530823,3.3707468799999994e-05,0.9545921,2.2,0.44,0.37,0.19,0.0,,,,,
3305,13537280,6719,35969.2840713932,22375.06894843868,5.06,3108.01,-0.007416707361699082,1445.2513393461704,0.9523409769171849,3.368739839999999e-05,0.9704915,2.21,0.43,0.38,0.19,0.0,,,,,
3306,13541376,6720,36252.61479264134,22570.865023573075,5.08,3125.81,-0.005276407222481794,10145.251331925392,0.885199977317825,3.366732799999999e-05,0.94971275,2.21,0.43,0.38,0.19,0.0,,,,,
3307,13545472,6722,35605.49445792949,22160.314362907644,5.04,3085.69,-0.009261233781217015,1525.1055895090103,0.9007202389184386,3.364725759999999e-05,0.97007304,2.21,0.43,0.38,0.19,0.0,,,,,
3308,13549568,6724,35851.904700954234,22304.320361497135,5.03,3110.72,-0.00883919951502321,4165.2280014157295,0.9840542981401086,3.362718719999999e-05,0.939539,2.16,0.44,0.38,0.18,0.0,,,,,
3309,13553664,6725,35742.534257076644,22248.806234129555,5.04,3096.16,-0.006423304084819392,3265.0097937583923,0.9493282842449844,3.360711679999999e-05,0.96080256,2.19,0.43,0.38,0.19,0.0,,,,,
3310,13557760,6726,35523.683057187554,22107.405380914523,5.02,3079.16,-0.007939924039419566,2487.4426551163197,1.0044137689983472,3.358704639999999e-05,0.94809973,2.19,0.43,0.38,0.19,0.0,,,,,
3311,13561856,6728,35508.25621667748,22113.215784949505,5.02,3079.85,-0.010917934662757034,3463.6029709279537,0.9916310289409012,3.3566976e-05,0.9325724,2.19,0.43,0.38,0.19,0.0,,,,,
3312,13565952,6728,35508.25621667748,22113.215784949505,5.02,3079.85,-0.006887781155455741,18652.75179618597,0.8967619693139568,3.35469056e-05,0.94417065,2.19,0.43,0.38,0.19,0.0,,,,,
3313,13570048,6730,35395.51480120992,22057.710187362274,5.01,3058.46,-0.00708379593470454,31360.15546041727,1.0044702225131914,3.35268352e-05,0.93003994,2.2,0.42,0.39,0.19,0.0,,,,,
3314,13574144,6731,35466.89338343322,22095.013698543855,5.01,3067.44,-0.009957706166460412,3395.0612920224667,1.0215689749456942,3.35067648e-05,0.95419854,2.19,0.43,0.38,0.19,0.0,,,,,
3315,13578240,6732,34763.9714414289,21669.54717570601,4.97,3021.16,-0.006420903622711194,6328.4419475495815,0.9525725910207257,3.3486694399999996e-05,0.9705712,2.2,0.42,0.39,0.19,0.0,,,,,
3316,13582336,6734,34789.6671114507,21696.34711019425,4.99,3013.68,-0.009735313374221732,8334.861263334751,0.9449059466132894,3.346662400000001e-05,0.91592044,2.23,0.42,0.38,0.2,0.0,,,,,
3317,13586432,6736,34849.09049099549,21732.560177435633,4.98,3026.9,-0.005796048339107074,4627.812399983406,0.8838386514689773,3.344655360000001e-05,0.957139,2.2,0.43,0.38,0.19,0.0,,,,,
3318,13590528,6737,34882.05667200834,21756.249644053212,4.99,3028.4,-0.005982374973427795,2368.6949786245823,0.9924366769846529,3.3426483200000006e-05,0.9060971,2.21,0.42,0.39,0.19,0.0,,,,,
3319,13594624,6739,35069.89693185138,21860.426789870067,5.01,3044.17,-0.007057656684992253,4705.661709040403,1.0273758453549817,3.3406412800000005e-05,0.84717935,2.21,0.42,0.39,0.19,0.0,,,,,
3320,13598720,6740,35283.31306199431,21989.664671674236,5.01,3063.27,-0.008969822625658708,2505.833935022354,0.8893353015882894,3.3386342400000004e-05,0.9660938,2.18,0.43,0.39,0.18,0.0,,,,,
3321,13602816,6742,34825.20981938554,21684.35392025687,4.99,3024.53,-0.007144293187593576,5896.161521553993,0.9511086558923125,3.3366272e-05,0.9586051,2.2,0.43,0.38,0.19,0.0,,,,,
3322,13606912,6745,33681.13478439869,20995.948081771414,4.92,2941.1,-0.007205470055851038,7222.805456936359,0.9811260586138815,3.33462016e-05,0.78214043,2.22,0.42,0.39,0.19,0.0,,,,,
3323,13611008,6746,33582.01779365596,20946.650897713367,4.93,2930.92,-0.0069643724973502685,7015.837895750999,0.9537329092854634,3.33261312e-05,0.9446586,2.24,0.42,0.38,0.2,0.0,,,,,
3324,13615104,6748,33643.05385005733,20979.17745115239,4.9,2946.64,-0.005724993494368391,5520.976663649082,0.9381023020250723,3.33060608e-05,0.51201165,2.19,0.43,0.38,0.19,0.0,,,,,
3325,13619200,6748,33643.05385005733,20979.17745115239,4.9,2946.64,-0.007490537640478578,4518.39558544755,0.9228264590492472,3.32859904e-05,0.96469444,2.19,0.43,0.38,0.19,0.0,41460.054576294,25907.7154462568,5.866666666666666,3202.2,0.03333333333333333
3326,13623296,6749,33683.17849924458,20992.71769206208,4.9,2950.92,-0.007159465025324607,9955.599397420883,0.9213754282100126,3.326592e-05,0.9416147,2.19,0.43,0.38,0.19,0.0,,,,,
3327,13627392,6750,34144.235133219874,21298.048990157364,4.95,2978.01,-0.006711409114359412,12664.217003941536,0.9785058489069343,3.3245849599999996e-05,0.964358,2.21,0.43,0.37,0.2,0.0,,,,,
3328,13631488,6751,34510.275335653,21512.81837321016,4.97,3001.29,-0.006925553007022245,8187.444432646036,0.9035901678726077,3.3225779199999995e-05,0.9647496,2.21,0.43,0.37,0.2,0.0,,,,,
3329,13635584,6754,34065.44703648747,21238.661020981785,4.98,2959.16,-0.008995398476145056,2126.266416013241,0.9750942434184253,3.3205708799999994e-05,0.9103586,2.27,0.42,0.35,0.23,0.0,,,,,
3330,13639680,6756,33768.66880289712,21045.1137381503,4.94,2936.56,-0.007093547286785906,5175.055106639862,0.9245808279374614,3.318563839999999e-05,0.8538381,2.25,0.42,0.36,0.22,0.0,,,,,
3331,13643776,6758,33683.505453845115,20984.55344918224,4.93,2942.37,-0.0061704260151600465,6367.732909858227,0.9613296161405742,3.316556799999999e-05,0.88627505,2.23,0.43,0.35,0.22,0.0,,,,,
3332,13647872,6761,33305.29428052133,20737.266998848216,4.91,2903.44,-0.006982651106227422,3312.3108608722687,0.9248485036659986,3.314549759999999e-05,0.9559664,2.25,0.42,0.36,0.22,0.0,,,,,
3333,13651968,6762,33562.16258723007,20898.597444473853,4.94,2922.3,-0.009170281759907084,1652.6776781082153,0.9536616167752072,3.312542719999999e-05,0.9665023,2.26,0.41,0.37,0.22,0.0,,,,,
3334,13656064,6762,33562.16258723007,20898.597444473853,4.94,2922.3,-0.005863787069756654,12949.936401307583,0.9366312639322132,3.310535679999999e-05,0.96810097,2.26,0.41,0.37,0.22,0.0,,,,,
3335,13660160,6764,33713.82943256616,21033.365508522707,4.95,2922.2,-0.006465085834406636,25425.82926109433,0.9217249528737739,3.308528639999999e-05,0.9447674,2.27,0.4,0.38,0.22,0.0,,,,,
3336,13664256,6765,33563.85380533641,20946.35813702336,4.94,2911.99,-0.005947241146714077,3757.0421361625195,0.9652973476331681,3.3065216e-05,0.9677272,2.27,0.4,0.38,0.22,0.0,,,,,
3337,13668352,6766,33790.34715902219,21091.4430916786,4.96,2921.51,-0.00676119437412126,6847.003978908062,0.9446745224995539,3.30451456e-05,0.96702147,2.28,0.4,0.38,0.22,0.0,,,,,
3338,13672448,6767,33168.8357611967,20703.875274268263,4.93,2890.0,-0.003795866658037994,6904.858211696148,0.9914399998961017,3.30250752e-05,0.95896286,2.28,0.4,0.38,0.22,0.0,,,,,
3339,13676544,6768,33356.12485154771,20840.117840523337,4.94,2904.3,-0.004841702243538748,9079.688849687576,0.9476505306083709,3.30050048e-05,0.9611127,2.28,0.4,0.38,0.22,0.0,,,,,
3340,13680640,6768,33356.12485154771,20840.117840523337,4.94,2904.3,-0.006487352550720971,4203.662319898605,0.9592498322017491,3.2984934399999996e-05,0.94347805,2.28,0.4,0.38,0.22,0.0,,,,,
3341,13684736,6769,33778.39850696951,21114.6612241099,4.97,2931.96,-0.005685416167580115,7513.406772911549,0.9370620106346905,3.2964863999999995e-05,0.9399984,2.28,0.4,0.38,0.22,0.0,,,,,
3342,13688832,6771,33828.417226610196,21157.5180936428,4.97,2938.7,-0.008415813763349433,4406.158732205629,0.9846228819806129,3.2944793599999994e-05,0.7284859,2.27,0.4,0.38,0.22,0.0,,,,,
3343,13692928,6773,32993.93164896834,20654.274592690897,4.92,2879.27,-0.004692182374128606,12878.244274377823,0.9563121405662969,3.292472319999999e-05,0.9139612,2.29,0.4,0.37,0.23,0.0,,,,,
3344,13697024,6774,32937.522822956795,20623.24880052658,4.9,2882.95,-0.007562688675534446,3759.806985884905,0.9342119599459693,3.2904652800000005e-05,0.9104399,2.27,0.41,0.36,0.23,0.0,,,,,
3345,13701120,6778,31610.2516110217,19811.46535804306,4.82,2781.57,-0.009245955082405999,3878.203884124756,0.9648866776842624,3.2884582400000004e-05,0.8765579,2.31,0.38,0.38,0.24,0.0,,,,,
3346,13705216,6778,31610.2516110217,19811.46535804306,4.82,2781.57,-0.008362803292584431,3196.909009128809,0.9221350243315101,3.2864512e-05,0.91871506,2.31,0.38,0.38,0.24,0.0,,,,,
3347,13709312,6779,31993.995515565242,20070.46500187225,4.85,2806.64,-0.004029738924145931,11904.069745659828,0.9194194105220959,3.28444416e-05,0.9604354,2.31,0.38,0.38,0.24,0.0,,,,,
3348,13713408,6781,32565.948391641956,20431.521948649955,4.91,2842.22,-0.007230841229102225,8956.174684226513,0.9200185824884102,3.28243712e-05,0.9704041,2.33,0.38,0.37,0.25,0.0,,,,,
3349,13717504,6782,32557.18966467981,20424.96328902947,4.91,2841.52,-0.01053130876243813,2073.0958764255047,0.902550237136893,3.28043008e-05,0.93395793,2.33,0.38,0.37,0.25,0.0,,,,,
3350,13721600,6783,33102.0869408006,20747.795853234322,4.92,2884.84,-0.005369523046283575,4333.520158469677,0.9357083742506802,3.27842304e-05,0.96186084,2.29,0.39,0.37,0.24,0.0,45696.137568783175,28743.669120466453,6.166666666666667,3491.4333333333334,0.0
3351,13725696,6784,32116.53932349187,20119.00463825981,4.86,2833.44,-0.002883403917621763,32489.48634749651,0.9280054989503697,3.276416e-05,0.8653093,2.28,0.4,0.36,0.24,0.0,,,,,
3352,13729792,6786,32528.106573849578,20396.907399556603,4.92,2852.27,-0.00856567675145925,2872.305965602398,0.9208313933340833,3.27440896e-05,0.95282006,2.32,0.4,0.35,0.24,0.01,,,,,
3353,13733888,6788,32831.979114059286,20583.403695312503,4.94,2874.46,-0.008185849125766254,4306.098354667425,0.9984213557327166,3.2724019199999996e-05,0.9428999,2.32,0.4,0.35,0.24,0.01,,,,,
3354,13737984,6790,32705.85146032255,20512.840914454613,4.94,2866.96,-0.008515376359355287,3551.586756080389,1.028471061377786,3.2703948799999994e-05,0.94601285,2.32,0.4,0.35,0.24,0.01,,,,,
3355,13742080,6792,32235.18809304486,20221.762097186685,4.89,2832.53,-0.007553189245300018,4399.302583038807,0.8982773402240127,3.2683878399999993e-05,0.8855783,2.31,0.41,0.34,0.24,0.01,,,,,
3356,13746176,6794,32317.67960745319,20300.718710883568,4.89,2840.4,-0.005738937255955534,4406.014420628548,0.9066321424907073,3.266380799999999e-05,0.965959,2.3,0.42,0.33,0.24,0.01,,,,,
3357,13750272,6796,31440.794202083078,19774.624937803244,4.87,2777.52,-0.006307888334049494,8049.5080162882805,0.8714960678480566,3.264373759999999e-05,0.9365154,2.35,0.41,0.33,0.24,0.02,,,,,
3358,13754368,6796,31440.794202083078,19774.624937803244,4.87,2777.52,-0.009966046954104968,2060.3538576066494,0.9144958816468716,3.2623667200000004e-05,0.97494864,2.35,0.41,0.33,0.24,0.02,,,,,
3359,13758464,6796,31440.794202083078,19774.624937803244,4.87,2777.52,-0.0065809540610644035,30905.268568754196,0.9500346868298948,3.26035968e-05,0.9644952,2.35,0.41,0.33,0.24,0.02,,,,,
3360,13762560,6798,32174.569365019517,20227.67351759329,4.89,2821.82,-0.003958990793762496,39922.142549455166,0.8925390490330756,3.25835264e-05,0.94059163,2.32,0.42,0.33,0.23,0.02,,,,,
3361,13766656,6799,32566.286721579083,20485.951969739897,4.9,2852.82,-0.005159943987564475,6951.395836055279,0.9558230880647898,3.2563456e-05,0.91041046,2.3,0.42,0.34,0.22,0.02,,,,,
3362,13770752,6800,32854.33261170673,20672.777140276754,4.93,2872.98,-0.006819707612521597,4103.378868222237,0.9452626327984035,3.25433856e-05,0.91171,2.31,0.42,0.33,0.23,0.02,,,,,
3363,13774848,6801,33050.477569980045,20785.68749551562,4.92,2896.07,-0.00548134323071281,5295.1026648283005,0.900858904584311,3.25233152e-05,0.96946055,2.27,0.43,0.33,0.22,0.02,,,,,
3364,13778944,6801,33050.477569980045,20785.68749551562,4.92,2896.07,-0.005972366734567913,4750.554358720779,0.9630525400862098,3.25032448e-05,0.96837795,2.27,0.43,0.33,0.22,0.02,,,,,
3365,13783040,6803,33403.963962138085,21019.750346076304,4.93,2917.24,-0.006591525488147454,10260.170952051878,0.9727121699834242,3.2483174399999996e-05,0.96534216,2.26,0.43,0.34,0.21,0.02,,,,,
3366,13787136,6806,32807.52762267736,20614.846668088176,4.89,2891.55,-0.008520746296198922,2492.38254570961,0.9691097059985623,3.2463103999999995e-05,0.9652595,2.25,0.44,0.33,0.2,0.03,,,,,
3367,13791232,6807,32903.56265586416,20693.01748463655,4.9,2898.52,-0.00587435450142948,4641.597997665405,0.9662611422827467,3.2443033599999994e-05,0.9542602,2.25,0.44,0.33,0.2,0.03,,,,,
3368,13795328,6808,33143.512426447895,20840.147581000347,4.92,2903.55,-0.006640231638812111,11935.765550136566,0.9548833257285878,3.242296319999999e-05,0.9718318,2.26,0.44,0.33,0.2,0.03,,,,,
3369,13799424,6809,33056.2287641224,20777.93173386861,4.91,2905.65,-0.007799821891694592,5274.148030608892,0.9417813696200028,3.240289279999999e-05,0.9461654,2.25,0.45,0.32,0.2,0.03,,,,,
3370,13803520,6809,33056.2287641224,20777.93173386861,4.91,2905.65,-0.007688333538681036,3013.57914814353,0.9292356020305306,3.238282239999999e-05,0.95911086,2.25,0.45,0.32,0.2,0.03,,,,,
3371,13807616,6811,33464.440511674846,21049.115491781195,4.95,2916.11,-0.003598571530346817,28554.275462150574,0.8767982928548008,3.236275199999999e-05,0.961369,2.28,0.44,0.32,0.21,0.03,,,,,
3372,13811712,6812,33415.92111515922,21010.331817830276,4.92,2916.22,-0.010880477147111378,1183.975360006094,0.8860963846091181,3.23426816e-05,0.9749776,2.25,0.45,0.32,0.2,0.03,,,,,
3373,13815808,6814,33894.245604722724,21328.402879343263,4.95,2951.6,-0.004796827786776703,6855.738022655249,0.923736393568106,3.23226112e-05,0.9528469,2.24,0.45,0.32,0.2,0.03,,,,,
3374,13819904,6814,33894.245604722724,21328.402879343263,4.95,2951.6,-0.006259080748350243,5771.675765633583,0.911608453723602,3.23025408e-05,0.9662383,2.24,0.45,0.32,0.2,0.03,,,,,
3375,13824000,6816,34370.57573466111,21602.1865605592,4.98,2983.68,-0.008125115062284749,2257.493256956339,0.9310918273404241,3.22824704e-05,0.76706725,2.23,0.45,0.32,0.2,0.03,31719.01413905198,20037.220437937052,5.266666666666667,2584.633333333333,0.0
3376,13828096,6818,33800.82999300494,21255.04098735359,4.94,2946.41,-0.008526092778993188,3229.63415402174,0.9439408630132675,3.22624e-05,0.95308673,2.23,0.45,0.32,0.2,0.03,,,,,
3377,13832192,6819,33909.1881651322,21333.46481071652,4.96,2951.62,-0.0043810443289658,4430.026812523603,0.937881107442081,3.22423296e-05,0.9403945,2.25,0.45,0.31,0.21,0.03,,,,,
3378,13836288,6821,33732.1360138885,21209.694054196425,4.96,2935.77,-0.007577289194159675,4411.269098162651,0.952670750208199,3.2222259199999996e-05,0.92241114,2.27,0.44,0.32,0.21,0.03,,,,,
3379,13840384,6822,33668.040103869535,21172.174124391684,4.94,2937.3,-0.007082469286615378,2219.478178024292,0.8931077549932525,3.2202188799999995e-05,0.8901541,2.25,0.45,0.31,0.21,0.03,,,,,
3380,13844480,6823,34065.1315054592,21415.341968458615,4.97,2965.39,-0.0065366483931939,5799.552000671625,0.968324221437797,3.218211840000001e-05,0.9379697,2.25,0.45,0.31,0.21,0.03,,,,,
3381,13848576,6824,33944.98278477059,21339.24261740953,4.95,2961.36,-0.009869447647361085,3214.1307747364044,0.9349231314845383,3.2162048000000006e-05,0.95079535,2.24,0.46,0.3,0.21,0.03,,,,,
3382,13852672,6825,34161.372273456655,21466.939709112175,4.95,2980.61,-0.004918279442790663,7058.451370328665,0.9043846001150087,3.2141977600000005e-05,0.9524727,2.22,0.46,0.31,0.2,0.03,,,,,
3383,13856768,6827,34143.26581093934,21463.650364829682,4.98,2970.38,-0.007837205741452635,2693.8711534142494,0.8517648311099038,3.2121907200000004e-05,0.9658417,2.26,0.45,0.31,0.21,0.03,,,,,
3384,13860864,6827,34143.26581093934,21463.650364829682,4.98,2970.38,-0.005657752017214079,6094.864008903503,0.8888157439650968,3.21018368e-05,0.96768576,2.26,0.45,0.31,0.21,0.03,,,,,
3385,13864960,6828,35123.369761663,22070.601598757974,5.01,3035.72,-0.006392115732523962,32104.957156836987,0.9514255778631195,3.20817664e-05,0.9275281,2.22,0.46,0.31,0.2,0.03,,,,,
3386,13869056,6829,34728.46170392465,21825.071330120576,4.99,3015.59,-0.005644574637699407,5247.921769499779,0.8474641778739169,3.2061696e-05,0.9701036,2.22,0.46,0.31,0.2,0.03,,,,,
3387,13873152,6829,34728.46170392465,21825.071330120576,4.99,3015.59,-0.0062330585224117385,2756.344944983721,0.8888932967092842,3.20416256e-05,0.96752465,2.22,0.46,0.31,0.2,0.03,,,,,
3388,13877248,6830,35349.454933847046,22210.462902371102,5.03,3061.03,-0.005751856794631749,7855.346753060818,0.9118340990971774,3.20215552e-05,0.9240572,2.21,0.47,0.3,0.2,0.03,,,,,
3389,13881344,6831,35467.47579953293,22289.555517192144,5.04,3062.93,-0.00253202310159395,21402.96363222599,0.9577606999082491,3.20014848e-05,0.79611355,2.22,0.46,0.31,0.2,0.03,,,,,
3390,13885440,6832,35549.06431536624,22339.575991631682,5.04,3073.13,-0.008421325946073921,1441.81076040864,0.9488979044836015,3.1981414399999996e-05,0.95984995,2.21,0.47,0.3,0.2,0.03,,,,,
3391,13889536,6834,35485.77782013225,22264.58384600327,4.99,3081.46,-0.0043162920183021924,4126.504719823599,0.9962863817345351,3.1961343999999995e-05,0.890427,2.15,0.48,0.31,0.18,0.03,,,,,
3392,13893632,6835,35396.84312848883,22203.707732053175,4.98,3076.27,-0.004795257173100254,3950.0322008132935,0.8953637784579769,3.1941273599999994e-05,0.89774764,2.15,0.48,0.31,0.18,0.03,,,,,
3393,13897728,6836,35770.08314878612,22430.93785495048,5.01,3100.58,-0.0061657262422158965,4089.2984633147717,0.9072174056200311,3.192120319999999e-05,0.96167344,2.15,0.48,0.31,0.18,0.03,,,,,
3394,13901824,6836,35770.08314878612,22430.93785495048,5.01,3100.58,-0.002171853444451699,49668.44606137276,0.9332318983506411,3.190113279999999e-05,0.94101375,2.15,0.48,0.31,0.18,0.03,,,,,
3395,13905920,6839,36542.72830556899,22933.41839473262,5.08,3128.45,-0.005835434087202884,40193.695768386126,0.9412389127537608,3.188106239999999e-05,0.91203415,2.19,0.47,0.31,0.19,0.03,,,,,
3396,13910016,6840,36306.62529669099,22786.328587824162,5.06,3115.24,-0.006338245399092557,6327.947347819805,0.9861543108709157,3.186099199999999e-05,0.9393027,2.19,0.47,0.31,0.19,0.03,,,,,
3397,13914112,6841,36184.046430263326,22728.508853356165,5.07,3094.8,-0.004910678339911101,15007.17799949646,0.9297472350299358,3.184092159999999e-05,0.9690556,2.22,0.46,0.31,0.2,0.03,,,,,
3398,13918208,6842,37116.307530253674,23327.527207220068,5.12,3152.51,-0.00367797882972809,42541.38912677765,0.9210373102687299,3.182085119999999e-05,0.95742446,2.21,0.46,0.32,0.19,0.03,,,,,
3399,13922304,6844,37462.44509825454,23535.286405268605,5.16,3168.16,-0.0053755852686663275,2992.815239518881,0.9491192088462412,3.18007808e-05,0.97756016,2.23,0.45,0.33,0.19,0.03,,,,,
3400,13926400,6846,37664.29633759736,23644.75549699673,5.17,3186.05,-0.007161475404245721,2725.0502121448517,0.9412401834269986,3.17807104e-05,0.9307331,2.22,0.46,0.32,0.19,0.03,29051.4554171649,18322.176949241762,5.166666666666667,2493.233333333333,0.0
3401,13930496,6847,37185.6812298278,23348.081041550453,5.15,3148.49,-0.006916948113939725,7422.680303037167,0.9937574896030128,3.176064e-05,0.9600157,2.24,0.46,0.31,0.2,0.03,,,,,
3402,13934592,6848,37555.85711355503,23590.02363001449,5.19,3167.01,-0.007974344272952294,4255.343164682388,0.9126797452336177,3.17405696e-05,0.9524909,2.26,0.45,0.32,0.2,0.03,,,,,
3403,13938688,6849,37674.406021454866,23679.861905934085,5.2,3166.6,-0.004193543452856829,19327.294463455677,0.867609161650762,3.1720499199999996e-05,0.9282129,2.27,0.44,0.33,0.2,0.03,,,,,
3404,13942784,6850,37667.70640220122,23662.21422308821,5.19,3169.76,-0.0038326357171172276,3966.717860788107,0.8796272471081465,3.170042880000001e-05,0.9728006,2.26,0.44,0.33,0.2,0.03,,,,,
3405,13946880,6850,37667.70640220122,23662.21422308821,5.19,3169.76,-0.004606991435139207,8393.754610657692,0.8927874730434269,3.168035840000001e-05,0.953642,2.26,0.44,0.33,0.2,0.03,,,,,
3406,13950976,6851,38018.40013308012,23886.07598938818,5.21,3183.73,-0.006653636088230996,26621.397479593754,0.8746042989660054,3.1660288000000006e-05,0.9750248,2.26,0.44,0.33,0.2,0.03,,,,,
3407,13955072,6852,38328.681216630626,24089.634483772832,5.23,3202.2,-0.005709510713131749,7506.89541721344,0.9420311127323657,3.1640217600000005e-05,0.9603517,2.26,0.44,0.33,0.2,0.03,,,,,
3408,13959168,6853,39032.65902281397,24531.419161531827,5.26,3256.16,-0.003495483939332189,12904.986131727695,0.9090241201920435,3.1620147200000004e-05,0.952772,2.23,0.45,0.33,0.19,0.03,,,,,
3409,13963264,6854,39590.79347751896,24867.936320402787,5.27,3302.76,-0.006794780820200685,5154.312450051308,0.9028697499306872,3.16000768e-05,0.9350431,2.19,0.46,0.33,0.18,0.03,,,,,
3410,13967360,6855,39305.7349357813,24717.25195175935,5.27,3278.64,-0.007628339998518641,1725.542531684041,0.9122346085496247,3.15800064e-05,0.9510324,2.22,0.45,0.33,0.19,0.03,,,,,
3411,13971456,6856,39603.25704448197,24887.071107413954,5.29,3305.33,-0.005429015351182898,6780.492025882006,0.9123457232490182,3.1559936e-05,0.96937585,2.21,0.46,0.32,0.19,0.03,,,,,
3412,13975552,6861,39636.08519835209,24932.00415978332,5.36,3294.5,-0.002967057089335867,12361.446618795395,0.9548227246850729,3.15398656e-05,0.87499315,2.3,0.44,0.32,0.2,0.04,,,,,
3413,13979648,6861,39636.08519835209,24932.00415978332,5.36,3294.5,-0.008486092407110846,2480.5428795218468,0.8998784434515983,3.15197952e-05,0.96805716,2.3,0.44,0.32,0.2,0.04,,,,,
3414,13983744,6862,40042.926148750215,25184.90710795695,5.38,3324.22,-0.006399763537046965,4982.355243951082,0.8473129684571177,3.14997248e-05,0.9648353,2.29,0.45,0.31,0.2,0.04,,,,,
3415,13987840,6863,39352.51920567165,24734.00101870368,5.34,3287.06,-0.006219864913873607,7714.929379492998,0.9611926035722718,3.14796544e-05,0.9349932,2.29,0.45,0.31,0.2,0.04,,,,,
3416,13991936,6865,39383.053644593754,24770.83450018691,5.36,3285.43,-0.012176815442217048,1309.913216739893,1.0471970057114959,3.1459583999999996e-05,0.9525516,2.31,0.45,0.3,0.21,0.04,,,,,
3417,13996032,6868,38014.49588528671,23908.823613776454,5.27,3194.42,-0.00612311504119134,7405.463681936264,0.9417216336587444,3.1439513599999995e-05,0.7724081,2.32,0.44,0.31,0.21,0.04,,,,,
3418,14000128,6868,38014.49588528671,23908.823613776454,5.27,3194.42,-0.004033739198348485,5873.060218572617,0.9771588088478893,3.1419443199999993e-05,0.9555253,2.32,0.44,0.31,0.21,0.04,,,,,
3419,14004224,6871,37518.67655142053,23568.916406327156,5.24,3151.98,-0.011725529824616387,783.7589368522167,0.9166157336439937,3.139937279999999e-05,0.9445246,2.34,0.43,0.32,0.21,0.04,,,,,
3420,14008320,6873,37623.52664865089,23602.666357915303,5.24,3163.01,-0.004525192332948791,4112.741964042187,1.0008261796319857,3.137930239999999e-05,0.8658351,2.32,0.43,0.33,0.2,0.04,,,,,
3421,14012416,6876,37360.46457823548,23423.10660866149,5.21,3136.68,-0.008006368994756485,2358.599415510893,1.010666299960576,3.135923199999999e-05,0.95570636,2.31,0.44,0.32,0.2,0.04,,,,,
3422,14016512,6877,37278.95548184662,23358.029507388957,5.21,3125.71,-0.005933806151915633,5708.214012593031,0.9642684474820271,3.133916159999999e-05,0.9620301,2.32,0.44,0.32,0.2,0.04,,,,,
3423,14020608,6879,37464.055622741886,23467.146402495957,5.24,3132.98,-0.006617185094000888,10474.898571431637,0.9386484768474475,3.131909119999999e-05,0.9575939,2.34,0.44,0.31,0.21,0.04,,,,,
3424,14024704,6880,37218.7691984912,23287.160978090815,5.2,3126.04,-0.010827535971657198,1304.1641888320446,0.9122221663128585,3.129902079999999e-05,0.976191,2.31,0.44,0.32,0.2,0.04,,,,,
3425,14028800,6881,37309.798416287325,23323.35397176907,5.2,3133.22,-0.005867089527328062,7761.387120306492,0.8880513337207958,3.12789504e-05,0.9582482,2.3,0.45,0.31,0.2,0.04,37562.17671177894,23813.946174172765,5.666666666666667,2969.4,0.0
3426,14032896,6883,37434.735342190215,23422.670109464358,5.24,3122.5,-0.0062249468710433575,28674.411807239056,0.9037984735332429,3.125888e-05,0.94005007,2.36,0.43,0.32,0.21,0.04,,,,,
3427,14036992,6886,36841.53540413041,23043.02908960776,5.22,3081.59,-0.0047935911679815035,10545.527421116829,0.9646063685650006,3.12388096e-05,0.6349859,2.39,0.41,0.33,0.23,0.03,,,,,
3428,14041088,6887,36614.73620386708,22901.81989077979,5.2,3067.66,-0.010264882594128721,3256.3658100366592,0.9328295139130205,3.1218739199999996e-05,0.94081706,2.38,0.41,0.33,0.23,0.03,,,,,
3429,14045184,6887,36614.73620386708,22901.81989077979,5.2,3067.66,-0.0035777899693130166,13670.570686161518,0.8789971939986572,3.1198668799999995e-05,0.9689874,2.38,0.41,0.33,0.23,0.03,,,,,
3430,14049280,6888,37511.82780408006,23451.18247119903,5.26,3128.25,-0.009193324793159263,1784.1052593886852,0.856100304867141,3.1178598399999994e-05,0.9660813,2.38,0.41,0.33,0.23,0.03,,,,,
3431,14053376,6889,37602.06408472059,23510.7819562959,5.26,3137.77,-0.0036653151000791695,10642.863596618176,0.8629486444406211,3.115852799999999e-05,0.96668506,2.37,0.42,0.32,0.23,0.03,,,,,
3432,14057472,6890,37995.27252810956,23770.845291060108,5.3,3158.88,-0.007107664274371928,2156.133851647377,0.8946696895873174,3.1138457600000006e-05,0.9580743,2.39,0.41,0.33,0.23,0.03,,,,,
3433,14061568,6891,38390.88506109528,24014.28854295418,5.32,3193.43,-0.0058336250731372274,3538.0627679228783,0.9129742705263197,3.1118387200000004e-05,0.9627863,2.37,0.42,0.32,0.23,0.03,,,,,
3434,14065664,6892,39018.10816174406,24413.23071454678,5.38,3237.82,-0.007113194688827207,4030.8347527086735,0.8501480352133512,3.1098316800000003e-05,0.96128625,2.38,0.41,0.33,0.23,0.03,,,,,
3435,14069760,6893,38768.67133127781,24258.607848352432,5.36,3222.46,-0.00817285638913745,2478.8674727380276,0.9400910559343174,3.10782464e-05,0.9476477,2.38,0.41,0.33,0.23,0.03,,,,,
3436,14073856,6894,39507.12201351325,24718.399772469234,5.41,3265.18,-0.005613435967461555,13229.986242711544,0.9006076984805986,3.1058176e-05,0.9608864,2.38,0.41,0.33,0.23,0.03,,,,,
3437,14077952,6895,39604.65476100736,24755.803843201433,5.38,3279.16,-0.008236322235461557,2147.779022872448,0.9746048264205456,3.10381056e-05,0.92411137,2.33,0.42,0.33,0.23,0.02,,,,,
3438,14082048,6896,39691.343927850554,24801.62638561386,5.38,3289.36,-0.007513290233873704,3438.117061793804,0.9435959419934079,3.10180352e-05,0.9032728,2.32,0.43,0.32,0.23,0.02,,,,,
3439,14086144,6898,38906.54662000435,24324.53112409448,5.35,3243.62,-0.0068570696748793125,6103.170453965664,0.8893306570826098,3.09979648e-05,0.96127695,2.34,0.43,0.31,0.24,0.02,,,,,
3440,14090240,6900,38495.357448582916,24043.660249871555,5.3,3215.95,-0.009360142264995375,1254.057518541813,1.0210245510097593,3.09778944e-05,0.9735739,2.31,0.44,0.31,0.23,0.02,,,,,
3441,14094336,6900,38495.357448582916,24043.660249871555,5.3,3215.95,-0.006693993504086393,11144.179584681988,0.869943699799478,3.0957823999999996e-05,0.9618958,2.31,0.44,0.31,0.23,0.02,,,,,
3442,14098432,6901,38871.37476256903,24288.90446724976,5.32,3235.1,-0.004697512506936619,35255.419756650925,0.9126715569291264,3.0937753599999995e-05,0.94984114,2.31,0.44,0.31,0.23,0.02,,,,,
3443,14102528,6902,38639.62709025782,24146.060901241886,5.31,3221.34,-0.0036078270422876813,8297.766749203205,0.8531344661023468,3.0917683199999994e-05,0.9630867,2.31,0.44,0.31,0.23,0.02,,,,,
3444,14106624,6903,38824.74739593752,24252.559993948427,5.31,3240.21,-0.008564060372009408,1595.2529439926147,0.9136592424474657,3.089761279999999e-05,0.9378837,2.29,0.45,0.3,0.23,0.02,,,,,
3445,14110720,6904,38556.29354886542,24099.192622262166,5.29,3220.07,-0.007779614701576065,4336.145677894354,0.9448840882396325,3.087754239999999e-05,0.9372132,2.29,0.45,0.3,0.23,0.02,,,,,
3446,14114816,6905,39107.30172896622,24435.097498926752,5.32,3264.29,-0.00800322104623774,2555.796141296625,0.912442589062266,3.085747199999999e-05,0.9586641,2.27,0.46,0.29,0.23,0.02,,,,,
3447,14118912,6906,39505.07992377873,24668.20376563901,5.31,3299.1,-0.009787565283204458,3274.9451298117638,0.9047419101698324,3.08374016e-05,0.96026987,2.22,0.47,0.29,0.23,0.01,,,,,
3448,14123008,6907,39893.60869195821,24902.287966091386,5.33,3325.05,-0.006516467314213514,4146.028730124235,0.8739155402872711,3.08173312e-05,0.98223424,2.21,0.48,0.28,0.23,0.01,,,,,
3449,14127104,6908,39315.83373393222,24544.9384166422,5.28,3297.82,-0.010297091619577259,1843.4289758205414,0.9608579674968496,3.07972608e-05,0.94650847,2.19,0.49,0.27,0.23,0.01,,,,,
3450,14131200,6910,38449.41728180353,23994.906221009012,5.25,3240.36,-0.007326186203499674,4519.244317352772,0.9296586780110374,3.07771904e-05,0.9575614,2.23,0.48,0.27,0.24,0.01,42681.63904947381,26799.845920644326,5.9,3185.5666666666666,0.0
3451,14135296,6910,38449.41728180353,23994.906221009012,5.25,3240.36,-0.008027747639062,5865.528243362904,0.931556211784482,3.075712e-05,0.97345835,2.23,0.48,0.27,0.24,0.01,,,,,
3452,14139392,6911,39180.79545236676,24435.407006975624,5.28,3295.73,-0.009216687541083957,3991.5934683680534,0.9503660866757855,3.07370496e-05,0.969939,2.2,0.49,0.27,0.23,0.01,,,,,
3453,14143488,6913,38806.225077020594,24206.342923285552,5.27,3268.04,-0.0044063777568226214,4298.227769136429,0.9445744395488873,3.0716979199999997e-05,0.8918108,2.23,0.47,0.29,0.23,0.01,,,,,
3454,14147584,6915,38628.751763191016,24103.645244825584,5.27,3253.59,-0.008604143452430435,2741.26105889678,0.906111792428419,3.0696908799999995e-05,0.95442295,2.24,0.47,0.29,0.23,0.01,,,,,
3455,14151680,6917,38813.763138953116,24217.605888000784,5.29,3265.56,-0.005339716549315199,6372.993411958218,0.9171588395256549,3.0676838399999994e-05,0.94894534,2.25,0.47,0.29,0.23,0.01,,,,,
3456,14155776,6918,38799.84091253014,24226.263191652903,5.29,3267.91,-0.010308941888069967,2836.8267289102077,0.9430247587151825,3.065676799999999e-05,0.9269463,2.25,0.47,0.29,0.23,0.01,,,,,
3457,14159872,6921,38239.96619114587,23891.572158405572,5.27,3227.07,-0.007088917003784445,3309.5004453361034,1.0137103928718716,3.063669759999999e-05,0.94477886,2.27,0.47,0.28,0.24,0.01,,,,,
3458,14163968,6922,38237.492936792354,23884.477633083487,5.27,3225.87,-0.005518032710824627,6662.310460865498,0.8425080404849723,3.061662719999999e-05,0.94146925,2.27,0.47,0.28,0.24,0.01,,,,,
3459,14168064,6923,38639.99034788155,24151.215980040502,5.3,3236.89,-0.004273680382539169,33755.80066668987,0.7708235970931128,3.0596556800000004e-05,0.9573168,2.29,0.46,0.29,0.24,0.01,,,,,
3460,14172160,6924,39013.91614326623,24395.772838274446,5.34,3254.07,-0.0060708712971973,6973.192622542381,0.8842726428993046,3.05764864e-05,0.96480286,2.31,0.45,0.3,0.24,0.01,,,,,
3461,14176256,6925,38990.98944474741,24388.037727484025,5.35,3247.02,-0.005485246604621352,6425.786336869001,0.9818915303330868,3.0556416e-05,0.9518714,2.33,0.45,0.29,0.25,0.01,,,,,
3462,14180352,6925,38990.98944474741,24388.037727484025,5.35,3247.02,-0.00276044326255942,4896.852279305458,0.8839368482585996,3.05363456e-05,0.96604943,2.33,0.45,0.29,0.25,0.01,,,,,
3463,14184448,6926,39364.328398424754,24625.37321527873,5.37,3268.71,-0.0064615678074915195,12472.477011740208,0.8868693144759163,3.05162752e-05,0.96462417,2.33,0.45,0.29,0.25,0.01,,,,,
3464,14188544,6927,40305.874524994426,25195.923199215886,5.4,3335.28,-0.0028366797287162626,23934.30765324831,0.9355244803009555,3.0496204799999998e-05,0.96023244,2.29,0.46,0.29,0.24,0.01,,,,,
3465,14192640,6928,39735.885350805525,24836.536796023865,5.38,3296.55,-0.005083693875349127,8029.969716012478,0.8422313593327999,3.0476134399999997e-05,0.96390975,2.31,0.45,0.3,0.24,0.01,,,,,
3466,14196736,6930,38531.99985355093,24083.880214838482,5.3,3211.66,-0.005714827770134434,1819.0153006613255,0.9296690262854099,3.0456063999999996e-05,0.8411203,2.33,0.44,0.31,0.24,0.01,,,,,
3467,14200832,6931,38410.79090734256,24000.703074550423,5.29,3208.01,-0.007576968562716502,2889.247245758772,0.9364356972509995,3.0435993599999995e-05,0.9769704,2.32,0.45,0.3,0.24,0.01,,,,,
3468,14204928,6932,38529.55131281019,24089.93677594059,5.31,3209.52,-0.005481454312757705,7215.905744194984,0.9042918721679598,3.0415923199999994e-05,0.9510782,2.34,0.44,0.31,0.24,0.01,,,,,
3469,14209024,6932,38529.55131281019,24089.93677594059,5.31,3209.52,-0.005672194475664583,3406.9677926301956,0.8878241926431656,3.0395852799999993e-05,0.97553426,2.34,0.44,0.31,0.24,0.01,,,,,
3470,14213120,6933,39020.54446176377,24409.480463621087,5.34,3238.65,-0.004798147197107028,12888.7677488029,0.9188752572517842,3.0375782400000005e-05,0.9591789,2.34,0.44,0.31,0.24,0.01,,,,,
3471,14217216,6934,39405.56104305375,24656.420173266393,5.37,3273.76,-0.004577914094625157,9141.362035632133,0.9105251198634505,3.0355712000000004e-05,0.852421,2.33,0.45,0.3,0.24,0.01,,,,,
3472,14221312,6936,39085.11004510007,24475.305400394824,5.37,3241.44,-0.00564935846341541,4783.289705395699,0.8751418237807229,3.0335641600000003e-05,0.957128,2.37,0.43,0.32,0.24,0.01,,,,,
3473,14225408,6937,38553.776375304165,24113.44615691594,5.33,3225.53,-0.005100869537272956,4549.664720118046,0.9601785313570872,3.0315571200000002e-05,0.9730017,2.34,0.44,0.32,0.23,0.01,,,,,
3474,14229504,6937,38553.776375304165,24113.44615691594,5.33,3225.53,-0.006139581246316084,5241.872801601887,0.9043405407574028,3.02955008e-05,0.8971026,2.34,0.44,0.32,0.23,0.01,,,,,
3475,14233600,6939,39018.469009539054,24412.239193118963,5.36,3263.96,-0.007471126587915933,2163.94641572237,0.9330812101252377,3.02754304e-05,0.9366919,2.33,0.45,0.31,0.23,0.01,32902.964770271115,20707.828592015077,5.333333333333333,2669.866666666667,0.0
3476,14237696,6940,39460.97211830905,24688.394961083788,5.39,3291.75,-0.006485965547653905,8353.231337487698,0.8333095978014171,3.025536e-05,0.956331,2.33,0.45,0.31,0.23,0.01,,,,,
3477,14241792,6942,38199.07708692251,23862.58077703792,5.31,3217.93,-0.008309290267789038,1415.465290158987,0.95820212806575,3.0235289599999998e-05,0.9468122,2.33,0.45,0.31,0.23,0.01,,,,,
3478,14245888,6943,37992.23086070865,23733.24928504503,5.28,3211.03,-0.005599279480520636,4025.5514357984066,0.9838161816587672,3.0215219199999997e-05,0.95748216,2.31,0.46,0.3,0.23,0.01,,,,,
3479,14249984,6944,38337.67168510389,23939.32968010526,5.29,3237.19,-0.008932152076340572,2447.5915098190308,0.956183242611587,3.0195148799999996e-05,0.9600565,2.29,0.46,0.31,0.22,0.01,,,,,
3480,14254080,6945,38832.031345919466,24254.375376886936,5.33,3265.98,-0.005744970350860967,13826.082957744598,0.9389768212568015,3.0175078399999995e-05,0.8823774,2.3,0.45,0.32,0.22,0.01,,,,,
3481,14258176,6946,39117.741995464334,24407.756426133496,5.32,3294.27,-0.006522176610815222,4666.240795940161,0.8948532444192097,3.0155007999999994e-05,0.93802917,2.26,0.46,0.32,0.21,0.01,,,,,
3482,14262272,6948,38857.632768203955,24227.099918609878,5.28,3283.55,-0.008521438095158373,1400.6318680942059,0.8645058354595676,3.0134937599999992e-05,0.9426224,2.23,0.47,0.32,0.2,0.01,,,,,
3483,14266368,6950,38156.72415677824,23788.381646441856,5.22,3253.87,-0.009488887689258263,3389.7062809169292,0.9614853386301547,3.011486719999999e-05,0.9397653,2.19,0.49,0.31,0.19,0.01,,,,,
3484,14270464,6951,37575.859642906864,23448.551910867853,5.21,3213.59,-0.0034662045018194476,13339.727018117905,0.8671940315980464,3.009479679999999e-05,0.9640578,2.23,0.48,0.31,0.2,0.01,,,,,
3485,14274560,6951,37575.859642906864,23448.551910867853,5.21,3213.59,-0.006074160746720736,4111.999877810478,0.9227499378612265,3.007472639999999e-05,0.9553756,2.23,0.48,0.31,0.2,0.01,,,,,
3486,14278656,6953,37427.4802295091,23338.70008707067,5.18,3206.12,-0.0036357739872983075,22929.866678476334,0.9266893198946491,3.0054655999999988e-05,0.96588373,2.2,0.49,0.31,0.19,0.01,,,,,
3487,14282752,6954,36867.02520394742,22995.684066870446,5.14,3159.43,-0.00776327594758186,2245.178849488497,0.9105142434127629,3.00345856e-05,0.97864604,2.21,0.48,0.32,0.19,0.01,,,,,
3488,14286848,6955,37500.1846162572,23358.65922636828,5.16,3205.18,-0.007191099043666327,3121.0021229684353,0.9666054943809286,3.00145152e-05,0.97413373,2.18,0.49,0.32,0.18,0.01,,,,,
3489,14290944,6957,36927.27295221085,23009.69716298512,5.12,3164.48,-0.011053643416744308,1526.3206509947777,1.0046058716252446,2.99944448e-05,0.9347049,2.18,0.49,0.32,0.18,0.01,,,,,
3490,14295040,6958,37645.19027451856,23421.942727072354,5.15,3215.0,-0.005512532019565697,3106.5591589212418,0.913435235270299,2.9974374399999997e-05,0.98793185,2.15,0.5,0.32,0.17,0.01,,,,,
3491,14299136,6960,37877.20618859788,23573.772166270133,5.12,3243.06,-0.005977332748443587,3204.2617432177067,0.9266202334547415,2.9954303999999996e-05,0.9387518,2.09,0.51,0.33,0.15,0.01,,,,,
3492,14303232,6961,38155.046178812845,23743.815195123272,5.11,3265.12,-0.004999877656700846,5264.045666217804,0.8970006592571735,2.993423360000001e-05,0.94114906,2.05,0.51,0.34,0.15,0.0,,,,,
3493,14307328,6963,37331.442204259976,23228.644979428198,5.06,3199.95,-0.00841763903372339,1784.8544656038284,0.9759755135746673,2.9914163200000008e-05,0.93322384,2.07,0.49,0.36,0.15,0.0,,,,,
3494,14311424,6965,37334.603142949396,23231.957025314718,5.06,3199.09,-0.005543517507248907,8462.82814759016,0.9617813701042905,2.9894092800000007e-05,0.93676025,2.07,0.49,0.36,0.15,0.0,,,,,
3495,14315520,6966,37220.2736720578,23164.97063527086,5.06,3187.08,-0.006868026348456624,2758.9702355265617,0.9550302792340517,2.9874022400000006e-05,0.96865284,2.08,0.49,0.36,0.15,0.0,,,,,
3496,14319616,6967,37682.00528642897,23448.129998529334,5.08,3224.89,-0.005860907705937279,5428.275469899178,0.9184511145576835,2.9853952000000005e-05,0.9553681,2.06,0.5,0.35,0.15,0.0,,,,,
3497,14323712,6969,37639.54596863061,23423.92738172011,5.07,3222.78,-0.008731621026527137,2055.4800563156605,0.9076528861187398,2.9833881600000003e-05,0.9299347,2.05,0.49,0.37,0.14,0.0,,,,,
3498,14327808,6969,37639.54596863061,23423.92738172011,5.07,3222.78,-0.005718251427424548,4835.495521426201,0.886421995703131,2.9813811200000002e-05,0.93999594,2.05,0.49,0.37,0.14,0.0,,,,,
3499,14331904,6971,38362.3058961682,23892.45847416465,5.12,3271.95,-0.005280314202536829,16637.10567510128,0.8882388697238639,2.97937408e-05,0.96796346,2.04,0.5,0.36,0.14,0.0,,,,,
3500,14336000,6975,38175.04789361454,23814.599158530295,5.13,3254.79,-0.006020080338203115,7926.897847056389,0.9829885414801538,2.97736704e-05,0.9006537,2.07,0.49,0.37,0.14,0.0,41516.52114524154,26175.368306124998,5.9,3188.8333333333335,0.0
3501,14340096,6977,38301.98268789575,23895.28497448765,5.13,3270.62,-0.009405837199665257,2007.2045549452305,0.9800706499954686,2.97536e-05,0.9003797,2.05,0.5,0.36,0.14,0.0,,,,,
3502,14344192,6979,37602.9427348844,23444.86492128083,5.08,3225.86,-0.009113997370150173,1607.6908628344536,0.9274423061870039,2.9733529599999998e-05,0.9574887,2.05,0.5,0.36,0.14,0.0,,,,,
3503,14348288,6980,37789.96740606491,23561.60117674272,5.09,3241.23,-0.007861860367484041,2891.8688526451588,1.0089885654160753,2.9713459199999997e-05,0.9681152,2.04,0.51,0.35,0.14,0.0,,,,,
3504,14352384,6980,37789.96740606491,23561.60117674272,5.09,3241.23,-0.0032976171733025694,13901.689472794533,0.9247317381668836,2.9693388799999996e-05,0.96779037,2.04,0.51,0.35,0.14,0.0,,,,,
3505,14356480,6981,38364.803104812876,23947.351285693552,5.13,3266.86,-0.004151919717514829,20687.568506509066,0.8926815319573507,2.9673318399999995e-05,0.94944435,2.05,0.5,0.36,0.14,0.0,,,,,
3506,14360576,6982,38453.88533169005,23994.21335612964,5.12,3278.58,-0.0053783163320986205,11971.381177425385,0.8723742685979232,2.9653247999999994e-05,0.96505225,2.02,0.5,0.37,0.13,0.0,,,,,
3507,14364672,6983,38936.05192957091,24301.164183791574,5.15,3316.25,-0.005959332576821907,9407.827279508114,0.9638547811191529,2.9633177599999993e-05,0.9003983,2.01,0.5,0.37,0.13,0.0,,,,,
3508,14368768,6985,39051.78660717516,24365.309105247703,5.15,3322.55,-0.007245070842145651,4207.061291128397,0.8976259884657338,2.961310719999999e-05,0.9334715,2.0,0.51,0.36,0.13,0.0,,,,,
3509,14372864,6986,39578.37569682806,24685.719961596766,5.16,3366.28,-0.005792111884147744,7036.286792874336,0.940737160271965,2.959303679999999e-05,0.969517,1.96,0.52,0.36,0.12,0.0,,,,,
3510,14376960,6988,38686.68843608179,24145.792117746245,5.12,3304.22,-0.004869145069733349,8247.2203951478,1.00436092086602,2.957296639999999e-05,0.90059745,1.99,0.51,0.36,0.13,0.0,,,,,
3511,14381056,6989,38449.79652297541,23992.496160031144,5.13,3278.99,-0.00612142746194877,3008.8441059589386,0.922108982456848,2.955289599999999e-05,0.94963855,2.03,0.5,0.36,0.14,0.0,,,,,
3512,14385152,6990,38324.659153295775,23907.313278133417,5.11,3280.89,-0.003670662954391446,7745.957289218903,0.9089955692179501,2.9532825599999987e-05,0.9180854,2.01,0.51,0.35,0.14,0.0,,,,,
3513,14389248,6993,37531.36775238805,23445.624542295638,5.09,3212.59,-0.004807488430742524,7252.116941154003,0.9271714664064348,2.9512755199999986e-05,0.93911153,2.07,0.49,0.36,0.15,0.0,,,,,
3514,14393344,6994,37206.599645959046,23251.797637800017,5.08,3189.52,-0.005096554985357216,8971.455101370811,0.8711546912090853,2.94926848e-05,0.96447104,2.09,0.48,0.37,0.15,0.0,,,,,
3515,14397440,6996,37311.78421771456,23318.45083801432,5.11,3181.4,-0.005091394405098981,3225.848067998886,0.9331199714215472,2.9472614399999998e-05,0.978811,2.13,0.46,0.39,0.15,0.0,,,,,
3516,14401536,6996,37311.78421771456,23318.45083801432,5.11,3181.4,-0.005602913951406663,3423.8473345935345,0.9168485091067851,2.9452543999999997e-05,0.9707317,2.13,0.46,0.39,0.15,0.0,,,,,
3517,14405632,6997,37178.61621012534,23213.071767235208,5.1,3172.61,-0.006410432506527286,2668.8836881816387,0.9791782053653151,2.9432473599999996e-05,0.9749613,2.13,0.46,0.39,0.15,0.0,,,,,
3518,14409728,6998,37639.27683594862,23489.782420349096,5.12,3206.95,-0.007216313895696658,5006.450415849686,0.9572035792516544,2.9412403199999994e-05,0.9526115,2.11,0.46,0.4,0.14,0.0,,,,,
3519,14413824,7001,37117.67240791291,23181.513776839212,5.14,3169.57,-0.004984571829481865,7228.852520942688,0.9942361699650064,2.9392332799999993e-05,0.9525642,2.17,0.44,0.4,0.16,0.0,,,,,
3520,14417920,7002,37062.30699261148,23168.357371468177,5.15,3156.24,-0.0025284626717620995,22382.356918931007,0.8730716913705692,2.9372262400000006e-05,0.9633129,2.2,0.43,0.4,0.17,0.0,,,,,
3521,14422016,7003,37069.987801285766,23165.38434879167,5.15,3157.04,-0.006474879764937214,3056.211530447006,0.9721770957112312,2.9352192000000005e-05,0.8934121,2.2,0.43,0.4,0.17,0.0,,,,,
3522,14426112,7004,37216.49628280761,23260.303668429187,5.16,3171.52,-0.005177490368623694,3269.198092520237,0.9066039999015629,2.9332121600000004e-05,0.8964207,2.2,0.43,0.4,0.17,0.0,,,,,
3523,14430208,7005,36932.4180894855,23088.241342056775,5.14,3153.28,-0.004006245771961403,8770.28530728817,0.9080430392641574,2.9312051200000003e-05,0.8933991,2.2,0.43,0.4,0.17,0.0,,,,,
3524,14434304,7007,36462.80206309077,22804.569809326575,5.12,3118.1,-0.006671296807326144,2627.080712735653,0.957655398757197,2.92919808e-05,0.94986224,2.22,0.42,0.41,0.17,0.0,,,,,
3525,14438400,7008,36660.87694378631,22918.482819804893,5.14,3129.21,-0.0035319227154104738,3908.088576197624,0.9318491374142468,2.92719104e-05,0.9308992,2.23,0.41,0.42,0.17,0.0,33783.69933447739,21153.742717563284,5.366666666666666,2685.6,0.03333333333333333
3526,14442496,7010,36434.08660644889,22776.98901203079,5.12,3112.95,-0.004271787372772451,7103.944474548101,0.9368352044839412,2.925184e-05,0.9491022,2.22,0.41,0.42,0.17,0.0,,,,,
3527,14446592,7011,36289.480651075224,22698.233239578803,5.12,3096.17,-0.00922427467048692,3423.1427331864834,0.9147282290505245,2.92317696e-05,0.9743134,2.24,0.4,0.43,0.17,0.0,,,,,
3528,14450688,7013,36370.73147398736,22733.635414575674,5.13,3098.68,-0.00601091438329604,7158.419683158398,0.898817848530598,2.9211699199999997e-05,0.90568936,2.25,0.4,0.42,0.18,0.0,,,,,
3529,14454784,7015,36128.230086331845,22602.300590544495,5.12,3080.38,-0.004398276631945919,6302.577533453703,0.9155393409309909,2.9191628799999996e-05,0.851593,2.26,0.4,0.41,0.19,0.0,,,,,
3530,14458880,7016,36280.013706728874,22686.50190412519,5.12,3094.24,-0.004657589093767456,4479.1998254060745,0.9359462138963863,2.9171558399999995e-05,0.9600136,2.24,0.41,0.4,0.19,0.0,,,,,
3531,14462976,7017,36277.6276669887,22687.609432554684,5.12,3095.37,-0.006963807452848414,3862.307985186577,0.9152923149522394,2.9151487999999994e-05,0.84370905,2.24,0.41,0.4,0.19,0.0,,,,,
3532,14467072,7018,36653.65012805462,22913.254598650532,5.14,3122.79,-0.0022559595981874736,17795.736388266087,0.9149537310004234,2.9131417599999993e-05,0.8489408,2.23,0.42,0.39,0.19,0.0,,,,,
3533,14471168,7019,36572.665798818496,22865.596171100486,5.13,3117.84,-0.0037955740463075927,6867.060040950775,0.9475803427631035,2.9111347199999992e-05,0.9233779,2.22,0.43,0.38,0.19,0.0,,,,,
3534,14475264,7020,36984.39306973866,23126.53270267259,5.14,3146.7,-0.006572644000698347,5043.195549428463,0.9713522387901321,2.909127679999999e-05,0.96562856,2.2,0.43,0.39,0.18,0.0,,,,,
3535,14479360,7021,37565.704351905966,23476.611479341216,5.16,3195.21,-0.009069397225175635,4834.851964890957,0.885973064461723,2.907120639999999e-05,0.96618664,2.17,0.44,0.39,0.17,0.0,,,,,
3536,14483456,7022,38207.95029838585,23892.865432225637,5.22,3222.84,-0.004775064264322282,29996.52597206831,0.8607426201924682,2.9051136000000002e-05,0.96432215,2.2,0.43,0.39,0.18,0.0,,,,,
3537,14487552,7023,37338.0621117272,23347.447067257734,5.15,3177.95,-0.008407372142755776,3595.489134788513,0.931260441779159,2.90310656e-05,0.9416813,2.18,0.44,0.38,0.18,0.0,,,,,
3538,14491648,7024,37798.436773867616,23634.087198795984,5.17,3205.15,-0.004401882343699981,37978.95828783512,0.9011159123620018,2.90109952e-05,0.96043843,2.17,0.44,0.38,0.18,0.0,,,,,
3539,14495744,7026,36708.7786650162,22928.767294652273,5.1,3132.02,-0.005312846886226907,5327.886399328709,0.9025895741069689,2.89909248e-05,0.9167738,2.18,0.43,0.39,0.18,0.0,,,,,
3540,14499840,7027,36158.49082365321,22593.43445454065,5.08,3092.76,-0.007926482913717336,2101.487486243248,0.9289983944036067,2.8970854399999998e-05,0.9779419,2.2,0.42,0.4,0.18,0.0,,,,,
3541,14503936,7028,36361.90315245095,22711.750600274372,5.08,3113.06,-0.003365470085554989,10443.615440547466,0.8911175588145852,2.8950783999999997e-05,0.96451277,2.18,0.43,0.39,0.18,0.0,,,,,
3542,14508032,7028,36361.90315245095,22711.750600274372,5.08,3113.06,-0.00540237505629193,5390.763891816139,0.8900243325624615,2.8930713599999996e-05,0.95938,2.18,0.43,0.39,0.18,0.0,,,,,
3543,14512128,7031,36469.05997614748,22790.11790187113,5.09,3117.45,-0.006847072150776512,2761.5830794274807,0.9107119515538216,2.8910643199999995e-05,0.95945334,2.18,0.43,0.39,0.18,0.0,,,,,
3544,14516224,7032,36248.68443635262,22638.59320637615,5.06,3108.11,-0.0069974679754523095,1907.609210461378,0.9425996338250116,2.8890572799999994e-05,0.8963014,2.16,0.44,0.38,0.18,0.0,,,,,
3545,14520320,7033,36083.940650871686,22515.21941867589,5.05,3097.86,-0.005275487907056231,8812.798520863056,0.9445038547273725,2.8870502399999993e-05,0.9631331,2.16,0.44,0.38,0.18,0.0,,,,,
3546,14524416,7033,36083.940650871686,22515.21941867589,5.05,3097.86,-0.007808192513039103,1557.4531061053276,0.917136543081142,2.885043199999999e-05,0.97087026,2.16,0.44,0.38,0.18,0.0,,,,,
3547,14528512,7035,35989.47601082162,22449.581481295805,5.03,3095.61,-0.00328213407919975,4175.350647568703,0.8813961306586862,2.8830361600000004e-05,0.95403284,2.14,0.45,0.37,0.18,0.0,,,,,
3548,14532608,7035,35989.47601082162,22449.581481295805,5.03,3095.61,-0.0031317221819335828,8018.239371597767,0.8603905498748645,2.8810291200000003e-05,0.9534818,2.14,0.45,0.37,0.18,0.0,,,,,
3549,14536704,7037,36005.306402677335,22464.09140134677,5.03,3097.11,-0.005063977704594436,7220.065386235714,0.9172733946470544,2.8790220800000002e-05,0.9031233,2.14,0.45,0.37,0.18,0.0,,,,,
3550,14540800,7039,35847.6430721844,22358.824081483952,5.0,3085.89,-0.010593816203254391,1389.7132166326046,0.9457228769315407,2.87701504e-05,0.9724413,2.12,0.45,0.38,0.17,0.0,48351.69734976872,30414.231435301823,6.4,3632.5333333333333,0.0
3551,14544896,7040,35535.923590305116,22159.050160209445,4.98,3065.74,-0.007142986599319556,2357.1105074882507,0.9054211579496041,2.875008e-05,0.95784223,2.12,0.45,0.38,0.17,0.0,,,,,
3552,14548992,7040,35535.923590305116,22159.050160209445,4.98,3065.74,-0.0027648302811940084,12262.939566016197,0.849308138131164,2.87300096e-05,0.9712796,2.12,0.45,0.38,0.17,0.0,,,,,
3553,14553088,7041,36200.210859420644,22582.96031013497,5.01,3108.71,-0.006748337134922622,4470.133591681719,0.8840686104958877,2.8709939199999998e-05,0.9597875,2.1,0.45,0.39,0.16,0.0,,,,,
3554,14557184,7043,36711.10146975447,22932.875454248344,5.07,3141.96,-0.005251985539871384,7526.920424699783,0.9220653637312353,2.8689868799999996e-05,0.964422,2.12,0.45,0.38,0.17,0.0,,,,,
3555,14561280,7044,36558.57774289328,22849.538969604575,5.06,3134.6,-0.005255740144093579,5010.94316470623,0.903721202746965,2.8669798399999995e-05,0.9378112,2.12,0.45,0.38,0.17,0.0,,,,,
3556,14565376,7045,36297.90309539742,22687.18670456407,5.04,3123.72,-0.006779993101190485,3998.5782532393932,0.9560272297821939,2.8649727999999994e-05,0.94197816,2.11,0.46,0.37,0.17,0.0,,,,,
3557,14569472,7046,36164.41727018969,22596.2613146753,5.03,3112.64,-0.009274249579902971,2456.4214773774147,0.882324670557864,2.8629657599999993e-05,0.9255029,2.11,0.46,0.37,0.17,0.0,,,,,
3558,14573568,7047,36185.10950594819,22595.746522054564,5.03,3112.8,-0.0054650931888318155,5186.657510519028,0.9404043261893094,2.8609587199999992e-05,0.9679845,2.11,0.46,0.37,0.17,0.0,,,,,
3559,14577664,7048,36822.64393357444,23004.946386008345,5.07,3160.39,-0.0034375971736153588,6039.275891959667,0.8558965749107301,2.8589516800000005e-05,0.945988,2.1,0.46,0.37,0.17,0.0,,,,,
3560,14581760,7050,36796.40356168746,22983.192912502047,5.11,3140.32,-0.0033851958005470806,12136.325775027275,0.9080515919486061,2.8569446400000004e-05,0.8913922,2.16,0.44,0.38,0.17,0.01,,,,,
3561,14585856,7051,36941.81989023931,23057.85624001784,5.1,3156.65,-0.0028478985791480227,13242.47486948967,0.8823375595966354,2.8549376000000003e-05,0.95796454,2.13,0.44,0.39,0.16,0.01,,,,,
3562,14589952,7051,36941.81989023931,23057.85624001784,5.1,3156.65,-0.005470086794957751,6580.307272911072,0.8340323180891573,2.85293056e-05,0.95985115,2.13,0.44,0.39,0.16,0.01,,,,,
3563,14594048,7052,36962.10654520112,23076.235323322842,5.1,3160.12,-0.0035541574848139135,10276.729740798473,0.7869179168483242,2.85092352e-05,0.9727573,2.13,0.44,0.39,0.16,0.01,,,,,
3564,14598144,7054,37212.909508081524,23228.63327829215,5.15,3177.09,-0.00512613800856343,3986.6005665659904,0.9297614526003599,2.84891648e-05,0.9471048,2.16,0.44,0.38,0.17,0.01,,,,,
3565,14602240,7054,37212.909508081524,23228.63327829215,5.15,3177.09,-0.0027605480809143046,18721.404345035553,0.8978405743837357,2.8469094399999998e-05,0.9701741,2.16,0.44,0.38,0.17,0.01,,,,,
3566,14606336,7056,37398.54375289002,23374.260415903707,5.17,3177.77,-0.005051205334439146,22463.23928385973,0.9236356499604881,2.8449023999999997e-05,0.9394208,2.18,0.43,0.39,0.17,0.01,,,,,
3567,14610432,7058,36912.039081293566,23110.38267027809,5.15,3146.37,-0.010264557635309757,2749.0941440463066,0.9371574412798509,2.8428953599999996e-05,0.9513819,2.2,0.42,0.4,0.17,0.01,,,,,
3568,14614528,7059,37289.82054572116,23340.397245466636,5.18,3158.38,-0.00492933923851524,14093.37399840355,0.9720226366771385,2.8408883199999995e-05,0.96550786,2.22,0.41,0.41,0.17,0.01,,,,,
3569,14618624,7060,37600.70469490974,23540.795310737918,5.2,3184.98,-0.004912068194244057,5126.363133639097,0.9556434364058077,2.8388812799999994e-05,0.92658925,2.21,0.41,0.41,0.17,0.01,,,,,
3570,14622720,7060,37600.70469490974,23540.795310737918,5.2,3184.98,-0.0029825808687746758,24652.146373033524,0.8721324030775577,2.8368742399999993e-05,0.96147555,2.21,0.41,0.41,0.17,0.01,,,,,
3571,14626816,7061,38300.90610070341,23985.371934773484,5.24,3222.86,-0.0024419179871983943,41132.82819068432,0.9154724668478593,2.8348671999999992e-05,0.8835927,2.22,0.41,0.41,0.17,0.01,,,,,
3572,14630912,7063,38573.05039116181,24180.66435986747,5.27,3240.23,-0.006062958533220808,3014.3575108349323,0.9968187687918544,2.832860159999999e-05,0.96561,2.23,0.42,0.39,0.18,0.01,,,,,
3573,14635008,7064,38877.764674230566,24373.2262201688,5.29,3262.75,-0.005367026142266695,3505.653053164482,0.9227091296343133,2.830853119999999e-05,0.95308554,2.23,0.42,0.39,0.18,0.01,,,,,
3574,14639104,7064,38877.764674230566,24373.2262201688,5.29,3262.75,-0.003324314444398624,12056.054824113846,0.9016440183622763,2.828846079999999e-05,0.97156775,2.23,0.42,0.39,0.18,0.01,,,,,
3575,14643200,7065,39665.072287836425,24854.34732432635,5.32,3308.4,-0.004239414014591603,25282.513215720654,0.8452271556016058,2.82683904e-05,0.96703494,2.21,0.42,0.4,0.17,0.01,55182.6545821142,34786.69930759141,6.7,3904.0666666666666,0.03333333333333333
3576,14647296,7067,39466.791663783995,24738.805946615314,5.32,3289.87,-0.0033624030684222816,13421.921329975128,1.0277887417469174,2.824832e-05,0.9280214,2.23,0.42,0.39,0.18,0.01,,,,,
3577,14651392,7068,39484.62779424577,24745.869664434762,5.32,3291.46,-0.007205188061561785,3744.380143761635,0.9134125418495387,2.82282496e-05,0.9422846,2.23,0.42,0.39,0.18,0.01,,,,,
3578,14655488,7069,39911.55217794762,25030.708776224692,5.35,3320.21,-0.0052140479147055885,5473.118315756321,0.8745203305734321,2.8208179199999998e-05,0.9687835,2.23,0.42,0.39,0.18,0.01,,,,,
3579,14659584,7069,39911.55217794762,25030.708776224692,5.35,3320.21,-0.004135709592446801,7890.534359037876,0.8283429293660447,2.8188108799999997e-05,0.9783338,2.23,0.42,0.39,0.18,0.01,,,,,
3580,14663680,7072,39927.07354639063,25031.88957520895,5.37,3314.72,-0.005171193979549571,18425.164097189903,0.9811402877094224,2.8168038399999996e-05,0.9552032,2.26,0.41,0.39,0.19,0.01,,,,,
3581,14667776,7073,40201.322320298146,25198.390519285796,5.36,3345.46,-0.005938933544712199,4874.532085597515,0.9354651564499363,2.8147968000000008e-05,0.9256884,2.22,0.42,0.39,0.18,0.01,,,,,
3582,14671872,7074,40487.334183678875,25365.439706992995,5.38,3362.48,-0.0036966258717257006,6152.271856307983,0.941343468381092,2.8127897600000007e-05,0.9585509,2.22,0.42,0.39,0.18,0.01,,,,,
3583,14675968,7076,40613.23254081321,25442.6485982768,5.39,3374.09,-0.006471463453635806,2634.9651870131493,0.9368388833245263,2.8107827200000006e-05,0.91973877,2.22,0.42,0.39,0.18,0.01,,,,,
3584,14680064,7077,40720.075791712035,25502.227343358,5.4,3383.05,-0.005064121668510779,3719.0139411985874,0.9420133375097066,2.8087756800000005e-05,0.938056,2.22,0.42,0.39,0.18,0.01,,,,,
3585,14684160,7078,41099.51239631983,25748.80457872832,5.43,3410.58,-0.005838820872668293,3073.9758283793926,0.908021958428435,2.8067686400000004e-05,0.959932,2.22,0.42,0.39,0.18,0.01,,,,,
3586,14688256,7079,41486.42029364233,25998.27889140241,5.45,3441.31,-0.006075620067349519,4222.455070853233,0.8950392805272713,2.8047616000000003e-05,0.9469267,2.21,0.42,0.4,0.17,0.01,,,,,
3587,14692352,7082,39678.547102747834,24867.316845290366,5.35,3325.67,-0.005144682391801325,8122.125813126564,1.0018931020749733,2.80275456e-05,0.9377408,2.24,0.42,0.39,0.18,0.01,,,,,
3588,14696448,7084,39472.51887611449,24741.296982964886,5.38,3297.51,-0.0036216778735251864,10979.226707994938,0.9171763980994001,2.80074752e-05,0.936235,2.3,0.41,0.38,0.2,0.01,,,,,
3589,14700544,7086,39104.23888026388,24529.79721932841,5.35,3275.99,-0.005092948396850261,4999.874836206436,0.9340693291742355,2.79874048e-05,0.9568343,2.29,0.41,0.39,0.19,0.01,,,,,
3590,14704640,7087,39378.663985780426,24708.947123164595,5.37,3297.65,-0.0057992682723124744,5301.390876293182,0.9158369249198586,2.79673344e-05,0.9536446,2.28,0.42,0.38,0.19,0.01,,,,,
3591,14708736,7088,39669.18921477857,24874.747268729494,5.37,3322.41,-0.0061932301805427414,4387.450528264046,0.9014127783011645,2.7947263999999997e-05,0.9377677,2.25,0.43,0.38,0.18,0.01,,,,,
3592,14712832,7089,39826.25723216835,24985.06579946459,5.36,3340.0,-0.007655741404960281,3597.870293676853,0.9594297882867977,2.7927193599999996e-05,0.9448517,2.22,0.43,0.39,0.17,0.01,,,,,
3593,14716928,7090,39748.20781388057,24936.347609948032,5.36,3329.94,-0.01112985777126596,2891.266947776079,0.895230483612977,2.7907123199999995e-05,0.9283831,2.23,0.42,0.4,0.17,0.01,,,,,
3594,14721024,7093,39627.69951967392,24807.77278917624,5.34,3323.26,-0.005218419479206204,5069.194343864918,0.9667610436445102,2.7887052799999994e-05,0.92769444,2.21,0.43,0.39,0.17,0.01,,,,,
3595,14725120,7095,38981.05839954951,24388.78333771357,5.28,3283.83,-0.006116939793173515,3404.1195350289345,0.9238076226320118,2.7866982399999993e-05,0.9311416,2.19,0.44,0.38,0.17,0.01,,,,,
3596,14729216,7096,39452.068275027,24695.510220180626,5.3,3321.76,-0.0044823956395703135,6937.304112136364,0.882982817478478,2.7846911999999992e-05,0.9643767,2.17,0.45,0.37,0.17,0.01,,,,,
3597,14733312,7096,39452.068275027,24695.510220180626,5.3,3321.76,-0.002585608695881092,5163.645368099213,0.8791369205573574,2.782684159999999e-05,0.97096837,2.17,0.45,0.37,0.17,0.01,,,,,
3598,14737408,7097,39651.169293267674,24849.394053130247,5.32,3328.17,-0.002073990615826915,34755.36659824848,0.9326501237228513,2.780677119999999e-05,0.83137625,2.19,0.44,0.38,0.17,0.01,,,,,
3599,14741504,7098,39877.93501469118,24995.326905234015,5.33,3345.59,-0.0051623474491862,6545.973566859961,0.8858054681913927,2.778670079999999e-05,0.970421,2.18,0.45,0.37,0.17,0.01,,,,,
3600,14745600,7099,39581.40525328586,24807.654152489322,5.3,3329.48,-0.008574232040700736,5700.855819284916,0.9923446390312165,2.7766630399999988e-05,0.8630116,2.17,0.46,0.36,0.17,0.01,48958.322578501575,30933.812663729197,6.3,3604.0,0.06666666666666667
3601,14749696,7102,39002.34214066747,24398.741848839745,5.21,3309.0,-0.009935055675668991,2782.8020925223827,0.9307684707455337,2.7746559999999987e-05,0.9454202,2.1,0.48,0.36,0.15,0.01,,,,,
3602,14753792,7104,38974.8334388827,24401.270749487947,5.24,3292.32,-0.0025210439880538615,40517.75153398514,0.9916088385507464,2.7726489599999986e-05,0.6704695,2.15,0.46,0.37,0.16,0.01,,,,,
3603,14757888,7105,38916.17765250104,24361.167408839512,5.24,3284.4,-0.0065330178185831755,2472.873400181532,0.9506461390992627,2.7706419199999998e-05,0.94312793,2.16,0.45,0.38,0.16,0.01,,,,,
3604,14761984,7106,39100.79623758109,24470.59169678164,5.24,3303.4,-0.005490923382239998,8008.69119477272,0.9090507931541651,2.7686348799999997e-05,0.9529358,2.14,0.46,0.37,0.16,0.01,,,,,
3605,14766080,7108,38807.47957653221,24296.238674032174,5.26,3270.67,-0.0052403752924874425,4327.022648155689,0.9772022147662938,2.7666278399999996e-05,0.937793,2.2,0.45,0.37,0.16,0.02,,,,,
3606,14770176,7110,38806.14618009996,24287.681220532173,5.25,3271.75,-0.004935660487717541,3377.069781899452,0.9332442879676819,2.7646207999999995e-05,0.9575875,2.19,0.45,0.38,0.15,0.02,,,,,
3607,14774272,7112,38424.28278623838,24044.753775403457,5.21,3254.13,-0.009103008139391022,2379.230168968439,1.0110138969030231,2.7626137600000007e-05,0.9522358,2.16,0.47,0.36,0.15,0.02,,,,,
3608,14778368,7112,38424.28278623838,24044.753775403457,5.21,3254.13,-0.0036240370782252285,31037.868799328804,0.8737639141036198,2.7606067200000006e-05,0.95403785,2.16,0.47,0.36,0.15,0.02,,,,,
3609,14782464,7113,38943.40293023846,24395.97613577342,5.24,3283.16,-0.004748402861878276,4231.070112347603,0.9198696460807696,2.7585996800000005e-05,0.922366,2.16,0.47,0.36,0.15,0.02,,,,,
3610,14786560,7113,38943.40293023846,24395.97613577342,5.24,3283.16,-0.0015486956872337032,50990.67679858208,0.8724995084339753,2.7565926400000004e-05,0.93508565,2.16,0.47,0.36,0.15,0.02,,,,,
3611,14790656,7114,40172.485208419064,25161.631885959097,5.31,3357.88,-0.0033623563022047165,36143.72608628869,0.9238999551162124,2.7545856000000003e-05,0.9224284,2.16,0.47,0.36,0.15,0.02,,,,,
3612,14794752,7115,40775.781125375324,25515.329088977094,5.33,3403.04,-0.004343144355516415,8697.481834173203,0.9616500879637897,2.7525785600000002e-05,0.9670699,2.13,0.48,0.36,0.14,0.02,,,,,
3613,14798848,7115,40775.781125375324,25515.329088977094,5.33,3403.04,-0.006381507268997666,5130.563226401806,0.8854493533726782,2.75057152e-05,0.9630575,2.13,0.48,0.36,0.14,0.02,,,,,
3614,14802944,7116,41188.13241643952,25759.69757153683,5.35,3425.98,-0.004513256775680929,10816.938445866108,0.9109927223762497,2.74856448e-05,0.97407115,2.13,0.48,0.36,0.14,0.02,,,,,
3615,14807040,7119,40873.10857398062,25579.906112958877,5.37,3382.74,-0.0040083566345856525,9338.280425965786,0.9115013921400532,2.74655744e-05,0.96379805,2.2,0.45,0.38,0.15,0.02,,,,,
3616,14811136,7120,40804.557847574186,25512.274800822026,5.36,3379.85,-0.0073196830417145975,3896.56815674901,0.9500879225088283,2.7445503999999998e-05,0.97394735,2.19,0.45,0.38,0.15,0.02,,,,,
3617,14815232,7121,40605.766509588946,25397.340995899038,5.35,3366.6,-0.0076997919040877605,4546.248970597982,0.9436462357407436,2.7425433599999997e-05,0.91768897,2.19,0.45,0.38,0.15,0.02,,,,,
3618,14819328,7121,40605.766509588946,25397.340995899038,5.35,3366.6,-0.003867755141982343,4178.359809398651,0.7972323391586542,2.7405363199999995e-05,0.97398245,2.19,0.45,0.38,0.15,0.02,,,,,
3619,14823424,7123,40577.72224830931,25357.358583802074,5.34,3384.96,-0.006521435294416733,3250.4935696423054,0.8704900698503479,2.7385292799999994e-05,0.9006203,2.16,0.46,0.38,0.14,0.02,,,,,
3620,14827520,7124,39743.14921679223,24836.58650945563,5.29,3337.03,-0.008369329314518836,4024.16747713089,0.9163412671769038,2.7365222399999993e-05,0.9289652,2.16,0.46,0.38,0.14,0.02,,,,,
3621,14831616,7126,39848.02293178665,24904.42339715352,5.3,3346.6,-0.005875782646398875,5494.293023318052,0.9383966535096988,2.7345151999999992e-05,0.93178344,2.15,0.47,0.37,0.14,0.02,,,,,
3622,14835712,7127,39992.87662634082,24995.5372892502,5.3,3362.07,-0.006600617122785479,3294.437588363886,0.8983186298282817,2.732508159999999e-05,0.97823226,2.13,0.48,0.36,0.14,0.02,,,,,
3623,14839808,7128,39641.14868141725,24767.583769385797,5.28,3339.53,-0.0063946914651751285,3591.78801253438,0.9081984285730869,2.730501119999999e-05,0.9144113,2.13,0.48,0.36,0.14,0.02,,,,,
3624,14843904,7129,39207.44973595803,24500.698516979646,5.25,3313.95,-0.006541043793276913,2351.5623328387737,0.9640677877468988,2.728494079999999e-05,0.9323213,2.13,0.48,0.36,0.14,0.02,,,,,
3625,14848000,7130,39879.23419355119,24913.529249236137,5.29,3363.93,-0.005265644234896172,4544.0431914925575,0.8707442567683756,2.7264870399999988e-05,0.97077733,2.11,0.49,0.35,0.14,0.02,24095.906575129913,15093.812122214536,4.833333333333333,2216.1,0.0
3626,14852096,7131,39928.24900506979,24942.087278815663,5.29,3370.27,-0.0052671490630018525,4341.114237993956,0.9333719336427748,2.72448e-05,0.8757075,2.11,0.49,0.35,0.14,0.02,,,,,
3627,14856192,7134,39085.23189341499,24419.51999406859,5.3,3294.43,-0.006765257883671438,3761.4168823957443,0.8810478110099211,2.72247296e-05,0.9558345,2.2,0.47,0.35,0.15,0.03,,,,,
3628,14860288,7135,39056.79849332219,24398.871229436365,5.3,3290.97,-0.005823989470172819,2845.830589443445,0.8868092179764062,2.7204659199999998e-05,0.96767807,2.21,0.46,0.36,0.15,0.03,,,,,
3629,14864384,7137,38961.55654767715,24335.323226946384,5.28,3289.01,-0.005980591507977806,3999.806120246649,0.9395907741272822,2.7184588799999997e-05,0.9411628,2.19,0.47,0.35,0.15,0.03,,,,,
3630,14868480,7138,39236.75471028432,24520.230574961482,5.31,3305.63,-0.00322149022576923,11422.497286975384,0.9811511321458966,2.7164518399999996e-05,0.94908845,2.2,0.46,0.36,0.15,0.03,,,,,
3631,14872576,7140,39028.31304349763,24397.842749999887,5.3,3289.87,-0.006359320982483041,4483.462029278278,0.9164798804558814,2.7144447999999995e-05,0.9279136,2.21,0.46,0.35,0.16,0.03,,,,,
3632,14876672,7141,38478.22203660669,24044.980561216093,5.26,3261.61,-0.00898085144945071,2067.632836729288,0.9130034281406552,2.7124377599999994e-05,0.9328038,2.2,0.47,0.34,0.16,0.03,,,,,
3633,14880768,7141,38478.22203660669,24044.980561216093,5.26,3261.61,-0.006267198490604642,3902.944118887186,0.8864125584950671,2.7104307199999993e-05,0.9732595,2.2,0.47,0.34,0.16,0.03,,,,,
3634,14884864,7142,39291.483236159576,24561.668604223654,5.3,3304.24,-0.0014550229725500685,93283.79772341251,0.9091320697916672,2.7084236799999992e-05,0.93432456,2.2,0.47,0.34,0.16,0.03,,,,,
3635,14888960,7142,39291.483236159576,24561.668604223654,5.3,3304.24,-0.004239986390530248,5644.408006429672,0.9392230503726751,2.7064166400000004e-05,0.9444355,2.2,0.47,0.34,0.16,0.03,,,,,
3636,14893056,7143,39683.30204711439,24790.143102214275,5.3,3338.45,-0.00472044470734545,6679.6239205002785,0.947950538364239,2.7044096000000003e-05,0.9525504,2.16,0.48,0.34,0.15,0.03,,,,,
3637,14897152,7145,39674.235393209485,24788.97868306389,5.33,3330.94,-0.005235637159785256,4200.772507607937,0.8650587412994355,2.7024025600000002e-05,0.9762709,2.2,0.48,0.33,0.15,0.04,,,,,
3638,14901248,7146,39665.62571681894,24790.429893043452,5.33,3331.33,-0.008522943297975871,2162.2431145608425,1.007312356843613,2.70039552e-05,0.93351036,2.2,0.48,0.33,0.15,0.04,,,,,
3639,14905344,7147,39445.148011054705,24663.93483926003,5.31,3313.49,-0.00701825889882457,2825.9781083464622,0.9441838918719441,2.69838848e-05,0.9596951,2.2,0.48,0.33,0.15,0.04,,,,,
3640,14909440,7148,39700.690366656956,24817.719812352516,5.32,3331.54,-0.003452902146818815,11870.060580134392,0.8342318200739101,2.69638144e-05,0.96671844,2.19,0.49,0.32,0.15,0.04,,,,,
3641,14913536,7149,39393.55015019488,24637.135049138073,5.3,3317.56,-0.005078612184661324,2560.73338124156,0.9268208008725196,2.6943743999999998e-05,0.961229,2.19,0.49,0.32,0.15,0.04,,,,,
3642,14917632,7150,39740.90933581089,24854.209224738326,5.29,3347.9,-0.007211140535218874,4565.562347531319,0.9320998111506924,2.6923673599999997e-05,0.9313241,2.15,0.49,0.33,0.15,0.03,,,,,
3643,14921728,7150,39740.90933581089,24854.209224738326,5.29,3347.9,-0.004076119478668261,12617.249306678772,0.9153589563211426,2.6903603199999996e-05,0.96855694,2.15,0.49,0.33,0.15,0.03,,,,,
3644,14925824,7151,40058.35670721378,25029.75540248003,5.3,3370.22,-0.003341218506648147,20536.71962299943,0.966613206313923,2.6883532799999995e-05,0.51371473,2.14,0.5,0.32,0.15,0.03,,,,,
3645,14929920,7152,39670.990382764394,24781.399217511822,5.28,3346.51,-0.004338773987001332,5780.173715829849,0.9196181615116075,2.6863462399999994e-05,0.94431555,2.14,0.5,0.32,0.15,0.03,,,,,
3646,14934016,7154,39538.06465104706,24712.149799259594,5.26,3338.76,-0.006512947020382853,3703.23568713665,0.898136984440498,2.6843391999999993e-05,0.8819359,2.13,0.5,0.32,0.15,0.03,,,,,
3647,14938112,7155,39303.09118249347,24567.145575677256,5.24,3336.53,-0.004309124449719093,5228.981945693493,0.8904442525235936,2.682332159999999e-05,0.9690992,2.11,0.51,0.31,0.15,0.03,,,,,
3648,14942208,7158,39067.13797227277,24403.145336287,5.2,3318.17,-0.005736745913964114,6266.479064106941,0.9637452453607693,2.6803251200000004e-05,0.93872786,2.09,0.51,0.31,0.15,0.03,,,,,
3649,14946304,7160,38472.779700159794,24013.510649947428,5.17,3278.39,-0.006049348150554579,3117.7051238417625,0.9233575355028734,2.6783180800000003e-05,0.9535706,2.1,0.52,0.29,0.16,0.03,,,,,
3650,14950400,7162,37481.49813485732,23381.5859765685,5.09,3228.02,-0.005996429537844961,4761.8058940172195,0.9223664517048746,2.6763110400000002e-05,0.8909544,2.07,0.52,0.3,0.15,0.03,47685.177593038876,30119.619549403225,6.3,3477.3,0.06666666666666667
3651,14954496,7163,37521.85943799199,23401.362073714983,5.1,3227.31,-0.006164233421259269,3187.27199909091,0.9714426273712888,2.674304e-05,0.97229725,2.08,0.51,0.31,0.15,0.03,,,,,
3652,14958592,7164,37365.88667037074,23307.8773395144,5.1,3210.7,-0.0037056791843497194,8111.728038012981,0.9051215560175478,2.67229696e-05,0.9628998,2.1,0.5,0.32,0.15,0.03,,,,,
3653,14962688,7165,37026.402694831646,23092.7298836023,5.09,3188.53,-0.003611967557844764,16092.576512038708,0.9025540794245899,2.67028992e-05,0.967884,2.11,0.5,0.32,0.15,0.03,,,,,
3654,14966784,7166,37582.86086715725,23445.43439378702,5.13,3227.58,-0.003456568115780101,10681.891275167465,0.871729425038211,2.6682828799999997e-05,0.96601,2.11,0.5,0.32,0.15,0.03,,,,,
3655,14970880,7168,37128.81472328859,23134.39784473966,5.07,3199.08,-0.006823386725955061,2072.8065227866173,0.9248078555101529,2.6662758399999996e-05,0.8683095,2.08,0.51,0.32,0.14,0.03,,,,,
3656,14974976,7170,36210.16077790387,22522.898796672882,5.01,3140.6,-0.006888491698191501,1769.5176431238651,0.9909860244952142,2.6642687999999995e-05,0.9697946,2.08,0.52,0.31,0.14,0.03,,,,,
3657,14979072,7172,36211.91703965347,22517.251169165294,4.99,3143.65,-0.011521283207002853,1957.725752055645,1.0557905384339392,2.6622617599999994e-05,0.9351715,2.05,0.52,0.32,0.13,0.03,,,,,
3658,14983168,7173,35975.57829093553,22369.87349440919,4.97,3125.28,-0.005131738217642123,3834.334952414036,1.0246413147542626,2.6602547199999993e-05,0.90926015,2.05,0.52,0.32,0.13,0.03,,,,,
3659,14987264,7174,36163.30228945971,22487.553947179327,4.97,3148.41,-0.004730860434392525,4637.947602987289,0.9146602333057672,2.6582476799999992e-05,0.9667441,2.03,0.53,0.31,0.13,0.03,,,,,
3660,14991360,7175,36410.80632621285,22634.857431508553,4.99,3160.75,-0.003312955800538475,14704.505368590355,0.9793555971700698,2.656240639999999e-05,0.81354034,2.04,0.52,0.32,0.13,0.03,,,,,
3661,14995456,7175,36410.80632621285,22634.857431508553,4.99,3160.75,-0.0030895988347765524,10345.374602138996,0.896080540958792,2.654233599999999e-05,0.96148294,2.04,0.52,0.32,0.13,0.03,,,,,
3662,14999552,7178,36539.66969027847,22716.886332664755,5.0,3163.11,-0.010324566539566149,2339.8475902676582,1.008111816830933,2.652226559999999e-05,0.9072673,2.05,0.51,0.33,0.13,0.03,,,,,
3663,15003648,7179,36408.18522385428,22631.30434809895,4.98,3158.91,-0.006808288582760724,4681.117984473705,0.9940232997760177,2.65021952e-05,0.927656,2.03,0.52,0.32,0.13,0.03,,,,,
3664,15007744,7179,36408.18522385428,22631.30434809895,4.98,3158.91,-0.003463824250502512,44461.790937542915,0.943381255841814,2.64821248e-05,0.9582467,2.03,0.52,0.32,0.13,0.03,,,,,
3665,15011840,7181,36914.08403413705,22955.75318520104,5.0,3181.69,-0.005355613592655573,3111.958656132221,0.9135024300776422,2.64620544e-05,0.93992543,2.03,0.52,0.32,0.13,0.03,,,,,
3666,15015936,7182,37646.754276062115,23398.278504063896,5.04,3235.94,-0.0029791610832035076,7049.011404871941,0.8847825897391886,2.6441983999999998e-05,0.97198033,2.01,0.53,0.31,0.13,0.03,,,,,
3667,15020032,7183,37595.72447047492,23367.05866733142,5.01,3245.66,-0.004430332022820949,1767.1227205693722,0.8953675132943317,2.6421913599999997e-05,0.9476475,1.97,0.54,0.31,0.12,0.03,,,,,
3668,15024128,7184,37918.28861712387,23538.197622891432,5.01,3274.49,-0.004462639987650618,4248.326772749424,0.9808375368593261,2.6401843199999996e-05,0.9539838,1.94,0.55,0.31,0.11,0.03,,,,,
3669,15028224,7186,37713.23676085714,23392.26114170703,4.99,3257.21,-0.007003236690252379,2378.087114572525,0.9800275001907721,2.6381772799999995e-05,0.92820054,1.94,0.55,0.31,0.11,0.03,,,,,
3670,15032320,7187,37841.596393363754,23471.94708207116,5.0,3267.06,-0.004187354932582821,5016.945276200771,0.8965356763219461,2.6361702400000007e-05,0.9524088,1.94,0.55,0.31,0.11,0.03,,,,,
3671,15036416,7188,37578.76934588823,23306.881063404147,4.98,3247.77,-0.005079106274024525,3750.873768568039,0.9847440468147397,2.6341632000000006e-05,0.9653545,1.94,0.55,0.31,0.11,0.03,,,,,
3672,15040512,7191,37328.17147123912,23143.32974054497,4.98,3220.51,-0.0036082986998735578,6323.760200232267,0.968727825791575,2.6321561600000005e-05,0.95447755,1.97,0.55,0.3,0.12,0.03,,,,,
3673,15044608,7193,37523.664293129565,23253.110704065697,4.97,3241.03,-0.005881936482182937,1650.237160205841,0.9424200733192265,2.6301491200000004e-05,0.9446287,1.93,0.56,0.3,0.11,0.03,,,,,
3674,15048704,7194,37539.31784394604,23268.68601282967,4.96,3248.78,-0.005102207313939289,3619.5662567317486,0.9170198100619018,2.6281420800000003e-05,0.900462,1.91,0.57,0.29,0.11,0.03,,,,,
3675,15052800,7194,37539.31784394604,23268.68601282967,4.96,3248.78,-0.0038799620006102487,8105.074165403843,0.8912173178978264,2.6261350400000002e-05,0.9615859,1.91,0.57,0.29,0.11,0.03,27581.24001007828,17147.77437724798,5.033333333333333,2349.0666666666666,0.0
3676,15056896,7195,38579.74280288607,23915.95709830378,5.03,3315.37,-0.004916017278446816,30081.498382925987,0.897734630620107,2.624128e-05,0.9650442,1.91,0.57,0.29,0.11,0.03,,,,,
3677,15060992,7197,37291.656886112374,23101.780438510188,4.93,3231.79,-0.0041406222899240674,6458.529362261295,0.8804240390891209,2.62212096e-05,0.7759779,1.9,0.57,0.29,0.11,0.03,,,,,
3678,15065088,7199,36884.29682372185,22851.0296700437,4.9,3203.59,-0.004001730370873702,7653.446620941162,0.9642407452920452,2.62011392e-05,0.95834553,1.9,0.57,0.29,0.11,0.03,,,,,
3679,15069184,7200,37478.57104422471,23237.165718244516,4.95,3227.04,-0.0033893401523528155,32729.829065322876,0.9217467572307214,2.6181068799999998e-05,0.95882225,1.93,0.56,0.29,0.12,0.03,,,,,
3680,15073280,7200,37478.57104422471,23237.165718244516,4.95,3227.04,-0.00351720060371008,5846.570571780205,0.9749516483861953,2.6160998399999997e-05,0.9748372,1.93,0.56,0.29,0.12,0.03,,,,,
3681,15077376,7201,38231.63507180552,23690.321022729506,4.98,3283.02,-0.003788648304180242,9392.193900465965,0.8106418799143285,2.6140927999999996e-05,0.9285579,1.9,0.57,0.29,0.11,0.03,,,,,
3682,15081472,7202,38808.40556910596,24062.484825883726,5.03,3313.09,-0.003388082362107525,17833.9851192832,0.8563202212098986,2.6120857599999994e-05,0.9660755,1.92,0.56,0.3,0.11,0.03,,,,,
3683,15085568,7203,38637.40192816126,23937.91438538781,4.99,3310.09,-0.005925695665155217,4407.14877051115,0.8866713142488152,2.6100787199999993e-05,0.92710906,1.88,0.57,0.3,0.1,0.03,,,,,
3684,15089664,7205,39004.331446960525,24166.14193998408,5.04,3327.7,-0.0035847919243678916,6249.95910769701,0.9131758166477084,2.6080716799999992e-05,0.9660122,1.91,0.57,0.29,0.11,0.03,,,,,
3685,15093760,7207,38595.71096860437,23909.846521621308,4.99,3302.09,-0.005754310344855185,5767.773071616888,0.8259613474365324,2.606064639999999e-05,0.8524111,1.89,0.57,0.29,0.12,0.02,,,,,
3686,15097856,7209,38438.531953340556,23818.006196735903,4.97,3291.96,-0.006712144881021231,3539.3241189718246,1.0264960101339966,2.604057599999999e-05,0.8916658,1.88,0.57,0.29,0.12,0.02,,,,,
3687,15101952,7211,38282.28693219626,23713.985068676517,4.94,3283.77,-0.006815377486418583,2120.3302524983883,0.9514727803179994,2.602050559999999e-05,0.8987107,1.86,0.58,0.28,0.12,0.02,,,,,
3688,15106048,7213,37763.42191551874,23358.18864271394,4.92,3255.36,-0.006822983274105354,2401.872358381748,0.9815688965609297,2.6000435199999988e-05,0.9584972,1.87,0.57,0.29,0.12,0.02,,,,,
3689,15110144,7214,36948.696465286834,22839.498875949077,4.88,3210.33,-0.004589517723616154,6798.256431281567,0.9166293727466837,2.5980364799999987e-05,0.96639603,1.87,0.57,0.29,0.12,0.02,,,,,
3690,15114240,7215,36856.74733793994,22793.968746025286,4.89,3192.77,-0.0031061555600899737,22316.881627619267,0.9332480244338512,2.5960294399999986e-05,0.95087594,1.9,0.56,0.29,0.13,0.02,,,,,
3691,15118336,7216,36133.807884164846,22365.27006508975,4.86,3144.62,-0.0033118058345280588,6644.380149722099,0.910928963101469,2.5940224e-05,0.93073034,1.92,0.55,0.3,0.13,0.02,,,,,
3692,15122432,7217,36436.909456858106,22556.605958641703,4.87,3167.76,-0.0030341209730977425,19577.93302857876,0.9154450624482706,2.5920153599999997e-05,0.93796104,1.9,0.56,0.29,0.13,0.02,,,,,
3693,15126528,7218,36797.33080940679,22781.784167986578,4.9,3198.92,-0.004514355201536091,6041.713636279106,0.9011943229706958,2.5900083199999996e-05,0.9458827,1.89,0.57,0.28,0.13,0.02,,,,,
3694,15130624,7220,36716.49788318504,22733.189170032427,4.87,3199.04,-0.006832785764345317,5336.111637413502,0.9861404522089288,2.5880012799999995e-05,0.9597237,1.86,0.58,0.28,0.12,0.02,,,,,
3695,15134720,7220,36716.49788318504,22733.189170032427,4.87,3199.04,-0.005666119603120023,3238.7891623675823,0.9243218482006341,2.5859942400000008e-05,0.9662395,1.86,0.58,0.28,0.12,0.02,,,,,
3696,15138816,7222,36873.52627750266,22842.990452056853,4.87,3192.72,-0.0026933786084555322,36799.32250773907,0.9193912679329515,2.5839872000000007e-05,0.9559471,1.87,0.57,0.29,0.12,0.02,,,,,
3697,15142912,7223,36873.86849461576,22836.14418905779,4.87,3192.36,-0.00718143602807686,3252.5338942706585,0.9922207082854584,2.5819801600000005e-05,0.9418453,1.87,0.57,0.29,0.12,0.02,,,,,
3698,15147008,7224,37235.07436572869,23046.30984006262,4.89,3219.21,-0.004665977297008794,6298.894031941891,0.8671273018699139,2.5799731200000004e-05,0.96729964,1.86,0.58,0.28,0.12,0.02,,,,,
3699,15151104,7226,37189.54824442179,23023.378634522625,4.87,3220.02,-0.005156966902177373,5181.824133992195,0.9633995122276247,2.5779660800000003e-05,0.9030155,1.84,0.58,0.29,0.11,0.02,,,,,
3700,15155200,7226,37189.54824442179,23023.378634522625,4.87,3220.02,-0.005567570700804936,3270.4906302690506,0.9510735314106569,2.5759590400000002e-05,0.9831602,1.84,0.58,0.29,0.11,0.02,30712.660405895323,19279.94676328444,5.233333333333333,2538.366666666667,0.0
3701,15159296,7227,37150.62422938786,22994.241944082885,4.87,3215.86,-0.0033672018307697726,6935.993522197008,0.9602213634643704,2.573952e-05,0.95484906,1.85,0.57,0.3,0.11,0.02,,,,,
3702,15163392,7228,37436.14859961975,23173.44290354735,4.89,3229.27,-0.006114540983617189,6686.322396308184,0.9154893215745687,2.57194496e-05,0.9678565,1.86,0.56,0.31,0.11,0.02,,,,,
3703,15167488,7230,37129.93537896056,22977.886525160186,4.87,3208.36,-0.003954239917220548,6288.757878988981,0.9509991431841627,2.56993792e-05,0.9514766,1.86,0.56,0.31,0.11,0.02,,,,,
3704,15171584,7231,37025.936379711005,22914.712185596676,4.87,3195.24,-0.007781123425957048,3594.231853812933,0.905029299785383,2.5679308799999998e-05,0.93452096,1.87,0.55,0.32,0.11,0.02,,,,,
3705,15175680,7232,37288.861815683806,23099.27515273415,4.89,3213.02,-0.004627726292710577,7581.615588486195,0.9757539909332991,2.5659238399999997e-05,0.9602672,1.87,0.55,0.32,0.11,0.02,,,,,
3706,15179776,7232,37288.861815683806,23099.27515273415,4.89,3213.02,-0.0043862376232937095,9491.543011665344,0.9072549733100459,2.5639167999999996e-05,0.9622365,1.87,0.55,0.32,0.11,0.02,,,,,
3707,15183872,7234,37805.04197204746,23425.683856753138,4.86,3258.1,-0.00768684978447709,2009.4938191771507,1.0139848105609417,2.5619097599999995e-05,0.95008045,1.79,0.56,0.33,0.1,0.01,,,,,
3708,15187968,7235,37975.14757420972,23524.12545589151,4.87,3272.64,-0.007438311706209788,2027.8267205357552,0.998059632955119,2.5599027199999994e-05,0.97130483,1.78,0.57,0.32,0.1,0.01,,,,,
3709,15192064,7236,38543.82528649602,23886.636069405402,4.9,3302.92,-0.00302446135901846,40676.44142007828,0.8484815530246124,2.5578956799999993e-05,0.96119905,1.78,0.57,0.32,0.1,0.01,,,,,
3710,15196160,7237,38552.51714200892,23879.728060606332,4.9,3301.31,-0.007561935310150147,3527.226415514946,1.0026183432200924,2.555888639999999e-05,0.89121747,1.78,0.57,0.32,0.1,0.01,,,,,
3711,15200256,7239,38000.731131192355,23515.657314274995,4.85,3266.05,-0.0050476705364417285,4765.981843531132,0.925543311634101,2.553881599999999e-05,0.93687904,1.77,0.58,0.31,0.1,0.01,,,,,
3712,15204352,7239,38000.731131192355,23515.657314274995,4.85,3266.05,-0.0034964458554895828,29879.425194978714,0.895649723475799,2.551874559999999e-05,0.96755046,1.77,0.58,0.31,0.1,0.01,,,,,
3713,15208448,7243,37054.51816885898,22951.831095700316,4.82,3182.97,-0.0036163716704322724,50184.06672805548,0.9257041207747534,2.5498675199999988e-05,0.94094694,1.84,0.55,0.33,0.11,0.01,,,,,
3714,15212544,7246,36370.57548588603,22556.62829706125,4.78,3126.68,-0.006402747532774811,5306.086684763432,0.9830605160677806,2.5478604799999987e-05,0.93223333,1.86,0.53,0.35,0.12,0.0,,,,,
3715,15216640,7247,36295.02354205353,22515.528400567495,4.79,3117.76,-0.004988503194908844,3359.0913891792297,0.9491224673110992,2.54585344e-05,0.96517605,1.88,0.52,0.36,0.12,0.0,,,,,
3716,15220736,7249,35798.95802520067,22182.355766585657,4.75,3087.36,-0.006447219292567752,2878.3697713017464,0.9536097372183576,2.5438464e-05,0.9334031,1.87,0.53,0.35,0.12,0.0,,,,,
3717,15224832,7250,35679.61520074323,22096.654993314125,4.74,3078.13,-0.005094589010695927,3264.6041728258133,1.037654822343029,2.5418393599999998e-05,0.9192665,1.87,0.53,0.35,0.12,0.0,,,,,
3718,15228928,7251,35268.49469588717,21861.96300737508,4.72,3056.23,-0.003119116792731802,6551.928866803646,0.8890046527376398,2.5398323199999996e-05,0.9497871,1.87,0.53,0.35,0.12,0.0,,,,,
3719,15233024,7253,34836.25389583141,21599.652853458305,4.71,3021.17,-0.0068778677141381195,3655.1333650052547,0.9399743432877585,2.5378252799999995e-05,0.93763393,1.9,0.52,0.35,0.13,0.0,,,,,
3720,15237120,7255,34304.740004962805,21272.21020307705,4.66,2989.73,-0.00590648992874776,2696.58872205019,0.9645214178599417,2.5358182399999994e-05,0.9293753,1.89,0.52,0.36,0.12,0.0,,,,,
3721,15241216,7257,34316.97609716375,21267.419899036955,4.66,2989.39,-0.006843426892373827,2157.5315543711185,0.9681206049863249,2.5338111999999993e-05,0.9456703,1.89,0.52,0.36,0.12,0.0,,,,,
3722,15245312,7260,34216.986347037055,21201.85122431238,4.66,2988.29,-0.006029591116202937,1865.6813305616379,0.8739821290364489,2.5318041599999992e-05,0.9530181,1.89,0.51,0.38,0.11,0.0,,,,,
3723,15249408,7261,34053.51934364343,21081.76097765623,4.64,2976.83,-0.00733661276899511,3324.8060683608055,0.9805964846163988,2.5297971200000005e-05,0.95016694,1.88,0.52,0.37,0.11,0.0,,,,,
3724,15253504,7261,34053.51934364343,21081.76097765623,4.64,2976.83,-0.005290293956932146,30147.002348780632,0.9124765193555504,2.5277900800000004e-05,0.9640966,1.88,0.52,0.37,0.11,0.0,,,,,
3725,15257600,7262,35284.72083528568,21855.24347164464,4.71,3050.28,-0.0020615492530851043,65146.66541790962,0.8745519231306389,2.5257830400000003e-05,0.9083398,1.88,0.52,0.37,0.11,0.0,33978.14459532163,21165.10235468081,5.466666666666667,2742.3,0.0
3726,15261696,7263,35696.32287531811,22136.604828869895,4.75,3071.21,-0.004925532250126707,13074.686590790749,0.8975504153640941,2.523776e-05,0.9656228,1.9,0.52,0.36,0.12,0.0,,,,,
3727,15265792,7265,35114.44483060914,21778.912958287332,4.7,3043.88,-0.004274477800208842,6467.60522210598,0.8518635984510183,2.52176896e-05,0.95641994,1.88,0.53,0.35,0.12,0.0,,,,,
3728,15269888,7266,34548.427289501575,21425.288831241996,4.66,3005.48,-0.004965051091858186,3508.3962572216988,0.9331360246287659,2.51976192e-05,0.94429886,1.88,0.53,0.35,0.12,0.0,,,,,
3729,15273984,7266,34548.427289501575,21425.288831241996,4.66,3005.48,-0.003795085334786563,12996.44788980484,0.8658479963196442,2.5177548799999998e-05,0.9780447,1.88,0.53,0.35,0.12,0.0,,,,,
3730,15278080,7268,35288.46983039937,21890.62358920569,4.73,3051.67,-0.0050975718986592256,2591.8850711882114,0.9107180235441774,2.5157478399999997e-05,0.96187264,1.9,0.53,0.34,0.13,0.0,,,,,
3731,15282176,7269,35445.49506792596,21995.097567274188,4.74,3061.81,-0.004038559435684874,5369.087444216013,0.9252765567507595,2.5137407999999996e-05,0.9486245,1.9,0.53,0.34,0.13,0.0,,,,,
3732,15286272,7270,35701.219207602575,22159.981610860556,4.75,3085.59,-0.002956376724796428,9114.4028288126,0.8893830172019079,2.5117337599999995e-05,0.9370356,1.88,0.54,0.33,0.13,0.0,,,,,
3733,15290368,7272,36198.89760316428,22473.610058876005,4.78,3120.43,-0.0043350218584237155,4602.0885999798775,0.881436615018174,2.5097267199999994e-05,0.97386944,1.87,0.55,0.32,0.13,0.0,,,,,
3734,15294464,7273,36534.45215672919,22666.090126634557,4.81,3137.78,-0.007508079037506832,2426.0573130249977,0.9046188667416573,2.5077196799999993e-05,0.9774859,1.88,0.54,0.33,0.13,0.0,,,,,
3735,15298560,7275,35796.042452857946,22238.996344024916,4.8,3080.67,-0.006805788023484638,5120.241469144821,0.9532395740970969,2.5057126399999992e-05,0.9253646,1.92,0.54,0.32,0.13,0.01,,,,,
3736,15302656,7275,35796.042452857946,22238.996344024916,4.8,3080.67,-0.004153923431658768,3477.8615153431892,0.868102831300348,2.503705599999999e-05,0.977478,1.92,0.54,0.32,0.13,0.01,,,,,
3737,15306752,7277,35769.15897521259,22224.026811822383,4.81,3082.59,-0.005958397944596072,2806.562254488468,0.9926290536532179,2.5016985600000003e-05,0.9475797,1.92,0.54,0.32,0.13,0.01,,,,,
3738,15310848,7277,35769.15897521259,22224.026811822383,4.81,3082.59,-0.007640674731192121,5150.386320948601,0.8686044252244756,2.4996915200000002e-05,0.96779174,1.92,0.54,0.32,0.13,0.01,,,,,
3739,15314944,7279,36141.403082584875,22452.66008740146,4.85,3102.1,-0.008336352022524807,3487.222607076168,0.9612890960415825,2.49768448e-05,0.9755239,1.94,0.54,0.31,0.14,0.01,,,,,
3740,15319040,7280,35844.42780656905,22248.438304979525,4.82,3098.83,-0.005341726084225229,8072.942573070526,0.949254798819311,2.49567744e-05,0.94681436,1.91,0.55,0.31,0.13,0.01,,,,,
3741,15323136,7280,35844.42780656905,22248.438304979525,4.82,3098.83,-0.004606440912539256,6226.9598433971405,0.8960435243789107,2.4936704e-05,0.96031934,1.91,0.55,0.31,0.13,0.01,,,,,
3742,15327232,7282,35945.41456096959,22314.56508491355,4.84,3106.18,-0.003029712433090026,7700.4333727657795,0.8931949328398332,2.4916633599999998e-05,0.9565835,1.92,0.54,0.32,0.13,0.01,,,,,
3743,15331328,7283,36174.65084555776,22465.487697542143,4.86,3120.63,-0.006703780651150737,4413.381896823645,0.926872904645279,2.4896563199999997e-05,0.96934074,1.92,0.54,0.32,0.13,0.01,,,,,
3744,15335424,7284,36052.71483386442,22391.558285906962,4.85,3113.89,-0.004483663007704308,2546.6889019310474,0.9745019400725141,2.4876492799999996e-05,0.93962616,1.92,0.54,0.32,0.13,0.01,,,,,
3745,15339520,7287,35731.198080525304,22201.105421237986,4.85,3086.79,-0.005418623295554426,6959.829194933176,0.9589888042537495,2.4856422399999995e-05,0.9042437,1.96,0.53,0.31,0.15,0.01,,,,,
3746,15343616,7288,35592.21931671349,22113.63642846033,4.84,3071.06,-0.003423947719966236,5662.361574292183,0.9298704256070778,2.4836351999999994e-05,0.9504128,1.97,0.52,0.32,0.15,0.01,,,,,
3747,15347712,7290,35740.05131920618,22190.22034151432,4.84,3082.27,-0.0038960657475399785,7176.421445131302,0.8681338875321671,2.4816281599999992e-05,0.96192,1.96,0.52,0.32,0.15,0.01,,,,,
3748,15351808,7292,35727.63535544248,22201.20991319958,4.82,3086.38,-0.006047371027307236,3465.2053468823433,0.9020014423877001,2.479621119999999e-05,0.8799763,1.94,0.54,0.3,0.15,0.01,,,,,
3749,15355904,7294,35668.3635753742,22160.987781779942,4.82,3079.53,-0.004524087937170407,7532.862058550119,0.927366076153703,2.477614079999999e-05,0.94266117,1.95,0.53,0.31,0.15,0.01,,,,,
3750,15360000,7296,35017.33364280084,21751.181820001773,4.83,3024.86,-0.005312130564561812,10604.076017141342,0.957775236107409,2.475607039999999e-05,0.9611036,2.02,0.51,0.32,0.15,0.02,36043.13474228452,22687.76506121366,5.566666666666666,2863.233333333333,0.0
3751,15364096,7297,35148.85440292174,21820.10386101585,4.87,3029.18,-0.004638957483621198,5204.770587980747,0.9734838961157948,2.4736e-05,0.9739296,2.05,0.51,0.31,0.16,0.02,,,,,
3752,15368192,7298,35232.20697051409,21872.086803173497,4.88,3031.86,-0.0061862576758358045,4976.215098321438,0.8805868078488857,2.47159296e-05,0.9612846,2.06,0.5,0.32,0.16,0.02,,,,,
3753,15372288,7299,35502.16562046518,22045.281360233552,4.91,3051.9,-0.0037530403287746594,5002.167966902256,0.8619012897834182,2.46958592e-05,0.912022,2.07,0.49,0.33,0.16,0.02,,,,,
3754,15376384,7300,35208.61454198241,21851.843540538972,4.88,3048.66,-0.0030596863634855254,12121.258019030094,0.8799184524687007,2.46757888e-05,0.88818914,2.04,0.5,0.33,0.15,0.02,,,,,
3755,15380480,7303,34058.543944726196,21167.826892737776,4.82,2970.21,-0.002418297465737851,17919.611324310303,0.9528950216481462,2.4655718399999997e-05,0.7832122,2.07,0.49,0.33,0.16,0.02,,,,,
3756,15384576,7304,33644.4724845506,20924.902826232614,4.8,2942.18,-0.0056308143784917775,3591.9254561662674,0.9013163924682885,2.4635647999999996e-05,0.9341345,2.08,0.49,0.33,0.16,0.02,,,,,
3757,15388672,7306,34025.02308917679,21155.25035800818,4.84,2965.64,-0.002271504927193746,9703.1607786417,0.9214021358639002,2.4615577599999995e-05,0.9622769,2.09,0.49,0.33,0.15,0.03,,,,,
3758,15392768,7308,34180.365797264625,21269.680702128146,4.86,2973.03,-0.004119318975426722,7975.751271545887,0.9323923881165683,2.4595507199999994e-05,0.9370944,2.1,0.49,0.33,0.15,0.03,,,,,
3759,15396864,7309,34103.83377994004,21220.020506425844,4.88,2964.57,-0.00416543950450432,9576.353751957417,0.9498661814723164,2.4575436800000007e-05,0.9582683,2.13,0.49,0.32,0.16,0.03,,,,,
3760,15400960,7310,34453.79307016832,21433.78102869442,4.91,2986.17,-0.006898502017065766,3215.812283396721,0.8801810177974403,2.4555366400000006e-05,0.960844,2.14,0.48,0.33,0.16,0.03,,,,,
3761,15405056,7311,35160.252047854396,21883.127336259626,4.96,3030.66,-0.0016012569030863233,17043.877838611603,0.9217461254447699,2.4535296000000005e-05,0.9507723,2.14,0.48,0.33,0.16,0.03,,,,,
3762,15409152,7313,35163.40592936208,21884.917298385495,4.96,3031.12,-0.00306277557501744,4873.343059301376,0.9277121546911076,2.4515225600000003e-05,0.8242967,2.14,0.48,0.33,0.16,0.03,,,,,
3763,15413248,7314,35190.3876344117,21918.200054027693,4.97,3026.99,-0.0018097384590873844,15820.80204129219,0.821743868640624,2.4495155200000002e-05,0.9331219,2.16,0.47,0.34,0.16,0.03,,,,,
3764,15417344,7315,34826.90530991321,21682.19569738038,4.93,3015.24,-0.0046559804140997585,4300.149521052837,0.9060872358968481,2.44750848e-05,0.9142057,2.13,0.48,0.34,0.15,0.03,,,,,
3765,15421440,7315,34826.90530991321,21682.19569738038,4.93,3015.24,-0.003322737818962196,19337.315078496933,0.8380709080956876,2.44550144e-05,0.9456701,2.13,0.48,0.34,0.15,0.03,,,,,
3766,15425536,7317,34960.53405517439,21753.65010389565,4.91,3023.58,-0.0034147225105698453,24352.23852699995,0.9165321410400793,2.4434944e-05,0.95353085,2.11,0.49,0.33,0.15,0.03,,,,,
3767,15429632,7318,34824.59409455359,21657.536150032305,4.91,3006.92,-0.002226368542324053,10716.57874929905,0.9345535768661648,2.4414873599999998e-05,0.9595141,2.13,0.48,0.34,0.15,0.03,,,,,
3768,15433728,7321,33976.776551333925,21120.202306163552,4.87,2957.09,-0.0012421790524967946,10271.303916752338,0.9055250104283914,2.4394803199999997e-05,0.2423827,2.15,0.48,0.33,0.16,0.03,,,,,
3769,15437824,7322,34305.7892707885,21325.262959340707,4.9,2984.39,-0.0024852810333868547,8148.257993280888,0.8558100305963308,2.4374732799999996e-05,0.90292674,2.15,0.48,0.33,0.16,0.03,,,,,
3770,15441920,7322,34305.7892707885,21325.262959340707,4.9,2984.39,-0.0019180478448106442,33749.29464352131,0.864960893522948,2.4354662399999995e-05,0.95017785,2.15,0.48,0.33,0.16,0.03,,,,,
3771,15446016,7323,35057.214952936985,21824.96445174627,4.96,3013.21,-0.003257348840634222,45647.86422908306,0.8880903318058699,2.4334591999999994e-05,0.9483642,2.18,0.47,0.33,0.17,0.03,,,,,
3772,15450112,7324,35166.18303412342,21897.01625220451,4.97,3016.48,-0.005438480888187769,8407.17492121458,0.9128927404526621,2.4314521599999993e-05,0.9692418,2.19,0.46,0.34,0.17,0.03,,,,,
3773,15454208,7327,34626.9122070248,21569.669103385182,4.96,2972.57,-0.00566496110332082,4180.307316839695,0.971291969763115,2.429445119999999e-05,0.929193,2.23,0.46,0.33,0.18,0.03,,,,,
3774,15458304,7328,34199.05353777973,21320.741398386286,4.94,2946.45,-0.0031642741323594237,12573.296223282814,0.9054868415696546,2.427438079999999e-05,0.90694577,2.24,0.46,0.33,0.18,0.03,,,,,
3775,15462400,7329,34427.17909782997,21470.05980700857,4.96,2954.7,-0.0033999206325461273,12109.354678273201,0.9078855889383703,2.425431039999999e-05,0.96777254,2.25,0.45,0.34,0.18,0.03,38518.92518532972,24231.008594839008,5.7,3033.6666666666665,0.0
3776,15466496,7330,34523.1683286618,21545.647290117402,4.97,2964.02,-0.005738375495639048,4894.441310048103,0.9037217206787318,2.423423999999999e-05,0.9537899,2.25,0.45,0.34,0.18,0.03,,,,,
3777,15470592,7331,35172.88344639499,21946.16740558777,5.01,3012.45,-0.0025820651317189913,9930.508654534817,0.8486045839963481,2.4214169599999987e-05,0.9632855,2.24,0.46,0.33,0.18,0.03,,,,,
3778,15474688,7332,34783.493428108086,21704.47858551969,4.99,2982.66,-0.004523966241322341,4527.446261584759,0.8871354321017861,2.4194099199999986e-05,0.92216635,2.25,0.45,0.34,0.18,0.03,,,,,
3779,15478784,7332,34783.493428108086,21704.47858551969,4.99,2982.66,-0.0028831324616476195,10720.776598215103,0.7631268141558394,2.41740288e-05,0.96342444,2.25,0.45,0.34,0.18,0.03,,,,,
3780,15482880,7333,35455.04704495982,22133.318254739734,5.02,3016.9,-0.0017700855005386984,86229.72183138132,0.7910851066699252,2.4153958399999998e-05,0.9489471,2.25,0.45,0.34,0.18,0.03,,,,,
3781,15486976,7335,35523.04746289743,22164.716822312614,5.02,3023.76,-0.005395741325173731,2449.2085642516613,0.9305134384194389,2.4133887999999997e-05,0.860997,2.24,0.46,0.33,0.18,0.03,,,,,
3782,15491072,7337,34531.42617165102,21551.417659536117,4.97,2959.62,-0.0025963795405914425,9902.610299229622,0.9552692443830892,2.4113817599999995e-05,0.701738,2.26,0.44,0.35,0.18,0.03,,,,,
3783,15495168,7338,34937.43883140934,21797.25536129098,5.0,2986.81,-0.005102113218526938,5482.141397476196,0.8844405621057376,2.4093747200000008e-05,0.9434636,2.26,0.44,0.35,0.18,0.03,,,,,
3784,15499264,7340,33924.027935094295,21131.551763443556,4.95,2931.84,-0.005751412411882484,2323.123620390892,0.87342762760818,2.4073676800000007e-05,0.9599184,2.26,0.45,0.34,0.18,0.03,,,,,
3785,15503360,7341,33994.873434266614,21168.061003633098,4.94,2937.76,-0.0028320541368884733,5090.904299616814,0.8525077586527914,2.4053606400000006e-05,0.952625,2.24,0.45,0.35,0.17,0.03,,,,,
3786,15507456,7344,34284.05756194483,21354.143072184776,4.98,2958.14,-0.006555912768817507,6891.4287866950035,0.9520395114086568,2.4033536000000005e-05,0.8570377,2.26,0.44,0.35,0.18,0.03,,,,,
3787,15511552,7346,34568.35119379131,21514.737370396448,5.0,2984.71,-0.004906883860712696,4181.483737945557,0.9004893333185464,2.4013465600000004e-05,0.9130507,2.25,0.45,0.34,0.17,0.04,,,,,
3788,15515648,7348,34153.91890531191,21274.625863281264,4.95,2957.3,-0.005760492191257072,3042.4983640909195,0.8325119989458472,2.3993395200000003e-05,0.8798147,2.23,0.46,0.33,0.17,0.04,,,,,
3789,15519744,7350,34209.44140878044,21307.023649303108,4.97,2957.04,-0.004019391930341953,10255.212174534798,0.9518597046844661,2.39733248e-05,0.912213,2.25,0.46,0.32,0.18,0.04,,,,,
3790,15523840,7354,33611.56734046917,20903.33264917248,4.96,2896.89,-0.006279186275605753,2983.8447613716125,1.0361360717797652,2.39532544e-05,0.8920909,2.3,0.44,0.32,0.2,0.04,,,,,
3791,15527936,7354,33611.56734046917,20903.33264917248,4.96,2896.89,-0.0038489965972985374,16824.400300383568,0.9292608653195202,2.3933184e-05,0.9515233,2.3,0.44,0.32,0.2,0.04,,,,,
3792,15532032,7356,33977.6294030971,21147.899780324562,5.01,2908.17,-0.005857236004885635,2724.0257636904716,0.9459638315020129,2.39131136e-05,0.9628687,2.34,0.43,0.32,0.21,0.04,,,,,
3793,15536128,7358,34394.74062457701,21430.133485040926,5.07,2937.17,-0.003150103084408329,12861.91164135933,0.8741336489329115,2.3893043199999997e-05,0.93497217,2.38,0.43,0.31,0.21,0.05,,,,,
3794,15540224,7360,34548.245360651796,21535.827212015087,5.06,2957.9,-0.005199858860578388,4124.05863520503,0.9761012019589543,2.3872972799999996e-05,0.80130786,2.34,0.45,0.29,0.21,0.05,,,,,
3795,15544320,7361,34774.789894447604,21672.285278931115,5.08,2973.37,-0.0043016604886361165,3540.398890912533,0.8266933328704908,2.3852902399999995e-05,0.96607697,2.34,0.45,0.29,0.21,0.05,,,,,
3796,15548416,7362,33492.404343061724,20866.853476926997,5.02,2894.41,-0.0037136222199478652,6992.705243229866,0.8608862644759938,2.3832831999999994e-05,0.9606424,2.36,0.45,0.28,0.22,0.05,,,,,
3797,15552512,7363,34129.332172739676,21249.496943803406,5.04,2930.58,-0.0017508968267065939,85312.36587667465,0.8024102178169414,2.3812761599999993e-05,0.94897485,2.34,0.45,0.29,0.21,0.05,,,,,
3798,15556608,7365,33836.42015644144,21045.835959920005,5.0,2912.31,-0.006056500494196371,2359.704106479883,0.9168659496353939,2.3792691199999992e-05,0.9350032,2.32,0.46,0.28,0.21,0.05,,,,,
3799,15560704,7366,34158.66847761625,21251.223680007824,5.03,2933.32,-0.003862656622004579,4896.520467400551,0.8958114319248125,2.377262079999999e-05,0.9757545,2.33,0.45,0.29,0.21,0.05,,,,,
3800,15564800,7367,33413.624125590104,20787.642893675977,4.98,2885.41,-0.006521289582451573,4069.6758676171303,0.9414256853051484,2.375255039999999e-05,0.89640355,2.33,0.45,0.29,0.21,0.05,36770.85919382448,23088.362395127762,5.666666666666667,2963.4666666666667,0.0
3801,15568896,7368,34077.343472768844,21202.747348107547,5.0,2936.1,-0.0019331191197125008,16456.900535464287,0.8793683096300811,2.373247999999999e-05,0.9538637,2.29,0.46,0.29,0.2,0.05,,,,,
3802,15572992,7372,32756.15938164502,20374.181981711943,4.96,2828.8,-0.008015154498934862,3402.2849144637585,0.9488344413693994,2.3712409599999988e-05,0.9673035,2.38,0.43,0.31,0.2,0.06,,,,,
3803,15577088,7373,32416.917712135186,20178.07872516868,4.93,2811.06,-0.007241350691401749,3435.649551063776,0.8609014705289155,2.3692339199999986e-05,0.9084643,2.37,0.44,0.3,0.2,0.06,,,,,
3804,15581184,7374,32225.108697878495,20047.4231876102,4.91,2797.99,-0.00470897521245206,3265.6493220329285,0.9461623440729454,2.36722688e-05,0.96654814,2.37,0.44,0.3,0.2,0.06,,,,,
3805,15585280,7375,32937.07351417488,20466.368435711243,4.92,2847.74,-0.004125809288780147,15576.087960541248,0.9241276879329234,2.3652198399999998e-05,0.94122666,2.33,0.44,0.31,0.2,0.05,,,,,
3806,15589376,7377,32579.73525770913,20261.890174699874,4.91,2818.29,-0.004912443328976224,3750.6324810683727,0.9177971415920183,2.3632127999999997e-05,0.9267526,2.36,0.43,0.31,0.21,0.05,,,,,
3807,15593472,7380,31599.483095910247,19635.479028127993,4.85,2748.11,-0.004603674472491548,1986.0404603481293,0.8985051126219332,2.3612057599999996e-05,0.8531032,2.38,0.42,0.32,0.21,0.05,,,,,
3808,15597568,7381,30995.197346495137,19263.07517500418,4.81,2704.92,-0.007432907998008886,2467.662363231182,0.9055034285411239,2.3591987199999995e-05,0.9516683,2.39,0.41,0.33,0.21,0.05,,,,,
3809,15601664,7382,31497.48795677565,19589.58548294302,4.84,2741.67,-0.006501195571217977,5597.327125608921,0.9154814227949828,2.3571916799999994e-05,0.9646479,2.38,0.42,0.32,0.21,0.05,,,,,
3810,15605760,7382,31497.48795677565,19589.58548294302,4.84,2741.67,-0.0029517973262045416,5582.954259157181,0.8750468966318294,2.3551846399999993e-05,0.9744445,2.38,0.42,0.32,0.21,0.05,,,,,
3811,15609856,7383,31884.144144553746,19825.297200544595,4.86,2762.02,-0.00695005939269322,5657.599995046854,0.8959276115056127,2.3531776000000005e-05,0.9826124,2.38,0.42,0.32,0.21,0.05,,,,,
3812,15613952,7384,32341.823541601698,20105.275644237758,4.89,2788.74,-0.004394067562316195,7634.382041275501,0.960551620228216,2.3511705600000004e-05,0.96428096,2.38,0.42,0.32,0.21,0.05,,,,,
3813,15618048,7385,32339.739402524974,20106.319462962503,4.89,2789.36,-0.004517679234595562,2856.220742672682,0.8575083564501256,2.3491635200000003e-05,0.8930776,2.38,0.42,0.32,0.21,0.05,,,,,
3814,15622144,7387,32477.909288766867,20195.55166603131,4.88,2807.82,-0.004075040358657134,6551.762937366962,0.8726772728841752,2.3471564800000002e-05,0.8863757,2.35,0.43,0.32,0.2,0.05,,,,,
3815,15626240,7389,32625.461327968504,20318.55617955607,4.92,2811.52,-0.0024884326212486485,21107.009910583496,0.9613410349702463,2.34514944e-05,0.9467977,2.38,0.43,0.31,0.21,0.05,,,,,
3816,15630336,7390,32542.918806293557,20255.90377318917,4.9,2809.91,-0.004199168576633383,2681.02133461833,0.914345839060843,2.3431424e-05,0.91504407,2.36,0.43,0.32,0.2,0.05,,,,,
3817,15634432,7391,32668.658790405425,20319.913511754836,4.91,2818.78,-0.0032019324444263475,4186.165824621916,0.9126169732771814,2.34113536e-05,0.9400387,2.36,0.43,0.32,0.2,0.05,,,,,
3818,15638528,7393,33073.379264242634,20565.635804254747,4.96,2849.4,-0.006324255965409975,3106.017396748066,0.9570654592243955,2.3391283199999997e-05,0.96187645,2.37,0.42,0.33,0.2,0.05,,,,,
3819,15642624,7394,33046.70409796569,20547.447301436277,4.95,2850.51,-0.0036024821447426802,4444.01716864109,0.9004200936760753,2.3371212799999996e-05,0.94123626,2.36,0.43,0.32,0.2,0.05,,,,,
3820,15646720,7396,33206.20879731621,20638.55408895544,4.94,2869.94,-0.0034764879383146763,16005.150990962982,0.9602541162166744,2.3351142399999995e-05,0.9445852,2.32,0.44,0.31,0.21,0.04,,,,,
3821,15650816,7397,33446.93752479956,20789.560843594234,4.94,2889.18,-0.0040081966062643914,5818.43876349926,0.9282135092653334,2.3331071999999994e-05,0.95904344,2.3,0.44,0.32,0.2,0.04,,,,,
3822,15654912,7398,33429.618595070024,20765.001297333438,4.94,2884.46,-0.0038649744528811425,4214.127704799175,0.8781438593287021,2.3311001599999993e-05,0.9496803,2.31,0.44,0.32,0.2,0.04,,,,,
3823,15659008,7398,33429.618595070024,20765.001297333438,4.94,2884.46,-0.0016286045593005838,10969.094726145267,0.8784596906043589,2.3290931199999992e-05,0.95326906,2.31,0.44,0.32,0.2,0.04,,,,,
3824,15663104,7400,33428.22547258539,20764.401450816746,4.93,2882.86,-0.0010923535701294895,42933.99318253994,0.9451923737069592,2.327086079999999e-05,0.362437,2.3,0.45,0.31,0.2,0.04,,,,,
3825,15667200,7401,33336.35059205068,20711.22308123226,4.93,2874.16,-0.002563287174780271,10002.939954638481,0.8926699239527807,2.325079039999999e-05,0.9019289,2.31,0.45,0.31,0.2,0.04,33534.87265702346,21222.16210852428,5.433333333333334,2779.9666666666667,0.0
3826,15671296,7402,33682.952858820194,20916.721533524422,4.97,2902.18,-0.004925764753352269,2674.7076132893562,0.8808798165991902,2.3230720000000002e-05,0.96457446,2.32,0.44,0.32,0.2,0.04,,,,,
3827,15675392,7402,33682.952858820194,20916.721533524422,4.97,2902.18,-0.0016871391926542856,36697.98249769211,0.8584783039987087,2.32106496e-05,0.920827,2.32,0.44,0.32,0.2,0.04,,,,,
3828,15679488,7405,34071.8820326192,21171.460231694105,4.96,2921.51,-0.0009008073075165157,84771.87294578552,0.8804288546089083,2.31905792e-05,0.81438196,2.3,0.44,0.32,0.2,0.04,,,,,
3829,15683584,7406,34136.307843820105,21200.788743580055,4.92,2929.94,-0.005210291535149736,4028.4328742027283,0.932903342298232,2.31705088e-05,0.9137274,2.25,0.45,0.32,0.2,0.03,,,,,
3830,15687680,7408,34416.594646858684,21367.37806492119,4.92,2951.46,-0.005076272405858617,11566.184157073498,0.9402148313820362,2.3150438399999998e-05,0.9551508,2.23,0.45,0.33,0.19,0.03,,,,,
3831,15691776,7409,34667.313416652374,21522.48696284744,4.91,2977.56,-0.007422340352604806,2636.6626782417297,0.9389194586547092,2.3130367999999997e-05,0.9316863,2.19,0.46,0.33,0.18,0.03,,,,,
3832,15695872,7410,34414.968766775724,21381.283208936515,4.89,2966.03,-0.006538436051414465,4156.008330404758,0.9497550303349271,2.3110297599999996e-05,0.9397957,2.18,0.47,0.32,0.18,0.03,,,,,
3833,15699968,7412,33640.67804896265,20893.92831352667,4.83,2919.2,-0.003674730121929315,7273.043342113495,0.8744118444155902,2.3090227199999995e-05,0.94093794,2.17,0.47,0.33,0.17,0.03,,,,,
3834,15704064,7413,33775.192677962594,20990.109769830982,4.84,2931.43,-0.003475945238278655,7426.864678442478,0.8929111951729283,2.3070156799999994e-05,0.9437198,2.17,0.47,0.33,0.17,0.03,,,,,
3835,15708160,7415,33828.49011058037,21009.215589980908,4.84,2927.18,-0.0017834910686360672,19591.2127879858,0.9176391804357991,2.3050086399999993e-05,0.8928571,2.17,0.47,0.33,0.17,0.03,,,,,
3836,15712256,7416,32712.059908192234,20310.68346165595,4.79,2853.0,-0.006122932923972257,2966.5535713732243,0.908805898972787,2.3030015999999992e-05,0.96541244,2.2,0.46,0.33,0.18,0.03,,,,,
3837,15716352,7418,33044.270601710465,20500.95730681513,4.83,2877.5,-0.004036518437715131,3091.725323855877,0.9912686842726544,2.300994559999999e-05,0.9186646,2.22,0.46,0.32,0.19,0.03,,,,,
3838,15720448,7418,33044.270601710465,20500.95730681513,4.83,2877.5,-0.002299386194863473,7839.038508832455,0.8355196678312495,2.298987519999999e-05,0.96643376,2.22,0.46,0.32,0.19,0.03,,,,,
3839,15724544,7420,33506.655601245206,20788.208234142145,4.85,2906.98,-0.004768071633861837,11046.983361363411,0.9377085547894239,2.2969804800000002e-05,0.9708829,2.2,0.47,0.31,0.19,0.03,,,,,
3840,15728640,7421,33924.430787471036,21039.553647055396,4.86,2944.85,-0.004215033704895177,2276.4752251803875,0.9120494324015453,2.29497344e-05,0.97002405,2.17,0.48,0.31,0.18,0.03,,,,,
3841,15732736,7422,33926.45243809456,21043.559919440126,4.86,2945.28,-0.0020353164200059837,6423.693598687649,0.9133913763798773,2.2929664e-05,0.94070476,2.17,0.48,0.31,0.18,0.03,,,,,
3842,15736832,7425,32408.448737993356,20072.81453936299,4.78,2851.41,-0.00780125605797366,2532.0479254722595,0.9835411434760317,2.29095936e-05,0.92931473,2.19,0.48,0.31,0.18,0.03,,,,,
3843,15740928,7426,32516.22607058666,20136.127510331196,4.77,2860.91,-0.005352661897632061,2747.737288951874,0.9543715614126995,2.2889523199999998e-05,0.9483552,2.17,0.48,0.32,0.17,0.03,,,,,
3844,15745024,7428,32848.69658591805,20343.022072552336,4.8,2885.91,-0.004421738058226765,6494.896377146244,0.9737768798368052,2.2869452799999997e-05,0.96060896,2.17,0.49,0.3,0.18,0.03,,,,,
3845,15749120,7428,32848.69658591805,20343.022072552336,4.8,2885.91,-0.003209150652764947,10424.80876660347,0.8617118470137939,2.2849382399999996e-05,0.9630725,2.17,0.49,0.3,0.18,0.03,,,,,
3846,15753216,7429,32941.57806588576,20394.011690467727,4.8,2896.43,-0.003780550282499462,5925.0196543335915,0.9657634049654007,2.2829311999999995e-05,0.9544111,2.16,0.5,0.29,0.18,0.03,,,,,
3847,15757312,7431,32494.17632353184,20123.19649405611,4.79,2859.89,-0.0032562237520323833,8246.119759321213,0.955506608937867,2.2809241599999993e-05,0.9518007,2.19,0.49,0.29,0.19,0.03,,,,,
3848,15761408,7432,32840.53876713257,20344.209394518955,4.81,2883.42,-0.0017675706767477095,10919.48405969143,0.865933541324921,2.2789171199999992e-05,0.97127205,2.19,0.49,0.29,0.19,0.03,,,,,
3849,15765504,7432,32840.53876713257,20344.209394518955,4.81,2883.42,-0.004324656417338701,7630.884239554405,0.9187773189041764,2.2769100800000005e-05,0.94823295,2.19,0.49,0.29,0.19,0.03,,,,,
3850,15769600,7433,32574.943625191325,20169.4691282995,4.8,2871.21,-0.001775147492026008,52344.43578004837,0.8620222179451957,2.2749030400000004e-05,0.9547634,2.19,0.49,0.29,0.19,0.03,50064.39614321318,31422.93672817601,6.4,3669.9666666666667,0.06666666666666667
3851,15773696,7435,32567.18208166707,20197.70927381165,4.85,2861.8,-0.0021855341983609833,11847.37809252739,0.9353618308668956,2.2728960000000003e-05,0.92230314,2.25,0.47,0.3,0.2,0.03,,,,,
3852,15777792,7435,32567.18208166707,20197.70927381165,4.85,2861.8,-0.0027696392025973182,18904.09549152851,0.8971862134058028,2.27088896e-05,0.9671008,2.25,0.47,0.3,0.2,0.03,,,,,
3853,15781888,7436,33099.85773892479,20507.630375411863,4.88,2895.09,-0.003955030627366796,2726.4061213433743,0.920703886076808,2.26888192e-05,0.9716532,2.24,0.48,0.29,0.2,0.03,,,,,
3854,15785984,7437,33561.27268021089,20782.80701571968,4.91,2931.24,-0.0025889529551932355,4732.383296281099,0.9425614469218999,2.26687488e-05,0.951846,2.23,0.49,0.28,0.2,0.03,,,,,
3855,15790080,7439,33263.383269383085,20620.579647809936,4.89,2912.37,-0.005038721108576283,4808.679784476757,0.9371650866232812,2.26486784e-05,0.94583964,2.23,0.49,0.28,0.2,0.03,,,,,
3856,15794176,7441,33322.61835738392,20642.628681670376,4.85,2924.26,-0.005720007220588741,2540.540836274624,0.9346085111610591,2.2628607999999997e-05,0.9140515,2.18,0.5,0.28,0.19,0.03,,,,,
3857,15798272,7442,33273.28068461033,20601.591995065024,4.84,2922.68,-0.004772626068188401,8703.040844976902,0.9565001185983419,2.2608537599999996e-05,0.8718933,2.17,0.51,0.27,0.19,0.03,,,,,
3858,15802368,7443,33614.602461176255,20822.021078729525,4.87,2946.78,-0.0021052370520919794,12656.78102362156,0.9095757461618632,2.2588467199999995e-05,0.96412027,2.17,0.51,0.27,0.19,0.03,,,,,
3859,15806464,7444,34001.773958313905,21080.032991499193,4.9,2969.8,-0.0038394937591874623,10973.962161123753,0.9561320489738137,2.2568396799999994e-05,0.9459829,2.18,0.51,0.27,0.19,0.03,,,,,
3860,15810560,7446,34193.971273937546,21203.165458842508,4.9,2982.62,-0.003275349495197588,11714.836975038052,0.9079702408052981,2.2548326399999993e-05,0.9506628,2.17,0.51,0.27,0.2,0.02,,,,,
3861,15814656,7447,34476.70795964852,21369.82716212024,4.93,3008.67,-0.004278929316114954,4030.3234275579453,0.9477831855183467,2.2528255999999992e-05,0.8148216,2.17,0.51,0.27,0.2,0.02,,,,,
3862,15818752,7448,34857.97512069229,21601.27138407926,4.96,3035.69,-0.004749376326799393,3895.8134095966816,0.9319928914774209,2.250818559999999e-05,0.9724074,2.17,0.51,0.27,0.2,0.02,,,,,
3863,15822848,7448,34857.97512069229,21601.27138407926,4.96,3035.69,-0.004384570862384862,7447.041149735451,0.8944925849791616,2.248811519999999e-05,0.96315414,2.17,0.51,0.27,0.2,0.02,,,,,
3864,15826944,7449,35586.24288423387,22061.58311633031,5.0,3075.6,-0.002250273089885013,30951.824554026127,0.8709218634758145,2.246804479999999e-05,0.96865386,2.17,0.51,0.27,0.2,0.02,,,,,
3865,15831040,7451,35930.67564859813,22280.40613846665,5.02,3105.96,-0.002249480526188563,12884.784472644329,0.8927730289287865,2.2447974399999988e-05,0.866881,2.16,0.52,0.27,0.18,0.03,,,,,
3866,15835136,7453,36119.66522934372,22407.24039638542,5.04,3125.82,-0.0042694709218267235,4275.761066198349,0.9298533657565713,2.2427903999999987e-05,0.93794197,2.16,0.53,0.26,0.18,0.03,,,,,
3867,15839232,7455,35750.96674656093,22184.02226349903,5.0,3109.08,-0.003328719771161559,11902.656411886215,0.9147879673400894,2.24078336e-05,0.8777468,2.14,0.54,0.25,0.18,0.03,,,,,
3868,15843328,7456,35983.42845801536,22342.156796241015,5.01,3129.59,-0.003100766929492238,4310.147461533546,0.9024657948175445,2.2387763199999998e-05,0.9142841,2.13,0.54,0.26,0.17,0.03,,,,,
3869,15847424,7456,35983.42845801536,22342.156796241015,5.01,3129.59,-0.0032418419441455626,10260.678505182266,0.9130167395342141,2.2367692799999997e-05,0.962122,2.13,0.54,0.26,0.17,0.03,,,,,
3870,15851520,7457,35934.98832158492,22317.490716071403,5.01,3125.07,-0.002951296706669382,10089.711345613003,0.9045018670149148,2.2347622399999996e-05,0.9733924,2.13,0.54,0.26,0.17,0.03,,,,,
3871,15855616,7458,36900.01112888875,22921.562164294515,5.04,3183.09,-0.0016012230780688697,45340.30525958538,0.9316087593324482,2.232755200000001e-05,0.93309426,2.1,0.54,0.27,0.17,0.02,,,,,
3872,15859712,7460,37072.64159760161,23005.23262090839,5.06,3192.28,-0.006739010148521629,3300.930827319622,1.0087856849422678,2.2307481600000007e-05,0.951214,2.11,0.53,0.28,0.17,0.02,,,,,
3873,15863808,7461,36837.110627531365,22862.73276401045,5.04,3176.29,-0.0032194949644690496,2368.376025021076,0.9737017992883921,2.2287411200000006e-05,0.9207385,2.11,0.53,0.28,0.17,0.02,,,,,
3874,15867904,7463,36037.380648393344,22357.750966297575,4.98,3142.67,-0.002856554609934392,7438.918008565903,0.9803375421324745,2.2267340800000005e-05,0.9481863,2.08,0.54,0.28,0.16,0.02,,,,,
3875,15872000,7464,36584.818761710085,22716.711426839018,5.04,3164.7,-0.002638318922436156,38117.64591944218,0.9384831086499617,2.2247270400000004e-05,0.950961,2.12,0.53,0.28,0.17,0.02,52012.73682635945,32783.419679933446,6.466666666666667,3736.8,0.06666666666666667
3876,15876096,7465,36788.73628311197,22862.616922626185,5.08,3176.49,-0.0038571578907067305,5793.937615275383,0.9598916535032913,2.2227200000000003e-05,0.94052607,2.15,0.52,0.28,0.18,0.02,,,,,
3877,15880192,7467,36570.663837601314,22702.35912151148,5.06,3161.68,-0.00574925833461748,2926.824505209923,1.0020764069631696,2.2207129600000002e-05,0.9454434,2.14,0.53,0.27,0.18,0.02,,,,,
3878,15884288,7467,36570.663837601314,22702.35912151148,5.06,3161.68,-0.002526915934140561,9879.089232563972,0.9026102916104719,2.21870592e-05,0.9666275,2.14,0.53,0.27,0.18,0.02,,,,,
3879,15888384,7469,36388.40550525751,22575.619789304073,5.04,3147.82,-0.008613917068032606,1634.5822814404964,0.957246353616938,2.21669888e-05,0.9162292,2.14,0.53,0.27,0.18,0.02,,,,,
3880,15892480,7472,36727.69718412615,22803.617287315534,5.07,3180.21,-0.00506771160144126,4280.506444573402,0.9307639191392809,2.21469184e-05,0.9305144,2.13,0.54,0.25,0.19,0.02,,,,,
3881,15896576,7473,36789.44733605463,22846.64939189631,5.08,3182.97,-0.002999716779413575,17135.431233763695,0.885525994352065,2.2126847999999998e-05,0.8716848,2.14,0.53,0.26,0.19,0.02,,,,,
3882,15900672,7475,36692.708548666385,22826.20204578856,5.09,3167.73,-0.0023209251376101747,30436.206795454025,0.9447621798608452,2.2106777599999996e-05,0.929744,2.17,0.52,0.27,0.19,0.02,,,,,
3883,15904768,7476,36580.07639305619,22738.75116365944,5.06,3165.03,-0.00667148606498813,2947.4696005284786,0.9305004471680149,2.2086707199999995e-05,0.9084506,2.14,0.53,0.27,0.18,0.02,,,,,
3884,15908864,7477,36822.2223370693,22890.09856103986,5.08,3184.27,-0.005207959449762711,4433.842686355114,0.9930838294094428,2.2066636799999994e-05,0.95701826,2.14,0.53,0.27,0.18,0.02,,,,,
3885,15912960,7477,36822.2223370693,22890.09856103986,5.08,3184.27,-0.0038255235567703494,13750.491693854332,0.949242937611416,2.2046566399999993e-05,0.9615347,2.14,0.53,0.27,0.18,0.02,,,,,
3886,15917056,7478,37979.09845187775,23611.077659036022,5.14,3248.87,-0.0031269794708350673,65114.184118032455,0.9585455269552767,2.2026495999999992e-05,0.9433418,2.13,0.54,0.26,0.18,0.02,,,,,
3887,15921152,7480,38310.11232651912,23819.441032429975,5.14,3282.03,-0.0070920155849307775,3457.178690522909,0.987144019571133,2.200642559999999e-05,0.9355164,2.09,0.55,0.26,0.17,0.02,,,,,
3888,15925248,7480,38310.11232651912,23819.441032429975,5.14,3282.03,-0.0036492428298515733,4282.136619091034,0.8966342380736023,2.198635519999999e-05,0.9795548,2.09,0.55,0.26,0.17,0.02,,,,,
3889,15929344,7481,39087.29972310009,24291.941433836593,5.19,3330.28,-0.005241198893600085,7028.018805325031,0.9322119128191844,2.196628479999999e-05,0.9810238,2.09,0.55,0.26,0.17,0.02,,,,,
3890,15933440,7483,37949.58640964528,23583.73057662757,5.12,3255.8,-0.0032384717615059344,6799.32361882925,0.9381939425365999,2.1946214399999988e-05,0.9177109,2.1,0.54,0.27,0.17,0.02,,,,,
3891,15937536,7485,37344.12057449846,23212.389058457982,5.08,3214.74,-0.007606858063809341,2498.398316860199,1.0306614722358063,2.1926143999999987e-05,0.9324091,2.1,0.54,0.27,0.17,0.02,,,,,
3892,15941632,7486,37023.82637400645,23023.35755554706,5.06,3188.97,-0.00488925831814413,4101.666932523251,0.960956999915652,2.1906073599999986e-05,0.94749707,2.11,0.53,0.28,0.17,0.02,,,,,
3893,15945728,7488,37398.15748357423,23250.304528037865,5.07,3219.55,-0.004359920634669834,6785.888983130455,0.9599733543582261,2.1886003199999998e-05,0.9533521,2.09,0.53,0.29,0.16,0.02,,,,,
3894,15949824,7490,37096.68924922756,23054.017202526018,5.07,3196.07,-0.0018867982889787527,16154.728617489338,0.9593088832916692,2.1865932799999997e-05,0.9501379,2.11,0.53,0.28,0.17,0.02,,,,,
3895,15953920,7491,37103.887869080056,23087.633001410275,5.09,3192.95,-0.0026475182712601963,15330.39743834734,1.0003865085309371,2.1845862399999996e-05,0.7291362,2.14,0.52,0.28,0.18,0.02,,,,,
3896,15958016,7492,37448.034669740766,23293.332572721538,5.11,3213.05,-0.0034229727275487676,10797.00213110447,0.9196377532789484,2.1825791999999995e-05,0.9531974,2.14,0.52,0.28,0.18,0.02,,,,,
3897,15962112,7494,37412.528250561954,23291.391958286622,5.14,3206.28,-0.004783562284501386,5074.096510887146,0.8832155612763017,2.1805721599999994e-05,0.932434,2.18,0.51,0.28,0.19,0.02,,,,,
3898,15966208,7495,37269.527726159424,23215.85887784135,5.13,3199.67,-0.005925748083427607,5542.523903608322,0.9751907513709739,2.1785651199999993e-05,0.9494335,2.18,0.51,0.28,0.19,0.02,,,,,
3899,15970304,7496,37275.583368323234,23230.557782916054,5.13,3202.77,-0.002547765399867785,7343.936997890472,0.977863046224229,2.1765580800000005e-05,0.9689974,2.18,0.51,0.28,0.19,0.02,,,,,
3900,15974400,7497,38024.354854168094,23718.81554803099,5.17,3240.45,-0.001978975714337139,85138.38923978806,0.935896217240952,2.1745510400000004e-05,0.90884143,2.18,0.51,0.28,0.19,0.02,40890.730609519356,25634.84327246994,5.766666666666667,3115.8333333333335,0.03333333333333333
3901,15978496,7498,37760.7504492704,23558.748041207917,5.14,3228.0,-0.008939100051065907,2972.197818726301,0.9869076549075544,2.1725440000000003e-05,0.9114845,2.16,0.52,0.27,0.19,0.02,,,,,
3902,15982592,7499,37573.04909128259,23422.6249409311,5.13,3216.44,-0.0034561779129944625,5019.721483826637,1.0007643172284588,2.1705369600000002e-05,0.9729868,2.16,0.52,0.27,0.19,0.02,,,,,
3903,15986688,7501,37696.893414515755,23485.627568149474,5.16,3215.51,-0.0029497107434508507,10641.433450579643,0.9558353859465569,2.16852992e-05,0.9682862,2.19,0.52,0.26,0.19,0.03,,,,,
3904,15990784,7502,37846.015071752016,23605.921508767715,5.19,3215.9,-0.0030111435135040665,17199.39981842041,0.9545954776694998,2.16652288e-05,0.9510906,2.22,0.52,0.25,0.2,0.03,,,,,
3905,15994880,7503,36892.017099925186,22995.042157043194,5.15,3157.22,-0.0019020819017896429,23202.959432959557,0.9689383140066639,2.16451584e-05,0.75895333,2.24,0.51,0.26,0.2,0.03,,,,,
3906,15998976,7504,37317.16117562562,23267.4511431283,5.18,3191.57,-0.003076447350849776,10989.828071296215,0.9290387019282207,2.1625087999999998e-05,0.9443966,2.23,0.52,0.25,0.2,0.03,,,,,
3907,16003072,7504,37317.16117562562,23267.4511431283,5.18,3191.57,-0.0030922601490601664,12210.27355670929,0.8950355116976425,2.1605017599999997e-05,0.98167634,2.23,0.52,0.25,0.2,0.03,,,,,
3908,16007168,7505,38291.938128131704,23880.934276481712,5.23,3249.96,-0.004274565934792918,31584.816186219454,0.9721489055082202,2.1584947199999996e-05,0.9470561,2.22,0.52,0.26,0.19,0.03,,,,,
3909,16011264,7506,38983.47959316245,24298.438521823762,5.28,3297.8,-0.0021491485622391338,6357.400906711817,0.9154350743629038,2.1564876799999995e-05,0.95815146,2.22,0.52,0.26,0.19,0.03,,,,,
3910,16015360,7506,38983.47959316245,24298.438521823762,5.28,3297.8,-0.0032778520426290925,6053.518926560879,0.9331947502214462,2.1544806399999994e-05,0.9767679,2.22,0.52,0.26,0.19,0.03,,,,,
3911,16019456,7507,39422.68077751887,24562.35778265596,5.3,3321.35,-0.002885876677282795,39224.38737595081,0.9016970518277958,2.1524735999999992e-05,0.9493002,2.22,0.52,0.26,0.19,0.03,,,,,
3912,16023552,7507,39422.68077751887,24562.35778265596,5.3,3321.35,-0.002797044984617969,5486.135044455528,0.9223454719176516,2.150466559999999e-05,0.9692231,2.22,0.52,0.26,0.19,0.03,,,,,
3913,16027648,7508,40129.17568753774,25005.994014152155,5.34,3373.98,-0.0019768993552133907,11404.124670267105,0.9040235315915197,2.148459519999999e-05,0.9739313,2.2,0.53,0.25,0.19,0.03,,,,,
3914,16031744,7509,40754.65024446035,25390.094003789996,5.39,3397.41,-0.0015044585916257347,37844.43974804878,0.9690533975372091,2.146452479999999e-05,0.966165,2.23,0.52,0.25,0.2,0.03,,,,,
3915,16035840,7510,40864.07040776419,25455.21604432952,5.4,3404.84,-0.004550649706288823,8877.544189095497,0.9504319756524637,2.1444454399999988e-05,0.8975269,2.23,0.52,0.25,0.2,0.03,,,,,
3916,16039936,7511,40753.539045370104,25388.5725998018,5.39,3395.35,-0.005788733756617148,3833.6952060759068,0.9739027741597965,2.1424384e-05,0.9440001,2.23,0.52,0.25,0.2,0.03,,,,,
3917,16044032,7512,41442.18796384304,25822.316439523533,5.43,3446.67,-0.0028273548505239887,6342.531699538231,0.9556958683533594,2.14043136e-05,0.9719574,2.21,0.53,0.24,0.2,0.03,,,,,
3918,16048128,7514,40921.27548422674,25500.933225255663,5.39,3422.71,-0.002703637882405019,5591.348118305206,0.9588023253018036,2.13842432e-05,0.9540819,2.19,0.54,0.23,0.2,0.03,,,,,
3919,16052224,7516,41321.847545649915,25754.17853554418,5.44,3438.05,-0.0026592790045469883,15454.938881874084,0.9453140709083527,2.1364172799999997e-05,0.96730745,2.23,0.53,0.23,0.21,0.03,,,,,
3920,16056320,7518,40953.02782090889,25545.88018308069,5.43,3405.09,-0.004341867081166129,4465.620449721813,0.9898932869546115,2.1344102399999996e-05,0.9485891,2.25,0.52,0.24,0.21,0.03,,,,,
3921,16060416,7520,40403.163097873025,25200.385419648508,5.43,3362.14,-0.0068308304144011345,3789.994417101145,0.9682679258985445,2.1324031999999995e-05,0.96944803,2.3,0.5,0.25,0.22,0.03,,,,,
3922,16064512,7521,40180.41581962518,25081.772321467983,5.42,3343.55,-0.0033795315757743083,6137.822746574879,0.8946882530581206,2.1303961599999994e-05,0.9105536,2.31,0.49,0.26,0.22,0.03,,,,,
3923,16068608,7523,40086.35791109656,25021.339962025395,5.42,3338.02,-0.0034906447699540877,7510.873788833618,0.988855134579353,2.1283891199999993e-05,0.8786043,2.32,0.49,0.26,0.21,0.04,,,,,
3924,16072704,7524,39938.9589672487,24930.726422176427,5.41,3325.57,-0.0025948291722670547,12159.07188141346,0.9060297700343654,2.1263820799999992e-05,0.955675,2.32,0.49,0.26,0.21,0.04,,,,,
3925,16076800,7527,40430.010577662375,25244.024487156323,5.46,3353.1,-0.0044546191675181035,3775.4198753237724,0.9668200239539146,2.124375039999999e-05,0.94696945,2.34,0.48,0.26,0.22,0.04,38845.66015234753,24234.67534292435,5.666666666666667,3004.2,0.0
3926,16080896,7528,40156.85244205342,25070.741548796894,5.41,3341.53,-0.0033384633993591706,3408.3271559476852,0.886000516009517,2.122367999999999e-05,0.919558,2.3,0.49,0.26,0.21,0.04,,,,,
3927,16084992,7530,39729.25986143676,24806.479662807855,5.38,3312.83,-0.0036970973069401225,5442.799529671669,0.9638382783159614,2.1203609600000002e-05,0.9619989,2.3,0.49,0.26,0.21,0.04,,,,,
3928,16089088,7530,39729.25986143676,24806.479662807855,5.38,3312.83,-0.005601669763564132,4129.103444695473,0.9524049545871094,2.11835392e-05,0.9726428,2.3,0.49,0.26,0.21,0.04,,,,,
3929,16093184,7532,39409.88865668783,24561.906676935494,5.36,3289.55,-0.006636790967604611,1882.2256738841534,0.9558585960185155,2.11634688e-05,0.94608957,2.3,0.5,0.25,0.21,0.04,,,,,
3930,16097280,7533,38880.21512785871,24232.91573442853,5.33,3264.77,-0.003729589961039892,4003.9046719670296,0.9559986076783389,2.11433984e-05,0.9695002,2.3,0.5,0.25,0.21,0.04,,,,,
3931,16101376,7534,39090.078602177084,24354.039442538415,5.34,3279.39,-0.004214371101625147,4282.804625749588,0.937593552749604,2.1123327999999998e-05,0.96452975,2.3,0.5,0.25,0.21,0.04,,,,,
3932,16105472,7535,39532.196409766955,24618.445259443386,5.35,3309.18,-0.002776767280010972,6796.379612088203,0.9882598525146022,2.1103257599999997e-05,0.9791935,2.28,0.5,0.26,0.2,0.04,,,,,
3933,16109568,7536,38956.67200962531,24264.10608910673,5.31,3272.02,-0.005431344616226852,2313.894595295191,0.950177717837505,2.1083187199999996e-05,0.9513167,2.28,0.5,0.26,0.2,0.04,,,,,
3934,16113664,7538,38646.3823615939,24096.116853113672,5.3,3249.1,-0.002134823312644585,19600.073624134064,0.9209844012511894,2.1063116799999995e-05,0.9314769,2.31,0.49,0.26,0.21,0.04,,,,,
3935,16117760,7539,39229.719665330864,24486.372351681846,5.36,3274.18,-0.0013878988393116742,45967.13845729828,0.9065982248866931,2.1043046399999994e-05,0.9280582,2.35,0.48,0.26,0.22,0.04,,,,,
3936,16121856,7539,39229.719665330864,24486.372351681846,5.36,3274.18,-0.0038926900560909417,9695.362439393997,0.9000101099954918,2.1022975999999993e-05,0.9631028,2.35,0.48,0.26,0.22,0.04,,,,,
3937,16125952,7540,39707.28332256694,24790.150811149113,5.39,3307.84,-0.005324080177160795,3799.065031737089,0.9643859338248149,2.100290559999999e-05,0.95141524,2.34,0.49,0.25,0.22,0.04,,,,,
3938,16130048,7541,40202.46466358853,25086.936280519913,5.43,3343.84,-0.00314727865770692,9525.857765197754,0.9820994331967086,2.0982835200000004e-05,0.934873,2.34,0.49,0.25,0.22,0.04,,,,,
3939,16134144,7542,40762.13083156445,25443.726223500817,5.47,3373.18,-0.0033738669017111533,11233.670253813267,0.8658021291485056,2.0962764800000003e-05,0.97315484,2.35,0.48,0.26,0.22,0.04,,,,,
3940,16138240,7543,40785.184100973194,25461.3173611144,5.47,3376.59,-0.0052595275137719,8443.935326814651,0.9874172379495576,2.0942694400000002e-05,0.95553577,2.35,0.48,0.26,0.22,0.04,,,,,
3941,16142336,7543,40785.184100973194,25461.3173611144,5.47,3376.59,-0.0019088748722424498,10378.62954378128,0.9743479951284826,2.0922624e-05,0.93423057,2.35,0.48,0.26,0.22,0.04,,,,,
3942,16146432,7546,40705.14857263565,25403.90047720653,5.48,3370.23,-0.0022707868129145936,19560.161449432373,0.9457784536061808,2.09025536e-05,0.95882905,2.36,0.48,0.26,0.21,0.05,,,,,
3943,16150528,7546,40705.14857263565,25403.90047720653,5.48,3370.23,-0.004298190358895226,2421.105647444725,0.9396226628450677,2.08824832e-05,0.9801215,2.36,0.48,0.26,0.21,0.05,,,,,
3944,16154624,7548,40815.07082355821,25494.78267939432,5.5,3362.45,-0.0034803237931555486,19310.355489611626,0.9385776212438941,2.0862412799999998e-05,0.96468735,2.39,0.46,0.28,0.21,0.05,,,,,
3945,16158720,7549,39881.89222021884,24920.130422854545,5.45,3307.23,-0.0037506958078665775,6747.972985684872,0.9766803700476885,2.0842342399999997e-05,0.9274353,2.4,0.45,0.29,0.21,0.05,,,,,
3946,16162816,7550,40265.682361851235,25162.896930330528,5.48,3329.25,-0.0033051825121219736,15108.608258962631,0.8966364343650639,2.0822271999999996e-05,0.92173445,2.41,0.44,0.3,0.21,0.05,,,,,
3947,16166912,7551,40570.30593575115,25360.11942402288,5.47,3357.99,-0.0016939460201683687,12570.208407998085,0.9098527426831424,2.0802201599999994e-05,0.94213116,2.36,0.45,0.3,0.21,0.04,,,,,
3948,16171008,7551,40570.30593575115,25360.11942402288,5.47,3357.99,-0.0017960724580916576,14560.269956469536,1.0034404654288664,2.0782131199999993e-05,0.96079886,2.36,0.45,0.3,0.21,0.04,,,,,
3949,16175104,7552,41226.983698551485,25763.08137865311,5.51,3387.43,-0.002221808374088141,36341.23993611336,0.9852462898707017,2.0762060799999992e-05,0.9496859,2.37,0.44,0.31,0.21,0.04,,,,,
3950,16179200,7554,41571.23998203433,25966.78569799728,5.52,3415.48,-0.0034448881069693016,3498.533584922552,0.9354181765811518,2.074199039999999e-05,0.952211,2.35,0.44,0.32,0.2,0.04,35004.25432039609,21782.41882974516,5.466666666666667,2816.4,0.0
3951,16183296,7554,41571.23998203433,25966.78569799728,5.52,3415.48,-0.001623545204893162,14334.191817104816,0.8300514741567895,2.072191999999999e-05,0.97445697,2.35,0.44,0.32,0.2,0.04,,,,,
3952,16187392,7555,42216.39497415765,26351.024367133225,5.55,3449.19,-0.004300999829865759,18078.594027996063,0.96413928642869,2.070184959999999e-05,0.9642744,2.34,0.44,0.33,0.19,0.04,,,,,
3953,16191488,7556,42534.82388938683,26544.821820523834,5.56,3475.83,-0.0016859385086718248,19949.083515822887,0.9360238608205691,2.0681779199999988e-05,0.750376,2.32,0.45,0.32,0.19,0.04,,,,,
3954,16195584,7556,42534.82388938683,26544.821820523834,5.56,3475.83,-0.002374254754613503,20877.27237892151,0.8684499991359189,2.06617088e-05,0.9638393,2.32,0.45,0.32,0.19,0.04,,,,,
3955,16199680,7557,42945.45171854582,26804.16567405187,5.58,3495.62,-0.004252899814673583,20908.150107443333,0.9398544557625428,2.06416384e-05,0.9650836,2.32,0.45,0.32,0.19,0.04,,,,,
3956,16203776,7559,42354.65041714614,26430.222844611802,5.56,3456.7,-0.0026768072793856845,9233.976368665695,1.0020430616568774,2.0621568e-05,0.9607997,2.34,0.44,0.32,0.2,0.04,,,,,
3957,16207872,7560,42712.341738828734,26656.03709410372,5.59,3476.71,-0.004212174602798768,6914.857365548611,0.941366579500027,2.0601497599999997e-05,0.9672855,2.35,0.44,0.32,0.2,0.04,,,,,
3958,16211968,7561,42921.39955246514,26798.01399431949,5.61,3492.22,-0.00385269645084918,5381.069315195084,0.9910601943265647,2.0581427199999996e-05,0.95160586,2.35,0.44,0.32,0.2,0.04,,,,,
3959,16216064,7561,42921.39955246514,26798.01399431949,5.61,3492.22,-0.0025257658835471375,11899.772120058537,0.9260366973467171,2.0561356799999995e-05,0.9671273,2.35,0.44,0.32,0.2,0.04,,,,,
3960,16220160,7563,43317.45725986365,27041.299139016824,5.63,3507.76,-0.002657520992215723,16067.349111318588,0.9134447990218177,2.0541286400000008e-05,0.9212489,2.36,0.43,0.33,0.2,0.04,,,,,
3961,16224256,7563,43317.45725986365,27041.299139016824,5.63,3507.76,-0.003135040220513474,11651.69651389122,0.8857955773128197,2.0521216000000007e-05,0.9748503,2.36,0.43,0.33,0.2,0.04,,,,,
3962,16228352,7566,43256.88115401348,26992.411078907317,5.6,3513.96,-0.006430812256439822,2185.5356541574,1.025038405554369,2.0501145600000005e-05,0.94831425,2.32,0.44,0.33,0.19,0.04,,,,,
3963,16232448,7568,42611.69303822199,26635.71654995105,5.57,3464.53,-0.003348973620632023,6787.402929961681,0.9449865804053843,2.0481075200000004e-05,0.9306794,2.35,0.42,0.35,0.19,0.04,,,,,
3964,16236544,7569,43313.61841501136,27101.048582072435,5.63,3500.86,-0.0018064402238451294,39438.14123368263,0.9606706185732037,2.0461004800000003e-05,0.9657974,2.37,0.42,0.34,0.2,0.04,,,,,
3965,16240640,7569,43313.61841501136,27101.048582072435,5.63,3500.86,-0.0024933548465924105,8189.867569386959,0.966283752466552,2.0440934400000002e-05,0.9773216,2.37,0.42,0.34,0.2,0.04,,,,,
3966,16244736,7570,43559.45270103698,27245.818684954575,5.65,3508.1,-0.005275434927170863,3555.2746576964855,0.9750479824142531,2.0420864e-05,0.9609345,2.38,0.41,0.35,0.2,0.04,,,,,
3967,16248832,7571,44650.46143500058,27921.689439827915,5.68,3580.54,-0.00172270992607082,32872.271436691284,0.9122567183803767,2.04007936e-05,0.9725227,2.33,0.42,0.35,0.2,0.03,,,,,
3968,16252928,7571,44650.46143500058,27921.689439827915,5.68,3580.54,-0.004230514767186833,5560.406574130058,0.8802725232671946,2.03807232e-05,0.9541375,2.33,0.42,0.35,0.2,0.03,,,,,
3969,16257024,7573,45428.15541763887,28392.70987384698,5.73,3631.84,-0.001475646584367496,33513.9258184433,0.9066655065398663,2.0360652799999998e-05,0.89055866,2.33,0.43,0.34,0.2,0.03,,,,,
3970,16261120,7574,44845.39564995038,28010.735476255355,5.68,3600.15,-0.004759135714266449,3487.627530813217,0.9851898294873536,2.0340582399999997e-05,0.9296627,2.31,0.44,0.33,0.2,0.03,,,,,
3971,16265216,7574,44845.39564995038,28010.735476255355,5.68,3600.15,-0.0028016002070216928,12305.814788520336,0.9410124720307067,2.0320511999999996e-05,0.9769107,2.31,0.44,0.33,0.2,0.03,,,,,
3972,16269312,7576,45947.39811111874,28712.368888135577,5.76,3657.93,-0.00319682124791143,53846.53951847553,0.9647118638968095,2.0300441599999995e-05,0.9395699,2.33,0.43,0.33,0.21,0.03,,,,,
3973,16273408,7578,44581.33844648332,27882.249331513223,5.69,3576.75,-0.002381467911618529,24618.35927069187,0.9842775502474979,2.0280371199999994e-05,0.74927497,2.35,0.42,0.34,0.21,0.03,,,,,
3974,16277504,7579,44709.98096335822,27976.37853798024,5.7,3588.45,-0.005171399920072872,3063.644964158535,0.9107606142060831,2.0260300799999993e-05,0.94182086,2.35,0.42,0.34,0.21,0.03,,,,,
3975,16281600,7579,44709.98096335822,27976.37853798024,5.7,3588.45,-0.001323133514233632,45072.19482755661,0.9021692383103073,2.024023039999999e-05,0.9589499,2.35,0.42,0.34,0.21,0.03,42126.09370249738,26416.346252254745,5.833333333333333,3187.266666666667,0.06666666666666667
3976,16285696,7580,45639.408081819696,28580.4926972498,5.77,3622.06,-0.002451401325288316,85175.46556979418,0.8639040463604033,2.022015999999999e-05,0.9004861,2.39,0.41,0.34,0.22,0.03,,,,,
3977,16289792,7580,45639.408081819696,28580.4926972498,5.77,3622.06,-0.003976938526648155,14584.742656350136,0.8181256020907313,2.020008959999999e-05,0.97871965,2.39,0.41,0.34,0.22,0.03,,,,,
3978,16293888,7581,45900.73493879605,28755.184819470378,5.78,3637.51,-0.004317572686886706,22071.840089559555,0.9664005239028484,2.0180019199999988e-05,0.9577184,2.38,0.42,0.33,0.22,0.03,,,,,
3979,16297984,7582,46095.87687959326,28880.402745200932,5.8,3652.43,-0.0021671509439329384,14779.618030130863,0.9080814010230824,2.0159948799999987e-05,0.9706612,2.38,0.42,0.33,0.22,0.03,,,,,
3980,16302080,7584,46338.55173918788,29039.981485386663,5.83,3660.22,-0.004919005538795318,4388.087351024151,0.9888207783224061,2.0139878399999986e-05,0.86423,2.41,0.42,0.32,0.23,0.03,,,,,
3981,16306176,7585,46687.44397822881,29276.463440141637,5.87,3677.42,-0.003577884836886369,7926.91483771801,0.9614042700268328,2.0119807999999985e-05,0.9605152,2.43,0.41,0.33,0.23,0.03,,,,,
3982,16310272,7585,46687.44397822881,29276.463440141637,5.87,3677.42,-0.003814269750364474,14130.82670634985,0.9177329178201035,2.0099737599999998e-05,0.96974015,2.43,0.41,0.33,0.23,0.03,,,,,
3983,16314368,7586,47315.07692270582,29667.07521037129,5.91,3722.87,-0.0033711198393575614,4712.718112945557,0.9520656615495682,2.0079667199999996e-05,0.95071834,2.42,0.42,0.32,0.23,0.03,,,,,
3984,16318464,7590,46894.06892369132,29404.245383578655,5.85,3703.52,-0.0053738514052383834,3405.401233702898,0.95621144073084,2.0059596799999995e-05,0.767447,2.39,0.43,0.32,0.22,0.03,,,,,
3985,16322560,7591,47004.25243855067,29449.77723893117,5.84,3714.16,-0.004043587383421254,3834.231398820877,0.9680548162432387,2.0039526399999994e-05,0.96235204,2.36,0.44,0.32,0.21,0.03,,,,,
3986,16326656,7592,46765.89943458635,29301.940955270813,5.83,3695.9,-0.002009175864259305,8094.042140066624,1.0162594228750095,2.0019455999999993e-05,0.9767801,2.37,0.43,0.33,0.21,0.03,,,,,
3987,16330752,7593,46617.13639020321,29201.402023015842,5.81,3685.8,-0.006175037349748891,2802.0731541514397,0.93748763599433,1.9999385600000006e-05,0.9340958,2.36,0.44,0.32,0.21,0.03,,,,,
3988,16334848,7594,47417.09943393264,29710.085853963188,5.84,3739.68,-0.0018284678353666095,10852.864613294601,0.9263196291867644,1.9979315200000005e-05,0.96064365,2.33,0.44,0.33,0.2,0.03,,,,,
3989,16338944,7596,47173.765304809735,29538.917791717482,5.83,3718.06,-0.0037032217242085608,5754.121283888817,1.0160060015041381,1.9959244800000004e-05,0.9350852,2.34,0.44,0.33,0.2,0.03,,,,,
3990,16343040,7596,47173.765304809735,29538.917791717482,5.83,3718.06,-0.004059351544128731,8590.07454687357,0.9247659110696986,1.9939174400000002e-05,0.9664439,2.34,0.44,0.33,0.2,0.03,,,,,
3991,16347136,7598,46395.80380512793,29048.75647057835,5.8,3677.94,-0.0029354126809266745,13400.307074904442,0.9453583500580862,1.9919104e-05,0.9140014,2.35,0.44,0.32,0.21,0.03,,,,,
3992,16351232,7599,46691.13599406764,29263.533719053015,5.82,3691.88,-0.0005167108738532988,71499.55106282234,0.8792170723900199,1.98990336e-05,0.82311594,2.36,0.43,0.33,0.21,0.03,,,,,
3993,16355328,7600,47013.27189728574,29469.39815337065,5.85,3712.05,-0.0041499799608573085,7397.9525245428085,1.0022176476195455,1.98789632e-05,0.96014255,2.37,0.42,0.34,0.21,0.03,,,,,
3994,16359424,7601,47171.066441198986,29575.601074003083,5.85,3723.73,-0.004350625709776068,11277.488578259945,0.9444437009515241,1.9858892799999998e-05,0.96627796,2.36,0.42,0.34,0.22,0.02,,,,,
3995,16363520,7602,46929.5503118231,29397.550636168613,5.81,3717.69,-0.004640368380933069,4538.348100841045,1.008977688034065,1.9838822399999997e-05,0.93850607,2.32,0.43,0.34,0.21,0.02,,,,,
3996,16367616,7603,46877.04912684494,29375.33716701924,5.81,3712.27,-0.002990222424159583,8871.363636374474,0.9520384819479659,1.9818751999999996e-05,0.9545002,2.32,0.43,0.34,0.21,0.02,,,,,
3997,16371712,7604,47038.105583693745,29482.672743230454,5.82,3719.82,-0.0036210867729096208,15958.3878865242,0.9440400541061535,1.9798681599999995e-05,0.9659688,2.32,0.43,0.34,0.21,0.02,,,,,
3998,16375808,7606,45789.32727234691,28732.945883066528,5.77,3633.27,-0.0035981740311399335,18078.23899614811,0.9858411044115201,1.9778611199999994e-05,0.9307998,2.36,0.42,0.34,0.22,0.02,,,,,
3999,16379904,7607,45276.41034580763,28427.66828745525,5.75,3603.26,-0.000973331287241308,16149.716785490513,0.9078741620760411,1.9758540799999993e-05,0.95972145,2.37,0.41,0.35,0.22,0.02,,,,,
4000,16384000,7609,44051.70774341753,27672.41414997429,5.69,3533.05,-0.003895254771123291,5472.622009575367,0.9985907680820674,1.9738470399999992e-05,0.94576836,2.38,0.41,0.35,0.22,0.02,40064.17721063524,25066.01947966613,5.933333333333334,3152.1666666666665,0.0
4001,16388096,7609,44051.70774341753,27672.41414997429,5.69,3533.05,-0.003129964008621755,5558.441724956036,0.9297748653916642,1.971839999999999e-05,0.97039837,2.38,0.41,0.35,0.22,0.02,,,,,
4002,16392192,7610,44429.57960269386,27908.088439145842,5.71,3556.78,-0.0010335573952033883,22710.72926223278,0.9457859770627692,1.969832959999999e-05,0.8662556,2.38,0.41,0.35,0.22,0.02,,,,,
4003,16396288,7612,44208.54430151783,27782.292701010338,5.72,3533.74,-0.0032213698232226307,3372.1986880600452,0.9526488390984014,1.967825919999999e-05,0.96640575,2.42,0.39,0.36,0.23,0.02,,,,,
4004,16400384,7613,44160.92717396993,27744.775347523137,5.71,3534.0,-0.004558034632282215,2792.205799460411,0.9771964029641822,1.9658188799999987e-05,0.8624462,2.41,0.4,0.35,0.23,0.02,,,,,
4005,16404480,7613,44160.92717396993,27744.775347523137,5.71,3534.0,-0.005153068274012185,13067.404445707798,0.8478989250725135,1.96381184e-05,0.9581543,2.41,0.4,0.35,0.23,0.02,,,,,
4006,16408576,7615,45132.56206413817,28362.97637113563,5.78,3587.32,-0.0034518538896008977,17146.1056522727,0.949497715337202,1.9618048e-05,0.95915186,2.42,0.4,0.35,0.23,0.02,,,,,
4007,16412672,7616,44966.418414309795,28258.606567744537,5.75,3589.65,-0.004619264276698232,4205.043490350246,0.9516722416738048,1.9597977599999998e-05,0.9641643,2.38,0.41,0.35,0.22,0.02,,,,,
4008,16416768,7619,44751.073753496436,28128.814310935642,5.69,3583.97,-0.005798030602818471,5248.338363528252,1.0418433267623186,1.9577907199999997e-05,0.8513595,2.33,0.43,0.34,0.21,0.02,,,,,
4009,16420864,7623,44162.93242990403,27769.741458116405,5.66,3536.32,-0.005732940895086358,1981.0453478991985,0.9889202460180968,1.9557836799999996e-05,0.9424242,2.35,0.42,0.35,0.21,0.02,,,,,
4010,16424960,7625,43837.65041431684,27579.350832091357,5.67,3513.87,-0.002366875861753215,8997.568244457245,0.9733558528823778,1.9537766399999995e-05,0.87094486,2.38,0.42,0.34,0.21,0.03,,,,,
4011,16429056,7626,43883.31666407978,27590.203802589316,5.65,3521.78,-0.0045989072787051555,8293.914261937141,0.9521638890728354,1.9517695999999993e-05,0.963768,2.35,0.43,0.34,0.2,0.03,,,,,
4012,16433152,7628,44063.57339125086,27710.711915460004,5.69,3526.36,-0.004562451566016534,4266.776722848415,0.9387308288132772,1.9497625599999992e-05,0.94818366,2.39,0.42,0.34,0.21,0.03,,,,,
4013,16437248,7629,44409.48897923187,27926.474123684624,5.71,3542.39,-0.0027020544139304548,6405.910524368286,0.887154956930317,1.947755519999999e-05,0.988023,2.4,0.41,0.35,0.21,0.03,,,,,
4014,16441344,7632,43846.557755883,27599.319748953785,5.68,3501.05,-0.005644609746013884,3210.4187150597572,0.9749066954245791,1.945748479999999e-05,0.8266375,2.42,0.4,0.35,0.22,0.03,,,,,
4015,16445440,7633,43671.036767659985,27477.724858260244,5.67,3484.01,-0.003948666371798026,4354.61808437109,0.9481939160032198,1.9437414400000003e-05,0.96708125,2.42,0.4,0.35,0.22,0.03,,,,,
4016,16449536,7634,43646.946496471784,27471.340719053802,5.67,3482.31,-0.003576749408239266,7692.789835631847,0.9196749590337276,1.9417344e-05,0.96372604,2.42,0.4,0.35,0.22,0.03,,,,,
4017,16453632,7637,42860.71519584928,26987.481409006858,5.63,3428.2,-0.004708822005341062,3598.5416882038116,0.9917157299350947,1.93972736e-05,0.9565209,2.44,0.39,0.35,0.23,0.03,,,,,
4018,16457728,7638,43003.323720042266,27064.839541021884,5.62,3442.91,-0.0015872264993959107,11243.139036595821,0.945258253836073,1.93772032e-05,0.95653254,2.41,0.4,0.35,0.22,0.03,,,,,
4019,16461824,7640,41996.21582897524,26431.06870536451,5.57,3373.71,-0.0033144241006084485,3895.198580890894,0.9434330578660592,1.93571328e-05,0.9577496,2.43,0.39,0.35,0.23,0.03,,,,,
4020,16465920,7641,41997.30759874984,26439.745477132863,5.57,3375.64,-0.0033152746455016313,7103.134634435177,0.8985032768687233,1.9337062399999997e-05,0.95559514,2.43,0.39,0.35,0.23,0.03,,,,,
4021,16470016,7642,41542.990022728314,26154.480182498173,5.54,3353.58,-0.0024859864151949296,7519.529074311256,0.9230274856090546,1.9316991999999996e-05,0.9637581,2.42,0.4,0.34,0.23,0.03,,,,,
4022,16474112,7644,40533.95632543704,25530.176689795455,5.5,3281.02,-0.006295743653026875,2419.155470728874,0.991474918788299,1.9296921599999995e-05,0.9487406,2.46,0.39,0.34,0.24,0.03,,,,,
4023,16478208,7644,40533.95632543704,25530.176689795455,5.5,3281.02,-0.002380362988333218,13965.452834248543,0.9243969323579222,1.9276851199999994e-05,0.9632321,2.46,0.39,0.34,0.24,0.03,,,,,
4024,16482304,7645,41474.5542370844,26090.3652925902,5.53,3338.63,-0.0024698060651644482,26092.080118596554,0.9581458298489451,1.9256780799999993e-05,0.95558107,2.43,0.39,0.35,0.23,0.03,,,,,
4025,16486400,7646,41792.0000762275,26296.69052811004,5.52,3365.95,-0.0030832828142592916,11391.748947620392,0.9665620089508593,1.9236710399999992e-05,0.95400405,2.39,0.39,0.36,0.23,0.02,38521.01252396071,24049.595252935433,5.766666666666667,3010.7,0.0
4026,16490496,7648,41702.35714486804,26246.532079205153,5.51,3361.34,-0.002757536223725765,13433.336897552013,0.9240179541520774,1.921663999999999e-05,0.9574183,2.38,0.4,0.35,0.23,0.02,,,,,
4027,16494592,7649,42107.996147827755,26512.047854808887,5.55,3377.66,-0.0017778294641175307,20392.852089881897,0.9418584002414718,1.9196569600000003e-05,0.97080636,2.4,0.4,0.34,0.24,0.02,,,,,
4028,16498688,7649,42107.996147827755,26512.047854808887,5.55,3377.66,-0.003992979380200268,6779.879955947399,0.982368707889691,1.9176499200000002e-05,0.95919585,2.4,0.4,0.34,0.24,0.02,,,,,
4029,16502784,7651,41585.118834303794,26172.61400250287,5.51,3344.46,-0.007140392692235764,2762.561368495226,1.0266251359134912,1.91564288e-05,0.9367829,2.4,0.4,0.34,0.24,0.02,,,,,
4030,16506880,7653,40907.81892791064,25765.9668188844,5.49,3304.11,-0.005117910446642782,6220.456865042448,1.0085987291531637,1.91363584e-05,0.95331556,2.42,0.39,0.35,0.24,0.02,,,,,
4031,16510976,7654,41105.05471592785,25878.935708101875,5.49,3325.35,-0.004007990828540642,3291.0728351175785,0.9927814622642472,1.9116288e-05,0.95184153,2.4,0.4,0.34,0.24,0.02,,,,,
4032,16515072,7655,40624.31783467184,25583.787597446557,5.47,3299.77,-0.0020886354395770468,8318.469090819359,0.929639648180455,1.9096217599999998e-05,0.9677209,2.41,0.4,0.33,0.25,0.02,,,,,
4033,16519168,7656,40472.7481138324,25475.969068169055,5.46,3289.2,-0.003298341609479394,6082.666256636381,0.9636746159521863,1.9076147199999997e-05,0.939238,2.41,0.4,0.33,0.25,0.02,,,,,
4034,16523264,7657,39793.529422043684,25034.158281759137,5.42,3253.01,-0.0047058064646989806,3239.2359632849693,0.9337425644043833,1.9056076799999996e-05,0.96148163,2.41,0.4,0.33,0.25,0.02,,,,,
4035,16527360,7658,39502.32960989398,24857.56692478217,5.4,3236.51,-0.004710589179012459,3215.5024141669273,0.958884701365605,1.9036006399999995e-05,0.9568977,2.4,0.41,0.32,0.25,0.02,,,,,
4036,16531456,7658,39502.32960989398,24857.56692478217,5.4,3236.51,-0.0031636352305213222,7788.638599395752,0.9328134023817256,1.9015935999999994e-05,0.97715324,2.4,0.41,0.32,0.25,0.02,,,,,
4037,16535552,7659,40194.00673914702,25285.183777460494,5.43,3288.33,-0.004154676817961445,6015.785613954067,0.9234320314135402,1.8995865599999993e-05,0.9700317,2.37,0.42,0.32,0.24,0.02,,,,,
4038,16539648,7660,40224.01493032192,25311.815971991524,5.43,3292.36,-0.004355020651928498,4095.3623920083046,0.8956300666322932,1.897579519999999e-05,0.9433563,2.37,0.42,0.32,0.24,0.02,,,,,
4039,16543744,7661,40588.81637311506,25545.046396703397,5.45,3316.38,-0.0019704374972207006,42393.44361150265,0.9768351747188717,1.895572479999999e-05,0.80802035,2.37,0.42,0.32,0.24,0.02,,,,,
4040,16547840,7661,40588.81637311506,25545.046396703397,5.45,3316.38,-0.0021100722551636863,11002.928372859955,0.9400614649057388,1.893565439999999e-05,0.95767623,2.37,0.42,0.32,0.24,0.02,,,,,
4041,16551936,7663,40442.528325859435,25442.539412819526,5.47,3310.4,-0.005399259046498628,1884.0167226493359,1.0123433902626857,1.891558399999999e-05,0.97050667,2.39,0.43,0.3,0.25,0.02,,,,,
4042,16556032,7663,40442.528325859435,25442.539412819526,5.47,3310.4,-0.0031540659274469363,41150.539607048035,0.8862567907199264,1.88955136e-05,0.9550291,2.39,0.43,0.3,0.25,0.02,,,,,
4043,16560128,7665,40813.52094237276,25677.5129084999,5.5,3329.7,-0.004309889145588386,7114.158475220203,0.9581844866042957,1.88754432e-05,0.93837166,2.4,0.42,0.31,0.25,0.02,,,,,
4044,16564224,7665,40813.52094237276,25677.5129084999,5.5,3329.7,-0.00573671423990163,4514.327444076538,0.9575458503095433,1.88553728e-05,0.9703242,2.4,0.42,0.31,0.25,0.02,,,,,
4045,16568320,7666,41369.98467833487,26021.66832187402,5.52,3371.21,-0.0030483174696200876,3638.097456216812,0.9227241118205711,1.8835302399999998e-05,0.9735698,2.37,0.43,0.31,0.24,0.02,,,,,
4046,16572416,7666,41369.98467833487,26021.66832187402,5.52,3371.21,-0.0019067345619987464,17762.223594546318,0.9112115151947364,1.8815231999999997e-05,0.96821374,2.37,0.43,0.31,0.24,0.02,,,,,
4047,16576512,7667,42457.43818237083,26701.390834168575,5.59,3443.26,-0.0024439695280307205,26469.18865633011,0.8879488909151405,1.8795161599999995e-05,0.956346,2.36,0.44,0.3,0.24,0.02,,,,,
4048,16580608,7668,43413.2185877194,27288.726260735184,5.64,3493.74,-0.0017945734907698352,74278.82314443588,0.9768418612657115,1.8775091199999994e-05,0.9534679,2.36,0.44,0.3,0.24,0.02,,,,,
4049,16584704,7668,43413.2185877194,27288.726260735184,5.64,3493.74,-0.0030896674306859495,4828.584138393402,0.9662800072692335,1.8755020800000007e-05,0.97056615,2.36,0.44,0.3,0.24,0.02,,,,,
4050,16588800,7670,42663.94465065036,26815.266317912257,5.6,3457.7,-0.003136698263915605,8716.71233510971,0.9038041041931137,1.8734950400000006e-05,0.9203271,2.36,0.45,0.29,0.24,0.02,54118.896748514446,34175.80385322219,6.633333333333334,3874.866666666667,0.03333333333333333
4051,16592896,7671,42115.78175396695,26456.628989004817,5.57,3428.79,-0.0029051176152279368,5906.093913495541,1.0488760287407786,1.8714880000000005e-05,0.9624008,2.36,0.45,0.29,0.24,0.02,,,,,
4052,16596992,7671,42115.78175396695,26456.628989004817,5.57,3428.79,-0.003452752596786013,6289.121719777584,0.905137978028506,1.8694809600000004e-05,0.98071283,2.36,0.45,0.29,0.24,0.02,,,,,
4053,16601088,7673,41891.98828653451,26308.993321839756,5.53,3415.62,-0.005850303296028869,3806.1175958514214,0.981684508617036,1.8674739200000003e-05,0.91120505,2.33,0.45,0.3,0.23,0.02,,,,,
4054,16605184,7674,42106.44890023216,26443.9623509373,5.55,3432.01,-0.003680221711874765,4419.118403613567,0.9761484136106446,1.86546688e-05,0.94760436,2.33,0.45,0.3,0.23,0.02,,,,,
4055,16609280,7675,41125.733200038645,25815.27275828451,5.49,3384.73,-0.003915022159162618,6547.254743874073,0.9536890082526952,1.86345984e-05,0.9437177,2.32,0.46,0.29,0.23,0.02,,,,,
4056,16613376,7676,41665.67895341805,26135.820464897854,5.51,3427.34,-0.0034206356376671465,3358.39021345973,1.0485975504852831,1.8614528e-05,0.95514435,2.29,0.47,0.29,0.22,0.02,,,,,
4057,16617472,7676,41665.67895341805,26135.820464897854,5.51,3427.34,-0.0019779172662310884,12819.777070522308,0.8877450871514156,1.8594457599999998e-05,0.966922,2.29,0.47,0.29,0.22,0.02,,,,,
4058,16621568,7677,42332.56595580655,26556.549329690737,5.55,3459.73,-0.003031560609997541,18843.54148566723,0.9438610288780183,1.8574387199999997e-05,0.9719848,2.29,0.47,0.29,0.22,0.02,,,,,
4059,16625664,7678,43269.1802471742,27130.882263544583,5.6,3525.24,-0.0019035104496651911,17450.786262989044,0.9497467601904646,1.8554316799999996e-05,0.9634978,2.27,0.48,0.28,0.22,0.02,,,,,
4060,16629760,7679,43076.47128810358,27000.41562020134,5.59,3506.44,-0.001884476097075094,18623.0408539176,0.9683726654620841,1.8534246399999995e-05,0.9585777,2.28,0.47,0.29,0.22,0.02,,,,,
4061,16633856,7680,42730.20442741201,26750.86262059415,5.58,3487.59,-0.0025028020654644934,77104.80710363388,1.0337378412950784,1.8514175999999994e-05,0.9486816,2.29,0.47,0.29,0.21,0.03,,,,,
4062,16637952,7681,42508.426866372014,26624.334039006113,5.58,3467.02,-0.0016812568105706305,36720.96908378601,0.9356977544957772,1.8494105599999993e-05,0.967717,2.31,0.46,0.3,0.21,0.03,,,,,
4063,16642048,7681,42508.426866372014,26624.334039006113,5.58,3467.02,-0.002972041449538665,6684.059023112059,0.9726504315622151,1.8474035199999992e-05,0.97318834,2.31,0.46,0.3,0.21,0.03,,,,,
4064,16646144,7682,42668.02849652982,26724.45905413578,5.59,3477.68,-0.0031851850126258796,17311.15575814247,0.9661026019603014,1.845396479999999e-05,0.95337063,2.31,0.46,0.3,0.21,0.03,,,,,
4065,16650240,7683,42718.84840285899,26729.766119049364,5.58,3484.1,-0.004790192167092755,4147.973363906145,0.9963467731140554,1.843389439999999e-05,0.96625125,2.29,0.46,0.31,0.2,0.03,,,,,
4066,16654336,7685,42652.75109323888,26670.771443089707,5.57,3487.94,-0.002764273320281063,5310.140373468399,0.972846353542991,1.841382399999999e-05,0.95900905,2.28,0.46,0.31,0.2,0.03,,,,,
4067,16658432,7687,41827.11016058859,26157.120377200252,5.56,3414.21,-0.004480843344936147,3787.413832426071,1.0364462112775072,1.8393753599999988e-05,0.95442754,2.35,0.44,0.31,0.22,0.03,,,,,
4068,16662528,7688,42310.39625681743,26445.87064465346,5.59,3450.12,-0.0032125730667758035,4227.5263684391975,1.00086802826263,1.8373683199999986e-05,0.9722159,2.34,0.44,0.31,0.22,0.03,,,,,
4069,16666624,7691,41942.158689964985,26233.935886092157,5.59,3414.4,-0.0051945772083854536,2552.4851983189583,0.971350719104521,1.8353612799999985e-05,0.95491475,2.38,0.42,0.33,0.22,0.03,,,,,
4070,16670720,7691,41942.158689964985,26233.935886092157,5.59,3414.4,-0.002627444378049404,10756.96958053112,0.9260816113092005,1.8333542399999998e-05,0.9757824,2.38,0.42,0.33,0.22,0.03,,,,,
4071,16674816,7692,42875.79674546809,26804.872692653506,5.63,3468.67,-0.0006044272204235313,98407.91442096233,0.9756022565998137,1.8313471999999997e-05,0.90682566,2.37,0.43,0.32,0.22,0.03,,,,,
4072,16678912,7693,43471.44045409558,27184.355969811342,5.69,3493.89,-0.0011029079041691148,39799.374650239944,0.9027720914455131,1.8293401599999996e-05,0.9614785,2.41,0.42,0.32,0.23,0.03,,,,,
4073,16683008,7693,43471.44045409558,27184.355969811342,5.69,3493.89,-0.002528623735088331,9750.660331308842,0.9777306001633406,1.8273331199999995e-05,0.9456747,2.41,0.42,0.32,0.23,0.03,,,,,
4074,16687104,7696,43180.54656851275,27008.209486507,5.67,3476.54,-0.001480420882217004,15710.703598439693,1.0337346568703651,1.8253260799999994e-05,0.8945795,2.41,0.42,0.32,0.23,0.03,,,,,
4075,16691200,7697,43061.06152819859,26923.590474082408,5.66,3470.71,-0.0015403089237224776,12235.7477055192,0.9593183702090755,1.8233190400000006e-05,0.75343955,2.41,0.42,0.32,0.23,0.03,41290.964768173515,26012.962672815058,5.933333333333334,3229.0,0.0
4076,16695296,7698,43398.225728419755,27121.937007935565,5.67,3497.95,-0.005277674743410898,5006.537433981895,1.0158139929408208,1.8213120000000005e-05,0.9456237,2.39,0.42,0.33,0.22,0.03,,,,,
4077,16699392,7699,42882.31163804602,26797.728176007593,5.64,3469.26,-0.002386884912084497,17398.42174357176,1.0442105480469763,1.8193049600000004e-05,0.7126821,2.39,0.42,0.33,0.22,0.03,,,,,
4078,16703488,7700,42805.10470046825,26749.96632180893,5.63,3468.68,-0.005450798287711223,4786.174210339785,0.997856977628544,1.8172979200000003e-05,0.9147263,2.38,0.43,0.32,0.22,0.03,,,,,
4079,16707584,7701,42547.84923854325,26564.566676606246,5.59,3461.2,-0.00365379776849295,5207.8919686079025,1.0167488222941756,1.8152908800000002e-05,0.92625546,2.34,0.44,0.32,0.21,0.03,,,,,
4080,16711680,7703,42558.88517901813,26567.5580392987,5.58,3464.22,-0.0020641076057472674,7693.378714680672,0.9913535428931937,1.81328384e-05,0.9195,2.33,0.44,0.32,0.21,0.03,,,,,
4081,16715776,7705,41818.835683428755,26073.779456319102,5.52,3422.55,-0.003595996078729513,6326.538553237915,0.9971874138573185,1.8112768e-05,0.9321109,2.32,0.44,0.32,0.21,0.03,,,,,
4082,16719872,7706,42015.50916397462,26196.01301824504,5.53,3440.26,-0.004579707356242579,3713.3027132749557,1.0012307062279433,1.80926976e-05,0.95894533,2.31,0.44,0.32,0.21,0.03,,,,,
4083,16723968,7707,41866.33700918281,26091.916704403324,5.52,3431.07,-0.002940368820418371,10013.076027870178,0.9570809879805893,1.8072627199999997e-05,0.95756954,2.31,0.44,0.32,0.21,0.03,,,,,
4084,16728064,7710,41345.98890400965,25768.156971033462,5.49,3379.89,-0.002613608785395627,15861.4082518816,1.070659072836861,1.8052556799999996e-05,0.955036,2.34,0.43,0.32,0.22,0.03,,,,,
4085,16732160,7710,41345.98890400965,25768.156971033462,5.49,3379.89,-0.00492265847606177,4408.902393043041,0.9739874691003934,1.8032486399999995e-05,0.9698498,2.34,0.43,0.32,0.22,0.03,,,,,
4086,16736256,7712,41431.579026589774,25795.035265977156,5.5,3386.27,-0.00371554758567072,3157.8710936903954,1.0080233598127961,1.8012415999999994e-05,0.9793376,2.34,0.44,0.31,0.22,0.03,,,,,
4087,16740352,7713,41726.17353926305,25965.237935071473,5.52,3403.79,-0.003560661699339107,7067.317286491394,1.0510356292361394,1.7992345599999993e-05,0.95477927,2.34,0.44,0.31,0.22,0.03,,,,,
4088,16744448,7715,40839.58459601473,25419.219759437055,5.45,3353.02,-0.005288557404128369,4536.737877130508,0.9247781380545348,1.7972275199999992e-05,0.95394385,2.33,0.44,0.31,0.22,0.03,,,,,
4089,16748544,7718,40711.102285003726,25362.556348640734,5.49,3334.3,-0.0022247211818466894,14839.938925623894,0.9821250082459301,1.795220479999999e-05,0.92352855,2.4,0.42,0.31,0.24,0.03,,,,,
4090,16752640,7719,41189.925141754466,25664.98974432775,5.55,3358.86,-0.003212791293663031,18811.184131264687,0.9335906603373587,1.793213439999999e-05,0.951911,2.44,0.41,0.31,0.25,0.03,,,,,
4091,16756736,7720,41571.95321262724,25901.132130334598,5.55,3392.55,-0.0048537569664404145,4691.857370436192,0.9419651862699538,1.791206399999999e-05,0.93194884,2.4,0.42,0.31,0.24,0.03,,,,,
4092,16760832,7721,41463.28681218814,25843.349773388403,5.55,3382.43,-0.0027394982307669125,9134.72465312481,1.0102691688807681,1.7891993599999988e-05,0.9606356,2.41,0.42,0.31,0.24,0.03,,,,,
4093,16764928,7722,41935.88435594733,26132.516405531744,5.59,3411.89,-0.001920282614264579,14949.05761039257,0.9916214618133381,1.7871923199999987e-05,0.96047044,2.42,0.42,0.3,0.25,0.03,,,,,
4094,16769024,7725,42395.84512357519,26403.484160980228,5.58,3440.89,-0.001663444219957455,8480.856663048267,0.9813711747992784,1.78518528e-05,0.8862721,2.38,0.41,0.32,0.26,0.01,,,,,
4095,16773120,7726,42756.602381603305,26653.015143775036,5.63,3455.4,-0.0012582313665916445,23382.47176504135,0.972787230159156,1.7831782399999998e-05,0.9687586,2.42,0.4,0.32,0.27,0.01,,,,,
4096,16777216,7727,42933.48847033994,26750.20852333386,5.64,3461.3,-0.004883957649326476,12401.043326079845,1.0207892173202708,1.7811711999999997e-05,0.9575557,2.42,0.4,0.32,0.27,0.01,,,,,
4097,16781312,7729,42410.7034679151,26422.314086688148,5.6,3437.5,-0.003900734982380527,5078.729501128197,0.9670872889691964,1.7791641599999996e-05,0.903653,2.4,0.42,0.3,0.27,0.01,,,,,
4098,16785408,7730,42669.998698125215,26577.758673227225,5.6,3464.11,-0.0036411918517842423,3365.38163793087,0.9799604137660936,1.7771571199999995e-05,0.94388545,2.37,0.43,0.3,0.26,0.01,,,,,
4099,16789504,7731,43187.238146686,26888.533808744214,5.62,3504.78,-0.002788929389680561,5270.90179336071,0.9227626860374585,1.7751500799999994e-05,0.96584505,2.34,0.44,0.3,0.25,0.01,,,,,
4100,16793600,7731,43187.238146686,26888.533808744214,5.62,3504.78,-0.004790925600900664,3406.9500480294228,0.9770912862149999,1.7731430399999993e-05,0.9788952,2.34,0.44,0.3,0.25,0.01,40709.30639781135,25628.23067193192,5.833333333333333,3177.5666666666666,0.0
4101,16797696,7732,44170.057464305566,27508.55157772079,5.68,3564.76,-0.0018979546803166158,31335.97698545456,0.939520055660978,1.771135999999999e-05,0.9638255,2.34,0.44,0.3,0.25,0.01,,,,,
4102,16801792,7734,43789.80844038924,27265.731798879475,5.64,3542.77,-0.003769161739910487,4348.108966618776,1.0329642683500424,1.7691289600000004e-05,0.8881903,2.33,0.44,0.3,0.25,0.01,,,,,
4103,16805888,7736,43652.614804295896,27181.363907930197,5.61,3534.26,-0.0048493411150047905,2707.6397311091423,0.9397791669471189,1.7671219200000003e-05,0.9120383,2.3,0.45,0.3,0.24,0.01,,,,,
4104,16809984,7737,43985.49163097502,27381.16017538385,5.63,3557.88,-0.0033204799110535532,9385.992145597935,0.9571195519529283,1.7651148800000002e-05,0.96461374,2.29,0.46,0.29,0.24,0.01,,,,,
4105,16814080,7741,43099.12142241682,26819.795209272004,5.59,3490.8,-0.004017557431325258,6264.7231478095055,1.0278184355702251,1.76310784e-05,0.88513875,2.32,0.45,0.3,0.24,0.01,,,,,
4106,16818176,7742,42913.473191617246,26693.78256123206,5.58,3473.19,-0.004007680156064453,2942.194047689438,1.0182655475800857,1.7611008e-05,0.957359,2.33,0.44,0.31,0.24,0.01,,,,,
4107,16822272,7744,43158.921734254385,26819.933732006688,5.59,3485.85,-0.002466976604409865,7944.274622499943,1.0178205368574709,1.75909376e-05,0.97378105,2.32,0.44,0.31,0.24,0.01,,,,,
4108,16826368,7746,42391.55160276643,26370.336542519424,5.56,3431.84,-0.003413860104046762,14073.626653790474,0.9409260478569195,1.7570867199999998e-05,0.97149986,2.35,0.44,0.3,0.25,0.01,,,,,
4109,16830464,7747,41690.162441337234,25917.855209600566,5.52,3388.1,-0.003986443749454338,4224.69925314188,1.0031027143122628,1.7550796799999997e-05,0.93512064,2.36,0.44,0.29,0.26,0.01,,,,,
4110,16834560,7749,41428.83392437685,25726.106616267185,5.49,3378.43,-0.002267570661388163,12490.91126191616,0.9857694675447419,1.7530726399999996e-05,0.89608645,2.34,0.44,0.3,0.25,0.01,,,,,
4111,16838656,7750,41611.45359042328,25835.256955142762,5.51,3377.67,-0.0037611163043038687,7433.798354446888,0.9715393527876586,1.7510655999999994e-05,0.97920346,2.36,0.43,0.31,0.25,0.01,,,,,
4112,16842752,7751,41784.996632850954,25936.47453146,5.52,3394.07,-0.004739450125271105,2192.030854076147,0.9605602095834911,1.7490585599999993e-05,0.96392757,2.35,0.44,0.3,0.25,0.01,,,,,
4113,16846848,7752,42145.55147756735,26153.08551244512,5.54,3417.67,-0.0029185511039031553,9850.549410283566,1.0351682952605188,1.7470515199999992e-05,0.95875466,2.34,0.45,0.29,0.25,0.01,,,,,
4114,16850944,7752,42145.55147756735,26153.08551244512,5.54,3417.67,-0.002826207806720049,11827.785059154034,0.9207473505521193,1.745044479999999e-05,0.9759105,2.34,0.45,0.29,0.25,0.01,,,,,
4115,16855040,7754,42800.17450422267,26565.282036786917,5.57,3442.18,-0.0023377318570965144,72348.69884514809,0.9585498495725915,1.743037439999999e-05,0.9416782,2.34,0.45,0.29,0.25,0.01,,,,,
4116,16859136,7756,42264.50941625633,26233.486917549973,5.53,3403.7,-0.0010768678985186853,16676.682254970074,0.9762285613687709,1.7410304000000003e-05,0.6943717,2.34,0.44,0.31,0.24,0.01,,,,,
4117,16863232,7756,42264.50941625633,26233.486917549973,5.53,3403.7,-0.003070194494284806,3429.927745759487,0.9621581261744723,1.73902336e-05,0.97996336,2.34,0.44,0.31,0.24,0.01,,,,,
4118,16867328,7758,42138.484308460684,26152.65778293486,5.53,3387.93,-0.006956268678550259,3084.322929382324,1.0544791482388973,1.73701632e-05,0.9366652,2.36,0.43,0.32,0.24,0.01,,,,,
4119,16871424,7759,41715.971819953666,25898.426994940546,5.5,3364.73,-0.002616711513383052,9067.40428507328,0.997317465255037,1.73500928e-05,0.8715241,2.36,0.43,0.32,0.24,0.01,,,,,
4120,16875520,7761,40794.82374130842,25314.631490601903,5.43,3303.15,-0.0031866868448560126,6543.948038041592,1.0189965402241796,1.73300224e-05,0.97339785,2.35,0.43,0.32,0.24,0.01,,,,,
4121,16879616,7762,40742.003553223614,25313.226397739258,5.44,3292.01,-0.002147663904906949,14216.536942124367,0.9665747265098616,1.7309951999999997e-05,0.96502376,2.38,0.42,0.32,0.25,0.01,,,,,
4122,16883712,7764,40477.09893752947,25170.78895739694,5.43,3269.8,-0.0008462685382255586,49328.97475337982,0.9211038294015452,1.7289881599999996e-05,0.9557786,2.4,0.41,0.32,0.26,0.01,,,,,
4123,16887808,7765,40646.456689657,25282.029914748608,5.44,3281.92,-0.0023026018457130704,13740.268856048584,0.981112529989332,1.7269811199999995e-05,0.9242957,2.39,0.42,0.31,0.26,0.01,,,,,
4124,16891904,7766,40280.4649629738,25061.517447840142,5.42,3258.59,-0.004201538504275959,5283.496692597866,0.9449976687319577,1.7249740799999994e-05,0.94270533,2.4,0.41,0.32,0.26,0.01,,,,,
4125,16896000,7768,38361.93545398942,23852.348045310668,5.3,3152.23,-0.003548235372363706,5004.762569963932,0.9377116889227182,1.7229670399999993e-05,0.9178515,2.39,0.41,0.32,0.26,0.01,43539.2885307907,27643.126632966094,5.966666666666667,3327.4666666666667,0.03333333333333333
4126,16900096,7771,37582.12535582627,23380.464379848712,5.27,3084.05,-0.002412043738331704,11040.211760163307,0.9649200260173529,1.7209599999999992e-05,0.95429325,2.44,0.39,0.33,0.26,0.02,,,,,
4127,16904192,7772,37115.455920032306,23096.37112709842,5.24,3054.44,-0.0035547082934499485,4060.7608693242073,1.024950688588433,1.718952959999999e-05,0.9552546,2.44,0.39,0.33,0.26,0.02,,,,,
4128,16908288,7774,37255.10204497428,23163.710877563186,5.27,3058.13,-0.0024508163896825863,4285.709888994694,0.9890835785772651,1.716945919999999e-05,0.95341516,2.47,0.38,0.34,0.26,0.02,,,,,
4129,16912384,7775,37138.182448262305,23100.341509983693,5.26,3048.38,-0.004856821680732537,7782.042750477791,0.9729080307297409,1.714938879999999e-05,0.8907031,2.47,0.38,0.34,0.26,0.02,,,,,
4130,16916480,7777,35729.73690503166,22236.904438927206,5.18,2955.55,-0.0027135676127727493,7859.900357604027,0.9813043173635378,1.71293184e-05,0.9412623,2.5,0.36,0.36,0.26,0.02,,,,,
4131,16920576,7778,35436.08567083299,22042.989270899125,5.17,2932.31,-0.001775838594767265,12997.571970641613,0.9920217510079965,1.7109248e-05,0.9530897,2.51,0.35,0.37,0.26,0.02,,,,,
4132,16924672,7779,35887.44368500618,22337.95668562128,5.2,2962.24,-0.0019086200427409494,10873.446571588516,0.9295065626502037,1.70891776e-05,0.94586843,2.51,0.35,0.37,0.26,0.02,,,,,
4133,16928768,7780,35460.29427293564,22075.8447527034,5.15,2955.27,-0.004338542778896226,6883.316521346569,0.9525891791563481,1.7069107199999998e-05,0.9556156,2.46,0.36,0.37,0.26,0.01,,,,,
4134,16932864,7781,35100.96471920893,21841.621161484887,5.12,2948.25,-0.004771325755427824,4821.359445214272,0.9421457342104986,1.7049036799999997e-05,0.9477031,2.44,0.37,0.36,0.26,0.01,,,,,
4135,16936960,7781,35100.96471920893,21841.621161484887,5.12,2948.25,-0.0022004204665790894,12097.926102280617,1.0160649579484016,1.7028966399999996e-05,0.93944824,2.44,0.37,0.36,0.26,0.01,,,,,
4136,16941056,7782,35203.75796792441,21898.816046475687,5.13,2948.4,-0.0008534624794265255,8652.571913480759,0.9900650640483946,1.7008895999999995e-05,0.96570694,2.45,0.36,0.37,0.26,0.01,,,,,
4137,16945152,7782,35203.75796792441,21898.816046475687,5.13,2948.4,-0.0014746455381100532,41744.29722905159,0.9633446221705526,1.6988825599999994e-05,0.96194696,2.45,0.36,0.37,0.26,0.01,,,,,
4138,16949248,7783,35766.79324697799,22246.614022050137,5.15,2985.79,-0.0038228545654419577,5786.449040561914,0.9560938007198274,1.6968755199999993e-05,0.9572517,2.43,0.37,0.36,0.26,0.01,,,,,
4139,16953344,7784,35785.17922537759,22276.521895661037,5.15,2990.1,-0.003930508581106551,6700.038187801838,0.9691490492550656,1.6948684800000005e-05,0.9163602,2.43,0.37,0.36,0.26,0.01,,,,,
4140,16957440,7786,35947.746014355565,22385.435341255656,5.14,3002.08,-0.0027954427960139583,10607.682614207268,0.9617637315532193,1.6928614400000004e-05,0.9486996,2.4,0.38,0.36,0.25,0.01,,,,,
4141,16961536,7787,36592.47655005857,22794.433506954134,5.16,3049.88,-0.0031069363340066047,7485.806865990162,0.9816624580416828,1.6908544000000003e-05,0.96582973,2.37,0.38,0.37,0.24,0.01,,,,,
4142,16965632,7787,36592.47655005857,22794.433506954134,5.16,3049.88,-0.0041413422259211075,4732.8015369176865,0.9062130661914125,1.6888473600000002e-05,0.96681887,2.37,0.38,0.37,0.24,0.01,,,,,
4143,16969728,7789,36605.65386026929,22803.730973977606,5.18,3050.29,-0.002481707543211087,7372.694542765617,0.9846356601919979,1.68684032e-05,0.9425605,2.39,0.39,0.35,0.25,0.01,,,,,
4144,16973824,7789,36605.65386026929,22803.730973977606,5.18,3050.29,-0.002884111224375374,12392.689263224602,0.9001241406658664,1.68483328e-05,0.97513855,2.39,0.39,0.35,0.25,0.01,,,,,
4145,16977920,7790,37491.185086623795,23356.57415270378,5.21,3113.6,-0.004429753857039032,7311.189316213131,0.9449987781699747,1.68282624e-05,0.95001966,2.35,0.4,0.35,0.24,0.01,,,,,
4146,16982016,7791,38125.74156470967,23759.581294764055,5.25,3160.55,-0.0031250199981514015,7094.140714168549,0.943983128410764,1.6808191999999998e-05,0.94462585,2.34,0.4,0.35,0.24,0.01,,,,,
4147,16986112,7792,37434.81696730284,23348.07639331962,5.22,3125.65,-0.0013019255020481069,11459.197016358376,0.9293838653247803,1.6788121599999996e-05,0.96631694,2.34,0.4,0.35,0.24,0.01,,,,,
4148,16990208,7794,36330.75631468102,22662.96790878007,5.17,3054.45,-0.002903536284065922,7237.4513837099075,0.9917245119577274,1.6768051199999995e-05,0.95063645,2.36,0.39,0.36,0.24,0.01,,,,,
4149,16994304,7795,36582.065384195084,22814.139139229337,5.17,3073.39,-0.003775988327106461,4397.5746811032295,1.036391215515323,1.6747980799999994e-05,0.969651,2.34,0.39,0.37,0.23,0.01,,,,,
4150,16998400,7796,36717.160510288624,22889.267401416193,5.18,3084.83,-0.0017818410815380048,11070.977259874344,1.0317641909932718,1.6727910399999993e-05,0.9672118,2.34,0.39,0.37,0.23,0.01,46755.01874887811,29715.94289832184,6.233333333333333,3525.4333333333334,0.0
4151,17002496,7797,36973.16173181985,23057.212906604564,5.21,3088.63,-0.0015910809352135402,17287.9332331419,0.9995447174878791,1.6707839999999992e-05,0.88435686,2.37,0.38,0.37,0.24,0.01,,,,,
4152,17006592,7798,37374.85384911943,23311.641963424,5.23,3117.72,-0.002081558459394728,7719.865081965923,0.9557302864268422,1.668776959999999e-05,0.9697423,2.36,0.39,0.36,0.24,0.01,,,,,
4153,17010688,7798,37374.85384911943,23311.641963424,5.23,3117.72,-0.0034490854777686764,7718.660742342472,0.9640809196280316,1.666769919999999e-05,0.95522696,2.36,0.39,0.36,0.24,0.01,,,,,
4154,17014784,7801,37227.385509090636,23221.96351006682,5.24,3097.62,-0.0016231420249823714,6068.2891209721565,1.0141846510814503,1.664762879999999e-05,0.92209464,2.39,0.38,0.36,0.25,0.01,,,,,
4155,17018880,7802,37063.992971176835,23106.141544259255,5.23,3086.11,-0.0032971682185234386,5369.029043734074,0.9205586640164256,1.6627558399999988e-05,0.9585021,2.39,0.38,0.36,0.25,0.01,,,,,
4156,17022976,7802,37063.992971176835,23106.141544259255,5.23,3086.11,-0.002696751713301637,4693.958888113499,0.891048009856604,1.6607487999999987e-05,0.9812681,2.39,0.38,0.36,0.25,0.01,,,,,
4157,17027072,7803,37890.364813350985,23621.727735339387,5.28,3142.39,-0.0021301986253092764,12030.164276778698,0.9522586412495002,1.6587417599999986e-05,0.97485924,2.38,0.39,0.35,0.25,0.01,,,,,
4158,17031168,7804,38199.882628511186,23818.258900328237,5.32,3144.12,-0.0019236324505982338,31780.46789431572,0.9699092112714425,1.6567347199999998e-05,0.95451874,2.42,0.38,0.35,0.26,0.01,,,,,
4159,17035264,7806,38465.034104646096,23973.789805041346,5.34,3160.35,-0.003288403944679885,5483.85482531786,0.9744895253097638,1.6547276799999997e-05,0.97169256,2.42,0.39,0.34,0.26,0.01,,,,,
4160,17039360,7809,37906.35280337496,23614.81989540429,5.3,3127.96,-0.0031445486793018063,7597.766300857067,1.0416088009951636,1.6527206399999996e-05,0.7434904,2.41,0.38,0.36,0.25,0.01,,,,,
4161,17043456,7809,37906.35280337496,23614.81989540429,5.3,3127.96,-0.001987144196391455,4532.995165586472,0.9676590777235106,1.6507135999999995e-05,0.9810682,2.41,0.38,0.36,0.25,0.01,,,,,
4162,17047552,7810,38367.74594363561,23884.66122842246,5.31,3159.12,-0.003094532543400419,5910.502314537764,1.0256737505551428,1.6487065599999994e-05,0.94758916,2.39,0.38,0.37,0.24,0.01,,,,,
4163,17051648,7812,38412.06834245783,23936.734756421487,5.31,3164.83,-0.0023921971924210084,9267.520800828934,0.9776863977313042,1.6466995200000006e-05,0.9649292,2.38,0.38,0.37,0.24,0.01,,,,,
4164,17055744,7814,37932.073181395564,23626.1227090756,5.25,3137.89,-0.005356833144105622,2511.5300868451595,0.9726553988875821,1.6446924800000005e-05,0.9313144,2.35,0.39,0.37,0.23,0.01,,,,,
4165,17059840,7814,37932.073181395564,23626.1227090756,5.25,3137.89,-0.0037218585775917745,3831.752760231495,0.9547554989112541,1.6426854400000004e-05,0.9860406,2.35,0.39,0.37,0.23,0.01,,,,,
4166,17063936,7815,38954.64674262325,24272.770143537084,5.32,3201.97,-0.001392295268487942,35181.798486471176,0.9794739551143721,1.6406784000000003e-05,0.95698017,2.35,0.39,0.37,0.23,0.01,,,,,
4167,17068032,7816,38924.151237871854,24257.04411205792,5.31,3203.06,-0.005156229611202434,5503.699992716312,0.942884917720221,1.6386713600000002e-05,0.94031394,2.33,0.4,0.36,0.23,0.01,,,,,
4168,17072128,7817,38985.48544660908,24279.084795009872,5.3,3208.37,-0.003385157224329305,3028.01364210248,1.0552460988983512,1.63666432e-05,0.97137076,2.31,0.4,0.37,0.22,0.01,,,,,
4169,17076224,7819,39030.126072856954,24278.68663249955,5.25,3230.63,-0.0035367969485378126,1996.1296797692776,1.0103265600046143,1.63465728e-05,0.93457663,2.23,0.42,0.37,0.2,0.01,,,,,
4170,17080320,7821,39059.282747409794,24280.04538488629,5.25,3230.27,-0.003484472315903986,5477.0316182971,1.0678841923363507,1.63265024e-05,0.9455521,2.23,0.41,0.38,0.2,0.01,,,,,
4171,17084416,7822,38647.86338175751,24028.37008455074,5.2,3209.72,-0.0019965704468631884,4765.871022880077,0.9494659815682098,1.6306431999999998e-05,0.8382884,2.2,0.42,0.38,0.19,0.01,,,,,
4172,17088512,7823,38505.85916650314,23929.019839200177,5.18,3209.79,-0.003914199618520797,7783.024444162846,0.9821798715274781,1.6286361599999997e-05,0.9227633,2.18,0.43,0.37,0.19,0.01,,,,,
4173,17092608,7825,38706.31644082675,24060.16635238547,5.17,3235.11,-0.003233050665585324,3832.177773088217,1.0229109330102801,1.6266291199999996e-05,0.8898752,2.14,0.45,0.36,0.18,0.01,,,,,
4174,17096704,7825,38706.31644082675,24060.16635238547,5.17,3235.11,-0.002169375899939041,9173.640875935555,0.9738131482154131,1.6246220799999995e-05,0.94432855,2.14,0.45,0.36,0.18,0.01,,,,,
4175,17100800,7826,38766.34550000636,24074.286016009926,5.15,3251.55,-0.0019180762901669368,7391.798340797424,0.9614885681075975,1.6226150399999993e-05,0.9472421,2.1,0.46,0.36,0.17,0.01,39786.34371417545,24940.297603764408,5.733333333333333,3056.9666666666667,0.06666666666666667
4176,17104896,7827,38722.73862548715,24053.32529795655,5.13,3259.83,-0.0032985890356940217,9197.895505547523,0.9364274680847302,1.6206079999999992e-05,0.9545339,2.07,0.46,0.37,0.16,0.01,,,,,
4177,17108992,7829,39264.70505806287,24375.17489275779,5.18,3283.68,-0.0037231659907774883,10523.93733906746,1.0065497622126713,1.618600959999999e-05,0.9626515,2.1,0.45,0.37,0.17,0.01,,,,,
4178,17113088,7830,39291.74979160686,24411.486442509005,5.19,3280.08,-0.004213341198010312,6660.4436864852905,1.0144305895082653,1.616593919999999e-05,0.93252045,2.11,0.44,0.38,0.17,0.01,,,,,
4179,17117184,7831,39092.86529206313,24291.162372917308,5.18,3264.33,-0.0018822293477569474,9437.093897342682,0.996554693672806,1.614586879999999e-05,0.9668744,2.12,0.43,0.39,0.17,0.01,,,,,
4180,17121280,7834,38194.794570167905,23765.20633455936,5.21,3189.43,-0.0033396676499251043,6891.658235549927,0.9595585620263591,1.6125798399999988e-05,0.97023106,2.23,0.41,0.38,0.19,0.02,,,,,
4181,17125376,7835,38206.746800348556,23779.261334358787,5.21,3192.38,-0.00525830459628196,4607.170223891735,1.0311960602412,1.6105727999999987e-05,0.926235,2.23,0.41,0.38,0.19,0.02,,,,,
4182,17129472,7836,38589.34767216376,24004.728988367384,5.24,3222.35,-0.00490600720513612,2604.7348854243755,0.948404406895861,1.6085657599999986e-05,0.95936596,2.23,0.41,0.38,0.19,0.02,,,,,
4183,17133568,7837,38632.35861016044,24041.11914618672,5.24,3228.37,-0.002923808107880177,12631.480698466301,0.978414127137512,1.60655872e-05,0.87532026,2.23,0.41,0.38,0.19,0.02,,,,,
4184,17137664,7838,39005.54077007687,24278.657545735263,5.24,3263.39,-0.00224753582097037,6878.500982940197,0.9553460543975234,1.6045516799999997e-05,0.92785007,2.19,0.42,0.38,0.18,0.02,,,,,
4185,17141760,7839,39293.139086990064,24468.58418317246,5.26,3284.17,-0.0016718274118829868,12838.049920201302,0.995478029246442,1.6025446399999996e-05,0.93459505,2.19,0.42,0.38,0.18,0.02,,,,,
4186,17145856,7840,39359.54255665906,24500.486387958,5.24,3292.38,-0.00229274546745728,6798.678129911423,0.9820328603964299,1.6005375999999995e-05,0.95779574,2.16,0.43,0.38,0.17,0.02,,,,,
4187,17149952,7841,40538.86025572233,25234.709427224087,5.31,3357.95,-0.0012084177405995433,70522.46325063705,0.9767879353603348,1.5985305599999994e-05,0.95046705,2.16,0.43,0.38,0.17,0.02,,,,,
4188,17154048,7842,40463.63892851154,25198.314286493212,5.31,3352.58,-0.005237847884018265,4633.521088242531,0.9294707077788189,1.5965235199999993e-05,0.95110506,2.17,0.43,0.38,0.17,0.02,,,,,
4189,17158144,7842,40463.63892851154,25198.314286493212,5.31,3352.58,-0.0008928685638238676,14942.1469424963,0.9863460706546903,1.5945164799999992e-05,0.9774738,2.17,0.43,0.38,0.17,0.02,,,,,
4190,17162240,7845,40405.45882162375,25148.596043130663,5.28,3361.46,-0.0020002234559797216,13222.080053687096,1.02217916760128,1.5925094400000004e-05,0.6949152,2.14,0.44,0.38,0.16,0.02,,,,,
4191,17166336,7846,40805.87963797722,25399.85841888078,5.31,3390.42,-0.0023760588383083814,13702.13869714737,0.9798893571132794,1.5905024000000003e-05,0.9257633,2.14,0.44,0.38,0.16,0.02,,,,,
4192,17170432,7847,41334.384050309316,25736.908131635053,5.33,3436.43,-0.002638305722939549,10291.269629657269,0.9479256574995816,1.5884953600000002e-05,0.94046175,2.11,0.45,0.38,0.15,0.02,,,,,
4193,17174528,7847,41334.384050309316,25736.908131635053,5.33,3436.43,-0.0018845831136786728,7037.744319796562,0.9981284512905404,1.58648832e-05,0.96118313,2.11,0.45,0.38,0.15,0.02,,,,,
4194,17178624,7848,41995.623336667384,26151.47988322307,5.37,3469.91,-0.0023311827671932406,28803.55892956257,1.0074573520105332,1.58448128e-05,0.953922,2.11,0.45,0.38,0.15,0.02,,,,,
4195,17182720,7849,42179.27107910375,26271.847858985897,5.39,3484.63,-0.0023550970290671103,3962.535449206829,0.9880479102721438,1.58247424e-05,0.9572906,2.12,0.45,0.38,0.15,0.02,,,,,
4196,17186816,7849,42179.27107910375,26271.847858985897,5.39,3484.63,-0.0016514669678144855,14966.51453101635,0.9609758565202355,1.5804671999999998e-05,0.97456014,2.12,0.45,0.38,0.15,0.02,,,,,
4197,17190912,7850,43009.10356410916,26792.29857812552,5.42,3529.66,-0.00249923248838968,101888.32475101948,0.9424885613843799,1.5784601599999997e-05,0.9486662,2.1,0.46,0.37,0.15,0.02,,,,,
4198,17195008,7853,41273.19334011513,25750.44370045826,5.33,3417.56,-0.002554798739765829,11240.207775473595,1.0162369351601228,1.5764531199999996e-05,0.952815,2.13,0.45,0.37,0.16,0.02,,,,,
4199,17199104,7853,41273.19334011513,25750.44370045826,5.33,3417.56,-0.002097912144563452,5940.608337581158,0.9136950321262702,1.5744460799999995e-05,0.9799887,2.13,0.45,0.37,0.16,0.02,,,,,
4200,17203200,7854,42214.576951076735,26349.242119258357,5.39,3474.29,-0.0032691021078790072,32373.385469079018,0.9803425534628332,1.5724390399999994e-05,0.96904385,2.13,0.45,0.37,0.16,0.02,56373.566885347325,35726.848943596495,6.766666666666667,4074.5666666666666,0.03333333333333333
4201,17207296,7854,42214.576951076735,26349.242119258357,5.39,3474.29,-0.002991052014294837,7224.06268799305,0.9487090416951105,1.5704319999999993e-05,0.9711033,2.13,0.45,0.37,0.16,0.02,,,,,
4202,17211392,7855,43173.56822357723,26952.066449560843,5.45,3532.11,-0.002314829918759642,23251.82551932335,0.9253289245534688,1.568424959999999e-05,0.9574752,2.13,0.45,0.37,0.16,0.02,,,,,
4203,17215488,7855,43173.56822357723,26952.066449560843,5.45,3532.11,-0.002750617893980234,14027.185922503471,0.951025766087696,1.566417919999999e-05,0.9693656,2.13,0.45,0.37,0.16,0.02,,,,,
4204,17219584,7856,43820.423678772095,27358.80627999325,5.48,3575.55,-0.0022628580909440643,7487.654286980629,0.9408348117722198,1.564410879999999e-05,0.945536,2.11,0.46,0.36,0.16,0.02,,,,,
4205,17223680,7858,43867.19940328409,27405.67651364337,5.48,3582.33,-0.0036081944481338724,7456.022858798504,0.9996962264413014,1.5624038400000002e-05,0.94874835,2.1,0.46,0.36,0.16,0.02,,,,,
4206,17227776,7859,43658.3717030639,27278.282309676233,5.47,3561.11,-0.0015879628726906958,9907.72476375103,0.9765955120092258,1.5603968e-05,0.9534701,2.11,0.45,0.37,0.16,0.02,,,,,
4207,17231872,7861,43930.79305640587,27456.308392789597,5.51,3573.08,-0.0019349109261384,11843.429446578026,1.0080160388024524,1.55838976e-05,0.9223947,2.14,0.44,0.38,0.16,0.02,,,,,
4208,17235968,7863,42799.43037233758,26711.361361083404,5.4,3522.65,-0.004322436741858837,2107.8539329469204,0.9709181288490072,1.55638272e-05,0.89251065,2.08,0.46,0.38,0.14,0.02,,,,,
4209,17240064,7865,42802.03222733657,26707.329706682627,5.42,3522.08,-0.00355073022092256,5281.495227873325,0.994841024861671,1.5543756799999998e-05,0.95452434,2.1,0.46,0.38,0.13,0.03,,,,,
4210,17244160,7866,42718.36432533991,26644.7066489907,5.41,3516.65,-0.0033726816127455095,6028.485780835152,0.9846871958579868,1.5523686399999997e-05,0.9110666,2.09,0.47,0.37,0.13,0.03,,,,,
4211,17248256,7867,42717.815754756564,26644.38027519083,5.41,3516.13,-0.003216534177227004,4057.1138811707497,0.9960330766625702,1.5503615999999995e-05,0.95755863,2.09,0.47,0.37,0.13,0.03,,,,,
4212,17252352,7869,43174.17739959843,26925.75356826447,5.42,3551.05,-0.002304403082234785,6852.518013715744,0.9505873793968931,1.5483545599999994e-05,0.9609701,2.06,0.46,0.39,0.13,0.02,,,,,
4213,17256448,7870,43144.60625401982,26905.109586555245,5.4,3555.96,-0.004726247065264033,2905.339907824993,0.939899054239504,1.5463475199999993e-05,0.93901587,2.03,0.47,0.39,0.12,0.02,,,,,
4214,17260544,7871,43693.552628705074,27248.78684887217,5.44,3601.87,-0.0018008558054134483,18193.656408011913,0.9359346509445459,1.5443404799999992e-05,0.82949305,2.02,0.48,0.38,0.12,0.02,,,,,
4215,17264640,7871,43693.552628705074,27248.78684887217,5.44,3601.87,-0.003177438012244238,6688.928927242756,0.9764478981960565,1.542333439999999e-05,0.9542513,2.02,0.48,0.38,0.12,0.02,,,,,
4216,17268736,7872,44149.85863831504,27530.164861143585,5.47,3632.46,-0.001918246372952126,11967.677317738533,0.9614052637480199,1.540326399999999e-05,0.95381534,2.02,0.48,0.38,0.12,0.02,,,,,
4217,17272832,7873,44197.9531161111,27587.044549623268,5.49,3633.63,-0.004384482799650868,3217.611258685589,0.9579882076941431,1.538319359999999e-05,0.9699809,2.04,0.48,0.37,0.13,0.02,,,,,
4218,17276928,7875,44436.66393135764,27749.915348231523,5.53,3646.77,-0.0010818618029588833,14805.248132228851,0.9964806659845635,1.53631232e-05,0.8907088,2.06,0.48,0.36,0.14,0.02,,,,,
4219,17281024,7876,44804.351351223886,27987.23213153326,5.56,3668.38,-0.0004429137770785019,41037.21554517746,0.9944876112276688,1.53430528e-05,0.75495267,2.07,0.48,0.36,0.14,0.02,,,,,
4220,17285120,7877,44936.25749559756,28061.228950204626,5.56,3682.05,-0.0031846879446675302,4127.337319344282,0.9862400431884453,1.53229824e-05,0.9643736,2.05,0.49,0.35,0.14,0.02,,,,,
4221,17289216,7878,45369.67955816463,28338.79836114676,5.58,3706.86,-0.0009014363604364917,43546.0142698288,1.0487185060046613,1.5302911999999998e-05,0.9460984,2.05,0.49,0.35,0.14,0.02,,,,,
4222,17293312,7878,45369.67955816463,28338.79836114676,5.58,3706.86,-0.004864307422849379,2617.5790708363056,1.0021524106850848,1.5282841599999997e-05,0.97511256,2.05,0.49,0.35,0.14,0.02,,,,,
4223,17297408,7879,45270.508426727356,28254.805640363556,5.57,3703.45,-0.003003144646754663,6439.01784735918,0.945207389886491,1.5262771199999996e-05,0.9454247,2.04,0.5,0.34,0.14,0.02,,,,,
4224,17301504,7881,45019.88725375261,28097.760883670067,5.57,3679.93,-0.0021049063216196373,10895.17707502842,0.9804446939378977,1.5242700799999995e-05,0.9375092,2.07,0.49,0.34,0.15,0.02,,,,,
4225,17305600,7882,44940.184505094985,28081.52041863089,5.59,3665.87,-0.00261414756096201,29924.38351881504,0.9876827895641327,1.5222630399999994e-05,0.9541232,2.11,0.49,0.33,0.15,0.03,46058.02716622386,29181.727475698724,6.066666666666666,3337.5333333333333,0.03333333333333333
4226,17309696,7883,43948.266492985786,27467.378306662147,5.53,3606.04,-0.002416548908513505,4491.878087878227,1.029987403540872,1.5202559999999993e-05,0.9467927,2.11,0.49,0.33,0.15,0.03,,,,,
4227,17313792,7885,43663.00077676058,27300.299700412263,5.53,3577.76,-0.0011143223973704153,10724.873725652695,0.9842045912519097,1.5182489599999992e-05,0.9516196,2.14,0.48,0.33,0.16,0.03,,,,,
4228,17317888,7885,43663.00077676058,27300.299700412263,5.53,3577.76,-0.0023646448407816933,15511.380165100098,1.012021336820908,1.5162419200000004e-05,0.95095474,2.14,0.48,0.33,0.16,0.03,,,,,
4229,17321984,7888,43387.79659879385,27127.69806585432,5.55,3552.52,-0.002823868177983968,7180.660465300083,1.026334505295381,1.5142348800000003e-05,0.9534568,2.19,0.47,0.33,0.17,0.03,,,,,
4230,17326080,7888,43387.79659879385,27127.69806585432,5.55,3552.52,-0.0019510051679390017,5669.507928013802,0.9972222417127341,1.5122278400000002e-05,0.9757272,2.19,0.47,0.33,0.17,0.03,,,,,
4231,17330176,7889,43980.19388985862,27483.223212323315,5.56,3599.89,-0.004466194057386019,3114.0618066489697,0.9668294058647007,1.5102208000000001e-05,0.97615165,2.15,0.48,0.33,0.16,0.03,,,,,
4232,17334272,7890,43788.42980422629,27371.686127565117,5.55,3589.94,-0.001687550546193961,16355.389711141586,0.9208211073419079,1.50821376e-05,0.95399505,2.15,0.48,0.33,0.16,0.03,,,,,
4233,17338368,7890,43788.42980422629,27371.686127565117,5.55,3589.94,-0.0014938429321773583,25551.29533267021,0.9300308544188738,1.5062067199999999e-05,0.9593736,2.15,0.48,0.33,0.16,0.03,,,,,
4234,17342464,7891,43878.886646368606,27440.130826794448,5.56,3589.39,-0.0036918702789989766,5805.949441373348,0.9956996393157169,1.5041996799999998e-05,0.9363668,2.16,0.48,0.33,0.16,0.03,,,,,
4235,17346560,7892,43561.71191058375,27242.346991896407,5.54,3570.2,-0.002992038992488233,8017.140336036682,0.9645894623827189,1.5021926399999997e-05,0.9675939,2.16,0.48,0.33,0.16,0.03,,,,,
4236,17350656,7893,44418.17531253168,27778.496235584058,5.57,3629.59,-0.0010950834512186702,21141.042226552963,0.9533606177428737,1.5001855999999996e-05,0.9651252,2.13,0.48,0.34,0.15,0.03,,,,,
4237,17354752,7894,44353.71670576661,27728.592097015968,5.56,3628.04,-0.00164874426809547,11650.16481268406,0.9859748447779566,1.4981785599999995e-05,0.9665818,2.12,0.48,0.34,0.15,0.03,,,,,
4238,17358848,7895,44505.06523830108,27839.681876632298,5.58,3634.52,-0.002031805067872483,12881.152694702148,0.9289421765133739,1.4961715199999994e-05,0.91196257,2.14,0.48,0.33,0.16,0.03,,,,,
4239,17362944,7896,44850.03330868643,28045.05251171839,5.6,3659.54,-0.002733498798988876,5754.351618468761,0.9673037935281172,1.4941644799999992e-05,0.9643739,2.13,0.49,0.32,0.16,0.03,,,,,
4240,17367040,7897,44346.03719540169,27721.177661713675,5.55,3635.15,-0.003354459614456573,4278.741847991943,0.9515258615138009,1.4921574399999991e-05,0.94760835,2.1,0.5,0.32,0.15,0.03,,,,,
4241,17371136,7898,44294.84228296228,27692.57672561002,5.55,3630.44,-0.0013759746743744472,10341.189053177834,0.9752882812172174,1.490150399999999e-05,0.9654387,2.1,0.5,0.32,0.15,0.03,,,,,
4242,17375232,7899,44444.864927445495,27779.45443866365,5.56,3635.19,-0.0006837579130660743,12029.411749124527,1.023078222060576,1.488143359999999e-05,0.9608472,2.1,0.5,0.32,0.15,0.03,,,,,
4243,17379328,7900,44855.97155371926,28045.655875769175,5.59,3656.2,-0.001127330896906642,15688.012619376183,0.9505075408378616,1.4861363199999988e-05,0.9654069,2.11,0.5,0.32,0.15,0.03,,,,,
4244,17383424,7901,45008.059889171214,28132.899455164345,5.58,3672.6,-0.006925206506821269,1869.8769524991512,0.9834391053300351,1.4841292799999987e-05,0.9436371,2.08,0.51,0.32,0.14,0.03,,,,,
4245,17387520,7902,45148.02516503814,28233.726744419782,5.59,3682.94,-0.0015349429377238266,7908.996875286102,0.9757937809918076,1.4821222399999986e-05,0.97437507,2.08,0.51,0.32,0.14,0.03,,,,,
4246,17391616,7904,43870.1235391293,27440.898005596857,5.49,3616.26,-0.005309540418693359,3438.488272190094,0.9924440174363554,1.4801151999999999e-05,0.9395284,2.05,0.51,0.33,0.13,0.03,,,,,
4247,17395712,7905,44054.83907084389,27545.068519209522,5.51,3625.18,-0.003716416857059812,5467.995848953724,1.0758618970867246,1.4781081599999997e-05,0.95840144,2.06,0.5,0.34,0.13,0.03,,,,,
4248,17399808,7907,44139.787744536276,27614.23320077429,5.52,3634.08,-0.004858790278376546,7253.9027354717255,0.9740939693292603,1.4761011199999996e-05,0.95060414,2.06,0.5,0.34,0.13,0.03,,,,,
4249,17403904,7907,44139.787744536276,27614.23320077429,5.52,3634.08,-0.0017905331424117321,5292.294707715511,0.9298027284676209,1.4740940799999995e-05,0.9741994,2.06,0.5,0.34,0.13,0.03,,,,,
4250,17408000,7909,44553.422055787836,27886.54583266211,5.54,3662.59,-0.0030131300882203504,6158.922735691071,1.0131940431892872,1.4720870399999994e-05,0.92206883,2.04,0.52,0.32,0.13,0.03,49500.00109011774,31017.28416540969,6.433333333333334,3672.2,0.0
4251,17412096,7910,44351.925936698615,27767.76474387999,5.52,3658.66,-0.0022610394335060846,10767.601333737373,0.9573387866839767,1.4700800000000007e-05,0.9763076,2.02,0.53,0.31,0.13,0.03,,,,,
4252,17416192,7911,44397.14503850137,27823.8023936286,5.55,3647.02,-0.0019919689948437735,28932.20037138462,0.9280224881367758,1.4680729600000006e-05,0.9695798,2.07,0.52,0.31,0.13,0.04,,,,,
4253,17420288,7911,44397.14503850137,27823.8023936286,5.55,3647.02,-0.0013866059643987683,143658.62157297134,0.9194209765410051,1.4660659200000005e-05,0.9437931,2.07,0.52,0.31,0.13,0.04,,,,,
4254,17424384,7912,45457.70279539362,28500.617797656585,5.6,3702.17,-0.002530651986489829,7207.960574507713,0.9392657608259469,1.4640588800000003e-05,0.95622027,2.07,0.52,0.31,0.13,0.04,,,,,
4255,17428480,7914,45523.59294762585,28561.91556910744,5.63,3704.52,-0.0025740790833879146,10868.512038469315,0.9768831669352949,1.4620518400000002e-05,0.9011035,2.1,0.51,0.31,0.14,0.04,,,,,
4256,17432576,7915,45053.50596909557,28259.811738415556,5.61,3675.7,-0.004425242455909029,4508.672318577766,0.956122268573381,1.4600448000000001e-05,0.98230034,2.11,0.5,0.32,0.14,0.04,,,,,
4257,17436672,7916,45189.54682079244,28338.720389444297,5.62,3685.44,-0.0020431713783182204,5698.866188764572,0.9118756633251905,1.45803776e-05,0.97336954,2.11,0.5,0.32,0.14,0.04,,,,,
4258,17440768,7918,44908.46961637603,28185.818786944477,5.62,3660.76,-0.0031709066224721028,8665.58929413557,1.036694131558761,1.45603072e-05,0.9260092,2.14,0.49,0.32,0.15,0.04,,,,,
4259,17444864,7919,44897.26284819185,28179.91135647475,5.62,3659.04,-0.003926461259652569,1897.2036184072495,0.9993630008539185,1.4540236799999998e-05,0.9678602,2.14,0.49,0.32,0.15,0.04,,,,,
4260,17448960,7919,44897.26284819185,28179.91135647475,5.62,3659.04,-0.0019145666883559898,31185.215889930725,0.9513286451110616,1.4520166399999997e-05,0.966434,2.14,0.49,0.32,0.15,0.04,,,,,
4261,17453056,7921,45539.107207020046,28583.96744365676,5.67,3695.6,-0.0028742723261530045,5012.436084985733,0.9991842554882169,1.4500095999999996e-05,0.88106376,2.16,0.5,0.3,0.16,0.04,,,,,
4262,17457152,7922,45897.240435249405,28815.183400693615,5.71,3716.29,-0.002715448563321843,3627.925345659256,0.9318508758442476,1.4480025599999995e-05,0.9802873,2.17,0.49,0.31,0.16,0.04,,,,,
4263,17461248,7923,46382.37678271694,29118.229878489456,5.74,3741.3,-0.0022116940363048343,12868.074659466743,0.9296667447779328,1.4459955199999994e-05,0.96603686,2.17,0.49,0.31,0.16,0.04,,,,,
4264,17465344,7924,46632.0154673093,29261.16701712007,5.76,3754.88,-0.0019108519900328247,6501.606335282326,0.970070130424574,1.4439884799999993e-05,0.9063781,2.17,0.49,0.31,0.16,0.04,,,,,
4265,17469440,7924,46632.0154673093,29261.16701712007,5.76,3754.88,-0.0016900461669138167,7024.779973864555,0.9494266078108922,1.4419814399999992e-05,0.97283137,2.17,0.49,0.31,0.16,0.04,,,,,
4266,17473536,7925,47090.96544272495,29552.160665142503,5.79,3785.2,-0.003208170092875662,7796.371609866619,0.9483721419237554,1.439974399999999e-05,0.9611934,2.17,0.49,0.31,0.16,0.04,,,,,
4267,17477632,7925,47090.96544272495,29552.160665142503,5.79,3785.2,-0.0010038552218247787,24346.583717107773,0.9078760265838355,1.437967359999999e-05,0.95883864,2.17,0.49,0.31,0.16,0.04,,,,,
4268,17481728,7926,47627.85493788905,29895.89109300292,5.82,3811.29,-0.0019839270371448947,18630.469618558884,0.9598631827393547,1.4359603199999988e-05,0.964482,2.17,0.49,0.31,0.16,0.04,,,,,
4269,17485824,7927,48180.08132587573,30239.901227886425,5.85,3838.87,-0.0028922511428390862,30967.548926472664,0.8530807768693194,1.4339532799999987e-05,0.9695203,2.17,0.49,0.31,0.16,0.04,,,,,
4270,17489920,7929,47594.907171602994,29918.418363875808,5.84,3798.87,-0.001902847814562847,10441.242000937462,1.0197890320559964,1.4319462399999986e-05,0.9493438,2.2,0.48,0.31,0.17,0.04,,,,,
4271,17494016,7930,47696.76167966811,29970.815843293072,5.84,3811.99,-0.001893097458378179,12020.12884414196,0.9990330036962405,1.4299391999999985e-05,0.9215948,2.19,0.49,0.3,0.17,0.04,,,,,
4272,17498112,7931,47566.527406841444,29902.303643993513,5.84,3798.93,-0.003258774669120612,6213.246768414974,0.9755693662445992,1.4279321599999998e-05,0.95402956,2.2,0.49,0.3,0.17,0.04,,,,,
4273,17502208,7932,47884.744843967404,30096.00815438305,5.84,3826.26,-0.002196382140937203,14093.459393501282,0.9193965785671026,1.4259251199999997e-05,0.9599093,2.17,0.49,0.31,0.16,0.04,,,,,
4274,17506304,7933,48021.96989844193,30179.00322820735,5.83,3843.66,-0.002189807436479896,9988.892924666405,1.0100108883343637,1.4239180799999996e-05,0.8966714,2.14,0.5,0.31,0.15,0.04,,,,,
4275,17510400,7934,48220.0770268581,30290.82642178274,5.81,3861.77,-0.0050448819438315695,1582.0818724930286,0.9737166708800942,1.4219110399999994e-05,0.97312355,2.1,0.5,0.32,0.15,0.03,48376.95082821566,30574.75519259917,6.3,3486.5,0.1
4276,17514496,7935,48995.6821824591,30776.970527532696,5.86,3911.9,-0.0009415096101292875,28280.55408501625,0.9801094527356327,1.4199039999999993e-05,0.8929629,2.1,0.5,0.32,0.15,0.03,,,,,
4277,17518592,7935,48995.6821824591,30776.970527532696,5.86,3911.9,-0.002301644674844283,15243.019369125366,0.9718338400125504,1.4178969599999992e-05,0.9695204,2.1,0.5,0.32,0.15,0.03,,,,,
4278,17522688,7937,49063.32553079844,30836.922327380158,5.87,3897.23,-0.001797007282220875,19781.176923274994,0.9668439740780741,1.4158899200000005e-05,0.9596812,2.12,0.49,0.33,0.15,0.03,,,,,
4279,17526784,7938,49057.263841857544,30817.736466557337,5.87,3894.37,-0.005480635398271261,2121.224422007799,1.026875032344833,1.4138828800000004e-05,0.96928906,2.12,0.49,0.33,0.15,0.03,,,,,
4280,17530880,7939,48973.62600023656,30774.2261178961,5.87,3884.57,-0.0033231434845220065,6262.7522757053375,0.901844400796108,1.4118758400000003e-05,0.9662096,2.13,0.48,0.34,0.15,0.03,,,,,
4281,17534976,7941,48116.404593399064,30252.315119818246,5.85,3839.84,-0.001576793287313194,8366.303978919983,0.9554918288486078,1.4098688000000002e-05,0.9265746,2.16,0.47,0.34,0.16,0.03,,,,,
4282,17539072,7942,48615.758870692254,30567.15908319727,5.88,3872.59,-0.001593382577993907,8167.23515433073,0.9268479866441339,1.40786176e-05,0.9738762,2.15,0.47,0.34,0.16,0.03,,,,,
4283,17543168,7944,47898.07070677289,30139.96043132352,5.84,3827.97,-0.0031847380832914496,9804.521033465862,0.9851754494011402,1.40585472e-05,0.7744511,2.16,0.46,0.35,0.16,0.03,,,,,
4284,17547264,7945,48072.67715929205,30241.30733333122,5.85,3842.5,-0.0033782787086238386,4911.959354519844,0.9478242914192379,1.4038476799999998e-05,0.9408988,2.15,0.47,0.34,0.16,0.03,,,,,
4285,17551360,7945,48072.67715929205,30241.30733333122,5.85,3842.5,-0.0016682766818121308,12012.585580587387,0.9849058632971719,1.4018406399999997e-05,0.9688386,2.15,0.47,0.34,0.16,0.03,,,,,
4286,17555456,7947,48081.79733844993,30218.555980789446,5.84,3840.22,-0.003792196964241157,3291.6476841568947,1.0413609009701759,1.3998335999999996e-05,0.93669456,2.14,0.47,0.34,0.16,0.03,,,,,
4287,17559552,7947,48081.79733844993,30218.555980789446,5.84,3840.22,-0.0015547443836112507,11493.310092926025,1.0232499360572547,1.3978265599999995e-05,0.9693109,2.14,0.47,0.34,0.16,0.03,,,,,
4288,17563648,7948,47728.401696754554,29999.690780350556,5.82,3825.3,-0.004067377383762505,5592.005894780159,1.0643821207340807,1.3958195199999994e-05,0.90991306,2.14,0.47,0.34,0.16,0.03,,,,,
4289,17567744,7949,48373.83995719663,30403.413556665484,5.85,3868.89,-0.0008306439508487529,16917.82300412655,0.9182297117076814,1.3938124799999993e-05,0.9671078,2.12,0.48,0.33,0.16,0.03,,,,,
4290,17571840,7951,46809.77356972678,29433.66518322423,5.77,3781.82,-0.004576501710289449,2864.533438682556,1.0037415360566229,1.3918054399999992e-05,0.90503633,2.14,0.48,0.32,0.17,0.03,,,,,
4291,17575936,7951,46809.77356972678,29433.66518322423,5.77,3781.82,-0.0016658010290484526,16874.4039375782,1.0404852831270546,1.389798399999999e-05,0.9650104,2.14,0.48,0.32,0.17,0.03,,,,,
4292,17580032,7953,47519.497958021275,29871.953493301568,5.82,3832.53,-0.0010718598241510335,19102.89659500122,1.0331507349619642,1.387791359999999e-05,0.93861216,2.14,0.48,0.32,0.17,0.03,,,,,
4293,17584128,7953,47519.497958021275,29871.953493301568,5.82,3832.53,-0.0010895635441556806,137894.03148460388,0.9911517600994557,1.3857843199999989e-05,0.95046496,2.14,0.48,0.32,0.17,0.03,,,,,
4294,17588224,7955,47036.24363820398,29599.55402040299,5.81,3790.61,-0.0023639568280486856,14070.586071252823,0.9566402134951204,1.3837772799999988e-05,0.92059475,2.18,0.47,0.32,0.18,0.03,,,,,
4295,17592320,7955,47036.24363820398,29599.55402040299,5.81,3790.61,-0.0024117952834785683,7771.5954447984695,0.9522828838089481,1.38177024e-05,0.9756013,2.18,0.47,0.32,0.18,0.03,,,,,
4296,17596416,7956,46856.72856799796,29501.009394846446,5.81,3771.54,-0.0018489411604605266,23771.357596993446,0.9903863162035123,1.3797631999999999e-05,0.9652786,2.2,0.46,0.33,0.18,0.03,,,,,
4297,17600512,7958,47301.629158059804,29818.220519430713,5.87,3770.64,-0.0016032438525144244,124262.41641139984,0.9317468535155058,1.3777561599999998e-05,0.9416442,2.27,0.45,0.32,0.2,0.03,,,,,
4298,17604608,7960,46883.064587766814,29542.489252041065,5.86,3744.36,-0.0017912590392370475,7091.088077247143,1.012902218149975,1.3757491199999997e-05,0.9307477,2.29,0.45,0.31,0.21,0.03,,,,,
4299,17608704,7960,46883.064587766814,29542.489252041065,5.86,3744.36,-0.0013239981562946923,46033.24519467354,1.012530009378679,1.3737420799999996e-05,0.96206385,2.29,0.45,0.31,0.21,0.03,,,,,
4300,17612800,7961,47816.687616684896,30145.4502011954,5.92,3793.97,-0.001359376525215339,44220.45731729269,0.9803100791759789,1.3717350399999995e-05,0.8986642,2.3,0.45,0.3,0.22,0.03,44490.06423043206,28180.10058937174,6.066666666666666,3369.0333333333333,0.0
4301,17616896,7962,48040.15663300435,30282.518041409006,5.94,3809.61,-0.0013297502719069598,8930.04211962223,0.9398215380497277,1.3697279999999994e-05,0.9696399,2.3,0.45,0.3,0.22,0.03,,,,,
4302,17620992,7963,49015.570102334845,30906.819448002814,6.01,3855.47,-0.0023308432109843125,73857.19565176964,0.9271813990781084,1.3677209599999993e-05,0.95740503,2.32,0.44,0.31,0.22,0.03,,,,,
4303,17625088,7964,49026.19301978084,30892.99701546721,6.01,3853.32,-0.00235425193568517,7110.543991982937,1.0659017759608105,1.3657139199999992e-05,0.96778023,2.32,0.44,0.31,0.22,0.03,,,,,
4304,17629184,7965,49380.844895227725,31122.614670964387,6.03,3873.91,-0.0017486405577074038,9310.594630479813,0.9731523299124092,1.363706879999999e-05,0.9808033,2.32,0.44,0.31,0.22,0.03,,,,,
4305,17633280,7965,49380.844895227725,31122.614670964387,6.03,3873.91,-0.0017965463739528786,23471.460597991943,0.9404840342467651,1.361699839999999e-05,0.9720122,2.32,0.44,0.31,0.22,0.03,,,,,
4306,17637376,7966,50172.278945114136,31626.15164021328,6.08,3916.71,-0.0019586657490435755,20892.763321459293,0.9369472878752276,1.3596928000000002e-05,0.96262544,2.33,0.43,0.32,0.22,0.03,,,,,
4307,17641472,7967,50615.158473511365,31913.04494969405,6.11,3945.41,-0.003320104771773913,6373.749150454998,0.9936266365693882,1.35768576e-05,0.9686673,2.33,0.43,0.32,0.22,0.03,,,,,
4308,17645568,7968,50619.068034783966,31907.531748571877,6.11,3944.38,-0.0021567759513345663,6231.548036456108,1.0533785660518333,1.35567872e-05,0.96092105,2.33,0.43,0.32,0.22,0.03,,,,,
4309,17649664,7969,50705.58280924659,31962.978685170874,6.11,3954.04,-0.0015829986759854364,8498.08603143692,0.993190695415251,1.3536716799999999e-05,0.94151956,2.32,0.44,0.31,0.22,0.03,,,,,
4310,17653760,7969,50705.58280924659,31962.978685170874,6.11,3954.04,-0.0019173909695382463,12848.51652598381,0.9762231732020155,1.3516646399999998e-05,0.96267384,2.32,0.44,0.31,0.22,0.03,,,,,
4311,17657856,7970,51481.39641999371,32454.94645431267,6.16,3996.12,-0.0024021327053560526,19438.83905494213,0.9567311690188944,1.3496575999999996e-05,0.96149576,2.33,0.43,0.32,0.22,0.03,,,,,
4312,17661952,7971,51991.07933776332,32774.54338413413,6.19,4016.77,-0.0018073218016070314,46586.703107595444,0.9933399548754096,1.3476505599999995e-05,0.9608321,2.34,0.42,0.33,0.22,0.03,,,,,
4313,17666048,7971,51991.07933776332,32774.54338413413,6.19,4016.77,-0.0034647402944756323,3673.1471377015114,0.9719645790755749,1.3456435199999994e-05,0.976601,2.34,0.42,0.33,0.22,0.03,,,,,
4314,17670144,7973,51608.07820364936,32527.664059854633,6.15,3994.74,-0.0012138898637203965,10831.169621765614,0.9291280227480456,1.3436364799999993e-05,0.91367435,2.32,0.42,0.34,0.21,0.03,,,,,
4315,17674240,7974,51493.63921266343,32457.238213248507,6.14,3989.76,-0.0031198693486658158,3471.2619186639786,1.0497023937059566,1.3416294399999992e-05,0.9555196,2.32,0.42,0.34,0.21,0.03,,,,,
4316,17678336,7976,51189.45597515984,32243.856939315563,6.09,3976.48,-0.0020889601264570956,3836.731038093567,1.0440260416362435,1.3396223999999991e-05,0.91589344,2.28,0.42,0.35,0.2,0.03,,,,,
4317,17682432,7977,51562.300879942195,32485.76616730903,6.12,4003.45,-0.00275290407716966,7101.976163744926,0.9310997684951872,1.3376153600000004e-05,0.96391886,2.28,0.42,0.35,0.2,0.03,,,,,
4318,17686528,7978,50756.187414175045,31985.185637499242,6.07,3960.7,-0.003143994945276063,7694.560831308365,0.9943138780072331,1.3356083200000002e-05,0.9100852,2.27,0.43,0.34,0.2,0.03,,,,,
4319,17690624,7978,50756.187414175045,31985.185637499242,6.07,3960.7,-0.0015109176165424287,14298.823993206024,0.9755697004729882,1.3336012800000001e-05,0.96990764,2.27,0.43,0.34,0.2,0.03,,,,,
4320,17694720,7980,51163.99098608752,32259.176922133032,6.09,3966.95,-0.0013080685894237831,56249.78011786938,0.9981477031251416,1.33159424e-05,0.94928944,2.29,0.41,0.36,0.2,0.03,,,,,
4321,17698816,7980,51163.99098608752,32259.176922133032,6.09,3966.95,-0.0025451441870245617,7434.560485959053,0.9421128180110827,1.3295872e-05,0.96739006,2.29,0.41,0.36,0.2,0.03,,,,,
4322,17702912,7981,51735.48427342596,32621.01835979871,6.11,4006.51,-0.0002043438307737233,110081.71258449554,0.9905006535118446,1.3275801599999998e-05,0.8333554,2.27,0.41,0.37,0.19,0.03,,,,,
4323,17707008,7982,51609.70325910943,32529.896841881462,6.09,4003.4,-0.001169122961073299,19464.78880429268,0.9967466681264341,1.3255731199999997e-05,0.9563738,2.25,0.41,0.37,0.2,0.02,,,,,
4324,17711104,7983,52052.918567668654,32826.88073469213,6.14,4022.18,-0.004164559450146044,6759.518074065447,0.9620768786408007,1.3235660799999996e-05,0.9840514,2.28,0.4,0.37,0.21,0.02,,,,,
4325,17715200,7984,51775.4323636729,32646.888187156528,6.12,4004.28,-0.002402596638603427,9113.55373775959,1.008357903570868,1.3215590399999995e-05,0.95442086,2.28,0.4,0.37,0.21,0.02,49035.192170419294,30995.588363901315,6.233333333333333,3558.0333333333333,0.06666666666666667
4326,17719296,7985,52356.46210049406,33001.302684555674,6.14,4044.41,-0.002375877578742802,14801.352234721184,0.9422539621591568,1.3195519999999994e-05,0.9693013,2.26,0.4,0.38,0.2,0.02,,,,,
4327,17723392,7986,52218.51665137816,32920.127744405356,6.13,4036.79,-0.002372005044890102,12556.322974681854,0.9663153480505571,1.3175449599999993e-05,0.92110974,2.26,0.4,0.38,0.2,0.02,,,,,
4328,17727488,7987,52249.75598284762,32941.95842901501,6.12,4043.19,-0.0024936757090472383,5988.092079758644,0.9778643628815189,1.3155379199999992e-05,0.92019135,2.24,0.41,0.37,0.2,0.02,,,,,
4329,17731584,7988,52598.17984975716,33162.59426694097,6.12,4076.09,-0.003265985648795322,5440.843498110771,0.9946079786168411,1.313530879999999e-05,0.94714886,2.2,0.42,0.37,0.19,0.02,,,,,
4330,17735680,7988,52598.17984975716,33162.59426694097,6.12,4076.09,-0.0010901263012783602,43153.29020309448,0.9366726690204814,1.311523839999999e-05,0.96373576,2.2,0.42,0.37,0.19,0.02,,,,,
4331,17739776,7989,52890.101444544875,33365.691373023954,6.14,4086.81,-0.002792134538594837,5636.970965266228,0.9609599793329835,1.3095167999999989e-05,0.94440824,2.21,0.41,0.38,0.19,0.02,,,,,
4332,17743872,7990,53272.89274718576,33593.34189398132,6.16,4104.19,-0.0012059329201292712,39745.335086107254,0.9594060269882903,1.3075097599999987e-05,0.9623002,2.21,0.41,0.38,0.19,0.02,,,,,
4333,17747968,7991,52639.880280791156,33175.11861540604,6.11,4066.6,-0.0043096570607303875,2668.3411013484,0.9796028388664126,1.3055027199999986e-05,0.96026146,2.2,0.41,0.38,0.19,0.02,,,,,
4334,17752064,7992,52860.219787876566,33319.64894412369,6.13,4075.13,-0.001997628882236313,10276.903670668602,0.9884620945667848,1.3034956799999999e-05,0.9692904,2.21,0.4,0.39,0.19,0.02,,,,,
4335,17756160,7994,52344.560448178185,32987.20544271811,6.1,4039.7,-0.00046195734830689617,42563.62145936489,1.0236048215301707,1.3014886399999998e-05,0.73768175,2.22,0.41,0.37,0.2,0.02,,,,,
4336,17760256,7995,52332.870098415864,32984.15190185954,6.11,4032.26,-0.0011200349836144596,37710.32561993599,1.0058276113122702,1.2994815999999997e-05,0.92514807,2.23,0.41,0.37,0.19,0.03,,,,,
4337,17764352,7996,52379.78512804127,33029.55245032962,6.12,4029.76,-0.0013033471623202786,12634.67593550682,0.9334352723089978,1.2974745599999996e-05,0.9642557,2.24,0.4,0.38,0.19,0.03,,,,,
4338,17768448,7996,52379.78512804127,33029.55245032962,6.12,4029.76,-0.0019780262646236224,7627.836742758751,1.017974336980842,1.2954675199999995e-05,0.95103526,2.24,0.4,0.38,0.19,0.03,,,,,
4339,17772544,7998,52349.45008291653,33014.815275017114,6.12,4032.8,-0.002096991789585445,15927.139810681343,1.0344480038620532,1.2934604800000007e-05,0.5356865,2.24,0.4,0.38,0.19,0.03,,,,,
4340,17776640,8001,50965.141079692,32155.2327876354,6.01,3943.42,-0.0018564261808933225,5187.360353469849,1.0279543843353167,1.2914534400000006e-05,0.801655,2.24,0.4,0.38,0.19,0.03,,,,,
4341,17780736,8003,50561.83643000527,31900.70198646958,5.98,3911.76,-0.003001334836881142,5730.127949893475,0.94162981165573,1.2894464000000005e-05,0.84668595,2.25,0.39,0.39,0.19,0.03,,,,,
4342,17784832,8003,50561.83643000527,31900.70198646958,5.98,3911.76,-0.0027134488582305494,6143.144869148731,0.9748673576395959,1.2874393600000004e-05,0.93879306,2.25,0.39,0.39,0.19,0.03,,,,,
4343,17788928,8004,51220.09693601196,32305.128419795234,6.02,3959.7,-0.001997393124838709,9788.703706383705,0.9674962682183832,1.2854323200000003e-05,0.964309,2.24,0.4,0.38,0.19,0.03,,,,,
4344,17793024,8005,51415.116218940966,32427.44296800522,6.03,3975.85,-0.002616059272440907,7356.2030375003815,1.0503594886977226,1.2834252800000002e-05,0.96553993,2.23,0.41,0.37,0.19,0.03,,,,,
4345,17797120,8006,51578.819107983465,32512.78300404628,6.06,3977.44,-0.0020772309426320135,13546.775943160057,1.0440654159756377,1.28141824e-05,0.97215194,2.26,0.41,0.36,0.19,0.04,,,,,
4346,17801216,8006,51578.819107983465,32512.78300404628,6.06,3977.44,-0.0008309772001666715,19235.483409285545,0.9684993153205141,1.2794112e-05,0.97047544,2.26,0.41,0.36,0.19,0.04,,,,,
4347,17805312,8009,51800.32257973396,32679.776767368174,6.09,3992.42,-0.0026091518247994827,21904.400595784187,0.9980668458156288,1.2774041599999998e-05,0.94423926,2.28,0.41,0.36,0.18,0.05,,,,,
4348,17809408,8011,51075.47648241071,32193.937203405723,6.02,3945.2,-0.004788406974512327,2170.0598773658276,0.9453553219791502,1.2753971199999997e-05,0.97204626,2.26,0.41,0.36,0.19,0.04,,,,,
4349,17813504,8012,50162.56554784554,31589.913014161237,5.96,3909.13,-0.0031557509073536494,8211.940071940422,0.9704603045247495,1.2733900799999996e-05,0.9554249,2.23,0.42,0.36,0.18,0.04,,,,,
4350,17817600,8015,49494.048142772896,31181.642058358764,5.91,3854.61,-0.003468943206826225,5282.366408526897,1.0105719442944974,1.2713830399999995e-05,0.9589002,2.24,0.41,0.38,0.17,0.04,50961.374710258104,32151.009445812455,6.3,3671.2,0.06666666666666667
4351,17821696,8016,49673.18343074347,31298.623481841365,5.92,3865.86,-0.0014555853667843621,14232.009697556496,1.023068023379892,1.2693759999999994e-05,0.95539695,2.24,0.41,0.38,0.17,0.04,,,,,
4352,17825792,8016,49673.18343074347,31298.623481841365,5.92,3865.86,-0.002027271753831883,5772.258171319962,0.9811219947878271,1.2673689599999993e-05,0.95373195,2.24,0.41,0.38,0.17,0.04,,,,,
4353,17829888,8017,50431.368080604414,31773.959627787484,5.96,3910.24,-0.001760653787641786,30112.055350661278,0.9987784191034734,1.2653619199999992e-05,0.9635821,2.23,0.42,0.37,0.17,0.04,,,,,
4354,17833984,8017,50431.368080604414,31773.959627787484,5.96,3910.24,-0.0035400226570345694,9120.900901675224,0.9787972219055519,1.2633548799999991e-05,0.9508254,2.23,0.42,0.37,0.17,0.04,,,,,
4355,17838080,8018,51107.28260704357,32187.686392895743,5.99,3960.81,-0.0018518108799980837,3692.5295644402504,0.9553422812605277,1.261347839999999e-05,0.97547936,2.2,0.43,0.37,0.16,0.04,,,,,
4356,17842176,8019,51518.08116163442,32440.665828917397,6.02,3992.07,-0.0015032935700673988,10882.624079823494,1.031894061830826,1.2593407999999989e-05,0.9652584,2.2,0.43,0.37,0.16,0.04,,,,,
4357,17846272,8021,50851.37734316736,32013.250855271184,5.96,3951.57,-0.0031731480648886645,3250.328971207142,1.0538600779836997,1.2573337599999988e-05,0.96730196,2.18,0.43,0.38,0.15,0.04,,,,,
4358,17850368,8022,50833.76326953599,31980.525540339026,5.95,3956.77,-0.002052024144177267,5356.151898086071,1.0067869933554903,1.2553267199999987e-05,0.9723804,2.17,0.44,0.37,0.15,0.04,,,,,
4359,17854464,8023,50112.00224562537,31522.588561379245,5.9,3910.88,-0.0024212730859289877,4629.028034329414,0.925515467650257,1.2533196799999986e-05,0.93662393,2.17,0.44,0.37,0.15,0.04,,,,,
4360,17858560,8025,49436.24959604638,31103.92330538543,5.85,3869.74,-0.002947932500319439,7254.460131883621,1.0712176049128175,1.2513126399999984e-05,0.9684611,2.17,0.44,0.37,0.15,0.04,,,,,
4361,17862656,8026,49017.76352220893,30859.198960482536,5.85,3834.87,-0.002695776331165689,39738.408965587616,1.0479696114780381,1.2493055999999983e-05,0.955341,2.21,0.43,0.37,0.16,0.04,,,,,
4362,17866752,8027,48166.30881979109,30323.891486871504,5.82,3782.1,-0.0027704068415914662,3254.090283870697,0.9950692399870604,1.2472985599999996e-05,0.97702676,2.24,0.43,0.36,0.17,0.04,,,,,
4363,17870848,8030,48137.60534564401,30289.10691288923,5.8,3777.02,-0.0013906383865105454,16541.170655727386,1.0578393873292953,1.2452915199999995e-05,0.95294297,2.22,0.43,0.37,0.16,0.04,,,,,
4364,17874944,8031,48260.13458836765,30352.77745080383,5.8,3790.21,-0.003876485566252086,3550.557435065508,0.9227726162644103,1.2432844799999994e-05,0.96178156,2.21,0.43,0.37,0.16,0.04,,,,,
4365,17879040,8033,47408.84816791783,29819.357782463572,5.75,3729.76,-0.001772040381183615,8871.469935655594,0.9731517526088282,1.2412774399999993e-05,0.86632186,2.23,0.42,0.38,0.16,0.04,,,,,
4366,17883136,8034,47653.70430469644,29978.33689692528,5.77,3745.24,-0.0017165935978482594,7482.270607113838,0.9671284614596516,1.2392704000000005e-05,0.9544146,2.23,0.42,0.38,0.16,0.04,,,,,
4367,17887232,8035,46872.6560904818,29484.235444478527,5.72,3691.92,-0.0022943025978747755,5122.232054889202,0.9450908992439508,1.2372633600000004e-05,0.9602072,2.23,0.42,0.38,0.16,0.04,,,,,
4368,17891328,8036,46623.291954917724,29320.930848486725,5.7,3689.48,-0.001311225933022797,5822.524412512779,0.9252600985346362,1.2352563200000003e-05,0.98047465,2.21,0.43,0.37,0.16,0.04,,,,,
4369,17895424,8037,46815.82247708226,29446.91959890574,5.72,3701.79,-0.0018143369306926616,7182.082165122032,1.0122961776796728,1.2332492800000002e-05,0.94039416,2.22,0.42,0.38,0.16,0.04,,,,,
4370,17899520,8038,47442.144167520215,29862.611281394304,5.76,3733.4,-0.0009266854731322383,39253.136367082596,0.9970707431202754,1.23124224e-05,0.9669181,2.23,0.41,0.39,0.16,0.04,,,,,
4371,17903616,8039,47336.90028314041,29793.241567868987,5.75,3730.65,-0.003129458751573111,4124.453368663788,1.014944289228879,1.2292352e-05,0.9425393,2.22,0.42,0.38,0.16,0.04,,,,,
4372,17907712,8040,47468.31938415334,29871.03343903412,5.74,3748.4,-0.0020327710672063404,5584.15931725502,1.00695496564731,1.2272281599999999e-05,0.9595226,2.19,0.43,0.38,0.15,0.04,,,,,
4373,17911808,8040,47468.31938415334,29871.03343903412,5.74,3748.4,-0.0013066120964140282,10014.419507265091,0.9515483073191717,1.2252211199999998e-05,0.978738,2.19,0.43,0.38,0.15,0.04,,,,,
4374,17915904,8041,48227.9945720006,30327.476324007668,5.78,3795.42,-0.002935141767920868,7862.666592001915,1.031641268520616,1.2232140799999997e-05,0.97687703,2.18,0.43,0.38,0.15,0.04,,,,,
4375,17920000,8043,48085.97143961686,30237.42557107888,5.79,3785.62,-0.0022986549101915443,5550.995115637779,0.9945027745561674,1.2212070399999995e-05,0.9626359,2.2,0.44,0.36,0.16,0.04,36526.3221086576,23130.656920515943,5.666666666666667,2913.133333333333,0.0
4376,17924096,8045,47997.020961066046,30195.633697846875,5.82,3771.53,-0.0018701854514802108,7416.601869761944,0.9926361232064664,1.2191999999999994e-05,0.9462523,2.25,0.43,0.36,0.16,0.05,,,,,
4377,17928192,8046,47445.845031163495,29840.465640347004,5.78,3734.05,-0.0014734149999640067,11128.101104021072,1.007817376870662,1.2171929599999993e-05,0.9725086,2.25,0.43,0.36,0.16,0.05,,,,,
4378,17932288,8048,47027.23392499126,29588.809539264603,5.76,3695.66,-0.0020728819117721287,7593.21995228529,0.986756589030847,1.2151859199999992e-05,0.9389049,2.27,0.43,0.35,0.17,0.05,,,,,
4379,17936384,8049,46571.151545485416,29314.627426097784,5.75,3660.88,-0.001538685097330017,8750.1127243042,0.9959975319216028,1.2131788799999991e-05,0.9288702,2.3,0.42,0.35,0.18,0.05,,,,,
4380,17940480,8050,47322.8832830746,29788.188479769986,5.81,3706.99,-0.0014057352955205715,18528.60513663292,0.9887669505551457,1.211171839999999e-05,0.97156775,2.31,0.41,0.36,0.18,0.05,,,,,
4381,17944576,8052,46807.281954996244,29433.13233629914,5.79,3670.35,-0.0028878741286462173,3227.201249063015,1.0152809841092676,1.2091647999999989e-05,0.97641873,2.32,0.41,0.36,0.18,0.05,,,,,
4382,17948672,8052,46807.281954996244,29433.13233629914,5.79,3670.35,-0.0028585060044861166,4265.869910001755,0.995463925995864,1.2071577599999988e-05,0.98481727,2.32,0.41,0.36,0.18,0.05,,,,,
4383,17952768,8054,46639.8799525534,29310.114542923082,5.76,3682.5,-0.001017106639665144,18194.195692062378,0.9688824263866991,1.2051507199999987e-05,0.95643514,2.27,0.42,0.36,0.17,0.05,,,,,
4384,17956864,8055,46398.40599076918,29147.14390502886,5.74,3667.99,-0.002171266008190287,3308.034408092499,0.944299677037634,1.20314368e-05,0.95351857,2.27,0.42,0.36,0.17,0.05,,,,,
4385,17960960,8057,44736.2376591521,28063.932031882723,5.6,3591.7,-0.002430342614388792,3370.453340649605,0.9441461223177612,1.2011366399999998e-05,0.8944402,2.21,0.44,0.35,0.16,0.05,,,,,
4386,17965056,8058,45286.22863980465,28401.244083163998,5.61,3637.08,-0.0016033475658332463,12148.794543385506,0.9136227109702304,1.1991295999999997e-05,0.94899684,2.17,0.45,0.35,0.15,0.05,,,,,
4387,17969152,8058,45286.22863980465,28401.244083163998,5.61,3637.08,-0.0010809201594383921,6876.6909917593,0.9762221854180098,1.1971225599999996e-05,0.974915,2.17,0.45,0.35,0.15,0.05,,,,,
4388,17973248,8061,45011.4119381907,28192.883056572657,5.55,3636.82,-0.002811963174281118,2868.4012827277184,0.9827903748955578,1.1951155199999995e-05,0.93528396,2.11,0.46,0.36,0.13,0.05,,,,,
4389,17977344,8063,43767.81100748884,27397.603301590447,5.47,3564.04,-0.0037363069714047015,3518.9186599850655,1.0304385512135923,1.1931084799999994e-05,0.9403746,2.11,0.45,0.37,0.13,0.05,,,,,
4390,17981440,8064,43602.947542802896,27313.43614899575,5.46,3556.09,-0.0027652304265757266,5947.188741803169,0.9593646610155702,1.1911014399999993e-05,0.95289034,2.11,0.45,0.37,0.13,0.05,,,,,
4391,17985536,8065,43327.22936462534,27128.7594476878,5.41,3543.5,-0.0015600458827975672,8938.520946145058,0.9938013409264386,1.1890943999999992e-05,0.9669636,2.07,0.45,0.38,0.13,0.04,,,,,
4392,17989632,8066,42845.20677080018,26817.405187887452,5.39,3514.43,-0.0025918889659806155,9974.68811762333,0.996281499043107,1.187087359999999e-05,0.9809065,2.08,0.45,0.38,0.13,0.04,,,,,
4393,17993728,8067,43077.75145113318,26983.489202351273,5.41,3521.73,-0.00034023816897388315,87901.0379562378,0.8989914071280509,1.185080319999999e-05,0.79986924,2.1,0.45,0.37,0.14,0.04,,,,,
4394,17997824,8070,41537.85521702707,26020.03907406284,5.34,3414.38,-0.0024481441205352894,3135.961656868458,0.9648095370503142,1.1830732800000002e-05,0.9542869,2.15,0.44,0.37,0.15,0.04,,,,,
4395,18001920,8071,40618.36006591431,25443.53498023981,5.28,3363.02,-0.0010486439268788672,21455.478192329407,1.0188635671511292,1.1810662400000001e-05,0.96152997,2.14,0.45,0.36,0.15,0.04,,,,,
4396,18006016,8072,40685.914395422005,25500.899106048808,5.3,3354.64,-0.003364432705893705,3782.9445654451847,0.9849138570716605,1.1790592e-05,0.96790946,2.17,0.44,0.36,0.16,0.04,,,,,
4397,18010112,8073,41318.034618483325,25882.709593390253,5.33,3402.56,-0.0023544191717519425,12945.144100666046,0.9686067040311173,1.1770521599999999e-05,0.9591443,2.15,0.45,0.35,0.16,0.04,,,,,
4398,18014208,8074,41499.656276036425,25975.101072045327,5.34,3411.38,-0.004339696281931538,5112.6043083667755,1.010876931832172,1.1750451199999998e-05,0.9681436,2.15,0.45,0.35,0.16,0.04,,,,,
4399,18018304,8076,41350.70755537937,25904.01205387208,5.36,3392.87,-0.0013426588284346508,11117.436823248863,0.9621278962586075,1.1730380799999997e-05,0.9238973,2.19,0.45,0.33,0.18,0.04,,,,,
4400,18022400,8077,41103.58396772609,25755.283915969554,5.34,3378.07,-0.0026788716413648217,8135.910320281982,0.9905706010758877,1.1710310399999996e-05,0.92727095,2.19,0.45,0.33,0.18,0.04,45325.52494969429,28605.6082591891,6.1,3440.633333333333,0.0
4401,18026496,8078,41379.40457807361,25928.710167566733,5.36,3397.06,-0.0017898109053930966,8482.514697432518,1.0289153039921075,1.1690239999999995e-05,0.9610535,2.19,0.45,0.33,0.18,0.04,,,,,
4402,18030592,8078,41379.40457807361,25928.710167566733,5.36,3397.06,-0.0008357099850400118,13164.942313671112,0.9450130860786885,1.1670169599999994e-05,0.964973,2.19,0.45,0.33,0.18,0.04,,,,,
4403,18034688,8080,41064.93465397873,25721.582349978704,5.34,3389.98,-0.003920003528037341,6515.362186193466,0.9522480844752863,1.1650099199999993e-05,0.97594374,2.18,0.46,0.32,0.18,0.04,,,,,
4404,18038784,8081,40750.37506793755,25519.454251774747,5.32,3375.16,-0.0022989195149420993,6926.362903594971,0.9735956332879141,1.1630028799999991e-05,0.96935475,2.17,0.47,0.31,0.18,0.04,,,,,
4405,18042880,8083,39970.37211536281,25005.52378627151,5.28,3330.5,-0.0066120443279942265,3677.8691325485706,0.9662742731161416,1.160995839999999e-05,0.9432734,2.18,0.47,0.32,0.16,0.05,,,,,
4406,18046976,8084,39985.05702524779,25007.168078337436,5.28,3330.94,-0.0025559454052199726,6165.236326992512,1.0093285631155595,1.1589888000000003e-05,0.88240254,2.18,0.47,0.32,0.16,0.05,,,,,
4407,18051072,8086,39184.91851494151,24497.00303726747,5.22,3288.02,-0.002647533941853908,5641.698530077934,0.9721793078351766,1.1569817600000002e-05,0.92236334,2.16,0.49,0.3,0.16,0.05,,,,,
4408,18055168,8087,39298.896995940966,24549.598474264938,5.23,3294.42,-0.0023804023539923946,3695.759221673012,1.0025078086182475,1.15497472e-05,0.97117156,2.16,0.49,0.3,0.16,0.05,,,,,
4409,18059264,8088,39518.52292646239,24693.49332168412,5.25,3298.67,-0.0008686959190526977,22567.09190416336,0.9445687844417989,1.15296768e-05,0.9695604,2.18,0.48,0.31,0.16,0.05,,,,,
4410,18063360,8089,38910.76016568561,24298.721412976956,5.21,3269.17,-0.0008737365906199557,10155.326241016388,0.9327423525974154,1.1509606399999999e-05,0.8064835,2.17,0.49,0.3,0.16,0.05,,,,,
4411,18067456,8090,38147.585394536385,23848.56012587776,5.19,3220.35,-0.0011429114201746415,15313.233494997025,0.9426569472998381,1.1489535999999997e-05,0.9432123,2.21,0.48,0.3,0.17,0.05,,,,,
4412,18071552,8091,38445.45443102578,24044.376112673766,5.21,3247.95,-0.002748715893176268,10003.191661119461,0.9924218315863982,1.1469465599999996e-05,0.92612106,2.2,0.49,0.29,0.17,0.05,,,,,
4413,18075648,8092,38341.397962081,23976.597554410764,5.2,3245.76,-0.0014625592330048676,9424.422019541264,0.9135534157976508,1.1449395199999995e-05,0.9545967,2.19,0.5,0.28,0.17,0.05,,,,,
4414,18079744,8094,37890.932284879804,23687.99848484439,5.16,3218.13,-0.0021149983012946905,3086.4536389112473,0.993457403848879,1.1429324799999994e-05,0.9494338,2.18,0.5,0.29,0.16,0.05,,,,,
4415,18083840,8097,36722.23390240332,22922.817341008616,5.07,3145.35,-0.0033104672247645794,4002.9203492701054,0.9810398285044357,1.1409254399999993e-05,0.9601223,2.17,0.49,0.3,0.17,0.04,,,,,
4416,18087936,8099,36489.22758431719,22804.532113525303,5.06,3123.14,-0.0014839636023680214,14750.338486909866,0.9635118511505425,1.1389183999999992e-05,0.93382496,2.19,0.48,0.31,0.17,0.04,,,,,
4417,18092032,8101,37065.16751445064,23155.010268028276,5.15,3156.13,-0.0009545094235363649,15224.412769198418,0.9486060704803094,1.1369113599999991e-05,0.93753844,2.24,0.47,0.31,0.17,0.05,,,,,
4418,18096128,8101,37065.16751445064,23155.010268028276,5.15,3156.13,-0.0022230595213841298,7570.098839044571,0.9650406462606043,1.134904319999999e-05,0.96272326,2.24,0.47,0.31,0.17,0.05,,,,,
4419,18100224,8102,37772.441600409256,23596.09780496863,5.19,3202.63,-0.0028501648903329624,5877.939544558525,1.049026510794647,1.1328972799999989e-05,0.9828602,2.23,0.48,0.3,0.17,0.05,,,,,
4420,18104320,8103,37750.01963686867,23581.762775083655,5.19,3200.28,-0.0025122996694335598,4481.472804963589,0.9316392577020451,1.1308902399999988e-05,0.95787317,2.23,0.48,0.3,0.17,0.05,,,,,
4421,18108416,8105,37197.73782149541,23237.59564739449,5.15,3162.6,-0.0038713721405656543,3586.1663795113564,1.0142922144150361,1.1288831999999987e-05,0.96540445,2.23,0.48,0.3,0.17,0.05,,,,,
4422,18112512,8105,37197.73782149541,23237.59564739449,5.15,3162.6,-0.0020023114811920095,5036.320241212845,0.985040451399982,1.12687616e-05,0.97690284,2.23,0.48,0.3,0.17,0.05,,,,,
4423,18116608,8106,37523.2115792839,23439.85117009215,5.14,3195.47,-0.001260712300791056,9766.565956830978,0.9806660759495571,1.1248691199999998e-05,0.9681266,2.18,0.49,0.3,0.17,0.04,,,,,
4424,18120704,8107,36826.348906124535,22997.994529176958,5.1,3158.39,-0.002808249594636436,6526.066293656826,0.9928176223766059,1.1228620799999997e-05,0.94886637,2.18,0.49,0.3,0.17,0.04,,,,,
4425,18124800,8109,37397.341149533255,23343.841830657624,5.11,3193.49,-0.001336565979727311,9806.504222035408,0.962837549392134,1.1208550399999996e-05,0.97100514,2.15,0.48,0.32,0.17,0.03,50305.2568576955,31968.133508206884,6.5,3766.6666666666665,0.0
4426,18128896,8110,37848.0000157415,23637.684185993625,5.15,3227.85,-0.0009633356939957594,10298.699863672256,0.9342206582659855,1.1188479999999995e-05,0.9474738,2.15,0.48,0.32,0.17,0.03,,,,,
4427,18132992,8111,38144.68752050643,23834.99760849216,5.16,3251.78,-0.0011599174822549685,13133.031201720238,0.9808554756455123,1.1168409599999994e-05,0.9430593,2.13,0.48,0.33,0.16,0.03,,,,,
4428,18137088,8112,38193.71877904217,23884.355196965942,5.18,3247.47,-0.0017048823156073922,11392.435909867287,0.9818732179701328,1.1148339199999993e-05,0.9674816,2.16,0.47,0.33,0.17,0.03,,,,,
4429,18141184,8113,38062.84308450023,23787.81564753032,5.16,3244.42,-0.0031743963227199856,3283.520086288452,1.001166646135971,1.1128268800000005e-05,0.91711944,2.14,0.48,0.32,0.17,0.03,,,,,
4430,18145280,8114,38437.88101674197,24021.937488486477,5.18,3276.34,-0.0027912151272175834,7684.293533563614,0.9222378606209531,1.1108198400000004e-05,0.94100523,2.12,0.49,0.31,0.17,0.03,,,,,
4431,18149376,8116,38356.563407004294,23954.963540868303,5.18,3274.73,-0.0013487285136761784,9851.170093774796,0.9606519702356309,1.1088128000000003e-05,0.91754544,2.12,0.49,0.31,0.17,0.03,,,,,
4432,18153472,8116,38356.563407004294,23954.963540868303,5.18,3274.73,-0.001180968139124161,6037.042063355446,0.9295299764489755,1.1068057600000002e-05,0.9620417,2.12,0.49,0.31,0.17,0.03,,,,,
4433,18157568,8118,37263.71877970389,23285.303504393698,5.14,3204.13,-0.001219442799083481,8966.362511515617,0.9436473359819502,1.1047987200000001e-05,0.9340011,2.16,0.48,0.31,0.18,0.03,,,,,
4434,18161664,8118,37263.71877970389,23285.303504393698,5.14,3204.13,-0.0008830631459204596,11664.849987268448,0.9317732442868873,1.10279168e-05,0.9664964,2.16,0.48,0.31,0.18,0.03,,,,,
4435,18165760,8118,37263.71877970389,23285.303504393698,5.14,3204.13,-0.0010400552901046467,126588.9523768425,0.8814634904265404,1.1007846399999999e-05,0.9551722,2.16,0.48,0.31,0.18,0.03,,,,,
4436,18169856,8119,38547.705978712744,24107.049109862815,5.2,3263.74,-0.0011276451714365976,109767.60372918844,0.9922144629526883,1.0987775999999998e-05,0.909967,2.16,0.48,0.31,0.18,0.03,,,,,
4437,18173952,8121,38507.078161512734,24092.125756716854,5.22,3265.17,-0.0011210286829737015,7247.4617856144905,0.9986771501135081,1.0967705599999997e-05,0.93284243,2.18,0.48,0.3,0.19,0.03,,,,,
4438,18178048,8123,38493.257592073154,24123.60172486146,5.24,3259.25,-0.00042701251186372247,42633.89660358429,0.9035997168393806,1.0947635199999996e-05,0.8009088,2.21,0.46,0.32,0.19,0.03,,,,,
4439,18182144,8123,38493.257592073154,24123.60172486146,5.24,3259.25,-0.004084337587300979,3324.1404786109924,0.9873449591686949,1.0927564799999994e-05,0.9752278,2.21,0.46,0.32,0.19,0.03,,,,,
4440,18186240,8124,38651.01764497268,24215.071303560326,5.25,3267.02,-0.0025732215617608745,4155.876154363155,0.9764697893988341,1.0907494399999993e-05,0.9716632,2.21,0.46,0.32,0.19,0.03,,,,,
4441,18190336,8125,39026.3275802544,24462.34949954726,5.28,3296.35,-0.0018888839631472365,5902.528180301189,1.0005799537757412,1.0887423999999992e-05,0.95856476,2.21,0.46,0.32,0.19,0.03,,,,,
4442,18194432,8126,39224.564086520644,24566.713486717243,5.27,3322.85,-0.0009073783021449344,17809.130774974823,0.9639904350042343,1.0867353599999991e-05,0.9684064,2.17,0.47,0.32,0.18,0.03,,,,,
4443,18198528,8127,39504.09116242479,24753.806419506596,5.27,3346.71,-0.002114401158905821,9319.564702510834,0.9177709021605551,1.084728319999999e-05,0.96641827,2.14,0.47,0.33,0.17,0.03,,,,,
4444,18202624,8128,39213.26274791246,24553.85897550344,5.25,3326.96,-0.0020690262754214928,5869.884604990482,0.9696357625070959,1.0827212799999989e-05,0.9528224,2.14,0.47,0.33,0.17,0.03,,,,,
4445,18206720,8129,39750.06974059929,24903.285735246576,5.3,3355.59,-0.0007713768191024428,45168.1676235199,0.949707442545332,1.0807142399999988e-05,0.9458855,2.16,0.47,0.33,0.16,0.04,,,,,
4446,18210816,8131,39846.954235453326,24954.120759720165,5.3,3367.8,-0.0016867892063601175,4228.558667361736,1.0138748676981777,1.0787071999999987e-05,0.95036787,2.15,0.48,0.32,0.16,0.04,,,,,
4447,18214912,8131,39846.954235453326,24954.120759720165,5.3,3367.8,-0.0034725884388535633,4155.353987872601,0.9960927733918652,1.0767001599999986e-05,0.97680867,2.15,0.48,0.32,0.16,0.04,,,,,
4448,18219008,8132,40492.05522770945,25337.04042250984,5.34,3413.32,-0.0017352746526739793,10985.01177930832,1.034496824722737,1.0746931199999985e-05,0.9690142,2.14,0.49,0.31,0.16,0.04,,,,,
4449,18223104,8133,40935.23372743074,25620.735317898816,5.37,3442.24,-0.0010333848867958295,9387.003566026688,0.9487173504894599,1.0726860799999997e-05,0.9778996,2.14,0.49,0.31,0.16,0.04,,,,,
4450,18227200,8134,40972.78808907017,25648.95636531579,5.39,3434.59,-0.001853741629020078,12968.41136777401,1.0069194122916088,1.0706790399999996e-05,0.9642909,2.17,0.49,0.3,0.17,0.04,48644.40633293873,30574.354778136407,6.3,3634.0666666666666,0.0
4451,18231296,8135,41352.142106286716,25881.114277869365,5.42,3460.14,-0.0007609028834849596,15204.893988847733,1.0544007377466187,1.0686719999999995e-05,0.9675151,2.17,0.49,0.3,0.17,0.04,,,,,
4452,18235392,8136,41575.79343578354,26049.459903511703,5.45,3457.19,-0.000752498242945876,65878.674077034,0.9436100372113287,1.0666649599999994e-05,0.9556847,2.21,0.48,0.3,0.18,0.04,,,,,
4453,18239488,8137,41511.60589539262,25994.513825404323,5.44,3454.09,-0.0023395995463033614,4275.5339878201485,0.9276778460480273,1.0646579199999993e-05,0.9409487,2.2,0.49,0.29,0.18,0.04,,,,,
4454,18243584,8138,41061.129005935116,25685.519595948994,5.41,3434.82,-0.0027115998873341596,6110.1747081279755,0.9678807944292203,1.0626508800000005e-05,0.9771772,2.19,0.5,0.28,0.18,0.04,,,,,
4455,18247680,8139,41209.53126920658,25761.78051156451,5.42,3439.75,-0.0010792374459924758,5967.356744229794,0.9979860708117485,1.0606438400000004e-05,0.9761867,2.2,0.49,0.29,0.18,0.04,,,,,
4456,18251776,8139,41209.53126920658,25761.78051156451,5.42,3439.75,-0.0008827816582197556,19491.31468272209,0.9492746957112104,1.0586368000000003e-05,0.97502947,2.2,0.49,0.29,0.18,0.04,,,,,
4457,18255872,8140,41583.04394775933,26012.91304912245,5.45,3455.49,-0.0021963564340694575,9601.6118568182,0.972182473866269,1.0566297600000002e-05,0.94006956,2.22,0.48,0.3,0.18,0.04,,,,,
4458,18259968,8141,41204.563302567556,25787.849102321034,5.43,3435.38,-0.0006302807705651503,26452.67130947113,1.023107165005058,1.0546227200000001e-05,0.947807,2.22,0.48,0.3,0.18,0.04,,,,,
4459,18264064,8142,41611.14620467639,26088.229175765082,5.47,3445.98,-0.0005362373485695571,86882.16641902924,0.9799863252555951,1.05261568e-05,0.9183697,2.26,0.47,0.3,0.19,0.04,,,,,
4460,18268160,8143,42184.71400708314,26419.021863817386,5.5,3471.46,-0.001397878589159518,43175.95474457741,1.037558430340141,1.0506086399999999e-05,0.96908534,2.26,0.47,0.3,0.19,0.04,,,,,
4461,18272256,8144,42712.66049221116,26748.816880471717,5.5,3516.1,-0.0011986421714027529,12376.439346432686,0.9125733885448426,1.0486015999999998e-05,0.92714745,2.21,0.48,0.3,0.19,0.03,,,,,
4462,18276352,8144,42712.66049221116,26748.816880471717,5.5,3516.1,-0.0009681431820354192,18326.18990445137,0.9943267111666501,1.0465945599999997e-05,0.9748941,2.21,0.48,0.3,0.19,0.03,,,,,
4463,18280448,8146,43119.70900086321,27017.149763036276,5.52,3530.55,-0.0029312051956367213,23567.486780047417,0.9869185752468184,1.0445875199999996e-05,0.9603034,2.21,0.48,0.3,0.19,0.03,,,,,
4464,18284544,8147,43359.010271407475,27164.92505552828,5.52,3555.24,-0.0009800105153772165,12943.472419977188,0.9913877182407305,1.0425804799999995e-05,0.96492934,2.18,0.49,0.3,0.18,0.03,,,,,
4465,18288640,8147,43359.010271407475,27164.92505552828,5.52,3555.24,-0.0014968897949074744,7618.307328820229,0.9610158603172749,1.0405734399999994e-05,0.9703083,2.18,0.49,0.3,0.18,0.03,,,,,
4466,18292736,8149,43541.42475543825,27256.6002384896,5.53,3574.05,-0.0027964860828433302,4020.655929207802,1.047223844914697,1.0385663999999993e-05,0.9279644,2.17,0.49,0.31,0.17,0.03,,,,,
4467,18296832,8150,43275.14754198433,27091.382704353193,5.51,3565.73,-0.001770116242369113,11288.123287081718,0.9531956012360752,1.0365593599999992e-05,0.9526922,2.16,0.5,0.3,0.17,0.03,,,,,
4468,18300928,8151,43593.47214809604,27314.68822844014,5.54,3578.08,-0.0005786966448795283,27353.489015102386,0.926606778986752,1.034552319999999e-05,0.95859915,2.18,0.49,0.31,0.17,0.03,,,,,
4469,18305024,8152,43751.47165953926,27417.451918070947,5.52,3597.44,-0.00207060640968848,16149.025028944016,0.9692554350476712,1.032545279999999e-05,0.9407506,2.14,0.5,0.31,0.16,0.03,,,,,
4470,18309120,8154,43395.88013362453,27190.90527798285,5.5,3562.34,-0.0013289843445818406,27247.475177764893,1.007157959160395,1.0305382399999988e-05,0.96195006,2.16,0.49,0.32,0.16,0.03,,,,,
4471,18313216,8155,43545.92617895009,27296.456694725002,5.51,3576.75,-0.002684155871065741,3585.379062771797,1.0251863757148385,1.0285311999999987e-05,0.958264,2.15,0.5,0.31,0.16,0.03,,,,,
4472,18317312,8155,43545.92617895009,27296.456694725002,5.51,3576.75,-0.0026620326625561574,6955.858962655067,0.9154108534567058,1.0265241599999986e-05,0.97168756,2.15,0.5,0.31,0.16,0.03,,,,,
4473,18321408,8157,44049.39776723961,27600.795179174416,5.55,3613.69,-0.0011258703962084837,6753.124192416668,0.9792463639751077,1.0245171199999999e-05,0.7453005,2.15,0.5,0.31,0.16,0.03,,,,,
4474,18325504,8157,44049.39776723961,27600.795179174416,5.55,3613.69,-0.0020331154873929336,10073.452090501785,1.013607723172754,1.0225100799999998e-05,0.9796787,2.15,0.5,0.31,0.16,0.03,,,,,
4475,18329600,8158,44576.057038061816,27909.41272308794,5.58,3634.4,-0.0013399482049862854,20049.230589985847,0.9924090955173597,1.0205030399999996e-05,0.9597798,2.16,0.49,0.32,0.16,0.03,48050.14170776375,30349.317018649726,6.333333333333333,3593.4333333333334,0.0
4476,18333696,8159,44460.23763028708,27835.125364504533,5.57,3632.65,-0.0017276614944421453,7514.0812883377075,0.9319056217791513,1.0184959999999995e-05,0.9598727,2.15,0.5,0.31,0.16,0.03,,,,,
4477,18337792,8161,44468.07249373291,27854.1457258398,5.59,3628.93,-0.002701266543226666,7930.49252974987,0.9624771648086607,1.0164889599999994e-05,0.9603999,2.17,0.49,0.32,0.16,0.03,,,,,
4478,18341888,8163,44836.229615437536,28087.273687558583,5.61,3651.93,-0.0010489180704098544,11106.568985581398,0.9724525259807706,1.0144819199999993e-05,0.9379726,2.17,0.5,0.31,0.16,0.03,,,,,
4479,18345984,8163,44836.229615437536,28087.273687558583,5.61,3651.93,-0.002454009283610503,3677.0581210255623,0.9416865080129355,1.0124748799999992e-05,0.95862126,2.17,0.5,0.31,0.16,0.03,,,,,
4480,18350080,8163,44836.229615437536,28087.273687558583,5.61,3651.93,-0.0011892539559994475,36094.80732131004,0.9595496507827193,1.0104678399999991e-05,0.97059745,2.17,0.5,0.31,0.16,0.03,,,,,
4481,18354176,8165,46126.47910157544,28902.319683869056,5.67,3724.84,-0.0008821075525702327,94302.34344017506,0.925787445390597,1.008460799999999e-05,0.9453326,2.16,0.51,0.3,0.16,0.03,,,,,
4482,18358272,8167,44987.11266612299,28170.807351848496,5.59,3664.16,-0.0014980214818933746,12462.083256483078,0.9706370837520808,1.0064537600000003e-05,0.744444,2.14,0.52,0.29,0.16,0.03,,,,,
4483,18362368,8167,44987.11266612299,28170.807351848496,5.59,3664.16,-0.0017368312401231378,6399.875836133957,0.9669922122266144,1.0044467200000001e-05,0.97185117,2.14,0.52,0.29,0.16,0.03,,,,,
4484,18366464,8168,45556.40040049856,28531.47111097745,5.62,3702.7,-0.0006167881010696874,22423.523250102997,1.0052420739084482,1.00243968e-05,0.9585758,2.13,0.53,0.28,0.16,0.03,,,,,
4485,18370560,8169,46266.71707650524,28992.30969715222,5.67,3747.76,-0.0016504317809449276,13245.365944504738,0.9666824069572613,1.00043264e-05,0.9687505,2.13,0.53,0.28,0.16,0.03,,,,,
4486,18374656,8170,46558.6831016781,29182.194257646865,5.67,3772.6,-0.0012567527173814597,9301.027426838875,0.9598257271572948,9.984255999999998e-06,0.92629874,2.1,0.53,0.29,0.15,0.03,,,,,
4487,18378752,8172,45901.819911774255,28756.412614782817,5.62,3729.89,-0.0018513970589992823,4395.669769644737,1.0233360236743465,9.964185599999997e-06,0.93422884,2.1,0.52,0.31,0.14,0.03,,,,,
4488,18382848,8173,45858.2420603838,28742.511888230165,5.62,3725.44,-0.0014916201907908544,9617.527896761894,0.9625209521036595,9.944115199999996e-06,0.96546465,2.1,0.52,0.31,0.14,0.03,,,,,
4489,18386944,8174,45416.76486069826,28478.00523262313,5.6,3691.21,-0.0007313140504265903,8766.70570909977,0.9528332909103483,9.924044799999995e-06,0.9619415,2.12,0.51,0.32,0.14,0.03,,,,,
4490,18391040,8174,45416.76486069826,28478.00523262313,5.6,3691.21,-0.0012865175240222015,64998.58395040035,0.9406955643789843,9.903974399999994e-06,0.96994406,2.12,0.51,0.32,0.14,0.03,,,,,
4491,18395136,8176,46634.487492802786,29217.437955509424,5.63,3769.22,-0.0020656307833633036,5936.308492004871,0.9002796075074002,9.883903999999993e-06,0.80074275,2.07,0.52,0.33,0.12,0.03,,,,,
4492,18399232,8176,46634.487492802786,29217.437955509424,5.63,3769.22,-0.0013078730453344178,14894.400247097015,0.8678169000195339,9.863833599999992e-06,0.96546966,2.07,0.52,0.33,0.12,0.03,,,,,
4493,18403328,8177,47063.594399047506,29479.19767878941,5.66,3795.46,-0.002919131380622275,4682.356681883335,0.9499968544114381,9.84376319999999e-06,0.9530195,2.07,0.52,0.33,0.12,0.03,,,,,
4494,18407424,8179,46439.00623323257,29091.284696258786,5.63,3750.39,-0.0009728394034027588,17541.992084741592,1.0007525836117566,9.82369279999999e-06,0.94393164,2.08,0.51,0.34,0.12,0.03,,,,,
4495,18411520,8179,46439.00623323257,29091.284696258786,5.63,3750.39,-0.0016975053295027465,5001.380243420601,0.9550236969953403,9.803622400000002e-06,0.9734826,2.08,0.51,0.34,0.12,0.03,,,,,
4496,18415616,8180,46980.526254471966,29442.36997798356,5.67,3787.22,-0.001379549539706204,11162.922956943512,1.03019920992665,9.783552000000001e-06,0.9521413,2.08,0.51,0.34,0.12,0.03,,,,,
4497,18419712,8181,46826.64166435703,29333.268618042894,5.66,3774.78,-0.0026089996626978973,4059.082789540291,0.9290654062060639,9.7634816e-06,0.968361,2.08,0.51,0.34,0.12,0.03,,,,,
4498,18423808,8183,47473.27246439059,29730.330442454895,5.66,3819.36,-0.0012244188774275244,12483.620776176453,0.9623510817764327,9.743411199999999e-06,0.9770876,2.03,0.52,0.34,0.12,0.02,,,,,
4499,18427904,8186,47100.92440302673,29525.338965953084,5.7,3768.37,-0.0006004591141390847,20532.671887397766,0.9534998601302505,9.723340799999998e-06,0.9375403,2.13,0.49,0.34,0.15,0.02,,,,,
4500,18432000,8187,46832.535122082016,29370.058054056248,5.72,3742.73,-0.0019721662647498306,6305.05667167902,0.977196728461422,9.703270399999997e-06,0.9489447,2.18,0.48,0.34,0.15,0.03,59538.89897600014,37810.39428269447,6.866666666666666,4225.1,0.03333333333333333
4501,18436096,8189,46538.5842282347,29175.393070511167,5.7,3728.97,-0.0012205800694573554,21920.320084095,0.9459338434971869,9.683199999999996e-06,0.94515955,2.17,0.48,0.34,0.15,0.03,,,,,
4502,18440192,8190,46793.135864612384,29336.429660573267,5.72,3740.53,-0.0013416552819762728,37193.891805648804,0.9741883022943512,9.663129599999995e-06,0.9551418,2.18,0.48,0.34,0.14,0.04,,,,,
4503,18444288,8192,46226.202621696684,28962.301899707687,5.69,3692.07,-0.002099908990203403,3429.5094850063324,1.022251181770116,9.643059199999994e-06,0.9537414,2.2,0.47,0.35,0.14,0.04,,,,,
4504,18448384,8192,46226.202621696684,28962.301899707687,5.69,3692.07,-0.0013606680859084008,14893.514269828796,0.9342849369859323,9.622988799999992e-06,0.97449994,2.2,0.47,0.35,0.14,0.04,,,,,
4505,18452480,8194,46752.060850445094,29321.60016994857,5.73,3722.71,-0.002378892091655871,4601.03290438652,0.9747059954097494,9.602918399999991e-06,0.78767896,2.21,0.47,0.34,0.15,0.04,,,,,
4506,18456576,8195,46970.27833986524,29443.647347815702,5.74,3741.0,-0.0024226964515037253,4668.495349824429,0.9780200704699382,9.58284799999999e-06,0.96554935,2.2,0.48,0.33,0.15,0.04,,,,,
4507,18460672,8196,47425.60938316157,29739.958999255978,5.77,3772.05,-0.0008841525973366515,22674.924058914185,0.9260306501528248,9.56277759999999e-06,0.9473811,2.19,0.49,0.32,0.15,0.04,,,,,
4508,18464768,8198,47440.75540897022,29733.9656606364,5.74,3779.27,-0.002341658188015572,6180.445776998997,1.028625465463847,9.542707199999988e-06,0.9425193,2.15,0.5,0.32,0.14,0.04,,,,,
4509,18468864,8200,47531.052992238125,29797.733648083857,5.72,3794.53,-0.0014422347921936307,7092.157147526741,0.9850985725643113,9.522636799999987e-06,0.9650071,2.11,0.5,0.33,0.14,0.03,,,,,
4510,18472960,8201,47694.87792145581,29911.877425665552,5.73,3805.79,-0.001954892364665284,6193.279656767845,0.903696472523734,9.5025664e-06,0.9700829,2.11,0.5,0.33,0.14,0.03,,,,,
4511,18477056,8202,47142.426545483366,29578.28254176101,5.71,3767.6,-0.0012687225607805885,9878.830580234528,0.9696117147104815,9.482495999999998e-06,0.95605916,2.13,0.49,0.34,0.14,0.03,,,,,
4512,18481152,8203,47351.53049067881,29713.70394475034,5.74,3776.62,-0.002412145066045923,4956.264088213444,1.006069409311749,9.462425599999997e-06,0.95754164,2.15,0.48,0.35,0.14,0.03,,,,,
4513,18485248,8203,47351.53049067881,29713.70394475034,5.74,3776.62,-0.001185269704365055,13121.676945924759,0.9606798102613539,9.442355199999996e-06,0.97712636,2.15,0.48,0.35,0.14,0.03,,,,,
4514,18489344,8206,47036.18139352559,29524.32326635988,5.75,3748.35,-0.001738980086884112,4483.009698212147,0.9539540042169392,9.422284799999995e-06,0.7483038,2.2,0.47,0.35,0.14,0.04,,,,,
4515,18493440,8207,47170.94104410073,29605.34155683434,5.76,3756.61,-0.0012850461189373164,7069.11758852005,0.9564001688268036,9.402214399999994e-06,0.96816707,2.2,0.47,0.35,0.14,0.04,,,,,
4516,18497536,8208,46664.667868330005,29286.70559481874,5.72,3727.42,-0.0031502698602707824,2612.5698539614677,0.8907994085457176,9.382143999999993e-06,0.9333094,2.19,0.48,0.34,0.14,0.04,,,,,
4517,18501632,8210,46322.72753943174,29076.87333670872,5.73,3703.75,-0.002063093163087615,7734.716758131981,1.0267746879253536,9.362073599999992e-06,0.93521684,2.23,0.48,0.33,0.14,0.05,,,,,
4518,18505728,8212,46169.49298062409,28970.34734335013,5.73,3685.28,-0.000852195592415228,19461.03417658806,1.0118609991623089,9.342003200000004e-06,0.96630657,2.25,0.48,0.33,0.14,0.05,,,,,
4519,18509824,8213,46119.673755817246,28939.434299660647,5.73,3678.75,-0.0035095713365080883,1462.2570318579674,0.9474734840914607,9.321932800000003e-06,0.97287494,2.26,0.47,0.34,0.14,0.05,,,,,
4520,18513920,8214,46301.45028673198,29040.954296374948,5.74,3692.22,-0.0015826177232156624,8204.730289459229,1.010926018236205,9.301862400000002e-06,0.95152193,2.26,0.47,0.34,0.14,0.05,,,,,
4521,18518016,8216,46241.72654800344,28993.23788878711,5.74,3685.02,-0.0011483281441542204,5097.318785130978,1.0404628263786435,9.281792000000001e-06,0.91862446,2.27,0.47,0.34,0.14,0.05,,,,,
4522,18522112,8217,45799.64971581833,28722.898948813403,5.71,3650.94,-0.001203871293910197,6127.423668146133,0.9830075084464625,9.2617216e-06,0.95331544,2.28,0.46,0.35,0.14,0.05,,,,,
4523,18526208,8219,44524.31603064103,27898.03002910747,5.66,3586.61,-0.0005484140383487102,12842.941261649132,1.0030113729881123,9.241651199999999e-06,0.9572508,2.29,0.46,0.35,0.13,0.06,,,,,
4524,18530304,8220,44391.988175950806,27830.293224066227,5.65,3575.64,-0.0016514777439624595,6833.610079884529,0.9490289364475757,9.221580799999998e-06,0.9310713,2.29,0.46,0.35,0.13,0.06,,,,,
4525,18534400,8221,44609.671062771005,27961.88927224671,5.64,3596.8,-0.0016605329619778786,4417.7984119057655,0.9007797818630934,9.201510399999997e-06,0.9539471,2.25,0.47,0.35,0.12,0.06,54566.45145229973,34836.75927125577,6.733333333333333,3998.266666666667,0.0
4526,18538496,8223,44498.61387091123,27869.957794944945,5.62,3589.93,-0.0017798489825509023,10120.484463572502,1.0274381287163123,9.181439999999996e-06,0.9541628,2.23,0.48,0.34,0.12,0.06,,,,,
4527,18542592,8225,44017.329924842736,27600.18360319095,5.61,3544.54,-0.0022435393193518394,7893.167558670044,0.9476606355747208,9.161369599999995e-06,0.9610668,2.27,0.46,0.35,0.13,0.06,,,,,
4528,18546688,8226,43616.91237848541,27344.426109725864,5.59,3517.34,-0.001151632330220309,8637.908069849014,0.9059742024401203,9.141299199999994e-06,0.9708067,2.28,0.45,0.36,0.13,0.06,,,,,
4529,18550784,8226,43616.91237848541,27344.426109725864,5.59,3517.34,-0.0010850238541024737,8395.76345872879,0.962671285495162,9.121228799999993e-06,0.9593411,2.28,0.45,0.36,0.13,0.06,,,,,
4530,18554880,8227,44113.7109698714,27634.87866137468,5.61,3550.46,-0.0009841104510996956,15085.976225018501,0.9822320643579587,9.101158399999992e-06,0.97724617,2.27,0.46,0.35,0.13,0.06,,,,,
4531,18558976,8227,44113.7109698714,27634.87866137468,5.61,3550.46,-0.0005039103707531467,32903.79316020012,0.9071397816296667,9.08108799999999e-06,0.9727073,2.27,0.46,0.35,0.13,0.06,,,,,
4532,18563072,8229,44494.191835760816,27886.756442453876,5.6,3571.66,-0.0014749329056940041,38448.64260417223,0.9597490291344002,9.06101759999999e-06,0.8251417,2.24,0.46,0.36,0.13,0.05,,,,,
4533,18567168,8229,44494.191835760816,27886.756442453876,5.6,3571.66,-0.0010309055587640614,6713.892062187195,0.9772640912560746,9.040947199999988e-06,0.96768796,2.24,0.46,0.36,0.13,0.05,,,,,
4534,18571264,8231,44939.47351834392,28177.553415562954,5.63,3599.5,-0.0016350886417058064,5747.434947609901,0.9928241656161845,9.020876799999987e-06,0.9748755,2.23,0.47,0.35,0.13,0.05,,,,,
4535,18575360,8232,44400.522650717256,27849.5874871647,5.6,3561.44,-0.002462935948642553,5248.699984788895,0.9435641865711659,9.000806399999986e-06,0.95412594,2.24,0.46,0.36,0.13,0.05,,,,,
4536,18579456,8232,44400.522650717256,27849.5874871647,5.6,3561.44,-0.0008793413799139671,17016.21656346321,0.9325630707899109,8.980735999999985e-06,0.9674903,2.24,0.46,0.36,0.13,0.05,,,,,
4537,18583552,8233,44705.854035351156,28028.01467118498,5.61,3582.28,-0.0017578310398675967,5830.257157206535,0.989772213390097,8.960665599999998e-06,0.9613533,2.22,0.47,0.35,0.13,0.05,,,,,
4538,18587648,8235,44231.59872291103,27744.568175296066,5.55,3562.01,-0.0006389981717802584,17928.28695642948,0.9619362422963604,8.940595199999997e-06,0.40359855,2.19,0.47,0.36,0.12,0.05,,,,,
4539,18591744,8235,44231.59872291103,27744.568175296066,5.55,3562.01,-0.0012290283793845447,14047.89630830288,0.9293502743821591,8.920524799999995e-06,0.97064865,2.19,0.47,0.36,0.12,0.05,,,,,
4540,18595840,8236,44238.13478777613,27727.384685816323,5.53,3580.5,-0.0014516847431877977,10427.885887861252,0.8786340245278552,8.900454399999994e-06,0.88217807,2.15,0.48,0.36,0.11,0.05,,,,,
4541,18599936,8237,44343.9378565355,27790.83686631841,5.54,3588.23,-0.0011884787109011086,18458.258481502533,0.987426916253753,8.880383999999993e-06,0.9248216,2.15,0.48,0.36,0.11,0.05,,,,,
4542,18604032,8238,44589.8156217728,27965.53157040337,5.56,3596.21,-0.0016232134566962486,9050.270280063152,0.9013847809983417,8.860313600000006e-06,0.9791972,2.16,0.47,0.37,0.11,0.05,,,,,
4543,18608128,8238,44589.8156217728,27965.53157040337,5.56,3596.21,-0.0012379402960505104,16629.594128608704,0.9647135944105685,8.840243200000005e-06,0.9722549,2.16,0.47,0.37,0.11,0.05,,,,,
4544,18612224,8241,43864.750986500665,27519.196827084437,5.54,3544.35,-0.001860969439803739,12207.523536324501,0.9728754718089476,8.820172800000004e-06,0.77049273,2.2,0.47,0.35,0.13,0.05,,,,,
4545,18616320,8241,43864.750986500665,27519.196827084437,5.54,3544.35,-0.000839997152070282,6551.25924038887,0.9598120962036774,8.800102400000003e-06,0.96711236,2.2,0.47,0.35,0.13,0.05,,,,,
4546,18620416,8242,43844.941515427774,27485.06582943056,5.52,3559.02,-0.0007710436748311622,17124.929711341858,0.9284411029657349,8.780032000000002e-06,0.9568547,2.16,0.48,0.35,0.12,0.05,,,,,
4547,18624512,8243,43489.600602444465,27264.391131939265,5.48,3553.86,-0.0016305351955452352,4097.352530002594,1.0221539727644995,8.7599616e-06,0.9513666,2.12,0.49,0.35,0.11,0.05,,,,,
4548,18628608,8244,43440.10283905418,27240.33400243707,5.48,3549.23,-0.0013787693214908359,9859.590131044388,0.9664414129219949,8.7398912e-06,0.9356367,2.12,0.49,0.35,0.11,0.05,,,,,
4549,18632704,8244,43440.10283905418,27240.33400243707,5.48,3549.23,-0.0011068196035921574,9814.779639720917,0.9638564906781539,8.719820799999998e-06,0.9765489,2.12,0.49,0.35,0.11,0.05,,,,,
4550,18636800,8245,43782.49061499889,27441.705855226188,5.48,3580.88,-0.0011440871976446942,30894.466259479523,0.9720606465125456,8.699750399999997e-06,0.96267194,2.09,0.5,0.35,0.1,0.05,40466.363320177625,25679.782120642965,5.766666666666667,3068.3333333333335,0.03333333333333333
4551,18640896,8246,44119.62259767412,27653.818594086362,5.51,3608.32,-0.0017436125863241614,6400.360138297081,0.9075148582924157,8.679679999999996e-06,0.9355918,2.09,0.5,0.35,0.1,0.05,,,,,
4552,18644992,8246,44119.62259767412,27653.818594086362,5.51,3608.32,-0.0009974435070034815,9045.115677595139,0.9460402972763404,8.659609599999995e-06,0.97662437,2.09,0.5,0.35,0.1,0.05,,,,,
4553,18649088,8247,44338.56279549135,27796.431714301096,5.52,3621.41,-0.0011038105676561827,9325.228243410587,0.9408030380727723,8.639539199999994e-06,0.9705813,2.09,0.5,0.35,0.1,0.05,,,,,
4554,18653184,8248,44295.931657206056,27781.851341153375,5.52,3617.87,-0.0010866909706237493,6787.612611651421,0.9547494146972895,8.619468799999993e-06,0.9529167,2.09,0.5,0.35,0.1,0.05,,,,,
4555,18657280,8248,44295.931657206056,27781.851341153375,5.52,3617.87,-0.0008866213929650257,11132.357779026031,0.8978698407299817,8.599398399999992e-06,0.976018,2.09,0.5,0.35,0.1,0.05,,,,,
4556,18661376,8252,43820.376506452856,27482.5919996634,5.51,3580.19,-0.001512488739535911,7438.3404994010925,0.9513951219851151,8.57932799999999e-06,0.9681473,2.13,0.49,0.35,0.11,0.05,,,,,
4557,18665472,8253,43496.90879958992,27257.150629050368,5.47,3572.79,-0.001661577824052074,4537.726973295212,0.9389902291586623,8.55925759999999e-06,0.9639331,2.09,0.5,0.35,0.1,0.05,,,,,
4558,18669568,8254,43505.20792417309,27279.941167722118,5.48,3575.29,-0.0020233410577930044,5942.942337036133,0.9412072978448123,8.539187199999989e-06,0.9457014,2.1,0.5,0.35,0.1,0.05,,,,,
4559,18673664,8255,43705.3215949704,27389.709373987782,5.49,3588.66,-0.002150175202586979,4322.710902273655,0.9873403297970071,8.519116799999988e-06,0.9700117,2.1,0.5,0.35,0.1,0.05,,,,,
4560,18677760,8256,43804.83728978967,27457.789964758358,5.5,3592.17,-0.0006007525453242124,12627.902036428452,1.025705087929964,8.499046399999986e-06,0.9582486,2.1,0.5,0.35,0.1,0.05,,,,,
4561,18681856,8257,44038.77605129872,27608.820744254197,5.52,3609.6,-0.002159580290026497,4885.406805634499,0.9762189239263535,8.478975999999985e-06,0.9548334,2.1,0.5,0.35,0.1,0.05,,,,,
4562,18685952,8258,43324.67524420799,27184.254707186083,5.48,3575.57,-0.0018650894853635691,7428.748364210129,0.9898528645280749,8.458905599999998e-06,0.94560266,2.09,0.51,0.34,0.1,0.05,,,,,
4563,18690048,8259,42811.499776013465,26871.76967174276,5.44,3535.57,-0.0011604634746618103,12119.445807218552,0.979408954968676,8.438835199999997e-06,0.96848226,2.09,0.51,0.34,0.1,0.05,,,,,
4564,18694144,8260,43946.30066297891,27600.24589720069,5.51,3599.21,-0.00018742416705208598,125718.668592453,0.9399843231076375,8.418764799999996e-06,0.88269293,2.1,0.51,0.34,0.1,0.05,,,,,
4565,18698240,8260,43946.30066297891,27600.24589720069,5.51,3599.21,-0.0012939387033839012,8595.788249015808,0.9823715611128137,8.398694399999995e-06,0.97183025,2.1,0.51,0.34,0.1,0.05,,,,,
4566,18702336,8261,44641.73058228351,28030.256841979593,5.54,3648.05,-0.0007990424219315173,18178.414840102196,0.9832853641128168,8.378623999999994e-06,0.9461807,2.08,0.52,0.33,0.1,0.05,,,,,
4567,18706432,8262,44579.82823941501,27997.67584055466,5.53,3650.29,-0.0011853837677335832,6959.596054196358,0.9853159765480086,8.358553599999993e-06,0.9615891,2.06,0.53,0.32,0.1,0.05,,,,,
4568,18710528,8262,44579.82823941501,27997.67584055466,5.53,3650.29,-0.002099381064908812,4965.281565606594,0.9667860212503001,8.338483199999991e-06,0.97303915,2.06,0.53,0.32,0.1,0.05,,,,,
4569,18714624,8264,43610.75920734154,27378.597435582196,5.49,3604.89,-0.0016697677065167227,4645.407826304436,0.9805026385001838,8.31841279999999e-06,0.9314047,2.06,0.53,0.32,0.1,0.05,,,,,
4570,18718720,8267,43693.85454917905,27430.013669519572,5.51,3601.74,-0.00028024366747558815,42993.7253279686,0.9781651672674343,8.298342400000003e-06,0.8450105,2.09,0.51,0.34,0.1,0.05,,,,,
4571,18722816,8267,43693.85454917905,27430.013669519572,5.51,3601.74,-0.0008058999628701713,16851.586849689484,0.9558132330421358,8.278272000000002e-06,0.9561749,2.09,0.51,0.34,0.1,0.05,,,,,
4572,18726912,8268,43567.49189027073,27358.60844699634,5.51,3587.97,-0.0010773091971714166,15117.840032100677,0.9674657435389236,8.2582016e-06,0.94747263,2.11,0.5,0.35,0.1,0.05,,,,,
4573,18731008,8270,42816.35234472222,26879.968321452183,5.48,3545.22,-0.0011822901105915662,9205.739381551743,0.9567456397926435,8.2381312e-06,0.9027274,2.13,0.51,0.33,0.1,0.06,,,,,
4574,18735104,8272,43248.62601867977,27169.030449440183,5.54,3576.55,-0.0008927882663556375,10337.217745900154,0.9384720256784931,8.218060799999999e-06,0.9398811,2.15,0.52,0.31,0.1,0.07,,,,,
4575,18739200,8273,43070.06096613164,27050.4047560053,5.53,3564.81,-0.0012073633097315906,6545.506082415581,0.8971366165205836,8.197990399999997e-06,0.97279763,2.15,0.52,0.31,0.1,0.07,45012.01797484159,28580.07468273621,6.133333333333334,3435.1666666666665,0.0
4576,18743296,8274,43108.168649159365,27076.011585969845,5.52,3573.28,-0.0027687592646543635,5399.617974758148,1.0217228535329923,8.177919999999996e-06,0.91673285,2.13,0.53,0.3,0.1,0.07,,,,,
4577,18747392,8275,42166.69618691565,26488.13069750539,5.47,3528.23,-0.0005246039399935398,16535.480079889297,0.9911328863818198,8.157849599999995e-06,0.809083,2.12,0.54,0.29,0.1,0.07,,,,,
4578,18751488,8276,42357.24206045635,26599.397460620323,5.49,3540.18,-0.0006144452108856058,14263.524984121323,0.9435676673892885,8.137779199999994e-06,0.97005594,2.12,0.54,0.29,0.1,0.07,,,,,
4579,18755584,8278,41763.12125705671,26233.655541272983,5.46,3491.62,-0.0016092797768578748,3624.875046670437,1.0357881780946627,8.117708799999993e-06,0.901815,2.15,0.53,0.29,0.11,0.07,,,,,
4580,18759680,8280,41381.38344834866,25985.241736431522,5.43,3472.14,-0.0019351056307641556,3433.2146739959717,0.9915242164861411,8.097638399999992e-06,0.96357447,2.14,0.54,0.28,0.11,0.07,,,,,
4581,18763776,8281,41303.51129212938,25949.78312669748,5.44,3461.18,-0.0014779622961214045,5452.573913693428,0.9224306833930314,8.077567999999991e-06,0.9563021,2.17,0.53,0.28,0.12,0.07,,,,,
4582,18767872,8282,40956.0866538634,25733.980748860504,5.42,3441.77,-0.0015501982543355552,6536.348018884659,0.9649857105687261,8.05749759999999e-06,0.96679217,2.17,0.53,0.28,0.12,0.07,,,,,
4583,18771968,8283,41148.126860370816,25856.018373429415,5.43,3459.23,-0.0017953875594685087,5125.658787429333,0.9807458474533632,8.037427199999989e-06,0.96644837,2.16,0.53,0.28,0.12,0.07,,,,,
4584,18776064,8284,41607.12332920279,26144.148958186484,5.45,3495.45,-0.0013386047639869503,6013.071101903915,0.9691370131913573,8.017356799999988e-06,0.9628119,2.14,0.53,0.29,0.11,0.07,,,,,
4585,18780160,8286,41610.056840332436,26134.707074050755,5.43,3504.96,-0.0012208084408484865,9223.577659726143,0.9898298394400626,7.9972864e-06,0.96107465,2.11,0.54,0.29,0.1,0.07,,,,,
4586,18784256,8287,42148.89501780347,26488.089410642595,5.44,3542.97,-0.0006066533833291032,20630.041129112244,1.0029342760099098,7.977216e-06,0.9651415,2.08,0.54,0.3,0.1,0.06,,,,,
4587,18788352,8288,42049.52945557572,26457.19990273036,5.46,3523.82,-0.0007521429024563986,16828.453248500824,0.9719316727714613,7.957145599999998e-06,0.96969485,2.12,0.53,0.3,0.11,0.06,,,,,
4588,18792448,8290,41967.537285515915,26376.50010246015,5.45,3515.62,-0.0008854325897118542,10757.551565647125,0.9302822110475972,7.937075199999997e-06,0.9692246,2.12,0.53,0.3,0.12,0.05,,,,,
4589,18796544,8291,42012.014454543256,26399.436249904265,5.44,3522.96,-0.0010993857376888627,4123.6891468167305,0.9728674694197252,7.917004799999996e-06,0.92246264,2.1,0.54,0.29,0.12,0.05,,,,,
4590,18800640,8291,42012.014454543256,26399.436249904265,5.44,3522.96,-0.0008587616048316704,15959.073476791382,0.9504297614330426,7.896934399999995e-06,0.96853256,2.1,0.54,0.29,0.12,0.05,,,,,
4591,18804736,8294,42228.43124817501,26533.05170551919,5.46,3544.01,-0.0015533828309344244,5271.985582888126,1.024847885943018,7.876863999999994e-06,0.91599435,2.1,0.54,0.29,0.12,0.05,,,,,
4592,18808832,8294,42228.43124817501,26533.05170551919,5.46,3544.01,-0.00040869362237572204,20553.299901485443,0.9757480862317607,7.856793599999993e-06,0.97575927,2.1,0.54,0.29,0.12,0.05,,,,,
4593,18812928,8296,42187.936496424765,26538.855774368996,5.48,3522.72,-0.0012374939724395517,23551.225400447845,0.9232809263048694,7.836723199999992e-06,0.96578985,2.15,0.52,0.3,0.13,0.05,,,,,
4594,18817024,8297,42211.74080332501,26543.70262147796,5.48,3523.12,-0.0006612771758227609,19793.398123025894,1.0231555805075914,7.81665279999999e-06,0.9551636,2.15,0.52,0.3,0.13,0.05,,,,,
4595,18821120,8298,43069.83289544465,27110.000001087257,5.54,3567.41,-0.0004982773107258254,66498.29126405716,0.9829711227212101,7.79658239999999e-06,0.944406,2.17,0.52,0.29,0.14,0.05,,,,,
4596,18825216,8298,43069.83289544465,27110.000001087257,5.54,3567.41,-0.0009158133216260467,14064.386008143425,1.0262376691680402,7.776511999999988e-06,0.95113873,2.17,0.52,0.29,0.14,0.05,,,,,
4597,18829312,8300,43593.08018671359,27454.796659548272,5.6,3602.24,-0.0012248652546986705,17513.607396364212,1.032750248676166,7.756441599999987e-06,0.92758787,2.2,0.52,0.28,0.15,0.05,,,,,
4598,18833408,8300,43593.08018671359,27454.796659548272,5.6,3602.24,-0.0021777350921183825,4684.052858889103,0.9572088196873665,7.7363712e-06,0.9806045,2.2,0.52,0.28,0.15,0.05,,,,,
4599,18837504,8301,43934.8608748345,27664.9086001715,5.61,3629.22,-0.0008364959712707787,24637.21021914482,0.8978423217777163,7.716300799999999e-06,0.9195858,2.18,0.53,0.27,0.15,0.05,,,,,
4600,18841600,8301,43934.8608748345,27664.9086001715,5.61,3629.22,-0.00039511036993644666,76636.98520565033,0.9046036439249292,7.696230399999998e-06,0.9591626,2.18,0.53,0.27,0.15,0.05,40277.9239965205,25332.025165513485,5.833333333333333,3103.4,0.03333333333333333
4601,18845696,8303,44748.2710806286,28176.99429631037,5.64,3663.78,-0.0007843614221201278,56095.536158800125,1.030466703348793,7.676159999999997e-06,0.93309,2.18,0.53,0.27,0.15,0.05,,,,,
4602,18849792,8304,44161.25663296685,27819.160593078934,5.61,3625.95,-0.0005507241330633406,48240.61664009094,0.9026630375301465,7.656089599999996e-06,0.7014887,2.19,0.52,0.28,0.15,0.05,,,,,
4603,18853888,8306,44440.2537608479,28007.922818162308,5.62,3642.94,-0.0008473352227156283,12660.274740815163,1.0110817179083824,7.636019199999995e-06,0.9536699,2.18,0.51,0.29,0.16,0.04,,,,,
4604,18857984,8306,44440.2537608479,28007.922818162308,5.62,3642.94,-0.000562410785278189,16014.901163578033,0.9725924478843808,7.6159487999999934e-06,0.9766754,2.18,0.51,0.29,0.16,0.04,,,,,
4605,18862080,8307,45291.07877095121,28563.61612619832,5.67,3674.26,-0.00027545510420168284,147446.4333114624,0.8957134942756966,7.595878399999992e-06,0.9299006,2.2,0.5,0.3,0.16,0.04,,,,,
4606,18866176,8308,45547.20268664786,28722.27560018078,5.69,3694.67,-0.0007070290321280481,19130.015858650208,0.9913177142152563,7.575807999999991e-06,0.82383394,2.2,0.5,0.3,0.16,0.04,,,,,
4607,18870272,8308,45547.20268664786,28722.27560018078,5.69,3694.67,-0.0013673129406015505,5453.271099984646,1.0095525635406375,7.555737600000004e-06,0.97219735,2.2,0.5,0.3,0.16,0.04,,,,,
4608,18874368,8309,46339.87569661082,29225.086308377766,5.74,3737.38,-0.0006345177680486813,32003.051939487457,0.9482597220921889,7.535667200000003e-06,0.9658099,2.2,0.5,0.3,0.16,0.04,,,,,
4609,18878464,8310,46528.12835840545,29329.425662693437,5.71,3757.0,-0.001061060151187121,8109.532196760178,0.9640111499466002,7.515596800000002e-06,0.974876,2.15,0.51,0.3,0.16,0.03,,,,,
4610,18882560,8312,46776.880610309374,29485.627896009264,5.7,3775.88,-0.0019907176774722757,18490.900600910187,0.9228608603589237,7.4955264000000005e-06,0.9747351,2.12,0.52,0.29,0.16,0.03,,,,,
4611,18886656,8313,46949.96751008635,29586.460843807665,5.71,3788.07,-0.002095002888381714,3121.5229710936546,1.019816807587631,7.4754559999999995e-06,0.9713309,2.12,0.52,0.29,0.16,0.03,,,,,
4612,18890752,8314,47000.38718032555,29643.716799703558,5.73,3779.3,-0.0005093999607197475,22659.38790988922,0.9549297400517389,7.455385599999998e-06,0.96607226,2.15,0.51,0.29,0.17,0.03,,,,,
4613,18894848,8315,46658.04746796913,29457.58164196132,5.73,3750.21,-0.0018183281763413106,2858.4340548813343,0.9366098217433318,7.435315199999997e-06,0.97853905,2.18,0.5,0.29,0.18,0.03,,,,,
4614,18898944,8317,47145.39758266564,29750.825899735857,5.76,3789.88,-0.0009142655917457887,9870.240027189255,0.9654658761573955,7.415244799999996e-06,0.9436273,2.17,0.51,0.28,0.18,0.03,,,,,
4615,18903040,8320,46641.35646164497,29438.67392384085,5.72,3752.57,-0.0007083022392180283,7846.416130304337,0.9595102624734864,7.395174399999995e-06,0.91742826,2.17,0.5,0.29,0.19,0.02,,,,,
4616,18907136,8320,46641.35646164497,29438.67392384085,5.72,3752.57,-0.0009156318719760748,11552.784573316574,0.9456800374900922,7.375103999999994e-06,0.97182065,2.17,0.5,0.29,0.19,0.02,,,,,
4617,18911232,8321,46838.271843126066,29557.882552931085,5.74,3759.32,-0.0008434051151198219,6700.73871922493,0.9141497636446729,7.355033599999993e-06,0.9390271,2.19,0.49,0.3,0.19,0.02,,,,,
4618,18915328,8323,46922.78691489363,29604.495332829483,5.74,3767.27,-0.00046130372697916755,21410.832809209824,0.9894955772906542,7.334963199999992e-06,0.77058405,2.19,0.49,0.3,0.19,0.02,,,,,
4619,18919424,8324,46741.374231490416,29473.113345942544,5.71,3763.55,-0.0011128220385216991,10942.431010961533,0.9786954749142751,7.314892799999991e-06,0.9561516,2.16,0.5,0.3,0.18,0.02,,,,,
4620,18923520,8325,47198.32451194418,29758.011854369975,5.74,3793.02,-0.0007429651122947689,11020.608543515205,0.9329156301682815,7.29482239999999e-06,0.95959526,2.16,0.5,0.3,0.18,0.02,,,,,
4621,18927616,8327,46547.49873111233,29351.541174173224,5.72,3744.11,-0.0008207609571400099,9966.293345212936,1.0144107553642243,7.274751999999989e-06,0.9792569,2.19,0.49,0.3,0.19,0.02,,,,,
4622,18931712,8328,45581.35365731608,28732.70485647939,5.65,3700.07,-0.0006212709117789927,9165.84707891941,0.9791933917440474,7.254681599999988e-06,0.7096791,2.17,0.5,0.29,0.19,0.02,,,,,
4623,18935808,8328,45581.35365731608,28732.70485647939,5.65,3700.07,-0.0007969427815623931,6799.855395913124,0.9227439862443134,7.2346111999999866e-06,0.98400843,2.17,0.5,0.29,0.19,0.02,,,,,
4624,18939904,8329,46763.33352429562,29469.508525118217,5.72,3766.75,-0.0007911589746072423,67536.44895720482,0.9711587012279779,7.2145407999999855e-06,0.96162,2.17,0.5,0.29,0.19,0.02,,,,,
4625,18944000,8330,46580.72732508188,29347.691944737737,5.73,3743.73,-0.001350028811430093,13701.448176145554,1.0276836346602067,7.194470399999998e-06,0.98393846,2.21,0.49,0.29,0.2,0.02,60864.598239225495,38507.11977278345,7.033333333333333,4214.0,0.06666666666666667
4626,18948096,8333,45875.32618244572,28916.175308197573,5.73,3684.63,-0.0011686985071719391,7156.780706048012,1.0486303000943735,7.174399999999997e-06,0.9684404,2.28,0.47,0.29,0.22,0.02,,,,,
4627,18952192,8334,45800.562528431474,28876.177051396542,5.74,3670.59,-0.0005666514225595165,21568.33473944664,0.9455958874896169,7.154329599999996e-06,0.95957625,2.3,0.47,0.28,0.23,0.02,,,,,
4628,18956288,8334,45800.562528431474,28876.177051396542,5.74,3670.59,-0.0012739876819978235,12027.499776363373,0.9703286392614245,7.134259199999995e-06,0.97696215,2.3,0.47,0.28,0.23,0.02,,,,,
4629,18960384,8335,46417.56619019737,29263.17658091732,5.79,3710.56,-0.00024795488388917875,30349.78188455105,0.9393722217064351,7.114188799999994e-06,0.7926162,2.31,0.46,0.29,0.23,0.02,,,,,
4630,18964480,8337,45773.969444209935,28877.62807968245,5.76,3665.24,-0.0006905451155034825,12218.605949878693,0.9053389341570437,7.094118400000006e-06,0.91877645,2.33,0.45,0.3,0.23,0.02,,,,,
4631,18968576,8338,45131.27224996847,28467.114108006717,5.71,3630.14,-0.0005318147132129525,12956.032182216644,0.9649556641234085,7.074048000000005e-06,0.95678526,2.32,0.46,0.29,0.23,0.02,,,,,
4632,18972672,8339,45179.40763124859,28489.397323907582,5.72,3624.83,-0.0007157453046602313,29090.735444784164,0.9882449879078194,7.053977600000004e-06,0.9523627,2.34,0.46,0.28,0.24,0.02,,,,,
4633,18976768,8339,45179.40763124859,28489.397323907582,5.72,3624.83,-0.0006613741807086626,12610.880690097809,0.8917381482897326,7.033907200000003e-06,0.95488054,2.34,0.46,0.28,0.24,0.02,,,,,
4634,18980864,8340,45839.55776413937,28901.01560464727,5.74,3674.35,-0.0011767195446736878,8228.631269454956,0.9672518714796752,7.013836800000002e-06,0.94818157,2.3,0.47,0.28,0.23,0.02,,,,,
4635,18984960,8342,45768.08561150591,28852.29504925562,5.74,3666.13,-0.00041948904527089326,24994.845571517944,0.9618123301770538,6.993766400000001e-06,0.9591728,2.3,0.47,0.28,0.23,0.02,,,,,
4636,18989056,8342,45768.08561150591,28852.29504925562,5.74,3666.13,-0.0006459919841290684,19500.268112659454,0.9692220485303551,6.973696e-06,0.9654312,2.3,0.47,0.28,0.23,0.02,,,,,
4637,18993152,8344,45710.755708076584,28822.196717270803,5.77,3635.29,-0.0009519071909380727,24250.416162371635,0.9735940042883158,6.953625599999999e-06,0.9608916,2.37,0.45,0.28,0.25,0.02,,,,,
4638,18997248,8345,44876.73928022694,28290.10460812497,5.73,3581.88,-0.0008139245110214688,12045.49372434616,1.0692701550433412,6.9335551999999976e-06,0.9104199,2.38,0.44,0.29,0.25,0.02,,,,,
4639,19001344,8346,45196.45736885938,28489.851963124554,5.75,3601.83,-0.00047577417535649147,11648.65163218975,0.9741000143112615,6.9134847999999965e-06,0.9725608,2.38,0.44,0.29,0.25,0.02,,,,,
4640,19005440,8347,44669.81395659388,28162.648966519642,5.73,3565.24,-0.001113286952204362,15321.539225578308,0.954590227920562,6.893414399999995e-06,0.89971447,2.4,0.43,0.3,0.25,0.02,,,,,
4641,19009536,8349,43720.35699353154,27574.30805974682,5.67,3502.97,-0.0011352664887454011,5930.499383568764,0.9206915051909164,6.873343999999994e-06,0.92687845,2.4,0.43,0.3,0.25,0.02,,,,,
4642,19013632,8349,43720.35699353154,27574.30805974682,5.67,3502.97,-0.0011555187611520523,6557.014191687107,0.9690326179843396,6.853273599999993e-06,0.96392184,2.4,0.43,0.3,0.25,0.02,,,,,
4643,19017728,8350,44607.558507051064,28138.34974709092,5.72,3568.6,-0.0005183827288419707,28085.599818229675,0.9672717520734295,6.833203199999992e-06,0.95326775,2.38,0.44,0.29,0.25,0.02,,,,,
4644,19021824,8351,44695.54510042441,28204.23491532092,5.73,3574.0,-0.000629212931926304,31498.64781475067,0.9450376859167591,6.813132799999991e-06,0.97393733,2.38,0.44,0.29,0.25,0.02,,,,,
4645,19025920,8352,45440.85053441108,28667.973622157166,5.77,3616.03,-0.0017895907931233523,4945.421012043953,0.9733653301373124,6.79306239999999e-06,0.94018316,2.38,0.44,0.29,0.25,0.02,,,,,
4646,19030016,8352,45440.85053441108,28667.973622157166,5.77,3616.03,-0.0010303788012606674,33957.6099216938,0.9198341983137652,6.772991999999989e-06,0.9760351,2.38,0.44,0.29,0.25,0.02,,,,,
4647,19034112,8353,46423.39201351159,29270.688643797228,5.82,3667.57,-0.0012725141732516931,39559.175283670425,0.94701037555933,6.752921599999988e-06,0.95584697,2.38,0.44,0.29,0.25,0.02,,,,,
4648,19038208,8354,46883.00688482802,29545.62621763158,5.84,3703.65,-0.0007006646883382928,8987.39097416401,0.9621412311680615,6.732851199999987e-06,0.9654642,2.36,0.45,0.28,0.25,0.02,,,,,
4649,19042304,8354,46883.00688482802,29545.62621763158,5.84,3703.65,-0.0006672000436083181,7693.624303936958,0.9687262919032946,6.712780799999986e-06,0.98338753,2.36,0.45,0.28,0.25,0.02,,,,,
4650,19046400,8355,47215.73453257897,29758.28321615638,5.86,3720.19,-0.0015641567033526371,11908.84799528122,0.9873386571416631,6.692710399999985e-06,0.9624777,2.36,0.45,0.28,0.25,0.02,49014.81802158217,30875.088991973804,6.333333333333333,3657.4666666666667,0.0
4651,19050496,8356,47441.63565994474,29897.198369718808,5.87,3733.95,-0.0006628288992942544,17607.08409333229,0.8869659807533026,6.672639999999984e-06,0.96771556,2.36,0.45,0.28,0.25,0.02,,,,,
4652,19054592,8356,47441.63565994474,29897.198369718808,5.87,3733.95,-0.0018232421043649083,3674.46703517437,0.9377442296827212,6.652569599999996e-06,0.96282744,2.36,0.45,0.28,0.25,0.02,,,,,
4653,19058688,8358,47705.93413189809,30069.1683815049,5.9,3738.26,-0.00045227870941744186,22106.384945869446,0.9508096415083855,6.632499199999995e-06,0.9692729,2.39,0.44,0.28,0.26,0.02,,,,,
4654,19062784,8359,47919.01339864459,30185.338526261236,5.92,3755.74,-0.0020562917216011556,2706.9876522421837,0.9865125786745921,6.612428799999994e-06,0.9669404,2.39,0.44,0.28,0.26,0.02,,,,,
4655,19066880,8360,47297.296599403184,29790.80351913115,5.89,3725.86,-0.0006999865227044211,14145.1010928154,0.9266888662241399,6.592358399999993e-06,0.9688405,2.38,0.44,0.28,0.26,0.02,,,,,
4656,19070976,8362,46262.7672304289,29134.520110463774,5.83,3654.51,-0.0009514792973277508,7242.172388672829,0.9509620040189475,6.572287999999992e-06,0.94898856,2.4,0.43,0.29,0.26,0.02,,,,,
4657,19075072,8363,45937.504349173854,28947.160279372176,5.81,3630.83,-0.0012188381915620994,4591.730174541473,0.9941387251019478,6.552217599999991e-06,0.9494754,2.4,0.43,0.29,0.26,0.02,,,,,
4658,19079168,8363,45937.504349173854,28947.160279372176,5.81,3630.83,-0.0004018316831206903,25347.73231101036,0.9521202199393883,6.532147200000003e-06,0.972006,2.4,0.43,0.29,0.26,0.02,,,,,
4659,19083264,8364,46734.33451998532,29457.66747372469,5.87,3673.37,-0.0013364384594751755,15215.56611442566,0.9347296818159521,6.512076800000002e-06,0.9773074,2.42,0.42,0.3,0.26,0.02,,,,,
4660,19087360,8365,46909.18284949847,29570.950897829993,5.88,3688.68,-0.0014859812945360318,7272.655476331711,0.9562794429948553,6.492006400000001e-06,0.94409835,2.41,0.43,0.29,0.26,0.02,,,,,
4661,19091456,8366,47332.76706087407,29823.625863078498,5.89,3721.01,-0.000302830903819995,10630.588993549347,0.9514012464787811,6.471936e-06,0.95505273,2.38,0.44,0.29,0.25,0.02,,,,,
4662,19095552,8368,46895.92209073375,29545.550012108575,5.85,3704.18,-0.001806724274501903,8404.776797056198,0.9627644415013492,6.451865599999999e-06,0.88826954,2.35,0.45,0.28,0.25,0.02,,,,,
4663,19099648,8369,47158.6740154031,29701.812872041064,5.87,3719.43,-0.0008159795906976797,8589.425923466682,0.9713564614066854,6.431795199999998e-06,0.96945304,2.35,0.45,0.28,0.25,0.02,,,,,
4664,19103744,8370,47830.94618877615,30135.018297290593,5.9,3754.88,-0.0005034126843384001,32146.615944862366,0.9178216740256175,6.411724799999997e-06,0.9683854,2.34,0.45,0.28,0.26,0.01,,,,,
4665,19107840,8371,47629.66728036302,30007.4473602925,5.88,3742.48,-0.0004062688021804206,26087.48654317856,0.9782104348996654,6.391654399999996e-06,0.90854913,2.34,0.45,0.28,0.26,0.01,,,,,
4666,19111936,8372,48262.82673598635,30392.19080240331,5.9,3775.75,-0.0009713957524581929,34383.38029551506,0.8884130046935752,6.371583999999995e-06,0.9716732,2.32,0.45,0.28,0.27,0.0,,,,,
4667,19116032,8372,48262.82673598635,30392.19080240331,5.9,3775.75,-0.0009723843932079035,10745.511400938034,0.9434583325637504,6.3515135999999935e-06,0.97452796,2.32,0.45,0.28,0.27,0.0,,,,,
4668,19120128,8373,48465.11789222327,30521.079483169127,5.91,3789.92,-0.0009194769718305906,7090.360643148422,1.0475364722078666,6.3314431999999924e-06,0.93781525,2.32,0.45,0.28,0.27,0.0,,,,,
4669,19124224,8374,48709.651802940425,30669.70101239587,5.93,3807.89,-0.0016545317121199332,5019.027081608772,0.9890486744698137,6.311372799999991e-06,0.94359225,2.32,0.45,0.28,0.27,0.0,,,,,
4670,19128320,8376,48705.02867292297,30687.301739973034,5.96,3800.89,-0.0005321261432982283,12325.547866344452,1.0188947381684557,6.29130239999999e-06,0.9685854,2.37,0.44,0.28,0.27,0.01,,,,,
4671,19132416,8378,48303.32532272505,30417.74870329872,5.92,3781.41,-0.0010075205318571534,4831.150009036064,0.9587275194935501,6.271231999999989e-06,0.92950016,2.35,0.44,0.29,0.26,0.01,,,,,
4672,19136512,8378,48303.32532272505,30417.74870329872,5.92,3781.41,-0.0010021276739280438,6954.943109631538,0.9106281490530819,6.251161599999988e-06,0.9732899,2.35,0.44,0.29,0.26,0.01,,,,,
4673,19140608,8379,48805.03133360812,30729.689789431646,5.95,3815.78,-0.0006080248622311046,5821.545733213425,0.9840173620032147,6.231091199999987e-06,0.9830082,2.34,0.45,0.28,0.26,0.01,,,,,
4674,19144704,8381,48930.56129424407,30825.28539700289,5.96,3822.42,-0.0002451803911753814,23572.391922950745,0.9323293429333717,6.2110207999999996e-06,0.95735997,2.34,0.45,0.28,0.26,0.01,,,,,
4675,19148800,8381,48930.56129424407,30825.28539700289,5.96,3822.42,-0.00035304983612149954,13482.46758055687,0.9288288349052891,6.1909503999999985e-06,0.95642334,2.34,0.45,0.28,0.26,0.01,46450.10771610354,29462.83304632019,6.233333333333333,3496.5,0.03333333333333333
4676,19152896,8382,49034.05727884083,30895.14022055225,5.97,3825.37,-0.0006134343211670057,7247.687415242195,0.9452345499303192,6.170879999999997e-06,0.9754588,2.35,0.44,0.29,0.26,0.01,,,,,
4677,19156992,8384,48723.17848374722,30696.171398954102,5.95,3800.22,-0.000647292112262221,9439.610033988953,0.967265171231702,6.150809599999996e-06,0.9624293,2.35,0.45,0.28,0.26,0.01,,,,,
4678,19161088,8385,49443.17748388521,31160.354784379935,6.0,3835.34,-0.0006780842581974866,17961.435393333435,0.9306919440859929,6.130739199999995e-06,0.98091495,2.37,0.44,0.29,0.26,0.01,,,,,
4679,19165184,8386,49805.29586560822,31386.640557228435,6.0,3868.63,-0.0007187428409451968,11322.341519355774,0.9698321785544977,6.110668799999994e-06,0.9501558,2.33,0.45,0.29,0.25,0.01,,,,,
4680,19169280,8386,49805.29586560822,31386.640557228435,6.0,3868.63,-0.000675177375342173,5751.75187766552,0.8724190951324999,6.090598399999993e-06,0.96291727,2.33,0.45,0.29,0.25,0.01,,,,,
4681,19173376,8387,50345.47668307062,31713.811141376744,6.02,3902.84,-0.0003638862281150068,32462.16831302643,0.8945544018642977,6.070527999999992e-06,0.96199334,2.31,0.46,0.28,0.25,0.01,,,,,
4682,19177472,8389,49367.52558668381,31088.331249417468,5.93,3852.24,-0.000929480485865497,9344.239629387856,1.0018655613530427,6.050457599999991e-06,0.91831434,2.27,0.47,0.28,0.24,0.01,,,,,
4683,19181568,8389,49367.52558668381,31088.331249417468,5.93,3852.24,-0.00032697210099286167,26302.687115192413,1.0040257886284962,6.03038719999999e-06,0.9583762,2.27,0.47,0.28,0.24,0.01,,,,,
4684,19185664,8390,50773.36276476871,31987.42665021822,5.99,3930.07,-0.0006364559130815906,116335.78822493553,0.9085046267136931,6.010316799999989e-06,0.9553978,2.25,0.47,0.29,0.23,0.01,,,,,
4685,19189760,8390,50773.36276476871,31987.42665021822,5.99,3930.07,-0.0005155564949745894,16115.392900705338,1.0357075922656804,5.990246400000001e-06,0.94963616,2.25,0.47,0.29,0.23,0.01,,,,,
4686,19193856,8391,51532.357652694685,32468.18275268979,6.04,3979.7,-0.0012213895151944598,11061.676870465279,0.9434389001689851,5.970176e-06,0.97458816,2.25,0.47,0.29,0.23,0.01,,,,,
4687,19197952,8393,51245.13543139232,32283.463848817795,6.03,3953.17,-0.0003981284662586404,13778.36056303978,0.9861053612548858,5.950105599999999e-06,0.96846706,2.26,0.46,0.31,0.22,0.01,,,,,
4688,19202048,8394,51750.650566769385,32595.114677079968,6.07,3974.89,-0.0004641609612008324,13148.993340492249,0.8893491000635549,5.930035199999998e-06,0.9800762,2.28,0.45,0.32,0.22,0.01,,,,,
4689,19206144,8394,51750.650566769385,32595.114677079968,6.07,3974.89,-0.0015471500009880401,6115.977097034454,0.9504981914069504,5.909964799999997e-06,0.9658538,2.28,0.45,0.32,0.22,0.01,,,,,
4690,19210240,8395,52023.58515221169,32757.33490356144,6.07,4001.59,-0.0006457318995671812,31788.538771867752,0.9368167013162747,5.889894399999996e-06,0.9735986,2.25,0.46,0.32,0.21,0.01,,,,,
4691,19214336,8397,52288.853172080686,32933.86861356957,6.14,4011.0,-0.0005012137635276304,23714.869137763977,0.9963940873276442,5.869823999999995e-06,0.9642918,2.32,0.45,0.31,0.22,0.02,,,,,
4692,19218432,8397,52288.853172080686,32933.86861356957,6.14,4011.0,-0.0009296170774177881,5033.6779046058655,0.9875262951245531,5.849753599999994e-06,0.9628383,2.32,0.45,0.31,0.22,0.02,,,,,
4693,19222528,8398,52350.05038491175,32951.258786579216,6.13,4026.04,-0.00044919548054167535,32361.0023086071,0.923537892755121,5.829683199999993e-06,0.9744089,2.29,0.46,0.31,0.21,0.02,,,,,
4694,19226624,8398,52350.05038491175,32951.258786579216,6.13,4026.04,-0.0009371563755848911,6087.465492606163,0.9699457320384681,5.809612799999992e-06,0.9707833,2.29,0.46,0.31,0.21,0.02,,,,,
4695,19230720,8401,51397.981308028924,32323.32451838592,6.06,3955.72,-0.0005223780917731347,12890.626454949379,1.0311930808238685,5.7895423999999905e-06,0.9578516,2.29,0.45,0.32,0.21,0.02,,,,,
4696,19234816,8402,50339.65330571591,31651.214747300815,6.0,3910.95,-0.0008255302755060256,10169.276426792145,0.9364643211010844,5.769472000000003e-06,0.9412378,2.27,0.46,0.31,0.21,0.02,,,,,
4697,19238912,8403,50709.501243688326,31886.397460631295,6.02,3939.74,-0.0007094960574249853,10584.35687303543,0.9439726244891062,5.749401600000002e-06,0.9660734,2.26,0.46,0.31,0.21,0.02,,,,,
4698,19243008,8405,50496.4655732486,31751.757862907136,6.0,3923.56,-0.0010075848394990317,7633.0162525177,0.9914596991147846,5.729331200000001e-06,0.9286599,2.25,0.47,0.3,0.21,0.02,,,,,
4699,19247104,8406,50653.181999088054,31828.382321921756,5.99,3942.26,-0.0008459077243969659,6536.615273952484,0.9314886917127296,5.7092608e-06,0.93023366,2.22,0.48,0.3,0.2,0.02,,,,,
4700,19251200,8408,48913.49569166951,30734.982212536797,5.89,3837.96,-0.0010088505114254076,6455.363146185875,0.9698636548127979,5.689190399999999e-06,0.8663276,2.23,0.48,0.29,0.21,0.02,50293.28922238238,31742.751655750657,6.366666666666666,3672.3333333333335,0.06666666666666667
4701,19255296,8410,48266.22163971792,30330.860328425315,5.86,3803.67,-0.0008909261728149431,8931.723512172699,0.9785004229051992,5.669119999999998e-06,0.95303273,2.24,0.47,0.3,0.21,0.02,,,,,
4702,19259392,8411,47786.60169946991,30024.123341609502,5.82,3787.34,-0.000667524525852059,10892.039994835854,1.018116906634532,5.649049599999997e-06,0.923556,2.22,0.47,0.31,0.2,0.02,,,,,
4703,19263488,8412,47710.16340943342,29987.907507321386,5.82,3779.09,-0.0005850864399690181,18904.213542699814,0.9916432164609432,5.6289791999999955e-06,0.9102244,2.23,0.46,0.32,0.2,0.02,,,,,
4704,19267584,8413,48170.76427404019,30294.351903653667,5.85,3806.71,-0.0004820540189029998,20843.120629787445,0.9126634784042835,5.6089087999999944e-06,0.9728614,2.23,0.46,0.32,0.2,0.02,,,,,
4705,19271680,8413,48170.76427404019,30294.351903653667,5.85,3806.71,-0.00036589172668755054,34231.17689990997,0.9287473686272278,5.588838399999993e-06,0.97212636,2.23,0.46,0.32,0.2,0.02,,,,,
4706,19275776,8415,48727.07199785739,30646.936168189626,5.88,3838.07,-0.0004118197011848679,16477.095498085022,0.952246208791621,5.568767999999992e-06,0.9683869,2.23,0.46,0.32,0.2,0.02,,,,,
4707,19279872,8417,48451.51296787327,30495.018048194102,5.89,3811.56,-0.0005351843065000139,9366.536026358604,1.0306453509256244,5.548697599999991e-06,0.9669,2.27,0.45,0.31,0.22,0.02,,,,,
4708,19283968,8418,48469.077095260815,30506.77797954751,5.88,3816.72,-0.0004305402026147931,5556.7496255636215,0.9321078733773902,5.52862719999999e-06,0.92969847,2.25,0.46,0.3,0.22,0.02,,,,,
4709,19288064,8419,49026.60332540621,30850.86072648155,5.92,3852.52,-0.0005550164059968665,15794.84457731247,0.9127062178449705,5.508556799999989e-06,0.96766585,2.25,0.46,0.3,0.22,0.02,,,,,
4710,19292160,8420,49141.952676375884,30940.734332448872,5.93,3859.85,-0.001668468966272485,9010.052858829498,0.9424778280081227,5.488486399999988e-06,0.97361314,2.25,0.46,0.3,0.22,0.02,,,,,
4711,19296256,8421,49125.695353556104,30936.032730283514,5.92,3867.84,-5.4210850976232905e-05,104224.5419960022,0.9635903676971793,5.468415999999987e-06,0.4908617,2.23,0.47,0.29,0.22,0.02,,,,,
4712,19300352,8422,49287.72763556661,31023.371484723673,5.93,3877.75,-0.0010157289161725203,11016.866720318794,1.0021018623374403,5.448345599999986e-06,0.9525148,2.23,0.47,0.29,0.22,0.02,,,,,
4713,19304448,8423,49768.93710503662,31324.918068940784,5.97,3906.98,-0.0004958199224347482,15619.674062490463,0.9505875178147107,5.428275199999998e-06,0.9514424,2.24,0.47,0.29,0.22,0.02,,,,,
4714,19308544,8425,49177.98667001625,30942.11671127475,5.97,3854.93,-0.00045716980457655154,10672.607882499695,0.9833008578279987,5.408204799999997e-06,0.95546263,2.3,0.46,0.29,0.22,0.03,,,,,
4715,19312640,8425,49177.98667001625,30942.11671127475,5.97,3854.93,-0.0002857150484487647,15657.377665758133,0.9467684953706339,5.388134399999996e-06,0.97746104,2.3,0.46,0.29,0.22,0.03,,,,,
4716,19316736,8427,49682.032379747274,31263.66480987757,5.98,3887.42,-0.0004912727345072199,26801.000150442123,0.9940458422061056,5.368063999999995e-06,0.9501841,2.27,0.47,0.29,0.21,0.03,,,,,
4717,19320832,8428,50034.17136861783,31490.007770895187,6.02,3902.74,-0.00036128200918028597,25706.899756908417,0.9603638105327263,5.347993599999994e-06,0.93328524,2.29,0.46,0.3,0.21,0.03,,,,,
4718,19324928,8429,49020.22897172078,30859.256618231662,5.97,3847.16,-0.0005828340736115933,14806.325507164001,0.9066331679932773,5.3279232000000065e-06,0.95557,2.3,0.45,0.31,0.21,0.03,,,,,
4719,19329024,8430,48681.56652131538,30659.112974359858,5.95,3832.25,-0.000624880976829445,7532.285517215729,0.8927162369946018,5.3078528000000054e-06,0.9773398,2.3,0.45,0.31,0.21,0.03,,,,,
4720,19333120,8432,48966.362110385,30860.885584471627,5.98,3852.45,-0.0002178772701881826,25343.46073794365,0.9509693905711174,5.287782400000004e-06,0.89980084,2.32,0.45,0.31,0.21,0.03,,,,,
4721,19337216,8434,48796.27489300161,30725.090973813247,5.94,3850.97,-0.0012161550857854309,4882.600787162781,1.030044469051063,5.267712000000003e-06,0.9661862,2.28,0.46,0.31,0.2,0.03,,,,,
4722,19341312,8435,48503.740131024926,30540.045223230878,5.92,3835.73,-0.0021748471071987296,13810.620862603188,1.054942266200669,5.247641600000002e-06,0.9378772,2.27,0.47,0.3,0.2,0.03,,,,,
4723,19345408,8437,48362.53438124659,30431.52456825737,5.92,3819.28,-0.0007411193801090121,11116.883749365807,0.9547322520520538,5.227571200000001e-06,0.96426,2.29,0.46,0.3,0.21,0.03,,,,,
4724,19349504,8437,48362.53438124659,30431.52456825737,5.92,3819.28,-0.0007437847443725332,15350.91673207283,0.9317003524629399,5.2075008e-06,0.97123253,2.29,0.46,0.3,0.21,0.03,,,,,
4725,19353600,8438,49275.57929983406,31003.50630206811,5.98,3871.16,-0.0003994171511294553,42336.78260445595,1.0001708512427285,5.187430399999999e-06,0.9567598,2.3,0.45,0.31,0.21,0.03,40599.65300162892,25624.027657744762,5.866666666666666,3151.633333333333,0.0
4726,19357696,8438,49275.57929983406,31003.50630206811,5.98,3871.16,-0.0005413574090198381,11836.234648108482,0.9392688744701445,5.167359999999998e-06,0.9769691,2.3,0.45,0.31,0.21,0.03,,,,,
4727,19361792,8439,49300.62985993727,31020.70984921,5.97,3884.8,-0.0007048011066217441,18740.5244204998,0.9374350463040173,5.147289599999997e-06,0.96257806,2.27,0.46,0.31,0.2,0.03,,,,,
4728,19365888,8439,49300.62985993727,31020.70984921,5.97,3884.8,-0.0009701956814751611,20221.726971149445,0.8984707077033818,5.127219199999996e-06,0.97161067,2.27,0.46,0.31,0.2,0.03,,,,,
4729,19369984,8441,49127.52519856973,30941.61762568574,5.96,3862.34,-0.00039470299816457555,56978.54276704788,1.0014180646976456,5.107148799999995e-06,0.9447267,2.3,0.44,0.33,0.2,0.03,,,,,
4730,19374080,8443,48378.960618985904,30455.497626300323,5.9,3825.12,-0.0009692966214061016,7742.63484454155,0.9227636290015653,5.087078399999994e-06,0.90305895,2.28,0.44,0.34,0.19,0.03,,,,,
4731,19378176,8445,48359.08112786659,30443.334551958487,5.88,3827.72,-0.0003349695816723397,31209.414306640625,1.0168132981052622,5.0670079999999925e-06,0.9410479,2.26,0.45,0.33,0.19,0.03,,,,,
4732,19382272,8446,47993.74056257661,30210.278575656597,5.88,3794.43,-0.0017011737436405383,5188.418179571629,0.9186479027848691,5.0469375999999915e-06,0.9639198,2.3,0.44,0.33,0.2,0.03,,,,,
4733,19386368,8447,48168.344906633945,30309.97380597466,5.88,3811.45,-0.0008618950932941516,8792.089523792267,0.9641351093305275,5.02686719999999e-06,0.9439735,2.28,0.45,0.32,0.2,0.03,,,,,
4734,19390464,8449,48162.57305506079,30315.681397372395,5.92,3800.08,-0.00019624831838882528,18560.51259970665,0.9928328723181039,5.006796799999989e-06,0.9456036,2.34,0.43,0.33,0.2,0.04,,,,,
4735,19394560,8451,47405.081371943874,29809.015755434386,5.86,3750.04,-0.0006969023661440588,8473.065254449844,0.9523948231944814,4.986726399999988e-06,0.93280005,2.33,0.43,0.33,0.2,0.04,,,,,
4736,19398656,8452,47012.4707844821,29566.608523494,5.83,3731.93,-0.0009711927250464214,10173.938997030258,0.9931512114126235,4.966655999999987e-06,0.96932757,2.31,0.43,0.34,0.19,0.04,,,,,
4737,19402752,8453,46373.942581257215,29185.959029824455,5.8,3702.87,-0.0004865552891715197,17896.76078939438,1.0052609466947615,4.946585599999986e-06,0.9603982,2.31,0.43,0.34,0.19,0.04,,,,,
4738,19406848,8453,46373.942581257215,29185.959029824455,5.8,3702.87,-0.0005931869116011512,11693.082171201706,0.9060408197110519,4.926515199999985e-06,0.9496905,2.31,0.43,0.34,0.19,0.04,,,,,
4739,19410944,8455,45956.9047511794,28925.709782042126,5.77,3670.11,-0.0006425991241485463,12839.661153316498,0.8961774939671159,4.906444799999984e-06,0.97577465,2.31,0.43,0.34,0.19,0.04,,,,,
4740,19415040,8455,45956.9047511794,28925.709782042126,5.77,3670.11,-0.0009963799757315428,10090.83666908741,0.9496272287797183,4.886374399999983e-06,0.9754983,2.31,0.43,0.34,0.19,0.04,,,,,
4741,19419136,8456,46365.28489223515,29163.726185856925,5.79,3682.39,-0.0006788146620237967,62165.727751493454,0.9410096834180877,4.866303999999995e-06,0.96582204,2.32,0.42,0.35,0.19,0.04,,,,,
4742,19423232,8458,45729.01760944402,28756.95299936477,5.75,3644.87,-0.00034579343991936184,28842.03828072548,0.9721303024562076,4.846233599999994e-06,0.86677206,2.32,0.42,0.35,0.19,0.04,,,,,
4743,19427328,8459,45537.73798366366,28643.54329352215,5.73,3629.19,-0.0014208846232577343,3759.0608248114586,1.0058887440245599,4.826163199999993e-06,0.9555041,2.32,0.42,0.35,0.19,0.04,,,,,
4744,19431424,8460,45617.88915251833,28682.92017255515,5.73,3639.11,-0.00020534216673695482,14369.37414097786,0.9674330874113366,4.806092799999992e-06,0.95504206,2.31,0.43,0.34,0.19,0.04,,,,,
4745,19435520,8461,45597.18246644246,28660.486074670167,5.72,3639.95,-0.0012935444510731031,5409.173256039619,0.9967839507153258,4.786022399999991e-06,0.9587441,2.3,0.43,0.34,0.19,0.04,,,,,
4746,19439616,8462,45992.84927610005,28910.021461052456,5.75,3667.99,-0.0002314295034011593,23071.679739952087,0.9647007888415828,4.7659520000000035e-06,0.9326873,2.3,0.43,0.34,0.19,0.04,,,,,
4747,19443712,8463,46700.12476500143,29370.99769281526,5.81,3697.58,-0.0002195975143877149,81587.17224550247,0.930438905605115,4.7458816000000025e-06,0.9552297,2.34,0.42,0.34,0.2,0.04,,,,,
4748,19447808,8463,46700.12476500143,29370.99769281526,5.81,3697.58,-0.0005060989260528004,14413.264707803726,0.9573172352975234,4.725811200000001e-06,0.973011,2.34,0.42,0.34,0.2,0.04,,,,,
4749,19451904,8465,46118.737917907834,29014.831537937593,5.78,3661.47,-0.0006267151766223833,6903.95140504837,0.9469396456843242,4.7057408e-06,0.94540316,2.35,0.41,0.35,0.2,0.04,,,,,
4750,19456000,8466,46131.81390840328,29014.552528991786,5.78,3662.72,-0.0009895429020616575,8226.03072309494,0.9392096726223826,4.685670399999999e-06,0.97825265,2.35,0.41,0.35,0.2,0.04,56647.39576911496,35712.76483988423,6.766666666666667,4024.1,0.06666666666666667
4751,19460096,8468,46051.97265589752,28962.51436758229,5.8,3653.34,-0.0004696787464126828,8355.77683866024,0.9714286443777382,4.665599999999998e-06,0.86929786,2.38,0.41,0.34,0.21,0.04,,,,,
4752,19464192,8469,45908.72454319915,28878.690689767573,5.79,3645.83,-0.000560534633223142,13749.838858127594,0.9515458376845345,4.645529599999997e-06,0.9229279,2.38,0.41,0.34,0.21,0.04,,,,,
4753,19468288,8469,45908.72454319915,28878.690689767573,5.79,3645.83,-0.0013283944745126064,8118.40678358078,0.9463940189452842,4.625459199999996e-06,0.97173965,2.38,0.41,0.34,0.21,0.04,,,,,
4754,19472384,8471,45921.903840849045,28862.208809898246,5.8,3653.9,-0.000588103003337892,10061.207700490952,1.0000378987751901,4.605388799999995e-06,0.96971494,2.38,0.41,0.34,0.21,0.04,,,,,
4755,19476480,8472,45489.76913641056,28581.423210128658,5.76,3642.35,-0.0005480920463014627,11295.344418287277,1.0464635496027768,4.585318399999994e-06,0.9350838,2.35,0.42,0.34,0.2,0.04,,,,,
4756,19480576,8473,45170.69106846212,28388.633950752042,5.74,3622.87,-0.0003392986982362345,23158.23447084427,0.9813693737378344,4.565247999999993e-06,0.9161172,2.35,0.42,0.34,0.2,0.04,,,,,
4757,19484672,8475,44642.01038388399,28065.001385861047,5.76,3564.49,-0.00042850382396864006,9672.154273152351,1.0226341102970764,4.545177599999992e-06,0.96933454,2.43,0.4,0.34,0.21,0.05,,,,,
4758,19488768,8477,44964.825742937624,28279.829604428145,5.77,3586.21,-0.0003471691643426311,19595.94130373001,0.9922955692745745,4.525107199999991e-06,0.9653124,2.41,0.4,0.34,0.22,0.04,,,,,
4759,19492864,8478,45300.09800332717,28513.621097502102,5.82,3597.35,-0.00031711954579805024,18149.424310922623,0.9748387662693858,4.5050367999999896e-06,0.9740515,2.45,0.39,0.34,0.23,0.04,,,,,
4760,19496960,8482,43534.4295756343,27402.203817255566,5.72,3474.92,-0.0008004630290088244,5785.207935094833,0.998542728018947,4.4849663999999885e-06,0.86204803,2.49,0.38,0.34,0.24,0.04,,,,,
4761,19501056,8483,43509.02373644773,27392.106374734252,5.74,3465.7,-0.0002226942488050554,17155.510015010834,0.9991426392225549,4.464895999999987e-06,0.96139413,2.53,0.37,0.34,0.25,0.04,,,,,
4762,19505152,8484,43827.26366762661,27579.78890754665,5.76,3490.26,-0.0011238183797104284,3577.108023405075,0.9548147219466045,4.444825599999986e-06,0.9755799,2.52,0.37,0.34,0.25,0.04,,,,,
4763,19509248,8485,43602.68779535429,27428.66854336896,5.74,3489.46,-0.00011677785369101912,63213.32813835144,0.9382222821004689,4.424755199999999e-06,0.8905604,2.5,0.38,0.33,0.25,0.04,,,,,
4764,19513344,8485,43602.68779535429,27428.66854336896,5.74,3489.46,-0.00045947953731229063,9435.380729436874,0.9117411583429202,4.404684799999998e-06,0.9774127,2.5,0.38,0.33,0.25,0.04,,,,,
4765,19517440,8486,43663.24966020187,27458.368791889177,5.75,3484.57,-0.0003363380901646451,10811.674372434616,0.962331352639012,4.384614399999997e-06,0.9683776,2.52,0.37,0.34,0.25,0.04,,,,,
4766,19521536,8489,43057.59613061822,27091.788778814174,5.73,3442.97,-0.0003279317043052288,17738.802195310593,1.022042796947062,4.364543999999996e-06,0.9402987,2.55,0.35,0.36,0.25,0.04,,,,,
4767,19525632,8490,42139.15809643546,26500.73148999845,5.68,3403.99,-0.0002630038961797254,9711.325953483582,0.9874741182429716,4.3444735999999945e-06,0.9655101,2.54,0.35,0.36,0.25,0.04,,,,,
4768,19529728,8491,41991.6356764501,26410.79492385294,5.69,3382.11,-0.0001836659148466424,49421.13610124588,0.9876485820859671,4.3244031999999934e-06,0.966763,2.58,0.34,0.36,0.26,0.04,,,,,
4769,19533824,8492,41698.33527105645,26238.356324744156,5.66,3373.96,-0.000489011832542019,11058.743880987167,0.9762350643286481,4.304332799999992e-06,0.8932603,2.56,0.35,0.35,0.26,0.04,,,,,
4770,19537920,8493,41890.182095693504,26354.736230767103,5.67,3389.41,-0.0003557016680133529,10794.944177865982,0.960188347264193,4.284262399999991e-06,0.95769054,2.55,0.35,0.35,0.26,0.04,,,,,
4771,19542016,8494,42055.31388508215,26479.87936236136,5.68,3399.22,-0.000264203418737452,40466.36951971054,0.9552998990984634,4.26419199999999e-06,0.97116935,2.55,0.35,0.35,0.26,0.04,,,,,
4772,19546112,8496,41075.105777114986,25859.128752156877,5.63,3336.63,-0.0003415136970943422,12746.004082679749,1.00256969651673,4.244121599999989e-06,0.8947142,2.57,0.34,0.36,0.26,0.04,,,,,
4773,19550208,8497,40830.127489247214,25716.023299724693,5.58,3331.76,-0.0003849996537610423,14301.0326962471,0.9607498570112512,4.224051200000002e-06,0.9619651,2.52,0.35,0.36,0.26,0.03,,,,,
4774,19554304,8499,40168.443019520084,25314.711766595152,5.55,3269.54,-0.00025640085459599504,85231.62906503677,1.0000064079649746,4.2039808000000006e-06,0.9503235,2.56,0.34,0.36,0.27,0.03,,,,,
4775,19558400,8499,40168.443019520084,25314.711766595152,5.55,3269.54,-0.0006932149954081979,7519.642378330231,0.9541927840327844,4.1839103999999995e-06,0.96015626,2.56,0.34,0.36,0.27,0.03,51406.66325685995,32610.599170711354,6.466666666666667,3758.1,0.03333333333333333
4776,19562496,8500,41012.41013090401,25838.049929823042,5.58,3326.83,-0.0001902549056467251,34546.926468372345,0.90688680508174,4.163839999999998e-06,0.9755479,2.53,0.35,0.36,0.26,0.03,,,,,
4777,19566592,8503,40314.27258166053,25403.4095302535,5.56,3266.38,-0.00017670770375843858,20978.676697731018,1.066929204040207,4.143769599999997e-06,0.777957,2.58,0.34,0.36,0.27,0.03,,,,,
4778,19570688,8504,40378.638427123486,25449.675127958766,5.56,3277.12,-0.0006801455274398904,6190.26448738575,0.9545019580982625,4.123699199999996e-06,0.9422535,2.57,0.35,0.35,0.27,0.03,,,,,
4779,19574784,8505,40778.81990400348,25696.549425530375,5.59,3306.85,-0.00040182868724514265,12838.539765357971,0.9704547977307811,4.103628799999995e-06,0.96013576,2.57,0.35,0.35,0.27,0.03,,,,,
4780,19578880,8509,40146.11149825444,25294.091376867716,5.6,3247.07,-0.0003582629351512878,16871.102261304855,1.0663309895899147,4.083558399999994e-06,0.68962395,2.65,0.32,0.37,0.27,0.04,,,,,
4781,19582976,8510,40427.4969536074,25466.894121978286,5.62,3265.42,-0.000348862626196933,13755.951133012772,0.923698234022595,4.063487999999993e-06,0.9632402,2.65,0.32,0.37,0.27,0.04,,,,,
4782,19587072,8510,40427.4969536074,25466.894121978286,5.62,3265.42,-0.0003708010326590738,66954.02682638168,0.9025413485942408,4.043417599999992e-06,0.9709692,2.65,0.32,0.37,0.27,0.04,,,,,
4783,19591168,8511,41040.46504859164,25851.72230071779,5.67,3285.14,-0.0002628559013828635,20677.42850971222,0.9744268008507788,4.023347199999991e-06,0.9045302,2.68,0.32,0.36,0.28,0.04,,,,,
4784,19595264,8513,40826.344124895535,25696.00181138334,5.65,3281.91,-0.00010079128696816042,50522.11838197708,0.9758910844102502,4.00327679999999e-06,0.77535236,2.66,0.34,0.34,0.28,0.04,,,,,
4785,19599360,8513,40826.344124895535,25696.00181138334,5.65,3281.91,-0.0005087147565063788,7848.731917619705,0.9811762981116772,3.983206400000002e-06,0.9696595,2.66,0.34,0.34,0.28,0.04,,,,,
4786,19603456,8514,40889.00191175474,25704.66576352937,5.64,3295.97,-0.0007497590831917478,10247.965779662132,0.9936361425789073,3.963136000000001e-06,0.9784419,2.63,0.35,0.34,0.27,0.04,,,,,
4787,19607552,8516,40905.98630138266,25702.615939165164,5.61,3307.69,-0.00015427322432515211,25627.07099866867,0.946189001086168,3.9430656e-06,0.93293184,2.59,0.36,0.35,0.25,0.04,,,,,
4788,19611648,8518,40554.233839755085,25478.667520428156,5.62,3278.03,-0.00036382591133587994,16244.712755203247,0.987625440233387,3.922995199999999e-06,0.8240885,2.64,0.35,0.35,0.25,0.05,,,,,
4789,19615744,8519,40390.23407406272,25367.956809015443,5.61,3268.44,-0.00048745911772130057,17781.017585277557,0.9146035090088844,3.902924799999998e-06,0.95922375,2.64,0.35,0.35,0.25,0.05,,,,,
4790,19619840,8520,40669.859213959746,25537.92040597415,5.62,3287.9,-0.0002927317700596177,10095.063798069954,0.9447479257360101,3.882854399999997e-06,0.97339946,2.63,0.35,0.36,0.24,0.05,,,,,
4791,19623936,8521,40506.097106805406,25424.35577177412,5.61,3274.21,-0.0008670193074067356,6036.615943312645,1.0071850389940664,3.862783999999996e-06,0.97342813,2.63,0.35,0.36,0.24,0.05,,,,,
4792,19628032,8522,40412.5019808313,25370.107854563164,5.61,3264.0,-0.0005187634906178573,11874.770095825195,1.0224807428894565,3.842713599999995e-06,0.9387342,2.64,0.34,0.37,0.24,0.05,,,,,
4793,19632128,8523,40699.09987250512,25555.567716880396,5.62,3285.54,-0.0002512489736545831,29349.678463935852,0.9096953475382179,3.822643199999994e-06,0.96885866,2.62,0.35,0.36,0.24,0.05,,,,,
4794,19636224,8523,40699.09987250512,25555.567716880396,5.62,3285.54,-0.000606375647294044,6357.873979926109,0.9828282882226631,3.8025727999999926e-06,0.9616795,2.62,0.35,0.36,0.24,0.05,,,,,
4795,19640320,8524,41145.91346438809,25821.24003304277,5.64,3320.81,-0.0001759714123181766,17486.476473093033,0.983128888416104,3.7825023999999915e-06,0.9092399,2.6,0.36,0.35,0.24,0.05,,,,,
4796,19644416,8525,41625.59358977743,26115.781910091875,5.64,3357.95,-0.000794629413576331,10269.656489133835,0.9867532786447555,3.7624319999999905e-06,0.9781567,2.56,0.36,0.36,0.24,0.04,,,,,
4797,19648512,8526,40820.84423750294,25606.60590897017,5.59,3314.01,-0.00013342812462724396,36299.79707813263,0.9337652856484056,3.7423615999999894e-06,0.9342574,2.56,0.36,0.36,0.24,0.04,,,,,
4798,19652608,8528,40924.12295785277,25654.225141936844,5.59,3323.43,-0.00033603646352275973,11464.116094231606,0.9696846907027066,3.7222911999999883e-06,0.8997427,2.56,0.36,0.36,0.24,0.04,,,,,
4799,19656704,8529,40993.504698085824,25679.631327357274,5.59,3328.7,-0.0012001050108665368,4093.672651410103,1.0293482597917318,3.7022207999999873e-06,0.972435,2.55,0.37,0.35,0.24,0.04,,,,,
4800,19660800,8530,41298.6292595212,25887.54154439878,5.61,3344.18,-0.000291682306851726,19225.658987522125,0.9598081385483965,3.682150399999986e-06,0.970979,2.55,0.37,0.35,0.24,0.04,49437.39250105448,31138.321651883987,6.466666666666667,3707.0666666666666,0.0
4801,19664896,8532,40907.42727520456,25601.837849294454,5.56,3319.04,-0.00042747045154101215,32584.22341632843,1.0485550838056952,3.6620799999999987e-06,0.91378886,2.52,0.37,0.36,0.23,0.04,,,,,
4802,19668992,8533,40641.53652899816,25460.05810943406,5.57,3293.55,-0.00038634130669379374,6795.216918468475,1.014818318421021,3.6420095999999976e-06,0.9630834,2.56,0.36,0.36,0.24,0.04,,,,,
4803,19673088,8535,40925.19968418255,25647.515265317063,5.57,3312.88,-0.0004902058899460826,20601.39792728424,0.9370114019839093,3.6219391999999965e-06,0.968398,2.54,0.36,0.37,0.23,0.04,,,,,
4804,19677184,8536,41256.37931716889,25865.467155198246,5.6,3332.21,-0.000448557133495342,19188.36337852478,1.001477602752857,3.6018687999999954e-06,0.959326,2.55,0.36,0.37,0.23,0.04,,,,,
4805,19681280,8537,41121.30731850376,25790.128487574235,5.57,3332.04,-0.00045017114553047577,7858.339473962784,0.9346129829064012,3.5817983999999944e-06,0.9402245,2.52,0.37,0.37,0.22,0.04,,,,,
4806,19685376,8538,40426.823309578125,25357.088116171766,5.53,3297.16,-0.0003869473903250764,9025.247355341911,1.0277516916394234,3.5617279999999933e-06,0.9589132,2.51,0.38,0.36,0.22,0.04,,,,,
4807,19689472,8539,40463.90945646667,25366.35927585454,5.53,3297.13,-0.0002535892999731004,22733.20203256607,0.9410795161966234,3.541657599999992e-06,0.9730767,2.51,0.38,0.36,0.22,0.04,,,,,
4808,19693568,8540,39343.35514780287,24660.173256329206,5.46,3237.57,-0.0002231473226856906,22265.370465755463,0.932127981679514,3.5215872000000047e-06,0.846398,2.5,0.39,0.35,0.22,0.04,,,,,
4809,19697664,8542,39605.78881133596,24813.506299545603,5.45,3265.97,-0.00021417596690298524,24416.768857955933,1.060434463317506,3.5015168000000036e-06,0.5659669,2.46,0.4,0.35,0.21,0.04,,,,,
4810,19701760,8542,39605.78881133596,24813.506299545603,5.45,3265.97,-0.0003394606110305176,17144.98382139206,0.9485741334501654,3.4814464000000025e-06,0.9613675,2.46,0.4,0.35,0.21,0.04,,,,,
4811,19705856,8544,40407.200618612915,25306.025764507678,5.5,3307.96,-0.0007935328485473292,22630.54290485382,1.037621186580509,3.4613760000000015e-06,0.97212285,2.46,0.4,0.35,0.21,0.04,,,,,
4812,19709952,8545,40306.105651525504,25236.297059324068,5.48,3300.76,-0.0005869009819434723,9950.843371868134,0.9210350745124742,3.4413056000000004e-06,0.9456266,2.45,0.4,0.36,0.2,0.04,,,,,
4813,19714048,8546,40358.68281965075,25272.136865189445,5.46,3316.44,-0.0005432514044514392,6711.784850716591,0.9595990956295282,3.4212351999999993e-06,0.96064526,2.41,0.41,0.36,0.19,0.04,,,,,
4814,19718144,8547,40678.45503949231,25461.533355114934,5.48,3330.71,-0.00019295453239465132,28625.619661331177,0.9578810562379658,3.4011647999999982e-06,0.9736155,2.41,0.41,0.36,0.19,0.04,,,,,
4815,19722240,8548,40498.63395132591,25363.13419840352,5.49,3314.91,-0.0014657275369245326,5231.997502684593,1.0098178394837305,3.381094399999997e-06,0.96819913,2.44,0.41,0.35,0.2,0.04,,,,,
4816,19726336,8549,41216.17171581887,25809.925931272657,5.5,3367.61,-0.00035913148349209223,15790.04381108284,1.001073975698091,3.361023999999996e-06,0.9794519,2.39,0.42,0.35,0.2,0.03,,,,,
4817,19730432,8550,41401.68199708875,25930.972976099205,5.51,3384.26,-0.00023796968980605016,7485.850331664085,0.9503667677054182,3.340953599999995e-06,0.9567103,2.38,0.43,0.34,0.2,0.03,,,,,
4818,19734528,8551,41550.38844109243,26015.855223461753,5.52,3396.19,-0.0010659152731022914,7800.211883068085,0.9740367438644171,3.320883199999994e-06,0.96518666,2.38,0.43,0.34,0.2,0.03,,,,,
4819,19738624,8551,41550.38844109243,26015.855223461753,5.52,3396.19,-0.0003517194218147779,39049.791087150574,0.9626915883272886,3.300812799999993e-06,0.97214335,2.38,0.43,0.34,0.2,0.03,,,,,
4820,19742720,8552,42167.630795939884,26388.953960812254,5.55,3429.75,-0.0007220484076242428,4026.362038195133,0.9823096529580653,3.280742399999992e-06,0.9701331,2.38,0.43,0.34,0.2,0.03,,,,,
4821,19746816,8554,41425.550632456274,25932.45275720612,5.5,3378.84,-0.0002658538160176249,29455.563405036926,0.9744275432312861,3.2606719999999907e-06,0.96165574,2.39,0.42,0.35,0.2,0.03,,,,,
4822,19750912,8555,41460.722878479595,25961.001105037496,5.5,3383.38,-0.0002872834065783536,22357.730908870697,0.9552264895755798,3.2406015999999897e-06,0.83462965,2.39,0.42,0.35,0.2,0.03,,,,,
4823,19755008,8557,40463.64705886969,25344.53977330604,5.43,3336.94,-0.00023535352192993741,18278.946894168854,0.9761208697455004,3.2205311999999886e-06,0.9115354,2.37,0.42,0.36,0.19,0.03,,,,,
4824,19759104,8558,40845.68465166488,25590.33452141651,5.47,3350.3,-0.0001794869403966004,28508.74623298645,0.9039584755664691,3.2004607999999875e-06,0.96875584,2.4,0.41,0.36,0.2,0.03,,,,,
4825,19763200,8559,41173.47277110816,25804.083976866914,5.5,3378.52,-0.0002019983312493423,17320.394515514374,0.9700250594178215,3.1803903999999864e-06,0.92655575,2.4,0.41,0.36,0.2,0.03,47881.893135778395,30379.681841412308,6.2,3529.733333333333,0.06666666666666667
4826,19767296,8560,40625.540161077115,25462.63722574004,5.46,3340.81,-0.0007528657170041697,7878.700018763542,1.0037341811694205,3.1603199999999854e-06,0.91791856,2.4,0.41,0.36,0.2,0.03,,,,,
4827,19771392,8561,40693.64898933162,25510.459035115386,5.46,3351.17,-0.000295705976895988,17822.31929063797,0.8851059528533369,3.1402495999999843e-06,0.9699592,2.39,0.42,0.35,0.2,0.03,,,,,
4828,19775488,8562,41118.25232964983,25784.418602339785,5.49,3364.58,-0.0003377194661879912,32321.85683107376,0.9818597014527768,3.120179199999983e-06,0.9700109,2.41,0.41,0.36,0.2,0.03,,,,,
4829,19779584,8562,41118.25232964983,25784.418602339785,5.49,3364.58,-0.00036704825743072433,24123.28463459015,0.9474401817424223,3.1001087999999957e-06,0.97348404,2.41,0.41,0.36,0.2,0.03,,,,,
4830,19783680,8564,40881.98630078996,25631.857830644,5.47,3354.73,-0.00011387376252969261,51908.59810256958,0.9716245093150064,3.0800383999999946e-06,0.9277555,2.39,0.41,0.36,0.2,0.03,,,,,
4831,19787776,8564,40881.98630078996,25631.857830644,5.47,3354.73,-0.000132849572764826,30002.826679706573,0.9402505493490025,3.0599679999999935e-06,0.97718924,2.39,0.41,0.36,0.2,0.03,,,,,
4832,19791872,8565,41685.53071597375,26149.74828544751,5.53,3393.54,-0.0002582089109637309,53256.13450431824,0.957386362249963,3.0398975999999925e-06,0.93868685,2.42,0.41,0.35,0.21,0.03,,,,,
4833,19795968,8566,41240.98176944433,25878.147476140304,5.5,3365.56,-0.00034015310757240513,21661.458596229553,0.9987297743791714,3.019827200000005e-06,0.9645333,2.42,0.41,0.35,0.21,0.03,,,,,
4834,19800064,8567,41793.419250876614,26245.664987960077,5.55,3387.5,-0.00017411581393389497,26073.257798671722,0.9265394328394905,2.999756800000004e-06,0.97237706,2.45,0.4,0.35,0.22,0.03,,,,,
4835,19804160,8568,42230.543226144946,26504.40828529256,5.55,3425.96,-0.0003808431174547877,7521.4232630729675,0.9323723338311538,2.979686400000003e-06,0.95706666,2.41,0.41,0.35,0.21,0.03,,,,,
4836,19808256,8569,42544.281773636445,26705.297824778965,5.57,3444.86,-0.00017323560405202443,17901.647500514984,0.9296834461856633,2.9596160000000017e-06,0.96552455,2.41,0.41,0.35,0.21,0.03,,,,,
4837,19812352,8570,42351.90430278455,26600.408780943955,5.56,3431.14,-0.0008360429346794263,10347.243279457092,0.9112598521169275,2.9395456000000006e-06,0.9532558,2.41,0.41,0.35,0.21,0.03,,,,,
4838,19816448,8571,42221.647252088114,26521.262324279785,5.53,3430.02,-0.00029955676473036874,10227.279232501984,1.02909186296165,2.9194751999999996e-06,0.96031135,2.38,0.41,0.36,0.2,0.03,,,,,
4839,19820544,8573,42113.18536257763,26475.593030307744,5.55,3408.24,-3.878511233779136e-05,75594.03221321106,0.9497888586483896,2.8994047999999985e-06,0.8821438,2.43,0.39,0.37,0.21,0.03,,,,,
4840,19824640,8574,41973.94131571762,26389.56303153731,5.54,3400.24,-0.0009693542215245543,6425.035083889961,0.9333099204814062,2.8793343999999974e-06,0.97564816,2.43,0.39,0.37,0.21,0.03,,,,,
4841,19828736,8575,42530.09983556582,26739.200168809683,5.54,3446.27,-0.00029799445837852545,12021.712128639221,0.9099728281144053,2.8592639999999963e-06,0.98031676,2.38,0.4,0.37,0.21,0.02,,,,,
4842,19832832,8576,42566.938984589164,26758.904606191656,5.55,3445.6,-0.0003286350365669932,28651.629153251648,0.965452334145084,2.8391935999999953e-06,0.9674716,2.4,0.4,0.36,0.22,0.02,,,,,
4843,19836928,8577,42530.584349362776,26748.848528389168,5.55,3444.03,-0.0006891588018334005,6672.722587823868,0.9476925930939615,2.819123199999994e-06,0.963682,2.4,0.4,0.36,0.22,0.02,,,,,
4844,19841024,8579,42460.017638184,26694.347589142224,5.55,3449.01,-0.0008867086580721661,12706.135569095612,0.9392242269823328,2.799052799999993e-06,0.9567338,2.39,0.41,0.35,0.22,0.02,,,,,
4845,19845120,8579,42460.017638184,26694.347589142224,5.55,3449.01,-0.00017356486569042318,24717.7302775383,0.9295262575615197,2.778982399999992e-06,0.9744888,2.39,0.41,0.35,0.22,0.02,,,,,
4846,19849216,8583,43075.48767551237,27065.004293980557,5.57,3488.91,-0.00014770123016205616,16304.166152954102,1.0093747980426997,2.758911999999991e-06,0.83083886,2.36,0.41,0.37,0.19,0.03,,,,,
4847,19853312,8584,43118.24199326057,27107.028383570978,5.58,3488.23,-0.0001644712260713277,18143.294593811035,0.9270076447864994,2.73884159999999e-06,0.96410674,2.37,0.41,0.37,0.19,0.03,,,,,
4848,19857408,8585,43138.22982218733,27121.807739137475,5.59,3479.2,-0.00019640247319330228,18382.311371803284,0.9889620397007093,2.718771199999989e-06,0.98086876,2.39,0.4,0.38,0.19,0.03,,,,,
4849,19861504,8586,42802.26881354436,26914.374879510015,5.56,3464.19,-0.00034112662797269877,8097.137635469437,0.9482263004174456,2.6987007999999878e-06,0.94693804,2.37,0.41,0.37,0.19,0.03,,,,,
4850,19865600,8587,42414.7662642306,26662.837015507324,5.53,3441.79,-0.00045510850577556994,11810.175753116608,0.9918744282331318,2.6786303999999867e-06,0.9185764,2.36,0.42,0.36,0.19,0.03,55883.82067155942,35321.51464884683,6.633333333333334,3933.4333333333334,0.0
4851,19869696,8588,42979.377265568546,27007.5903504937,5.56,3481.8,-7.383909178315662e-05,16976.546572208405,0.8913767781341448,2.6585599999999856e-06,0.9730706,2.34,0.43,0.35,0.19,0.03,,,,,
4852,19873792,8589,43471.37921804811,27314.83415295585,5.59,3520.73,-0.00021482222473423462,36546.754755973816,0.9613028320018202,2.638489599999998e-06,0.91921055,2.33,0.43,0.35,0.19,0.03,,,,,
4853,19877888,8591,42684.78208921033,26803.40891694332,5.51,3481.81,-0.00022742976079825894,19825.20840024948,0.9648449533851817,2.618419199999997e-06,0.9273262,2.28,0.45,0.34,0.18,0.03,,,,,
4854,19881984,8592,42815.31669196698,26885.136024502117,5.52,3491.14,-0.0005028545110690175,10706.491447687149,0.9903665842721239,2.598348799999996e-06,0.95917934,2.28,0.45,0.34,0.18,0.03,,,,,
4855,19886080,8593,42775.510222787176,26845.848320611105,5.51,3491.62,-0.00023538069308415288,11590.70980978012,0.9853088957024738,2.578278399999995e-06,0.91386384,2.27,0.46,0.33,0.18,0.03,,,,,
4856,19890176,8594,42422.27180409888,26595.075455231305,5.48,3479.62,-0.0002707157609620481,7352.25341129303,0.9510827426565811,2.5582079999999938e-06,0.97824085,2.25,0.47,0.32,0.18,0.03,,,,,
4857,19894272,8595,42633.03632626436,26723.114748087282,5.47,3499.59,-0.0004758239574584877,7144.8421885967255,0.9679750704672188,2.5381375999999927e-06,0.9386035,2.21,0.48,0.32,0.17,0.03,,,,,
4858,19898368,8597,42454.36869139392,26590.360582693214,5.48,3484.35,-3.9354697946691886e-05,47827.777564525604,1.012496504932642,2.5180671999999916e-06,0.76944125,2.24,0.48,0.31,0.17,0.04,,,,,
4859,19902464,8599,42195.346785659975,26406.500314453737,5.46,3482.76,-0.0001522124348412035,15608.600816488266,0.9598784449044615,2.4979967999999906e-06,0.96489215,2.22,0.48,0.32,0.16,0.04,,,,,
4860,19906560,8600,41317.0961524353,25884.710005750763,5.44,3420.56,-4.825241103389999e-05,47002.95942115784,0.9734720234991983,2.4779263999999895e-06,0.9320314,2.26,0.47,0.32,0.17,0.04,,,,,
4861,19910656,8603,41666.11239827816,26077.651927298397,5.46,3439.56,-0.00019095910465694033,15659.87531042099,1.0457277670502663,2.457856000000002e-06,0.9612797,2.26,0.47,0.32,0.17,0.04,,,,,
4862,19914752,8605,41336.81736057124,25884.66717794993,5.49,3398.94,-0.0003763149461519788,22164.936972141266,0.8942871305625886,2.437785600000001e-06,0.95949537,2.34,0.45,0.32,0.18,0.05,,,,,
4863,19918848,8606,41614.192226102605,26056.432011472512,5.51,3422.02,-0.000313979311613366,12311.095331668854,0.940415404504165,2.4177152e-06,0.9542919,2.33,0.46,0.31,0.18,0.05,,,,,
4864,19922944,8607,41750.794787531544,26121.957067124724,5.48,3434.83,-0.00012174765925010433,16837.611322164536,0.9351152778835967,2.3976447999999987e-06,0.98237264,2.28,0.47,0.31,0.18,0.04,,,,,
4865,19927040,8608,42712.98890940825,26752.323752586333,5.55,3486.21,-4.908052346763725e-05,111505.09206295013,0.9215347184799612,2.3775743999999977e-06,0.933144,2.3,0.47,0.3,0.19,0.04,,,,,
4866,19931136,8609,42983.4904872232,26922.65769184229,5.55,3507.78,-0.000524455896083964,8764.107151389122,0.9700846035266295,2.3575039999999966e-06,0.9624214,2.27,0.47,0.31,0.18,0.04,,,,,
4867,19935232,8609,42983.4904872232,26922.65769184229,5.55,3507.78,-0.0001397938631271245,26948.765652656555,0.9539522759150714,2.3374335999999955e-06,0.97423476,2.27,0.47,0.31,0.18,0.04,,,,,
4868,19939328,8611,42803.303145563594,26806.1965615574,5.51,3512.02,-0.0001473042912039091,34371.99592542648,1.0030095102265477,2.3173631999999944e-06,0.95008177,2.22,0.49,0.3,0.17,0.04,,,,,
4869,19943424,8612,42408.92872278612,26556.20724987165,5.48,3482.2,-0.00030253558998083463,12111.482252836227,0.9764849446946755,2.2972927999999934e-06,0.96745706,2.22,0.49,0.3,0.17,0.04,,,,,
4870,19947520,8613,42936.10666240214,26901.788870164608,5.53,3510.19,-3.8793774365331046e-05,146488.46908664703,0.9132574941031635,2.2772223999999923e-06,0.8518221,2.25,0.48,0.3,0.18,0.04,,,,,
4871,19951616,8613,42936.10666240214,26901.788870164608,5.53,3510.19,-0.00020237997705407906,17632.365122318268,1.0068928695982322,2.2571519999999912e-06,0.97282594,2.25,0.48,0.3,0.18,0.04,,,,,
4872,19955712,8616,42298.68403022303,26500.913830315112,5.48,3464.29,-0.0002545326260587899,16959.84570837021,1.008664289722219,2.23708159999999e-06,0.8370962,2.25,0.47,0.31,0.18,0.04,,,,,
4873,19959808,8617,42962.112646250986,26910.727006407007,5.49,3512.82,-0.00022384363819583086,20281.882085323334,0.9298094663536176,2.217011199999989e-06,0.9670709,2.2,0.48,0.31,0.18,0.03,,,,,
4874,19963904,8618,42962.152525746504,26910.75315489224,5.49,3512.82,-0.00010478500098543009,28001.50375366211,0.9141108221374452,2.196940799999988e-06,0.969351,2.2,0.48,0.31,0.18,0.03,,,,,
4875,19968000,8620,42717.99728083899,26792.324412755184,5.5,3483.85,-9.53223370743217e-05,55363.59568929672,0.9648101590573788,2.1768704000000005e-06,0.9020346,2.25,0.47,0.3,0.2,0.03,56073.98024896511,35410.81583300956,6.766666666666667,4061.4333333333334,0.0
4876,19972096,8621,42873.93545776931,26886.541807992246,5.51,3493.64,-0.0001752397411109996,11179.30524110794,1.005685125826858,2.1567999999999994e-06,0.97181594,2.25,0.47,0.3,0.2,0.03,,,,,
4877,19976192,8622,43017.17021197742,26996.89772595039,5.52,3503.3,-0.0001504821630078368,24104.343886852264,0.9789693731581792,2.1367295999999983e-06,0.9671479,2.25,0.47,0.3,0.2,0.03,,,,,
4878,19980288,8622,43017.17021197742,26996.89772595039,5.52,3503.3,-0.0002094633146043634,16563.92917728424,0.9981403881683946,2.1166591999999973e-06,0.96963406,2.25,0.47,0.3,0.2,0.03,,,,,
4879,19984384,8623,43024.69288400626,26992.57667570623,5.52,3500.63,-0.00010374418434366817,27479.656263828278,0.9943259799620137,2.096588799999996e-06,0.92647195,2.26,0.46,0.31,0.2,0.03,,,,,
4880,19988480,8625,42226.08266305959,26532.97204647017,5.47,3449.96,-7.512707088608295e-05,43609.803159713745,0.9660942286718637,2.076518399999995e-06,0.786766,2.27,0.46,0.31,0.2,0.03,,,,,
4881,19992576,8627,41811.37528763982,26276.3558857968,5.43,3429.58,-0.00022104120944277383,11829.313052654266,1.02722290775273,2.056447999999994e-06,0.90775883,2.24,0.48,0.29,0.2,0.03,,,,,
4882,19996672,8627,41811.37528763982,26276.3558857968,5.43,3429.58,-0.0005259181234578136,9954.697716236115,0.9939106295350939,2.036377599999993e-06,0.9733231,2.24,0.48,0.29,0.2,0.03,,,,,
4883,20000000,8627,41811.37528763982,26276.3558857968,5.43,3429.58,-8.745120766644295e-05,45122.05088160588,1.0058027312446098,2.016307199999992e-06,0.97595924,2.24,0.48,0.29,0.2,0.03,,,,,
