Device: cpu
Config: TrainConfig(env_fps=60, max_episode_steps=10000, max_objects=10, learning_rate=0.0003, gamma=0.99, tau=0.005, alpha=0.2, auto_alpha=True, target_entropy_ratio=0.4, min_alpha=0.05, grad_clip=1.0, buffer_size=1000000, batch_size=256, learning_starts=20000, train_freq=1, gradient_steps=2, total_timesteps=3000000, hidden_sizes=(512, 512, 512, 256), use_layer_norm=True, normalize_obs=True, obs_clip=10.0, frame_stack=4, reward_speed_scale=0.1, reward_fuel_bonus=30.0, reward_crash_penalty=75.0, reward_stage_bonus=1000.0, reward_survival_bonus=0.15, reward_distance_scale=0.1, reward_pothole_penalty=5.0, reward_distance_milestone=40.0, reward_distance_milestone_interval=300, reward_safe_speed_bonus=0.08, randomize_seed=True, seed_range=1000, curriculum_enabled=True, curriculum_graduation_window=100, curriculum_min_episodes_per_stage=150, curriculum_adaptive_eval_interval=50, log_interval=1000, save_interval=10000, checkpoint_dir='rl/sac/checkpoints', eval_episodes=10, eval_deterministic=True, early_stopping_patience=0, device='cpu')
Observation space: 91 (stacked: 364)
Action space: 9

Starting fresh training (--no-resume specified)

Starting SAC training for 3000000 timesteps...
Buffer size: 1000000, Batch size: 256
Auto alpha: True, Initial alpha: 0.2000
Curriculum learning enabled: stage 1/10 (ep 0/150)
Step 1000/3000000 | Episodes: 1 | FPS: 35035
  Mean reward: 1887.2 | Score: 1365 | Stage: 1.0 | Length: 620
  Curriculum: stage 1/10 (ep 1/150) | mean start stage: 1.0
Step 2000/3000000 | Episodes: 2 | FPS: 26626
  Mean reward: 2208.8 | Score: 1484 | Stage: 1.0 | Length: 770
  Curriculum: stage 1/10 (ep 2/150) | mean start stage: 1.0
Step 3000/3000000 | Episodes: 3 | FPS: 25054
  Mean reward: 2602.5 | Score: 1728 | Stage: 1.0 | Length: 787
  Curriculum: stage 1/10 (ep 3/150) | mean start stage: 1.0
Step 4000/3000000 | Episodes: 3 | FPS: 24276
  Mean reward: 2602.5 | Score: 1728 | Stage: 1.0 | Length: 787
  Curriculum: stage 1/10 (ep 3/150) | mean start stage: 1.0
Step 5000/3000000 | Episodes: 4 | FPS: 25775
  Mean reward: 4189.0 | Score: 2512 | Stage: 1.2 | Length: 1072
  Curriculum: stage 1/10 (ep 4/150) | mean start stage: 1.0
Step 6000/3000000 | Episodes: 5 | FPS: 25045
  Mean reward: 3892.4 | Score: 2367 | Stage: 1.2 | Length: 1010
  Curriculum: stage 1/10 (ep 5/150) | mean start stage: 1.0
Step 7000/3000000 | Episodes: 7 | FPS: 26046
  Mean reward: 3465.1 | Score: 2155 | Stage: 1.1 | Length: 970
  Curriculum: stage 1/10 (ep 7/150) | mean start stage: 1.0
Step 8000/3000000 | Episodes: 8 | FPS: 26842
  Mean reward: 3526.4 | Score: 2215 | Stage: 1.1 | Length: 988
  Curriculum: stage 1/10 (ep 8/150) | mean start stage: 1.0
Step 9000/3000000 | Episodes: 9 | FPS: 27517
  Mean reward: 3447.7 | Score: 2174 | Stage: 1.1 | Length: 963
  Curriculum: stage 1/10 (ep 9/150) | mean start stage: 1.0
Step 10000/3000000 | Episodes: 10 | FPS: 28057
  Mean reward: 3279.0 | Score: 2079 | Stage: 1.1 | Length: 930
  Curriculum: stage 1/10 (ep 10/150) | mean start stage: 1.0

  Running evaluation (10 episodes)...
/Users/vmal/.pyenv/versions/3.12.12/lib/python3.12/site-packages/pygame/pkgdata.py:25: UserWarning: pkg_resources is deprecated as an API. See https://setuptools.pypa.io/en/latest/pkg_resources.html. The pkg_resources package is slated for removal as early as 2025-11-30. Refrain from using this package or pin to Setuptools<81.
  from pkg_resources import resource_stream, resource_exists
IMAGEIO FFMPEG_WRITER WARNING: input image is not divisible by macro_block_size=16, resizing from (800, 600) to (800, 608) to ensure video compatibility with most codecs and players. To prevent resizing, make your input image divisible by the macro_block_size or set the macro_block_size to 1 (risking incompatibility).
  Eval reward: 3749.6 ± 2033.6
  Eval score: 2312 | Stage: 1.2 | Length: 861
  Eval range: [1940, 8068]
  Video saved: /Users/vmal/Documents/github/rl-game/cracer-simulation/rl/sac/runs/eval_step_10000.mp4

  New best eval reward: 3749.6 - saved best_eval.pt
Step 11000/3000000 | Episodes: 11 | FPS: 1072
  Mean reward: 3174.4 | Score: 2019 | Stage: 1.1 | Length: 916
  Curriculum: stage 1/10 (ep 11/150) | mean start stage: 1.0
Step 12000/3000000 | Episodes: 13 | FPS: 1166
  Mean reward: 3135.0 | Score: 2009 | Stage: 1.1 | Length: 915
  Curriculum: stage 1/10 (ep 13/150) | mean start stage: 1.0
Step 13000/3000000 | Episodes: 14 | FPS: 1260
  Mean reward: 3074.2 | Score: 1972 | Stage: 1.1 | Length: 909
  Curriculum: stage 1/10 (ep 14/150) | mean start stage: 1.0
Step 14000/3000000 | Episodes: 16 | FPS: 1353
  Mean reward: 2890.0 | Score: 1869 | Stage: 1.1 | Length: 872
  Curriculum: stage 1/10 (ep 16/150) | mean start stage: 1.0
Step 15000/3000000 | Episodes: 17 | FPS: 1446
  Mean reward: 2889.7 | Score: 1870 | Stage: 1.1 | Length: 869
  Curriculum: stage 1/10 (ep 17/150) | mean start stage: 1.0
Step 16000/3000000 | Episodes: 18 | FPS: 1538
  Mean reward: 2879.4 | Score: 1865 | Stage: 1.1 | Length: 863
  Curriculum: stage 1/10 (ep 18/150) | mean start stage: 1.0
Step 17000/3000000 | Episodes: 20 | FPS: 1629
  Mean reward: 2773.9 | Score: 1802 | Stage: 1.1 | Length: 847
  Curriculum: stage 1/10 (ep 20/150) | mean start stage: 1.0
Step 18000/3000000 | Episodes: 21 | FPS: 1720
  Mean reward: 2762.7 | Score: 1794 | Stage: 1.0 | Length: 845
  Curriculum: stage 1/10 (ep 21/150) | mean start stage: 1.0
Step 19000/3000000 | Episodes: 22 | FPS: 1811
  Mean reward: 2817.0 | Score: 1832 | Stage: 1.0 | Length: 861
  Curriculum: stage 1/10 (ep 22/150) | mean start stage: 1.0
Step 20000/3000000 | Episodes: 23 | FPS: 1894
  Mean reward: 2834.7 | Score: 1842 | Stage: 1.0 | Length: 867
  Curriculum: stage 1/10 (ep 23/150) | mean start stage: 1.0
  Q1 loss: 66.5775 | Q2 loss: 67.9154 | Policy loss: -0.8506
  Alpha: 0.1999 | Entropy: 1.9953

  Running evaluation (10 episodes)...
IMAGEIO FFMPEG_WRITER WARNING: input image is not divisible by macro_block_size=16, resizing from (800, 600) to (800, 608) to ensure video compatibility with most codecs and players. To prevent resizing, make your input image divisible by the macro_block_size or set the macro_block_size to 1 (risking incompatibility).
  Eval reward: 8685.8 ± 1967.9
  Eval score: 4769 | Stage: 1.9 | Length: 1144
  Eval range: [3347, 10484]
  Video saved: /Users/vmal/Documents/github/rl-game/cracer-simulation/rl/sac/runs/eval_step_20000.mp4

  New best eval reward: 8685.8 - saved best_eval.pt
Step 21000/3000000 | Episodes: 24 | FPS: 436
  Mean reward: 2804.9 | Score: 1826 | Stage: 1.0 | Length: 853
  Curriculum: stage 1/10 (ep 24/150) | mean start stage: 1.0
  Q1 loss: 268.2928 | Q2 loss: 268.1516 | Policy loss: -35.3541
  Alpha: 0.1749 | Entropy: 0.7480
Step 22000/3000000 | Episodes: 25 | FPS: 305
  Mean reward: 2848.4 | Score: 1853 | Stage: 1.0 | Length: 856
  Curriculum: stage 1/10 (ep 25/150) | mean start stage: 1.0
  Q1 loss: 236.8086 | Q2 loss: 236.4885 | Policy loss: -69.3854
  Alpha: 0.2554 | Entropy: 0.7517
Step 23000/3000000 | Episodes: 26 | FPS: 240
  Mean reward: 3076.1 | Score: 1964 | Stage: 1.1 | Length: 866
  Curriculum: stage 1/10 (ep 26/150) | mean start stage: 1.0
  Q1 loss: 320.0259 | Q2 loss: 318.8979 | Policy loss: -103.3945
  Alpha: 0.3584 | Entropy: 0.8086
Step 24000/3000000 | Episodes: 27 | FPS: 200
  Mean reward: 3038.5 | Score: 1945 | Stage: 1.1 | Length: 857
  Curriculum: stage 1/10 (ep 27/150) | mean start stage: 1.0
  Q1 loss: 87.6900 | Q2 loss: 86.6685 | Policy loss: -136.8166
  Alpha: 0.4444 | Entropy: 0.8573
Step 25000/3000000 | Episodes: 28 | FPS: 174
  Mean reward: 3327.2 | Score: 2104 | Stage: 1.1 | Length: 887
  Curriculum: stage 1/10 (ep 28/150) | mean start stage: 1.0
  Q1 loss: 371.5036 | Q2 loss: 371.3827 | Policy loss: -170.4777
  Alpha: 0.5344 | Entropy: 0.8531
Step 26000/3000000 | Episodes: 29 | FPS: 155
  Mean reward: 3305.8 | Score: 2094 | Stage: 1.1 | Length: 878
  Curriculum: stage 1/10 (ep 29/150) | mean start stage: 1.0
  Q1 loss: 477.9796 | Q2 loss: 475.6790 | Policy loss: -204.5521
  Alpha: 0.6127 | Entropy: 0.8513
Step 27000/3000000 | Episodes: 30 | FPS: 140
  Mean reward: 3294.9 | Score: 2090 | Stage: 1.1 | Length: 876
  Curriculum: stage 1/10 (ep 30/150) | mean start stage: 1.0
  Q1 loss: 114.6127 | Q2 loss: 111.6362 | Policy loss: -236.4609
  Alpha: 0.6524 | Entropy: 0.8672
Step 28000/3000000 | Episodes: 32 | FPS: 128
  Mean reward: 3325.4 | Score: 2111 | Stage: 1.1 | Length: 872
  Curriculum: stage 1/10 (ep 32/150) | mean start stage: 1.0
  Q1 loss: 265.7833 | Q2 loss: 266.2272 | Policy loss: -270.0982
  Alpha: 0.7408 | Entropy: 0.8777
Step 29000/3000000 | Episodes: 33 | FPS: 118
  Mean reward: 3345.6 | Score: 2130 | Stage: 1.1 | Length: 874
  Curriculum: stage 1/10 (ep 33/150) | mean start stage: 1.0
  Q1 loss: 128.5197 | Q2 loss: 126.9736 | Policy loss: -300.7068
  Alpha: 0.7432 | Entropy: 0.8757
Step 30000/3000000 | Episodes: 33 | FPS: 109
  Mean reward: 3345.6 | Score: 2130 | Stage: 1.1 | Length: 874
  Curriculum: stage 1/10 (ep 33/150) | mean start stage: 1.0
  Q1 loss: 502.8755 | Q2 loss: 502.1224 | Policy loss: -329.5829
  Alpha: 0.7397 | Entropy: 0.8795

  Running evaluation (10 episodes)...
IMAGEIO FFMPEG_WRITER WARNING: input image is not divisible by macro_block_size=16, resizing from (800, 600) to (800, 608) to ensure video compatibility with most codecs and players. To prevent resizing, make your input image divisible by the macro_block_size or set the macro_block_size to 1 (risking incompatibility).
  Eval reward: 3675.3 ± 2294.1
  Eval score: 2342 | Stage: 1.1 | Length: 858
  Eval range: [1836, 10270]
  Video saved: /Users/vmal/Documents/github/rl-game/cracer-simulation/rl/sac/runs/eval_step_30000.mp4

Step 31000/3000000 | Episodes: 35 | FPS: 99
  Mean reward: 3492.6 | Score: 2208 | Stage: 1.1 | Length: 885
  Curriculum: stage 1/10 (ep 35/150) | mean start stage: 1.0
  Q1 loss: 766.5680 | Q2 loss: 765.3335 | Policy loss: -356.0625
  Alpha: 0.7733 | Entropy: 0.8844
Step 32000/3000000 | Episodes: 36 | FPS: 94
  Mean reward: 3437.1 | Score: 2177 | Stage: 1.1 | Length: 871
  Curriculum: stage 1/10 (ep 36/150) | mean start stage: 1.0
  Q1 loss: 370.6095 | Q2 loss: 367.0910 | Policy loss: -380.9843
  Alpha: 0.7683 | Entropy: 0.8853
Step 33000/3000000 | Episodes: 37 | FPS: 89
  Mean reward: 3558.2 | Score: 2228 | Stage: 1.1 | Length: 884
  Curriculum: stage 1/10 (ep 37/150) | mean start stage: 1.0
  Q1 loss: 994.6461 | Q2 loss: 992.6390 | Policy loss: -402.4976
  Alpha: 0.7790 | Entropy: 0.8832
Step 34000/3000000 | Episodes: 38 | FPS: 86
  Mean reward: 3532.6 | Score: 2218 | Stage: 1.1 | Length: 877
  Curriculum: stage 1/10 (ep 38/150) | mean start stage: 1.0
  Q1 loss: 564.3380 | Q2 loss: 557.4747 | Policy loss: -419.6825
  Alpha: 0.7727 | Entropy: 0.8777
Step 35000/3000000 | Episodes: 39 | FPS: 82
  Mean reward: 3676.7 | Score: 2292 | Stage: 1.2 | Length: 896
  Curriculum: stage 1/10 (ep 39/150) | mean start stage: 1.0
  Q1 loss: 726.9312 | Q2 loss: 720.8922 | Policy loss: -438.4891
  Alpha: 0.8030 | Entropy: 0.8770
Step 36000/3000000 | Episodes: 40 | FPS: 79
  Mean reward: 3647.1 | Score: 2278 | Stage: 1.1 | Length: 890
  Curriculum: stage 1/10 (ep 40/150) | mean start stage: 1.0
  Q1 loss: 208.2846 | Q2 loss: 206.3269 | Policy loss: -456.3316
  Alpha: 0.8301 | Entropy: 0.8840
Step 37000/3000000 | Episodes: 42 | FPS: 77
  Mean reward: 3546.5 | Score: 2220 | Stage: 1.1 | Length: 873
  Curriculum: stage 1/10 (ep 42/150) | mean start stage: 1.0
  Q1 loss: 357.4264 | Q2 loss: 352.7764 | Policy loss: -471.1492
  Alpha: 0.8382 | Entropy: 0.8835
Step 38000/3000000 | Episodes: 44 | FPS: 74
  Mean reward: 3472.1 | Score: 2178 | Stage: 1.1 | Length: 862
  Curriculum: stage 1/10 (ep 44/150) | mean start stage: 1.0
  Q1 loss: 568.2829 | Q2 loss: 573.9248 | Policy loss: -484.7832
  Alpha: 0.8403 | Entropy: 0.8697
Step 39000/3000000 | Episodes: 45 | FPS: 72
  Mean reward: 3452.2 | Score: 2166 | Stage: 1.1 | Length: 859
  Curriculum: stage 1/10 (ep 45/150) | mean start stage: 1.0
  Q1 loss: 333.9960 | Q2 loss: 335.7758 | Policy loss: -497.6972
  Alpha: 0.8515 | Entropy: 0.8884
Step 40000/3000000 | Episodes: 47 | FPS: 70
  Mean reward: 3406.8 | Score: 2143 | Stage: 1.1 | Length: 848
  Curriculum: stage 1/10 (ep 47/150) | mean start stage: 1.0
  Q1 loss: 436.4926 | Q2 loss: 440.8037 | Policy loss: -509.8727
  Alpha: 0.8932 | Entropy: 0.8737

  Running evaluation (10 episodes)...
IMAGEIO FFMPEG_WRITER WARNING: input image is not divisible by macro_block_size=16, resizing from (800, 600) to (800, 608) to ensure video compatibility with most codecs and players. To prevent resizing, make your input image divisible by the macro_block_size or set the macro_block_size to 1 (risking incompatibility).
  Eval reward: 3485.9 ± 2548.6
  Eval score: 2286 | Stage: 1.1 | Length: 746
  Eval range: [1132, 10649]
  Video saved: /Users/vmal/Documents/github/rl-game/cracer-simulation/rl/sac/runs/eval_step_40000.mp4

Step 41000/3000000 | Episodes: 48 | FPS: 67
  Mean reward: 3386.6 | Score: 2133 | Stage: 1.1 | Length: 843
  Curriculum: stage 1/10 (ep 48/150) | mean start stage: 1.0
  Q1 loss: 268.2814 | Q2 loss: 277.5248 | Policy loss: -518.2928
  Alpha: 0.8868 | Entropy: 0.8614
Step 42000/3000000 | Episodes: 50 | FPS: 66
  Mean reward: 3331.2 | Score: 2105 | Stage: 1.1 | Length: 829
  Curriculum: stage 1/10 (ep 50/150) | mean start stage: 1.0
  Q1 loss: 381.4970 | Q2 loss: 379.9272 | Policy loss: -523.7043
  Alpha: 0.8708 | Entropy: 0.8854
Step 43000/3000000 | Episodes: 52 | FPS: 64
  Mean reward: 3276.3 | Score: 2075 | Stage: 1.1 | Length: 821
  Curriculum: stage 1/10 (ep 52/150) | mean start stage: 1.0
  Q1 loss: 260.5866 | Q2 loss: 266.3234 | Policy loss: -530.4340
  Alpha: 0.8525 | Entropy: 0.8849
Step 44000/3000000 | Episodes: 53 | FPS: 63
  Mean reward: 3249.3 | Score: 2060 | Stage: 1.1 | Length: 818
  Curriculum: stage 1/10 (ep 53/150) | mean start stage: 1.0
  Q1 loss: 506.0444 | Q2 loss: 512.7180 | Policy loss: -535.8128
  Alpha: 0.8491 | Entropy: 0.8764
Step 45000/3000000 | Episodes: 53 | FPS: 62
  Mean reward: 3249.3 | Score: 2060 | Stage: 1.1 | Length: 818
  Curriculum: stage 1/10 (ep 53/150) | mean start stage: 1.0
  Q1 loss: 157.3046 | Q2 loss: 158.3901 | Policy loss: -543.0010
  Alpha: 0.8698 | Entropy: 0.8892
Step 46000/3000000 | Episodes: 54 | FPS: 61
  Mean reward: 3400.4 | Score: 2145 | Stage: 1.1 | Length: 837
  Curriculum: stage 1/10 (ep 54/150) | mean start stage: 1.0
  Q1 loss: 310.8764 | Q2 loss: 314.9898 | Policy loss: -546.4654
  Alpha: 0.8921 | Entropy: 0.8665
Step 47000/3000000 | Episodes: 56 | FPS: 59
  Mean reward: 3384.6 | Score: 2137 | Stage: 1.1 | Length: 835
  Curriculum: stage 1/10 (ep 56/150) | mean start stage: 1.0
  Q1 loss: 169.3703 | Q2 loss: 172.6779 | Policy loss: -552.5241
  Alpha: 0.8982 | Entropy: 0.8736
Step 48000/3000000 | Episodes: 57 | FPS: 58
  Mean reward: 3375.2 | Score: 2134 | Stage: 1.1 | Length: 831
  Curriculum: stage 1/10 (ep 57/150) | mean start stage: 1.0
  Q1 loss: 334.1637 | Q2 loss: 340.0910 | Policy loss: -551.3860
  Alpha: 0.8833 | Entropy: 0.8903
Step 49000/3000000 | Episodes: 58 | FPS: 57
  Mean reward: 3463.3 | Score: 2178 | Stage: 1.1 | Length: 840
  Curriculum: stage 1/10 (ep 58/150) | mean start stage: 1.0
  Q1 loss: 350.3322 | Q2 loss: 351.2791 | Policy loss: -559.8089
  Alpha: 0.9047 | Entropy: 0.8781
Step 50000/3000000 | Episodes: 60 | FPS: 57
  Mean reward: 3427.0 | Score: 2162 | Stage: 1.1 | Length: 833
  Curriculum: stage 1/10 (ep 60/150) | mean start stage: 1.0
  Q1 loss: 500.7290 | Q2 loss: 502.5248 | Policy loss: -560.2052
  Alpha: 0.9325 | Entropy: 0.8707

  Running evaluation (10 episodes)...
IMAGEIO FFMPEG_WRITER WARNING: input image is not divisible by macro_block_size=16, resizing from (800, 600) to (800, 608) to ensure video compatibility with most codecs and players. To prevent resizing, make your input image divisible by the macro_block_size or set the macro_block_size to 1 (risking incompatibility).
  Eval reward: 3198.9 ± 472.0
  Eval score: 2118 | Stage: 1.0 | Length: 747
  Eval range: [2487, 3962]
  Video saved: /Users/vmal/Documents/github/rl-game/cracer-simulation/rl/sac/runs/eval_step_50000.mp4

Step 51000/3000000 | Episodes: 61 | FPS: 55
  Mean reward: 3390.6 | Score: 2141 | Stage: 1.1 | Length: 828
  Curriculum: stage 1/10 (ep 61/150) | mean start stage: 1.0
  Q1 loss: 431.7373 | Q2 loss: 436.6654 | Policy loss: -564.2911
  Alpha: 0.8978 | Entropy: 0.8851
Step 52000/3000000 | Episodes: 63 | FPS: 55
  Mean reward: 3364.9 | Score: 2128 | Stage: 1.1 | Length: 821
  Curriculum: stage 1/10 (ep 63/150) | mean start stage: 1.0
  Q1 loss: 464.4962 | Q2 loss: 483.7916 | Policy loss: -567.9524
  Alpha: 0.9067 | Entropy: 0.8589
Step 53000/3000000 | Episodes: 64 | FPS: 54
  Mean reward: 3337.9 | Score: 2112 | Stage: 1.1 | Length: 818
  Curriculum: stage 1/10 (ep 64/150) | mean start stage: 1.0
  Q1 loss: 212.4504 | Q2 loss: 208.0764 | Policy loss: -565.5404
  Alpha: 0.8932 | Entropy: 0.8818
Step 54000/3000000 | Episodes: 65 | FPS: 53
  Mean reward: 3331.1 | Score: 2109 | Stage: 1.1 | Length: 817
  Curriculum: stage 1/10 (ep 65/150) | mean start stage: 1.0
  Q1 loss: 398.4484 | Q2 loss: 408.9082 | Policy loss: -565.3468
  Alpha: 0.8945 | Entropy: 0.8928
Step 55000/3000000 | Episodes: 66 | FPS: 53
  Mean reward: 3424.3 | Score: 2158 | Stage: 1.1 | Length: 830
  Curriculum: stage 1/10 (ep 66/150) | mean start stage: 1.0
  Q1 loss: 311.4852 | Q2 loss: 308.6736 | Policy loss: -570.8073
  Alpha: 0.9110 | Entropy: 0.8805
Step 56000/3000000 | Episodes: 67 | FPS: 52
  Mean reward: 3423.9 | Score: 2159 | Stage: 1.1 | Length: 830
  Curriculum: stage 1/10 (ep 67/150) | mean start stage: 1.0
  Q1 loss: 437.0891 | Q2 loss: 447.3254 | Policy loss: -568.7237
  Alpha: 0.9293 | Entropy: 0.8821
Step 57000/3000000 | Episodes: 69 | FPS: 52
  Mean reward: 3373.7 | Score: 2131 | Stage: 1.1 | Length: 821
  Curriculum: stage 1/10 (ep 69/150) | mean start stage: 1.0
  Q1 loss: 433.2585 | Q2 loss: 433.0230 | Policy loss: -571.9671
  Alpha: 0.9260 | Entropy: 0.8887
Step 58000/3000000 | Episodes: 70 | FPS: 51
  Mean reward: 3348.9 | Score: 2117 | Stage: 1.1 | Length: 817
  Curriculum: stage 1/10 (ep 70/150) | mean start stage: 1.0
  Q1 loss: 497.2578 | Q2 loss: 498.6421 | Policy loss: -570.2421
  Alpha: 0.9423 | Entropy: 0.8921
Step 59000/3000000 | Episodes: 71 | FPS: 51
  Mean reward: 3456.9 | Score: 2177 | Stage: 1.1 | Length: 830
  Curriculum: stage 1/10 (ep 71/150) | mean start stage: 1.0
  Q1 loss: 542.2958 | Q2 loss: 551.2102 | Policy loss: -581.9474
  Alpha: 0.9549 | Entropy: 0.8743
Step 60000/3000000 | Episodes: 72 | FPS: 50
  Mean reward: 3452.7 | Score: 2176 | Stage: 1.1 | Length: 827
  Curriculum: stage 1/10 (ep 72/150) | mean start stage: 1.0
  Q1 loss: 434.4988 | Q2 loss: 441.3121 | Policy loss: -580.3486
  Alpha: 0.9522 | Entropy: 0.8875

  Running evaluation (10 episodes)...
IMAGEIO FFMPEG_WRITER WARNING: input image is not divisible by macro_block_size=16, resizing from (800, 600) to (800, 608) to ensure video compatibility with most codecs and players. To prevent resizing, make your input image divisible by the macro_block_size or set the macro_block_size to 1 (risking incompatibility).
  Eval reward: 4546.6 ± 3103.9
  Eval score: 2731 | Stage: 1.3 | Length: 877
  Eval range: [1745, 10121]
  Video saved: /Users/vmal/Documents/github/rl-game/cracer-simulation/rl/sac/runs/eval_step_60000.mp4

Step 61000/3000000 | Episodes: 73 | FPS: 50
  Mean reward: 3447.0 | Score: 2176 | Stage: 1.1 | Length: 827
  Curriculum: stage 1/10 (ep 73/150) | mean start stage: 1.0
  Q1 loss: 426.4654 | Q2 loss: 426.6045 | Policy loss: -582.1834
  Alpha: 0.9665 | Entropy: 0.8786
Step 62000/3000000 | Episodes: 74 | FPS: 49
  Mean reward: 3426.8 | Score: 2165 | Stage: 1.1 | Length: 825
  Curriculum: stage 1/10 (ep 74/150) | mean start stage: 1.0
  Q1 loss: 343.3412 | Q2 loss: 354.4299 | Policy loss: -584.6819
  Alpha: 0.9582 | Entropy: 0.8796
Step 63000/3000000 | Episodes: 75 | FPS: 49
  Mean reward: 3518.6 | Score: 2214 | Stage: 1.1 | Length: 837
  Curriculum: stage 1/10 (ep 75/150) | mean start stage: 1.0
  Q1 loss: 599.6369 | Q2 loss: 592.3125 | Policy loss: -588.0643
  Alpha: 0.9800 | Entropy: 0.8736
Step 64000/3000000 | Episodes: 77 | FPS: 48
  Mean reward: 3488.0 | Score: 2199 | Stage: 1.1 | Length: 830
  Curriculum: stage 1/10 (ep 77/150) | mean start stage: 1.0
  Q1 loss: 454.9662 | Q2 loss: 457.8194 | Policy loss: -584.6639
  Alpha: 0.9847 | Entropy: 0.8771
Step 65000/3000000 | Episodes: 78 | FPS: 48
  Mean reward: 3479.4 | Score: 2194 | Stage: 1.1 | Length: 830
  Curriculum: stage 1/10 (ep 78/150) | mean start stage: 1.0
  Q1 loss: 436.0760 | Q2 loss: 433.5767 | Policy loss: -587.6886
  Alpha: 0.9843 | Entropy: 0.8780
Step 66000/3000000 | Episodes: 80 | FPS: 48
  Mean reward: 3448.0 | Score: 2178 | Stage: 1.1 | Length: 824
  Curriculum: stage 1/10 (ep 80/150) | mean start stage: 1.0
  Q1 loss: 544.1373 | Q2 loss: 537.5875 | Policy loss: -586.5867
  Alpha: 1.0024 | Entropy: 0.8503
Step 67000/3000000 | Episodes: 80 | FPS: 48
  Mean reward: 3448.0 | Score: 2178 | Stage: 1.1 | Length: 824
  Curriculum: stage 1/10 (ep 80/150) | mean start stage: 1.0
  Q1 loss: 540.1878 | Q2 loss: 561.9717 | Policy loss: -589.1538
  Alpha: 0.9830 | Entropy: 0.8703
Step 68000/3000000 | Episodes: 82 | FPS: 47
  Mean reward: 3491.0 | Score: 2197 | Stage: 1.1 | Length: 826
  Curriculum: stage 1/10 (ep 82/150) | mean start stage: 1.0
  Q1 loss: 613.1471 | Q2 loss: 607.0149 | Policy loss: -586.5193
  Alpha: 0.9924 | Entropy: 0.8761
Step 69000/3000000 | Episodes: 82 | FPS: 47
  Mean reward: 3491.0 | Score: 2197 | Stage: 1.1 | Length: 826
  Curriculum: stage 1/10 (ep 82/150) | mean start stage: 1.0
  Q1 loss: 382.4421 | Q2 loss: 380.8958 | Policy loss: -590.6569
  Alpha: 0.9995 | Entropy: 0.8846
Step 70000/3000000 | Episodes: 82 | FPS: 47
  Mean reward: 3491.0 | Score: 2197 | Stage: 1.1 | Length: 826
  Curriculum: stage 1/10 (ep 82/150) | mean start stage: 1.0
  Q1 loss: 466.5830 | Q2 loss: 450.0171 | Policy loss: -590.4086
  Alpha: 1.0127 | Entropy: 0.8806

  Running evaluation (10 episodes)...
IMAGEIO FFMPEG_WRITER WARNING: input image is not divisible by macro_block_size=16, resizing from (800, 600) to (800, 608) to ensure video compatibility with most codecs and players. To prevent resizing, make your input image divisible by the macro_block_size or set the macro_block_size to 1 (risking incompatibility).
  Eval reward: 4252.9 ± 3278.7
  Eval score: 2655 | Stage: 1.2 | Length: 903
  Eval range: [1302, 10871]
  Video saved: /Users/vmal/Documents/github/rl-game/cracer-simulation/rl/sac/runs/eval_step_70000.mp4

Step 71000/3000000 | Episodes: 83 | FPS: 46
  Mean reward: 3686.3 | Score: 2299 | Stage: 1.2 | Length: 846
  Curriculum: stage 1/10 (ep 83/150) | mean start stage: 1.0
  Q1 loss: 1015.1400 | Q2 loss: 1001.2634 | Policy loss: -595.7159
  Alpha: 0.9940 | Entropy: 0.8761
Step 72000/3000000 | Episodes: 85 | FPS: 46
  Mean reward: 3655.6 | Score: 2283 | Stage: 1.2 | Length: 843
  Curriculum: stage 1/10 (ep 85/150) | mean start stage: 1.0
  Q1 loss: 345.7004 | Q2 loss: 344.7005 | Policy loss: -591.6211
  Alpha: 0.9829 | Entropy: 0.8872
Step 73000/3000000 | Episodes: 86 | FPS: 46
  Mean reward: 3723.8 | Score: 2319 | Stage: 1.2 | Length: 848
  Curriculum: stage 1/10 (ep 86/150) | mean start stage: 1.0
  Q1 loss: 405.0147 | Q2 loss: 405.2992 | Policy loss: -597.1676
  Alpha: 0.9822 | Entropy: 0.8889
Step 74000/3000000 | Episodes: 87 | FPS: 45
  Mean reward: 3723.6 | Score: 2321 | Stage: 1.2 | Length: 850
  Curriculum: stage 1/10 (ep 87/150) | mean start stage: 1.0
  Q1 loss: 599.7015 | Q2 loss: 566.6808 | Policy loss: -598.4282
  Alpha: 0.9904 | Entropy: 0.8772
Step 75000/3000000 | Episodes: 88 | FPS: 45
  Mean reward: 3717.2 | Score: 2318 | Stage: 1.2 | Length: 848
  Curriculum: stage 1/10 (ep 88/150) | mean start stage: 1.0
  Q1 loss: 355.1679 | Q2 loss: 345.4615 | Policy loss: -599.2797
  Alpha: 0.9957 | Entropy: 0.8778
Step 76000/3000000 | Episodes: 88 | FPS: 45
  Mean reward: 3717.2 | Score: 2318 | Stage: 1.2 | Length: 848
  Curriculum: stage 1/10 (ep 88/150) | mean start stage: 1.0
  Q1 loss: 199.2019 | Q2 loss: 208.2831 | Policy loss: -600.9315
  Alpha: 1.0195 | Entropy: 0.8921
Step 77000/3000000 | Episodes: 90 | FPS: 44
  Mean reward: 3771.8 | Score: 2349 | Stage: 1.2 | Length: 855
  Curriculum: stage 1/10 (ep 90/150) | mean start stage: 1.0
  Q1 loss: 382.9745 | Q2 loss: 391.1883 | Policy loss: -600.9672
  Alpha: 1.0023 | Entropy: 0.8731
Step 78000/3000000 | Episodes: 91 | FPS: 44
  Mean reward: 3758.5 | Score: 2342 | Stage: 1.2 | Length: 855
  Curriculum: stage 1/10 (ep 91/150) | mean start stage: 1.0
  Q1 loss: 294.7336 | Q2 loss: 291.2278 | Policy loss: -598.2813
  Alpha: 1.0183 | Entropy: 0.8809
Step 79000/3000000 | Episodes: 92 | FPS: 44
  Mean reward: 3740.9 | Score: 2333 | Stage: 1.2 | Length: 852
  Curriculum: stage 1/10 (ep 92/150) | mean start stage: 1.0
  Q1 loss: 426.3746 | Q2 loss: 428.3878 | Policy loss: -600.3740
  Alpha: 1.0127 | Entropy: 0.8832
Step 80000/3000000 | Episodes: 93 | FPS: 44
  Mean reward: 3732.9 | Score: 2330 | Stage: 1.2 | Length: 850
  Curriculum: stage 1/10 (ep 93/150) | mean start stage: 1.0
  Q1 loss: 467.5514 | Q2 loss: 520.6318 | Policy loss: -603.1940
  Alpha: 0.9966 | Entropy: 0.8758

  Running evaluation (10 episodes)...
IMAGEIO FFMPEG_WRITER WARNING: input image is not divisible by macro_block_size=16, resizing from (800, 600) to (800, 608) to ensure video compatibility with most codecs and players. To prevent resizing, make your input image divisible by the macro_block_size or set the macro_block_size to 1 (risking incompatibility).
  Eval reward: 3716.6 ± 2458.9
  Eval score: 2278 | Stage: 1.2 | Length: 756
  Eval range: [1090, 8533]
  Video saved: /Users/vmal/Documents/github/rl-game/cracer-simulation/rl/sac/runs/eval_step_80000.mp4

Step 81000/3000000 | Episodes: 94 | FPS: 43
  Mean reward: 3789.0 | Score: 2358 | Stage: 1.2 | Length: 857
  Curriculum: stage 1/10 (ep 94/150) | mean start stage: 1.0
  Q1 loss: 370.1233 | Q2 loss: 324.8840 | Policy loss: -604.7359
  Alpha: 1.0053 | Entropy: 0.8789
Step 82000/3000000 | Episodes: 95 | FPS: 43
  Mean reward: 3833.9 | Score: 2378 | Stage: 1.2 | Length: 859
  Curriculum: stage 1/10 (ep 95/150) | mean start stage: 1.0
  Q1 loss: 450.7130 | Q2 loss: 418.8165 | Policy loss: -607.9687
  Alpha: 1.0070 | Entropy: 0.8648
Step 83000/3000000 | Episodes: 97 | FPS: 43
  Mean reward: 3794.4 | Score: 2356 | Stage: 1.2 | Length: 851
  Curriculum: stage 1/10 (ep 97/150) | mean start stage: 1.0
  Q1 loss: 457.7311 | Q2 loss: 441.7144 | Policy loss: -603.0432
  Alpha: 1.0042 | Entropy: 0.8913
Step 84000/3000000 | Episodes: 98 | FPS: 43
  Mean reward: 3839.9 | Score: 2377 | Stage: 1.2 | Length: 854
  Curriculum: stage 1/10 (ep 98/150) | mean start stage: 1.0
  Q1 loss: 550.7831 | Q2 loss: 436.2383 | Policy loss: -604.3790
  Alpha: 1.0059 | Entropy: 0.8735
Step 85000/3000000 | Episodes: 100 | FPS: 42
  Mean reward: 3806.1 | Score: 2361 | Stage: 1.2 | Length: 847
  Curriculum: stage 1/10 (ep 100/150) | mean start stage: 1.0
  Q1 loss: 921.8748 | Q2 loss: 914.3911 | Policy loss: -602.6473
  Alpha: 1.0026 | Entropy: 0.8664
Step 86000/3000000 | Episodes: 101 | FPS: 42
  Mean reward: 3820.7 | Score: 2371 | Stage: 1.2 | Length: 847
  Curriculum: stage 1/10 (ep 101/150) | mean start stage: 1.0
  Q1 loss: 613.6528 | Q2 loss: 605.4668 | Policy loss: -604.0891
  Alpha: 0.9710 | Entropy: 0.8821
Step 87000/3000000 | Episodes: 102 | FPS: 42
  Mean reward: 3872.6 | Score: 2396 | Stage: 1.2 | Length: 849
  Curriculum: stage 1/10 (ep 102/150) | mean start stage: 1.0
  Q1 loss: 561.7042 | Q2 loss: 586.6321 | Policy loss: -602.3261
  Alpha: 0.9795 | Entropy: 0.8765
Step 88000/3000000 | Episodes: 103 | FPS: 42
  Mean reward: 3870.0 | Score: 2395 | Stage: 1.2 | Length: 848
  Curriculum: stage 1/10 (ep 103/150) | mean start stage: 1.0
  Q1 loss: 512.6485 | Q2 loss: 628.9842 | Policy loss: -605.8691
  Alpha: 0.9679 | Entropy: 0.8914
Step 89000/3000000 | Episodes: 104 | FPS: 42
  Mean reward: 3895.2 | Score: 2413 | Stage: 1.2 | Length: 845
  Curriculum: stage 1/10 (ep 104/150) | mean start stage: 1.0
  Q1 loss: 501.2174 | Q2 loss: 490.9741 | Policy loss: -603.0567
  Alpha: 1.0095 | Entropy: 0.8699
Step 90000/3000000 | Episodes: 105 | FPS: 42
  Mean reward: 3894.2 | Score: 2413 | Stage: 1.2 | Length: 844
  Curriculum: stage 1/10 (ep 105/150) | mean start stage: 1.0
  Q1 loss: 444.8998 | Q2 loss: 438.4853 | Policy loss: -598.9545
  Alpha: 0.9979 | Entropy: 0.8789

  Running evaluation (10 episodes)...
IMAGEIO FFMPEG_WRITER WARNING: input image is not divisible by macro_block_size=16, resizing from (800, 600) to (800, 608) to ensure video compatibility with most codecs and players. To prevent resizing, make your input image divisible by the macro_block_size or set the macro_block_size to 1 (risking incompatibility).
  Eval reward: 2989.4 ± 1914.3
  Eval score: 1927 | Stage: 1.1 | Length: 702
  Eval range: [1248, 8533]
  Video saved: /Users/vmal/Documents/github/rl-game/cracer-simulation/rl/sac/runs/eval_step_90000.mp4

Step 91000/3000000 | Episodes: 106 | FPS: 41
  Mean reward: 3889.2 | Score: 2409 | Stage: 1.2 | Length: 840
  Curriculum: stage 1/10 (ep 106/150) | mean start stage: 1.0
  Q1 loss: 445.8618 | Q2 loss: 430.9794 | Policy loss: -595.7614
  Alpha: 0.9884 | Entropy: 0.8817
Step 92000/3000000 | Episodes: 107 | FPS: 41
  Mean reward: 3955.7 | Score: 2443 | Stage: 1.2 | Length: 847
  Curriculum: stage 1/10 (ep 107/150) | mean start stage: 1.0
  Q1 loss: 719.9860 | Q2 loss: 819.2375 | Policy loss: -600.0284
  Alpha: 0.9763 | Entropy: 0.8710
Step 93000/3000000 | Episodes: 110 | FPS: 41
  Mean reward: 3931.5 | Score: 2429 | Stage: 1.2 | Length: 836
  Curriculum: stage 1/10 (ep 110/150) | mean start stage: 1.0
  Q1 loss: 352.2177 | Q2 loss: 301.1716 | Policy loss: -594.8725
  Alpha: 0.9621 | Entropy: 0.8876
Step 94000/3000000 | Episodes: 112 | FPS: 41
  Mean reward: 3925.1 | Score: 2425 | Stage: 1.2 | Length: 829
  Curriculum: stage 1/10 (ep 112/150) | mean start stage: 1.0
  Q1 loss: 266.0526 | Q2 loss: 329.5745 | Policy loss: -594.1265
  Alpha: 0.9728 | Entropy: 0.8699
Step 95000/3000000 | Episodes: 112 | FPS: 41
  Mean reward: 3925.1 | Score: 2425 | Stage: 1.2 | Length: 829
  Curriculum: stage 1/10 (ep 112/150) | mean start stage: 1.0
  Q1 loss: 267.9470 | Q2 loss: 276.6602 | Policy loss: -595.7086
  Alpha: 0.9618 | Entropy: 0.8740
Step 96000/3000000 | Episodes: 113 | FPS: 41
  Mean reward: 3978.5 | Score: 2452 | Stage: 1.2 | Length: 833
  Curriculum: stage 1/10 (ep 113/150) | mean start stage: 1.0
  Q1 loss: 250.4635 | Q2 loss: 227.2629 | Policy loss: -595.2478
  Alpha: 0.9710 | Entropy: 0.8758
Step 97000/3000000 | Episodes: 114 | FPS: 40
  Mean reward: 4071.3 | Score: 2504 | Stage: 1.2 | Length: 842
  Curriculum: stage 1/10 (ep 114/150) | mean start stage: 1.0
  Q1 loss: 459.2061 | Q2 loss: 425.2952 | Policy loss: -597.2006
  Alpha: 0.9826 | Entropy: 0.8660
Step 98000/3000000 | Episodes: 115 | FPS: 40
  Mean reward: 4080.5 | Score: 2510 | Stage: 1.2 | Length: 842
  Curriculum: stage 1/10 (ep 115/150) | mean start stage: 1.0
  Q1 loss: 747.5794 | Q2 loss: 551.1014 | Policy loss: -594.9869
  Alpha: 0.9711 | Entropy: 0.8625
Step 99000/3000000 | Episodes: 116 | FPS: 40
  Mean reward: 4091.3 | Score: 2516 | Stage: 1.2 | Length: 842
  Curriculum: stage 1/10 (ep 116/150) | mean start stage: 1.0
  Q1 loss: 766.5275 | Q2 loss: 585.2218 | Policy loss: -591.2636
  Alpha: 0.9618 | Entropy: 0.8733
Step 100000/3000000 | Episodes: 117 | FPS: 40
  Mean reward: 4141.3 | Score: 2540 | Stage: 1.2 | Length: 847
  Curriculum: stage 1/10 (ep 117/150) | mean start stage: 1.0
  Q1 loss: 402.6694 | Q2 loss: 385.9743 | Policy loss: -590.1003
  Alpha: 0.9698 | Entropy: 0.8817

  Running evaluation (10 episodes)...
IMAGEIO FFMPEG_WRITER WARNING: input image is not divisible by macro_block_size=16, resizing from (800, 600) to (800, 608) to ensure video compatibility with most codecs and players. To prevent resizing, make your input image divisible by the macro_block_size or set the macro_block_size to 1 (risking incompatibility).
  Eval reward: 3812.6 ± 2142.0
  Eval score: 2365 | Stage: 1.2 | Length: 818
  Eval range: [1189, 7936]
  Video saved: /Users/vmal/Documents/github/rl-game/cracer-simulation/rl/sac/runs/eval_step_100000.mp4

Step 101000/3000000 | Episodes: 118 | FPS: 40
  Mean reward: 4137.5 | Score: 2538 | Stage: 1.2 | Length: 847
  Curriculum: stage 1/10 (ep 118/150) | mean start stage: 1.0
  Q1 loss: 321.9991 | Q2 loss: 326.1319 | Policy loss: -593.1692
  Alpha: 0.9894 | Entropy: 0.8662
Step 102000/3000000 | Episodes: 119 | FPS: 40
  Mean reward: 4198.2 | Score: 2569 | Stage: 1.2 | Length: 850
  Curriculum: stage 1/10 (ep 119/150) | mean start stage: 1.0
  Q1 loss: 546.5611 | Q2 loss: 507.9072 | Policy loss: -594.7916
  Alpha: 0.9865 | Entropy: 0.8727
Step 103000/3000000 | Episodes: 121 | FPS: 40
  Mean reward: 4217.0 | Score: 2582 | Stage: 1.2 | Length: 850
  Curriculum: stage 1/10 (ep 121/150) | mean start stage: 1.0
  Q1 loss: 605.8175 | Q2 loss: 612.2444 | Policy loss: -594.5907
  Alpha: 0.9762 | Entropy: 0.8794
Step 104000/3000000 | Episodes: 122 | FPS: 39
  Mean reward: 4209.2 | Score: 2576 | Stage: 1.2 | Length: 846
  Curriculum: stage 1/10 (ep 122/150) | mean start stage: 1.0
  Q1 loss: 612.2806 | Q2 loss: 600.6572 | Policy loss: -593.5048
  Alpha: 0.9853 | Entropy: 0.8717
Step 105000/3000000 | Episodes: 123 | FPS: 39
  Mean reward: 4213.0 | Score: 2579 | Stage: 1.2 | Length: 843
  Curriculum: stage 1/10 (ep 123/150) | mean start stage: 1.0
  Q1 loss: 499.6924 | Q2 loss: 488.3198 | Policy loss: -596.2973
  Alpha: 0.9724 | Entropy: 0.8788
Step 106000/3000000 | Episodes: 125 | FPS: 39
  Mean reward: 4207.2 | Score: 2575 | Stage: 1.2 | Length: 843
  Curriculum: stage 1/10 (ep 125/150) | mean start stage: 1.0
  Q1 loss: 521.2639 | Q2 loss: 499.8297 | Policy loss: -592.5407
  Alpha: 0.9780 | Entropy: 0.8747
Step 107000/3000000 | Episodes: 125 | FPS: 39
  Mean reward: 4207.2 | Score: 2575 | Stage: 1.2 | Length: 843
  Curriculum: stage 1/10 (ep 125/150) | mean start stage: 1.0
  Q1 loss: 426.9316 | Q2 loss: 396.6890 | Policy loss: -595.5136
  Alpha: 0.9764 | Entropy: 0.8719
Step 108000/3000000 | Episodes: 126 | FPS: 39
  Mean reward: 4236.0 | Score: 2595 | Stage: 1.2 | Length: 849
  Curriculum: stage 1/10 (ep 126/150) | mean start stage: 1.0
  Q1 loss: 290.4263 | Q2 loss: 247.5295 | Policy loss: -590.7768
  Alpha: 0.9819 | Entropy: 0.8751
Step 109000/3000000 | Episodes: 128 | FPS: 39
  Mean reward: 4168.0 | Score: 2559 | Stage: 1.2 | Length: 841
  Curriculum: stage 1/10 (ep 128/150) | mean start stage: 1.0
  Q1 loss: 281.6585 | Q2 loss: 293.8131 | Policy loss: -593.4601
  Alpha: 0.9803 | Entropy: 0.8807
Step 110000/3000000 | Episodes: 129 | FPS: 39
  Mean reward: 4166.4 | Score: 2557 | Stage: 1.2 | Length: 842
  Curriculum: stage 1/10 (ep 129/150) | mean start stage: 1.0
  Q1 loss: 324.6652 | Q2 loss: 311.7367 | Policy loss: -590.8484
  Alpha: 0.9791 | Entropy: 0.8812

  Running evaluation (10 episodes)...
IMAGEIO FFMPEG_WRITER WARNING: input image is not divisible by macro_block_size=16, resizing from (800, 600) to (800, 608) to ensure video compatibility with most codecs and players. To prevent resizing, make your input image divisible by the macro_block_size or set the macro_block_size to 1 (risking incompatibility).
  Eval reward: 3826.1 ± 1753.4
  Eval score: 2468 | Stage: 1.1 | Length: 819
  Eval range: [2334, 8945]
  Video saved: /Users/vmal/Documents/github/rl-game/cracer-simulation/rl/sac/runs/eval_step_110000.mp4

Step 111000/3000000 | Episodes: 130 | FPS: 39
  Mean reward: 4160.7 | Score: 2554 | Stage: 1.2 | Length: 839
  Curriculum: stage 1/10 (ep 130/150) | mean start stage: 1.0
  Q1 loss: 244.7826 | Q2 loss: 322.4539 | Policy loss: -590.1887
  Alpha: 0.9779 | Entropy: 0.8905
Step 112000/3000000 | Episodes: 132 | FPS: 39
  Mean reward: 4137.7 | Score: 2541 | Stage: 1.2 | Length: 838
  Curriculum: stage 1/10 (ep 132/150) | mean start stage: 1.0
  Q1 loss: 253.8629 | Q2 loss: 235.5444 | Policy loss: -590.3270
  Alpha: 0.9739 | Entropy: 0.8881
Step 113000/3000000 | Episodes: 133 | FPS: 39
  Mean reward: 4126.1 | Score: 2534 | Stage: 1.2 | Length: 836
  Curriculum: stage 1/10 (ep 133/150) | mean start stage: 1.0
  Q1 loss: 535.2158 | Q2 loss: 533.9692 | Policy loss: -591.8897
  Alpha: 0.9716 | Entropy: 0.8776
Step 114000/3000000 | Episodes: 134 | FPS: 39
  Mean reward: 4055.9 | Score: 2497 | Stage: 1.2 | Length: 827
  Curriculum: stage 1/10 (ep 134/150) | mean start stage: 1.0
  Q1 loss: 518.5676 | Q2 loss: 483.3379 | Policy loss: -590.7067
  Alpha: 0.9651 | Entropy: 0.8857
Step 115000/3000000 | Episodes: 136 | FPS: 39
  Mean reward: 4129.0 | Score: 2535 | Stage: 1.2 | Length: 835
  Curriculum: stage 1/10 (ep 136/150) | mean start stage: 1.0
  Q1 loss: 274.0410 | Q2 loss: 350.6642 | Policy loss: -590.0332
  Alpha: 0.9732 | Entropy: 0.8728
Step 116000/3000000 | Episodes: 137 | FPS: 39
  Mean reward: 4081.7 | Score: 2515 | Stage: 1.2 | Length: 829
  Curriculum: stage 1/10 (ep 137/150) | mean start stage: 1.0
  Q1 loss: 252.6671 | Q2 loss: 242.0197 | Policy loss: -587.9486
  Alpha: 0.9545 | Entropy: 0.8873
Step 117000/3000000 | Episodes: 138 | FPS: 39
  Mean reward: 4087.1 | Score: 2517 | Stage: 1.2 | Length: 831
  Curriculum: stage 1/10 (ep 138/150) | mean start stage: 1.0
  Q1 loss: 470.2352 | Q2 loss: 474.2596 | Policy loss: -581.8544
  Alpha: 0.9494 | Entropy: 0.8941
Step 118000/3000000 | Episodes: 139 | FPS: 38
  Mean reward: 4024.1 | Score: 2486 | Stage: 1.2 | Length: 822
  Curriculum: stage 1/10 (ep 139/150) | mean start stage: 1.0
  Q1 loss: 369.2503 | Q2 loss: 343.5991 | Policy loss: -586.2356
  Alpha: 0.9487 | Entropy: 0.8665
Step 119000/3000000 | Episodes: 141 | FPS: 38
  Mean reward: 4085.4 | Score: 2515 | Stage: 1.2 | Length: 826
  Curriculum: stage 1/10 (ep 141/150) | mean start stage: 1.0
  Q1 loss: 350.2814 | Q2 loss: 335.9370 | Policy loss: -583.7921
  Alpha: 0.9231 | Entropy: 0.8806
Step 120000/3000000 | Episodes: 142 | FPS: 38
  Mean reward: 4108.4 | Score: 2529 | Stage: 1.2 | Length: 828
  Curriculum: stage 1/10 (ep 142/150) | mean start stage: 1.0
  Q1 loss: 449.2456 | Q2 loss: 466.1320 | Policy loss: -580.3644
  Alpha: 0.9182 | Entropy: 0.8831

  Running evaluation (10 episodes)...
IMAGEIO FFMPEG_WRITER WARNING: input image is not divisible by macro_block_size=16, resizing from (800, 600) to (800, 608) to ensure video compatibility with most codecs and players. To prevent resizing, make your input image divisible by the macro_block_size or set the macro_block_size to 1 (risking incompatibility).
  Eval reward: 4564.9 ± 3167.4
  Eval score: 2751 | Stage: 1.3 | Length: 834
  Eval range: [1278, 11108]
  Video saved: /Users/vmal/Documents/github/rl-game/cracer-simulation/rl/sac/runs/eval_step_120000.mp4

Step 121000/3000000 | Episodes: 144 | FPS: 38
  Mean reward: 4108.6 | Score: 2530 | Stage: 1.2 | Length: 826
  Curriculum: stage 1/10 (ep 144/150) | mean start stage: 1.0
  Q1 loss: 380.0064 | Q2 loss: 467.2695 | Policy loss: -582.5166
  Alpha: 0.9211 | Entropy: 0.8872
Step 122000/3000000 | Episodes: 146 | FPS: 38
  Mean reward: 4107.5 | Score: 2530 | Stage: 1.2 | Length: 825
  Curriculum: stage 1/10 (ep 146/150) | mean start stage: 1.0
  Q1 loss: 486.5373 | Q2 loss: 469.2751 | Policy loss: -577.5892
  Alpha: 0.9150 | Entropy: 0.8812
Step 123000/3000000 | Episodes: 146 | FPS: 38
  Mean reward: 4107.5 | Score: 2530 | Stage: 1.2 | Length: 825
  Curriculum: stage 1/10 (ep 146/150) | mean start stage: 1.0
  Q1 loss: 505.0782 | Q2 loss: 465.9456 | Policy loss: -578.0687
  Alpha: 0.9296 | Entropy: 0.8795
Step 124000/3000000 | Episodes: 148 | FPS: 38
  Mean reward: 4186.7 | Score: 2573 | Stage: 1.2 | Length: 834
  Curriculum: stage 1/10 (ep 148/150) | mean start stage: 1.0
  Q1 loss: 459.2782 | Q2 loss: 492.3837 | Policy loss: -579.0421
  Alpha: 0.9201 | Entropy: 0.8693
Step 125000/3000000 | Episodes: 149 | FPS: 38
  Mean reward: 4189.2 | Score: 2575 | Stage: 1.2 | Length: 835
  Curriculum: stage 1/10 (ep 149/150) | mean start stage: 1.0
  Q1 loss: 797.2613 | Q2 loss: 679.8488 | Policy loss: -576.9695
  Alpha: 0.9014 | Entropy: 0.8709

  CURRICULUM: Graduated stage 1 -> 2 (reward=4211.9, comp=0.23)

Step 126000/3000000 | Episodes: 150 | FPS: 38
  Mean reward: 4211.9 | Score: 2589 | Stage: 1.2 | Length: 840
  Curriculum: stage 2/10 (ep 0/150) | mean start stage: 1.0
  Q1 loss: 369.4796 | Q2 loss: 365.6709 | Policy loss: -574.8591
  Alpha: 0.8846 | Entropy: 0.8815
Step 127000/3000000 | Episodes: 151 | FPS: 38
  Mean reward: 4230.9 | Score: 2601 | Stage: 1.2 | Length: 841
  Curriculum: stage 2/10 (ep 1/150) | mean start stage: 1.0
  Q1 loss: 463.6207 | Q2 loss: 443.5111 | Policy loss: -577.0045
  Alpha: 0.8932 | Entropy: 0.8765
Step 128000/3000000 | Episodes: 152 | FPS: 38
  Mean reward: 4310.6 | Score: 2642 | Stage: 1.3 | Length: 850
  Curriculum: stage 2/10 (ep 2/150) | mean start stage: 1.0
  Q1 loss: 466.3889 | Q2 loss: 502.3583 | Policy loss: -574.2136
  Alpha: 0.8956 | Entropy: 0.8846
Step 129000/3000000 | Episodes: 153 | FPS: 38
  Mean reward: 4311.4 | Score: 2643 | Stage: 1.3 | Length: 849
  Curriculum: stage 2/10 (ep 3/150) | mean start stage: 1.0
  Q1 loss: 293.7573 | Q2 loss: 244.1870 | Policy loss: -572.6440
  Alpha: 0.8862 | Entropy: 0.8934
Step 130000/3000000 | Episodes: 154 | FPS: 38
  Mean reward: 4307.4 | Score: 2640 | Stage: 1.3 | Length: 846
  Curriculum: stage 2/10 (ep 4/150) | mean start stage: 1.0
  Q1 loss: 554.0756 | Q2 loss: 505.0505 | Policy loss: -573.9924
  Alpha: 0.9103 | Entropy: 0.8663

  Running evaluation (10 episodes)...
IMAGEIO FFMPEG_WRITER WARNING: input image is not divisible by macro_block_size=16, resizing from (800, 600) to (800, 608) to ensure video compatibility with most codecs and players. To prevent resizing, make your input image divisible by the macro_block_size or set the macro_block_size to 1 (risking incompatibility).
  Eval reward: 5308.0 ± 5174.3
  Eval score: 3210 | Stage: 1.3 | Length: 944
  Eval range: [2571, 20230]
  Video saved: /Users/vmal/Documents/github/rl-game/cracer-simulation/rl/sac/runs/eval_step_130000.mp4

Step 131000/3000000 | Episodes: 155 | FPS: 38
  Mean reward: 4313.2 | Score: 2645 | Stage: 1.3 | Length: 845
  Curriculum: stage 2/10 (ep 5/150) | mean start stage: 1.0
  Q1 loss: 370.1600 | Q2 loss: 413.3966 | Policy loss: -572.8545
  Alpha: 0.8770 | Entropy: 0.8742
Step 132000/3000000 | Episodes: 156 | FPS: 38
  Mean reward: 4316.7 | Score: 2647 | Stage: 1.3 | Length: 846
  Curriculum: stage 2/10 (ep 6/150) | mean start stage: 1.0
  Q1 loss: 460.0257 | Q2 loss: 438.3590 | Policy loss: -569.4221
  Alpha: 0.8744 | Entropy: 0.8842
Step 133000/3000000 | Episodes: 159 | FPS: 38
  Mean reward: 4244.2 | Score: 2609 | Stage: 1.3 | Length: 833
  Curriculum: stage 2/10 (ep 9/150) | mean start stage: 1.0
  Q1 loss: 318.0689 | Q2 loss: 318.8859 | Policy loss: -567.8702
  Alpha: 0.8641 | Entropy: 0.9051
Step 134000/3000000 | Episodes: 160 | FPS: 38
  Mean reward: 4260.3 | Score: 2619 | Stage: 1.3 | Length: 836
  Curriculum: stage 2/10 (ep 10/150) | mean start stage: 1.0
  Q1 loss: 311.3161 | Q2 loss: 336.9776 | Policy loss: -571.6074
  Alpha: 0.8726 | Entropy: 0.8780
Step 135000/3000000 | Episodes: 161 | FPS: 38
  Mean reward: 4276.2 | Score: 2629 | Stage: 1.3 | Length: 836
  Curriculum: stage 2/10 (ep 11/150) | mean start stage: 1.0
  Q1 loss: 414.1150 | Q2 loss: 399.4141 | Policy loss: -572.2911
  Alpha: 0.8830 | Entropy: 0.8689
Step 136000/3000000 | Episodes: 161 | FPS: 37
  Mean reward: 4276.2 | Score: 2629 | Stage: 1.3 | Length: 836
  Curriculum: stage 2/10 (ep 11/150) | mean start stage: 1.0
  Q1 loss: 373.9085 | Q2 loss: 363.7972 | Policy loss: -572.9068
  Alpha: 0.8934 | Entropy: 0.8800
Step 137000/3000000 | Episodes: 163 | FPS: 37
  Mean reward: 4431.1 | Score: 2707 | Stage: 1.3 | Length: 852
  Curriculum: stage 2/10 (ep 13/150) | mean start stage: 1.1
  Q1 loss: 640.2989 | Q2 loss: 641.7037 | Policy loss: -577.8580
  Alpha: 0.8732 | Entropy: 0.8851
Step 138000/3000000 | Episodes: 163 | FPS: 37
  Mean reward: 4431.1 | Score: 2707 | Stage: 1.3 | Length: 852
  Curriculum: stage 2/10 (ep 13/150) | mean start stage: 1.1
  Q1 loss: 519.4276 | Q2 loss: 475.2720 | Policy loss: -573.2086
  Alpha: 0.8673 | Entropy: 0.8810
Step 139000/3000000 | Episodes: 164 | FPS: 37
  Mean reward: 4501.0 | Score: 2743 | Stage: 1.3 | Length: 858
  Curriculum: stage 2/10 (ep 14/150) | mean start stage: 1.1
  Q1 loss: 208.7588 | Q2 loss: 213.2482 | Policy loss: -577.1174
  Alpha: 0.8756 | Entropy: 0.8754
Step 140000/3000000 | Episodes: 165 | FPS: 37
  Mean reward: 4567.6 | Score: 2778 | Stage: 1.3 | Length: 864
  Curriculum: stage 2/10 (ep 15/150) | mean start stage: 1.1
  Q1 loss: 478.8901 | Q2 loss: 488.4814 | Policy loss: -583.5657
  Alpha: 0.8603 | Entropy: 0.8972

  Running evaluation (10 episodes)...
IMAGEIO FFMPEG_WRITER WARNING: input image is not divisible by macro_block_size=16, resizing from (800, 600) to (800, 608) to ensure video compatibility with most codecs and players. To prevent resizing, make your input image divisible by the macro_block_size or set the macro_block_size to 1 (risking incompatibility).
  Eval reward: 4027.1 ± 2066.4
  Eval score: 2494 | Stage: 1.2 | Length: 775
  Eval range: [2519, 8294]
  Video saved: /Users/vmal/Documents/github/rl-game/cracer-simulation/rl/sac/runs/eval_step_140000.mp4

Step 141000/3000000 | Episodes: 166 | FPS: 37
  Mean reward: 4512.8 | Score: 2752 | Stage: 1.3 | Length: 856
  Curriculum: stage 2/10 (ep 16/150) | mean start stage: 1.1
  Q1 loss: 416.3966 | Q2 loss: 409.3992 | Policy loss: -576.7000
  Alpha: 0.8623 | Entropy: 0.8647
Step 142000/3000000 | Episodes: 168 | FPS: 37
  Mean reward: 4521.5 | Score: 2757 | Stage: 1.3 | Length: 855
  Curriculum: stage 2/10 (ep 18/150) | mean start stage: 1.1
  Q1 loss: 230.0329 | Q2 loss: 220.2677 | Policy loss: -576.9007
  Alpha: 0.8784 | Entropy: 0.8887
Step 143000/3000000 | Episodes: 169 | FPS: 37
  Mean reward: 4614.4 | Score: 2803 | Stage: 1.4 | Length: 862
  Curriculum: stage 2/10 (ep 19/150) | mean start stage: 1.1
  Q1 loss: 354.3158 | Q2 loss: 351.4725 | Policy loss: -574.7172
  Alpha: 0.8789 | Entropy: 0.8718
Step 144000/3000000 | Episodes: 170 | FPS: 37
  Mean reward: 4632.6 | Score: 2815 | Stage: 1.4 | Length: 863
  Curriculum: stage 2/10 (ep 20/150) | mean start stage: 1.1
  Q1 loss: 416.6078 | Q2 loss: 429.9327 | Policy loss: -571.6601
  Alpha: 0.8682 | Entropy: 0.8935
Step 145000/3000000 | Episodes: 172 | FPS: 37
  Mean reward: 4530.8 | Score: 2758 | Stage: 1.4 | Length: 850
  Curriculum: stage 2/10 (ep 22/150) | mean start stage: 1.1
  Q1 loss: 437.1404 | Q2 loss: 432.9586 | Policy loss: -572.2917
  Alpha: 0.8688 | Entropy: 0.8656
Step 146000/3000000 | Episodes: 173 | FPS: 37
  Mean reward: 4603.6 | Score: 2790 | Stage: 1.4 | Length: 852
  Curriculum: stage 2/10 (ep 23/150) | mean start stage: 1.1
  Q1 loss: 717.6651 | Q2 loss: 694.4698 | Policy loss: -573.1520
  Alpha: 0.8749 | Entropy: 0.8897
Step 147000/3000000 | Episodes: 175 | FPS: 37
  Mean reward: 4518.5 | Score: 2744 | Stage: 1.4 | Length: 839
  Curriculum: stage 2/10 (ep 25/150) | mean start stage: 1.1
  Q1 loss: 414.9394 | Q2 loss: 442.2384 | Policy loss: -572.8529
  Alpha: 0.8677 | Entropy: 0.8762
Step 148000/3000000 | Episodes: 176 | FPS: 37
  Mean reward: 4513.8 | Score: 2740 | Stage: 1.4 | Length: 839
  Curriculum: stage 2/10 (ep 26/150) | mean start stage: 1.1
  Q1 loss: 577.5945 | Q2 loss: 591.9094 | Policy loss: -568.2535
  Alpha: 0.8809 | Entropy: 0.8780
Step 149000/3000000 | Episodes: 178 | FPS: 37
  Mean reward: 4594.4 | Score: 2781 | Stage: 1.4 | Length: 842
  Curriculum: stage 2/10 (ep 28/150) | mean start stage: 1.1
  Q1 loss: 655.3104 | Q2 loss: 649.4594 | Policy loss: -572.5144
  Alpha: 0.8877 | Entropy: 0.8704
Step 150000/3000000 | Episodes: 179 | FPS: 37
  Mean reward: 4594.3 | Score: 2780 | Stage: 1.4 | Length: 841
  Curriculum: stage 2/10 (ep 29/150) | mean start stage: 1.1
  Q1 loss: 507.7167 | Q2 loss: 518.5116 | Policy loss: -570.4222
  Alpha: 0.8575 | Entropy: 0.8635

  Running evaluation (10 episodes)...
IMAGEIO FFMPEG_WRITER WARNING: input image is not divisible by macro_block_size=16, resizing from (800, 600) to (800, 608) to ensure video compatibility with most codecs and players. To prevent resizing, make your input image divisible by the macro_block_size or set the macro_block_size to 1 (risking incompatibility).
  Eval reward: 3984.8 ± 2187.5
  Eval score: 2536 | Stage: 1.1 | Length: 807
  Eval range: [2605, 10459]
  Video saved: /Users/vmal/Documents/github/rl-game/cracer-simulation/rl/sac/runs/eval_step_150000.mp4

Step 151000/3000000 | Episodes: 180 | FPS: 37
  Mean reward: 4646.9 | Score: 2803 | Stage: 1.4 | Length: 847
  Curriculum: stage 2/10 (ep 30/150) | mean start stage: 1.1
  Q1 loss: 366.2238 | Q2 loss: 363.4632 | Policy loss: -561.8176
  Alpha: 0.8666 | Entropy: 0.8784
Step 152000/3000000 | Episodes: 181 | FPS: 37
  Mean reward: 4579.3 | Score: 2770 | Stage: 1.4 | Length: 839
  Curriculum: stage 2/10 (ep 31/150) | mean start stage: 1.1
  Q1 loss: 517.2483 | Q2 loss: 532.1841 | Policy loss: -568.2843
  Alpha: 0.8570 | Entropy: 0.8710
Step 153000/3000000 | Episodes: 183 | FPS: 37
  Mean reward: 4491.6 | Score: 2722 | Stage: 1.4 | Length: 825
  Curriculum: stage 2/10 (ep 33/150) | mean start stage: 1.1
  Q1 loss: 868.4131 | Q2 loss: 855.2727 | Policy loss: -561.7169
  Alpha: 0.8585 | Entropy: 0.8667
Step 154000/3000000 | Episodes: 185 | FPS: 37
  Mean reward: 4501.3 | Score: 2729 | Stage: 1.4 | Length: 823
  Curriculum: stage 2/10 (ep 35/150) | mean start stage: 1.2
  Q1 loss: 632.1243 | Q2 loss: 660.0173 | Policy loss: -564.0363
  Alpha: 0.8462 | Entropy: 0.8780
Step 155000/3000000 | Episodes: 186 | FPS: 37
  Mean reward: 4438.7 | Score: 2697 | Stage: 1.4 | Length: 818
  Curriculum: stage 2/10 (ep 36/150) | mean start stage: 1.2
  Q1 loss: 388.7411 | Q2 loss: 395.7531 | Policy loss: -564.5808
  Alpha: 0.8728 | Entropy: 0.8716
Step 156000/3000000 | Episodes: 186 | FPS: 37
  Mean reward: 4438.7 | Score: 2697 | Stage: 1.4 | Length: 818
  Curriculum: stage 2/10 (ep 36/150) | mean start stage: 1.2
  Q1 loss: 367.4430 | Q2 loss: 367.9839 | Policy loss: -563.8238
  Alpha: 0.8536 | Entropy: 0.8928
Step 157000/3000000 | Episodes: 187 | FPS: 37
  Mean reward: 4520.9 | Score: 2739 | Stage: 1.4 | Length: 821
  Curriculum: stage 2/10 (ep 37/150) | mean start stage: 1.2
  Q1 loss: 615.6406 | Q2 loss: 614.3674 | Policy loss: -565.0445
  Alpha: 0.8516 | Entropy: 0.8757
Step 158000/3000000 | Episodes: 189 | FPS: 37
  Mean reward: 4496.1 | Score: 2722 | Stage: 1.4 | Length: 813
  Curriculum: stage 2/10 (ep 39/150) | mean start stage: 1.2
  Q1 loss: 477.8374 | Q2 loss: 499.8981 | Policy loss: -566.1817
  Alpha: 0.8613 | Entropy: 0.8736
Step 159000/3000000 | Episodes: 190 | FPS: 36
  Mean reward: 4499.2 | Score: 2724 | Stage: 1.4 | Length: 813
  Curriculum: stage 2/10 (ep 40/150) | mean start stage: 1.2
  Q1 loss: 420.3283 | Q2 loss: 426.8830 | Policy loss: -564.1873
  Alpha: 0.8533 | Entropy: 0.8769
Step 160000/3000000 | Episodes: 191 | FPS: 36
  Mean reward: 4571.5 | Score: 2762 | Stage: 1.5 | Length: 820
  Curriculum: stage 2/10 (ep 41/150) | mean start stage: 1.2
  Q1 loss: 524.0548 | Q2 loss: 534.3123 | Policy loss: -561.9656
  Alpha: 0.8577 | Entropy: 0.8813

  Running evaluation (10 episodes)...
IMAGEIO FFMPEG_WRITER WARNING: input image is not divisible by macro_block_size=16, resizing from (800, 600) to (800, 608) to ensure video compatibility with most codecs and players. To prevent resizing, make your input image divisible by the macro_block_size or set the macro_block_size to 1 (risking incompatibility).
  Eval reward: 4006.8 ± 1951.1
  Eval score: 2473 | Stage: 1.2 | Length: 745
  Eval range: [1711, 8062]
  Video saved: /Users/vmal/Documents/github/rl-game/cracer-simulation/rl/sac/runs/eval_step_160000.mp4

Step 161000/3000000 | Episodes: 192 | FPS: 36
  Mean reward: 4577.5 | Score: 2766 | Stage: 1.5 | Length: 820
  Curriculum: stage 2/10 (ep 42/150) | mean start stage: 1.2
  Q1 loss: 478.1668 | Q2 loss: 474.6010 | Policy loss: -562.2342
  Alpha: 0.8525 | Entropy: 0.8742
Step 162000/3000000 | Episodes: 194 | FPS: 36
  Mean reward: 4526.3 | Score: 2741 | Stage: 1.4 | Length: 812
  Curriculum: stage 2/10 (ep 44/150) | mean start stage: 1.2
  Q1 loss: 932.3651 | Q2 loss: 936.8948 | Policy loss: -564.1129
  Alpha: 0.8368 | Entropy: 0.8827
Step 163000/3000000 | Episodes: 195 | FPS: 36
  Mean reward: 4521.2 | Score: 2738 | Stage: 1.4 | Length: 812
  Curriculum: stage 2/10 (ep 45/150) | mean start stage: 1.2
  Q1 loss: 506.5365 | Q2 loss: 484.0542 | Policy loss: -566.5955
  Alpha: 0.8358 | Entropy: 0.8886
Step 164000/3000000 | Episodes: 196 | FPS: 36
  Mean reward: 4531.2 | Score: 2744 | Stage: 1.4 | Length: 816
  Curriculum: stage 2/10 (ep 46/150) | mean start stage: 1.2
  Q1 loss: 483.5300 | Q2 loss: 498.3845 | Policy loss: -561.4186
  Alpha: 0.8583 | Entropy: 0.8663
Step 165000/3000000 | Episodes: 199 | FPS: 36
  Mean reward: 4459.4 | Score: 2707 | Stage: 1.4 | Length: 809
  Curriculum: stage 2/10 (ep 49/150) | mean start stage: 1.2
  Q1 loss: 683.2765 | Q2 loss: 672.4361 | Policy loss: -562.4914
  Alpha: 0.8518 | Entropy: 0.8796
Step 166000/3000000 | Episodes: 200 | FPS: 36
  Mean reward: 4464.1 | Score: 2708 | Stage: 1.4 | Length: 810
  Curriculum: stage 2/10 (ep 50/150) | mean start stage: 1.2
  Q1 loss: 418.1211 | Q2 loss: 430.0306 | Policy loss: -562.2386
  Alpha: 0.8410 | Entropy: 0.8853
Step 167000/3000000 | Episodes: 201 | FPS: 36
  Mean reward: 4467.4 | Score: 2709 | Stage: 1.4 | Length: 811
  Curriculum: stage 2/10 (ep 51/150) | mean start stage: 1.2
  Q1 loss: 233.9361 | Q2 loss: 224.5809 | Policy loss: -561.7387
  Alpha: 0.8430 | Entropy: 0.8874
Step 168000/3000000 | Episodes: 203 | FPS: 36
  Mean reward: 4417.8 | Score: 2687 | Stage: 1.4 | Length: 806
  Curriculum: stage 2/10 (ep 53/150) | mean start stage: 1.2
  Q1 loss: 186.3504 | Q2 loss: 185.6686 | Policy loss: -562.3053
  Alpha: 0.8418 | Entropy: 0.8746
Step 169000/3000000 | Episodes: 205 | FPS: 36
  Mean reward: 4320.4 | Score: 2633 | Stage: 1.4 | Length: 792
  Curriculum: stage 2/10 (ep 55/150) | mean start stage: 1.2
  Q1 loss: 315.4838 | Q2 loss: 336.7452 | Policy loss: -562.9638
  Alpha: 0.8221 | Entropy: 0.8832
Step 170000/3000000 | Episodes: 207 | FPS: 36
  Mean reward: 4249.1 | Score: 2596 | Stage: 1.5 | Length: 783
  Curriculum: stage 2/10 (ep 57/150) | mean start stage: 1.2
  Q1 loss: 740.1650 | Q2 loss: 744.0231 | Policy loss: -558.8472
  Alpha: 0.8287 | Entropy: 0.8862

  Running evaluation (10 episodes)...
IMAGEIO FFMPEG_WRITER WARNING: input image is not divisible by macro_block_size=16, resizing from (800, 600) to (800, 608) to ensure video compatibility with most codecs and players. To prevent resizing, make your input image divisible by the macro_block_size or set the macro_block_size to 1 (risking incompatibility).
  Eval reward: 3629.8 ± 2312.1
  Eval score: 2249 | Stage: 1.2 | Length: 715
  Eval range: [1333, 8309]
  Video saved: /Users/vmal/Documents/github/rl-game/cracer-simulation/rl/sac/runs/eval_step_170000.mp4

Step 171000/3000000 | Episodes: 208 | FPS: 36
  Mean reward: 4242.3 | Score: 2591 | Stage: 1.5 | Length: 782
  Curriculum: stage 2/10 (ep 58/150) | mean start stage: 1.2
  Q1 loss: 519.1112 | Q2 loss: 502.8369 | Policy loss: -556.7981
  Alpha: 0.8435 | Entropy: 0.8907
Step 172000/3000000 | Episodes: 209 | FPS: 36
  Mean reward: 4351.9 | Score: 2650 | Stage: 1.5 | Length: 793
  Curriculum: stage 2/10 (ep 59/150) | mean start stage: 1.2
  Q1 loss: 387.1778 | Q2 loss: 416.4889 | Policy loss: -559.1509
  Alpha: 0.8392 | Entropy: 0.9024
Step 173000/3000000 | Episodes: 210 | FPS: 36
  Mean reward: 4374.6 | Score: 2664 | Stage: 1.5 | Length: 797
  Curriculum: stage 2/10 (ep 60/150) | mean start stage: 1.2
  Q1 loss: 520.0312 | Q2 loss: 526.2417 | Policy loss: -556.6701
  Alpha: 0.8286 | Entropy: 0.8723
Step 174000/3000000 | Episodes: 210 | FPS: 36
  Mean reward: 4374.6 | Score: 2664 | Stage: 1.5 | Length: 797
  Curriculum: stage 2/10 (ep 60/150) | mean start stage: 1.2
  Q1 loss: 642.6954 | Q2 loss: 656.3559 | Policy loss: -556.5016
  Alpha: 0.8440 | Entropy: 0.8766
Step 175000/3000000 | Episodes: 212 | FPS: 36
  Mean reward: 4464.1 | Score: 2713 | Stage: 1.5 | Length: 808
  Curriculum: stage 2/10 (ep 62/150) | mean start stage: 1.2
  Q1 loss: 648.0866 | Q2 loss: 645.7820 | Policy loss: -559.7897
  Alpha: 0.8544 | Entropy: 0.8893
Step 176000/3000000 | Episodes: 213 | FPS: 36
  Mean reward: 4484.6 | Score: 2723 | Stage: 1.5 | Length: 807
  Curriculum: stage 2/10 (ep 63/150) | mean start stage: 1.2
  Q1 loss: 348.1703 | Q2 loss: 341.8491 | Policy loss: -561.9625
  Alpha: 0.8564 | Entropy: 0.8748
Step 177000/3000000 | Episodes: 214 | FPS: 36
  Mean reward: 4412.3 | Score: 2684 | Stage: 1.5 | Length: 797
  Curriculum: stage 2/10 (ep 64/150) | mean start stage: 1.3
  Q1 loss: 752.8586 | Q2 loss: 755.2438 | Policy loss: -558.9868
  Alpha: 0.8655 | Entropy: 0.8852
Step 178000/3000000 | Episodes: 215 | FPS: 36
  Mean reward: 4403.6 | Score: 2678 | Stage: 1.5 | Length: 796
  Curriculum: stage 2/10 (ep 65/150) | mean start stage: 1.3
  Q1 loss: 450.2995 | Q2 loss: 446.5460 | Policy loss: -559.1931
  Alpha: 0.8570 | Entropy: 0.8783
Step 179000/3000000 | Episodes: 217 | FPS: 36
  Mean reward: 4360.2 | Score: 2660 | Stage: 1.5 | Length: 793
  Curriculum: stage 2/10 (ep 67/150) | mean start stage: 1.3
  Q1 loss: 628.1441 | Q2 loss: 630.1371 | Policy loss: -560.0212
  Alpha: 0.8660 | Entropy: 0.8847
Step 180000/3000000 | Episodes: 219 | FPS: 36
  Mean reward: 4302.8 | Score: 2632 | Stage: 1.5 | Length: 785
  Curriculum: stage 2/10 (ep 69/150) | mean start stage: 1.3
  Q1 loss: 325.1761 | Q2 loss: 329.9884 | Policy loss: -559.4635
  Alpha: 0.8668 | Entropy: 0.8795

  Running evaluation (10 episodes)...
IMAGEIO FFMPEG_WRITER WARNING: input image is not divisible by macro_block_size=16, resizing from (800, 600) to (800, 608) to ensure video compatibility with most codecs and players. To prevent resizing, make your input image divisible by the macro_block_size or set the macro_block_size to 1 (risking incompatibility).
  Eval reward: 4429.2 ± 2612.7
  Eval score: 2666 | Stage: 1.3 | Length: 778
  Eval range: [1479, 8553]
  Video saved: /Users/vmal/Documents/github/rl-game/cracer-simulation/rl/sac/runs/eval_step_180000.mp4

Step 181000/3000000 | Episodes: 220 | FPS: 36
  Mean reward: 4306.9 | Score: 2634 | Stage: 1.5 | Length: 785
  Curriculum: stage 2/10 (ep 70/150) | mean start stage: 1.3
  Q1 loss: 578.4234 | Q2 loss: 594.1267 | Policy loss: -555.1204
  Alpha: 0.8458 | Entropy: 0.8777
Step 182000/3000000 | Episodes: 221 | FPS: 36
  Mean reward: 4363.5 | Score: 2660 | Stage: 1.5 | Length: 791
  Curriculum: stage 2/10 (ep 71/150) | mean start stage: 1.3
  Q1 loss: 331.8652 | Q2 loss: 318.2195 | Policy loss: -556.9787
  Alpha: 0.8432 | Entropy: 0.8869
Step 183000/3000000 | Episodes: 222 | FPS: 36
  Mean reward: 4364.9 | Score: 2661 | Stage: 1.5 | Length: 789
  Curriculum: stage 2/10 (ep 72/150) | mean start stage: 1.3
  Q1 loss: 180.8030 | Q2 loss: 187.2546 | Policy loss: -559.3749
  Alpha: 0.8539 | Entropy: 0.8800
Step 184000/3000000 | Episodes: 223 | FPS: 36
  Mean reward: 4349.1 | Score: 2652 | Stage: 1.5 | Length: 788
  Curriculum: stage 2/10 (ep 73/150) | mean start stage: 1.3
  Q1 loss: 622.8565 | Q2 loss: 528.0008 | Policy loss: -563.2603
  Alpha: 0.8374 | Entropy: 0.8995
Step 185000/3000000 | Episodes: 225 | FPS: 36
  Mean reward: 4440.9 | Score: 2700 | Stage: 1.5 | Length: 792
  Curriculum: stage 2/10 (ep 75/150) | mean start stage: 1.3
  Q1 loss: 557.6063 | Q2 loss: 562.0597 | Policy loss: -557.2847
  Alpha: 0.8566 | Entropy: 0.8812
Step 186000/3000000 | Episodes: 226 | FPS: 36
  Mean reward: 4344.1 | Score: 2646 | Stage: 1.5 | Length: 780
  Curriculum: stage 2/10 (ep 76/150) | mean start stage: 1.3
  Q1 loss: 427.8236 | Q2 loss: 436.1056 | Policy loss: -554.5769
  Alpha: 0.8339 | Entropy: 0.8916
Step 187000/3000000 | Episodes: 227 | FPS: 36
  Mean reward: 4398.0 | Score: 2673 | Stage: 1.5 | Length: 785
  Curriculum: stage 2/10 (ep 77/150) | mean start stage: 1.3
  Q1 loss: 372.4197 | Q2 loss: 382.1783 | Policy loss: -555.8435
  Alpha: 0.8207 | Entropy: 0.9012
Step 188000/3000000 | Episodes: 228 | FPS: 36
  Mean reward: 4405.8 | Score: 2680 | Stage: 1.5 | Length: 785
  Curriculum: stage 2/10 (ep 78/150) | mean start stage: 1.3
  Q1 loss: 330.0201 | Q2 loss: 345.2034 | Policy loss: -556.5098
  Alpha: 0.8274 | Entropy: 0.8704
Step 189000/3000000 | Episodes: 230 | FPS: 36
  Mean reward: 4413.6 | Score: 2685 | Stage: 1.6 | Length: 784
  Curriculum: stage 2/10 (ep 80/150) | mean start stage: 1.3
  Q1 loss: 744.1689 | Q2 loss: 743.7093 | Policy loss: -554.3412
  Alpha: 0.8202 | Entropy: 0.8642
Step 190000/3000000 | Episodes: 231 | FPS: 36
  Mean reward: 4470.4 | Score: 2713 | Stage: 1.6 | Length: 788
  Curriculum: stage 2/10 (ep 81/150) | mean start stage: 1.3
  Q1 loss: 580.0624 | Q2 loss: 585.4216 | Policy loss: -554.0319
  Alpha: 0.8304 | Entropy: 0.8885

  Running evaluation (10 episodes)...
IMAGEIO FFMPEG_WRITER WARNING: input image is not divisible by macro_block_size=16, resizing from (800, 600) to (800, 608) to ensure video compatibility with most codecs and players. To prevent resizing, make your input image divisible by the macro_block_size or set the macro_block_size to 1 (risking incompatibility).
  Eval reward: 5308.6 ± 3167.7
  Eval score: 3126 | Stage: 1.4 | Length: 866
  Eval range: [1444, 10089]
  Video saved: /Users/vmal/Documents/github/rl-game/cracer-simulation/rl/sac/runs/eval_step_190000.mp4

Step 191000/3000000 | Episodes: 231 | FPS: 36
  Mean reward: 4470.4 | Score: 2713 | Stage: 1.6 | Length: 788
  Curriculum: stage 2/10 (ep 81/150) | mean start stage: 1.3
  Q1 loss: 557.8783 | Q2 loss: 559.3249 | Policy loss: -551.7136
  Alpha: 0.8254 | Entropy: 0.8836
Step 192000/3000000 | Episodes: 232 | FPS: 36
  Mean reward: 4540.9 | Score: 2750 | Stage: 1.6 | Length: 794
  Curriculum: stage 2/10 (ep 82/150) | mean start stage: 1.3
  Q1 loss: 442.6712 | Q2 loss: 444.1842 | Policy loss: -552.0108
  Alpha: 0.8378 | Entropy: 0.8817
Step 193000/3000000 | Episodes: 234 | FPS: 36
  Mean reward: 4597.5 | Score: 2776 | Stage: 1.6 | Length: 796
  Curriculum: stage 2/10 (ep 84/150) | mean start stage: 1.3
  Q1 loss: 663.3893 | Q2 loss: 672.5520 | Policy loss: -554.8632
  Alpha: 0.8410 | Entropy: 0.8651
Step 194000/3000000 | Episodes: 235 | FPS: 36
  Mean reward: 4548.8 | Score: 2753 | Stage: 1.6 | Length: 790
  Curriculum: stage 2/10 (ep 85/150) | mean start stage: 1.3
  Q1 loss: 899.5146 | Q2 loss: 916.4518 | Policy loss: -553.2788
  Alpha: 0.8420 | Entropy: 0.8902
Step 195000/3000000 | Episodes: 237 | FPS: 36
  Mean reward: 4541.5 | Score: 2749 | Stage: 1.6 | Length: 789
  Curriculum: stage 2/10 (ep 87/150) | mean start stage: 1.3
  Q1 loss: 645.9344 | Q2 loss: 658.8963 | Policy loss: -553.1949
  Alpha: 0.8430 | Entropy: 0.8921
Step 196000/3000000 | Episodes: 239 | FPS: 36
  Mean reward: 4539.3 | Score: 2748 | Stage: 1.6 | Length: 786
  Curriculum: stage 2/10 (ep 89/150) | mean start stage: 1.4
  Q1 loss: 598.6754 | Q2 loss: 605.0155 | Policy loss: -550.0933
  Alpha: 0.8357 | Entropy: 0.8684
Step 197000/3000000 | Episodes: 239 | FPS: 36
  Mean reward: 4539.3 | Score: 2748 | Stage: 1.6 | Length: 786
  Curriculum: stage 2/10 (ep 89/150) | mean start stage: 1.4
  Q1 loss: 440.1283 | Q2 loss: 446.5151 | Policy loss: -548.9752
  Alpha: 0.8414 | Entropy: 0.8671
Step 198000/3000000 | Episodes: 240 | FPS: 36
  Mean reward: 4687.9 | Score: 2827 | Stage: 1.6 | Length: 795
  Curriculum: stage 2/10 (ep 90/150) | mean start stage: 1.4
  Q1 loss: 593.6201 | Q2 loss: 598.4566 | Policy loss: -549.3468
  Alpha: 0.8360 | Entropy: 0.8896
Step 199000/3000000 | Episodes: 241 | FPS: 36
  Mean reward: 4703.5 | Score: 2837 | Stage: 1.6 | Length: 797
  Curriculum: stage 2/10 (ep 91/150) | mean start stage: 1.4
  Q1 loss: 701.2620 | Q2 loss: 683.5794 | Policy loss: -550.6631
  Alpha: 0.8285 | Entropy: 0.8770
Step 200000/3000000 | Episodes: 243 | FPS: 36
  Mean reward: 4704.2 | Score: 2837 | Stage: 1.6 | Length: 796
  Curriculum: stage 2/10 (ep 93/150) | mean start stage: 1.4
  Q1 loss: 556.5072 | Q2 loss: 557.9483 | Policy loss: -553.7780
  Alpha: 0.8351 | Entropy: 0.8699

  Running evaluation (10 episodes)...
IMAGEIO FFMPEG_WRITER WARNING: input image is not divisible by macro_block_size=16, resizing from (800, 600) to (800, 608) to ensure video compatibility with most codecs and players. To prevent resizing, make your input image divisible by the macro_block_size or set the macro_block_size to 1 (risking incompatibility).
  Eval reward: 4881.3 ± 2316.5
  Eval score: 2951 | Stage: 1.3 | Length: 843
  Eval range: [2386, 8549]
  Video saved: /Users/vmal/Documents/github/rl-game/cracer-simulation/rl/sac/runs/eval_step_200000.mp4

Step 201000/3000000 | Episodes: 243 | FPS: 36
  Mean reward: 4704.2 | Score: 2837 | Stage: 1.6 | Length: 796
  Curriculum: stage 2/10 (ep 93/150) | mean start stage: 1.4
  Q1 loss: 657.4633 | Q2 loss: 704.6292 | Policy loss: -549.5639
  Alpha: 0.8324 | Entropy: 0.8788
Step 202000/3000000 | Episodes: 245 | FPS: 36
  Mean reward: 4790.7 | Score: 2884 | Stage: 1.7 | Length: 805
  Curriculum: stage 2/10 (ep 95/150) | mean start stage: 1.4
  Q1 loss: 1207.4110 | Q2 loss: 1225.4297 | Policy loss: -551.3376
  Alpha: 0.8408 | Entropy: 0.8771
Step 203000/3000000 | Episodes: 247 | FPS: 36
  Mean reward: 4738.0 | Score: 2859 | Stage: 1.7 | Length: 799
  Curriculum: stage 2/10 (ep 97/150) | mean start stage: 1.4
  Q1 loss: 983.0594 | Q2 loss: 993.7303 | Policy loss: -550.4454
  Alpha: 0.8328 | Entropy: 0.8877
Step 204000/3000000 | Episodes: 247 | FPS: 36
  Mean reward: 4738.0 | Score: 2859 | Stage: 1.7 | Length: 799
  Curriculum: stage 2/10 (ep 97/150) | mean start stage: 1.4
  Q1 loss: 1099.0879 | Q2 loss: 1101.3562 | Policy loss: -548.1112
  Alpha: 0.8276 | Entropy: 0.8668
Step 205000/3000000 | Episodes: 249 | FPS: 36
  Mean reward: 4789.7 | Score: 2880 | Stage: 1.7 | Length: 802
  Curriculum: stage 2/10 (ep 99/150) | mean start stage: 1.4
  Q1 loss: 741.7655 | Q2 loss: 736.4952 | Policy loss: -546.6918
  Alpha: 0.8289 | Entropy: 0.8618
Step 206000/3000000 | Episodes: 250 | FPS: 36
  Mean reward: 4784.0 | Score: 2876 | Stage: 1.7 | Length: 801
  Curriculum: stage 2/10 (ep 100/150) | mean start stage: 1.4
  Q1 loss: 562.9107 | Q2 loss: 565.6855 | Policy loss: -547.5696
  Alpha: 0.8119 | Entropy: 0.8847
Step 207000/3000000 | Episodes: 252 | FPS: 36
  Mean reward: 4700.4 | Score: 2833 | Stage: 1.7 | Length: 790
  Curriculum: stage 2/10 (ep 102/150) | mean start stage: 1.4
  Q1 loss: 470.3372 | Q2 loss: 488.4136 | Policy loss: -547.7825
  Alpha: 0.8244 | Entropy: 0.8590
Step 208000/3000000 | Episodes: 254 | FPS: 36
  Mean reward: 4626.8 | Score: 2792 | Stage: 1.7 | Length: 781
  Curriculum: stage 2/10 (ep 104/150) | mean start stage: 1.4
  Q1 loss: 633.2181 | Q2 loss: 626.6394 | Policy loss: -549.5476
  Alpha: 0.8114 | Entropy: 0.8735
Step 209000/3000000 | Episodes: 255 | FPS: 36
  Mean reward: 4635.3 | Score: 2799 | Stage: 1.7 | Length: 783
  Curriculum: stage 2/10 (ep 105/150) | mean start stage: 1.4
  Q1 loss: 380.8596 | Q2 loss: 382.1046 | Policy loss: -548.0063
  Alpha: 0.8158 | Entropy: 0.8722
Step 210000/3000000 | Episodes: 256 | FPS: 36
  Mean reward: 4634.2 | Score: 2798 | Stage: 1.7 | Length: 783
  Curriculum: stage 2/10 (ep 106/150) | mean start stage: 1.4
  Q1 loss: 975.7081 | Q2 loss: 976.4172 | Policy loss: -548.8309
  Alpha: 0.8084 | Entropy: 0.8840

  Running evaluation (10 episodes)...
IMAGEIO FFMPEG_WRITER WARNING: input image is not divisible by macro_block_size=16, resizing from (800, 600) to (800, 608) to ensure video compatibility with most codecs and players. To prevent resizing, make your input image divisible by the macro_block_size or set the macro_block_size to 1 (risking incompatibility).
  Eval reward: 5135.5 ± 2905.0
  Eval score: 3002 | Stage: 1.4 | Length: 855
  Eval range: [2030, 9314]
  Video saved: /Users/vmal/Documents/github/rl-game/cracer-simulation/rl/sac/runs/eval_step_210000.mp4

Step 211000/3000000 | Episodes: 257 | FPS: 35
  Mean reward: 4638.9 | Score: 2802 | Stage: 1.7 | Length: 783
  Curriculum: stage 2/10 (ep 107/150) | mean start stage: 1.4
  Q1 loss: 827.7089 | Q2 loss: 832.9363 | Policy loss: -544.0855
  Alpha: 0.7899 | Entropy: 0.8868
Step 212000/3000000 | Episodes: 259 | FPS: 35
  Mean reward: 4649.2 | Score: 2807 | Stage: 1.7 | Length: 787
  Curriculum: stage 2/10 (ep 109/150) | mean start stage: 1.4
  Q1 loss: 466.1962 | Q2 loss: 474.8432 | Policy loss: -542.9083
  Alpha: 0.8106 | Entropy: 0.8687
Step 213000/3000000 | Episodes: 260 | FPS: 35
  Mean reward: 4710.4 | Score: 2836 | Stage: 1.7 | Length: 792
  Curriculum: stage 2/10 (ep 110/150) | mean start stage: 1.4
  Q1 loss: 357.1989 | Q2 loss: 358.0872 | Policy loss: -548.6458
  Alpha: 0.7807 | Entropy: 0.8863
Step 214000/3000000 | Episodes: 261 | FPS: 35
  Mean reward: 4717.4 | Score: 2841 | Stage: 1.7 | Length: 794
  Curriculum: stage 2/10 (ep 111/150) | mean start stage: 1.4
  Q1 loss: 316.7337 | Q2 loss: 316.4267 | Policy loss: -545.7004
  Alpha: 0.7855 | Entropy: 0.8706
Step 215000/3000000 | Episodes: 261 | FPS: 35
  Mean reward: 4717.4 | Score: 2841 | Stage: 1.7 | Length: 794
  Curriculum: stage 2/10 (ep 111/150) | mean start stage: 1.4
  Q1 loss: 254.1181 | Q2 loss: 242.7449 | Policy loss: -542.8099
  Alpha: 0.7765 | Entropy: 0.8743
Step 216000/3000000 | Episodes: 264 | FPS: 35
  Mean reward: 4594.2 | Score: 2782 | Stage: 1.7 | Length: 778
  Curriculum: stage 2/10 (ep 114/150) | mean start stage: 1.4
  Q1 loss: 975.5054 | Q2 loss: 1005.9500 | Policy loss: -545.0887
  Alpha: 0.7852 | Entropy: 0.8908
Step 217000/3000000 | Episodes: 265 | FPS: 35
  Mean reward: 4521.0 | Score: 2744 | Stage: 1.7 | Length: 769
  Curriculum: stage 2/10 (ep 115/150) | mean start stage: 1.4
  Q1 loss: 351.0744 | Q2 loss: 310.8559 | Policy loss: -541.0517
  Alpha: 0.7756 | Entropy: 0.8841
Step 218000/3000000 | Episodes: 266 | FPS: 35
  Mean reward: 4521.2 | Score: 2743 | Stage: 1.7 | Length: 767
  Curriculum: stage 2/10 (ep 116/150) | mean start stage: 1.4
  Q1 loss: 463.6764 | Q2 loss: 467.7184 | Policy loss: -544.8090
  Alpha: 0.7914 | Entropy: 0.8708
Step 219000/3000000 | Episodes: 268 | FPS: 35
  Mean reward: 4563.5 | Score: 2760 | Stage: 1.7 | Length: 769
  Curriculum: stage 2/10 (ep 118/150) | mean start stage: 1.4
  Q1 loss: 215.6358 | Q2 loss: 218.1626 | Policy loss: -542.8093
  Alpha: 0.7767 | Entropy: 0.8954
Step 220000/3000000 | Episodes: 268 | FPS: 35
  Mean reward: 4563.5 | Score: 2760 | Stage: 1.7 | Length: 769
  Curriculum: stage 2/10 (ep 118/150) | mean start stage: 1.4
  Q1 loss: 504.8888 | Q2 loss: 557.9591 | Policy loss: -539.5208
  Alpha: 0.7827 | Entropy: 0.8821

  Running evaluation (10 episodes)...
IMAGEIO FFMPEG_WRITER WARNING: input image is not divisible by macro_block_size=16, resizing from (800, 600) to (800, 608) to ensure video compatibility with most codecs and players. To prevent resizing, make your input image divisible by the macro_block_size or set the macro_block_size to 1 (risking incompatibility).
  Eval reward: 5392.4 ± 3238.8
  Eval score: 3174 | Stage: 1.4 | Length: 907
  Eval range: [2299, 10309]
  Video saved: /Users/vmal/Documents/github/rl-game/cracer-simulation/rl/sac/runs/eval_step_220000.mp4

Step 221000/3000000 | Episodes: 269 | FPS: 35
  Mean reward: 4547.8 | Score: 2757 | Stage: 1.7 | Length: 772
  Curriculum: stage 2/10 (ep 119/150) | mean start stage: 1.4
  Q1 loss: 874.1081 | Q2 loss: 875.8724 | Policy loss: -542.5164
  Alpha: 0.7879 | Entropy: 0.8916
Step 222000/3000000 | Episodes: 271 | FPS: 35
  Mean reward: 4601.1 | Score: 2782 | Stage: 1.7 | Length: 777
  Curriculum: stage 2/10 (ep 121/150) | mean start stage: 1.4
  Q1 loss: 677.8040 | Q2 loss: 678.1540 | Policy loss: -540.5469
  Alpha: 0.7869 | Entropy: 0.8849
Step 223000/3000000 | Episodes: 272 | FPS: 35
  Mean reward: 4614.2 | Score: 2790 | Stage: 1.7 | Length: 779
  Curriculum: stage 2/10 (ep 122/150) | mean start stage: 1.4
  Q1 loss: 215.1921 | Q2 loss: 212.8404 | Policy loss: -540.9011
  Alpha: 0.8070 | Entropy: 0.8701
Step 224000/3000000 | Episodes: 273 | FPS: 35
  Mean reward: 4598.1 | Score: 2784 | Stage: 1.7 | Length: 780
  Curriculum: stage 2/10 (ep 123/150) | mean start stage: 1.4
  Q1 loss: 438.1852 | Q2 loss: 458.6866 | Policy loss: -539.1886
  Alpha: 0.7799 | Entropy: 0.8716
Step 225000/3000000 | Episodes: 275 | FPS: 35
  Mean reward: 4628.5 | Score: 2803 | Stage: 1.7 | Length: 783
  Curriculum: stage 2/10 (ep 125/150) | mean start stage: 1.4
  Q1 loss: 188.2574 | Q2 loss: 192.2190 | Policy loss: -538.1905
  Alpha: 0.7803 | Entropy: 0.8880
Step 226000/3000000 | Episodes: 276 | FPS: 35
  Mean reward: 4645.5 | Score: 2815 | Stage: 1.7 | Length: 784
  Curriculum: stage 2/10 (ep 126/150) | mean start stage: 1.4
  Q1 loss: 495.1473 | Q2 loss: 489.7633 | Policy loss: -541.2275
  Alpha: 0.7714 | Entropy: 0.8974
Step 227000/3000000 | Episodes: 278 | FPS: 35
  Mean reward: 4569.5 | Score: 2777 | Stage: 1.7 | Length: 778
  Curriculum: stage 2/10 (ep 128/150) | mean start stage: 1.4
  Q1 loss: 872.9490 | Q2 loss: 875.3961 | Policy loss: -536.1248
  Alpha: 0.7885 | Entropy: 0.8814
Step 228000/3000000 | Episodes: 279 | FPS: 35
  Mean reward: 4583.9 | Score: 2786 | Stage: 1.6 | Length: 781
  Curriculum: stage 2/10 (ep 129/150) | mean start stage: 1.4
  Q1 loss: 813.2655 | Q2 loss: 802.9058 | Policy loss: -537.7790
  Alpha: 0.7729 | Entropy: 0.8909
Step 229000/3000000 | Episodes: 279 | FPS: 35
  Mean reward: 4583.9 | Score: 2786 | Stage: 1.6 | Length: 781
  Curriculum: stage 2/10 (ep 129/150) | mean start stage: 1.4
  Q1 loss: 524.0933 | Q2 loss: 516.3724 | Policy loss: -536.5088
  Alpha: 0.7998 | Entropy: 0.8799
Step 230000/3000000 | Episodes: 280 | FPS: 35
  Mean reward: 4612.1 | Score: 2805 | Stage: 1.6 | Length: 784
  Curriculum: stage 2/10 (ep 130/150) | mean start stage: 1.4
  Q1 loss: 430.9286 | Q2 loss: 445.7924 | Policy loss: -541.6695
  Alpha: 0.7913 | Entropy: 0.8699

  Running evaluation (10 episodes)...
IMAGEIO FFMPEG_WRITER WARNING: input image is not divisible by macro_block_size=16, resizing from (800, 600) to (800, 608) to ensure video compatibility with most codecs and players. To prevent resizing, make your input image divisible by the macro_block_size or set the macro_block_size to 1 (risking incompatibility).
  Eval reward: 5466.6 ± 3542.9
  Eval score: 3203 | Stage: 1.4 | Length: 898
  Eval range: [1417, 11555]
  Video saved: /Users/vmal/Documents/github/rl-game/cracer-simulation/rl/sac/runs/eval_step_230000.mp4

Step 231000/3000000 | Episodes: 282 | FPS: 35
  Mean reward: 4604.7 | Score: 2802 | Stage: 1.6 | Length: 787
  Curriculum: stage 2/10 (ep 132/150) | mean start stage: 1.4
  Q1 loss: 400.4809 | Q2 loss: 398.3632 | Policy loss: -540.7907
  Alpha: 0.7718 | Entropy: 0.8764
Step 232000/3000000 | Episodes: 284 | FPS: 35
  Mean reward: 4606.0 | Score: 2802 | Stage: 1.6 | Length: 784
  Curriculum: stage 2/10 (ep 134/150) | mean start stage: 1.4
  Q1 loss: 627.9143 | Q2 loss: 621.1926 | Policy loss: -532.8100
  Alpha: 0.7768 | Entropy: 0.8878
Step 233000/3000000 | Episodes: 285 | FPS: 35
  Mean reward: 4618.5 | Score: 2810 | Stage: 1.6 | Length: 786
  Curriculum: stage 2/10 (ep 135/150) | mean start stage: 1.4
  Q1 loss: 320.7434 | Q2 loss: 339.7769 | Policy loss: -537.2353
  Alpha: 0.7685 | Entropy: 0.8858
Step 234000/3000000 | Episodes: 286 | FPS: 35
  Mean reward: 4624.3 | Score: 2815 | Stage: 1.6 | Length: 786
  Curriculum: stage 2/10 (ep 136/150) | mean start stage: 1.4
  Q1 loss: 600.5285 | Q2 loss: 608.1120 | Policy loss: -540.3777
  Alpha: 0.7695 | Entropy: 0.8867
Step 235000/3000000 | Episodes: 288 | FPS: 35
  Mean reward: 4481.7 | Score: 2743 | Stage: 1.6 | Length: 775
  Curriculum: stage 2/10 (ep 138/150) | mean start stage: 1.4
  Q1 loss: 576.1941 | Q2 loss: 574.7401 | Policy loss: -534.9103
  Alpha: 0.7802 | Entropy: 0.8701
Step 236000/3000000 | Episodes: 290 | FPS: 35
  Mean reward: 4478.2 | Score: 2740 | Stage: 1.6 | Length: 775
  Curriculum: stage 2/10 (ep 140/150) | mean start stage: 1.4
  Q1 loss: 607.5871 | Q2 loss: 591.9264 | Policy loss: -533.6762
  Alpha: 0.7641 | Entropy: 0.8847
Step 237000/3000000 | Episodes: 291 | FPS: 35
  Mean reward: 4407.0 | Score: 2703 | Stage: 1.6 | Length: 766
  Curriculum: stage 2/10 (ep 141/150) | mean start stage: 1.4
  Q1 loss: 247.5228 | Q2 loss: 246.0324 | Policy loss: -536.0446
  Alpha: 0.7624 | Entropy: 0.8898
Step 238000/3000000 | Episodes: 292 | FPS: 35
  Mean reward: 4406.4 | Score: 2702 | Stage: 1.6 | Length: 767
  Curriculum: stage 2/10 (ep 142/150) | mean start stage: 1.4
  Q1 loss: 217.9921 | Q2 loss: 220.3882 | Policy loss: -537.6921
  Alpha: 0.7659 | Entropy: 0.8916
Step 239000/3000000 | Episodes: 293 | FPS: 35
  Mean reward: 4471.1 | Score: 2735 | Stage: 1.6 | Length: 773
  Curriculum: stage 2/10 (ep 143/150) | mean start stage: 1.4
  Q1 loss: 443.6465 | Q2 loss: 441.9698 | Policy loss: -535.7894
  Alpha: 0.7744 | Entropy: 0.8619
Step 240000/3000000 | Episodes: 294 | FPS: 35
  Mean reward: 4544.7 | Score: 2773 | Stage: 1.6 | Length: 781
  Curriculum: stage 2/10 (ep 144/150) | mean start stage: 1.4
  Q1 loss: 628.4935 | Q2 loss: 642.0070 | Policy loss: -537.3289
  Alpha: 0.7700 | Entropy: 0.8774

  Running evaluation (10 episodes)...
IMAGEIO FFMPEG_WRITER WARNING: input image is not divisible by macro_block_size=16, resizing from (800, 600) to (800, 608) to ensure video compatibility with most codecs and players. To prevent resizing, make your input image divisible by the macro_block_size or set the macro_block_size to 1 (risking incompatibility).
  Eval reward: 5942.9 ± 3615.1
  Eval score: 3578 | Stage: 1.4 | Length: 968
  Eval range: [2243, 12042]
  Video saved: /Users/vmal/Documents/github/rl-game/cracer-simulation/rl/sac/runs/eval_step_240000.mp4

Step 241000/3000000 | Episodes: 294 | FPS: 35
  Mean reward: 4544.7 | Score: 2773 | Stage: 1.6 | Length: 781
  Curriculum: stage 2/10 (ep 144/150) | mean start stage: 1.4
  Q1 loss: 467.1037 | Q2 loss: 466.8609 | Policy loss: -533.1464
  Alpha: 0.7688 | Entropy: 0.8735
Step 242000/3000000 | Episodes: 296 | FPS: 35
  Mean reward: 4584.1 | Score: 2797 | Stage: 1.6 | Length: 782
  Curriculum: stage 2/10 (ep 146/150) | mean start stage: 1.4
  Q1 loss: 433.3973 | Q2 loss: 446.3188 | Policy loss: -532.9844
  Alpha: 0.7690 | Entropy: 0.8948
Step 243000/3000000 | Episodes: 296 | FPS: 35
  Mean reward: 4584.1 | Score: 2797 | Stage: 1.6 | Length: 782
  Curriculum: stage 2/10 (ep 146/150) | mean start stage: 1.4
  Q1 loss: 423.2824 | Q2 loss: 422.6060 | Policy loss: -530.8495
  Alpha: 0.7662 | Entropy: 0.8926
Step 244000/3000000 | Episodes: 298 | FPS: 35
  Mean reward: 4708.7 | Score: 2865 | Stage: 1.7 | Length: 793
  Curriculum: stage 2/10 (ep 148/150) | mean start stage: 1.4
  Q1 loss: 404.2091 | Q2 loss: 423.2589 | Policy loss: -534.3370
  Alpha: 0.7678 | Entropy: 0.8788
Step 245000/3000000 | Episodes: 299 | FPS: 35
  Mean reward: 4797.8 | Score: 2910 | Stage: 1.7 | Length: 800
  Curriculum: stage 2/10 (ep 149/150) | mean start stage: 1.4
  Q1 loss: 318.7384 | Q2 loss: 321.2995 | Policy loss: -534.2406
  Alpha: 0.7789 | Entropy: 0.8668
Step 246000/3000000 | Episodes: 300 | FPS: 35
  Mean reward: 4787.3 | Score: 2904 | Stage: 1.7 | Length: 797
  Curriculum: stage 2/10 (ep 150/150) | mean start stage: 1.4
  Q1 loss: 568.8222 | Q2 loss: 568.9922 | Policy loss: -535.2465
  Alpha: 0.7676 | Entropy: 0.8685
Step 247000/3000000 | Episodes: 301 | FPS: 35
  Mean reward: 4843.7 | Score: 2932 | Stage: 1.7 | Length: 803
  Curriculum: stage 2/10 (ep 151/150) | mean start stage: 1.4
  Q1 loss: 452.4713 | Q2 loss: 458.6649 | Policy loss: -535.6742
  Alpha: 0.7773 | Entropy: 0.8789
Step 248000/3000000 | Episodes: 301 | FPS: 35
  Mean reward: 4843.7 | Score: 2932 | Stage: 1.7 | Length: 803
  Curriculum: stage 2/10 (ep 151/150) | mean start stage: 1.4
  Q1 loss: 721.6649 | Q2 loss: 717.4522 | Policy loss: -534.3537
  Alpha: 0.7693 | Entropy: 0.8908
Step 249000/3000000 | Episodes: 303 | FPS: 35
  Mean reward: 4914.6 | Score: 2968 | Stage: 1.7 | Length: 810
  Curriculum: stage 2/10 (ep 153/150) | mean start stage: 1.4
  Q1 loss: 387.7521 | Q2 loss: 401.5373 | Policy loss: -534.6757
  Alpha: 0.7720 | Entropy: 0.8834
Step 250000/3000000 | Episodes: 304 | FPS: 35
  Mean reward: 4972.1 | Score: 2995 | Stage: 1.7 | Length: 817
  Curriculum: stage 2/10 (ep 154/150) | mean start stage: 1.4
  Q1 loss: 213.5356 | Q2 loss: 209.4199 | Policy loss: -534.3168
  Alpha: 0.7566 | Entropy: 0.8894

  Running evaluation (10 episodes)...
IMAGEIO FFMPEG_WRITER WARNING: input image is not divisible by macro_block_size=16, resizing from (800, 600) to (800, 608) to ensure video compatibility with most codecs and players. To prevent resizing, make your input image divisible by the macro_block_size or set the macro_block_size to 1 (risking incompatibility).
  Eval reward: 6964.2 ± 4777.6
  Eval score: 3998 | Stage: 1.6 | Length: 1047
  Eval range: [2197, 17846]
  Video saved: /Users/vmal/Documents/github/rl-game/cracer-simulation/rl/sac/runs/eval_step_250000.mp4

Step 251000/3000000 | Episodes: 306 | FPS: 35
  Mean reward: 4988.1 | Score: 3006 | Stage: 1.7 | Length: 818
  Curriculum: stage 2/10 (ep 156/150) | mean start stage: 1.4
  Q1 loss: 252.2658 | Q2 loss: 248.8606 | Policy loss: -535.7687
  Alpha: 0.7852 | Entropy: 0.8856
Step 252000/3000000 | Episodes: 306 | FPS: 35
  Mean reward: 4988.1 | Score: 3006 | Stage: 1.7 | Length: 818
  Curriculum: stage 2/10 (ep 156/150) | mean start stage: 1.4
  Q1 loss: 260.7500 | Q2 loss: 261.6484 | Policy loss: -536.1340
  Alpha: 0.7846 | Entropy: 0.8678
Step 253000/3000000 | Episodes: 307 | FPS: 35
  Mean reward: 5080.9 | Score: 3058 | Stage: 1.7 | Length: 828
  Curriculum: stage 2/10 (ep 157/150) | mean start stage: 1.4
  Q1 loss: 320.0903 | Q2 loss: 345.4078 | Policy loss: -538.7083
  Alpha: 0.7805 | Entropy: 0.8667
Step 254000/3000000 | Episodes: 308 | FPS: 35
  Mean reward: 5089.8 | Score: 3063 | Stage: 1.7 | Length: 830
  Curriculum: stage 2/10 (ep 158/150) | mean start stage: 1.4
  Q1 loss: 898.1696 | Q2 loss: 900.0892 | Policy loss: -533.5677
  Alpha: 0.7729 | Entropy: 0.8656
Step 255000/3000000 | Episodes: 309 | FPS: 35
  Mean reward: 5071.8 | Score: 3050 | Stage: 1.7 | Length: 827
  Curriculum: stage 2/10 (ep 159/150) | mean start stage: 1.4
  Q1 loss: 352.1160 | Q2 loss: 351.3201 | Policy loss: -535.2608
  Alpha: 0.7796 | Entropy: 0.8853

  CURRICULUM: Graduated stage 2 -> 3 (reward=5147.5, comp=0.30)

Step 256000/3000000 | Episodes: 310 | FPS: 35
  Mean reward: 5147.5 | Score: 3091 | Stage: 1.7 | Length: 833
  Curriculum: stage 3/10 (ep 0/150) | mean start stage: 1.4
  Q1 loss: 334.7985 | Q2 loss: 397.9567 | Policy loss: -538.6573
  Alpha: 0.7677 | Entropy: 0.8637
Step 257000/3000000 | Episodes: 311 | FPS: 35
  Mean reward: 5066.6 | Score: 3048 | Stage: 1.7 | Length: 824
  Curriculum: stage 3/10 (ep 1/150) | mean start stage: 1.4
  Q1 loss: 720.7199 | Q2 loss: 721.4241 | Policy loss: -535.0855
  Alpha: 0.7675 | Entropy: 0.8822
Step 258000/3000000 | Episodes: 313 | FPS: 35
  Mean reward: 5010.6 | Score: 3025 | Stage: 1.7 | Length: 821
  Curriculum: stage 3/10 (ep 3/150) | mean start stage: 1.4
  Q1 loss: 455.0285 | Q2 loss: 443.9929 | Policy loss: -530.8994
  Alpha: 0.7579 | Entropy: 0.9053
Step 259000/3000000 | Episodes: 314 | FPS: 35
  Mean reward: 4996.1 | Score: 3016 | Stage: 1.7 | Length: 818
  Curriculum: stage 3/10 (ep 4/150) | mean start stage: 1.4
  Q1 loss: 573.7199 | Q2 loss: 581.0021 | Policy loss: -534.9951
  Alpha: 0.7704 | Entropy: 0.8958
Step 260000/3000000 | Episodes: 315 | FPS: 35
  Mean reward: 5008.6 | Score: 3023 | Stage: 1.7 | Length: 820
  Curriculum: stage 3/10 (ep 5/150) | mean start stage: 1.4
  Q1 loss: 288.0761 | Q2 loss: 295.0187 | Policy loss: -535.8729
  Alpha: 0.7678 | Entropy: 0.8812

  Running evaluation (10 episodes)...
IMAGEIO FFMPEG_WRITER WARNING: input image is not divisible by macro_block_size=16, resizing from (800, 600) to (800, 608) to ensure video compatibility with most codecs and players. To prevent resizing, make your input image divisible by the macro_block_size or set the macro_block_size to 1 (risking incompatibility).
  Eval reward: 4982.5 ± 2477.1
  Eval score: 2920 | Stage: 1.4 | Length: 823
  Eval range: [1453, 8459]
  Video saved: /Users/vmal/Documents/github/rl-game/cracer-simulation/rl/sac/runs/eval_step_260000.mp4

Step 261000/3000000 | Episodes: 317 | FPS: 35
  Mean reward: 5056.0 | Score: 3044 | Stage: 1.7 | Length: 821
  Curriculum: stage 3/10 (ep 7/150) | mean start stage: 1.4
  Q1 loss: 281.9162 | Q2 loss: 292.6935 | Policy loss: -536.0489
  Alpha: 0.7653 | Entropy: 0.9029
Step 262000/3000000 | Episodes: 317 | FPS: 35
  Mean reward: 5056.0 | Score: 3044 | Stage: 1.7 | Length: 821
  Curriculum: stage 3/10 (ep 7/150) | mean start stage: 1.4
  Q1 loss: 200.8438 | Q2 loss: 209.9113 | Policy loss: -537.3680
  Alpha: 0.7773 | Entropy: 0.8717
Step 263000/3000000 | Episodes: 319 | FPS: 35
  Mean reward: 5152.6 | Score: 3094 | Stage: 1.8 | Length: 827
  Curriculum: stage 3/10 (ep 9/150) | mean start stage: 1.4
  Q1 loss: 366.1060 | Q2 loss: 366.6497 | Policy loss: -534.0624
  Alpha: 0.7827 | Entropy: 0.8742
Step 264000/3000000 | Episodes: 320 | FPS: 35
  Mean reward: 5228.0 | Score: 3132 | Stage: 1.8 | Length: 832
  Curriculum: stage 3/10 (ep 10/150) | mean start stage: 1.5
  Q1 loss: 184.5847 | Q2 loss: 183.2388 | Policy loss: -529.6983
  Alpha: 0.7735 | Entropy: 0.8694
Step 265000/3000000 | Episodes: 320 | FPS: 35
  Mean reward: 5228.0 | Score: 3132 | Stage: 1.8 | Length: 832
  Curriculum: stage 3/10 (ep 10/150) | mean start stage: 1.5
  Q1 loss: 518.4453 | Q2 loss: 516.2265 | Policy loss: -534.1764
  Alpha: 0.7897 | Entropy: 0.8831
Step 266000/3000000 | Episodes: 321 | FPS: 35
  Mean reward: 5268.2 | Score: 3156 | Stage: 1.8 | Length: 833
  Curriculum: stage 3/10 (ep 11/150) | mean start stage: 1.5
  Q1 loss: 576.3748 | Q2 loss: 588.5754 | Policy loss: -532.2648
  Alpha: 0.7592 | Entropy: 0.8865
Step 267000/3000000 | Episodes: 322 | FPS: 35
  Mean reward: 5311.6 | Score: 3175 | Stage: 1.8 | Length: 837
  Curriculum: stage 3/10 (ep 12/150) | mean start stage: 1.5
  Q1 loss: 536.0134 | Q2 loss: 530.9145 | Policy loss: -534.8857
  Alpha: 0.7547 | Entropy: 0.8833
Step 268000/3000000 | Episodes: 323 | FPS: 35
  Mean reward: 5409.9 | Score: 3226 | Stage: 1.8 | Length: 844
  Curriculum: stage 3/10 (ep 13/150) | mean start stage: 1.5
  Q1 loss: 353.7369 | Q2 loss: 357.8805 | Policy loss: -536.6708
  Alpha: 0.7827 | Entropy: 0.8708
Step 269000/3000000 | Episodes: 325 | FPS: 35
  Mean reward: 5331.4 | Score: 3187 | Stage: 1.8 | Length: 838
  Curriculum: stage 3/10 (ep 15/150) | mean start stage: 1.5
  Q1 loss: 559.8379 | Q2 loss: 577.0654 | Policy loss: -533.8398
  Alpha: 0.7739 | Entropy: 0.8885
Step 270000/3000000 | Episodes: 326 | FPS: 35
  Mean reward: 5346.5 | Score: 3197 | Stage: 1.8 | Length: 839
  Curriculum: stage 3/10 (ep 16/150) | mean start stage: 1.5
  Q1 loss: 233.5208 | Q2 loss: 230.9087 | Policy loss: -534.9798
  Alpha: 0.7699 | Entropy: 0.8807

  Running evaluation (10 episodes)...
IMAGEIO FFMPEG_WRITER WARNING: input image is not divisible by macro_block_size=16, resizing from (800, 600) to (800, 608) to ensure video compatibility with most codecs and players. To prevent resizing, make your input image divisible by the macro_block_size or set the macro_block_size to 1 (risking incompatibility).
  Eval reward: 6077.1 ± 3284.8
  Eval score: 3559 | Stage: 1.5 | Length: 940
  Eval range: [1783, 11289]
  Video saved: /Users/vmal/Documents/github/rl-game/cracer-simulation/rl/sac/runs/eval_step_270000.mp4

Step 271000/3000000 | Episodes: 327 | FPS: 35
  Mean reward: 5393.1 | Score: 3222 | Stage: 1.8 | Length: 843
  Curriculum: stage 3/10 (ep 17/150) | mean start stage: 1.5
  Q1 loss: 628.6549 | Q2 loss: 639.2729 | Policy loss: -535.1083
  Alpha: 0.7858 | Entropy: 0.8713
Step 272000/3000000 | Episodes: 328 | FPS: 35
  Mean reward: 5380.6 | Score: 3214 | Stage: 1.8 | Length: 842
  Curriculum: stage 3/10 (ep 18/150) | mean start stage: 1.5
  Q1 loss: 401.7911 | Q2 loss: 402.5275 | Policy loss: -534.3897
  Alpha: 0.7657 | Entropy: 0.8744
Step 273000/3000000 | Episodes: 329 | FPS: 35
  Mean reward: 5434.0 | Score: 3238 | Stage: 1.8 | Length: 848
  Curriculum: stage 3/10 (ep 19/150) | mean start stage: 1.5
  Q1 loss: 730.1599 | Q2 loss: 758.3499 | Policy loss: -537.9437
  Alpha: 0.7605 | Entropy: 0.8758
Step 274000/3000000 | Episodes: 330 | FPS: 35
  Mean reward: 5434.5 | Score: 3239 | Stage: 1.8 | Length: 848
  Curriculum: stage 3/10 (ep 20/150) | mean start stage: 1.5
  Q1 loss: 517.0328 | Q2 loss: 546.3920 | Policy loss: -536.9455
  Alpha: 0.7687 | Entropy: 0.8839
Step 275000/3000000 | Episodes: 331 | FPS: 35
  Mean reward: 5461.7 | Score: 3252 | Stage: 1.8 | Length: 847
  Curriculum: stage 3/10 (ep 21/150) | mean start stage: 1.5
  Q1 loss: 727.0818 | Q2 loss: 730.5793 | Policy loss: -537.4069
  Alpha: 0.7866 | Entropy: 0.8631
Step 276000/3000000 | Episodes: 331 | FPS: 35
  Mean reward: 5461.7 | Score: 3252 | Stage: 1.8 | Length: 847
  Curriculum: stage 3/10 (ep 21/150) | mean start stage: 1.5
  Q1 loss: 484.2721 | Q2 loss: 462.2174 | Policy loss: -536.4040
  Alpha: 0.8010 | Entropy: 0.8934
Step 277000/3000000 | Episodes: 333 | FPS: 35
  Mean reward: 5418.8 | Score: 3232 | Stage: 1.8 | Length: 846
  Curriculum: stage 3/10 (ep 23/150) | mean start stage: 1.5
  Q1 loss: 690.1548 | Q2 loss: 680.1684 | Policy loss: -537.8256
  Alpha: 0.7732 | Entropy: 0.8845
Step 278000/3000000 | Episodes: 335 | FPS: 35
  Mean reward: 5388.8 | Score: 3213 | Stage: 1.8 | Length: 840
  Curriculum: stage 3/10 (ep 25/150) | mean start stage: 1.5
  Q1 loss: 209.9508 | Q2 loss: 220.4798 | Policy loss: -534.8744
  Alpha: 0.7709 | Entropy: 0.8752
Step 279000/3000000 | Episodes: 336 | FPS: 35
  Mean reward: 5493.9 | Score: 3266 | Stage: 1.9 | Length: 845
  Curriculum: stage 3/10 (ep 26/150) | mean start stage: 1.5
  Q1 loss: 448.9934 | Q2 loss: 437.1085 | Policy loss: -534.3839
  Alpha: 0.7916 | Entropy: 0.8828
Step 280000/3000000 | Episodes: 338 | FPS: 35
  Mean reward: 5500.9 | Score: 3269 | Stage: 1.9 | Length: 847
  Curriculum: stage 3/10 (ep 28/150) | mean start stage: 1.5
  Q1 loss: 387.9054 | Q2 loss: 409.9152 | Policy loss: -540.0364
  Alpha: 0.7746 | Entropy: 0.8835

  Running evaluation (10 episodes)...
IMAGEIO FFMPEG_WRITER WARNING: input image is not divisible by macro_block_size=16, resizing from (800, 600) to (800, 608) to ensure video compatibility with most codecs and players. To prevent resizing, make your input image divisible by the macro_block_size or set the macro_block_size to 1 (risking incompatibility).
  Eval reward: 7042.8 ± 4766.9
  Eval score: 4056 | Stage: 1.6 | Length: 1067
  Eval range: [2772, 18662]
  Video saved: /Users/vmal/Documents/github/rl-game/cracer-simulation/rl/sac/runs/eval_step_280000.mp4

Step 281000/3000000 | Episodes: 340 | FPS: 35
  Mean reward: 5295.2 | Score: 3163 | Stage: 1.9 | Length: 832
  Curriculum: stage 3/10 (ep 30/150) | mean start stage: 1.5
  Q1 loss: 380.8488 | Q2 loss: 380.6390 | Policy loss: -535.3269
  Alpha: 0.7832 | Entropy: 0.8830
Step 282000/3000000 | Episodes: 341 | FPS: 35
  Mean reward: 5285.1 | Score: 3157 | Stage: 1.9 | Length: 829
  Curriculum: stage 3/10 (ep 31/150) | mean start stage: 1.5
  Q1 loss: 766.2731 | Q2 loss: 782.2160 | Policy loss: -538.0085
  Alpha: 0.7801 | Entropy: 0.8796
Step 283000/3000000 | Episodes: 343 | FPS: 35
  Mean reward: 5364.1 | Score: 3197 | Stage: 1.9 | Length: 832
  Curriculum: stage 3/10 (ep 33/150) | mean start stage: 1.6
  Q1 loss: 909.8665 | Q2 loss: 889.5723 | Policy loss: -534.4916
  Alpha: 0.7542 | Entropy: 0.9000
Step 284000/3000000 | Episodes: 344 | FPS: 35
  Mean reward: 5300.1 | Score: 3165 | Stage: 1.9 | Length: 824
  Curriculum: stage 3/10 (ep 34/150) | mean start stage: 1.6
  Q1 loss: 329.2150 | Q2 loss: 332.6950 | Policy loss: -537.2357
  Alpha: 0.7705 | Entropy: 0.8739
Step 285000/3000000 | Episodes: 345 | FPS: 35
  Mean reward: 5387.6 | Score: 3209 | Stage: 1.9 | Length: 832
  Curriculum: stage 3/10 (ep 35/150) | mean start stage: 1.6
  Q1 loss: 619.4498 | Q2 loss: 610.9707 | Policy loss: -534.7756
  Alpha: 0.7771 | Entropy: 0.8874
Step 286000/3000000 | Episodes: 346 | FPS: 35
  Mean reward: 5397.3 | Score: 3216 | Stage: 1.9 | Length: 835
  Curriculum: stage 3/10 (ep 36/150) | mean start stage: 1.6
  Q1 loss: 465.0110 | Q2 loss: 455.3389 | Policy loss: -535.5875
  Alpha: 0.7835 | Entropy: 0.8655
Step 287000/3000000 | Episodes: 348 | FPS: 35
  Mean reward: 5315.5 | Score: 3172 | Stage: 1.9 | Length: 823
  Curriculum: stage 3/10 (ep 38/150) | mean start stage: 1.6
  Q1 loss: 671.8876 | Q2 loss: 679.1201 | Policy loss: -532.9770
  Alpha: 0.7756 | Entropy: 0.8839
Step 288000/3000000 | Episodes: 349 | FPS: 35
  Mean reward: 5310.6 | Score: 3169 | Stage: 1.9 | Length: 823
  Curriculum: stage 3/10 (ep 39/150) | mean start stage: 1.6
  Q1 loss: 930.2718 | Q2 loss: 941.6356 | Policy loss: -532.9599
  Alpha: 0.7873 | Entropy: 0.8954
Step 289000/3000000 | Episodes: 350 | FPS: 35
  Mean reward: 5396.4 | Score: 3213 | Stage: 1.9 | Length: 828
  Curriculum: stage 3/10 (ep 40/150) | mean start stage: 1.6
  Q1 loss: 213.8313 | Q2 loss: 221.9587 | Policy loss: -534.1371
  Alpha: 0.7760 | Entropy: 0.8613
Step 290000/3000000 | Episodes: 351 | FPS: 35
  Mean reward: 5458.8 | Score: 3245 | Stage: 1.9 | Length: 835
  Curriculum: stage 3/10 (ep 41/150) | mean start stage: 1.6
  Q1 loss: 797.9453 | Q2 loss: 783.7712 | Policy loss: -538.9018
  Alpha: 0.7793 | Entropy: 0.8591

  Running evaluation (10 episodes)...
IMAGEIO FFMPEG_WRITER WARNING: input image is not divisible by macro_block_size=16, resizing from (800, 600) to (800, 608) to ensure video compatibility with most codecs and players. To prevent resizing, make your input image divisible by the macro_block_size or set the macro_block_size to 1 (risking incompatibility).
  Eval reward: 5330.6 ± 2661.5
  Eval score: 3169 | Stage: 1.4 | Length: 852
  Eval range: [2667, 10099]
  Video saved: /Users/vmal/Documents/github/rl-game/cracer-simulation/rl/sac/runs/eval_step_290000.mp4

Step 291000/3000000 | Episodes: 353 | FPS: 35
  Mean reward: 5452.4 | Score: 3240 | Stage: 1.9 | Length: 833
  Curriculum: stage 3/10 (ep 43/150) | mean start stage: 1.6
  Q1 loss: 1540.8786 | Q2 loss: 1548.1472 | Policy loss: -537.4680
  Alpha: 0.7503 | Entropy: 0.8755
Step 292000/3000000 | Episodes: 354 | FPS: 35
  Mean reward: 5513.3 | Score: 3269 | Stage: 1.9 | Length: 839
  Curriculum: stage 3/10 (ep 44/150) | mean start stage: 1.6
  Q1 loss: 480.9676 | Q2 loss: 476.0680 | Policy loss: -536.4834
  Alpha: 0.7591 | Entropy: 0.8964
Step 293000/3000000 | Episodes: 356 | FPS: 35
  Mean reward: 5496.6 | Score: 3259 | Stage: 1.9 | Length: 833
  Curriculum: stage 3/10 (ep 46/150) | mean start stage: 1.6
  Q1 loss: 650.3705 | Q2 loss: 651.1618 | Policy loss: -533.0101
  Alpha: 0.7741 | Entropy: 0.8770
Step 294000/3000000 | Episodes: 357 | FPS: 35
  Mean reward: 5485.4 | Score: 3250 | Stage: 1.9 | Length: 831
  Curriculum: stage 3/10 (ep 47/150) | mean start stage: 1.6
  Q1 loss: 699.4341 | Q2 loss: 694.6727 | Policy loss: -532.1563
  Alpha: 0.7607 | Entropy: 0.8708
Step 295000/3000000 | Episodes: 358 | FPS: 35
  Mean reward: 5548.3 | Score: 3281 | Stage: 1.9 | Length: 837
  Curriculum: stage 3/10 (ep 48/150) | mean start stage: 1.6
  Q1 loss: 347.7745 | Q2 loss: 344.3730 | Policy loss: -530.7402
  Alpha: 0.7636 | Entropy: 0.8658
Step 296000/3000000 | Episodes: 359 | FPS: 35
  Mean reward: 5613.2 | Score: 3313 | Stage: 1.9 | Length: 843
  Curriculum: stage 3/10 (ep 49/150) | mean start stage: 1.6
  Q1 loss: 271.9298 | Q2 loss: 285.6309 | Policy loss: -533.5240
  Alpha: 0.7574 | Entropy: 0.8800
Step 297000/3000000 | Episodes: 361 | FPS: 35
  Mean reward: 5533.4 | Score: 3271 | Stage: 1.9 | Length: 834
  Curriculum: stage 3/10 (ep 51/150) | mean start stage: 1.6
  Q1 loss: 745.3097 | Q2 loss: 776.9499 | Policy loss: -531.7093
  Alpha: 0.7533 | Entropy: 0.8968
Step 298000/3000000 | Episodes: 362 | FPS: 35
  Mean reward: 5448.1 | Score: 3228 | Stage: 1.9 | Length: 826
  Curriculum: stage 3/10 (ep 52/150) | mean start stage: 1.6
  Q1 loss: 486.2721 | Q2 loss: 470.9316 | Policy loss: -535.3317
  Alpha: 0.7765 | Entropy: 0.8684
Step 299000/3000000 | Episodes: 363 | FPS: 35
  Mean reward: 5460.0 | Score: 3235 | Stage: 1.9 | Length: 827
  Curriculum: stage 3/10 (ep 53/150) | mean start stage: 1.6
  Q1 loss: 759.3977 | Q2 loss: 728.7481 | Policy loss: -534.6528
  Alpha: 0.7674 | Entropy: 0.8748
Step 300000/3000000 | Episodes: 364 | FPS: 35
  Mean reward: 5484.5 | Score: 3251 | Stage: 2.0 | Length: 831
  Curriculum: stage 3/10 (ep 54/150) | mean start stage: 1.6
  Q1 loss: 967.1774 | Q2 loss: 1015.3710 | Policy loss: -532.1551
  Alpha: 0.7798 | Entropy: 0.8742

  Running evaluation (10 episodes)...
IMAGEIO FFMPEG_WRITER WARNING: input image is not divisible by macro_block_size=16, resizing from (800, 600) to (800, 608) to ensure video compatibility with most codecs and players. To prevent resizing, make your input image divisible by the macro_block_size or set the macro_block_size to 1 (risking incompatibility).
  Eval reward: 6063.5 ± 3090.9
  Eval score: 3539 | Stage: 1.5 | Length: 936
  Eval range: [1980, 10075]
  Video saved: /Users/vmal/Documents/github/rl-game/cracer-simulation/rl/sac/runs/eval_step_300000.mp4

Step 301000/3000000 | Episodes: 365 | FPS: 35
  Mean reward: 5606.3 | Score: 3314 | Stage: 2.0 | Length: 839
  Curriculum: stage 3/10 (ep 55/150) | mean start stage: 1.6
  Q1 loss: 897.9683 | Q2 loss: 872.2637 | Policy loss: -533.0521
  Alpha: 0.7322 | Entropy: 0.8691
Step 302000/3000000 | Episodes: 367 | FPS: 35
  Mean reward: 5547.3 | Score: 3286 | Stage: 2.0 | Length: 834
  Curriculum: stage 3/10 (ep 57/150) | mean start stage: 1.6
  Q1 loss: 820.9224 | Q2 loss: 806.5287 | Policy loss: -530.8393
  Alpha: 0.7649 | Entropy: 0.8732
Step 303000/3000000 | Episodes: 368 | FPS: 35
  Mean reward: 5556.8 | Score: 3293 | Stage: 2.0 | Length: 835
  Curriculum: stage 3/10 (ep 58/150) | mean start stage: 1.6
  Q1 loss: 437.6409 | Q2 loss: 454.5989 | Policy loss: -528.7657
  Alpha: 0.7617 | Entropy: 0.8882
Step 304000/3000000 | Episodes: 369 | FPS: 35
  Mean reward: 5582.1 | Score: 3308 | Stage: 2.0 | Length: 837
  Curriculum: stage 3/10 (ep 59/150) | mean start stage: 1.6
  Q1 loss: 1163.4567 | Q2 loss: 1144.0133 | Policy loss: -531.7353
  Alpha: 0.7563 | Entropy: 0.8822
Step 305000/3000000 | Episodes: 371 | FPS: 35
  Mean reward: 5528.3 | Score: 3283 | Stage: 2.0 | Length: 831
  Curriculum: stage 3/10 (ep 61/150) | mean start stage: 1.7
  Q1 loss: 520.3449 | Q2 loss: 543.8180 | Policy loss: -531.4284
  Alpha: 0.7652 | Entropy: 0.8879
Step 306000/3000000 | Episodes: 372 | FPS: 35
  Mean reward: 5523.5 | Score: 3280 | Stage: 2.0 | Length: 829
  Curriculum: stage 3/10 (ep 62/150) | mean start stage: 1.7
  Q1 loss: 431.4733 | Q2 loss: 422.6812 | Policy loss: -533.4061
  Alpha: 0.7516 | Entropy: 0.8900
Step 307000/3000000 | Episodes: 373 | FPS: 35
  Mean reward: 5581.7 | Score: 3311 | Stage: 2.0 | Length: 830
  Curriculum: stage 3/10 (ep 63/150) | mean start stage: 1.7
  Q1 loss: 287.2402 | Q2 loss: 288.5179 | Policy loss: -530.7698
  Alpha: 0.7737 | Entropy: 0.8657
Step 308000/3000000 | Episodes: 375 | FPS: 35
  Mean reward: 5570.5 | Score: 3303 | Stage: 2.1 | Length: 827
  Curriculum: stage 3/10 (ep 65/150) | mean start stage: 1.7
  Q1 loss: 794.2218 | Q2 loss: 795.3640 | Policy loss: -530.4256
  Alpha: 0.7526 | Entropy: 0.8845
Step 309000/3000000 | Episodes: 377 | FPS: 35
  Mean reward: 5558.3 | Score: 3295 | Stage: 2.1 | Length: 825
  Curriculum: stage 3/10 (ep 67/150) | mean start stage: 1.7
  Q1 loss: 840.6632 | Q2 loss: 817.6206 | Policy loss: -530.9328
  Alpha: 0.7520 | Entropy: 0.8802
Step 310000/3000000 | Episodes: 378 | FPS: 35
  Mean reward: 5566.4 | Score: 3300 | Stage: 2.1 | Length: 825
  Curriculum: stage 3/10 (ep 68/150) | mean start stage: 1.8
  Q1 loss: 543.3080 | Q2 loss: 526.1444 | Policy loss: -532.0592
  Alpha: 0.7727 | Entropy: 0.8649

  Running evaluation (10 episodes)...
IMAGEIO FFMPEG_WRITER WARNING: input image is not divisible by macro_block_size=16, resizing from (800, 600) to (800, 608) to ensure video compatibility with most codecs and players. To prevent resizing, make your input image divisible by the macro_block_size or set the macro_block_size to 1 (risking incompatibility).
  Eval reward: 6310.4 ± 3430.7
  Eval score: 3728 | Stage: 1.5 | Length: 963
  Eval range: [1500, 11617]
  Video saved: /Users/vmal/Documents/github/rl-game/cracer-simulation/rl/sac/runs/eval_step_310000.mp4

Step 311000/3000000 | Episodes: 380 | FPS: 35
  Mean reward: 5541.7 | Score: 3284 | Stage: 2.1 | Length: 819
  Curriculum: stage 3/10 (ep 70/150) | mean start stage: 1.8
  Q1 loss: 445.4157 | Q2 loss: 403.7524 | Policy loss: -529.2314
  Alpha: 0.7566 | Entropy: 0.8600
Step 312000/3000000 | Episodes: 381 | FPS: 35
  Mean reward: 5491.9 | Score: 3261 | Stage: 2.1 | Length: 813
  Curriculum: stage 3/10 (ep 71/150) | mean start stage: 1.8
  Q1 loss: 242.9359 | Q2 loss: 241.3899 | Policy loss: -526.3274
  Alpha: 0.7704 | Entropy: 0.8759
Step 313000/3000000 | Episodes: 383 | FPS: 35
  Mean reward: 5507.8 | Score: 3271 | Stage: 2.1 | Length: 815
  Curriculum: stage 3/10 (ep 73/150) | mean start stage: 1.8
  Q1 loss: 437.4230 | Q2 loss: 425.3297 | Policy loss: -527.7978
  Alpha: 0.7722 | Entropy: 0.8705
Step 314000/3000000 | Episodes: 384 | FPS: 35
  Mean reward: 5551.4 | Score: 3290 | Stage: 2.1 | Length: 819
  Curriculum: stage 3/10 (ep 74/150) | mean start stage: 1.8
  Q1 loss: 305.4915 | Q2 loss: 310.1303 | Policy loss: -531.3542
  Alpha: 0.7348 | Entropy: 0.8879
Step 315000/3000000 | Episodes: 386 | FPS: 35
  Mean reward: 5538.6 | Score: 3281 | Stage: 2.1 | Length: 816
  Curriculum: stage 3/10 (ep 76/150) | mean start stage: 1.8
  Q1 loss: 393.5343 | Q2 loss: 395.3733 | Policy loss: -527.2162
  Alpha: 0.7704 | Entropy: 0.8627
Step 316000/3000000 | Episodes: 387 | FPS: 35
  Mean reward: 5542.0 | Score: 3282 | Stage: 2.1 | Length: 815
  Curriculum: stage 3/10 (ep 77/150) | mean start stage: 1.8
  Q1 loss: 454.1767 | Q2 loss: 451.2077 | Policy loss: -532.1362
  Alpha: 0.7442 | Entropy: 0.8746
Step 317000/3000000 | Episodes: 388 | FPS: 35
  Mean reward: 5550.4 | Score: 3287 | Stage: 2.1 | Length: 817
  Curriculum: stage 3/10 (ep 78/150) | mean start stage: 1.8
  Q1 loss: 354.6445 | Q2 loss: 339.1018 | Policy loss: -529.4106
  Alpha: 0.7247 | Entropy: 0.8936
Step 318000/3000000 | Episodes: 390 | FPS: 35
  Mean reward: 5559.2 | Score: 3292 | Stage: 2.1 | Length: 818
  Curriculum: stage 3/10 (ep 80/150) | mean start stage: 1.8
  Q1 loss: 480.5074 | Q2 loss: 504.0316 | Policy loss: -527.2052
  Alpha: 0.7417 | Entropy: 0.8779
Step 319000/3000000 | Episodes: 391 | FPS: 35
  Mean reward: 5569.0 | Score: 3299 | Stage: 2.2 | Length: 818
  Curriculum: stage 3/10 (ep 81/150) | mean start stage: 1.8
  Q1 loss: 476.0921 | Q2 loss: 468.7573 | Policy loss: -530.1442
  Alpha: 0.7212 | Entropy: 0.8935
Step 320000/3000000 | Episodes: 391 | FPS: 35
  Mean reward: 5569.0 | Score: 3299 | Stage: 2.2 | Length: 818
  Curriculum: stage 3/10 (ep 81/150) | mean start stage: 1.8
  Q1 loss: 451.9289 | Q2 loss: 446.5767 | Policy loss: -527.7250
  Alpha: 0.7295 | Entropy: 0.8833

  Running evaluation (10 episodes)...
IMAGEIO FFMPEG_WRITER WARNING: input image is not divisible by macro_block_size=16, resizing from (800, 600) to (800, 608) to ensure video compatibility with most codecs and players. To prevent resizing, make your input image divisible by the macro_block_size or set the macro_block_size to 1 (risking incompatibility).
  Eval reward: 8066.7 ± 2880.7
  Eval score: 4550 | Stage: 1.8 | Length: 1145
  Eval range: [2541, 11350]
  Video saved: /Users/vmal/Documents/github/rl-game/cracer-simulation/rl/sac/runs/eval_step_320000.mp4

Step 321000/3000000 | Episodes: 393 | FPS: 35
  Mean reward: 5661.3 | Score: 3347 | Stage: 2.2 | Length: 824
  Curriculum: stage 3/10 (ep 83/150) | mean start stage: 1.8
  Q1 loss: 234.7100 | Q2 loss: 241.3666 | Policy loss: -525.6165
  Alpha: 0.7337 | Entropy: 0.8742
Step 322000/3000000 | Episodes: 394 | FPS: 35
  Mean reward: 5590.1 | Score: 3310 | Stage: 2.2 | Length: 815
  Curriculum: stage 3/10 (ep 84/150) | mean start stage: 1.9
  Q1 loss: 256.0058 | Q2 loss: 246.7430 | Policy loss: -530.8480
  Alpha: 0.7223 | Entropy: 0.8899
Step 323000/3000000 | Episodes: 395 | FPS: 35
  Mean reward: 5526.0 | Score: 3281 | Stage: 2.2 | Length: 811
  Curriculum: stage 3/10 (ep 85/150) | mean start stage: 1.9
  Q1 loss: 405.2724 | Q2 loss: 416.2278 | Policy loss: -529.0321
  Alpha: 0.7177 | Entropy: 0.8778
Step 324000/3000000 | Episodes: 396 | FPS: 35
  Mean reward: 5644.3 | Score: 3347 | Stage: 2.2 | Length: 821
  Curriculum: stage 3/10 (ep 86/150) | mean start stage: 1.9
  Q1 loss: 922.3431 | Q2 loss: 896.0455 | Policy loss: -531.1130
  Alpha: 0.7274 | Entropy: 0.8842
Step 325000/3000000 | Episodes: 396 | FPS: 35
  Mean reward: 5644.3 | Score: 3347 | Stage: 2.2 | Length: 821
  Curriculum: stage 3/10 (ep 86/150) | mean start stage: 1.9
  Q1 loss: 1131.7740 | Q2 loss: 1137.1226 | Policy loss: -529.6123
  Alpha: 0.7439 | Entropy: 0.8557
Step 326000/3000000 | Episodes: 397 | FPS: 35
  Mean reward: 5667.4 | Score: 3364 | Stage: 2.2 | Length: 824
  Curriculum: stage 3/10 (ep 87/150) | mean start stage: 1.9
  Q1 loss: 652.8242 | Q2 loss: 561.6473 | Policy loss: -526.7267
  Alpha: 0.7382 | Entropy: 0.8828
Step 327000/3000000 | Episodes: 399 | FPS: 35
  Mean reward: 5583.9 | Score: 3323 | Stage: 2.2 | Length: 818
  Curriculum: stage 3/10 (ep 89/150) | mean start stage: 1.9
  Q1 loss: 400.1446 | Q2 loss: 369.8617 | Policy loss: -523.8512
  Alpha: 0.7378 | Entropy: 0.8809
Step 328000/3000000 | Episodes: 400 | FPS: 35
  Mean reward: 5590.2 | Score: 3326 | Stage: 2.2 | Length: 820
  Curriculum: stage 3/10 (ep 90/150) | mean start stage: 1.9
  Q1 loss: 663.6392 | Q2 loss: 657.2172 | Policy loss: -528.2709
  Alpha: 0.7432 | Entropy: 0.8888
Step 329000/3000000 | Episodes: 401 | FPS: 35
  Mean reward: 5586.5 | Score: 3323 | Stage: 2.2 | Length: 819
  Curriculum: stage 3/10 (ep 91/150) | mean start stage: 1.9
  Q1 loss: 430.3902 | Q2 loss: 460.1266 | Policy loss: -529.0061
  Alpha: 0.7249 | Entropy: 0.8831
Step 330000/3000000 | Episodes: 404 | FPS: 35
  Mean reward: 5452.0 | Score: 3255 | Stage: 2.2 | Length: 800
  Curriculum: stage 3/10 (ep 94/150) | mean start stage: 1.9
  Q1 loss: 282.1147 | Q2 loss: 283.1002 | Policy loss: -526.7239
  Alpha: 0.7337 | Entropy: 0.8985

  Running evaluation (10 episodes)...
IMAGEIO FFMPEG_WRITER WARNING: input image is not divisible by macro_block_size=16, resizing from (800, 600) to (800, 608) to ensure video compatibility with most codecs and players. To prevent resizing, make your input image divisible by the macro_block_size or set the macro_block_size to 1 (risking incompatibility).
  Eval reward: 6803.9 ± 3311.5
  Eval score: 3933 | Stage: 1.6 | Length: 995
  Eval range: [1870, 11106]
  Video saved: /Users/vmal/Documents/github/rl-game/cracer-simulation/rl/sac/runs/eval_step_330000.mp4

Step 331000/3000000 | Episodes: 406 | FPS: 35
  Mean reward: 5446.1 | Score: 3250 | Stage: 2.2 | Length: 798
  Curriculum: stage 3/10 (ep 96/150) | mean start stage: 1.9
  Q1 loss: 434.1227 | Q2 loss: 431.3940 | Policy loss: -526.6209
  Alpha: 0.7283 | Entropy: 0.8766
Step 332000/3000000 | Episodes: 408 | FPS: 35
  Mean reward: 5346.2 | Score: 3195 | Stage: 2.2 | Length: 784
  Curriculum: stage 3/10 (ep 98/150) | mean start stage: 1.9
  Q1 loss: 486.2609 | Q2 loss: 514.7123 | Policy loss: -524.7931
  Alpha: 0.7221 | Entropy: 0.8971
Step 333000/3000000 | Episodes: 409 | FPS: 35
  Mean reward: 5270.0 | Score: 3160 | Stage: 2.2 | Length: 780
  Curriculum: stage 3/10 (ep 99/150) | mean start stage: 1.9
  Q1 loss: 482.7937 | Q2 loss: 486.5286 | Policy loss: -529.8441
  Alpha: 0.7112 | Entropy: 0.8713
Step 334000/3000000 | Episodes: 411 | FPS: 35
  Mean reward: 5212.5 | Score: 3130 | Stage: 2.3 | Length: 773
  Curriculum: stage 3/10 (ep 101/150) | mean start stage: 2.0
  Q1 loss: 300.5348 | Q2 loss: 295.4216 | Policy loss: -531.4542
  Alpha: 0.7163 | Entropy: 0.8778
Step 335000/3000000 | Episodes: 412 | FPS: 35
  Mean reward: 5208.5 | Score: 3127 | Stage: 2.3 | Length: 771
  Curriculum: stage 3/10 (ep 102/150) | mean start stage: 2.0
  Q1 loss: 539.2005 | Q2 loss: 544.7987 | Policy loss: -525.9981
  Alpha: 0.7315 | Entropy: 0.8735
Step 336000/3000000 | Episodes: 413 | FPS: 35
  Mean reward: 5248.1 | Score: 3142 | Stage: 2.3 | Length: 776
  Curriculum: stage 3/10 (ep 103/150) | mean start stage: 2.0
  Q1 loss: 330.3558 | Q2 loss: 340.5793 | Policy loss: -522.4210
  Alpha: 0.7290 | Entropy: 0.8639
Step 337000/3000000 | Episodes: 414 | FPS: 35
  Mean reward: 5301.5 | Score: 3167 | Stage: 2.3 | Length: 782
  Curriculum: stage 3/10 (ep 104/150) | mean start stage: 2.0
  Q1 loss: 713.1362 | Q2 loss: 713.9525 | Policy loss: -523.3771
  Alpha: 0.7334 | Entropy: 0.8750
Step 338000/3000000 | Episodes: 416 | FPS: 35
  Mean reward: 5244.3 | Score: 3138 | Stage: 2.3 | Length: 775
  Curriculum: stage 3/10 (ep 106/150) | mean start stage: 2.0
  Q1 loss: 390.1970 | Q2 loss: 400.5900 | Policy loss: -524.0088
  Alpha: 0.7370 | Entropy: 0.8562
Step 339000/3000000 | Episodes: 416 | FPS: 35
  Mean reward: 5244.3 | Score: 3138 | Stage: 2.3 | Length: 775
  Curriculum: stage 3/10 (ep 106/150) | mean start stage: 2.0
  Q1 loss: 300.5276 | Q2 loss: 280.0625 | Policy loss: -525.1294
  Alpha: 0.7266 | Entropy: 0.8737
Step 340000/3000000 | Episodes: 418 | FPS: 35
  Mean reward: 5294.0 | Score: 3167 | Stage: 2.3 | Length: 779
  Curriculum: stage 3/10 (ep 108/150) | mean start stage: 2.0
  Q1 loss: 567.7377 | Q2 loss: 558.7739 | Policy loss: -526.0442
  Alpha: 0.7441 | Entropy: 0.8927

  Running evaluation (10 episodes)...
IMAGEIO FFMPEG_WRITER WARNING: input image is not divisible by macro_block_size=16, resizing from (800, 600) to (800, 608) to ensure video compatibility with most codecs and players. To prevent resizing, make your input image divisible by the macro_block_size or set the macro_block_size to 1 (risking incompatibility).
  Eval reward: 5884.0 ± 2996.1
  Eval score: 3534 | Stage: 1.4 | Length: 928
  Eval range: [2828, 11165]
  Video saved: /Users/vmal/Documents/github/rl-game/cracer-simulation/rl/sac/runs/eval_step_340000.mp4

Step 341000/3000000 | Episodes: 420 | FPS: 35
  Mean reward: 5204.4 | Score: 3122 | Stage: 2.3 | Length: 772
  Curriculum: stage 3/10 (ep 110/150) | mean start stage: 2.0
  Q1 loss: 301.0873 | Q2 loss: 301.3509 | Policy loss: -524.5464
  Alpha: 0.7300 | Entropy: 0.8570
Step 342000/3000000 | Episodes: 422 | FPS: 35
  Mean reward: 5053.1 | Score: 3045 | Stage: 2.3 | Length: 756
  Curriculum: stage 3/10 (ep 112/150) | mean start stage: 2.0
  Q1 loss: 795.6804 | Q2 loss: 786.0290 | Policy loss: -526.8732
  Alpha: 0.7344 | Entropy: 0.8810
Step 343000/3000000 | Episodes: 424 | FPS: 35
  Mean reward: 4956.7 | Score: 2994 | Stage: 2.3 | Length: 748
  Curriculum: stage 3/10 (ep 114/150) | mean start stage: 2.0
  Q1 loss: 695.6983 | Q2 loss: 702.8457 | Policy loss: -527.2061
  Alpha: 0.7165 | Entropy: 0.8713
Step 344000/3000000 | Episodes: 424 | FPS: 35
  Mean reward: 4956.7 | Score: 2994 | Stage: 2.3 | Length: 748
  Curriculum: stage 3/10 (ep 114/150) | mean start stage: 2.0
  Q1 loss: 447.7437 | Q2 loss: 441.9161 | Policy loss: -525.9450
  Alpha: 0.7156 | Entropy: 0.8680
Step 345000/3000000 | Episodes: 426 | FPS: 35
  Mean reward: 5009.2 | Score: 3019 | Stage: 2.3 | Length: 754
  Curriculum: stage 3/10 (ep 116/150) | mean start stage: 2.0
  Q1 loss: 564.5303 | Q2 loss: 593.3689 | Policy loss: -522.5854
  Alpha: 0.7212 | Entropy: 0.8647
Step 346000/3000000 | Episodes: 427 | FPS: 35
  Mean reward: 4912.5 | Score: 2969 | Stage: 2.2 | Length: 745
  Curriculum: stage 3/10 (ep 117/150) | mean start stage: 2.0
  Q1 loss: 395.8074 | Q2 loss: 407.1434 | Policy loss: -528.2261
  Alpha: 0.7168 | Entropy: 0.8760
Step 347000/3000000 | Episodes: 427 | FPS: 35
  Mean reward: 4912.5 | Score: 2969 | Stage: 2.2 | Length: 745
  Curriculum: stage 3/10 (ep 117/150) | mean start stage: 2.0
  Q1 loss: 312.8678 | Q2 loss: 316.1805 | Policy loss: -523.4288
  Alpha: 0.7214 | Entropy: 0.8925
Step 348000/3000000 | Episodes: 429 | FPS: 35
  Mean reward: 4943.7 | Score: 2991 | Stage: 2.2 | Length: 748
  Curriculum: stage 3/10 (ep 119/150) | mean start stage: 2.0
  Q1 loss: 243.8003 | Q2 loss: 241.4775 | Policy loss: -521.3917
  Alpha: 0.7125 | Entropy: 0.8830
Step 349000/3000000 | Episodes: 430 | FPS: 35
  Mean reward: 5043.3 | Score: 3044 | Stage: 2.3 | Length: 756
  Curriculum: stage 3/10 (ep 120/150) | mean start stage: 2.0
  Q1 loss: 334.2757 | Q2 loss: 331.3705 | Policy loss: -524.3033
  Alpha: 0.7312 | Entropy: 0.8907
Step 350000/3000000 | Episodes: 431 | FPS: 35
  Mean reward: 4959.4 | Score: 3002 | Stage: 2.3 | Length: 748
  Curriculum: stage 3/10 (ep 121/150) | mean start stage: 2.0
  Q1 loss: 753.2872 | Q2 loss: 798.1344 | Policy loss: -524.7752
  Alpha: 0.7051 | Entropy: 0.8830

  Running evaluation (10 episodes)...
IMAGEIO FFMPEG_WRITER WARNING: input image is not divisible by macro_block_size=16, resizing from (800, 600) to (800, 608) to ensure video compatibility with most codecs and players. To prevent resizing, make your input image divisible by the macro_block_size or set the macro_block_size to 1 (risking incompatibility).
  Eval reward: 7720.0 ± 3057.7
  Eval score: 4414 | Stage: 1.7 | Length: 1124
  Eval range: [2937, 11705]
  Video saved: /Users/vmal/Documents/github/rl-game/cracer-simulation/rl/sac/runs/eval_step_350000.mp4

Step 351000/3000000 | Episodes: 433 | FPS: 35
  Mean reward: 4889.8 | Score: 2967 | Stage: 2.3 | Length: 739
  Curriculum: stage 3/10 (ep 123/150) | mean start stage: 2.0
  Q1 loss: 274.3961 | Q2 loss: 286.4450 | Policy loss: -522.8963
  Alpha: 0.7222 | Entropy: 0.8906
Step 352000/3000000 | Episodes: 436 | FPS: 35
  Mean reward: 4781.8 | Score: 2914 | Stage: 2.2 | Length: 733
  Curriculum: stage 3/10 (ep 126/150) | mean start stage: 2.0
  Q1 loss: 206.6693 | Q2 loss: 191.6906 | Policy loss: -522.1648
  Alpha: 0.7146 | Entropy: 0.8795
Step 353000/3000000 | Episodes: 437 | FPS: 35
  Mean reward: 4819.3 | Score: 2930 | Stage: 2.2 | Length: 736
  Curriculum: stage 3/10 (ep 127/150) | mean start stage: 2.0
  Q1 loss: 471.8547 | Q2 loss: 476.0956 | Policy loss: -524.9786
  Alpha: 0.7145 | Entropy: 0.8739
Step 354000/3000000 | Episodes: 438 | FPS: 35
  Mean reward: 4834.9 | Score: 2940 | Stage: 2.3 | Length: 737
  Curriculum: stage 3/10 (ep 128/150) | mean start stage: 2.0
  Q1 loss: 514.1462 | Q2 loss: 518.1396 | Policy loss: -516.9202
  Alpha: 0.7312 | Entropy: 0.8868
Step 355000/3000000 | Episodes: 439 | FPS: 35
  Mean reward: 4904.6 | Score: 2975 | Stage: 2.3 | Length: 745
  Curriculum: stage 3/10 (ep 129/150) | mean start stage: 2.0
  Q1 loss: 458.8903 | Q2 loss: 437.4059 | Policy loss: -518.1455
  Alpha: 0.7220 | Entropy: 0.8715
Step 356000/3000000 | Episodes: 439 | FPS: 35
  Mean reward: 4904.6 | Score: 2975 | Stage: 2.3 | Length: 745
  Curriculum: stage 3/10 (ep 129/150) | mean start stage: 2.0
  Q1 loss: 927.5577 | Q2 loss: 910.7945 | Policy loss: -521.5964
  Alpha: 0.7034 | Entropy: 0.8837
Step 357000/3000000 | Episodes: 441 | FPS: 35
  Mean reward: 4982.5 | Score: 3014 | Stage: 2.3 | Length: 754
  Curriculum: stage 3/10 (ep 131/150) | mean start stage: 2.0
  Q1 loss: 441.8599 | Q2 loss: 438.1419 | Policy loss: -523.1420
  Alpha: 0.7161 | Entropy: 0.8642
Step 358000/3000000 | Episodes: 442 | FPS: 35
  Mean reward: 4895.8 | Score: 2970 | Stage: 2.2 | Length: 747
  Curriculum: stage 3/10 (ep 132/150) | mean start stage: 2.0
  Q1 loss: 312.5149 | Q2 loss: 317.3255 | Policy loss: -517.8630
  Alpha: 0.7084 | Entropy: 0.8614
Step 359000/3000000 | Episodes: 443 | FPS: 35
  Mean reward: 4981.3 | Score: 3014 | Stage: 2.2 | Length: 754
  Curriculum: stage 3/10 (ep 133/150) | mean start stage: 2.0
  Q1 loss: 353.1359 | Q2 loss: 344.2404 | Policy loss: -522.1449
  Alpha: 0.7234 | Entropy: 0.8470
Step 360000/3000000 | Episodes: 444 | FPS: 35
  Mean reward: 5048.9 | Score: 3047 | Stage: 2.2 | Length: 761
  Curriculum: stage 3/10 (ep 134/150) | mean start stage: 2.0
  Q1 loss: 452.2297 | Q2 loss: 448.8683 | Policy loss: -516.8353
  Alpha: 0.7084 | Entropy: 0.8898

  Running evaluation (10 episodes)...
IMAGEIO FFMPEG_WRITER WARNING: input image is not divisible by macro_block_size=16, resizing from (800, 600) to (800, 608) to ensure video compatibility with most codecs and players. To prevent resizing, make your input image divisible by the macro_block_size or set the macro_block_size to 1 (risking incompatibility).
  Eval reward: 6468.1 ± 2889.0
  Eval score: 3697 | Stage: 1.6 | Length: 1001
  Eval range: [2526, 9704]
  Video saved: /Users/vmal/Documents/github/rl-game/cracer-simulation/rl/sac/runs/eval_step_360000.mp4

Step 361000/3000000 | Episodes: 445 | FPS: 35
  Mean reward: 5012.0 | Score: 3026 | Stage: 2.2 | Length: 759
  Curriculum: stage 3/10 (ep 135/150) | mean start stage: 2.0
  Q1 loss: 333.5256 | Q2 loss: 342.1685 | Policy loss: -522.0831
  Alpha: 0.7216 | Entropy: 0.8679
Step 362000/3000000 | Episodes: 447 | FPS: 35
  Mean reward: 4990.7 | Score: 3013 | Stage: 2.2 | Length: 755
  Curriculum: stage 3/10 (ep 137/150) | mean start stage: 2.0
  Q1 loss: 675.5267 | Q2 loss: 630.9682 | Policy loss: -515.3644
  Alpha: 0.7185 | Entropy: 0.8744
Step 363000/3000000 | Episodes: 449 | FPS: 35
  Mean reward: 5015.2 | Score: 3029 | Stage: 2.3 | Length: 758
  Curriculum: stage 3/10 (ep 139/150) | mean start stage: 2.0
  Q1 loss: 340.0547 | Q2 loss: 355.3573 | Policy loss: -515.3193
  Alpha: 0.7004 | Entropy: 0.8725
Step 364000/3000000 | Episodes: 450 | FPS: 35
  Mean reward: 4917.7 | Score: 2978 | Stage: 2.3 | Length: 749
  Curriculum: stage 3/10 (ep 140/150) | mean start stage: 2.0
  Q1 loss: 493.0197 | Q2 loss: 496.6616 | Policy loss: -511.6726
  Alpha: 0.6976 | Entropy: 0.8930
Step 365000/3000000 | Episodes: 451 | FPS: 35
  Mean reward: 4949.5 | Score: 2995 | Stage: 2.3 | Length: 750
  Curriculum: stage 3/10 (ep 141/150) | mean start stage: 2.0
  Q1 loss: 174.6019 | Q2 loss: 169.1209 | Policy loss: -515.9319
  Alpha: 0.7032 | Entropy: 0.8976
Step 366000/3000000 | Episodes: 452 | FPS: 35
  Mean reward: 5038.4 | Score: 3041 | Stage: 2.3 | Length: 757
  Curriculum: stage 3/10 (ep 142/150) | mean start stage: 2.0
  Q1 loss: 1029.9847 | Q2 loss: 1086.3785 | Policy loss: -514.5621
  Alpha: 0.7012 | Entropy: 0.8826
Step 367000/3000000 | Episodes: 453 | FPS: 35
  Mean reward: 5092.2 | Score: 3067 | Stage: 2.3 | Length: 762
  Curriculum: stage 3/10 (ep 143/150) | mean start stage: 2.0
  Q1 loss: 863.2677 | Q2 loss: 897.4437 | Policy loss: -513.5653
  Alpha: 0.7003 | Entropy: 0.8861
Step 368000/3000000 | Episodes: 454 | FPS: 35
  Mean reward: 5027.3 | Score: 3036 | Stage: 2.3 | Length: 754
  Curriculum: stage 3/10 (ep 144/150) | mean start stage: 2.0
  Q1 loss: 497.2432 | Q2 loss: 513.1947 | Policy loss: -512.1898
  Alpha: 0.6911 | Entropy: 0.8837
Step 369000/3000000 | Episodes: 456 | FPS: 35
  Mean reward: 5048.1 | Score: 3048 | Stage: 2.3 | Length: 757
  Curriculum: stage 3/10 (ep 146/150) | mean start stage: 2.0
  Q1 loss: 586.7362 | Q2 loss: 612.4506 | Policy loss: -512.7715
  Alpha: 0.7071 | Entropy: 0.8733
Step 370000/3000000 | Episodes: 457 | FPS: 35
  Mean reward: 5063.0 | Score: 3058 | Stage: 2.3 | Length: 760
  Curriculum: stage 3/10 (ep 147/150) | mean start stage: 2.0
  Q1 loss: 329.3654 | Q2 loss: 317.7754 | Policy loss: -510.1979
  Alpha: 0.7051 | Entropy: 0.8875

  Running evaluation (10 episodes)...
IMAGEIO FFMPEG_WRITER WARNING: input image is not divisible by macro_block_size=16, resizing from (800, 600) to (800, 608) to ensure video compatibility with most codecs and players. To prevent resizing, make your input image divisible by the macro_block_size or set the macro_block_size to 1 (risking incompatibility).
  Eval reward: 7569.4 ± 2360.3
  Eval score: 4214 | Stage: 1.8 | Length: 1055
  Eval range: [3311, 11238]
  Video saved: /Users/vmal/Documents/github/rl-game/cracer-simulation/rl/sac/runs/eval_step_370000.mp4

Step 371000/3000000 | Episodes: 457 | FPS: 35
  Mean reward: 5063.0 | Score: 3058 | Stage: 2.3 | Length: 760
  Curriculum: stage 3/10 (ep 147/150) | mean start stage: 2.0
  Q1 loss: 728.2808 | Q2 loss: 707.8068 | Policy loss: -511.7618
  Alpha: 0.7160 | Entropy: 0.8752
Step 372000/3000000 | Episodes: 458 | FPS: 35
  Mean reward: 5171.3 | Score: 3116 | Stage: 2.3 | Length: 771
  Curriculum: stage 3/10 (ep 148/150) | mean start stage: 2.0
  Q1 loss: 676.7795 | Q2 loss: 663.8675 | Policy loss: -511.8850
  Alpha: 0.7064 | Entropy: 0.8873
Step 373000/3000000 | Episodes: 459 | FPS: 35
  Mean reward: 5117.2 | Score: 3092 | Stage: 2.3 | Length: 767
  Curriculum: stage 3/10 (ep 149/150) | mean start stage: 2.0
  Q1 loss: 211.5580 | Q2 loss: 204.7903 | Policy loss: -513.5499
  Alpha: 0.7076 | Entropy: 0.8851

  CURRICULUM: Graduated stage 3 -> 4 (reward=5133.7, comp=0.25)

Step 374000/3000000 | Episodes: 461 | FPS: 35
  Mean reward: 5151.5 | Score: 3113 | Stage: 2.3 | Length: 769
  Curriculum: stage 4/10 (ep 1/150) | mean start stage: 2.0
  Q1 loss: 714.4872 | Q2 loss: 720.1539 | Policy loss: -508.2373
  Alpha: 0.7103 | Entropy: 0.8628
Step 375000/3000000 | Episodes: 462 | FPS: 35
  Mean reward: 5149.3 | Score: 3112 | Stage: 2.3 | Length: 769
  Curriculum: stage 4/10 (ep 2/150) | mean start stage: 2.0
  Q1 loss: 413.9307 | Q2 loss: 418.3349 | Policy loss: -508.3802
  Alpha: 0.7006 | Entropy: 0.8970
Step 376000/3000000 | Episodes: 463 | FPS: 35
  Mean reward: 5240.9 | Score: 3159 | Stage: 2.3 | Length: 777
  Curriculum: stage 4/10 (ep 3/150) | mean start stage: 2.0
  Q1 loss: 545.1001 | Q2 loss: 537.3055 | Policy loss: -508.5866
  Alpha: 0.7045 | Entropy: 0.8848
Step 377000/3000000 | Episodes: 465 | FPS: 35
  Mean reward: 5105.3 | Score: 3086 | Stage: 2.3 | Length: 767
  Curriculum: stage 4/10 (ep 5/150) | mean start stage: 2.0
  Q1 loss: 412.9865 | Q2 loss: 407.9354 | Policy loss: -509.3368
  Alpha: 0.7118 | Entropy: 0.8925
Step 378000/3000000 | Episodes: 466 | FPS: 35
  Mean reward: 5107.3 | Score: 3088 | Stage: 2.3 | Length: 765
  Curriculum: stage 4/10 (ep 6/150) | mean start stage: 2.0
  Q1 loss: 263.1497 | Q2 loss: 262.6156 | Policy loss: -507.8746
  Alpha: 0.7236 | Entropy: 0.8871
Step 379000/3000000 | Episodes: 468 | FPS: 35
  Mean reward: 5102.9 | Score: 3085 | Stage: 2.3 | Length: 764
  Curriculum: stage 4/10 (ep 8/150) | mean start stage: 2.1
  Q1 loss: 583.1548 | Q2 loss: 574.3390 | Policy loss: -509.9663
  Alpha: 0.7090 | Entropy: 0.8688
Step 380000/3000000 | Episodes: 470 | FPS: 35
  Mean reward: 5024.6 | Score: 3042 | Stage: 2.4 | Length: 753
  Curriculum: stage 4/10 (ep 10/150) | mean start stage: 2.1
  Q1 loss: 714.9791 | Q2 loss: 731.7215 | Policy loss: -507.3402
  Alpha: 0.6965 | Entropy: 0.8950

  Running evaluation (10 episodes)...
IMAGEIO FFMPEG_WRITER WARNING: input image is not divisible by macro_block_size=16, resizing from (800, 600) to (800, 608) to ensure video compatibility with most codecs and players. To prevent resizing, make your input image divisible by the macro_block_size or set the macro_block_size to 1 (risking incompatibility).
  Eval reward: 6057.3 ± 3352.4
  Eval score: 3522 | Stage: 1.5 | Length: 926
  Eval range: [1582, 10282]
  Video saved: /Users/vmal/Documents/github/rl-game/cracer-simulation/rl/sac/runs/eval_step_380000.mp4

Step 381000/3000000 | Episodes: 472 | FPS: 35
  Mean reward: 5037.8 | Score: 3051 | Stage: 2.4 | Length: 754
  Curriculum: stage 4/10 (ep 12/150) | mean start stage: 2.1
  Q1 loss: 367.0950 | Q2 loss: 375.8321 | Policy loss: -508.8170
  Alpha: 0.7105 | Entropy: 0.8914
Step 382000/3000000 | Episodes: 474 | FPS: 35
  Mean reward: 4931.0 | Score: 2999 | Stage: 2.4 | Length: 748
  Curriculum: stage 4/10 (ep 14/150) | mean start stage: 2.1
  Q1 loss: 551.4577 | Q2 loss: 566.1474 | Policy loss: -506.2884
  Alpha: 0.7045 | Entropy: 0.8898
Step 383000/3000000 | Episodes: 475 | FPS: 35
  Mean reward: 4929.9 | Score: 2998 | Stage: 2.4 | Length: 748
  Curriculum: stage 4/10 (ep 15/150) | mean start stage: 2.1
  Q1 loss: 311.2942 | Q2 loss: 312.4380 | Policy loss: -510.0167
  Alpha: 0.7016 | Entropy: 0.8770
Step 384000/3000000 | Episodes: 476 | FPS: 35
  Mean reward: 5060.9 | Score: 3069 | Stage: 2.4 | Length: 758
  Curriculum: stage 4/10 (ep 16/150) | mean start stage: 2.1
  Q1 loss: 718.8215 | Q2 loss: 708.1898 | Policy loss: -506.7717
  Alpha: 0.7031 | Entropy: 0.8974
Step 385000/3000000 | Episodes: 478 | FPS: 35
  Mean reward: 5054.4 | Score: 3064 | Stage: 2.4 | Length: 756
  Curriculum: stage 4/10 (ep 18/150) | mean start stage: 2.1
  Q1 loss: 272.9653 | Q2 loss: 271.1433 | Policy loss: -512.1140
  Alpha: 0.7166 | Entropy: 0.8636
Step 386000/3000000 | Episodes: 478 | FPS: 35
  Mean reward: 5054.4 | Score: 3064 | Stage: 2.4 | Length: 756
  Curriculum: stage 4/10 (ep 18/150) | mean start stage: 2.1
  Q1 loss: 361.9767 | Q2 loss: 361.5258 | Policy loss: -507.0273
  Alpha: 0.7377 | Entropy: 0.8579
Step 387000/3000000 | Episodes: 480 | FPS: 35
  Mean reward: 5125.4 | Score: 3106 | Stage: 2.4 | Length: 760
  Curriculum: stage 4/10 (ep 20/150) | mean start stage: 2.2
  Q1 loss: 927.3872 | Q2 loss: 931.5585 | Policy loss: -511.0507
  Alpha: 0.7277 | Entropy: 0.9005
Step 388000/3000000 | Episodes: 481 | FPS: 35
  Mean reward: 5123.7 | Score: 3104 | Stage: 2.4 | Length: 760
  Curriculum: stage 4/10 (ep 21/150) | mean start stage: 2.2
  Q1 loss: 1115.9931 | Q2 loss: 1129.8522 | Policy loss: -513.6169
  Alpha: 0.7025 | Entropy: 0.8844
Step 389000/3000000 | Episodes: 482 | FPS: 35
  Mean reward: 5217.2 | Score: 3153 | Stage: 2.4 | Length: 767
  Curriculum: stage 4/10 (ep 22/150) | mean start stage: 2.1
  Q1 loss: 1772.4975 | Q2 loss: 1833.9343 | Policy loss: -511.9685
  Alpha: 0.7088 | Entropy: 0.8887
Step 390000/3000000 | Episodes: 484 | FPS: 35
  Mean reward: 5161.3 | Score: 3127 | Stage: 2.5 | Length: 761
  Curriculum: stage 4/10 (ep 24/150) | mean start stage: 2.2
  Q1 loss: 431.0251 | Q2 loss: 443.2384 | Policy loss: -509.8877
  Alpha: 0.7050 | Entropy: 0.8968

  Running evaluation (10 episodes)...
IMAGEIO FFMPEG_WRITER WARNING: input image is not divisible by macro_block_size=16, resizing from (800, 600) to (800, 608) to ensure video compatibility with most codecs and players. To prevent resizing, make your input image divisible by the macro_block_size or set the macro_block_size to 1 (risking incompatibility).
  Eval reward: 8175.1 ± 2790.4
  Eval score: 4595 | Stage: 1.8 | Length: 1158
  Eval range: [2249, 11053]
  Video saved: /Users/vmal/Documents/github/rl-game/cracer-simulation/rl/sac/runs/eval_step_390000.mp4

Step 391000/3000000 | Episodes: 485 | FPS: 35
  Mean reward: 5158.5 | Score: 3127 | Stage: 2.5 | Length: 760
  Curriculum: stage 4/10 (ep 25/150) | mean start stage: 2.2
  Q1 loss: 623.0004 | Q2 loss: 602.7740 | Policy loss: -512.6404
  Alpha: 0.6985 | Entropy: 0.8818
Step 392000/3000000 | Episodes: 486 | FPS: 35
  Mean reward: 5166.6 | Score: 3132 | Stage: 2.5 | Length: 762
  Curriculum: stage 4/10 (ep 26/150) | mean start stage: 2.2
  Q1 loss: 549.2429 | Q2 loss: 533.7163 | Policy loss: -513.2247
  Alpha: 0.7128 | Entropy: 0.8523
Step 393000/3000000 | Episodes: 488 | FPS: 35
  Mean reward: 5283.0 | Score: 3191 | Stage: 2.5 | Length: 765
  Curriculum: stage 4/10 (ep 28/150) | mean start stage: 2.2
  Q1 loss: 438.1110 | Q2 loss: 444.1438 | Policy loss: -507.4305
  Alpha: 0.7090 | Entropy: 0.8695
Step 394000/3000000 | Episodes: 489 | FPS: 35
  Mean reward: 5284.1 | Score: 3191 | Stage: 2.5 | Length: 763
  Curriculum: stage 4/10 (ep 29/150) | mean start stage: 2.2
  Q1 loss: 150.0048 | Q2 loss: 151.5069 | Policy loss: -511.3986
  Alpha: 0.7386 | Entropy: 0.8637
Step 395000/3000000 | Episodes: 490 | FPS: 35
  Mean reward: 5366.0 | Score: 3231 | Stage: 2.5 | Length: 769
  Curriculum: stage 4/10 (ep 30/150) | mean start stage: 2.2
  Q1 loss: 959.7296 | Q2 loss: 930.7384 | Policy loss: -512.7257
  Alpha: 0.7008 | Entropy: 0.8750
Step 396000/3000000 | Episodes: 492 | FPS: 35
  Mean reward: 5225.3 | Score: 3159 | Stage: 2.5 | Length: 755
  Curriculum: stage 4/10 (ep 32/150) | mean start stage: 2.3
  Q1 loss: 572.3767 | Q2 loss: 578.2766 | Policy loss: -511.5359
  Alpha: 0.6935 | Entropy: 0.8718
Step 397000/3000000 | Episodes: 494 | FPS: 35
  Mean reward: 5205.0 | Score: 3148 | Stage: 2.5 | Length: 751
  Curriculum: stage 4/10 (ep 34/150) | mean start stage: 2.3
  Q1 loss: 665.7774 | Q2 loss: 657.3159 | Policy loss: -513.6778
  Alpha: 0.6934 | Entropy: 0.8736
Step 398000/3000000 | Episodes: 496 | FPS: 35
  Mean reward: 5066.4 | Score: 3067 | Stage: 2.5 | Length: 737
  Curriculum: stage 4/10 (ep 36/150) | mean start stage: 2.3
  Q1 loss: 891.7064 | Q2 loss: 887.3506 | Policy loss: -508.8825
  Alpha: 0.7007 | Entropy: 0.8765
Step 399000/3000000 | Episodes: 498 | FPS: 35
  Mean reward: 4941.5 | Score: 2997 | Stage: 2.5 | Length: 724
  Curriculum: stage 4/10 (ep 38/150) | mean start stage: 2.3
  Q1 loss: 1763.7441 | Q2 loss: 1792.7626 | Policy loss: -512.1784
  Alpha: 0.7095 | Entropy: 0.8803
Step 400000/3000000 | Episodes: 500 | FPS: 35
  Mean reward: 4957.1 | Score: 3007 | Stage: 2.5 | Length: 724
  Curriculum: stage 4/10 (ep 40/150) | mean start stage: 2.3
  Q1 loss: 442.1358 | Q2 loss: 448.0069 | Policy loss: -510.4815
  Alpha: 0.6905 | Entropy: 0.8701

  Running evaluation (10 episodes)...
IMAGEIO FFMPEG_WRITER WARNING: input image is not divisible by macro_block_size=16, resizing from (800, 600) to (800, 608) to ensure video compatibility with most codecs and players. To prevent resizing, make your input image divisible by the macro_block_size or set the macro_block_size to 1 (risking incompatibility).
  Eval reward: 8628.3 ± 2298.6
  Eval score: 4814 | Stage: 1.9 | Length: 1210
  Eval range: [2389, 11354]
  Video saved: /Users/vmal/Documents/github/rl-game/cracer-simulation/rl/sac/runs/eval_step_400000.mp4

Step 401000/3000000 | Episodes: 501 | FPS: 35
  Mean reward: 4908.5 | Score: 2986 | Stage: 2.5 | Length: 720
  Curriculum: stage 4/10 (ep 41/150) | mean start stage: 2.3
  Q1 loss: 1023.3777 | Q2 loss: 1019.4148 | Policy loss: -511.0036
  Alpha: 0.6864 | Entropy: 0.8714
Step 402000/3000000 | Episodes: 503 | FPS: 35
  Mean reward: 4911.0 | Score: 2987 | Stage: 2.5 | Length: 721
  Curriculum: stage 4/10 (ep 43/150) | mean start stage: 2.3
  Q1 loss: 413.3947 | Q2 loss: 423.1422 | Policy loss: -511.2482
  Alpha: 0.6868 | Entropy: 0.8844
Step 403000/3000000 | Episodes: 505 | FPS: 35
  Mean reward: 4942.8 | Score: 3006 | Stage: 2.5 | Length: 725
  Curriculum: stage 4/10 (ep 45/150) | mean start stage: 2.3
  Q1 loss: 520.8013 | Q2 loss: 525.4717 | Policy loss: -508.4336
  Alpha: 0.6843 | Entropy: 0.8842
Step 404000/3000000 | Episodes: 507 | FPS: 35
  Mean reward: 4928.3 | Score: 2996 | Stage: 2.6 | Length: 722
  Curriculum: stage 4/10 (ep 47/150) | mean start stage: 2.4
  Q1 loss: 214.4794 | Q2 loss: 204.4403 | Policy loss: -506.0558
  Alpha: 0.6948 | Entropy: 0.8881
Step 405000/3000000 | Episodes: 508 | FPS: 35
  Mean reward: 5070.8 | Score: 3071 | Stage: 2.6 | Length: 730
  Curriculum: stage 4/10 (ep 48/150) | mean start stage: 2.4
  Q1 loss: 792.5593 | Q2 loss: 796.8116 | Policy loss: -511.4049
  Alpha: 0.7067 | Entropy: 0.8900
Step 406000/3000000 | Episodes: 510 | FPS: 35
  Mean reward: 5060.0 | Score: 3063 | Stage: 2.6 | Length: 727
  Curriculum: stage 4/10 (ep 50/150) | mean start stage: 2.4
  Q1 loss: 680.6738 | Q2 loss: 624.1667 | Policy loss: -510.9225
  Alpha: 0.7162 | Entropy: 0.8733
Step 407000/3000000 | Episodes: 513 | FPS: 35
  Mean reward: 4980.5 | Score: 3020 | Stage: 2.7 | Length: 715
  Curriculum: stage 4/10 (ep 53/150) | mean start stage: 2.4
  Q1 loss: 1092.9261 | Q2 loss: 1105.9817 | Policy loss: -513.4990
  Alpha: 0.6969 | Entropy: 0.8563
Step 408000/3000000 | Episodes: 515 | FPS: 35
  Mean reward: 4933.7 | Score: 2999 | Stage: 2.7 | Length: 708
  Curriculum: stage 4/10 (ep 55/150) | mean start stage: 2.5
  Q1 loss: 831.1614 | Q2 loss: 835.0331 | Policy loss: -508.0153
  Alpha: 0.7005 | Entropy: 0.8781
Step 409000/3000000 | Episodes: 517 | FPS: 35
  Mean reward: 4799.4 | Score: 2929 | Stage: 2.7 | Length: 697
  Curriculum: stage 4/10 (ep 57/150) | mean start stage: 2.5
  Q1 loss: 561.0520 | Q2 loss: 546.2595 | Policy loss: -508.2229
  Alpha: 0.6888 | Entropy: 0.8847
Step 410000/3000000 | Episodes: 519 | FPS: 35
  Mean reward: 4779.9 | Score: 2915 | Stage: 2.7 | Length: 692
  Curriculum: stage 4/10 (ep 59/150) | mean start stage: 2.5
  Q1 loss: 1888.5233 | Q2 loss: 1912.4201 | Policy loss: -511.1058
  Alpha: 0.7060 | Entropy: 0.8905

  Running evaluation (10 episodes)...
IMAGEIO FFMPEG_WRITER WARNING: input image is not divisible by macro_block_size=16, resizing from (800, 600) to (800, 608) to ensure video compatibility with most codecs and players. To prevent resizing, make your input image divisible by the macro_block_size or set the macro_block_size to 1 (risking incompatibility).
  Eval reward: 8898.9 ± 4994.8
  Eval score: 5050 | Stage: 1.8 | Length: 1257
  Eval range: [2982, 20460]
  Video saved: /Users/vmal/Documents/github/rl-game/cracer-simulation/rl/sac/runs/eval_step_410000.mp4

  New best eval reward: 8898.9 - saved best_eval.pt
Step 411000/3000000 | Episodes: 522 | FPS: 35
  Mean reward: 4780.0 | Score: 2916 | Stage: 2.8 | Length: 692
  Curriculum: stage 4/10 (ep 62/150) | mean start stage: 2.5
  Q1 loss: 281.4557 | Q2 loss: 281.2000 | Policy loss: -510.6697
  Alpha: 0.7025 | Entropy: 0.8865
Step 412000/3000000 | Episodes: 523 | FPS: 35
  Mean reward: 4775.9 | Score: 2913 | Stage: 2.8 | Length: 689
  Curriculum: stage 4/10 (ep 63/150) | mean start stage: 2.6
  Q1 loss: 203.6680 | Q2 loss: 190.3935 | Policy loss: -513.4477
  Alpha: 0.7125 | Entropy: 0.8889
Step 413000/3000000 | Episodes: 525 | FPS: 35
  Mean reward: 4752.5 | Score: 2906 | Stage: 2.8 | Length: 687
  Curriculum: stage 4/10 (ep 65/150) | mean start stage: 2.6
  Q1 loss: 610.9130 | Q2 loss: 624.2911 | Policy loss: -512.8625
  Alpha: 0.6947 | Entropy: 0.8673
Step 414000/3000000 | Episodes: 527 | FPS: 35
  Mean reward: 4734.7 | Score: 2894 | Stage: 2.8 | Length: 682
  Curriculum: stage 4/10 (ep 67/150) | mean start stage: 2.6
  Q1 loss: 1120.2473 | Q2 loss: 1102.9034 | Policy loss: -510.7301
  Alpha: 0.6818 | Entropy: 0.8715
Step 415000/3000000 | Episodes: 529 | FPS: 35
  Mean reward: 4654.1 | Score: 2851 | Stage: 2.9 | Length: 671
  Curriculum: stage 4/10 (ep 69/150) | mean start stage: 2.7
  Q1 loss: 577.8897 | Q2 loss: 582.4337 | Policy loss: -513.7622
  Alpha: 0.7093 | Entropy: 0.8754
Step 416000/3000000 | Episodes: 532 | FPS: 35
  Mean reward: 4532.9 | Score: 2784 | Stage: 2.9 | Length: 658
  Curriculum: stage 4/10 (ep 72/150) | mean start stage: 2.7
  Q1 loss: 1291.6253 | Q2 loss: 1293.9250 | Policy loss: -509.7332
  Alpha: 0.7074 | Entropy: 0.8707
Step 417000/3000000 | Episodes: 533 | FPS: 35
  Mean reward: 4541.0 | Score: 2790 | Stage: 2.9 | Length: 659
  Curriculum: stage 4/10 (ep 73/150) | mean start stage: 2.7
  Q1 loss: 179.6486 | Q2 loss: 181.1153 | Policy loss: -512.0861
  Alpha: 0.6825 | Entropy: 0.8754
Step 418000/3000000 | Episodes: 535 | FPS: 35
  Mean reward: 4540.5 | Score: 2786 | Stage: 2.9 | Length: 659
  Curriculum: stage 4/10 (ep 75/150) | mean start stage: 2.8
  Q1 loss: 960.8385 | Q2 loss: 926.6204 | Policy loss: -511.6073
  Alpha: 0.7096 | Entropy: 0.8747
Step 419000/3000000 | Episodes: 537 | FPS: 35
  Mean reward: 4535.8 | Score: 2791 | Stage: 3.0 | Length: 660
  Curriculum: stage 4/10 (ep 77/150) | mean start stage: 2.8
  Q1 loss: 255.9349 | Q2 loss: 298.8703 | Policy loss: -508.9036
  Alpha: 0.6917 | Entropy: 0.9003
Step 420000/3000000 | Episodes: 539 | FPS: 35
  Mean reward: 4458.4 | Score: 2749 | Stage: 3.0 | Length: 649
  Curriculum: stage 4/10 (ep 79/150) | mean start stage: 2.8
  Q1 loss: 677.3226 | Q2 loss: 706.7593 | Policy loss: -514.5808
  Alpha: 0.6944 | Entropy: 0.8976

  Running evaluation (10 episodes)...
IMAGEIO FFMPEG_WRITER WARNING: input image is not divisible by macro_block_size=16, resizing from (800, 600) to (800, 608) to ensure video compatibility with most codecs and players. To prevent resizing, make your input image divisible by the macro_block_size or set the macro_block_size to 1 (risking incompatibility).
  Eval reward: 8659.1 ± 2906.0
  Eval score: 4943 | Stage: 1.8 | Length: 1229
  Eval range: [2982, 11242]
  Video saved: /Users/vmal/Documents/github/rl-game/cracer-simulation/rl/sac/runs/eval_step_420000.mp4

Step 421000/3000000 | Episodes: 539 | FPS: 35
  Mean reward: 4458.4 | Score: 2749 | Stage: 3.0 | Length: 649
  Curriculum: stage 4/10 (ep 79/150) | mean start stage: 2.8
  Q1 loss: 228.6871 | Q2 loss: 228.1191 | Policy loss: -510.2382
  Alpha: 0.6859 | Entropy: 0.8636
Step 422000/3000000 | Episodes: 542 | FPS: 35
  Mean reward: 4514.6 | Score: 2779 | Stage: 3.0 | Length: 645
  Curriculum: stage 4/10 (ep 82/150) | mean start stage: 2.9
  Q1 loss: 758.2828 | Q2 loss: 750.9355 | Policy loss: -506.7946
  Alpha: 0.7126 | Entropy: 0.8729
Step 423000/3000000 | Episodes: 543 | FPS: 35
  Mean reward: 4506.1 | Score: 2771 | Stage: 3.0 | Length: 645
  Curriculum: stage 4/10 (ep 83/150) | mean start stage: 2.9
  Q1 loss: 1400.3444 | Q2 loss: 1375.5569 | Policy loss: -514.4036
  Alpha: 0.6877 | Entropy: 0.8748
Step 424000/3000000 | Episodes: 543 | FPS: 35
  Mean reward: 4506.1 | Score: 2771 | Stage: 3.0 | Length: 645
  Curriculum: stage 4/10 (ep 83/150) | mean start stage: 2.9
  Q1 loss: 339.9524 | Q2 loss: 341.9420 | Policy loss: -509.3028
  Alpha: 0.7030 | Entropy: 0.8911
Step 425000/3000000 | Episodes: 544 | FPS: 35
  Mean reward: 4571.6 | Score: 2808 | Stage: 3.0 | Length: 647
  Curriculum: stage 4/10 (ep 84/150) | mean start stage: 2.9
  Q1 loss: 435.3972 | Q2 loss: 434.0239 | Policy loss: -518.7830
  Alpha: 0.7189 | Entropy: 0.8654
Step 426000/3000000 | Episodes: 545 | FPS: 35
  Mean reward: 4625.5 | Score: 2842 | Stage: 3.1 | Length: 651
  Curriculum: stage 4/10 (ep 85/150) | mean start stage: 2.9
  Q1 loss: 1063.4700 | Q2 loss: 1054.9509 | Policy loss: -512.2892
  Alpha: 0.6840 | Entropy: 0.8773
Step 427000/3000000 | Episodes: 546 | FPS: 35
  Mean reward: 4634.7 | Score: 2847 | Stage: 3.1 | Length: 652
  Curriculum: stage 4/10 (ep 86/150) | mean start stage: 2.9
  Q1 loss: 1315.6315 | Q2 loss: 1331.6887 | Policy loss: -514.7705
  Alpha: 0.7067 | Entropy: 0.8751
Step 428000/3000000 | Episodes: 547 | FPS: 35
  Mean reward: 4805.0 | Score: 2939 | Stage: 3.1 | Length: 664
  Curriculum: stage 4/10 (ep 87/150) | mean start stage: 2.9
  Q1 loss: 986.6926 | Q2 loss: 928.3467 | Policy loss: -511.6180
  Alpha: 0.6747 | Entropy: 0.9009
Step 429000/3000000 | Episodes: 548 | FPS: 35
  Mean reward: 4792.7 | Score: 2930 | Stage: 3.1 | Length: 662
  Curriculum: stage 4/10 (ep 88/150) | mean start stage: 2.9
  Q1 loss: 423.1518 | Q2 loss: 409.9537 | Policy loss: -512.4709
  Alpha: 0.7082 | Entropy: 0.8834
Step 430000/3000000 | Episodes: 549 | FPS: 35
  Mean reward: 4938.2 | Score: 3008 | Stage: 3.1 | Length: 668
  Curriculum: stage 4/10 (ep 89/150) | mean start stage: 3.0
  Q1 loss: 620.7354 | Q2 loss: 636.7215 | Policy loss: -515.6942
  Alpha: 0.7113 | Entropy: 0.8940

  Running evaluation (10 episodes)...
IMAGEIO FFMPEG_WRITER WARNING: input image is not divisible by macro_block_size=16, resizing from (800, 600) to (800, 608) to ensure video compatibility with most codecs and players. To prevent resizing, make your input image divisible by the macro_block_size or set the macro_block_size to 1 (risking incompatibility).
  Eval reward: 7272.4 ± 3223.9
  Eval score: 4246 | Stage: 1.6 | Length: 1086
  Eval range: [3062, 11611]
  Video saved: /Users/vmal/Documents/github/rl-game/cracer-simulation/rl/sac/runs/eval_step_430000.mp4

Step 431000/3000000 | Episodes: 551 | FPS: 35
  Mean reward: 4848.3 | Score: 2962 | Stage: 3.1 | Length: 660
  Curriculum: stage 4/10 (ep 91/150) | mean start stage: 3.0
  Q1 loss: 471.2150 | Q2 loss: 455.2560 | Policy loss: -509.0620
  Alpha: 0.6987 | Entropy: 0.8834
Step 432000/3000000 | Episodes: 552 | FPS: 35
  Mean reward: 4782.4 | Score: 2932 | Stage: 3.1 | Length: 656
  Curriculum: stage 4/10 (ep 92/150) | mean start stage: 3.0
  Q1 loss: 327.6862 | Q2 loss: 296.1244 | Policy loss: -515.7216
  Alpha: 0.6712 | Entropy: 0.8735
Step 433000/3000000 | Episodes: 553 | FPS: 35
  Mean reward: 4751.4 | Score: 2921 | Stage: 3.2 | Length: 652
  Curriculum: stage 4/10 (ep 93/150) | mean start stage: 3.0
  Q1 loss: 1087.2665 | Q2 loss: 1088.9423 | Policy loss: -511.8052
  Alpha: 0.6873 | Entropy: 0.8801
Step 434000/3000000 | Episodes: 554 | FPS: 35
  Mean reward: 4834.0 | Score: 2961 | Stage: 3.2 | Length: 659
  Curriculum: stage 4/10 (ep 94/150) | mean start stage: 3.0
  Q1 loss: 767.6847 | Q2 loss: 767.8088 | Policy loss: -512.6088
  Alpha: 0.6802 | Entropy: 0.9039
Step 435000/3000000 | Episodes: 555 | FPS: 35
  Mean reward: 4935.4 | Score: 3012 | Stage: 3.2 | Length: 664
  Curriculum: stage 4/10 (ep 95/150) | mean start stage: 3.0
  Q1 loss: 1178.4553 | Q2 loss: 1179.7485 | Policy loss: -516.1641
  Alpha: 0.7039 | Entropy: 0.8555
Step 436000/3000000 | Episodes: 557 | FPS: 35
  Mean reward: 4907.3 | Score: 2994 | Stage: 3.2 | Length: 659
  Curriculum: stage 4/10 (ep 97/150) | mean start stage: 3.0
  Q1 loss: 305.3087 | Q2 loss: 313.0532 | Policy loss: -516.2797
  Alpha: 0.6856 | Entropy: 0.8770
Step 437000/3000000 | Episodes: 559 | FPS: 35
  Mean reward: 4759.6 | Score: 2920 | Stage: 3.2 | Length: 642
  Curriculum: stage 4/10 (ep 99/150) | mean start stage: 3.1
  Q1 loss: 1375.9896 | Q2 loss: 1356.3218 | Policy loss: -515.5318
  Alpha: 0.6900 | Entropy: 0.8558
Step 438000/3000000 | Episodes: 560 | FPS: 35
  Mean reward: 4751.9 | Score: 2915 | Stage: 3.2 | Length: 640
  Curriculum: stage 4/10 (ep 100/150) | mean start stage: 3.1
  Q1 loss: 588.9385 | Q2 loss: 592.3230 | Policy loss: -517.1672
  Alpha: 0.6709 | Entropy: 0.8674
Step 439000/3000000 | Episodes: 561 | FPS: 35
  Mean reward: 4889.8 | Score: 2987 | Stage: 3.3 | Length: 648
  Curriculum: stage 4/10 (ep 101/150) | mean start stage: 3.1
  Q1 loss: 291.9052 | Q2 loss: 289.9983 | Policy loss: -507.1916
  Alpha: 0.6939 | Entropy: 0.8998
Step 440000/3000000 | Episodes: 563 | FPS: 35
  Mean reward: 4794.1 | Score: 2938 | Stage: 3.3 | Length: 639
  Curriculum: stage 4/10 (ep 103/150) | mean start stage: 3.1
  Q1 loss: 1592.2723 | Q2 loss: 1599.2140 | Policy loss: -508.4552
  Alpha: 0.6814 | Entropy: 0.8798

  Running evaluation (10 episodes)...
IMAGEIO FFMPEG_WRITER WARNING: input image is not divisible by macro_block_size=16, resizing from (800, 600) to (800, 608) to ensure video compatibility with most codecs and players. To prevent resizing, make your input image divisible by the macro_block_size or set the macro_block_size to 1 (risking incompatibility).
  Eval reward: 8617.9 ± 2720.0
  Eval score: 4903 | Stage: 1.8 | Length: 1223
  Eval range: [3039, 11326]
  Video saved: /Users/vmal/Documents/github/rl-game/cracer-simulation/rl/sac/runs/eval_step_440000.mp4

Step 441000/3000000 | Episodes: 565 | FPS: 35
  Mean reward: 4802.0 | Score: 2942 | Stage: 3.3 | Length: 638
  Curriculum: stage 4/10 (ep 105/150) | mean start stage: 3.1
  Q1 loss: 835.3304 | Q2 loss: 829.5271 | Policy loss: -513.9299
  Alpha: 0.6898 | Entropy: 0.8924
Step 442000/3000000 | Episodes: 565 | FPS: 35
  Mean reward: 4802.0 | Score: 2942 | Stage: 3.3 | Length: 638
  Curriculum: stage 4/10 (ep 105/150) | mean start stage: 3.1
  Q1 loss: 1239.5872 | Q2 loss: 1259.3495 | Policy loss: -513.2733
  Alpha: 0.7065 | Entropy: 0.9009
Step 443000/3000000 | Episodes: 568 | FPS: 35
  Mean reward: 4887.9 | Score: 2981 | Stage: 3.3 | Length: 641
  Curriculum: stage 4/10 (ep 108/150) | mean start stage: 3.1
  Q1 loss: 628.2617 | Q2 loss: 592.9778 | Policy loss: -510.3488
  Alpha: 0.6921 | Entropy: 0.8612
Step 444000/3000000 | Episodes: 570 | FPS: 35
  Mean reward: 4878.5 | Score: 2975 | Stage: 3.3 | Length: 641
  Curriculum: stage 4/10 (ep 110/150) | mean start stage: 3.1
  Q1 loss: 949.4155 | Q2 loss: 928.5622 | Policy loss: -514.3814
  Alpha: 0.7065 | Entropy: 0.8879
Step 445000/3000000 | Episodes: 570 | FPS: 35
  Mean reward: 4878.5 | Score: 2975 | Stage: 3.3 | Length: 641
  Curriculum: stage 4/10 (ep 110/150) | mean start stage: 3.1
  Q1 loss: 1719.1039 | Q2 loss: 1708.5629 | Policy loss: -507.2436
  Alpha: 0.6784 | Entropy: 0.8870
Step 446000/3000000 | Episodes: 572 | FPS: 35
  Mean reward: 4999.9 | Score: 3036 | Stage: 3.3 | Length: 650
  Curriculum: stage 4/10 (ep 112/150) | mean start stage: 3.1
  Q1 loss: 259.1000 | Q2 loss: 260.0024 | Policy loss: -508.3805
  Alpha: 0.7008 | Entropy: 0.8842
Step 447000/3000000 | Episodes: 574 | FPS: 35
  Mean reward: 4981.7 | Score: 3023 | Stage: 3.3 | Length: 647
  Curriculum: stage 4/10 (ep 114/150) | mean start stage: 3.1
  Q1 loss: 709.2593 | Q2 loss: 723.6275 | Policy loss: -505.6041
  Alpha: 0.6795 | Entropy: 0.8945
Step 448000/3000000 | Episodes: 576 | FPS: 35
  Mean reward: 4855.4 | Score: 2954 | Stage: 3.3 | Length: 637
  Curriculum: stage 4/10 (ep 116/150) | mean start stage: 3.1
  Q1 loss: 770.5042 | Q2 loss: 748.1255 | Policy loss: -508.6160
  Alpha: 0.6899 | Entropy: 0.8746
Step 449000/3000000 | Episodes: 576 | FPS: 35
  Mean reward: 4855.4 | Score: 2954 | Stage: 3.3 | Length: 637
  Curriculum: stage 4/10 (ep 116/150) | mean start stage: 3.1
  Q1 loss: 310.9312 | Q2 loss: 353.4264 | Policy loss: -506.8354
  Alpha: 0.7078 | Entropy: 0.8460
Step 450000/3000000 | Episodes: 578 | FPS: 35
  Mean reward: 4976.9 | Score: 3023 | Stage: 3.3 | Length: 651
  Curriculum: stage 4/10 (ep 118/150) | mean start stage: 3.1
  Q1 loss: 1063.3598 | Q2 loss: 1055.4361 | Policy loss: -509.7635
  Alpha: 0.6780 | Entropy: 0.8903

  Running evaluation (10 episodes)...
IMAGEIO FFMPEG_WRITER WARNING: input image is not divisible by macro_block_size=16, resizing from (800, 600) to (800, 608) to ensure video compatibility with most codecs and players. To prevent resizing, make your input image divisible by the macro_block_size or set the macro_block_size to 1 (risking incompatibility).
  Eval reward: 7756.3 ± 5163.6
  Eval score: 4434 | Stage: 1.7 | Length: 1078
  Eval range: [1765, 20535]
  Video saved: /Users/vmal/Documents/github/rl-game/cracer-simulation/rl/sac/runs/eval_step_450000.mp4

Step 451000/3000000 | Episodes: 578 | FPS: 35
  Mean reward: 4976.9 | Score: 3023 | Stage: 3.3 | Length: 651
  Curriculum: stage 4/10 (ep 118/150) | mean start stage: 3.1
  Q1 loss: 1641.2028 | Q2 loss: 1656.2839 | Policy loss: -508.7066
  Alpha: 0.7129 | Entropy: 0.8771
Step 452000/3000000 | Episodes: 580 | FPS: 35
  Mean reward: 4982.1 | Score: 3028 | Stage: 3.3 | Length: 651
  Curriculum: stage 4/10 (ep 120/150) | mean start stage: 3.1
  Q1 loss: 271.6302 | Q2 loss: 288.1231 | Policy loss: -501.7071
  Alpha: 0.6875 | Entropy: 0.8727
Step 453000/3000000 | Episodes: 580 | FPS: 35
  Mean reward: 4982.1 | Score: 3028 | Stage: 3.3 | Length: 651
  Curriculum: stage 4/10 (ep 120/150) | mean start stage: 3.1
  Q1 loss: 1669.4784 | Q2 loss: 1686.4585 | Policy loss: -507.5314
  Alpha: 0.6865 | Entropy: 0.8959
Step 454000/3000000 | Episodes: 582 | FPS: 35
  Mean reward: 4988.7 | Score: 3029 | Stage: 3.3 | Length: 648
  Curriculum: stage 4/10 (ep 122/150) | mean start stage: 3.1
  Q1 loss: 1467.7000 | Q2 loss: 1443.2560 | Policy loss: -503.7191
  Alpha: 0.6955 | Entropy: 0.8950
Step 455000/3000000 | Episodes: 584 | FPS: 35
  Mean reward: 4993.7 | Score: 3031 | Stage: 3.3 | Length: 649
  Curriculum: stage 4/10 (ep 124/150) | mean start stage: 3.1
  Q1 loss: 247.9852 | Q2 loss: 236.4923 | Policy loss: -504.3150
  Alpha: 0.7349 | Entropy: 0.8622
Step 456000/3000000 | Episodes: 586 | FPS: 35
  Mean reward: 4978.6 | Score: 3020 | Stage: 3.3 | Length: 645
  Curriculum: stage 4/10 (ep 126/150) | mean start stage: 3.1
  Q1 loss: 1858.6281 | Q2 loss: 1856.2414 | Policy loss: -506.4520
  Alpha: 0.6807 | Entropy: 0.8977
Step 457000/3000000 | Episodes: 587 | FPS: 35
  Mean reward: 4858.3 | Score: 2962 | Stage: 3.3 | Length: 639
  Curriculum: stage 4/10 (ep 127/150) | mean start stage: 3.1
  Q1 loss: 343.1834 | Q2 loss: 340.2811 | Policy loss: -506.7483
  Alpha: 0.7040 | Entropy: 0.8961
Step 458000/3000000 | Episodes: 588 | FPS: 35
  Mean reward: 4960.7 | Score: 3012 | Stage: 3.3 | Length: 645
  Curriculum: stage 4/10 (ep 128/150) | mean start stage: 3.2
  Q1 loss: 1049.3824 | Q2 loss: 1046.6568 | Policy loss: -510.9401
  Alpha: 0.7152 | Entropy: 0.8563
Step 459000/3000000 | Episodes: 589 | FPS: 35
  Mean reward: 5081.0 | Score: 3075 | Stage: 3.3 | Length: 654
  Curriculum: stage 4/10 (ep 129/150) | mean start stage: 3.1
  Q1 loss: 758.1598 | Q2 loss: 753.7219 | Policy loss: -504.5201
  Alpha: 0.6852 | Entropy: 0.8674
Step 460000/3000000 | Episodes: 591 | FPS: 35
  Mean reward: 4984.2 | Score: 3026 | Stage: 3.3 | Length: 645
  Curriculum: stage 4/10 (ep 131/150) | mean start stage: 3.2
  Q1 loss: 2244.6444 | Q2 loss: 2235.5042 | Policy loss: -503.1434
  Alpha: 0.7149 | Entropy: 0.8717

  Running evaluation (10 episodes)...
IMAGEIO FFMPEG_WRITER WARNING: input image is not divisible by macro_block_size=16, resizing from (800, 600) to (800, 608) to ensure video compatibility with most codecs and players. To prevent resizing, make your input image divisible by the macro_block_size or set the macro_block_size to 1 (risking incompatibility).
  Eval reward: 6797.7 ± 3086.2
  Eval score: 3966 | Stage: 1.6 | Length: 997
  Eval range: [2792, 11159]
  Video saved: /Users/vmal/Documents/github/rl-game/cracer-simulation/rl/sac/runs/eval_step_460000.mp4

Step 461000/3000000 | Episodes: 593 | FPS: 35
  Mean reward: 4996.2 | Score: 3035 | Stage: 3.3 | Length: 648
  Curriculum: stage 4/10 (ep 133/150) | mean start stage: 3.2
  Q1 loss: 316.2938 | Q2 loss: 306.9749 | Policy loss: -503.9776
  Alpha: 0.6907 | Entropy: 0.8904
Step 462000/3000000 | Episodes: 594 | FPS: 35
  Mean reward: 5002.4 | Score: 3039 | Stage: 3.3 | Length: 649
  Curriculum: stage 4/10 (ep 134/150) | mean start stage: 3.1
  Q1 loss: 727.1191 | Q2 loss: 727.6744 | Policy loss: -506.5788
  Alpha: 0.6979 | Entropy: 0.8778
Step 463000/3000000 | Episodes: 596 | FPS: 35
  Mean reward: 4997.7 | Score: 3036 | Stage: 3.3 | Length: 649
  Curriculum: stage 4/10 (ep 136/150) | mean start stage: 3.2
  Q1 loss: 1415.8054 | Q2 loss: 1458.2367 | Policy loss: -504.4149
  Alpha: 0.7013 | Entropy: 0.8743
Step 464000/3000000 | Episodes: 597 | FPS: 35
  Mean reward: 5116.9 | Score: 3098 | Stage: 3.3 | Length: 657
  Curriculum: stage 4/10 (ep 137/150) | mean start stage: 3.2
  Q1 loss: 649.1568 | Q2 loss: 650.5856 | Policy loss: -498.7437
  Alpha: 0.7021 | Entropy: 0.8639
Step 465000/3000000 | Episodes: 598 | FPS: 35
  Mean reward: 5105.8 | Score: 3091 | Stage: 3.4 | Length: 655
  Curriculum: stage 4/10 (ep 138/150) | mean start stage: 3.2
  Q1 loss: 1210.0767 | Q2 loss: 1187.2032 | Policy loss: -498.9530
  Alpha: 0.6989 | Entropy: 0.8918
Step 466000/3000000 | Episodes: 599 | FPS: 35
  Mean reward: 5273.6 | Score: 3182 | Stage: 3.4 | Length: 666
  Curriculum: stage 4/10 (ep 139/150) | mean start stage: 3.2
  Q1 loss: 815.8909 | Q2 loss: 810.9576 | Policy loss: -504.6369
  Alpha: 0.6831 | Entropy: 0.8752
Step 467000/3000000 | Episodes: 601 | FPS: 35
  Mean reward: 5267.6 | Score: 3177 | Stage: 3.4 | Length: 664
  Curriculum: stage 4/10 (ep 141/150) | mean start stage: 3.2
  Q1 loss: 818.4201 | Q2 loss: 851.7412 | Policy loss: -500.6621
  Alpha: 0.6698 | Entropy: 0.9005
Step 468000/3000000 | Episodes: 603 | FPS: 35
  Mean reward: 5270.5 | Score: 3178 | Stage: 3.4 | Length: 664
  Curriculum: stage 4/10 (ep 143/150) | mean start stage: 3.2
  Q1 loss: 1549.7157 | Q2 loss: 1581.5013 | Policy loss: -502.1629
  Alpha: 0.6983 | Entropy: 0.8745
Step 469000/3000000 | Episodes: 605 | FPS: 35
  Mean reward: 5251.8 | Score: 3166 | Stage: 3.4 | Length: 661
  Curriculum: stage 4/10 (ep 145/150) | mean start stage: 3.2
  Q1 loss: 692.3547 | Q2 loss: 722.5210 | Policy loss: -499.0379
  Alpha: 0.7001 | Entropy: 0.8846
Step 470000/3000000 | Episodes: 607 | FPS: 35
  Mean reward: 5280.2 | Score: 3184 | Stage: 3.4 | Length: 664
  Curriculum: stage 4/10 (ep 147/150) | mean start stage: 3.2
  Q1 loss: 617.1734 | Q2 loss: 616.0892 | Policy loss: -497.8158
  Alpha: 0.6925 | Entropy: 0.8628

  Running evaluation (10 episodes)...
IMAGEIO FFMPEG_WRITER WARNING: input image is not divisible by macro_block_size=16, resizing from (800, 600) to (800, 608) to ensure video compatibility with most codecs and players. To prevent resizing, make your input image divisible by the macro_block_size or set the macro_block_size to 1 (risking incompatibility).
  Eval reward: 6127.0 ± 3477.0
  Eval score: 3667 | Stage: 1.4 | Length: 960
  Eval range: [2823, 11947]
  Video saved: /Users/vmal/Documents/github/rl-game/cracer-simulation/rl/sac/runs/eval_step_470000.mp4

Step 471000/3000000 | Episodes: 608 | FPS: 35
  Mean reward: 5141.7 | Score: 3111 | Stage: 3.4 | Length: 657
  Curriculum: stage 4/10 (ep 148/150) | mean start stage: 3.2
  Q1 loss: 1219.3378 | Q2 loss: 1224.5229 | Policy loss: -500.7685
  Alpha: 0.7173 | Entropy: 0.8721
Step 472000/3000000 | Episodes: 610 | FPS: 35
  Mean reward: 5149.6 | Score: 3116 | Stage: 3.4 | Length: 659
  Curriculum: stage 4/10 (ep 150/150) | mean start stage: 3.2
  Q1 loss: 611.0847 | Q2 loss: 630.7123 | Policy loss: -500.8936
  Alpha: 0.7017 | Entropy: 0.8554
Step 473000/3000000 | Episodes: 612 | FPS: 35
  Mean reward: 5145.7 | Score: 3114 | Stage: 3.4 | Length: 659
  Curriculum: stage 4/10 (ep 152/150) | mean start stage: 3.2
  Q1 loss: 734.1330 | Q2 loss: 738.8711 | Policy loss: -499.5915
  Alpha: 0.7003 | Entropy: 0.9055
Step 474000/3000000 | Episodes: 614 | FPS: 35
  Mean reward: 5161.7 | Score: 3126 | Stage: 3.4 | Length: 661
  Curriculum: stage 4/10 (ep 154/150) | mean start stage: 3.2
  Q1 loss: 759.2290 | Q2 loss: 757.4140 | Policy loss: -501.4081
  Alpha: 0.7048 | Entropy: 0.8851
Step 475000/3000000 | Episodes: 616 | FPS: 35
  Mean reward: 5191.4 | Score: 3144 | Stage: 3.4 | Length: 664
  Curriculum: stage 4/10 (ep 156/150) | mean start stage: 3.2
  Q1 loss: 1259.1065 | Q2 loss: 1265.6521 | Policy loss: -500.0996
  Alpha: 0.7193 | Entropy: 0.8975
Step 476000/3000000 | Episodes: 617 | FPS: 35
  Mean reward: 5264.7 | Score: 3177 | Stage: 3.4 | Length: 670
  Curriculum: stage 4/10 (ep 157/150) | mean start stage: 3.2
  Q1 loss: 734.4650 | Q2 loss: 726.2256 | Policy loss: -502.1509
  Alpha: 0.7124 | Entropy: 0.8629
Step 477000/3000000 | Episodes: 618 | FPS: 35
  Mean reward: 5274.7 | Score: 3184 | Stage: 3.4 | Length: 671
  Curriculum: stage 4/10 (ep 158/150) | mean start stage: 3.2
  Q1 loss: 1578.5951 | Q2 loss: 1597.4593 | Policy loss: -503.8641
  Alpha: 0.6921 | Entropy: 0.8695

  CURRICULUM: Graduated stage 4 -> 5 (reward=5356.3, comp=0.20)

Step 478000/3000000 | Episodes: 620 | FPS: 35
  Mean reward: 5359.3 | Score: 3225 | Stage: 3.4 | Length: 678
  Curriculum: stage 5/10 (ep 1/150) | mean start stage: 3.2
  Q1 loss: 1170.8966 | Q2 loss: 1075.4003 | Policy loss: -499.7880
  Alpha: 0.7113 | Entropy: 0.8761
Step 479000/3000000 | Episodes: 621 | FPS: 35
  Mean reward: 5394.7 | Score: 3248 | Stage: 3.4 | Length: 683
  Curriculum: stage 5/10 (ep 2/150) | mean start stage: 3.2
  Q1 loss: 1224.9452 | Q2 loss: 1250.6425 | Policy loss: -497.8344
  Alpha: 0.6997 | Entropy: 0.8844
Step 480000/3000000 | Episodes: 622 | FPS: 35
  Mean reward: 5431.9 | Score: 3274 | Stage: 3.4 | Length: 688
  Curriculum: stage 5/10 (ep 3/150) | mean start stage: 3.2
  Q1 loss: 1127.8201 | Q2 loss: 1118.5839 | Policy loss: -497.3846
  Alpha: 0.7111 | Entropy: 0.8634

  Running evaluation (10 episodes)...
IMAGEIO FFMPEG_WRITER WARNING: input image is not divisible by macro_block_size=16, resizing from (800, 600) to (800, 608) to ensure video compatibility with most codecs and players. To prevent resizing, make your input image divisible by the macro_block_size or set the macro_block_size to 1 (risking incompatibility).
  Eval reward: 7779.2 ± 3135.4
  Eval score: 4472 | Stage: 1.7 | Length: 1118
  Eval range: [3040, 11533]
  Video saved: /Users/vmal/Documents/github/rl-game/cracer-simulation/rl/sac/runs/eval_step_480000.mp4

Step 481000/3000000 | Episodes: 624 | FPS: 35
  Mean reward: 5427.2 | Score: 3272 | Stage: 3.4 | Length: 688
  Curriculum: stage 5/10 (ep 5/150) | mean start stage: 3.2
  Q1 loss: 1985.9373 | Q2 loss: 1962.3451 | Policy loss: -498.6477
  Alpha: 0.7040 | Entropy: 0.8595
Step 482000/3000000 | Episodes: 626 | FPS: 35
  Mean reward: 5424.2 | Score: 3269 | Stage: 3.5 | Length: 686
  Curriculum: stage 5/10 (ep 7/150) | mean start stage: 3.2
  Q1 loss: 644.9187 | Q2 loss: 661.8243 | Policy loss: -499.5447
  Alpha: 0.6981 | Entropy: 0.8839
Step 483000/3000000 | Episodes: 627 | FPS: 35
  Mean reward: 5413.0 | Score: 3262 | Stage: 3.5 | Length: 685
  Curriculum: stage 5/10 (ep 8/150) | mean start stage: 3.2
  Q1 loss: 342.1005 | Q2 loss: 425.4380 | Policy loss: -499.5227
  Alpha: 0.6810 | Entropy: 0.9075
Step 484000/3000000 | Episodes: 628 | FPS: 35
  Mean reward: 5575.3 | Score: 3350 | Stage: 3.5 | Length: 697
  Curriculum: stage 5/10 (ep 9/150) | mean start stage: 3.2
  Q1 loss: 979.3272 | Q2 loss: 1021.4194 | Policy loss: -504.3393
  Alpha: 0.7080 | Entropy: 0.8604
Step 485000/3000000 | Episodes: 631 | FPS: 35
  Mean reward: 5563.2 | Score: 3341 | Stage: 3.5 | Length: 694
  Curriculum: stage 5/10 (ep 12/150) | mean start stage: 3.3
  Q1 loss: 666.3543 | Q2 loss: 662.6550 | Policy loss: -498.8048
  Alpha: 0.7162 | Entropy: 0.8861
Step 486000/3000000 | Episodes: 633 | FPS: 35
  Mean reward: 5570.7 | Score: 3346 | Stage: 3.5 | Length: 694
  Curriculum: stage 5/10 (ep 14/150) | mean start stage: 3.3
  Q1 loss: 832.5810 | Q2 loss: 849.2119 | Policy loss: -498.9871
  Alpha: 0.7049 | Entropy: 0.8623
Step 487000/3000000 | Episodes: 635 | FPS: 35
  Mean reward: 5569.8 | Score: 3346 | Stage: 3.5 | Length: 692
  Curriculum: stage 5/10 (ep 16/150) | mean start stage: 3.3
  Q1 loss: 358.1952 | Q2 loss: 365.8085 | Policy loss: -500.5421
  Alpha: 0.7063 | Entropy: 0.8757
Step 488000/3000000 | Episodes: 637 | FPS: 35
  Mean reward: 5550.0 | Score: 3335 | Stage: 3.6 | Length: 689
  Curriculum: stage 5/10 (ep 18/150) | mean start stage: 3.4
  Q1 loss: 779.3855 | Q2 loss: 836.3815 | Policy loss: -498.6244
  Alpha: 0.6892 | Entropy: 0.8924
Step 489000/3000000 | Episodes: 639 | FPS: 35
  Mean reward: 5564.4 | Score: 3346 | Stage: 3.6 | Length: 690
  Curriculum: stage 5/10 (ep 20/150) | mean start stage: 3.4
  Q1 loss: 1212.2669 | Q2 loss: 1248.1106 | Policy loss: -502.0085
  Alpha: 0.7216 | Entropy: 0.8914
Step 490000/3000000 | Episodes: 640 | FPS: 35
  Mean reward: 5496.6 | Score: 3307 | Stage: 3.6 | Length: 687
  Curriculum: stage 5/10 (ep 21/150) | mean start stage: 3.4
  Q1 loss: 644.4772 | Q2 loss: 648.3994 | Policy loss: -500.1491
  Alpha: 0.7169 | Entropy: 0.8845

  Running evaluation (10 episodes)...
IMAGEIO FFMPEG_WRITER WARNING: input image is not divisible by macro_block_size=16, resizing from (800, 600) to (800, 608) to ensure video compatibility with most codecs and players. To prevent resizing, make your input image divisible by the macro_block_size or set the macro_block_size to 1 (risking incompatibility).
  Eval reward: 7153.7 ± 2855.7
  Eval score: 4059 | Stage: 1.7 | Length: 1017
  Eval range: [2584, 10726]
  Video saved: /Users/vmal/Documents/github/rl-game/cracer-simulation/rl/sac/runs/eval_step_490000.mp4

Step 491000/3000000 | Episodes: 643 | FPS: 35
  Mean reward: 5418.1 | Score: 3270 | Stage: 3.6 | Length: 680
  Curriculum: stage 5/10 (ep 24/150) | mean start stage: 3.4
  Q1 loss: 842.5162 | Q2 loss: 860.5803 | Policy loss: -501.2064
  Alpha: 0.7225 | Entropy: 0.8705
Step 492000/3000000 | Episodes: 646 | FPS: 35
  Mean reward: 5154.5 | Score: 3126 | Stage: 3.7 | Length: 655
  Curriculum: stage 5/10 (ep 27/150) | mean start stage: 3.5
  Q1 loss: 3434.9058 | Q2 loss: 3386.5944 | Policy loss: -496.5458
  Alpha: 0.6945 | Entropy: 0.8653
Step 493000/3000000 | Episodes: 648 | FPS: 35
  Mean reward: 4986.9 | Score: 3035 | Stage: 3.7 | Length: 644
  Curriculum: stage 5/10 (ep 29/150) | mean start stage: 3.5
  Q1 loss: 1976.4020 | Q2 loss: 1924.8389 | Policy loss: -500.0593
  Alpha: 0.7262 | Entropy: 0.8418
Step 494000/3000000 | Episodes: 650 | FPS: 35
  Mean reward: 4860.3 | Score: 2970 | Stage: 3.7 | Length: 638
  Curriculum: stage 5/10 (ep 31/150) | mean start stage: 3.5
  Q1 loss: 478.8927 | Q2 loss: 503.4924 | Policy loss: -502.1787
  Alpha: 0.7239 | Entropy: 0.8649
Step 495000/3000000 | Episodes: 652 | FPS: 35
  Mean reward: 4856.2 | Score: 2967 | Stage: 3.7 | Length: 637
  Curriculum: stage 5/10 (ep 33/150) | mean start stage: 3.6
  Q1 loss: 901.3391 | Q2 loss: 888.5143 | Policy loss: -493.8343
  Alpha: 0.7296 | Entropy: 0.8786
Step 496000/3000000 | Episodes: 654 | FPS: 35
  Mean reward: 4764.6 | Score: 2920 | Stage: 3.7 | Length: 628
  Curriculum: stage 5/10 (ep 35/150) | mean start stage: 3.6
  Q1 loss: 1627.0817 | Q2 loss: 1617.3427 | Policy loss: -498.1568
  Alpha: 0.7014 | Entropy: 0.8801
Step 497000/3000000 | Episodes: 656 | FPS: 35
  Mean reward: 4638.1 | Score: 2853 | Stage: 3.8 | Length: 617
  Curriculum: stage 5/10 (ep 37/150) | mean start stage: 3.6
  Q1 loss: 1303.4378 | Q2 loss: 1334.7037 | Policy loss: -494.0203
  Alpha: 0.6902 | Entropy: 0.8493
Step 498000/3000000 | Episodes: 656 | FPS: 35
  Mean reward: 4638.1 | Score: 2853 | Stage: 3.8 | Length: 617
  Curriculum: stage 5/10 (ep 37/150) | mean start stage: 3.6
  Q1 loss: 1172.1643 | Q2 loss: 1178.4665 | Policy loss: -499.1256
  Alpha: 0.6924 | Entropy: 0.8700
Step 499000/3000000 | Episodes: 658 | FPS: 35
  Mean reward: 4753.5 | Score: 2917 | Stage: 3.8 | Length: 629
  Curriculum: stage 5/10 (ep 39/150) | mean start stage: 3.6
  Q1 loss: 1268.0405 | Q2 loss: 1262.8282 | Policy loss: -499.3413
  Alpha: 0.7096 | Entropy: 0.8757
Step 500000/3000000 | Episodes: 660 | FPS: 35
  Mean reward: 4744.9 | Score: 2910 | Stage: 3.8 | Length: 626
  Curriculum: stage 5/10 (ep 41/150) | mean start stage: 3.6
  Q1 loss: 282.2102 | Q2 loss: 286.8039 | Policy loss: -500.6582
  Alpha: 0.6972 | Entropy: 0.8863

  Running evaluation (10 episodes)...
IMAGEIO FFMPEG_WRITER WARNING: input image is not divisible by macro_block_size=16, resizing from (800, 600) to (800, 608) to ensure video compatibility with most codecs and players. To prevent resizing, make your input image divisible by the macro_block_size or set the macro_block_size to 1 (risking incompatibility).
  Eval reward: 6294.9 ± 2914.5
  Eval score: 3683 | Stage: 1.5 | Length: 986
  Eval range: [2752, 10986]
  Video saved: /Users/vmal/Documents/github/rl-game/cracer-simulation/rl/sac/runs/eval_step_500000.mp4

Step 501000/3000000 | Episodes: 662 | FPS: 35
  Mean reward: 4593.7 | Score: 2828 | Stage: 3.8 | Length: 616
  Curriculum: stage 5/10 (ep 43/150) | mean start stage: 3.7
  Q1 loss: 1110.8884 | Q2 loss: 1115.3037 | Policy loss: -497.8230
  Alpha: 0.7194 | Entropy: 0.8775
Step 502000/3000000 | Episodes: 663 | FPS: 35
  Mean reward: 4598.9 | Score: 2831 | Stage: 3.8 | Length: 616
  Curriculum: stage 5/10 (ep 44/150) | mean start stage: 3.7
  Q1 loss: 667.5279 | Q2 loss: 638.6112 | Policy loss: -499.6992
  Alpha: 0.7000 | Entropy: 0.8624
Step 503000/3000000 | Episodes: 665 | FPS: 35
  Mean reward: 4642.0 | Score: 2860 | Stage: 3.8 | Length: 622
  Curriculum: stage 5/10 (ep 46/150) | mean start stage: 3.7
  Q1 loss: 702.7154 | Q2 loss: 733.1092 | Policy loss: -500.4650
  Alpha: 0.6989 | Entropy: 0.8746
Step 504000/3000000 | Episodes: 667 | FPS: 35
  Mean reward: 4547.5 | Score: 2814 | Stage: 3.9 | Length: 616
  Curriculum: stage 5/10 (ep 48/150) | mean start stage: 3.7
  Q1 loss: 1550.1441 | Q2 loss: 1537.8948 | Policy loss: -494.9207
  Alpha: 0.6959 | Entropy: 0.8870
Step 505000/3000000 | Episodes: 669 | FPS: 35
  Mean reward: 4551.5 | Score: 2817 | Stage: 3.9 | Length: 615
  Curriculum: stage 5/10 (ep 50/150) | mean start stage: 3.8
  Q1 loss: 741.6247 | Q2 loss: 715.3582 | Policy loss: -495.6825
  Alpha: 0.6956 | Entropy: 0.9024
Step 506000/3000000 | Episodes: 672 | FPS: 35
  Mean reward: 4407.6 | Score: 2740 | Stage: 3.9 | Length: 602
  Curriculum: stage 5/10 (ep 53/150) | mean start stage: 3.8
  Q1 loss: 593.5700 | Q2 loss: 563.3452 | Policy loss: -494.6216
  Alpha: 0.7170 | Entropy: 0.9025
Step 507000/3000000 | Episodes: 673 | FPS: 35
  Mean reward: 4422.9 | Score: 2750 | Stage: 4.0 | Length: 604
  Curriculum: stage 5/10 (ep 54/150) | mean start stage: 3.8
  Q1 loss: 931.0578 | Q2 loss: 984.7244 | Policy loss: -494.6297
  Alpha: 0.6908 | Entropy: 0.8877
Step 508000/3000000 | Episodes: 675 | FPS: 35
  Mean reward: 4440.4 | Score: 2761 | Stage: 4.0 | Length: 605
  Curriculum: stage 5/10 (ep 56/150) | mean start stage: 3.9
  Q1 loss: 390.9514 | Q2 loss: 406.5057 | Policy loss: -494.7004
  Alpha: 0.7021 | Entropy: 0.8992
Step 509000/3000000 | Episodes: 675 | FPS: 35
  Mean reward: 4440.4 | Score: 2761 | Stage: 4.0 | Length: 605
  Curriculum: stage 5/10 (ep 56/150) | mean start stage: 3.9
  Q1 loss: 913.0770 | Q2 loss: 900.4772 | Policy loss: -492.9131
  Alpha: 0.7228 | Entropy: 0.8676
Step 510000/3000000 | Episodes: 677 | FPS: 35
  Mean reward: 4482.8 | Score: 2783 | Stage: 4.0 | Length: 603
  Curriculum: stage 5/10 (ep 58/150) | mean start stage: 3.9
  Q1 loss: 348.0672 | Q2 loss: 344.4543 | Policy loss: -495.0684
  Alpha: 0.7188 | Entropy: 0.8732

  Running evaluation (10 episodes)...
IMAGEIO FFMPEG_WRITER WARNING: input image is not divisible by macro_block_size=16, resizing from (800, 600) to (800, 608) to ensure video compatibility with most codecs and players. To prevent resizing, make your input image divisible by the macro_block_size or set the macro_block_size to 1 (risking incompatibility).
  Eval reward: 6783.8 ± 2283.8
  Eval score: 3805 | Stage: 1.7 | Length: 957
  Eval range: [2991, 9310]
  Video saved: /Users/vmal/Documents/github/rl-game/cracer-simulation/rl/sac/runs/eval_step_510000.mp4

Step 511000/3000000 | Episodes: 679 | FPS: 35
  Mean reward: 4335.4 | Score: 2701 | Stage: 4.0 | Length: 590
  Curriculum: stage 5/10 (ep 60/150) | mean start stage: 3.9
  Q1 loss: 288.4369 | Q2 loss: 289.3531 | Policy loss: -491.6864
  Alpha: 0.7087 | Entropy: 0.8711
Step 512000/3000000 | Episodes: 681 | FPS: 35
  Mean reward: 4243.1 | Score: 2655 | Stage: 4.1 | Length: 584
  Curriculum: stage 5/10 (ep 62/150) | mean start stage: 4.0
  Q1 loss: 1668.5093 | Q2 loss: 1641.0026 | Policy loss: -490.2744
  Alpha: 0.6978 | Entropy: 0.9093
Step 513000/3000000 | Episodes: 684 | FPS: 35
  Mean reward: 4218.2 | Score: 2638 | Stage: 4.1 | Length: 579
  Curriculum: stage 5/10 (ep 65/150) | mean start stage: 4.0
  Q1 loss: 1216.7064 | Q2 loss: 1232.4619 | Policy loss: -489.2221
  Alpha: 0.7042 | Entropy: 0.9023
Step 514000/3000000 | Episodes: 687 | FPS: 35
  Mean reward: 4207.1 | Score: 2632 | Stage: 4.2 | Length: 577
  Curriculum: stage 5/10 (ep 68/150) | mean start stage: 4.0
  Q1 loss: 324.2309 | Q2 loss: 324.0625 | Policy loss: -494.3536
  Alpha: 0.7182 | Entropy: 0.8920
Step 515000/3000000 | Episodes: 688 | FPS: 35
  Mean reward: 4101.4 | Score: 2578 | Stage: 4.2 | Length: 570
  Curriculum: stage 5/10 (ep 69/150) | mean start stage: 4.1
  Q1 loss: 1203.0595 | Q2 loss: 1216.4795 | Policy loss: -497.1343
  Alpha: 0.6937 | Entropy: 0.8731
Step 516000/3000000 | Episodes: 689 | FPS: 35
  Mean reward: 4125.4 | Score: 2587 | Stage: 4.2 | Length: 566
  Curriculum: stage 5/10 (ep 70/150) | mean start stage: 4.1
  Q1 loss: 375.1984 | Q2 loss: 360.2316 | Policy loss: -497.2053
  Alpha: 0.6919 | Entropy: 0.8624
Step 517000/3000000 | Episodes: 691 | FPS: 35
  Mean reward: 4147.9 | Score: 2603 | Stage: 4.2 | Length: 568
  Curriculum: stage 5/10 (ep 72/150) | mean start stage: 4.1
  Q1 loss: 2242.5611 | Q2 loss: 2261.4145 | Policy loss: -491.5705
  Alpha: 0.7166 | Entropy: 0.8750
Step 518000/3000000 | Episodes: 692 | FPS: 35
  Mean reward: 4217.1 | Score: 2634 | Stage: 4.2 | Length: 573
  Curriculum: stage 5/10 (ep 73/150) | mean start stage: 4.1
  Q1 loss: 681.8473 | Q2 loss: 692.7724 | Policy loss: -493.0784
  Alpha: 0.7019 | Entropy: 0.8916
Step 519000/3000000 | Episodes: 694 | FPS: 35
  Mean reward: 4213.6 | Score: 2630 | Stage: 4.3 | Length: 571
  Curriculum: stage 5/10 (ep 75/150) | mean start stage: 4.2
  Q1 loss: 476.7877 | Q2 loss: 497.3550 | Policy loss: -495.2665
  Alpha: 0.6947 | Entropy: 0.8949
Step 520000/3000000 | Episodes: 697 | FPS: 35
  Mean reward: 4089.9 | Score: 2566 | Stage: 4.3 | Length: 562
  Curriculum: stage 5/10 (ep 78/150) | mean start stage: 4.2
  Q1 loss: 324.9082 | Q2 loss: 286.8770 | Policy loss: -491.5896
  Alpha: 0.6822 | Entropy: 0.8619

  Running evaluation (10 episodes)...
IMAGEIO FFMPEG_WRITER WARNING: input image is not divisible by macro_block_size=16, resizing from (800, 600) to (800, 608) to ensure video compatibility with most codecs and players. To prevent resizing, make your input image divisible by the macro_block_size or set the macro_block_size to 1 (risking incompatibility).
  Eval reward: 6788.6 ± 2997.9
  Eval score: 3896 | Stage: 1.6 | Length: 998
  Eval range: [2728, 10968]
  Video saved: /Users/vmal/Documents/github/rl-game/cracer-simulation/rl/sac/runs/eval_step_520000.mp4

Step 521000/3000000 | Episodes: 699 | FPS: 35
  Mean reward: 3927.0 | Score: 2476 | Stage: 4.3 | Length: 549
  Curriculum: stage 5/10 (ep 80/150) | mean start stage: 4.2
  Q1 loss: 2834.7980 | Q2 loss: 2778.2732 | Policy loss: -490.1672
  Alpha: 0.6848 | Entropy: 0.8810
Step 522000/3000000 | Episodes: 702 | FPS: 35
  Mean reward: 3892.9 | Score: 2455 | Stage: 4.3 | Length: 542
  Curriculum: stage 5/10 (ep 83/150) | mean start stage: 4.3
  Q1 loss: 1390.2182 | Q2 loss: 1388.2222 | Policy loss: -491.4015
  Alpha: 0.6933 | Entropy: 0.8831
Step 523000/3000000 | Episodes: 705 | FPS: 35
  Mean reward: 3869.3 | Score: 2440 | Stage: 4.4 | Length: 538
  Curriculum: stage 5/10 (ep 86/150) | mean start stage: 4.3
  Q1 loss: 1779.2759 | Q2 loss: 1770.8315 | Policy loss: -492.7363
  Alpha: 0.6944 | Entropy: 0.8966
Step 524000/3000000 | Episodes: 708 | FPS: 35
  Mean reward: 3847.6 | Score: 2426 | Stage: 4.4 | Length: 534
  Curriculum: stage 5/10 (ep 89/150) | mean start stage: 4.3
  Q1 loss: 1245.2004 | Q2 loss: 1232.5326 | Policy loss: -490.0885
  Alpha: 0.6925 | Entropy: 0.9007
Step 525000/3000000 | Episodes: 710 | FPS: 35
  Mean reward: 3833.8 | Score: 2418 | Stage: 4.5 | Length: 530
  Curriculum: stage 5/10 (ep 91/150) | mean start stage: 4.4
  Q1 loss: 261.6348 | Q2 loss: 251.9003 | Policy loss: -493.8379
  Alpha: 0.6951 | Entropy: 0.8900
Step 526000/3000000 | Episodes: 711 | FPS: 35
  Mean reward: 3923.7 | Score: 2464 | Stage: 4.4 | Length: 538
  Curriculum: stage 5/10 (ep 92/150) | mean start stage: 4.3
  Q1 loss: 581.3123 | Q2 loss: 557.0910 | Policy loss: -491.0774
  Alpha: 0.7201 | Entropy: 0.8625
Step 527000/3000000 | Episodes: 713 | FPS: 35
  Mean reward: 3926.4 | Score: 2467 | Stage: 4.5 | Length: 537
  Curriculum: stage 5/10 (ep 94/150) | mean start stage: 4.4
  Q1 loss: 565.8711 | Q2 loss: 527.2294 | Policy loss: -489.1757
  Alpha: 0.7057 | Entropy: 0.8931
Step 528000/3000000 | Episodes: 714 | FPS: 35
  Mean reward: 3946.4 | Score: 2480 | Stage: 4.5 | Length: 540
  Curriculum: stage 5/10 (ep 95/150) | mean start stage: 4.4
  Q1 loss: 244.1617 | Q2 loss: 258.8586 | Policy loss: -496.7850
  Alpha: 0.6945 | Entropy: 0.8992
Step 529000/3000000 | Episodes: 716 | FPS: 35
  Mean reward: 3949.5 | Score: 2483 | Stage: 4.5 | Length: 540
  Curriculum: stage 5/10 (ep 97/150) | mean start stage: 4.4
  Q1 loss: 466.6400 | Q2 loss: 455.5597 | Policy loss: -495.7024
  Alpha: 0.7073 | Entropy: 0.8818
Step 530000/3000000 | Episodes: 718 | FPS: 35
  Mean reward: 3872.4 | Score: 2446 | Stage: 4.5 | Length: 533
  Curriculum: stage 5/10 (ep 99/150) | mean start stage: 4.5
  Q1 loss: 268.5345 | Q2 loss: 281.9733 | Policy loss: -495.4716
  Alpha: 0.6865 | Entropy: 0.8828

  Running evaluation (10 episodes)...
IMAGEIO FFMPEG_WRITER WARNING: input image is not divisible by macro_block_size=16, resizing from (800, 600) to (800, 608) to ensure video compatibility with most codecs and players. To prevent resizing, make your input image divisible by the macro_block_size or set the macro_block_size to 1 (risking incompatibility).
  Eval reward: 6981.7 ± 3183.2
  Eval score: 4038 | Stage: 1.6 | Length: 1019
  Eval range: [2862, 11462]
  Video saved: /Users/vmal/Documents/github/rl-game/cracer-simulation/rl/sac/runs/eval_step_530000.mp4

Step 531000/3000000 | Episodes: 721 | FPS: 35
  Mean reward: 3740.5 | Score: 2373 | Stage: 4.5 | Length: 519
  Curriculum: stage 5/10 (ep 102/150) | mean start stage: 4.5
  Q1 loss: 2234.8174 | Q2 loss: 2225.1911 | Policy loss: -493.2485
  Alpha: 0.6846 | Entropy: 0.8944
Step 532000/3000000 | Episodes: 723 | FPS: 35
  Mean reward: 3693.6 | Score: 2343 | Stage: 4.6 | Length: 512
  Curriculum: stage 5/10 (ep 104/150) | mean start stage: 4.5
  Q1 loss: 1334.2129 | Q2 loss: 1333.1455 | Policy loss: -494.4497
  Alpha: 0.6825 | Entropy: 0.8828
Step 533000/3000000 | Episodes: 725 | FPS: 35
  Mean reward: 3694.4 | Score: 2344 | Stage: 4.6 | Length: 511
  Curriculum: stage 5/10 (ep 106/150) | mean start stage: 4.5
  Q1 loss: 653.4473 | Q2 loss: 668.2277 | Policy loss: -497.1348
  Alpha: 0.7423 | Entropy: 0.8817
Step 534000/3000000 | Episodes: 728 | FPS: 35
  Mean reward: 3553.9 | Score: 2270 | Stage: 4.5 | Length: 502
  Curriculum: stage 5/10 (ep 109/150) | mean start stage: 4.5
  Q1 loss: 297.7566 | Q2 loss: 262.6124 | Policy loss: -492.5682
  Alpha: 0.7018 | Entropy: 0.8505
Step 535000/3000000 | Episodes: 730 | FPS: 35
  Mean reward: 3558.0 | Score: 2273 | Stage: 4.5 | Length: 502
  Curriculum: stage 5/10 (ep 111/150) | mean start stage: 4.5
  Q1 loss: 497.7494 | Q2 loss: 479.6802 | Policy loss: -489.8976
  Alpha: 0.7151 | Entropy: 0.8721
Step 536000/3000000 | Episodes: 730 | FPS: 35
  Mean reward: 3558.0 | Score: 2273 | Stage: 4.5 | Length: 502
  Curriculum: stage 5/10 (ep 111/150) | mean start stage: 4.5
  Q1 loss: 1886.6027 | Q2 loss: 1872.1853 | Policy loss: -496.0082
  Alpha: 0.7167 | Entropy: 0.8820
Step 537000/3000000 | Episodes: 730 | FPS: 35
  Mean reward: 3558.0 | Score: 2273 | Stage: 4.5 | Length: 502
  Curriculum: stage 5/10 (ep 111/150) | mean start stage: 4.5
  Q1 loss: 1504.6870 | Q2 loss: 1504.2947 | Policy loss: -491.3263
  Alpha: 0.6856 | Entropy: 0.8964
Step 538000/3000000 | Episodes: 732 | FPS: 35
  Mean reward: 3814.1 | Score: 2413 | Stage: 4.5 | Length: 526
  Curriculum: stage 5/10 (ep 113/150) | mean start stage: 4.5
  Q1 loss: 341.8151 | Q2 loss: 360.0088 | Policy loss: -495.7594
  Alpha: 0.6880 | Entropy: 0.8773
Step 539000/3000000 | Episodes: 734 | FPS: 35
  Mean reward: 3805.1 | Score: 2406 | Stage: 4.5 | Length: 524
  Curriculum: stage 5/10 (ep 115/150) | mean start stage: 4.5
  Q1 loss: 1422.4931 | Q2 loss: 1436.2560 | Policy loss: -490.3557
  Alpha: 0.6944 | Entropy: 0.8788
Step 540000/3000000 | Episodes: 735 | FPS: 35
  Mean reward: 3817.4 | Score: 2414 | Stage: 4.5 | Length: 527
  Curriculum: stage 5/10 (ep 116/150) | mean start stage: 4.4
  Q1 loss: 218.8499 | Q2 loss: 214.0014 | Policy loss: -496.5676
  Alpha: 0.7097 | Entropy: 0.8734

  Running evaluation (10 episodes)...
IMAGEIO FFMPEG_WRITER WARNING: input image is not divisible by macro_block_size=16, resizing from (800, 600) to (800, 608) to ensure video compatibility with most codecs and players. To prevent resizing, make your input image divisible by the macro_block_size or set the macro_block_size to 1 (risking incompatibility).
  Eval reward: 8356.6 ± 5428.1
  Eval score: 4675 | Stage: 1.8 | Length: 1136
  Eval range: [2893, 18539]
  Video saved: /Users/vmal/Documents/github/rl-game/cracer-simulation/rl/sac/runs/eval_step_540000.mp4

Step 541000/3000000 | Episodes: 736 | FPS: 35
  Mean reward: 3820.3 | Score: 2416 | Stage: 4.5 | Length: 527
  Curriculum: stage 5/10 (ep 117/150) | mean start stage: 4.4
  Q1 loss: 655.3207 | Q2 loss: 694.2308 | Policy loss: -491.7232
  Alpha: 0.6760 | Entropy: 0.8717
Step 542000/3000000 | Episodes: 737 | FPS: 35
  Mean reward: 3954.3 | Score: 2488 | Stage: 4.5 | Length: 539
  Curriculum: stage 5/10 (ep 118/150) | mean start stage: 4.4
  Q1 loss: 1721.5864 | Q2 loss: 1737.8661 | Policy loss: -497.0392
  Alpha: 0.6817 | Entropy: 0.8974
Step 543000/3000000 | Episodes: 739 | FPS: 35
  Mean reward: 3958.4 | Score: 2492 | Stage: 4.5 | Length: 540
  Curriculum: stage 5/10 (ep 120/150) | mean start stage: 4.4
  Q1 loss: 693.6213 | Q2 loss: 812.2444 | Policy loss: -490.8836
  Alpha: 0.6987 | Entropy: 0.8888
Step 544000/3000000 | Episodes: 741 | FPS: 35
  Mean reward: 3889.8 | Score: 2459 | Stage: 4.5 | Length: 535
  Curriculum: stage 5/10 (ep 122/150) | mean start stage: 4.4
  Q1 loss: 1270.2837 | Q2 loss: 1272.5993 | Policy loss: -495.1760
  Alpha: 0.7098 | Entropy: 0.8883
Step 545000/3000000 | Episodes: 743 | FPS: 35
  Mean reward: 3909.8 | Score: 2471 | Stage: 4.5 | Length: 538
  Curriculum: stage 5/10 (ep 124/150) | mean start stage: 4.4
  Q1 loss: 381.2459 | Q2 loss: 381.9343 | Policy loss: -494.1387
  Alpha: 0.7168 | Entropy: 0.8638
Step 546000/3000000 | Episodes: 745 | FPS: 35
  Mean reward: 3914.7 | Score: 2475 | Stage: 4.5 | Length: 539
  Curriculum: stage 5/10 (ep 126/150) | mean start stage: 4.4
  Q1 loss: 1189.8419 | Q2 loss: 1183.0473 | Policy loss: -493.3330
  Alpha: 0.7194 | Entropy: 0.8628
Step 547000/3000000 | Episodes: 747 | FPS: 35
  Mean reward: 3926.9 | Score: 2483 | Stage: 4.5 | Length: 540
  Curriculum: stage 5/10 (ep 128/150) | mean start stage: 4.4
  Q1 loss: 333.0475 | Q2 loss: 335.6900 | Policy loss: -494.6294
  Alpha: 0.6909 | Entropy: 0.8952
Step 548000/3000000 | Episodes: 749 | FPS: 35
  Mean reward: 3943.9 | Score: 2493 | Stage: 4.5 | Length: 542
  Curriculum: stage 5/10 (ep 130/150) | mean start stage: 4.4
  Q1 loss: 314.9220 | Q2 loss: 313.4814 | Policy loss: -491.9499
  Alpha: 0.6789 | Entropy: 0.8928
Step 549000/3000000 | Episodes: 751 | FPS: 35
  Mean reward: 3952.8 | Score: 2499 | Stage: 4.5 | Length: 544
  Curriculum: stage 5/10 (ep 132/150) | mean start stage: 4.4
  Q1 loss: 524.7671 | Q2 loss: 516.7373 | Policy loss: -490.0585
  Alpha: 0.6823 | Entropy: 0.8621
Step 550000/3000000 | Episodes: 752 | FPS: 35
  Mean reward: 3952.3 | Score: 2497 | Stage: 4.5 | Length: 544
  Curriculum: stage 5/10 (ep 133/150) | mean start stage: 4.4
  Q1 loss: 582.3912 | Q2 loss: 590.5325 | Policy loss: -491.2767
  Alpha: 0.6852 | Entropy: 0.8987

  Running evaluation (10 episodes)...
IMAGEIO FFMPEG_WRITER WARNING: input image is not divisible by macro_block_size=16, resizing from (800, 600) to (800, 608) to ensure video compatibility with most codecs and players. To prevent resizing, make your input image divisible by the macro_block_size or set the macro_block_size to 1 (risking incompatibility).
  Eval reward: 7444.8 ± 4826.5
  Eval score: 4212 | Stage: 1.7 | Length: 1034
  Eval range: [1818, 18952]
  Video saved: /Users/vmal/Documents/github/rl-game/cracer-simulation/rl/sac/runs/eval_step_550000.mp4

Step 551000/3000000 | Episodes: 754 | FPS: 35
  Mean reward: 3971.1 | Score: 2511 | Stage: 4.5 | Length: 547
  Curriculum: stage 5/10 (ep 135/150) | mean start stage: 4.4
  Q1 loss: 476.6097 | Q2 loss: 477.4058 | Policy loss: -494.6561
  Alpha: 0.7152 | Entropy: 0.8778
Step 552000/3000000 | Episodes: 756 | FPS: 35
  Mean reward: 3984.8 | Score: 2519 | Stage: 4.4 | Length: 550
  Curriculum: stage 5/10 (ep 137/150) | mean start stage: 4.4
  Q1 loss: 575.5963 | Q2 loss: 546.6234 | Policy loss: -491.5697
  Alpha: 0.7037 | Entropy: 0.8925
Step 553000/3000000 | Episodes: 758 | FPS: 35
  Mean reward: 3883.0 | Score: 2464 | Stage: 4.5 | Length: 539
  Curriculum: stage 5/10 (ep 139/150) | mean start stage: 4.4
  Q1 loss: 1921.7483 | Q2 loss: 1895.7717 | Policy loss: -493.4243
  Alpha: 0.6871 | Entropy: 0.8784
Step 554000/3000000 | Episodes: 758 | FPS: 35
  Mean reward: 3883.0 | Score: 2464 | Stage: 4.5 | Length: 539
  Curriculum: stage 5/10 (ep 139/150) | mean start stage: 4.4
  Q1 loss: 1486.5672 | Q2 loss: 1467.3430 | Policy loss: -493.8906
  Alpha: 0.7025 | Entropy: 0.8676
Step 555000/3000000 | Episodes: 760 | FPS: 35
  Mean reward: 4034.6 | Score: 2545 | Stage: 4.5 | Length: 549
  Curriculum: stage 5/10 (ep 141/150) | mean start stage: 4.4
  Q1 loss: 675.6488 | Q2 loss: 692.3851 | Policy loss: -494.5482
  Alpha: 0.7084 | Entropy: 0.8637
Step 556000/3000000 | Episodes: 761 | FPS: 35
  Mean reward: 4032.2 | Score: 2543 | Stage: 4.5 | Length: 549
  Curriculum: stage 5/10 (ep 142/150) | mean start stage: 4.4
  Q1 loss: 2232.8564 | Q2 loss: 2245.0835 | Policy loss: -494.4156
  Alpha: 0.7058 | Entropy: 0.8851
Step 557000/3000000 | Episodes: 762 | FPS: 35
  Mean reward: 4049.3 | Score: 2555 | Stage: 4.4 | Length: 552
  Curriculum: stage 5/10 (ep 143/150) | mean start stage: 4.4
  Q1 loss: 932.4955 | Q2 loss: 925.8518 | Policy loss: -490.6471
  Alpha: 0.6932 | Entropy: 0.8909
Step 558000/3000000 | Episodes: 764 | FPS: 35
  Mean reward: 4104.9 | Score: 2579 | Stage: 4.4 | Length: 557
  Curriculum: stage 5/10 (ep 145/150) | mean start stage: 4.3
  Q1 loss: 1703.5714 | Q2 loss: 1698.1436 | Policy loss: -491.7143
  Alpha: 0.6996 | Entropy: 0.8895
Step 559000/3000000 | Episodes: 766 | FPS: 35
  Mean reward: 4074.0 | Score: 2559 | Stage: 4.4 | Length: 553
  Curriculum: stage 5/10 (ep 147/150) | mean start stage: 4.3
  Q1 loss: 610.4120 | Q2 loss: 627.3345 | Policy loss: -491.7369
  Alpha: 0.7186 | Entropy: 0.8845
Step 560000/3000000 | Episodes: 768 | FPS: 35
  Mean reward: 4095.0 | Score: 2574 | Stage: 4.4 | Length: 556
  Curriculum: stage 5/10 (ep 149/150) | mean start stage: 4.3
  Q1 loss: 506.7996 | Q2 loss: 518.5352 | Policy loss: -492.3042
  Alpha: 0.7124 | Entropy: 0.8816

  Running evaluation (10 episodes)...
IMAGEIO FFMPEG_WRITER WARNING: input image is not divisible by macro_block_size=16, resizing from (800, 600) to (800, 608) to ensure video compatibility with most codecs and players. To prevent resizing, make your input image divisible by the macro_block_size or set the macro_block_size to 1 (risking incompatibility).
  Eval reward: 6642.3 ± 3168.3
  Eval score: 3806 | Stage: 1.6 | Length: 972
  Eval range: [2198, 11008]
  Video saved: /Users/vmal/Documents/github/rl-game/cracer-simulation/rl/sac/runs/eval_step_560000.mp4

Step 561000/3000000 | Episodes: 769 | FPS: 35
  Mean reward: 4091.9 | Score: 2570 | Stage: 4.4 | Length: 555
  Curriculum: stage 5/10 (ep 150/150) | mean start stage: 4.3
  Q1 loss: 1234.8190 | Q2 loss: 1257.0741 | Policy loss: -488.8547
  Alpha: 0.7078 | Entropy: 0.8716
Step 562000/3000000 | Episodes: 771 | FPS: 35
  Mean reward: 4129.9 | Score: 2597 | Stage: 4.4 | Length: 561
  Curriculum: stage 5/10 (ep 152/150) | mean start stage: 4.3
  Q1 loss: 1665.4300 | Q2 loss: 1666.8054 | Policy loss: -491.6630
  Alpha: 0.7019 | Entropy: 0.8567
Step 563000/3000000 | Episodes: 773 | FPS: 35
  Mean reward: 4147.6 | Score: 2609 | Stage: 4.4 | Length: 564
  Curriculum: stage 5/10 (ep 154/150) | mean start stage: 4.3
  Q1 loss: 1137.0185 | Q2 loss: 1119.7006 | Policy loss: -488.5345
  Alpha: 0.7031 | Entropy: 0.8811
Step 564000/3000000 | Episodes: 776 | FPS: 35
  Mean reward: 3954.1 | Score: 2500 | Stage: 4.4 | Length: 548
  Curriculum: stage 5/10 (ep 157/150) | mean start stage: 4.3
  Q1 loss: 715.1356 | Q2 loss: 700.5356 | Policy loss: -493.8694
  Alpha: 0.6998 | Entropy: 0.8898
Step 565000/3000000 | Episodes: 778 | FPS: 35
  Mean reward: 3953.9 | Score: 2501 | Stage: 4.4 | Length: 548
  Curriculum: stage 5/10 (ep 159/150) | mean start stage: 4.3
  Q1 loss: 1298.2338 | Q2 loss: 1320.7149 | Policy loss: -490.1293
  Alpha: 0.6993 | Entropy: 0.8560
Step 566000/3000000 | Episodes: 780 | FPS: 35
  Mean reward: 3933.3 | Score: 2488 | Stage: 4.4 | Length: 546
  Curriculum: stage 5/10 (ep 161/150) | mean start stage: 4.3
  Q1 loss: 850.1137 | Q2 loss: 873.1188 | Policy loss: -491.9149
  Alpha: 0.7143 | Entropy: 0.8905
Step 567000/3000000 | Episodes: 780 | FPS: 35
  Mean reward: 3933.3 | Score: 2488 | Stage: 4.4 | Length: 546
  Curriculum: stage 5/10 (ep 161/150) | mean start stage: 4.3
  Q1 loss: 897.6317 | Q2 loss: 875.0008 | Policy loss: -491.7326
  Alpha: 0.7130 | Entropy: 0.8756
Step 568000/3000000 | Episodes: 782 | FPS: 35
  Mean reward: 4119.5 | Score: 2588 | Stage: 4.4 | Length: 557
  Curriculum: stage 5/10 (ep 163/150) | mean start stage: 4.3
  Q1 loss: 2177.0303 | Q2 loss: 2187.0749 | Policy loss: -490.9209
  Alpha: 0.7215 | Entropy: 0.8827
Step 569000/3000000 | Episodes: 784 | FPS: 35
  Mean reward: 4155.4 | Score: 2611 | Stage: 4.4 | Length: 561
  Curriculum: stage 5/10 (ep 165/150) | mean start stage: 4.3
  Q1 loss: 552.8446 | Q2 loss: 557.7175 | Policy loss: -491.7575
  Alpha: 0.6959 | Entropy: 0.8737
Step 570000/3000000 | Episodes: 785 | FPS: 35
  Mean reward: 4133.7 | Score: 2596 | Stage: 4.4 | Length: 558
  Curriculum: stage 5/10 (ep 166/150) | mean start stage: 4.3
  Q1 loss: 372.3179 | Q2 loss: 465.6584 | Policy loss: -493.2324
  Alpha: 0.7029 | Entropy: 0.8679

  Running evaluation (10 episodes)...
IMAGEIO FFMPEG_WRITER WARNING: input image is not divisible by macro_block_size=16, resizing from (800, 600) to (800, 608) to ensure video compatibility with most codecs and players. To prevent resizing, make your input image divisible by the macro_block_size or set the macro_block_size to 1 (risking incompatibility).
  Eval reward: 9113.0 ± 6562.3
  Eval score: 5187 | Stage: 1.8 | Length: 1228
  Eval range: [2313, 21917]
  Video saved: /Users/vmal/Documents/github/rl-game/cracer-simulation/rl/sac/runs/eval_step_570000.mp4

  New best eval reward: 9113.0 - saved best_eval.pt
Step 571000/3000000 | Episodes: 787 | FPS: 35
  Mean reward: 4234.0 | Score: 2648 | Stage: 4.4 | Length: 567
  Curriculum: stage 5/10 (ep 168/150) | mean start stage: 4.3
  Q1 loss: 1155.4240 | Q2 loss: 1126.3006 | Policy loss: -494.6613
  Alpha: 0.6767 | Entropy: 0.8941
Step 572000/3000000 | Episodes: 789 | FPS: 35
  Mean reward: 4097.2 | Score: 2580 | Stage: 4.3 | Length: 563
  Curriculum: stage 5/10 (ep 170/150) | mean start stage: 4.3
  Q1 loss: 357.3702 | Q2 loss: 325.8956 | Policy loss: -488.6092
  Alpha: 0.6918 | Entropy: 0.8679
Step 573000/3000000 | Episodes: 790 | FPS: 35
  Mean reward: 4234.2 | Score: 2648 | Stage: 4.4 | Length: 568
  Curriculum: stage 5/10 (ep 171/150) | mean start stage: 4.3
  Q1 loss: 177.3642 | Q2 loss: 186.5110 | Policy loss: -490.2910
  Alpha: 0.6933 | Entropy: 0.8753
Step 574000/3000000 | Episodes: 793 | FPS: 35
  Mean reward: 4137.5 | Score: 2599 | Stage: 4.4 | Length: 559
  Curriculum: stage 5/10 (ep 174/150) | mean start stage: 4.3
  Q1 loss: 1907.6225 | Q2 loss: 1893.4224 | Policy loss: -487.6293
  Alpha: 0.7252 | Entropy: 0.8691
Step 575000/3000000 | Episodes: 795 | FPS: 35
  Mean reward: 4135.1 | Score: 2597 | Stage: 4.4 | Length: 557
  Curriculum: stage 5/10 (ep 176/150) | mean start stage: 4.3
  Q1 loss: 1062.5208 | Q2 loss: 1065.6367 | Policy loss: -489.6556
  Alpha: 0.6995 | Entropy: 0.8854
Step 576000/3000000 | Episodes: 796 | FPS: 35
  Mean reward: 4175.6 | Score: 2624 | Stage: 4.4 | Length: 563
  Curriculum: stage 5/10 (ep 177/150) | mean start stage: 4.3
  Q1 loss: 1093.4385 | Q2 loss: 1068.2274 | Policy loss: -493.1531
  Alpha: 0.7045 | Entropy: 0.8576
Step 577000/3000000 | Episodes: 797 | FPS: 35
  Mean reward: 4198.0 | Score: 2639 | Stage: 4.4 | Length: 565
  Curriculum: stage 5/10 (ep 178/150) | mean start stage: 4.3
  Q1 loss: 258.3590 | Q2 loss: 262.6997 | Policy loss: -488.6735
  Alpha: 0.6944 | Entropy: 0.8906
Step 578000/3000000 | Episodes: 800 | FPS: 35
  Mean reward: 4218.9 | Score: 2654 | Stage: 4.4 | Length: 569
  Curriculum: stage 5/10 (ep 181/150) | mean start stage: 4.3
  Q1 loss: 680.0609 | Q2 loss: 667.6136 | Policy loss: -489.8004
  Alpha: 0.7347 | Entropy: 0.8433
Step 579000/3000000 | Episodes: 802 | FPS: 35
  Mean reward: 4227.8 | Score: 2659 | Stage: 4.4 | Length: 570
  Curriculum: stage 5/10 (ep 183/150) | mean start stage: 4.3
  Q1 loss: 2963.8715 | Q2 loss: 2976.9065 | Policy loss: -490.5003
  Alpha: 0.7232 | Entropy: 0.8763
Step 580000/3000000 | Episodes: 804 | FPS: 35
  Mean reward: 4248.1 | Score: 2671 | Stage: 4.4 | Length: 573
  Curriculum: stage 5/10 (ep 185/150) | mean start stage: 4.3
  Q1 loss: 1353.0445 | Q2 loss: 1327.1044 | Policy loss: -493.1990
  Alpha: 0.7104 | Entropy: 0.8784

  Running evaluation (10 episodes)...
IMAGEIO FFMPEG_WRITER WARNING: input image is not divisible by macro_block_size=16, resizing from (800, 600) to (800, 608) to ensure video compatibility with most codecs and players. To prevent resizing, make your input image divisible by the macro_block_size or set the macro_block_size to 1 (risking incompatibility).
  Eval reward: 8384.8 ± 4407.2
  Eval score: 4716 | Stage: 1.8 | Length: 1135
  Eval range: [2444, 18070]
  Video saved: /Users/vmal/Documents/github/rl-game/cracer-simulation/rl/sac/runs/eval_step_580000.mp4

Step 581000/3000000 | Episodes: 805 | FPS: 35
  Mean reward: 4262.7 | Score: 2680 | Stage: 4.4 | Length: 575
  Curriculum: stage 5/10 (ep 186/150) | mean start stage: 4.3
  Q1 loss: 644.4170 | Q2 loss: 639.8688 | Policy loss: -487.0715
  Alpha: 0.7071 | Entropy: 0.8868
Step 582000/3000000 | Episodes: 807 | FPS: 35
  Mean reward: 4445.9 | Score: 2777 | Stage: 4.4 | Length: 586
  Curriculum: stage 5/10 (ep 188/150) | mean start stage: 4.3
  Q1 loss: 1595.6760 | Q2 loss: 1582.9480 | Policy loss: -488.4331
  Alpha: 0.6891 | Entropy: 0.8792
Step 583000/3000000 | Episodes: 809 | FPS: 35
  Mean reward: 4437.7 | Score: 2774 | Stage: 4.4 | Length: 585
  Curriculum: stage 5/10 (ep 190/150) | mean start stage: 4.3
  Q1 loss: 857.0033 | Q2 loss: 859.3581 | Policy loss: -493.9213
  Alpha: 0.7236 | Entropy: 0.8567
Step 584000/3000000 | Episodes: 810 | FPS: 35
  Mean reward: 4467.6 | Score: 2793 | Stage: 4.4 | Length: 589
  Curriculum: stage 5/10 (ep 191/150) | mean start stage: 4.3
  Q1 loss: 1179.9522 | Q2 loss: 1169.6774 | Policy loss: -488.4449
  Alpha: 0.6867 | Entropy: 0.9005
Step 585000/3000000 | Episodes: 812 | FPS: 35
  Mean reward: 4401.1 | Score: 2763 | Stage: 4.4 | Length: 584
  Curriculum: stage 5/10 (ep 193/150) | mean start stage: 4.3
  Q1 loss: 553.0714 | Q2 loss: 577.5940 | Policy loss: -486.8791
  Alpha: 0.6981 | Entropy: 0.9099
Step 586000/3000000 | Episodes: 814 | FPS: 35
  Mean reward: 4387.6 | Score: 2752 | Stage: 4.4 | Length: 582
  Curriculum: stage 5/10 (ep 195/150) | mean start stage: 4.3
  Q1 loss: 1337.1255 | Q2 loss: 1348.1695 | Policy loss: -491.4775
  Alpha: 0.7046 | Entropy: 0.8703
Step 587000/3000000 | Episodes: 815 | FPS: 35
  Mean reward: 4372.4 | Score: 2742 | Stage: 4.4 | Length: 581
  Curriculum: stage 5/10 (ep 196/150) | mean start stage: 4.3
  Q1 loss: 618.2335 | Q2 loss: 615.0134 | Policy loss: -490.8030
  Alpha: 0.7154 | Entropy: 0.8506
Step 588000/3000000 | Episodes: 818 | FPS: 35
  Mean reward: 4392.1 | Score: 2756 | Stage: 4.4 | Length: 583
  Curriculum: stage 5/10 (ep 199/150) | mean start stage: 4.3
  Q1 loss: 1284.9800 | Q2 loss: 1293.1162 | Policy loss: -494.2598
  Alpha: 0.7196 | Entropy: 0.8652
Step 589000/3000000 | Episodes: 820 | FPS: 35
  Mean reward: 4389.3 | Score: 2754 | Stage: 4.4 | Length: 583
  Curriculum: stage 5/10 (ep 201/150) | mean start stage: 4.3
  Q1 loss: 269.0794 | Q2 loss: 269.9599 | Policy loss: -486.3344
  Alpha: 0.7015 | Entropy: 0.9034
Step 590000/3000000 | Episodes: 822 | FPS: 35
  Mean reward: 4416.7 | Score: 2771 | Stage: 4.4 | Length: 587
  Curriculum: stage 5/10 (ep 203/150) | mean start stage: 4.3
  Q1 loss: 696.1268 | Q2 loss: 713.9031 | Policy loss: -492.7578
  Alpha: 0.7092 | Entropy: 0.8828

  Running evaluation (10 episodes)...
IMAGEIO FFMPEG_WRITER WARNING: input image is not divisible by macro_block_size=16, resizing from (800, 600) to (800, 608) to ensure video compatibility with most codecs and players. To prevent resizing, make your input image divisible by the macro_block_size or set the macro_block_size to 1 (risking incompatibility).
  Eval reward: 5313.5 ± 2395.3
  Eval score: 3162 | Stage: 1.4 | Length: 839
  Eval range: [2997, 8884]
  Video saved: /Users/vmal/Documents/github/rl-game/cracer-simulation/rl/sac/runs/eval_step_590000.mp4

Step 591000/3000000 | Episodes: 824 | FPS: 35
  Mean reward: 4412.7 | Score: 2769 | Stage: 4.4 | Length: 586
  Curriculum: stage 5/10 (ep 205/150) | mean start stage: 4.3
  Q1 loss: 1810.0435 | Q2 loss: 1807.2868 | Policy loss: -493.1941
  Alpha: 0.7288 | Entropy: 0.8622
Step 592000/3000000 | Episodes: 827 | FPS: 35
  Mean reward: 4396.2 | Score: 2758 | Stage: 4.4 | Length: 584
  Curriculum: stage 5/10 (ep 208/150) | mean start stage: 4.3
  Q1 loss: 1455.0957 | Q2 loss: 1465.9288 | Policy loss: -493.2792
  Alpha: 0.7094 | Entropy: 0.8974
Step 593000/3000000 | Episodes: 829 | FPS: 35
  Mean reward: 4415.0 | Score: 2769 | Stage: 4.4 | Length: 587
  Curriculum: stage 5/10 (ep 210/150) | mean start stage: 4.3
  Q1 loss: 505.3012 | Q2 loss: 486.2898 | Policy loss: -489.4241
  Alpha: 0.6955 | Entropy: 0.8811
Step 594000/3000000 | Episodes: 830 | FPS: 35
  Mean reward: 4442.3 | Score: 2788 | Stage: 4.4 | Length: 590
  Curriculum: stage 5/10 (ep 211/150) | mean start stage: 4.3
  Q1 loss: 1653.4067 | Q2 loss: 1681.0794 | Policy loss: -492.0490
  Alpha: 0.6962 | Entropy: 0.8938
Step 595000/3000000 | Episodes: 831 | FPS: 35
  Mean reward: 4201.0 | Score: 2657 | Stage: 4.4 | Length: 569
  Curriculum: stage 5/10 (ep 212/150) | mean start stage: 4.3
  Q1 loss: 1460.0807 | Q2 loss: 1469.9646 | Policy loss: -493.8700
  Alpha: 0.6950 | Entropy: 0.8772
Step 596000/3000000 | Episodes: 833 | FPS: 35
  Mean reward: 4361.6 | Score: 2741 | Stage: 4.4 | Length: 577
  Curriculum: stage 5/10 (ep 214/150) | mean start stage: 4.3
  Q1 loss: 696.2013 | Q2 loss: 712.6955 | Policy loss: -489.4927
  Alpha: 0.6928 | Entropy: 0.8919
Step 597000/3000000 | Episodes: 835 | FPS: 35
  Mean reward: 4347.8 | Score: 2733 | Stage: 4.4 | Length: 574
  Curriculum: stage 5/10 (ep 216/150) | mean start stage: 4.3
  Q1 loss: 664.4687 | Q2 loss: 680.0656 | Policy loss: -492.1484
  Alpha: 0.7138 | Entropy: 0.9037
Step 598000/3000000 | Episodes: 835 | FPS: 35
  Mean reward: 4347.8 | Score: 2733 | Stage: 4.4 | Length: 574
  Curriculum: stage 5/10 (ep 216/150) | mean start stage: 4.3
  Q1 loss: 1108.8702 | Q2 loss: 1087.4363 | Policy loss: -494.5129
  Alpha: 0.6941 | Entropy: 0.8610
Step 599000/3000000 | Episodes: 837 | FPS: 35
  Mean reward: 4319.5 | Score: 2717 | Stage: 4.4 | Length: 573
  Curriculum: stage 5/10 (ep 218/150) | mean start stage: 4.3
  Q1 loss: 987.2273 | Q2 loss: 1010.1517 | Policy loss: -489.1688
  Alpha: 0.6982 | Entropy: 0.8597
Step 600000/3000000 | Episodes: 838 | FPS: 35
  Mean reward: 4321.2 | Score: 2717 | Stage: 4.4 | Length: 573
  Curriculum: stage 5/10 (ep 219/150) | mean start stage: 4.3
  Q1 loss: 4149.0785 | Q2 loss: 4172.9881 | Policy loss: -491.2615
  Alpha: 0.6922 | Entropy: 0.8867

  Running evaluation (10 episodes)...
IMAGEIO FFMPEG_WRITER WARNING: input image is not divisible by macro_block_size=16, resizing from (800, 600) to (800, 608) to ensure video compatibility with most codecs and players. To prevent resizing, make your input image divisible by the macro_block_size or set the macro_block_size to 1 (risking incompatibility).
  Eval reward: 7572.4 ± 4723.9
  Eval score: 4297 | Stage: 1.7 | Length: 1072
  Eval range: [2952, 18842]
  Video saved: /Users/vmal/Documents/github/rl-game/cracer-simulation/rl/sac/runs/eval_step_600000.mp4

Step 601000/3000000 | Episodes: 840 | FPS: 35
  Mean reward: 4327.0 | Score: 2720 | Stage: 4.4 | Length: 573
  Curriculum: stage 5/10 (ep 221/150) | mean start stage: 4.3
  Q1 loss: 2544.8880 | Q2 loss: 2503.7708 | Policy loss: -487.7989
  Alpha: 0.6924 | Entropy: 0.8856
Step 602000/3000000 | Episodes: 842 | FPS: 35
  Mean reward: 4320.2 | Score: 2716 | Stage: 4.4 | Length: 572
  Curriculum: stage 5/10 (ep 223/150) | mean start stage: 4.4
  Q1 loss: 1638.3902 | Q2 loss: 1629.3431 | Policy loss: -491.2574
  Alpha: 0.7184 | Entropy: 0.8714
Step 603000/3000000 | Episodes: 844 | FPS: 35
  Mean reward: 4435.6 | Score: 2774 | Stage: 4.5 | Length: 577
  Curriculum: stage 5/10 (ep 225/150) | mean start stage: 4.4
  Q1 loss: 1191.8413 | Q2 loss: 1178.1030 | Policy loss: -492.5279
  Alpha: 0.7066 | Entropy: 0.8624
Step 604000/3000000 | Episodes: 846 | FPS: 35
  Mean reward: 4429.6 | Score: 2769 | Stage: 4.5 | Length: 576
  Curriculum: stage 5/10 (ep 227/150) | mean start stage: 4.4
  Q1 loss: 1069.9695 | Q2 loss: 1067.5706 | Policy loss: -492.1969
  Alpha: 0.7123 | Entropy: 0.8695
Step 605000/3000000 | Episodes: 848 | FPS: 35
  Mean reward: 4424.6 | Score: 2765 | Stage: 4.5 | Length: 576
  Curriculum: stage 5/10 (ep 229/150) | mean start stage: 4.4
  Q1 loss: 1805.7041 | Q2 loss: 1803.2430 | Policy loss: -491.1836
  Alpha: 0.7014 | Entropy: 0.8720
Step 606000/3000000 | Episodes: 850 | FPS: 35
  Mean reward: 4429.4 | Score: 2768 | Stage: 4.5 | Length: 576
  Curriculum: stage 5/10 (ep 231/150) | mean start stage: 4.4
  Q1 loss: 558.3297 | Q2 loss: 550.7110 | Policy loss: -487.8972
  Alpha: 0.6940 | Entropy: 0.8901
Step 607000/3000000 | Episodes: 851 | FPS: 35
  Mean reward: 4418.2 | Score: 2761 | Stage: 4.5 | Length: 574
  Curriculum: stage 5/10 (ep 232/150) | mean start stage: 4.4
  Q1 loss: 378.7751 | Q2 loss: 367.4096 | Policy loss: -490.6690
  Alpha: 0.6938 | Entropy: 0.8700
Step 608000/3000000 | Episodes: 853 | FPS: 35
  Mean reward: 4477.6 | Score: 2785 | Stage: 4.4 | Length: 578
  Curriculum: stage 5/10 (ep 234/150) | mean start stage: 4.3
  Q1 loss: 2412.1562 | Q2 loss: 2398.8261 | Policy loss: -494.2469
  Alpha: 0.6688 | Entropy: 0.8888
Step 609000/3000000 | Episodes: 855 | FPS: 35
  Mean reward: 4483.7 | Score: 2788 | Stage: 4.5 | Length: 578
  Curriculum: stage 5/10 (ep 236/150) | mean start stage: 4.3
  Q1 loss: 1428.2982 | Q2 loss: 1454.8429 | Policy loss: -491.2429
  Alpha: 0.6819 | Entropy: 0.9011
Step 610000/3000000 | Episodes: 857 | FPS: 35
  Mean reward: 4469.1 | Score: 2779 | Stage: 4.5 | Length: 575
  Curriculum: stage 5/10 (ep 238/150) | mean start stage: 4.4
  Q1 loss: 412.0561 | Q2 loss: 421.5209 | Policy loss: -487.3826
  Alpha: 0.6938 | Entropy: 0.8897

  Running evaluation (10 episodes)...
IMAGEIO FFMPEG_WRITER WARNING: input image is not divisible by macro_block_size=16, resizing from (800, 600) to (800, 608) to ensure video compatibility with most codecs and players. To prevent resizing, make your input image divisible by the macro_block_size or set the macro_block_size to 1 (risking incompatibility).
  Eval reward: 5622.9 ± 2795.1
  Eval score: 3330 | Stage: 1.4 | Length: 878
  Eval range: [3010, 9938]
  Video saved: /Users/vmal/Documents/github/rl-game/cracer-simulation/rl/sac/runs/eval_step_610000.mp4

Step 611000/3000000 | Episodes: 860 | FPS: 28
  Mean reward: 4284.1 | Score: 2678 | Stage: 4.5 | Length: 561
  Curriculum: stage 5/10 (ep 241/150) | mean start stage: 4.4
  Q1 loss: 518.4517 | Q2 loss: 515.5921 | Policy loss: -492.6554
  Alpha: 0.7008 | Entropy: 0.8937
Step 612000/3000000 | Episodes: 862 | FPS: 23
  Mean reward: 4270.9 | Score: 2668 | Stage: 4.5 | Length: 559
  Curriculum: stage 5/10 (ep 243/150) | mean start stage: 4.4
  Q1 loss: 275.6870 | Q2 loss: 296.5648 | Policy loss: -492.1010
  Alpha: 0.6987 | Entropy: 0.8736
Step 613000/3000000 | Episodes: 862 | FPS: 19
  Mean reward: 4270.9 | Score: 2668 | Stage: 4.5 | Length: 559
  Curriculum: stage 5/10 (ep 243/150) | mean start stage: 4.4
  Q1 loss: 1581.8598 | Q2 loss: 1628.1475 | Policy loss: -493.4401
  Alpha: 0.6894 | Entropy: 0.8696
Step 614000/3000000 | Episodes: 862 | FPS: 18
  Mean reward: 4270.9 | Score: 2668 | Stage: 4.5 | Length: 559
  Curriculum: stage 5/10 (ep 243/150) | mean start stage: 4.4
  Q1 loss: 5183.5930 | Q2 loss: 5184.6789 | Policy loss: -486.4546
  Alpha: 0.7058 | Entropy: 0.8852
Step 615000/3000000 | Episodes: 864 | FPS: 17
  Mean reward: 4542.3 | Score: 2814 | Stage: 4.5 | Length: 568
  Curriculum: stage 5/10 (ep 245/150) | mean start stage: 4.4
  Q1 loss: 597.5114 | Q2 loss: 604.2012 | Policy loss: -487.4174
  Alpha: 0.6895 | Entropy: 0.8982
Step 616000/3000000 | Episodes: 866 | FPS: 14
  Mean reward: 4570.0 | Score: 2832 | Stage: 4.5 | Length: 570
  Curriculum: stage 5/10 (ep 247/150) | mean start stage: 4.4
  Q1 loss: 881.4863 | Q2 loss: 867.2714 | Policy loss: -488.6747
  Alpha: 0.6821 | Entropy: 0.8909
Step 617000/3000000 | Episodes: 868 | FPS: 13
  Mean reward: 4566.4 | Score: 2829 | Stage: 4.5 | Length: 570
  Curriculum: stage 5/10 (ep 249/150) | mean start stage: 4.4
  Q1 loss: 1480.6164 | Q2 loss: 1471.8347 | Policy loss: -488.8443
  Alpha: 0.7197 | Entropy: 0.8705
Step 618000/3000000 | Episodes: 868 | FPS: 12
  Mean reward: 4566.4 | Score: 2829 | Stage: 4.5 | Length: 570
  Curriculum: stage 5/10 (ep 249/150) | mean start stage: 4.4
  Q1 loss: 1287.8400 | Q2 loss: 1311.6947 | Policy loss: -488.6582
  Alpha: 0.6939 | Entropy: 0.8689
Step 619000/3000000 | Episodes: 870 | FPS: 11
  Mean reward: 4690.0 | Score: 2889 | Stage: 4.5 | Length: 575
  Curriculum: stage 5/10 (ep 251/150) | mean start stage: 4.4
  Q1 loss: 1507.1080 | Q2 loss: 1493.7418 | Policy loss: -492.6332
  Alpha: 0.6992 | Entropy: 0.8625
Step 620000/3000000 | Episodes: 872 | FPS: 11
  Mean reward: 4709.1 | Score: 2902 | Stage: 4.5 | Length: 578
  Curriculum: stage 5/10 (ep 253/150) | mean start stage: 4.4
  Q1 loss: 2918.2162 | Q2 loss: 2941.6600 | Policy loss: -494.2186
  Alpha: 0.7183 | Entropy: 0.8928

  Running evaluation (10 episodes)...
IMAGEIO FFMPEG_WRITER WARNING: input image is not divisible by macro_block_size=16, resizing from (800, 600) to (800, 608) to ensure video compatibility with most codecs and players. To prevent resizing, make your input image divisible by the macro_block_size or set the macro_block_size to 1 (risking incompatibility).
  Eval reward: 7754.5 ± 5016.2
  Eval score: 4445 | Stage: 1.7 | Length: 1072
  Eval range: [3206, 21041]
  Video saved: /Users/vmal/Documents/github/rl-game/cracer-simulation/rl/sac/runs/eval_step_620000.mp4

Step 621000/3000000 | Episodes: 874 | FPS: 11
  Mean reward: 4683.2 | Score: 2885 | Stage: 4.6 | Length: 575
  Curriculum: stage 5/10 (ep 255/150) | mean start stage: 4.5
  Q1 loss: 1194.8327 | Q2 loss: 1071.9890 | Policy loss: -490.2635
  Alpha: 0.6809 | Entropy: 0.8908
Step 622000/3000000 | Episodes: 875 | FPS: 10
  Mean reward: 4709.1 | Score: 2902 | Stage: 4.5 | Length: 578
  Curriculum: stage 5/10 (ep 256/150) | mean start stage: 4.4
  Q1 loss: 1112.4657 | Q2 loss: 1094.1167 | Policy loss: -489.0222
  Alpha: 0.7041 | Entropy: 0.8658
Step 623000/3000000 | Episodes: 876 | FPS: 10
  Mean reward: 4875.6 | Score: 2988 | Stage: 4.6 | Length: 587
  Curriculum: stage 5/10 (ep 257/150) | mean start stage: 4.4
  Q1 loss: 240.8757 | Q2 loss: 256.8008 | Policy loss: -489.4148
  Alpha: 0.7347 | Entropy: 0.8765
Step 624000/3000000 | Episodes: 879 | FPS: 10
  Mean reward: 4875.6 | Score: 2988 | Stage: 4.6 | Length: 586
  Curriculum: stage 5/10 (ep 260/150) | mean start stage: 4.4
  Q1 loss: 384.4936 | Q2 loss: 384.0063 | Policy loss: -492.6534
  Alpha: 0.7132 | Entropy: 0.8904
Step 625000/3000000 | Episodes: 880 | FPS: 10
  Mean reward: 4884.3 | Score: 2994 | Stage: 4.5 | Length: 587
  Curriculum: stage 5/10 (ep 261/150) | mean start stage: 4.4
  Q1 loss: 782.6264 | Q2 loss: 751.2942 | Policy loss: -492.5420
  Alpha: 0.6913 | Entropy: 0.9191
Step 626000/3000000 | Episodes: 883 | FPS: 10
  Mean reward: 4692.5 | Score: 2891 | Stage: 4.5 | Length: 576
  Curriculum: stage 5/10 (ep 264/150) | mean start stage: 4.4
  Q1 loss: 483.6319 | Q2 loss: 488.2511 | Policy loss: -491.0416
  Alpha: 0.7017 | Entropy: 0.8792
Step 627000/3000000 | Episodes: 885 | FPS: 10
  Mean reward: 4689.3 | Score: 2889 | Stage: 4.5 | Length: 576
  Curriculum: stage 5/10 (ep 266/150) | mean start stage: 4.4
  Q1 loss: 583.0666 | Q2 loss: 593.0863 | Policy loss: -490.2790
  Alpha: 0.7058 | Entropy: 0.8713
Step 628000/3000000 | Episodes: 887 | FPS: 10
  Mean reward: 4623.9 | Score: 2859 | Stage: 4.5 | Length: 572
  Curriculum: stage 5/10 (ep 268/150) | mean start stage: 4.4
  Q1 loss: 2096.0286 | Q2 loss: 2131.0188 | Policy loss: -488.2220
  Alpha: 0.6889 | Entropy: 0.8854
Step 629000/3000000 | Episodes: 889 | FPS: 10
  Mean reward: 4610.8 | Score: 2851 | Stage: 4.5 | Length: 570
  Curriculum: stage 5/10 (ep 270/150) | mean start stage: 4.4
  Q1 loss: 2138.2348 | Q2 loss: 2119.6925 | Policy loss: -488.9647
  Alpha: 0.7314 | Entropy: 0.8783
Step 630000/3000000 | Episodes: 891 | FPS: 10
  Mean reward: 4445.3 | Score: 2763 | Stage: 4.5 | Length: 562
  Curriculum: stage 5/10 (ep 272/150) | mean start stage: 4.4
  Q1 loss: 919.2045 | Q2 loss: 906.7245 | Policy loss: -488.8709
  Alpha: 0.6957 | Entropy: 0.8856

  Running evaluation (10 episodes)...
IMAGEIO FFMPEG_WRITER WARNING: input image is not divisible by macro_block_size=16, resizing from (800, 600) to (800, 608) to ensure video compatibility with most codecs and players. To prevent resizing, make your input image divisible by the macro_block_size or set the macro_block_size to 1 (risking incompatibility).
  Eval reward: 9225.0 ± 4400.8
  Eval score: 5173 | Stage: 1.9 | Length: 1222
  Eval range: [2247, 18954]
  Video saved: /Users/vmal/Documents/github/rl-game/cracer-simulation/rl/sac/runs/eval_step_630000.mp4

  New best eval reward: 9225.0 - saved best_eval.pt
Step 631000/3000000 | Episodes: 893 | FPS: 10
  Mean reward: 4469.9 | Score: 2779 | Stage: 4.5 | Length: 567
  Curriculum: stage 5/10 (ep 274/150) | mean start stage: 4.4
  Q1 loss: 1747.8163 | Q2 loss: 1739.3431 | Policy loss: -490.9477
  Alpha: 0.6953 | Entropy: 0.8859
Step 632000/3000000 | Episodes: 896 | FPS: 10
  Mean reward: 4429.6 | Score: 2754 | Stage: 4.5 | Length: 562
  Curriculum: stage 5/10 (ep 277/150) | mean start stage: 4.4
  Q1 loss: 407.4660 | Q2 loss: 410.3929 | Policy loss: -492.6669
  Alpha: 0.6947 | Entropy: 0.8400
Step 633000/3000000 | Episodes: 898 | FPS: 10
  Mean reward: 4373.2 | Score: 2716 | Stage: 4.5 | Length: 555
  Curriculum: stage 5/10 (ep 279/150) | mean start stage: 4.4
  Q1 loss: 1441.7041 | Q2 loss: 1410.1323 | Policy loss: -494.2925
  Alpha: 0.6750 | Entropy: 0.9017
Step 634000/3000000 | Episodes: 899 | FPS: 10
  Mean reward: 4515.0 | Score: 2790 | Stage: 4.5 | Length: 563
  Curriculum: stage 5/10 (ep 280/150) | mean start stage: 4.4
  Q1 loss: 960.6262 | Q2 loss: 948.4803 | Policy loss: -490.3415
  Alpha: 0.7171 | Entropy: 0.8528
Step 635000/3000000 | Episodes: 900 | FPS: 10
  Mean reward: 4530.4 | Score: 2799 | Stage: 4.5 | Length: 566
  Curriculum: stage 5/10 (ep 281/150) | mean start stage: 4.3
  Q1 loss: 1002.6606 | Q2 loss: 971.2091 | Policy loss: -492.3169
  Alpha: 0.6966 | Entropy: 0.8531
Step 636000/3000000 | Episodes: 903 | FPS: 10
  Mean reward: 4531.5 | Score: 2801 | Stage: 4.4 | Length: 567
  Curriculum: stage 5/10 (ep 284/150) | mean start stage: 4.3
  Q1 loss: 342.3760 | Q2 loss: 355.9950 | Policy loss: -487.7125
  Alpha: 0.7149 | Entropy: 0.8829
Step 637000/3000000 | Episodes: 905 | FPS: 10
  Mean reward: 4528.9 | Score: 2799 | Stage: 4.4 | Length: 566
  Curriculum: stage 5/10 (ep 286/150) | mean start stage: 4.3
  Q1 loss: 1731.2154 | Q2 loss: 1719.7774 | Policy loss: -492.4657
  Alpha: 0.6885 | Entropy: 0.8579
Step 638000/3000000 | Episodes: 906 | FPS: 10
  Mean reward: 4385.8 | Score: 2729 | Stage: 4.4 | Length: 561
  Curriculum: stage 5/10 (ep 287/150) | mean start stage: 4.3
  Q1 loss: 827.7505 | Q2 loss: 869.1801 | Policy loss: -486.8951
  Alpha: 0.7032 | Entropy: 0.8719
Step 639000/3000000 | Episodes: 907 | FPS: 10
  Mean reward: 4408.1 | Score: 2744 | Stage: 4.4 | Length: 564
  Curriculum: stage 5/10 (ep 288/150) | mean start stage: 4.3
  Q1 loss: 800.7264 | Q2 loss: 793.6685 | Policy loss: -488.6029
  Alpha: 0.6874 | Entropy: 0.9109
Step 640000/3000000 | Episodes: 909 | FPS: 10
  Mean reward: 4433.6 | Score: 2760 | Stage: 4.4 | Length: 568
  Curriculum: stage 5/10 (ep 290/150) | mean start stage: 4.3
  Q1 loss: 1509.5708 | Q2 loss: 1649.8183 | Policy loss: -493.6333
  Alpha: 0.6827 | Entropy: 0.8927

  Running evaluation (10 episodes)...
IMAGEIO FFMPEG_WRITER WARNING: input image is not divisible by macro_block_size=16, resizing from (800, 600) to (800, 608) to ensure video compatibility with most codecs and players. To prevent resizing, make your input image divisible by the macro_block_size or set the macro_block_size to 1 (risking incompatibility).
  Eval reward: 7737.6 ± 2459.6
  Eval score: 4333 | Stage: 1.8 | Length: 1071
  Eval range: [3058, 11530]
  Video saved: /Users/vmal/Documents/github/rl-game/cracer-simulation/rl/sac/runs/eval_step_640000.mp4

Step 641000/3000000 | Episodes: 911 | FPS: 10
  Mean reward: 4415.2 | Score: 2746 | Stage: 4.4 | Length: 565
  Curriculum: stage 5/10 (ep 292/150) | mean start stage: 4.3
  Q1 loss: 1380.4226 | Q2 loss: 1406.0147 | Policy loss: -488.4247
  Alpha: 0.7108 | Entropy: 0.8753
Step 642000/3000000 | Episodes: 913 | FPS: 10
  Mean reward: 4413.4 | Score: 2743 | Stage: 4.4 | Length: 566
  Curriculum: stage 5/10 (ep 294/150) | mean start stage: 4.3
  Q1 loss: 2448.0952 | Q2 loss: 2461.7849 | Policy loss: -489.0533
  Alpha: 0.7054 | Entropy: 0.8753
Step 643000/3000000 | Episodes: 915 | FPS: 10
  Mean reward: 4411.4 | Score: 2742 | Stage: 4.4 | Length: 565
  Curriculum: stage 5/10 (ep 296/150) | mean start stage: 4.3
  Q1 loss: 1988.2702 | Q2 loss: 1987.7911 | Policy loss: -488.2191
  Alpha: 0.7210 | Entropy: 0.8674
Step 644000/3000000 | Episodes: 917 | FPS: 10
  Mean reward: 4388.9 | Score: 2726 | Stage: 4.4 | Length: 562
  Curriculum: stage 5/10 (ep 298/150) | mean start stage: 4.3
  Q1 loss: 2195.3460 | Q2 loss: 2217.0968 | Policy loss: -491.0483
  Alpha: 0.7232 | Entropy: 0.8905
Step 645000/3000000 | Episodes: 919 | FPS: 10
  Mean reward: 4387.3 | Score: 2725 | Stage: 4.4 | Length: 562
  Curriculum: stage 5/10 (ep 300/150) | mean start stage: 4.3
  Q1 loss: 1560.3615 | Q2 loss: 1533.6159 | Policy loss: -485.2221
  Alpha: 0.6967 | Entropy: 0.8824
Step 646000/3000000 | Episodes: 921 | FPS: 10
  Mean reward: 4371.8 | Score: 2716 | Stage: 4.4 | Length: 561
  Curriculum: stage 5/10 (ep 302/150) | mean start stage: 4.3
  Q1 loss: 863.5062 | Q2 loss: 862.6957 | Policy loss: -488.0021
  Alpha: 0.6934 | Entropy: 0.8921
Step 647000/3000000 | Episodes: 924 | FPS: 10
  Mean reward: 4376.1 | Score: 2718 | Stage: 4.4 | Length: 561
  Curriculum: stage 5/10 (ep 305/150) | mean start stage: 4.3
  Q1 loss: 883.8320 | Q2 loss: 870.5933 | Policy loss: -491.2755
  Alpha: 0.6969 | Entropy: 0.8757
Step 648000/3000000 | Episodes: 926 | FPS: 10
  Mean reward: 4392.0 | Score: 2726 | Stage: 4.4 | Length: 563
  Curriculum: stage 5/10 (ep 307/150) | mean start stage: 4.3
  Q1 loss: 241.2090 | Q2 loss: 246.2051 | Policy loss: -490.5884
  Alpha: 0.7015 | Entropy: 0.8872
Step 649000/3000000 | Episodes: 928 | FPS: 10
  Mean reward: 4383.5 | Score: 2721 | Stage: 4.4 | Length: 562
  Curriculum: stage 5/10 (ep 309/150) | mean start stage: 4.3
  Q1 loss: 1731.1118 | Q2 loss: 1752.5694 | Policy loss: -492.2644
  Alpha: 0.6970 | Entropy: 0.8880
Step 650000/3000000 | Episodes: 930 | FPS: 10
  Mean reward: 4356.2 | Score: 2704 | Stage: 4.3 | Length: 560
  Curriculum: stage 5/10 (ep 311/150) | mean start stage: 4.2
  Q1 loss: 193.0059 | Q2 loss: 198.0280 | Policy loss: -488.2329
  Alpha: 0.6895 | Entropy: 0.8650

  Running evaluation (10 episodes)...
IMAGEIO FFMPEG_WRITER WARNING: input image is not divisible by macro_block_size=16, resizing from (800, 600) to (800, 608) to ensure video compatibility with most codecs and players. To prevent resizing, make your input image divisible by the macro_block_size or set the macro_block_size to 1 (risking incompatibility).
  Eval reward: 6738.5 ± 2847.5
  Eval score: 3875 | Stage: 1.6 | Length: 989
  Eval range: [3032, 10847]
  Video saved: /Users/vmal/Documents/github/rl-game/cracer-simulation/rl/sac/runs/eval_step_650000.mp4

Step 651000/3000000 | Episodes: 931 | FPS: 10
  Mean reward: 4367.6 | Score: 2712 | Stage: 4.3 | Length: 561
  Curriculum: stage 5/10 (ep 312/150) | mean start stage: 4.2
  Q1 loss: 2004.4439 | Q2 loss: 2084.7232 | Policy loss: -489.5561
  Alpha: 0.6784 | Entropy: 0.8846
Step 652000/3000000 | Episodes: 933 | FPS: 10
  Mean reward: 4217.3 | Score: 2636 | Stage: 4.3 | Length: 555
  Curriculum: stage 5/10 (ep 314/150) | mean start stage: 4.2
  Q1 loss: 597.2588 | Q2 loss: 614.3094 | Policy loss: -490.8148
  Alpha: 0.6841 | Entropy: 0.8757
Step 653000/3000000 | Episodes: 936 | FPS: 10
  Mean reward: 4112.7 | Score: 2579 | Stage: 4.3 | Length: 545
  Curriculum: stage 5/10 (ep 317/150) | mean start stage: 4.2
  Q1 loss: 1641.9030 | Q2 loss: 1644.9059 | Policy loss: -484.6538
  Alpha: 0.6970 | Entropy: 0.8748
Step 654000/3000000 | Episodes: 938 | FPS: 10
  Mean reward: 4086.2 | Score: 2562 | Stage: 4.3 | Length: 541
  Curriculum: stage 5/10 (ep 319/150) | mean start stage: 4.2
  Q1 loss: 1827.4712 | Q2 loss: 1847.1306 | Policy loss: -489.3456
  Alpha: 0.7076 | Entropy: 0.8890
Step 655000/3000000 | Episodes: 939 | FPS: 10
  Mean reward: 4089.0 | Score: 2563 | Stage: 4.3 | Length: 541
  Curriculum: stage 5/10 (ep 320/150) | mean start stage: 4.2
  Q1 loss: 950.3244 | Q2 loss: 942.7253 | Policy loss: -486.0320
  Alpha: 0.7021 | Entropy: 0.8704
Step 656000/3000000 | Episodes: 942 | FPS: 10
  Mean reward: 4106.4 | Score: 2574 | Stage: 4.3 | Length: 544
  Curriculum: stage 5/10 (ep 323/150) | mean start stage: 4.2
  Q1 loss: 921.5013 | Q2 loss: 912.8315 | Policy loss: -489.3824
  Alpha: 0.6880 | Entropy: 0.9041
Step 657000/3000000 | Episodes: 944 | FPS: 10
  Mean reward: 3968.7 | Score: 2502 | Stage: 4.3 | Length: 537
  Curriculum: stage 5/10 (ep 325/150) | mean start stage: 4.2
  Q1 loss: 1087.5555 | Q2 loss: 1143.6223 | Policy loss: -489.9807
  Alpha: 0.7172 | Entropy: 0.8826
Step 658000/3000000 | Episodes: 947 | FPS: 10
  Mean reward: 3952.2 | Score: 2491 | Stage: 4.3 | Length: 534
  Curriculum: stage 5/10 (ep 328/150) | mean start stage: 4.2
  Q1 loss: 448.8375 | Q2 loss: 449.4662 | Policy loss: -483.3794
  Alpha: 0.6913 | Entropy: 0.8905
Step 659000/3000000 | Episodes: 949 | FPS: 10
  Mean reward: 3959.9 | Score: 2496 | Stage: 4.3 | Length: 535
  Curriculum: stage 5/10 (ep 330/150) | mean start stage: 4.2
  Q1 loss: 1213.5726 | Q2 loss: 1213.4326 | Policy loss: -486.9041
  Alpha: 0.7004 | Entropy: 0.8645
Step 660000/3000000 | Episodes: 950 | FPS: 10
  Mean reward: 4039.9 | Score: 2535 | Stage: 4.3 | Length: 541
  Curriculum: stage 5/10 (ep 331/150) | mean start stage: 4.2
  Q1 loss: 2244.3725 | Q2 loss: 2240.2154 | Policy loss: -484.4282
  Alpha: 0.7302 | Entropy: 0.8478

  Running evaluation (10 episodes)...
IMAGEIO FFMPEG_WRITER WARNING: input image is not divisible by macro_block_size=16, resizing from (800, 600) to (800, 608) to ensure video compatibility with most codecs and players. To prevent resizing, make your input image divisible by the macro_block_size or set the macro_block_size to 1 (risking incompatibility).
  Eval reward: 7061.4 ± 2765.0
  Eval score: 4006 | Stage: 1.7 | Length: 1002
  Eval range: [1915, 10108]
  Video saved: /Users/vmal/Documents/github/rl-game/cracer-simulation/rl/sac/runs/eval_step_660000.mp4

Step 661000/3000000 | Episodes: 952 | FPS: 10
  Mean reward: 3962.5 | Score: 2498 | Stage: 4.3 | Length: 534
  Curriculum: stage 5/10 (ep 333/150) | mean start stage: 4.2
  Q1 loss: 1336.0739 | Q2 loss: 1320.4342 | Policy loss: -487.0183
  Alpha: 0.7151 | Entropy: 0.8858
Step 662000/3000000 | Episodes: 954 | FPS: 10
  Mean reward: 3961.1 | Score: 2497 | Stage: 4.3 | Length: 534
  Curriculum: stage 5/10 (ep 335/150) | mean start stage: 4.2
  Q1 loss: 405.0401 | Q2 loss: 400.1916 | Policy loss: -488.1007
  Alpha: 0.6958 | Entropy: 0.8863
Step 663000/3000000 | Episodes: 956 | FPS: 10
  Mean reward: 3950.4 | Score: 2490 | Stage: 4.3 | Length: 532
  Curriculum: stage 5/10 (ep 337/150) | mean start stage: 4.3
  Q1 loss: 986.1631 | Q2 loss: 942.9060 | Policy loss: -485.5520
  Alpha: 0.6957 | Entropy: 0.9109
Step 664000/3000000 | Episodes: 958 | FPS: 10
  Mean reward: 3976.2 | Score: 2506 | Stage: 4.3 | Length: 536
  Curriculum: stage 5/10 (ep 339/150) | mean start stage: 4.3
  Q1 loss: 732.4603 | Q2 loss: 724.5992 | Policy loss: -486.3249
  Alpha: 0.7003 | Entropy: 0.8735
Step 665000/3000000 | Episodes: 960 | FPS: 10
  Mean reward: 4012.5 | Score: 2530 | Stage: 4.3 | Length: 540
  Curriculum: stage 5/10 (ep 341/150) | mean start stage: 4.2
  Q1 loss: 880.5324 | Q2 loss: 868.2382 | Policy loss: -487.9488
  Alpha: 0.7195 | Entropy: 0.8724
Step 666000/3000000 | Episodes: 961 | FPS: 10
  Mean reward: 4009.4 | Score: 2527 | Stage: 4.3 | Length: 540
  Curriculum: stage 5/10 (ep 342/150) | mean start stage: 4.3
  Q1 loss: 1805.6063 | Q2 loss: 1801.4654 | Policy loss: -487.4611
  Alpha: 0.7114 | Entropy: 0.8732
Step 667000/3000000 | Episodes: 963 | FPS: 10
  Mean reward: 3657.3 | Score: 2342 | Stage: 4.3 | Length: 524
  Curriculum: stage 5/10 (ep 344/150) | mean start stage: 4.2
  Q1 loss: 2786.6404 | Q2 loss: 2857.2465 | Policy loss: -485.8356
  Alpha: 0.7106 | Entropy: 0.8887
Step 668000/3000000 | Episodes: 965 | FPS: 10
  Mean reward: 3635.4 | Score: 2327 | Stage: 4.3 | Length: 521
  Curriculum: stage 5/10 (ep 346/150) | mean start stage: 4.2
  Q1 loss: 1180.7160 | Q2 loss: 1246.0833 | Policy loss: -486.8913
  Alpha: 0.6843 | Entropy: 0.8848
Step 669000/3000000 | Episodes: 968 | FPS: 10
  Mean reward: 3626.2 | Score: 2323 | Stage: 4.3 | Length: 520
  Curriculum: stage 5/10 (ep 349/150) | mean start stage: 4.3
  Q1 loss: 383.5830 | Q2 loss: 371.2950 | Policy loss: -484.7054
  Alpha: 0.7076 | Entropy: 0.8507
Step 670000/3000000 | Episodes: 970 | FPS: 10
  Mean reward: 3463.8 | Score: 2235 | Stage: 4.3 | Length: 508
  Curriculum: stage 5/10 (ep 351/150) | mean start stage: 4.3
  Q1 loss: 622.2382 | Q2 loss: 627.9635 | Policy loss: -483.4585
  Alpha: 0.6801 | Entropy: 0.8755

  Running evaluation (10 episodes)...
IMAGEIO FFMPEG_WRITER WARNING: input image is not divisible by macro_block_size=16, resizing from (800, 600) to (800, 608) to ensure video compatibility with most codecs and players. To prevent resizing, make your input image divisible by the macro_block_size or set the macro_block_size to 1 (risking incompatibility).
  Eval reward: 8070.0 ± 2026.4
  Eval score: 4427 | Stage: 1.9 | Length: 1082
  Eval range: [3123, 12012]
  Video saved: /Users/vmal/Documents/github/rl-game/cracer-simulation/rl/sac/runs/eval_step_670000.mp4

Step 671000/3000000 | Episodes: 971 | FPS: 10
  Mean reward: 3467.6 | Score: 2238 | Stage: 4.3 | Length: 510
  Curriculum: stage 5/10 (ep 352/150) | mean start stage: 4.2
  Q1 loss: 1237.8421 | Q2 loss: 1256.1180 | Policy loss: -480.8885
  Alpha: 0.6788 | Entropy: 0.8576
Step 672000/3000000 | Episodes: 971 | FPS: 10
  Mean reward: 3467.6 | Score: 2238 | Stage: 4.3 | Length: 510
  Curriculum: stage 5/10 (ep 352/150) | mean start stage: 4.2
  Q1 loss: 1997.5916 | Q2 loss: 1978.0541 | Policy loss: -482.0566
  Alpha: 0.7058 | Entropy: 0.8586
Step 673000/3000000 | Episodes: 972 | FPS: 10
  Mean reward: 3767.9 | Score: 2394 | Stage: 4.3 | Length: 526
  Curriculum: stage 5/10 (ep 353/150) | mean start stage: 4.2
  Q1 loss: 1384.7059 | Q2 loss: 1374.4935 | Policy loss: -478.0556
  Alpha: 0.7283 | Entropy: 0.8687
Step 674000/3000000 | Episodes: 973 | FPS: 10
  Mean reward: 3904.5 | Score: 2465 | Stage: 4.3 | Length: 534
  Curriculum: stage 5/10 (ep 354/150) | mean start stage: 4.2
  Q1 loss: 2176.5953 | Q2 loss: 2161.6601 | Policy loss: -481.7174
  Alpha: 0.6720 | Entropy: 0.8765
Step 675000/3000000 | Episodes: 976 | FPS: 10
  Mean reward: 3716.6 | Score: 2364 | Stage: 4.3 | Length: 521
  Curriculum: stage 5/10 (ep 357/150) | mean start stage: 4.2
  Q1 loss: 441.1416 | Q2 loss: 409.9815 | Policy loss: -481.9252
  Alpha: 0.6856 | Entropy: 0.8810
Step 676000/3000000 | Episodes: 977 | FPS: 10
  Mean reward: 3724.2 | Score: 2369 | Stage: 4.3 | Length: 524
  Curriculum: stage 5/10 (ep 358/150) | mean start stage: 4.2
  Q1 loss: 2397.2805 | Q2 loss: 2369.3725 | Policy loss: -481.1449
  Alpha: 0.6854 | Entropy: 0.8945
Step 677000/3000000 | Episodes: 980 | FPS: 10
  Mean reward: 3733.8 | Score: 2374 | Stage: 4.2 | Length: 526
  Curriculum: stage 5/10 (ep 361/150) | mean start stage: 4.2
  Q1 loss: 597.3472 | Q2 loss: 631.4800 | Policy loss: -477.7352
  Alpha: 0.6981 | Entropy: 0.8777
Step 678000/3000000 | Episodes: 981 | FPS: 10
  Mean reward: 3709.8 | Score: 2358 | Stage: 4.2 | Length: 523
  Curriculum: stage 5/10 (ep 362/150) | mean start stage: 4.2
  Q1 loss: 805.0188 | Q2 loss: 890.2976 | Policy loss: -478.0825
  Alpha: 0.6667 | Entropy: 0.8800
Step 679000/3000000 | Episodes: 983 | FPS: 10
  Mean reward: 3873.7 | Score: 2443 | Stage: 4.3 | Length: 531
  Curriculum: stage 5/10 (ep 364/150) | mean start stage: 4.2
  Q1 loss: 453.2150 | Q2 loss: 453.9470 | Policy loss: -478.7404
  Alpha: 0.7062 | Entropy: 0.8652
Step 680000/3000000 | Episodes: 985 | FPS: 10
  Mean reward: 3871.4 | Score: 2441 | Stage: 4.3 | Length: 531
  Curriculum: stage 5/10 (ep 366/150) | mean start stage: 4.2
  Q1 loss: 571.1233 | Q2 loss: 558.3710 | Policy loss: -482.4921
  Alpha: 0.7000 | Entropy: 0.8899

  Running evaluation (10 episodes)...
IMAGEIO FFMPEG_WRITER WARNING: input image is not divisible by macro_block_size=16, resizing from (800, 600) to (800, 608) to ensure video compatibility with most codecs and players. To prevent resizing, make your input image divisible by the macro_block_size or set the macro_block_size to 1 (risking incompatibility).
  Eval reward: 8568.7 ± 3997.5
  Eval score: 4735 | Stage: 1.9 | Length: 1134
  Eval range: [2992, 18964]
  Video saved: /Users/vmal/Documents/github/rl-game/cracer-simulation/rl/sac/runs/eval_step_680000.mp4

Step 681000/3000000 | Episodes: 986 | FPS: 10
  Mean reward: 3882.0 | Score: 2449 | Stage: 4.3 | Length: 532
  Curriculum: stage 5/10 (ep 367/150) | mean start stage: 4.2
  Q1 loss: 1801.4588 | Q2 loss: 1805.5221 | Policy loss: -482.1432
  Alpha: 0.6930 | Entropy: 0.8856
Step 682000/3000000 | Episodes: 989 | FPS: 10
  Mean reward: 3880.2 | Score: 2449 | Stage: 4.3 | Length: 532
  Curriculum: stage 5/10 (ep 370/150) | mean start stage: 4.2
  Q1 loss: 1848.7546 | Q2 loss: 1927.0587 | Policy loss: -480.6590
  Alpha: 0.6899 | Entropy: 0.8601
Step 683000/3000000 | Episodes: 991 | FPS: 10
  Mean reward: 3897.9 | Score: 2459 | Stage: 4.3 | Length: 533
  Curriculum: stage 5/10 (ep 372/150) | mean start stage: 4.2
  Q1 loss: 278.6613 | Q2 loss: 285.8906 | Policy loss: -478.6439
  Alpha: 0.7095 | Entropy: 0.8784
Step 684000/3000000 | Episodes: 992 | FPS: 10
  Mean reward: 3918.0 | Score: 2473 | Stage: 4.3 | Length: 535
  Curriculum: stage 5/10 (ep 373/150) | mean start stage: 4.3
  Q1 loss: 1226.7500 | Q2 loss: 1227.2815 | Policy loss: -477.6635
  Alpha: 0.6902 | Entropy: 0.8597
Step 685000/3000000 | Episodes: 994 | FPS: 10
  Mean reward: 3922.1 | Score: 2475 | Stage: 4.3 | Length: 536
  Curriculum: stage 5/10 (ep 375/150) | mean start stage: 4.3
  Q1 loss: 1533.2860 | Q2 loss: 1518.0022 | Policy loss: -478.1306
  Alpha: 0.6912 | Entropy: 0.8748
Step 686000/3000000 | Episodes: 996 | FPS: 10
  Mean reward: 3926.9 | Score: 2478 | Stage: 4.3 | Length: 537
  Curriculum: stage 5/10 (ep 377/150) | mean start stage: 4.2
  Q1 loss: 2232.2836 | Q2 loss: 2268.2843 | Policy loss: -477.6787
  Alpha: 0.7019 | Entropy: 0.8828
Step 687000/3000000 | Episodes: 998 | FPS: 10
  Mean reward: 3960.1 | Score: 2499 | Stage: 4.3 | Length: 542
  Curriculum: stage 5/10 (ep 379/150) | mean start stage: 4.2
  Q1 loss: 1416.7714 | Q2 loss: 1426.8063 | Policy loss: -482.2431
  Alpha: 0.6614 | Entropy: 0.9092
Step 688000/3000000 | Episodes: 1000 | FPS: 10
  Mean reward: 3822.6 | Score: 2429 | Stage: 4.3 | Length: 533
  Curriculum: stage 5/10 (ep 381/150) | mean start stage: 4.2
  Q1 loss: 2994.8234 | Q2 loss: 2951.6908 | Policy loss: -475.4261
  Alpha: 0.6736 | Entropy: 0.8677
Step 689000/3000000 | Episodes: 1002 | FPS: 10
  Mean reward: 3807.9 | Score: 2418 | Stage: 4.3 | Length: 531
  Curriculum: stage 5/10 (ep 383/150) | mean start stage: 4.2
  Q1 loss: 1131.0300 | Q2 loss: 1106.6798 | Policy loss: -478.0875
  Alpha: 0.6733 | Entropy: 0.8632
Step 690000/3000000 | Episodes: 1004 | FPS: 10
  Mean reward: 3824.4 | Score: 2429 | Stage: 4.3 | Length: 534
  Curriculum: stage 5/10 (ep 385/150) | mean start stage: 4.2
  Q1 loss: 374.0393 | Q2 loss: 396.4618 | Policy loss: -476.9605
  Alpha: 0.6911 | Entropy: 0.8612

  Running evaluation (10 episodes)...
IMAGEIO FFMPEG_WRITER WARNING: input image is not divisible by macro_block_size=16, resizing from (800, 600) to (800, 608) to ensure video compatibility with most codecs and players. To prevent resizing, make your input image divisible by the macro_block_size or set the macro_block_size to 1 (risking incompatibility).
  Eval reward: 8637.9 ± 2094.5
  Eval score: 4848 | Stage: 1.9 | Length: 1158
  Eval range: [3198, 11205]
  Video saved: /Users/vmal/Documents/github/rl-game/cracer-simulation/rl/sac/runs/eval_step_690000.mp4

Step 691000/3000000 | Episodes: 1006 | FPS: 10
  Mean reward: 3815.3 | Score: 2422 | Stage: 4.3 | Length: 533
  Curriculum: stage 5/10 (ep 387/150) | mean start stage: 4.2
  Q1 loss: 3959.6316 | Q2 loss: 3852.5093 | Policy loss: -475.2410
  Alpha: 0.6998 | Entropy: 0.8883
Step 692000/3000000 | Episodes: 1008 | FPS: 10
  Mean reward: 3763.2 | Score: 2387 | Stage: 4.3 | Length: 526
  Curriculum: stage 5/10 (ep 389/150) | mean start stage: 4.2
  Q1 loss: 1135.2730 | Q2 loss: 1151.2698 | Policy loss: -477.5708
  Alpha: 0.6986 | Entropy: 0.8812
Step 693000/3000000 | Episodes: 1011 | FPS: 10
  Mean reward: 3729.4 | Score: 2366 | Stage: 4.3 | Length: 521
  Curriculum: stage 5/10 (ep 392/150) | mean start stage: 4.3
  Q1 loss: 1664.9831 | Q2 loss: 1656.5054 | Policy loss: -478.6021
  Alpha: 0.6860 | Entropy: 0.8617
Step 694000/3000000 | Episodes: 1011 | FPS: 10
  Mean reward: 3729.4 | Score: 2366 | Stage: 4.3 | Length: 521
  Curriculum: stage 5/10 (ep 392/150) | mean start stage: 4.3
  Q1 loss: 1266.5045 | Q2 loss: 1252.3663 | Policy loss: -474.4760
  Alpha: 0.6867 | Entropy: 0.8927
Step 695000/3000000 | Episodes: 1013 | FPS: 10
  Mean reward: 3876.2 | Score: 2445 | Stage: 4.3 | Length: 530
  Curriculum: stage 5/10 (ep 394/150) | mean start stage: 4.3
  Q1 loss: 4238.7049 | Q2 loss: 4211.9987 | Policy loss: -478.7943
  Alpha: 0.6795 | Entropy: 0.9044
Step 696000/3000000 | Episodes: 1014 | FPS: 9
  Mean reward: 3875.0 | Score: 2444 | Stage: 4.3 | Length: 530
  Curriculum: stage 5/10 (ep 395/150) | mean start stage: 4.3
  Q1 loss: 2465.3935 | Q2 loss: 2499.1585 | Policy loss: -477.3271
  Alpha: 0.6640 | Entropy: 0.8873
Step 697000/3000000 | Episodes: 1017 | FPS: 9
  Mean reward: 3899.4 | Score: 2461 | Stage: 4.3 | Length: 533
  Curriculum: stage 5/10 (ep 398/150) | mean start stage: 4.3
  Q1 loss: 1153.9582 | Q2 loss: 1158.1664 | Policy loss: -477.5454
  Alpha: 0.7000 | Entropy: 0.9038
Step 698000/3000000 | Episodes: 1019 | FPS: 9
  Mean reward: 3912.5 | Score: 2469 | Stage: 4.4 | Length: 535
  Curriculum: stage 5/10 (ep 400/150) | mean start stage: 4.3
  Q1 loss: 1254.1110 | Q2 loss: 1256.2630 | Policy loss: -480.0967
  Alpha: 0.7052 | Entropy: 0.8731
Step 699000/3000000 | Episodes: 1021 | FPS: 9
  Mean reward: 3899.2 | Score: 2460 | Stage: 4.4 | Length: 533
  Curriculum: stage 5/10 (ep 402/150) | mean start stage: 4.3
  Q1 loss: 585.0212 | Q2 loss: 592.8722 | Policy loss: -474.8778
  Alpha: 0.6932 | Entropy: 0.8950
Step 700000/3000000 | Episodes: 1023 | FPS: 9
  Mean reward: 3915.5 | Score: 2470 | Stage: 4.4 | Length: 535
  Curriculum: stage 5/10 (ep 404/150) | mean start stage: 4.3
  Q1 loss: 1269.3659 | Q2 loss: 1272.9863 | Policy loss: -477.3635
  Alpha: 0.6915 | Entropy: 0.8747

  Running evaluation (10 episodes)...
IMAGEIO FFMPEG_WRITER WARNING: input image is not divisible by macro_block_size=16, resizing from (800, 600) to (800, 608) to ensure video compatibility with most codecs and players. To prevent resizing, make your input image divisible by the macro_block_size or set the macro_block_size to 1 (risking incompatibility).
  Eval reward: 7842.4 ± 2345.2
  Eval score: 4388 | Stage: 1.8 | Length: 1102
  Eval range: [3130, 10791]
  Video saved: /Users/vmal/Documents/github/rl-game/cracer-simulation/rl/sac/runs/eval_step_700000.mp4

Step 701000/3000000 | Episodes: 1024 | FPS: 9
  Mean reward: 3930.0 | Score: 2479 | Stage: 4.3 | Length: 538
  Curriculum: stage 5/10 (ep 405/150) | mean start stage: 4.3
  Q1 loss: 1311.1740 | Q2 loss: 1247.7858 | Policy loss: -477.6329
  Alpha: 0.7254 | Entropy: 0.8841
Step 702000/3000000 | Episodes: 1026 | FPS: 9
  Mean reward: 3943.9 | Score: 2489 | Stage: 4.3 | Length: 540
  Curriculum: stage 5/10 (ep 407/150) | mean start stage: 4.3
  Q1 loss: 2794.2064 | Q2 loss: 2815.9272 | Policy loss: -477.6178
  Alpha: 0.6804 | Entropy: 0.9052
Step 703000/3000000 | Episodes: 1028 | FPS: 8
  Mean reward: 3948.4 | Score: 2491 | Stage: 4.3 | Length: 540
  Curriculum: stage 5/10 (ep 409/150) | mean start stage: 4.3
  Q1 loss: 1116.4523 | Q2 loss: 1128.7154 | Policy loss: -478.7075
  Alpha: 0.6873 | Entropy: 0.9245
Step 704000/3000000 | Episodes: 1030 | FPS: 8
  Mean reward: 3956.9 | Score: 2496 | Stage: 4.4 | Length: 541
  Curriculum: stage 5/10 (ep 411/150) | mean start stage: 4.3
  Q1 loss: 2131.0741 | Q2 loss: 2146.4915 | Policy loss: -478.4786
  Alpha: 0.6802 | Entropy: 0.8764
Step 705000/3000000 | Episodes: 1032 | FPS: 8
  Mean reward: 3922.8 | Score: 2472 | Stage: 4.3 | Length: 537
  Curriculum: stage 5/10 (ep 413/150) | mean start stage: 4.3
  Q1 loss: 1113.8453 | Q2 loss: 1110.8473 | Policy loss: -479.2242
  Alpha: 0.6907 | Entropy: 0.8636
Step 706000/3000000 | Episodes: 1034 | FPS: 8
  Mean reward: 3937.6 | Score: 2483 | Stage: 4.4 | Length: 538
  Curriculum: stage 5/10 (ep 415/150) | mean start stage: 4.3
  Q1 loss: 672.0928 | Q2 loss: 688.4555 | Policy loss: -478.0717
  Alpha: 0.6830 | Entropy: 0.8726
Step 707000/3000000 | Episodes: 1035 | FPS: 8
  Mean reward: 3974.8 | Score: 2507 | Stage: 4.4 | Length: 543
  Curriculum: stage 5/10 (ep 416/150) | mean start stage: 4.3
  Q1 loss: 1461.3493 | Q2 loss: 1442.1327 | Policy loss: -479.1055
  Alpha: 0.6868 | Entropy: 0.9034
Step 708000/3000000 | Episodes: 1038 | FPS: 8
  Mean reward: 3965.6 | Score: 2501 | Stage: 4.4 | Length: 542
  Curriculum: stage 5/10 (ep 419/150) | mean start stage: 4.3
  Q1 loss: 1958.7654 | Q2 loss: 1946.5968 | Policy loss: -476.2863
  Alpha: 0.6811 | Entropy: 0.8568
Step 709000/3000000 | Episodes: 1039 | FPS: 8
  Mean reward: 3953.7 | Score: 2493 | Stage: 4.4 | Length: 541
  Curriculum: stage 5/10 (ep 420/150) | mean start stage: 4.3
  Q1 loss: 1957.7617 | Q2 loss: 1943.8330 | Policy loss: -472.4805
  Alpha: 0.7039 | Entropy: 0.8765
Step 710000/3000000 | Episodes: 1039 | FPS: 8
  Mean reward: 3953.7 | Score: 2493 | Stage: 4.4 | Length: 541
  Curriculum: stage 5/10 (ep 420/150) | mean start stage: 4.3
  Q1 loss: 1766.8277 | Q2 loss: 1781.4012 | Policy loss: -481.8129
  Alpha: 0.6868 | Entropy: 0.8456

  Running evaluation (10 episodes)...
IMAGEIO FFMPEG_WRITER WARNING: input image is not divisible by macro_block_size=16, resizing from (800, 600) to (800, 608) to ensure video compatibility with most codecs and players. To prevent resizing, make your input image divisible by the macro_block_size or set the macro_block_size to 1 (risking incompatibility).
  Eval reward: 7334.1 ± 3152.7
  Eval score: 4182 | Stage: 1.7 | Length: 1033
  Eval range: [2026, 10985]
  Video saved: /Users/vmal/Documents/github/rl-game/cracer-simulation/rl/sac/runs/eval_step_710000.mp4

Step 711000/3000000 | Episodes: 1040 | FPS: 8
  Mean reward: 4163.7 | Score: 2602 | Stage: 4.4 | Length: 557
  Curriculum: stage 5/10 (ep 421/150) | mean start stage: 4.3
  Q1 loss: 404.7080 | Q2 loss: 433.2932 | Policy loss: -475.4903
  Alpha: 0.6762 | Entropy: 0.8942
Step 712000/3000000 | Episodes: 1041 | FPS: 7
  Mean reward: 4169.2 | Score: 2606 | Stage: 4.4 | Length: 557
  Curriculum: stage 5/10 (ep 422/150) | mean start stage: 4.3
  Q1 loss: 1507.2416 | Q2 loss: 1506.9772 | Policy loss: -476.0776
  Alpha: 0.6736 | Entropy: 0.8812
Step 713000/3000000 | Episodes: 1044 | FPS: 7
  Mean reward: 4215.7 | Score: 2636 | Stage: 4.4 | Length: 563
  Curriculum: stage 5/10 (ep 425/150) | mean start stage: 4.3
  Q1 loss: 4610.9265 | Q2 loss: 4501.7843 | Policy loss: -480.0605
  Alpha: 0.6760 | Entropy: 0.9023
Step 714000/3000000 | Episodes: 1046 | FPS: 7
  Mean reward: 4215.2 | Score: 2635 | Stage: 4.4 | Length: 563
  Curriculum: stage 5/10 (ep 427/150) | mean start stage: 4.3
  Q1 loss: 286.4375 | Q2 loss: 306.4639 | Policy loss: -478.9134
  Alpha: 0.7056 | Entropy: 0.8863
Step 715000/3000000 | Episodes: 1049 | FPS: 7
  Mean reward: 4198.2 | Score: 2624 | Stage: 4.4 | Length: 562
  Curriculum: stage 5/10 (ep 430/150) | mean start stage: 4.3
  Q1 loss: 667.3052 | Q2 loss: 669.0700 | Policy loss: -475.8918
  Alpha: 0.6863 | Entropy: 0.8846
Step 716000/3000000 | Episodes: 1051 | FPS: 7
  Mean reward: 4111.4 | Score: 2580 | Stage: 4.4 | Length: 555
  Curriculum: stage 5/10 (ep 432/150) | mean start stage: 4.3
  Q1 loss: 1452.8009 | Q2 loss: 1448.3345 | Policy loss: -478.9434
  Alpha: 0.6986 | Entropy: 0.9103
Step 717000/3000000 | Episodes: 1054 | FPS: 7
  Mean reward: 4088.0 | Score: 2566 | Stage: 4.4 | Length: 552
  Curriculum: stage 5/10 (ep 435/150) | mean start stage: 4.3
  Q1 loss: 579.0987 | Q2 loss: 614.6915 | Policy loss: -474.7859
  Alpha: 0.6712 | Entropy: 0.8750
Step 718000/3000000 | Episodes: 1055 | FPS: 7
  Mean reward: 4089.3 | Score: 2567 | Stage: 4.4 | Length: 552
  Curriculum: stage 5/10 (ep 436/150) | mean start stage: 4.3
  Q1 loss: 339.2438 | Q2 loss: 323.0892 | Policy loss: -474.2218
  Alpha: 0.6831 | Entropy: 0.8675
Step 719000/3000000 | Episodes: 1057 | FPS: 7
  Mean reward: 4091.0 | Score: 2569 | Stage: 4.4 | Length: 553
  Curriculum: stage 5/10 (ep 438/150) | mean start stage: 4.3
  Q1 loss: 916.1301 | Q2 loss: 921.7529 | Policy loss: -473.1124
  Alpha: 0.6828 | Entropy: 0.8829
Step 720000/3000000 | Episodes: 1058 | FPS: 7
  Mean reward: 4118.5 | Score: 2587 | Stage: 4.4 | Length: 556
  Curriculum: stage 5/10 (ep 439/150) | mean start stage: 4.3
  Q1 loss: 503.5367 | Q2 loss: 474.5432 | Policy loss: -478.5720
  Alpha: 0.7029 | Entropy: 0.8433

  Running evaluation (10 episodes)...
IMAGEIO FFMPEG_WRITER WARNING: input image is not divisible by macro_block_size=16, resizing from (800, 600) to (800, 608) to ensure video compatibility with most codecs and players. To prevent resizing, make your input image divisible by the macro_block_size or set the macro_block_size to 1 (risking incompatibility).
  Eval reward: 7219.4 ± 2962.2
  Eval score: 4081 | Stage: 1.7 | Length: 1029
  Eval range: [2392, 10507]
  Video saved: /Users/vmal/Documents/github/rl-game/cracer-simulation/rl/sac/runs/eval_step_720000.mp4

Step 721000/3000000 | Episodes: 1059 | FPS: 6
  Mean reward: 4267.0 | Score: 2665 | Stage: 4.4 | Length: 565
  Curriculum: stage 5/10 (ep 440/150) | mean start stage: 4.3
  Q1 loss: 1060.6138 | Q2 loss: 1061.9675 | Policy loss: -474.0144
  Alpha: 0.6606 | Entropy: 0.9016
Step 722000/3000000 | Episodes: 1061 | FPS: 6
  Mean reward: 4252.4 | Score: 2656 | Stage: 4.4 | Length: 564
  Curriculum: stage 5/10 (ep 442/150) | mean start stage: 4.3
  Q1 loss: 2160.0979 | Q2 loss: 2184.0055 | Policy loss: -476.1241
  Alpha: 0.7024 | Entropy: 0.8669
Step 723000/3000000 | Episodes: 1063 | FPS: 6
  Mean reward: 4234.1 | Score: 2644 | Stage: 4.4 | Length: 562
  Curriculum: stage 5/10 (ep 444/150) | mean start stage: 4.3
  Q1 loss: 592.7258 | Q2 loss: 602.9446 | Policy loss: -475.0256
  Alpha: 0.7107 | Entropy: 0.8358
Step 724000/3000000 | Episodes: 1065 | FPS: 6
  Mean reward: 4246.9 | Score: 2652 | Stage: 4.4 | Length: 563
  Curriculum: stage 5/10 (ep 446/150) | mean start stage: 4.3
  Q1 loss: 1916.3589 | Q2 loss: 1887.5824 | Policy loss: -473.8315
  Alpha: 0.6744 | Entropy: 0.9054
Step 725000/3000000 | Episodes: 1067 | FPS: 6
  Mean reward: 4234.6 | Score: 2642 | Stage: 4.4 | Length: 562
  Curriculum: stage 5/10 (ep 448/150) | mean start stage: 4.3
  Q1 loss: 1836.2157 | Q2 loss: 1840.3609 | Policy loss: -481.0884
  Alpha: 0.7156 | Entropy: 0.8807
Step 726000/3000000 | Episodes: 1069 | FPS: 6
  Mean reward: 4271.0 | Score: 2665 | Stage: 4.3 | Length: 568
  Curriculum: stage 5/10 (ep 450/150) | mean start stage: 4.3
  Q1 loss: 1140.4428 | Q2 loss: 1170.5002 | Policy loss: -474.2908
  Alpha: 0.6916 | Entropy: 0.8811
Step 727000/3000000 | Episodes: 1071 | FPS: 6
  Mean reward: 4255.3 | Score: 2655 | Stage: 4.4 | Length: 565
  Curriculum: stage 5/10 (ep 452/150) | mean start stage: 4.3
  Q1 loss: 726.8778 | Q2 loss: 737.7671 | Policy loss: -480.2675
  Alpha: 0.6878 | Entropy: 0.8522
Step 728000/3000000 | Episodes: 1072 | FPS: 6
  Mean reward: 3948.3 | Score: 2494 | Stage: 4.4 | Length: 547
  Curriculum: stage 5/10 (ep 453/150) | mean start stage: 4.3
  Q1 loss: 1869.4651 | Q2 loss: 1856.9749 | Policy loss: -478.0998
  Alpha: 0.6727 | Entropy: 0.8741
Step 729000/3000000 | Episodes: 1074 | FPS: 5
  Mean reward: 3896.4 | Score: 2465 | Stage: 4.3 | Length: 547
  Curriculum: stage 5/10 (ep 455/150) | mean start stage: 4.3
  Q1 loss: 229.8363 | Q2 loss: 227.2772 | Policy loss: -474.4865
  Alpha: 0.6723 | Entropy: 0.8593
Step 730000/3000000 | Episodes: 1076 | FPS: 5
  Mean reward: 3926.6 | Score: 2484 | Stage: 4.3 | Length: 550
  Curriculum: stage 5/10 (ep 457/150) | mean start stage: 4.3
  Q1 loss: 1385.4881 | Q2 loss: 1345.3573 | Policy loss: -473.5132
  Alpha: 0.6996 | Entropy: 0.9089

  Running evaluation (10 episodes)...
IMAGEIO FFMPEG_WRITER WARNING: input image is not divisible by macro_block_size=16, resizing from (800, 600) to (800, 608) to ensure video compatibility with most codecs and players. To prevent resizing, make your input image divisible by the macro_block_size or set the macro_block_size to 1 (risking incompatibility).
  Eval reward: 7717.7 ± 2208.0
  Eval score: 4296 | Stage: 1.8 | Length: 1078
  Eval range: [2937, 9751]
  Video saved: /Users/vmal/Documents/github/rl-game/cracer-simulation/rl/sac/runs/eval_step_730000.mp4

Step 731000/3000000 | Episodes: 1077 | FPS: 5
  Mean reward: 3941.9 | Score: 2495 | Stage: 4.4 | Length: 551
  Curriculum: stage 5/10 (ep 458/150) | mean start stage: 4.3
  Q1 loss: 1655.3899 | Q2 loss: 1668.5698 | Policy loss: -474.8155
  Alpha: 0.6938 | Entropy: 0.8623
Step 732000/3000000 | Episodes: 1078 | FPS: 5
  Mean reward: 4075.7 | Score: 2563 | Stage: 4.4 | Length: 559
  Curriculum: stage 5/10 (ep 459/150) | mean start stage: 4.3
  Q1 loss: 1651.0043 | Q2 loss: 1624.1006 | Policy loss: -481.7300
  Alpha: 0.6876 | Entropy: 0.8624
Step 733000/3000000 | Episodes: 1080 | FPS: 5
  Mean reward: 4091.3 | Score: 2573 | Stage: 4.4 | Length: 560
  Curriculum: stage 5/10 (ep 461/150) | mean start stage: 4.3
  Q1 loss: 805.5972 | Q2 loss: 797.8203 | Policy loss: -476.4207
  Alpha: 0.6647 | Entropy: 0.8694
Step 734000/3000000 | Episodes: 1081 | FPS: 4
  Mean reward: 4112.0 | Score: 2589 | Stage: 4.4 | Length: 563
  Curriculum: stage 5/10 (ep 462/150) | mean start stage: 4.3
  Q1 loss: 2191.7967 | Q2 loss: 2200.7745 | Policy loss: -477.6227
  Alpha: 0.7003 | Entropy: 0.8687
Step 735000/3000000 | Episodes: 1083 | FPS: 4
  Mean reward: 3974.3 | Score: 2520 | Stage: 4.4 | Length: 558
  Curriculum: stage 5/10 (ep 464/150) | mean start stage: 4.3
  Q1 loss: 1096.3667 | Q2 loss: 1097.2608 | Policy loss: -476.4825
  Alpha: 0.6960 | Entropy: 0.8810
Step 736000/3000000 | Episodes: 1085 | FPS: 4
  Mean reward: 4003.5 | Score: 2540 | Stage: 4.4 | Length: 562
  Curriculum: stage 5/10 (ep 466/150) | mean start stage: 4.3
  Q1 loss: 475.3231 | Q2 loss: 482.1921 | Policy loss: -477.9258
  Alpha: 0.6819 | Entropy: 0.8705
Step 737000/3000000 | Episodes: 1087 | FPS: 4
  Mean reward: 3980.3 | Score: 2523 | Stage: 4.5 | Length: 557
  Curriculum: stage 5/10 (ep 468/150) | mean start stage: 4.4
  Q1 loss: 2254.8511 | Q2 loss: 2164.5521 | Policy loss: -474.2232
  Alpha: 0.6606 | Entropy: 0.9154
Step 738000/3000000 | Episodes: 1089 | FPS: 4
  Mean reward: 3998.2 | Score: 2534 | Stage: 4.4 | Length: 560
  Curriculum: stage 5/10 (ep 470/150) | mean start stage: 4.4
  Q1 loss: 1348.4569 | Q2 loss: 1323.7113 | Policy loss: -476.1540
  Alpha: 0.7064 | Entropy: 0.8751
Step 739000/3000000 | Episodes: 1090 | FPS: 4
  Mean reward: 4005.3 | Score: 2539 | Stage: 4.5 | Length: 561
  Curriculum: stage 5/10 (ep 471/150) | mean start stage: 4.4
  Q1 loss: 811.9760 | Q2 loss: 786.2787 | Policy loss: -473.4042
  Alpha: 0.7058 | Entropy: 0.8621
Step 740000/3000000 | Episodes: 1092 | FPS: 4
  Mean reward: 4008.3 | Score: 2541 | Stage: 4.5 | Length: 561
  Curriculum: stage 5/10 (ep 473/150) | mean start stage: 4.4
  Q1 loss: 899.0209 | Q2 loss: 878.9071 | Policy loss: -476.2112
  Alpha: 0.6830 | Entropy: 0.9035

  Running evaluation (10 episodes)...
IMAGEIO FFMPEG_WRITER WARNING: input image is not divisible by macro_block_size=16, resizing from (800, 600) to (800, 608) to ensure video compatibility with most codecs and players. To prevent resizing, make your input image divisible by the macro_block_size or set the macro_block_size to 1 (risking incompatibility).
  Eval reward: 8429.5 ± 2062.7
  Eval score: 4647 | Stage: 1.9 | Length: 1170
  Eval range: [3151, 11186]
  Video saved: /Users/vmal/Documents/github/rl-game/cracer-simulation/rl/sac/runs/eval_step_740000.mp4

Step 741000/3000000 | Episodes: 1094 | FPS: 4
  Mean reward: 4001.4 | Score: 2536 | Stage: 4.5 | Length: 559
  Curriculum: stage 5/10 (ep 475/150) | mean start stage: 4.4
  Q1 loss: 1175.5599 | Q2 loss: 1210.3998 | Policy loss: -471.6488
  Alpha: 0.6638 | Entropy: 0.8768
Step 742000/3000000 | Episodes: 1094 | FPS: 4
  Mean reward: 4001.4 | Score: 2536 | Stage: 4.5 | Length: 559
  Curriculum: stage 5/10 (ep 475/150) | mean start stage: 4.4
  Q1 loss: 896.8725 | Q2 loss: 893.7116 | Policy loss: -478.1528
  Alpha: 0.6803 | Entropy: 0.8865
Step 743000/3000000 | Episodes: 1096 | FPS: 4
  Mean reward: 4165.7 | Score: 2625 | Stage: 4.5 | Length: 570
  Curriculum: stage 5/10 (ep 477/150) | mean start stage: 4.4
  Q1 loss: 4875.0918 | Q2 loss: 4841.0104 | Policy loss: -473.0111
  Alpha: 0.6745 | Entropy: 0.8991
Step 744000/3000000 | Episodes: 1098 | FPS: 4
  Mean reward: 4142.7 | Score: 2609 | Stage: 4.5 | Length: 567
  Curriculum: stage 5/10 (ep 479/150) | mean start stage: 4.4
  Q1 loss: 1252.1392 | Q2 loss: 1243.7802 | Policy loss: -472.5995
  Alpha: 0.6913 | Entropy: 0.8565
Step 745000/3000000 | Episodes: 1100 | FPS: 4
  Mean reward: 4151.0 | Score: 2616 | Stage: 4.5 | Length: 569
  Curriculum: stage 5/10 (ep 481/150) | mean start stage: 4.4
  Q1 loss: 271.8944 | Q2 loss: 289.4790 | Policy loss: -475.0298
  Alpha: 0.6957 | Entropy: 0.8784
Step 746000/3000000 | Episodes: 1102 | FPS: 4
  Mean reward: 4176.2 | Score: 2632 | Stage: 4.5 | Length: 573
  Curriculum: stage 5/10 (ep 483/150) | mean start stage: 4.4
  Q1 loss: 490.5880 | Q2 loss: 524.6948 | Policy loss: -475.6817
  Alpha: 0.6618 | Entropy: 0.8748
Step 747000/3000000 | Episodes: 1104 | FPS: 4
  Mean reward: 4174.0 | Score: 2631 | Stage: 4.5 | Length: 571
  Curriculum: stage 5/10 (ep 485/150) | mean start stage: 4.4
  Q1 loss: 1515.9660 | Q2 loss: 1515.1215 | Policy loss: -479.7933
  Alpha: 0.6919 | Entropy: 0.8665
Step 748000/3000000 | Episodes: 1105 | FPS: 4
  Mean reward: 4175.6 | Score: 2632 | Stage: 4.5 | Length: 571
  Curriculum: stage 5/10 (ep 486/150) | mean start stage: 4.4
  Q1 loss: 2192.9665 | Q2 loss: 2104.1230 | Policy loss: -475.7710
  Alpha: 0.7002 | Entropy: 0.8844
Step 749000/3000000 | Episodes: 1107 | FPS: 4
  Mean reward: 4175.7 | Score: 2632 | Stage: 4.5 | Length: 571
  Curriculum: stage 5/10 (ep 488/150) | mean start stage: 4.4
  Q1 loss: 991.7313 | Q2 loss: 991.2519 | Policy loss: -475.1547
  Alpha: 0.6694 | Entropy: 0.9061
Step 750000/3000000 | Episodes: 1109 | FPS: 4
  Mean reward: 4197.4 | Score: 2647 | Stage: 4.5 | Length: 575
  Curriculum: stage 5/10 (ep 490/150) | mean start stage: 4.4
  Q1 loss: 1497.9800 | Q2 loss: 1506.8355 | Policy loss: -475.5363
  Alpha: 0.6600 | Entropy: 0.9048

  Running evaluation (10 episodes)...
IMAGEIO FFMPEG_WRITER WARNING: input image is not divisible by macro_block_size=16, resizing from (800, 600) to (800, 608) to ensure video compatibility with most codecs and players. To prevent resizing, make your input image divisible by the macro_block_size or set the macro_block_size to 1 (risking incompatibility).
  Eval reward: 8307.7 ± 5036.4
  Eval score: 4634 | Stage: 1.8 | Length: 1125
  Eval range: [2827, 21585]
  Video saved: /Users/vmal/Documents/github/rl-game/cracer-simulation/rl/sac/runs/eval_step_750000.mp4

Step 751000/3000000 | Episodes: 1111 | FPS: 3
  Mean reward: 4222.2 | Score: 2662 | Stage: 4.5 | Length: 577
  Curriculum: stage 5/10 (ep 492/150) | mean start stage: 4.4
  Q1 loss: 474.9252 | Q2 loss: 475.2127 | Policy loss: -476.5553
  Alpha: 0.6804 | Entropy: 0.8584
Step 752000/3000000 | Episodes: 1112 | FPS: 3
  Mean reward: 4090.3 | Score: 2593 | Stage: 4.5 | Length: 570
  Curriculum: stage 5/10 (ep 493/150) | mean start stage: 4.4
  Q1 loss: 434.9134 | Q2 loss: 436.5864 | Policy loss: -478.4607
  Alpha: 0.7079 | Entropy: 0.8864
Step 753000/3000000 | Episodes: 1114 | FPS: 3
  Mean reward: 4151.6 | Score: 2620 | Stage: 4.5 | Length: 574
  Curriculum: stage 5/10 (ep 495/150) | mean start stage: 4.4
  Q1 loss: 688.7941 | Q2 loss: 765.6744 | Policy loss: -477.9430
  Alpha: 0.6767 | Entropy: 0.8773
Step 754000/3000000 | Episodes: 1115 | FPS: 3
  Mean reward: 4130.6 | Score: 2606 | Stage: 4.4 | Length: 572
  Curriculum: stage 5/10 (ep 496/150) | mean start stage: 4.3
  Q1 loss: 1804.7087 | Q2 loss: 1820.0278 | Policy loss: -474.7207
  Alpha: 0.6934 | Entropy: 0.8710
Step 755000/3000000 | Episodes: 1117 | FPS: 3
  Mean reward: 4168.6 | Score: 2632 | Stage: 4.4 | Length: 578
  Curriculum: stage 5/10 (ep 498/150) | mean start stage: 4.4
  Q1 loss: 711.1581 | Q2 loss: 719.0250 | Policy loss: -477.1394
  Alpha: 0.6803 | Entropy: 0.8797
Step 756000/3000000 | Episodes: 1119 | FPS: 3
  Mean reward: 4159.9 | Score: 2627 | Stage: 4.4 | Length: 577
  Curriculum: stage 5/10 (ep 500/150) | mean start stage: 4.3
  Q1 loss: 1525.8498 | Q2 loss: 1544.4167 | Policy loss: -475.5116
  Alpha: 0.7035 | Entropy: 0.8664
Step 757000/3000000 | Episodes: 1120 | FPS: 3
  Mean reward: 4153.1 | Score: 2622 | Stage: 4.4 | Length: 576
  Curriculum: stage 5/10 (ep 501/150) | mean start stage: 4.3
  Q1 loss: 378.6128 | Q2 loss: 325.7714 | Policy loss: -474.4881
  Alpha: 0.6751 | Entropy: 0.9060
Step 758000/3000000 | Episodes: 1122 | FPS: 3
  Mean reward: 4240.3 | Score: 2668 | Stage: 4.4 | Length: 584
  Curriculum: stage 5/10 (ep 503/150) | mean start stage: 4.4
  Q1 loss: 244.9262 | Q2 loss: 232.3424 | Policy loss: -474.1971
  Alpha: 0.6982 | Entropy: 0.8782
Step 759000/3000000 | Episodes: 1123 | FPS: 3
  Mean reward: 4255.7 | Score: 2678 | Stage: 4.4 | Length: 587
  Curriculum: stage 5/10 (ep 504/150) | mean start stage: 4.3
  Q1 loss: 1059.4004 | Q2 loss: 1119.5779 | Policy loss: -473.1787
  Alpha: 0.6974 | Entropy: 0.8741
Step 760000/3000000 | Episodes: 1125 | FPS: 3
  Mean reward: 4217.7 | Score: 2654 | Stage: 4.4 | Length: 582
  Curriculum: stage 5/10 (ep 506/150) | mean start stage: 4.3
  Q1 loss: 1562.7489 | Q2 loss: 1550.9280 | Policy loss: -476.9773
  Alpha: 0.6855 | Entropy: 0.8763

  Running evaluation (10 episodes)...
IMAGEIO FFMPEG_WRITER WARNING: input image is not divisible by macro_block_size=16, resizing from (800, 600) to (800, 608) to ensure video compatibility with most codecs and players. To prevent resizing, make your input image divisible by the macro_block_size or set the macro_block_size to 1 (risking incompatibility).
  Eval reward: 7556.9 ± 4496.3
  Eval score: 4268 | Stage: 1.7 | Length: 1056
  Eval range: [2530, 18282]
  Video saved: /Users/vmal/Documents/github/rl-game/cracer-simulation/rl/sac/runs/eval_step_760000.mp4

Step 761000/3000000 | Episodes: 1127 | FPS: 3
  Mean reward: 4243.9 | Score: 2671 | Stage: 4.4 | Length: 585
  Curriculum: stage 5/10 (ep 508/150) | mean start stage: 4.3
  Q1 loss: 1652.2011 | Q2 loss: 1638.2804 | Policy loss: -479.2414
  Alpha: 0.6774 | Entropy: 0.8791
Step 762000/3000000 | Episodes: 1129 | FPS: 3
  Mean reward: 4268.9 | Score: 2688 | Stage: 4.4 | Length: 586
  Curriculum: stage 5/10 (ep 510/150) | mean start stage: 4.3
  Q1 loss: 469.7805 | Q2 loss: 449.2548 | Policy loss: -474.0413
  Alpha: 0.6880 | Entropy: 0.9026
Step 763000/3000000 | Episodes: 1129 | FPS: 3
  Mean reward: 4268.9 | Score: 2688 | Stage: 4.4 | Length: 586
  Curriculum: stage 5/10 (ep 510/150) | mean start stage: 4.3
  Q1 loss: 1764.3112 | Q2 loss: 1711.9243 | Policy loss: -479.4158
  Alpha: 0.6884 | Entropy: 0.8915
Step 764000/3000000 | Episodes: 1130 | FPS: 3
  Mean reward: 4413.5 | Score: 2764 | Stage: 4.4 | Length: 596
  Curriculum: stage 5/10 (ep 511/150) | mean start stage: 4.3
  Q1 loss: 1669.2978 | Q2 loss: 1662.2155 | Policy loss: -476.7945
  Alpha: 0.6879 | Entropy: 0.8642
Step 765000/3000000 | Episodes: 1132 | FPS: 3
  Mean reward: 4441.5 | Score: 2783 | Stage: 4.4 | Length: 599
  Curriculum: stage 5/10 (ep 513/150) | mean start stage: 4.3
  Q1 loss: 784.7253 | Q2 loss: 815.8506 | Policy loss: -474.3556
  Alpha: 0.7064 | Entropy: 0.8670
Step 766000/3000000 | Episodes: 1133 | FPS: 3
  Mean reward: 4453.3 | Score: 2791 | Stage: 4.4 | Length: 602
  Curriculum: stage 5/10 (ep 514/150) | mean start stage: 4.3
  Q1 loss: 680.6083 | Q2 loss: 700.0955 | Policy loss: -476.3630
  Alpha: 0.6674 | Entropy: 0.9001
Step 767000/3000000 | Episodes: 1134 | FPS: 3
  Mean reward: 4564.1 | Score: 2848 | Stage: 4.4 | Length: 610
  Curriculum: stage 5/10 (ep 515/150) | mean start stage: 4.3
  Q1 loss: 929.7630 | Q2 loss: 920.4781 | Policy loss: -470.8620
  Alpha: 0.6967 | Entropy: 0.8913
Step 768000/3000000 | Episodes: 1137 | FPS: 2
  Mean reward: 4516.6 | Score: 2816 | Stage: 4.4 | Length: 603
  Curriculum: stage 5/10 (ep 518/150) | mean start stage: 4.3
  Q1 loss: 327.9364 | Q2 loss: 328.7146 | Policy loss: -472.6095
  Alpha: 0.6693 | Entropy: 0.8865
Step 769000/3000000 | Episodes: 1139 | FPS: 2
  Mean reward: 4522.8 | Score: 2821 | Stage: 4.4 | Length: 604
  Curriculum: stage 5/10 (ep 520/150) | mean start stage: 4.3
  Q1 loss: 2436.9146 | Q2 loss: 2425.2692 | Policy loss: -476.7280
  Alpha: 0.6905 | Entropy: 0.8746
Step 770000/3000000 | Episodes: 1139 | FPS: 2
  Mean reward: 4522.8 | Score: 2821 | Stage: 4.4 | Length: 604
  Curriculum: stage 5/10 (ep 520/150) | mean start stage: 4.3
  Q1 loss: 934.7751 | Q2 loss: 1059.0132 | Policy loss: -472.8496
  Alpha: 0.6746 | Entropy: 0.8830

  Running evaluation (10 episodes)...
IMAGEIO FFMPEG_WRITER WARNING: input image is not divisible by macro_block_size=16, resizing from (800, 600) to (800, 608) to ensure video compatibility with most codecs and players. To prevent resizing, make your input image divisible by the macro_block_size or set the macro_block_size to 1 (risking incompatibility).
  Eval reward: 8899.1 ± 3423.5
  Eval score: 4836 | Stage: 2.0 | Length: 1173
  Eval range: [3795, 18205]
  Video saved: /Users/vmal/Documents/github/rl-game/cracer-simulation/rl/sac/runs/eval_step_770000.mp4

Step 771000/3000000 | Episodes: 1141 | FPS: 2
  Mean reward: 4464.7 | Score: 2791 | Stage: 4.4 | Length: 594
  Curriculum: stage 5/10 (ep 522/150) | mean start stage: 4.3
  Q1 loss: 2712.6351 | Q2 loss: 2656.7933 | Policy loss: -475.3560
  Alpha: 0.7046 | Entropy: 0.8852
Step 772000/3000000 | Episodes: 1143 | FPS: 2
  Mean reward: 4431.0 | Score: 2769 | Stage: 4.4 | Length: 590
  Curriculum: stage 5/10 (ep 524/150) | mean start stage: 4.3
  Q1 loss: 183.6954 | Q2 loss: 183.6819 | Policy loss: -474.3217
  Alpha: 0.7032 | Entropy: 0.8762
Step 773000/3000000 | Episodes: 1145 | FPS: 2
  Mean reward: 4444.3 | Score: 2777 | Stage: 4.4 | Length: 592
  Curriculum: stage 5/10 (ep 526/150) | mean start stage: 4.3
  Q1 loss: 927.5581 | Q2 loss: 966.4399 | Policy loss: -473.6664
  Alpha: 0.6825 | Entropy: 0.8697
Step 774000/3000000 | Episodes: 1147 | FPS: 2
  Mean reward: 4470.9 | Score: 2795 | Stage: 4.4 | Length: 595
  Curriculum: stage 5/10 (ep 528/150) | mean start stage: 4.3
  Q1 loss: 461.8329 | Q2 loss: 462.5136 | Policy loss: -476.1741
  Alpha: 0.6888 | Entropy: 0.9031
Step 775000/3000000 | Episodes: 1149 | FPS: 2
  Mean reward: 4488.3 | Score: 2806 | Stage: 4.4 | Length: 598
  Curriculum: stage 5/10 (ep 530/150) | mean start stage: 4.3
  Q1 loss: 1793.6563 | Q2 loss: 1807.0879 | Policy loss: -471.4563
  Alpha: 0.6963 | Entropy: 0.9075
Step 776000/3000000 | Episodes: 1149 | FPS: 2
  Mean reward: 4488.3 | Score: 2806 | Stage: 4.4 | Length: 598
  Curriculum: stage 5/10 (ep 530/150) | mean start stage: 4.3
  Q1 loss: 589.9822 | Q2 loss: 582.9223 | Policy loss: -469.6796
  Alpha: 0.6800 | Entropy: 0.8751
Step 777000/3000000 | Episodes: 1150 | FPS: 2
  Mean reward: 4640.5 | Score: 2888 | Stage: 4.4 | Length: 607
  Curriculum: stage 5/10 (ep 531/150) | mean start stage: 4.3
  Q1 loss: 2845.2195 | Q2 loss: 2882.7897 | Policy loss: -471.9577
  Alpha: 0.6863 | Entropy: 0.8640
Step 778000/3000000 | Episodes: 1152 | FPS: 2
  Mean reward: 4750.5 | Score: 2947 | Stage: 4.4 | Length: 619
  Curriculum: stage 5/10 (ep 533/150) | mean start stage: 4.3
  Q1 loss: 2896.0842 | Q2 loss: 3028.6661 | Policy loss: -469.8440
  Alpha: 0.6917 | Entropy: 0.8554
Step 779000/3000000 | Episodes: 1153 | FPS: 2
  Mean reward: 4760.2 | Score: 2953 | Stage: 4.4 | Length: 621
  Curriculum: stage 5/10 (ep 534/150) | mean start stage: 4.3
  Q1 loss: 702.8219 | Q2 loss: 718.4404 | Policy loss: -474.5984
  Alpha: 0.7028 | Entropy: 0.8852
Step 780000/3000000 | Episodes: 1155 | FPS: 2
  Mean reward: 4798.8 | Score: 2979 | Stage: 4.4 | Length: 627
  Curriculum: stage 5/10 (ep 536/150) | mean start stage: 4.3
  Q1 loss: 1413.5571 | Q2 loss: 1447.0167 | Policy loss: -473.7719
  Alpha: 0.6770 | Entropy: 0.8643

  Running evaluation (10 episodes)...
IMAGEIO FFMPEG_WRITER WARNING: input image is not divisible by macro_block_size=16, resizing from (800, 600) to (800, 608) to ensure video compatibility with most codecs and players. To prevent resizing, make your input image divisible by the macro_block_size or set the macro_block_size to 1 (risking incompatibility).
  Eval reward: 7101.2 ± 1925.7
  Eval score: 3863 | Stage: 1.8 | Length: 973
  Eval range: [3258, 8698]
  Video saved: /Users/vmal/Documents/github/rl-game/cracer-simulation/rl/sac/runs/eval_step_780000.mp4

Step 781000/3000000 | Episodes: 1157 | FPS: 2
  Mean reward: 4791.8 | Score: 2973 | Stage: 4.3 | Length: 626
  Curriculum: stage 5/10 (ep 538/150) | mean start stage: 4.2
  Q1 loss: 499.5658 | Q2 loss: 504.4130 | Policy loss: -470.5114
  Alpha: 0.6768 | Entropy: 0.8920
