timestep,episodes,mean_reward,mean_score,mean_stage,mean_length,q1_loss,q2_loss,policy_loss,alpha,entropy,eval_stage1_mean_stage,eval_stage1_mean_reward,eval_stage3_mean_stage,eval_stage3_mean_reward,eval_stage5_mean_stage,eval_stage5_mean_reward,eval_overall_mean_stage,eval_overall_mean_reward
1000,1,1513.2940666693605,1208.8124421153893,1.0,641.0,0,0,0,0.19999998807907104,0,,,,,,,,
2000,3,1633.5577676261403,1308.8322313862207,1.0,632.6666666666666,0,0,0,0.19999998807907104,0,,,,,,,,
3000,4,1629.3014072857593,1252.3919775814968,1.0,629.75,0,0,0,0.19999998807907104,0,,,,,,,,
4000,6,1750.1341763555108,1309.7925190168164,1.0,658.5,0,0,0,0.19999998807907104,0,,,,,,,,
5000,7,1804.3760064624482,1372.3285941559582,1.0,659.7142857142857,204.2118320465088,203.46524810791016,-0.6187310814857483,0.19988051056861877,0.7917510271072388,,,,,,,,
6000,7,1804.3760064624482,1372.3285941559582,1.0,659.7142857142857,484.63764051914217,485.94258654117584,-38.41915740966797,0.13834421336650848,0.6474611067771912,,,,,,,,
7000,8,2753.609114700712,1880.8895759752545,1.125,771.125,603.5969058036804,603.1522884511947,-78.4130776977539,0.1767261028289795,0.4167106121778488,,,,,,,,
8000,9,3600.5054503840697,2343.3583862123874,1.2222222222222223,855.5555555555555,541.710035700798,542.2061711025239,-119.75561561584473,0.2772964835166931,0.5133797129988671,,,,,,,,
9000,9,3600.5054503840697,2343.3583862123874,1.2222222222222223,855.5555555555555,502.0534609222412,508.2736766242981,-164.56766357421876,0.3613012433052063,0.5196647074818611,,,,,,,,
10000,11,4078.7961461100845,2584.682771996939,1.2727272727272727,882.9090909090909,606.9782360076904,611.1280570030212,-211.1580780029297,0.4249781370162964,0.5228146329522133,,,,,,,,
11000,12,4042.8393236884426,2580.627259864588,1.25,879.75,422.0045949935913,428.18491077423096,-252.03278686523439,0.46772587299346924,0.5470920684933662,,,,,,,,
12000,14,3737.81155803422,2415.725989682146,1.2142857142857142,845.6428571428571,402.3831085205078,405.87705615997316,-291.88828125,0.5453410744667053,0.5399304103851318,,,,,,,,
13000,15,3598.5758535881705,2339.8141809345343,1.2,826.6666666666666,191.49724254608154,191.02988830566406,-326.26907928466795,0.5512495040893555,0.5545792624354362,,,,,,,,
14000,16,3930.769843320588,2533.829863072158,1.25,873.75,250.03417098999023,252.84103103637696,-359.93980590820314,0.6009403467178345,0.5326691117882728,,,,,,,,
15000,17,3787.1230443206346,2454.3592407937936,1.2352941176470589,860.0588235294117,120.4177603149414,113.66674301147461,-387.02711975097657,0.609754204750061,0.5514255994558335,,,,,,,,
16000,18,3705.0317869480914,2415.087728431883,1.2222222222222223,848.8888888888889,143.88580318450929,146.82903121948243,-415.7268572998047,0.6388130187988281,0.5467195618152618,,,,,,,,
17000,20,3774.5646489590827,2442.4939802951185,1.25,849.05,275.475982170105,275.2994256210327,-441.73529296875,0.6569344401359558,0.5515126293897629,,,,,,,,
18000,21,3660.762426392984,2384.9712045146043,1.2380952380952381,826.6666666666666,260.4188138961792,259.36642501831057,-470.6047915649414,0.7290208339691162,0.5433345201611519,,,,,,,,
19000,22,3675.3171937800853,2389.209971438797,1.2272727272727273,824.2727272727273,286.2394355392456,290.9382526397705,-500.12858306884766,0.7430038452148438,0.5475461807847023,,,,,,,,
20000,23,3884.4576370683853,2508.2495408077743,1.2608695652173914,845.4347826086956,238.8254647064209,243.68307571411134,-523.4596231079101,0.7220542430877686,0.5493239378929138,,,,,,,,
21000,25,3723.4781736259088,2421.642440911359,1.24,817.68,269.06283500671384,286.302986869812,-537.8243594360351,0.7273802757263184,0.5303626850247383,,,,,,,,
22000,27,3675.819309740752,2402.259401975245,1.2222222222222223,810.2962962962963,249.71516487121582,241.34381843566894,-553.6156060791016,0.7483869791030884,0.5558271181583404,,,,,,,,
23000,28,3625.5892712418927,2368.2828361167626,1.2142857142857142,804.5357142857143,278.9438573455811,284.33037841796875,-568.3607678222656,0.7707840800285339,0.5445982733368874,,,,,,,,
24000,29,3735.4362182515224,2426.7620204390355,1.2413793103448276,811.6551724137931,320.7539348602295,323.98583045959475,-576.9678088378906,0.766931414604187,0.5444379225373268,,,,,,,,
25000,30,3656.6272578972903,2383.0424008167934,1.2333333333333334,805.0333333333333,206.72762725830077,205.35149978637696,-585.6395251464844,0.7371125221252441,0.537101323902607,,,,,,,,
26000,31,3872.3792797579144,2502.702935362653,1.2580645161290323,832.9677419354839,273.92149887084963,277.28447471618654,-590.7201623535157,0.7047199010848999,0.5586910352110863,,,,,,,,
27000,32,3797.211647471399,2461.215379487894,1.25,824.75,227.96180015563965,236.581395111084,-595.71498046875,0.7851516008377075,0.5542521518468857,,,,,,,,
28000,34,3714.7827815169567,2417.946362668799,1.2352941176470589,813.9411764705883,233.17656951904297,224.93019180297853,-600.1807092285156,0.8049779534339905,0.5449232906103134,,,,,,,,
29000,36,3647.6409603945485,2380.764843288009,1.2222222222222223,801.4166666666666,252.91788513183593,241.07864143371583,-611.434691772461,0.8199723362922668,0.5411379536986352,,,,,,,,
30000,37,3662.228475568839,2388.282935995026,1.2162162162162162,805.027027027027,186.42941871643066,184.71919715881347,-613.2468719482422,0.8048156499862671,0.5485950809717178,,,,,,,,
31000,38,3665.679692820832,2387.221941923148,1.2105263157894737,803.8684210526316,211.68746109008788,209.65239669799806,-626.9339025878907,0.8571605682373047,0.5347898694872856,,,,,,,,
32000,38,3665.679692820832,2387.221941923148,1.2105263157894737,803.8684210526316,240.28373779296874,232.80328300476074,-631.9480902099609,0.8302561044692993,0.5663581240177155,,,,,,,,
33000,39,3784.909644322279,2449.9490325122865,1.2307692307692308,820.6666666666666,254.57089973449706,253.7136260986328,-637.2852105712891,0.8169844746589661,0.5615627852082252,,,,,,,,
34000,39,3784.909644322279,2449.9490325122865,1.2307692307692308,820.6666666666666,739.5154779815674,731.0592166137695,-640.138461303711,0.8298033475875854,0.5300407239794731,,,,,,,,
35000,40,4144.551166005816,2653.638042140701,1.275,861.775,223.16446617126465,226.1235386657715,-644.8188079833984,0.8061802387237549,0.5454623186588288,,,,,,,,
36000,41,4204.507417776342,2680.7301167476653,1.2926829268292683,866.0,802.8977713012696,762.0709999847412,-648.2021960449218,0.8230278491973877,0.5427887439727783,,,,,,,,
37000,42,4276.468998674293,2721.0584976020336,1.3095238095238095,875.3333333333334,394.48057826995847,384.71025413513183,-660.9354351806641,0.8177011609077454,0.5575899851322174,,,,,,,,
38000,42,4276.468998674293,2721.0584976020336,1.3095238095238095,875.3333333333334,310.35920204162596,317.60529083251953,-662.3990625,0.8235381841659546,0.5564497673511505,,,,,,,,
39000,43,4405.653862281579,2796.869790074571,1.3255813953488371,892.5581395348837,175.65341491699218,172.63311477661134,-662.6315856933594,0.8144095540046692,0.5516897997260094,,,,,,,,
40000,44,4381.166000553083,2780.7720377199353,1.3181818181818181,889.5681818181819,390.1154480743408,368.5386911010742,-669.2065307617188,0.8549312353134155,0.5527614957094192,,,,,,,,
41000,45,4439.470578389794,2816.1989009431927,1.3333333333333333,892.6888888888889,379.32734970092775,390.27935470581053,-674.9735778808594,0.8538435697555542,0.5388566988706589,,,,,,,,
42000,46,4531.696860444413,2870.172337653681,1.3478260869565217,906.1086956521739,337.3625831604004,344.3095715332031,-681.3290625,0.8660223484039307,0.5484124040603637,,,,,,,,
43000,47,4458.6333109292855,2829.4244653154615,1.3404255319148937,898.8936170212766,417.00394622802736,411.0816848754883,-682.0756286621094,0.8745314478874207,0.5343631654977798,,,,,,,,
44000,48,4439.914258029763,2817.8878497067585,1.3333333333333333,901.0208333333334,290.1034279632568,282.36865043640137,-681.9707208251953,0.8950609564781189,0.5409284871816635,,,,,,,,
45000,49,4486.1823520435055,2843.9902076030367,1.346938775510204,905.1428571428571,406.9855401611328,391.22697158813475,-684.6485168457032,0.8827366232872009,0.54451775431633,,,,,,,,
46000,50,4470.654786046146,2838.4377394645517,1.34,904.18,411.6567510223389,436.05178176879883,-687.0944177246093,0.8827261924743652,0.5346588230133057,,,,,,,,
47000,52,4420.084105721192,2814.032328664515,1.3269230769230769,899.0576923076923,299.88936004638674,291.383334274292,-688.2842657470703,0.9075869917869568,0.5558781099319458,,,,,,,,
48000,54,4355.895180754344,2780.2133102423536,1.3148148148148149,888.7592592592592,287.8953670501709,297.4337882232666,-692.1499676513672,0.9108895063400269,0.545164667069912,,,,,,,,
49000,55,4315.534436328236,2758.335177859563,1.309090909090909,883.1636363636363,321.02413269042967,299.14208206176755,-693.311489868164,0.9169575572013855,0.5451145640015602,,,,,,,,
50000,56,4290.778171330965,2746.8588078535117,1.3035714285714286,879.25,327.0412329101562,320.73430068969725,-698.0185064697266,0.9391753673553467,0.5468842542171478,,,,,,,,
51000,57,4395.848218997476,2809.946096310872,1.3157894736842106,889.6491228070175,301.59055641174314,318.471661529541,-707.3933642578126,0.9268069863319397,0.5483541670441627,,,,,,,,
52000,58,4380.150091813606,2803.158188344796,1.3103448275862069,889.1896551724138,329.05031211853026,315.95333221435544,-706.6902685546875,0.958113968372345,0.5456787753105163,,,,,,,,
53000,59,4368.966443348485,2794.942779430251,1.305084745762712,888.0338983050848,415.7830372619629,414.6466874694824,-710.6852416992188,0.9734628796577454,0.5558507439494133,,,,,,,,
54000,61,4344.424819230856,2777.326689129692,1.2950819672131149,883.4754098360655,239.22367095947266,233.7750968170166,-713.105474243164,0.9630703330039978,0.5451577621698379,,,,,,,,
55000,62,4301.744233998824,2753.721484508058,1.2903225806451613,878.516129032258,284.6205415344238,281.95532287597655,-717.7512805175782,0.9824177622795105,0.5495526865124702,,,,,,,,
56000,63,4287.070160422008,2743.696591604913,1.2857142857142858,876.3333333333334,498.0450872039795,503.6715858459473,-718.032314453125,1.0023003816604614,0.5420995199680329,,,,,,,,
57000,64,4349.174062170714,2778.78967444343,1.296875,883.46875,429.7962056732178,433.7874626159668,-721.6730639648438,1.0062167644500732,0.560674041211605,,,,,,,,
58000,65,4311.042203325982,2757.9941531589866,1.2923076923076924,878.8153846153846,443.2111935424805,453.10483489990236,-721.0075024414062,1.0084656476974487,0.552170589864254,,,,,,,,
59000,66,4297.008042956678,2751.79983944763,1.2878787878787878,880.3636363636364,459.07870429992676,465.0538789367676,-723.3496661376953,0.992576539516449,0.5443328875303268,,,,,,,,
60000,67,4372.158744456946,2791.433513701689,1.2985074626865671,890.6716417910447,592.989884185791,551.4737377929688,-722.8531463623046,0.9656001329421997,0.5443807184696198,,,,,,,,
61000,68,4417.654602098345,2816.8271461973486,1.3088235294117647,894.8088235294117,318.93559860229493,321.15698127746583,-715.5842309570312,0.9734172821044922,0.5396153226494789,,,,,,,,
62000,70,4367.789078418908,2789.1675639224495,1.3,885.5142857142857,662.246303024292,649.712976989746,-715.6429779052735,0.995922327041626,0.5513001680374146,,,,,,,,
63000,71,4353.980778039604,2779.705075144323,1.295774647887324,884.6056338028169,372.150368270874,385.8946771240234,-720.0503985595703,0.988736093044281,0.5393926927447319,,,,,,,,
64000,72,4317.335158689453,2759.532657785415,1.2916666666666667,880.9444444444445,475.4059120941162,431.7860688781738,-718.6068670654297,0.9970455765724182,0.5600208279490471,,,,,,,,
65000,73,4353.688955061531,2781.050399167279,1.3013698630136987,883.6849315068494,325.9263369750977,325.7261957550049,-716.8796746826172,0.9878771305084229,0.5548174601793289,,,,,,,,
66000,75,4298.206043328427,2748.8230224334975,1.2933333333333332,875.84,497.68658447265625,520.568158569336,-712.5784838867188,0.9872658252716064,0.5445979642868042,,,,,,,,
67000,77,4263.320806925482,2731.883181945276,1.2857142857142858,870.025974025974,345.32419296264646,356.9740668487549,-708.3644342041016,0.9698989391326904,0.5483778876066208,,,,,,,,
68000,77,4263.320806925482,2731.883181945276,1.2857142857142858,870.025974025974,398.48376007080077,410.6950564575195,-710.236875,0.9823492169380188,0.5514425253868103,,,,,,,,
69000,79,4295.219372177471,2745.1701490725136,1.2911392405063291,871.9493670886076,524.1895928955078,524.4985372924805,-707.1845068359376,0.9730294346809387,0.5521070319414139,,,,,,,,
70000,80,4287.035364082435,2739.2043191137973,1.2875,870.8125,344.5445957946777,290.70820068359376,-700.74990234375,0.9760176539421082,0.5448780459165573,,,,,,,,
71000,81,4328.666420584337,2759.6631087794785,1.2962962962962963,874.0246913580247,306.65611923217773,300.80289558410647,-705.3587799072266,0.9779350161552429,0.553172976076603,,,,,,,,
72000,82,4318.743948082347,2752.614457782631,1.2926829268292683,872.6463414634146,426.76663009643556,507.7274756622314,-701.8806939697265,1.007667899131775,0.541283605992794,,,,,,,,
73000,82,4318.743948082347,2752.614457782631,1.2926829268292683,872.6463414634146,439.305679473877,453.26885971069333,-701.4669018554688,0.9830014109611511,0.5454953336715698,,,,,,,,
74000,84,4369.854848973579,2778.5471123636444,1.2976190476190477,878.8095238095239,431.27530128479003,489.5990756225586,-699.7219610595703,1.0021668672561646,0.5370588251948356,,,,,,,,
75000,84,4369.854848973579,2778.5471123636444,1.2976190476190477,878.8095238095239,553.8937558746338,473.155034866333,-698.5962164306641,0.9900425672531128,0.5587639749050141,,,,,,,,
76000,85,4417.723986814936,2805.6279943419095,1.3058823529411765,884.8352941176471,602.4472400665284,555.5758158874512,-692.3865850830078,0.9849953055381775,0.5536045581102371,,,,,,,,
77000,86,4467.939382331241,2829.1631232995046,1.313953488372093,889.5581395348837,552.9725866699218,533.8760333251953,-687.0670251464844,0.9776086807250977,0.5542991882562638,,,,,,,,
78000,86,4467.939382331241,2829.1631232995046,1.313953488372093,889.5581395348837,523.2707516479492,568.2852365112304,-681.8489593505859,0.9596980214118958,0.5462605854868889,,,,,,,,
79000,87,4526.152285354064,2863.349928317687,1.3218390804597702,897.8390804597701,383.460097579956,349.0896083831787,-684.275361328125,0.9527589678764343,0.5500000241398811,,,,,,,,
80000,88,4550.608022342622,2877.2413765202623,1.3295454545454546,900.5113636363636,597.8990148162842,641.2260317993164,-680.4136877441406,0.9276595711708069,0.5675992769002914,,,,,,,,
81000,89,4581.564005887822,2894.7941481772714,1.3370786516853932,904.438202247191,535.2587454986573,552.1550592803956,-678.1745318603515,0.9922789335250854,0.5411848309636116,,,,,,,,
82000,90,4573.309914582415,2891.873611639987,1.3333333333333333,903.7111111111111,434.25802810668944,439.0532763671875,-675.5745892333985,0.9355932474136353,0.552897471189499,,,,,,,,
83000,91,4602.335871548783,2909.253073256582,1.3406593406593406,906.1758241758242,439.1732218170166,432.1814225769043,-667.9717199707031,0.9489709734916687,0.560743301808834,,,,,,,,
84000,92,4645.158891161922,2931.6950327719114,1.3478260869565217,911.5760869565217,408.49332023620605,373.48254898071286,-668.9837420654297,0.959723174571991,0.5563832014799118,,,,,,,,
85000,93,4622.61288145001,2917.6137903718195,1.3440860215053763,908.9032258064516,357.90699241638185,322.30739669799806,-672.1675286865234,0.9632807970046997,0.5440674674510956,,,,,,,,
86000,94,4612.1650740083005,2910.7844255561754,1.3404255319148937,907.1595744680851,397.18284919738767,378.83497497558596,-668.0842041015625,0.936538815498352,0.5550391668081284,,,,,,,,
87000,94,4612.1650740083005,2910.7844255561754,1.3404255319148937,907.1595744680851,341.0057932281494,349.1516581726074,-672.4628533935547,0.938572108745575,0.5427186334133148,,,,,,,,
88000,96,4711.978181180097,2969.461662587047,1.3541666666666667,915.8541666666666,497.75718353271486,436.9002798461914,-669.7985424804688,0.889987051486969,0.5557763403654099,,,,,,,,
89000,97,4693.169405229853,2959.549064663611,1.3505154639175259,913.020618556701,389.69752716064454,405.02864883422853,-673.3683813476563,0.9150791764259338,0.5505601006746292,,,,,,,,
90000,98,4672.521789788053,2948.6126425267084,1.346938775510204,910.0408163265306,488.29668601989744,377.6433396911621,-668.6374127197265,0.9094341993331909,0.545939659178257,,,,,,,,
91000,99,4704.894641798355,2962.612365999878,1.3535353535353536,912.3636363636364,508.7754383087158,526.1929400634766,-672.8209252929687,0.9082464575767517,0.5540207353234291,,,,,,,,
92000,100,4754.9349669743915,2991.8682697108143,1.36,919.53,399.7971482086182,388.5285417175293,-668.6251202392579,0.9130731821060181,0.5455856543779373,,,,,,,,
93000,101,4778.353944612192,3003.613035240209,1.36,921.13,578.0617010498047,588.5124502563476,-671.328359375,0.918760359287262,0.5486949738860131,,,,,,,,
94000,102,4787.326570355189,3008.8822927564433,1.36,920.93,465.9261902618408,395.30101669311523,-662.8651568603516,0.9052313566207886,0.5440765780210495,,,,,,,,
95000,103,4802.301777312527,3014.7641247351658,1.36,922.98,472.4335876464844,500.2076204681396,-662.1740002441406,0.9156892895698547,0.5491697770357132,,,,,,,,
96000,104,4823.511936875712,3027.230623051069,1.36,924.98,588.184951171875,577.2501965332032,-658.624638671875,0.9156950116157532,0.5568471956253052,,,,,,,,
97000,105,4871.977322666809,3053.2739705637,1.37,927.42,465.1638928222656,395.2797428131104,-658.6477185058594,0.9075666666030884,0.5586364442110061,,,,,,,,
98000,105,4871.977322666809,3053.2739705637,1.37,927.42,672.789764099121,881.6075093078613,-655.493812866211,0.915492832660675,0.5476610466837883,,,,,,,,
99000,106,5021.662224161542,3136.2635310484143,1.39,942.76,556.4563255310059,678.6677430725098,-653.7005676269531,0.8912217020988464,0.5429137018322945,,,,,,,,
100000,108,4978.803804453808,3109.576477699344,1.38,936.4,377.6084666442871,440.05292152404786,-654.7441241455078,0.9050811529159546,0.5479978623986245,,,,,,,,
101000,108,4978.803804453808,3109.576477699344,1.38,936.4,396.8922120666504,416.7390316772461,-654.7661212158204,0.8897046446800232,0.5569908654689789,,,,,,,,
102000,110,4903.242740547354,3071.4119418507516,1.37,927.64,490.14435440063477,423.58161720275876,-653.6179345703125,0.9077574014663696,0.5395320039987564,,,,,,,,
103000,111,4945.474364185809,3094.5895962501077,1.38,931.45,342.60791786193846,366.44366149902345,-653.1146337890625,0.8741635084152222,0.5413479697704315,,,,,,,,
104000,111,4945.474364185809,3094.5895962501077,1.38,931.45,392.5793408966064,403.28936073303225,-649.8000506591796,0.9009851217269897,0.5544000151753425,,,,,,,,
105000,112,5005.395784998448,3123.2836747048646,1.39,939.03,371.4901589202881,312.90844665527345,-652.3496569824218,0.912488579750061,0.5609834697842598,,,,,,,,
106000,113,5058.089439709812,3150.1896417678677,1.4,943.93,378.16933769226074,363.5939197540283,-652.0235186767578,0.8944052457809448,0.5528308033943177,,,,,,,,
107000,114,5061.496701701386,3152.3880221950294,1.4,943.21,396.2175979614258,298.6446122741699,-645.2050073242187,0.8888220191001892,0.5506426739692688,,,,,,,,
108000,115,5114.248785476684,3179.1690605427452,1.41,948.54,278.93257720947264,315.74901458740237,-646.2443212890626,0.8860560655593872,0.5539104467630387,,,,,,,,
109000,118,5052.917615332624,3141.968926462488,1.4,936.81,322.37495208740233,343.5274885559082,-646.3675939941406,0.871475338935852,0.5495945221185684,,,,,,,,
110000,119,5019.009026218474,3124.6109214686903,1.39,932.72,343.645961227417,327.4517517089844,-648.4252624511719,0.8653225302696228,0.5557431304454803,,,,,,,,
111000,120,5036.3676374995985,3134.7746907771175,1.39,933.52,343.7479415130615,364.69609062194826,-644.0559973144532,0.8731419444084167,0.5491535821557045,,,,,,,,
112000,122,5044.695887833614,3142.218870598103,1.39,935.99,317.43553924560547,287.49155792236326,-642.2203405761719,0.8460137248039246,0.555578821003437,,,,,,,,
113000,123,5028.327145634758,3131.910534501994,1.39,932.99,432.39132011413574,427.9717475891113,-643.6907464599609,0.8755678534507751,0.5433947920799256,,,,,,,,
114000,124,5032.963878587584,3132.844481240973,1.39,933.99,421.3426849365234,394.59792808532717,-640.688715209961,0.8490737080574036,0.5568637734651566,,,,,,,,
115000,125,5047.051167856235,3141.1261073562287,1.39,936.24,386.04121765136716,367.5002109527588,-639.8388232421875,0.8537011742591858,0.554920996427536,,,,,,,,
116000,126,5096.147793332693,3164.9227646570243,1.4,940.2,281.7724094390869,342.8422075653076,-638.855238647461,0.8593491911888123,0.5557229515910148,,,,,,,,
117000,127,5156.187419521463,3196.382240990197,1.41,948.18,276.0990295410156,289.95349266052244,-641.9094073486328,0.8721860647201538,0.539559516608715,,,,,,,,
118000,128,5207.955843394268,3226.9366570428324,1.42,954.03,334.3942401123047,364.28103240966794,-641.1608972167969,0.8647496104240417,0.5442529782652855,,,,,,,,
119000,129,5179.151240619873,3214.0163974148295,1.41,953.2,248.36759613037108,268.2175534820557,-640.5912072753906,0.856420636177063,0.5558083707094192,,,,,,,,
120000,130,5201.646841186468,3225.4518458983207,1.41,954.55,364.3082236480713,386.0156623840332,-638.0452795410156,0.8466265201568604,0.5390325048565865,,,,,,,,
121000,131,5135.496711219576,3187.8135532429424,1.4,945.69,246.13304679870606,256.84149032592774,-632.9377612304687,0.8461800217628479,0.5639898684620858,,,,,,,,
122000,132,5198.315208292746,3222.8026383094575,1.41,952.66,349.798971862793,363.75025901794436,-632.1613604736328,0.8639407753944397,0.5472996139526367,,,,,,,,
123000,132,5198.315208292746,3222.8026383094575,1.41,952.66,362.82357612609866,322.6490786743164,-628.2333288574218,0.8595447540283203,0.5501630473136901,,,,,,,,
124000,133,5256.93063853768,3255.526762175932,1.42,959.78,280.7652142333984,270.8995069885254,-631.2513763427735,0.8288014531135559,0.5497959020733834,,,,,,,,
125000,134,5311.568581305634,3285.8618887123675,1.43,966.64,252.4663493347168,258.85076553344726,-629.2377655029297,0.8307313323020935,0.5485237082839012,,,,,,,,
126000,136,5327.450662569708,3294.855348406917,1.43,970.08,345.751170501709,360.5510652923584,-622.4831658935547,0.8070114850997925,0.5518491294980049,,,,,,,,
127000,138,5292.778420122927,3275.8499971269944,1.43,963.76,299.3097456359863,299.17988342285156,-628.5929437255859,0.8179424405097961,0.5561702120304107,,,,,,,,
128000,139,5237.213062819894,3246.949913172265,1.42,955.58,251.53118675231934,256.3429245758057,-627.6790808105469,0.83672696352005,0.5530839055776596,,,,,,,,
129000,139,5237.213062819894,3246.949913172265,1.42,955.58,302.2233278656006,293.04109825134276,-621.3965570068359,0.8197391629219055,0.5598243761062622,,,,,,,,
130000,140,5155.4763788256705,3199.154414609424,1.41,945.95,247.51857025146484,244.02001846313476,-620.9967358398437,0.7997226715087891,0.5566955652832984,,,,,,,,
131000,141,5167.917161463512,3208.8783657458225,1.41,949.31,352.30148818969724,315.96936141967774,-622.7567401123047,0.8199992179870605,0.554853401184082,,,,,,,,
132000,143,5050.679631752077,3142.0253993402935,1.39,933.09,214.4105345916748,217.62726615905763,-617.8782690429688,0.8007408380508423,0.5460347843170166,,,,,,,,
133000,144,5053.478801571065,3143.6349484176844,1.39,932.99,273.566298828125,252.96833419799805,-622.8908843994141,0.8187569379806519,0.5584236794710159,,,,,,,,
134000,145,5054.6461275714355,3140.634971658722,1.39,933.2,255.67954277038575,240.8353719329834,-622.9846063232421,0.7996211051940918,0.5432502835988998,,,,,,,,
135000,147,5018.961100829547,3118.9182900184487,1.38,926.58,242.71394264221192,236.52294036865234,-621.262183227539,0.8173514604568481,0.5438124412298202,,,,,,,,
136000,148,5012.742831580007,3117.5311099245937,1.38,922.65,240.25619720458985,235.71728912353515,-618.7575323486328,0.8103580474853516,0.5458415764570236,,,,,,,,
137000,149,4985.411224084084,3101.3097636521456,1.37,919.28,304.45557762145995,305.7417887115478,-618.7187713623047,0.7808519601821899,0.5484636121988297,,,,,,,,
138000,150,4983.3704870126585,3099.9785350897932,1.37,919.41,300.1448592376709,276.0124321746826,-618.7436450195313,0.7844406366348267,0.5494086456298828,,,,,,,,
139000,150,4983.3704870126585,3099.9785350897932,1.37,919.41,239.15230934143065,225.96238082885742,-614.7471258544922,0.7761091589927673,0.5510294076800346,,,,,,,,
140000,151,5108.615512415668,3171.2386722940973,1.39,931.53,280.3588511657715,288.3365982055664,-618.9667395019532,0.7772454619407654,0.5550454699993134,,,,,,,,
141000,152,5182.621011053584,3210.9240817034215,1.4,940.83,262.14035507202146,253.1985250854492,-617.1375836181641,0.7900691628456116,0.5493865025043487,,,,,,,,
142000,152,5182.621011053584,3210.9240817034215,1.4,940.83,334.0496116638184,334.02263259887695,-612.7662255859375,0.7977641820907593,0.551747718155384,,,,,,,,
143000,153,5233.981968638931,3237.5717187652417,1.41,947.73,351.9956900787354,321.89861892700196,-614.5740838623046,0.7980983853340149,0.54425627887249,,,,,,,,
144000,154,5283.297319855819,3262.2614553205663,1.42,953.03,262.78259704589846,285.94108268737796,-617.454912109375,0.7971705198287964,0.5541638925671577,,,,,,,,
145000,155,5352.800309798123,3296.884469416027,1.43,960.33,310.8662112426758,347.6371788024902,-613.9049938964844,0.7893005013465881,0.5581168365478516,,,,,,,,
146000,157,5262.811346373058,3243.5420726529683,1.42,950.43,249.72736511230468,220.25665008544922,-612.0739215087891,0.7903004884719849,0.5569728383421898,,,,,,,,
147000,158,5254.559782620233,3238.1968503058224,1.42,948.01,340.9135265350342,343.91651901245115,-608.1115948486328,0.8093439340591431,0.5439969086647034,,,,,,,,
148000,160,5246.753639656452,3235.6621897846635,1.42,946.85,288.3871720123291,314.5284014129639,-608.094937133789,0.7955543398857117,0.559111876487732,,,,,,,,
149000,161,5250.080923578892,3237.6714110657645,1.42,945.71,270.5627194213867,304.3751933670044,-609.678715209961,0.8012495636940002,0.5477321243286133,,,,,,,,
150000,163,5246.054955531793,3237.0750145327097,1.42,944.49,256.2457244873047,250.93654777526856,-611.2783374023437,0.8067706823348999,0.5561666932702064,,,,,,,,
151000,164,5239.334103539703,3233.3702016875523,1.42,942.49,215.97622100830077,213.3076357269287,-608.9311077880859,0.8067193627357483,0.553035297691822,,,,,,,,
152000,164,5239.334103539703,3233.3702016875523,1.42,942.49,327.82983291625976,313.0544651031494,-616.3943865966797,0.8128963708877563,0.552111241221428,,,,,,,,
153000,166,5293.38827834767,3258.589345675977,1.43,945.36,231.14368896484376,255.45891723632812,-607.47373046875,0.7808851599693298,0.5427544614672661,,,,,,,,
154000,166,5293.38827834767,3258.589345675977,1.43,945.36,253.8275259399414,276.44328605651856,-606.6125848388672,0.7802822589874268,0.5437530094385147,,,,,,,,
155000,168,5226.561948929948,3223.580859686752,1.42,935.9,290.4298585510254,273.70914321899414,-605.1863879394531,0.7774542570114136,0.5564003878831864,,,,,,,,
156000,168,5226.561948929948,3223.580859686752,1.42,935.9,323.5679376220703,302.8159792327881,-604.7237145996094,0.7778581380844116,0.5395676189661026,,,,,,,,
157000,169,5302.063267040924,3266.6768783165003,1.43,945.97,321.67765045166016,339.3187986755371,-601.0161737060547,0.7679282426834106,0.5592449563741684,,,,,,,,
158000,171,5354.254622909002,3292.273719116434,1.44,950.83,254.7142350769043,260.6495657348633,-601.9339379882813,0.7485700845718384,0.5686831530928612,,,,,,,,
159000,172,5376.63001458393,3303.49664313832,1.44,952.83,275.79544998168944,274.98472473144534,-599.0285064697266,0.7671517729759216,0.5613618677854538,,,,,,,,
160000,173,5386.700350222643,3306.065990495995,1.44,953.73,309.39577423095704,298.4188262176514,-599.2366748046875,0.7443134784698486,0.5709000352025032,,,,,,,,
161000,174,5388.705725411782,3308.8779690473543,1.44,953.93,243.08973747253418,237.23152214050293,-595.8147729492188,0.7761332988739014,0.5399154904484749,,,,,,,,
162000,176,5408.120491694617,3317.361663334556,1.44,955.74,259.4046014404297,222.14987548828125,-592.0915802001953,0.756470799446106,0.553930187523365,,,,,,,,
163000,177,5403.678345412931,3314.59787130301,1.44,955.74,272.3556202697754,311.9102020263672,-592.1477416992187,0.7484298944473267,0.5414558437466621,,,,,,,,
164000,177,5403.678345412931,3314.59787130301,1.44,955.74,320.192152633667,320.9752685546875,-587.9350299072265,0.7664123177528381,0.5553993168473244,,,,,,,,
165000,178,5437.721036847395,3339.371559779321,1.44,960.58,208.84326690673828,217.15211051940918,-590.1648773193359,0.7453449964523315,0.5475303107500076,,,,,,,,
166000,179,5491.479564597598,3371.407180072846,1.45,968.7,233.0543084716797,230.5048358154297,-590.3347265625,0.7443062663078308,0.5549041020870209,,,,,,,,
167000,180,5521.768627701493,3389.5071117453404,1.46,971.11,303.20867347717285,315.0748352813721,-590.6739349365234,0.7396084070205688,0.5478146079182625,,,,,,,,
168000,181,5518.768059495495,3390.325651038196,1.46,971.41,265.9475868988037,253.91294235229492,-591.3202587890624,0.7296391725540161,0.5494530838727951,,,,,,,,
169000,181,5518.768059495495,3390.325651038196,1.46,971.41,218.43890899658203,218.40757064819337,-587.4829895019532,0.7488791942596436,0.5572088027000427,,,,,,,,
170000,182,5565.147654626065,3415.2434993034467,1.47,975.47,295.80115295410155,275.81822021484373,-589.2606561279297,0.7411073446273804,0.5461244627833366,,,,,,,,
171000,183,5554.522265304204,3410.9130114120426,1.47,974.27,234.6590662384033,224.64764755249024,-584.8236096191406,0.735938549041748,0.5432096338272094,,,,,,,,
172000,184,5539.922886386991,3404.0733608340174,1.47,972.76,247.01227111816405,272.0636004638672,-586.1348974609375,0.7503750324249268,0.5522057282924652,,,,,,,,
173000,185,5540.347434408019,3402.7095985413894,1.47,972.14,237.37105331420898,233.0701190185547,-585.0177807617188,0.7680768966674805,0.5446156546473503,,,,,,,,
174000,187,5402.64384639954,3329.230811685659,1.45,955.04,218.89867553710937,228.13469062805177,-586.4771612548828,0.7499785423278809,0.5533245202898979,,,,,,,,
175000,188,5359.235152136355,3305.305350671026,1.44,949.45,164.80892768859863,175.05153900146485,-586.5329992675781,0.7560487985610962,0.5518570378422737,,,,,,,,
176000,189,5379.430303566343,3315.058941519646,1.44,951.66,195.77451622009278,177.06059501647948,-585.1214013671874,0.7460993528366089,0.5548224166035652,,,,,,,,
177000,190,5365.426568937268,3306.2907495876652,1.44,949.48,278.19451919555667,267.56279335021975,-585.313876953125,0.7579629421234131,0.5497515586018562,,,,,,,,
178000,191,5400.804272581048,3326.7616317515653,1.44,955.11,215.33192794799805,214.3501946258545,-581.7006958007812,0.7509181499481201,0.5317714262008667,,,,,,,,
179000,193,5332.118399503924,3293.2585135010477,1.43,944.07,215.60888633728027,218.60637168884278,-581.6893426513672,0.7355933785438538,0.5569632008671761,,,,,,,,
180000,193,5332.118399503924,3293.2585135010477,1.43,944.07,203.38894317626952,207.7340037536621,-581.3788189697266,0.7363343238830566,0.5541086027026176,,,,,,,,
181000,194,5407.8962422319255,3338.2244202948295,1.44,954.33,217.87838848114015,213.34940635681153,-583.5966809082031,0.7490866184234619,0.5459616699814797,,,,,,,,
182000,195,5259.489108844,3253.2887455659115,1.42,938.92,245.7117250061035,245.72369468688964,-581.3313287353516,0.7326881885528564,0.5524827921390534,,,,,,,,
183000,196,5326.288647247475,3291.319585531967,1.43,947.9,211.0282154083252,218.04912384033204,-581.82681640625,0.7505134344100952,0.5485755029320717,,,,,,,,
184000,196,5326.288647247475,3291.319585531967,1.43,947.9,249.03239082336427,247.00271965026855,-581.9324591064453,0.7222918272018433,0.5525369817018508,,,,,,,,
185000,198,5398.588589999853,3328.2270961222985,1.44,957.16,211.41539154052734,210.45544563293458,-582.9078717041016,0.7338383197784424,0.5487142181396485,,,,,,,,
186000,198,5398.588589999853,3328.2270961222985,1.44,957.16,189.7627124786377,194.21343696594238,-581.9888861083984,0.7442923784255981,0.5613887146115303,,,,,,,,
187000,200,5342.465715720558,3298.045183939371,1.43,949.51,263.470192489624,264.0441815948486,-579.0874389648437,0.7346854209899902,0.5485809302330017,,,,,,,,
188000,201,5341.722056117445,3297.6889839839487,1.43,948.73,253.55377960205078,265.1005462646484,-581.4594641113281,0.7291090488433838,0.5479544585943222,,,,,,,,
189000,202,5402.462807816487,3330.6268846633075,1.44,955.52,174.00642288208007,165.00994644165038,-584.9002062988282,0.7217973470687866,0.5622050476074218,,,,,,,,
190000,202,5402.462807816487,3330.6268846633075,1.44,955.52,240.7220174407959,245.47314071655273,-580.2773901367187,0.7298505902290344,0.5578367096185685,,,,,,,,
191000,203,5461.640933166928,3361.4058873312733,1.45,960.42,283.65323516845706,285.3877826690674,-575.6030401611329,0.7452433109283447,0.5504503697156906,,,,,,,,
192000,204,5500.885518377929,3384.4088613799086,1.46,965.92,186.67692008972168,186.32059036254884,-578.3758624267579,0.7311021089553833,0.5587276586890221,,,,,,,,
193000,205,5456.9548179724625,3362.986844637442,1.45,962.02,207.73013290405274,203.97175827026368,-582.4481140136719,0.7237907648086548,0.5394167098402977,,,,,,,,
194000,207,5361.807630503317,3307.220851882517,1.44,949.35,190.24648376464845,200.13478401184082,-577.3015844726563,0.7204427719116211,0.547503583431244,,,,,,,,
195000,207,5361.807630503317,3307.220851882517,1.44,949.35,252.38488567352294,255.5753784942627,-579.8550756835938,0.7278637886047363,0.5346870082616806,,,,,,,,
196000,208,5400.4498455669755,3327.2937417722064,1.45,953.65,211.52571350097656,204.00760818481444,-578.7948608398438,0.7064898014068604,0.5442514109611511,,,,,,,,
197000,209,5374.3976952592275,3311.461624480493,1.45,950.25,176.08434097290038,166.388786239624,-575.4738861083985,0.7113900184631348,0.5436840185523033,,,,,,,,
198000,210,5442.692405411919,3350.41218846593,1.46,958.17,182.4466736984253,182.38348091125488,-578.3977734375,0.7214394807815552,0.5478369605541229,,,,,,,,
199000,210,5442.692405411919,3350.41218846593,1.46,958.17,155.49240085601807,157.16456504821778,-576.4771014404297,0.715847373008728,0.5410196304321289,,,,,,,,
200000,212,5410.256038764774,3333.4149737814855,1.45,953.24,184.94644149780274,188.47470840454102,-580.2149298095703,0.730412483215332,0.5603532508015633,,,,,,,,
201000,213,5376.240445432237,3315.742670569644,1.44,949.54,300.92436866760255,270.8932132720947,-578.822333984375,0.7030198574066162,0.5543281951546669,,,,,,,,
202000,214,5390.521301239432,3321.9539928786603,1.44,952.06,173.15500663757325,180.95703598022462,-579.6164428710938,0.7039444446563721,0.5491897240281105,,,,,,,,
203000,215,5358.163511407923,3305.470074762499,1.43,948.53,202.83969131469726,205.26449222564696,-577.5478546142579,0.709416925907135,0.5454393956065178,,,,,,,,
204000,216,5415.199949182338,3339.931652090041,1.44,954.57,195.90739753723145,176.77182804107667,-574.3526287841797,0.6942412257194519,0.5506595343351364,,,,,,,,
205000,217,5428.423008184967,3347.5291418733914,1.44,955.65,217.30216758728028,221.7105768585205,-574.9547149658204,0.6935675144195557,0.5566746658086776,,,,,,,,
206000,219,5484.432737556562,3380.4985846050577,1.45,962.97,224.61379905700684,213.7216180419922,-576.7058758544922,0.6888371109962463,0.5534163051843644,,,,,,,,
207000,220,5488.133291750345,3380.6422501142606,1.45,964.77,188.04050651550293,190.4487190246582,-571.4903076171875,0.7005940675735474,0.5420165020227432,,,,,,,,
208000,220,5488.133291750345,3380.6422501142606,1.45,964.77,190.8101835632324,180.25786567687987,-575.9334466552734,0.6926815509796143,0.5489716747403145,,,,,,,,
209000,222,5547.205071649453,3407.396059553035,1.46,970.29,151.5026892852783,151.76005252838135,-573.1369171142578,0.6759954690933228,0.541091560125351,,,,,,,,
210000,223,5500.74819011688,3383.333253668916,1.45,965.75,189.08837814331054,194.79149185180665,-572.711401977539,0.6977251172065735,0.5437890103459359,,,,,,,,
211000,224,5554.815458753684,3415.074351983337,1.46,972.05,179.82380172729492,174.88624839782716,-568.7918487548828,0.6922563314437866,0.542198865711689,,,,,,,,
212000,225,5610.652951898667,3441.624468799525,1.47,977.67,166.88275985717775,161.4117160797119,-567.7831884765625,0.7217352390289307,0.5502730351686478,,,,,,,,
213000,226,5570.189937358303,3421.108377209658,1.46,975.28,181.2612149810791,189.68303302764892,-568.7192938232422,0.6914958953857422,0.5522952052950859,,,,,,,,
214000,227,5558.508176048619,3413.613203669189,1.46,972.8,147.73741645812987,149.88320762634277,-567.7562408447266,0.6953566074371338,0.5482020154595375,,,,,,,,
215000,227,5558.508176048619,3413.613203669189,1.46,972.8,207.38753715515136,199.3483214569092,-562.025160522461,0.6964922547340393,0.5507358029484749,,,,,,,,
216000,228,5650.962065031363,3463.068710507052,1.47,980.47,190.3121230316162,182.67736846923827,-569.4900170898437,0.6970801949501038,0.5386035344004632,,,,,,,,
217000,228,5650.962065031363,3463.068710507052,1.47,980.47,193.89016815185548,199.8920537185669,-565.3129217529297,0.6791356801986694,0.5564931127429008,,,,,,,,
218000,229,5706.135447528243,3490.3325812143007,1.48,985.7,273.9635758590698,272.8844689941406,-563.3388305664063,0.6871496438980103,0.5499612540006638,,,,,,,,
219000,231,5702.409778099191,3490.0216993551026,1.48,984.99,214.6745471191406,212.40361206054686,-565.8453497314454,0.6850354671478271,0.5549841386079788,,,,,,,,
220000,231,5702.409778099191,3490.0216993551026,1.48,984.99,191.86304489135742,190.66217391967774,-564.4538464355469,0.6891028881072998,0.544866729080677,,,,,,,,
221000,232,5704.0282949752245,3491.228024053701,1.48,984.59,177.52830062866212,195.50605979919433,-566.1920880126953,0.6882725358009338,0.5509483528137207,,,,,,,,
222000,232,5704.0282949752245,3491.228024053701,1.48,984.59,202.2014525604248,206.9151091003418,-567.857172241211,0.6856274604797363,0.5468033844232559,,,,,,,,
223000,233,5788.736771646909,3538.473627808895,1.49,992.16,199.3362074279785,206.53798179626466,-565.041337890625,0.6804684400558472,0.5534212225675583,,,,,,,,
224000,235,5778.330987546793,3531.8425889783557,1.49,987.86,207.45095497131348,206.34845886230468,-563.3232537841797,0.6766954660415649,0.5570494592189789,,,,,,,,
225000,235,5778.330987546793,3531.8425889783557,1.49,987.86,343.90320335388185,351.80209381103515,-566.2905236816406,0.659198522567749,0.5532194009423256,,,,,,,,
226000,236,5858.412551140569,3577.964768238025,1.5,997.01,262.0837398529053,288.1431712341309,-564.6773376464844,0.6645378470420837,0.5534644320607185,,,,,,,,
227000,237,5899.280804107609,3602.3582679831197,1.51,1000.85,159.7598742675781,165.50505268096924,-562.2833959960938,0.6732593774795532,0.5525122311711311,,,,,,,,
228000,239,5920.310783122863,3613.653749285253,1.51,1003.11,277.0369467163086,287.2075065612793,-561.18333984375,0.6658130884170532,0.5424486273527145,,,,,,,,
229000,240,5845.008833339483,3573.214984451348,1.5,994.3,204.28875213623047,205.88594608306886,-568.2029034423828,0.677001416683197,0.555455524623394,,,,,,,,
230000,242,5796.7274580477315,3546.8650722079783,1.49,986.89,164.00933868408202,166.269384765625,-563.4258099365235,0.6824319362640381,0.5499218681454658,,,,,,,,
231000,242,5796.7274580477315,3546.8650722079783,1.49,986.89,175.95234817504883,174.0033829498291,-564.175322265625,0.6633806228637695,0.552099532186985,,,,,,,,
232000,244,5862.650636637883,3581.5866330526733,1.5,992.79,174.6604006576538,164.6890512084961,-565.44978515625,0.6760397553443909,0.5422528001666069,,,,,,,,
233000,244,5862.650636637883,3581.5866330526733,1.5,992.79,184.48657150268554,186.36406143188478,-562.65033203125,0.6612386703491211,0.5623618203401566,,,,,,,,
234000,244,5862.650636637883,3581.5866330526733,1.5,992.79,206.19273590087892,212.37249908447265,-565.563851928711,0.6695183515548706,0.55007188975811,,,,,,,,
235000,246,5974.754906522598,3647.969444600236,1.51,1006.53,197.10872173309326,206.0496940612793,-560.3288043212891,0.6715192198753357,0.5431612277030945,,,,,,,,
236000,247,5960.291866294323,3641.5025100955845,1.51,1004.59,218.46273643493652,219.065767288208,-562.4512664794922,0.6687240600585938,0.5465178889036179,,,,,,,,
237000,248,6046.4423698726405,3685.6547284979374,1.52,1014.65,169.90630382537842,183.63141815185546,-561.0668371582032,0.6861189603805542,0.5606909412145614,,,,,,,,
238000,248,6046.4423698726405,3685.6547284979374,1.52,1014.65,168.4165234375,163.7291984939575,-561.2853533935547,0.6758395433425903,0.5484181001782418,,,,,,,,
239000,249,6086.746284839806,3706.8682561661985,1.53,1018.9,178.8486125564575,176.62390869140626,-559.4656524658203,0.6683378219604492,0.5461629942059517,,,,,,,,
240000,250,6154.116793532545,3742.8352298194054,1.54,1026.68,241.58218078613282,243.5374946975708,-558.3759979248047,0.6488306522369385,0.5586300978064537,,,,,,,,
241000,251,6064.29009671086,3687.3632832832513,1.53,1016.26,144.91030235290526,141.83253639221192,-559.8201675415039,0.6527841091156006,0.5524588397145271,,,,,,,,
242000,251,6064.29009671086,3687.3632832832513,1.53,1016.26,187.61049137115478,179.6874270629883,-560.1594006347656,0.6816281080245972,0.5552479168772697,,,,,,,,
243000,252,6058.905696692734,3686.9865143746665,1.53,1016.43,196.8747300720215,167.10318153381348,-561.7256072998047,0.6730800867080688,0.5449707356095314,,,,,,,,
244000,253,6012.771726656905,3661.4676883671464,1.52,1010.16,258.02585693359373,259.4848773956299,-560.5003146362304,0.6677243709564209,0.5604275819659233,,,,,,,,
245000,253,6012.771726656905,3661.4676883671464,1.52,1010.16,175.91466964721678,181.91369136810303,-561.4682836914062,0.6709703803062439,0.551961162686348,,,,,,,,
246000,255,6040.0068225770365,3684.6900032151134,1.52,1012.96,205.52433448791504,199.26586124420166,-561.8783605957032,0.6762841939926147,0.5530092364549637,,,,,,,,
247000,255,6040.0068225770365,3684.6900032151134,1.52,1012.96,268.98343700408935,254.62700649261475,-560.5471618652343,0.6748324632644653,0.5545742684602737,,,,,,,,
248000,256,6132.876443558446,3736.3984265066747,1.53,1023.61,181.8924013519287,179.40439651489257,-562.9716168212891,0.672541081905365,0.5562481087446213,,,,,,,,
249000,257,6191.52724590017,3766.2717162122776,1.54,1029.87,219.33186416625978,220.35643989562988,-561.908701171875,0.6678721308708191,0.54953708589077,,,,,,,,
250000,258,6187.898655097141,3764.1378408587216,1.54,1029.27,179.10954627990722,178.6285849761963,-563.08607421875,0.6745906472206116,0.5533726876974105,,,,,,,,
251000,258,6187.898655097141,3764.1378408587216,1.54,1029.27,300.4692175674438,298.046969833374,-559.7623400878906,0.6622545719146729,0.5537511155009269,,,,,,,,
252000,259,6267.104330881944,3809.508243130033,1.55,1039.97,256.9262427520752,261.0459645843506,-562.9770812988281,0.65938800573349,0.5566498357057571,,,,,,,,
253000,260,6309.458004624555,3834.528915273697,1.56,1044.42,220.53670715332032,225.0971929168701,-564.7906860351562,0.6673650741577148,0.5477071934938431,,,,,,,,
254000,261,6338.322530872558,3851.7954615060626,1.57,1047.57,162.97928840637206,169.0027926635742,-559.424375,0.6747965216636658,0.5440195515751839,,,,,,,,
255000,262,6401.8866682501775,3885.379586633636,1.58,1055.63,186.67337509155274,187.12817062377928,-561.7114703369141,0.6881921291351318,0.544542847275734,,,,,,,,
256000,263,6449.582994448542,3911.7742964649656,1.59,1061.63,174.402713470459,174.36931343078612,-563.1088562011719,0.6828572750091553,0.5472119602560997,,,,,,,,
257000,265,6339.165676837821,3854.9690917607,1.57,1048.48,274.27850791931155,272.26731086730956,-559.6873306274414,0.6798025965690613,0.5450283700227737,,,,,,,,
258000,265,6339.165676837821,3854.9690917607,1.57,1048.48,172.87712532043457,170.98059906005858,-559.3493029785157,0.6757014989852905,0.5538327771425248,,,,,,,,
259000,267,6352.210018476401,3860.715661268324,1.57,1048.59,232.75091751098634,236.7252112197876,-560.0800885009766,0.6769741177558899,0.5580477666854858,,,,,,,,
260000,268,6359.822249596901,3864.7548569124374,1.57,1050.73,307.620691986084,309.07869239807127,-561.9046197509765,0.6808451414108276,0.5475988826155662,,,,,,,,
261000,269,6278.721657150272,3820.3070038399314,1.56,1039.93,250.51385807037354,252.262275390625,-560.1781921386719,0.6779640316963196,0.553018809556961,,,,,,,,
262000,270,6276.296386657113,3820.379253615801,1.56,1040.19,321.8120805358887,318.3067082977295,-557.4290838623047,0.6736356019973755,0.5458979266881943,,,,,,,,
263000,271,6323.05931152938,3843.818232158584,1.57,1044.28,221.32480319976807,225.11070095062257,-556.5858392333985,0.6769208908081055,0.5506528168916702,,,,,,,,
264000,272,6389.840203704991,3881.221932862474,1.58,1051.78,234.4532154083252,240.876473236084,-559.4482397460938,0.6841993927955627,0.5403940117359162,,,,,,,,
265000,272,6389.840203704991,3881.221932862474,1.58,1051.78,248.17458435058595,253.253052444458,-557.4495135498047,0.6893240213394165,0.5509506103396415,,,,,,,,
266000,274,6399.277500737347,3884.9515653957524,1.58,1052.98,240.87193283081055,242.7293738555908,-555.8569229125976,0.6800681352615356,0.553784271478653,,,,,,,,
267000,274,6399.277500737347,3884.9515653957524,1.58,1052.98,153.83209114074708,155.6193212890625,-554.5281356811523,0.6775691509246826,0.54419911891222,,,,,,,,
268000,276,6455.980197339285,3916.7270654579816,1.59,1059.14,341.720746307373,341.64613510131835,-556.4859326171875,0.6798635721206665,0.5390624612569809,,,,,,,,
269000,276,6455.980197339285,3916.7270654579816,1.59,1059.14,211.22952430725098,209.05726150512695,-557.2763717651367,0.6750913858413696,0.5602023050189018,,,,,,,,
270000,277,6603.67725140503,4001.849252433033,1.61,1074.27,212.60980674743652,205.63250122070312,-552.5200543212891,0.679858922958374,0.5472217550873757,,,,,,,,
271000,278,6521.459708230911,3953.1962531269255,1.6,1063.06,196.40165126800537,198.7460737991333,-556.9996691894531,0.66484135389328,0.5601924660801888,,,,,,,,
272000,278,6521.459708230911,3953.1962531269255,1.6,1063.06,175.46611267089844,172.09967750549316,-556.4916119384766,0.6856985092163086,0.5529547894001007,,,,,,,,
273000,279,6592.376123228039,3993.857999572121,1.61,1068.14,214.36047912597655,215.98283451080323,-558.5967779541015,0.6696597337722778,0.5541889578104019,,,,,,,,
274000,279,6592.376123228039,3993.857999572121,1.61,1068.14,291.78400268554685,288.703318939209,-556.206195678711,0.6683152318000793,0.5583080083131791,,,,,,,,
275000,280,6713.8705621027275,4065.112757790141,1.62,1082.08,259.576877784729,267.7550168609619,-556.764970703125,0.6764199137687683,0.5389535897970199,,,,,,,,
276000,281,6676.807753065867,4043.219926915797,1.61,1077.52,164.60127365112305,171.67679649353028,-553.505046081543,0.6595050096511841,0.5528952497243881,,,,,,,,
277000,282,6612.238170176076,4010.627353850519,1.6,1070.13,261.8604697418213,261.24663635253904,-555.2003277587891,0.6547450423240662,0.5471262890100479,,,,,,,,
278000,283,6608.125921667956,4005.738324561236,1.6,1067.33,233.63600120544433,231.1465306854248,-555.9754406738281,0.6784952282905579,0.5494533708691597,,,,,,,,
279000,284,6687.789166826835,4049.692749916821,1.61,1076.88,307.3318475341797,304.8248554992676,-553.8270941162109,0.6657955646514893,0.5557696670293808,,,,,,,,
280000,285,6642.904753304541,4025.0349915114657,1.6,1071.6,255.41920166015626,249.19193199157715,-556.4608135986329,0.6705499887466431,0.5502295336127281,,,,,,,,
281000,286,6655.099815104832,4030.3261145364504,1.6,1072.88,257.43785110473635,242.1339567565918,-553.66275390625,0.6674866080284119,0.5321628195047379,,,,,,,,
282000,287,6713.817249842977,4060.5132085195432,1.61,1079.09,180.17744064331055,177.34051445007324,-556.3017260742188,0.6761232614517212,0.5377897217869758,,,,,,,,
283000,289,6664.48475105917,4032.6814161645534,1.6,1072.65,263.1322219848633,268.6315785217285,-552.0626446533203,0.6678259968757629,0.5454503414034844,,,,,,,,
284000,289,6664.48475105917,4032.6814161645534,1.6,1072.65,323.3038479614258,331.3121537017822,-551.1727893066407,0.6613097190856934,0.5644108301401138,,,,,,,,
285000,290,6734.022688203317,4067.2152445141296,1.61,1079.95,184.11416610717774,180.51921543121338,-554.8693237304688,0.6802918314933777,0.535592385828495,,,,,,,,
286000,290,6734.022688203317,4067.2152445141296,1.61,1079.95,306.16535125732423,306.7288307189941,-555.5680938720703,0.6821910738945007,0.5615646415948867,,,,,,,,
287000,292,6747.340893622708,4075.1894067805133,1.61,1083.67,202.51547340393066,203.7361750793457,-549.973187866211,0.6538638472557068,0.5597844085097313,,,,,,,,
288000,293,6801.442507586042,4104.997804695765,1.62,1090.22,205.06732299804688,202.7958162689209,-551.1961059570312,0.6601409912109375,0.5378674483299255,,,,,,,,
289000,293,6801.442507586042,4104.997804695765,1.62,1090.22,208.19735496520997,210.2611396789551,-552.831430053711,0.6548595428466797,0.5477836629748345,,,,,,,,
290000,294,6798.811724351423,4103.675777596196,1.62,1089.41,210.32508079528807,212.51061611175538,-548.0331402587891,0.6652978658676147,0.5390072044730186,,,,,,,,
291000,294,6798.811724351423,4103.675777596196,1.62,1089.41,151.56082389831542,155.14148979187013,-552.1490298461914,0.6568438410758972,0.5485465151071548,,,,,,,,
292000,295,6888.73756604398,4153.809594582785,1.63,1099.65,191.70744407653808,187.7828456878662,-548.3645950317383,0.6653545498847961,0.5455491310358047,,,,,,,,
293000,296,6915.694232480259,4170.39989237339,1.63,1102.36,305.675283203125,306.0097034454346,-549.5474395751953,0.6552948951721191,0.5481234890222549,,,,,,,,
294000,297,6855.015780676325,4137.697135971236,1.62,1094.17,404.7910104370117,416.9600833129883,-551.2586993408203,0.6539821624755859,0.5526275655627251,,,,,,,,
295000,298,6890.796090063942,4158.223820964892,1.63,1096.71,213.40556701660157,212.95609313964843,-548.3338067626953,0.6700355410575867,0.5510662388801575,,,,,,,,
296000,300,6830.66670616302,4125.642340322096,1.62,1090.5,314.17779674530027,310.43911315917967,-549.2056549072265,0.6709811687469482,0.5529564252495766,,,,,,,,
297000,301,6830.501307548231,4125.5688080032705,1.62,1090.24,229.7402140045166,237.42240303039551,-548.2485076904297,0.6640059947967529,0.5497225922346115,,,,,,,,
298000,302,6811.9171851940455,4115.602553167759,1.62,1088.73,154.0428257751465,153.31693908691406,-546.9621194458008,0.6775193810462952,0.541774220764637,,,,,,,,
299000,303,6752.897341745731,4085.250234021952,1.61,1082.19,219.03490577697755,219.33558372497558,-548.3428143310547,0.6499008536338806,0.5432167345285416,,,,,,,,
300000,304,6705.455409537489,4059.2407298016874,1.6,1074.89,217.28369262695313,220.04674842834473,-549.583095703125,0.6622881889343262,0.5561496448516846,,,,,,,,
301000,304,6705.455409537489,4059.2407298016874,1.6,1074.89,179.07479442596434,185.08606803894043,-548.8060073852539,0.6553224325180054,0.5535232558846473,,,,,,,,
302000,304,6705.455409537489,4059.2407298016874,1.6,1074.89,155.0222176361084,153.08124465942382,-548.8622854614258,0.6440087556838989,0.5485895824432373,,,,,,,,
303000,306,6933.049323247646,4194.423896724105,1.62,1095.05,243.7227642440796,246.92568374633788,-546.8154956054688,0.640529215335846,0.5482637551426888,,,,,,,,
304000,307,6918.436515675051,4187.675256178819,1.62,1094.06,214.25870128631593,217.81639198303222,-545.8969198608398,0.6537682414054871,0.549885304570198,,,,,,,,
305000,308,6868.854464038852,4162.887920954711,1.61,1088.56,258.9276426696777,256.37813217163085,-546.6354531860352,0.6600130796432495,0.549114553630352,,,,,,,,
306000,309,6865.327432026679,4164.340307722735,1.61,1087.98,324.2291855621338,322.6274973297119,-544.1948727416992,0.6428903341293335,0.5512484240531922,,,,,,,,
307000,309,6865.327432026679,4164.340307722735,1.61,1087.98,211.90353149414062,208.8216120147705,-545.5579278564453,0.6540013551712036,0.5613653326034546,,,,,,,,
308000,310,6934.739183295777,4203.750205854392,1.62,1095.33,190.35911476135254,186.8626907348633,-543.8634963989258,0.6487456560134888,0.5552609944343567,,,,,,,,
309000,310,6934.739183295777,4203.750205854392,1.62,1095.33,295.3664784622192,307.70938919067385,-545.3218984985351,0.6553554534912109,0.5533353582024574,,,,,,,,
310000,311,7008.366130955517,4246.602457378224,1.63,1101.15,235.0939921951294,234.46515647888182,-543.9726788330078,0.671742856502533,0.5371022069454193,,,,,,,,
311000,312,7069.398777184341,4283.438209698919,1.64,1107.48,288.572359085083,300.05816329956053,-543.48833984375,0.6446250677108765,0.5595887130498887,,,,,,,,
312000,312,7069.398777184341,4283.438209698919,1.64,1107.48,223.57288787841796,223.6001414489746,-544.7155883789062,0.6533173322677612,0.5498961374163628,,,,,,,,
313000,313,7203.225044249057,4362.484070852123,1.66,1120.13,224.87143821716307,222.60691986083984,-543.7623239135742,0.6536815166473389,0.5542641550302505,,,,,,,,
314000,314,7194.712415894222,4359.5963687912645,1.66,1118.33,261.32252632141115,262.77817192077634,-543.5099462890626,0.6351567506790161,0.5504540055990219,,,,,,,,
315000,315,7248.288180831533,4391.004475181131,1.67,1124.44,252.5255965423584,247.96091423034667,-544.52923828125,0.6391885876655579,0.5483323526382446,,,,,,,,
316000,316,7249.920805580232,4391.045344921721,1.67,1123.9,329.8622142791748,338.81046730041504,-543.2022381591797,0.6430996656417847,0.5513731652498245,,,,,,,,
317000,316,7249.920805580232,4391.045344921721,1.67,1123.9,325.57863456726074,325.4399870300293,-542.0179013061523,0.6659966111183167,0.5463600298762321,,,,,,,,
318000,318,7244.834487844217,4386.155204046748,1.67,1124.32,146.9454209136963,143.1443886947632,-540.489921875,0.6303960084915161,0.5474786856770515,,,,,,,,
319000,319,7287.103988016929,4408.443739087012,1.68,1128.94,243.83637832641602,244.02162956237794,-540.6767459106445,0.6466065049171448,0.5453418412804604,,,,,,,,
320000,320,7281.377518541471,4407.913081702085,1.68,1127.52,205.94608680725096,203.9324436187744,-543.6385012817383,0.6581671833992004,0.5409829270839691,,,,,,,,
321000,321,7287.51887586251,4412.192128923916,1.68,1129.55,218.1112744140625,225.02307136535646,-545.1066247558593,0.6464453339576721,0.5451685151457787,,,,,,,,
322000,322,7287.318659524762,4412.059266362697,1.68,1129.55,198.04537452697753,197.73592586517333,-545.922035522461,0.6446331143379211,0.5535172858834266,,,,,,,,
323000,322,7287.318659524762,4412.059266362697,1.68,1129.55,171.46802276611328,174.81535953521728,-542.2236883544922,0.6427373886108398,0.5481435534358025,,,,,,,,
324000,323,7355.602597990073,4447.667582075523,1.69,1138.07,242.8802466583252,264.72582984924315,-541.7755130004883,0.6418781280517578,0.5533601126074791,,,,,,,,
325000,324,7349.475867482247,4441.650917861411,1.69,1136.07,253.2779264831543,256.4102514648437,-539.9527474975586,0.6437376737594604,0.5409538897871972,,,,,,,,
326000,325,7347.682326672849,4442.56770353586,1.69,1135.95,268.6620662689209,267.685926361084,-541.2300769042969,0.6552873253822327,0.5398854780197143,,,,,,,,
327000,325,7347.682326672849,4442.56770353586,1.69,1135.95,273.3148324584961,270.8673656082153,-543.6969534301758,0.6391428709030151,0.5522283846139908,,,,,,,,
328000,326,7467.623991377544,4509.19464118811,1.71,1145.64,170.46781471252442,171.18399951934813,-541.8778463745117,0.6275414228439331,0.5482852303981781,,,,,,,,
329000,328,7300.880478223525,4418.75688416794,1.68,1128.45,234.23388816833497,223.47816818237305,-542.5194903564453,0.6319526433944702,0.5484150311350823,,,,,,,,
330000,329,7217.954077733719,4372.366112467945,1.67,1116.58,205.54920082092286,196.7849914550781,-542.5461962890626,0.648533046245575,0.5394117245078087,,,,,,,,
331000,330,7282.416692430111,4406.5246105803235,1.68,1124.43,305.7909072113037,293.70287620544434,-542.4599136352539,0.6361935138702393,0.5521287551522255,,,,,,,,
332000,331,7331.633036817708,4431.1492950803295,1.69,1129.33,327.3478958892822,336.8981972503662,-541.8695208740235,0.6483399868011475,0.5467689773440361,,,,,,,,
333000,332,7331.411471545831,4428.381411536945,1.69,1128.77,215.12364974975586,205.18608757019044,-539.7166177368164,0.6427134871482849,0.555894787311554,,,,,,,,
334000,333,7186.126322504141,4347.479736151715,1.67,1113.28,233.0086598968506,222.80175884246827,-540.6577825927734,0.6371235847473145,0.5587658721208573,,,,,,,,
335000,335,7141.595619471364,4325.48430787523,1.66,1109.78,239.01398532867432,234.16033554077148,-541.9266735839843,0.640612006187439,0.5479697653651238,,,,,,,,
336000,335,7141.595619471364,4325.48430787523,1.66,1109.78,191.13596374511718,193.72983043670655,-541.4892993164062,0.6513954401016235,0.5430646044015884,,,,,,,,
337000,337,7064.780952432372,4277.85994220004,1.65,1100.28,203.6192115020752,205.96157711029053,-541.3269088745117,0.6383615136146545,0.5378080847859382,,,,,,,,
338000,337,7064.780952432372,4277.85994220004,1.65,1100.28,225.8341965484619,227.30642631530762,-540.789938659668,0.6224717497825623,0.5494210678339004,,,,,,,,
339000,338,7141.60082691313,4316.517522682642,1.66,1110.19,184.92631912231445,181.898034324646,-539.6733227539063,0.6377921104431152,0.5482136216759682,,,,,,,,
340000,339,7182.104757304562,4337.898895301212,1.67,1114.98,199.00225189208984,203.44924926757812,-540.525007019043,0.6270065307617188,0.5489319041371346,,,,,,,,
341000,340,7252.663069878097,4375.791954923291,1.68,1122.79,293.9320142364502,296.45000595092773,-541.4350930786132,0.6317970752716064,0.5608686378598213,,,,,,,,
342000,341,7280.699053518286,4391.557692722571,1.69,1124.8,204.90196731567383,200.12053443908692,-540.6791641235352,0.6337764263153076,0.5450736564397812,,,,,,,,
343000,342,7333.544244033267,4418.481861195172,1.7,1129.51,185.94522552490236,184.0209824371338,-541.2616607666016,0.6361371278762817,0.5448786669969559,,,,,,,,
344000,342,7333.544244033267,4418.481861195172,1.7,1129.51,224.5414823150635,219.4839087677002,-542.6741934204101,0.6375259757041931,0.5435032704472542,,,,,,,,
345000,343,7316.419545119739,4410.195004329339,1.7,1127.91,200.42899452209474,194.54776565551757,-543.4560345458984,0.6253846883773804,0.5451681587100029,,,,,,,,
346000,344,7391.844214554094,4453.372532083727,1.71,1138.49,182.57165344238283,184.21780532836914,-538.1537930297851,0.6268686056137085,0.5376544779539109,,,,,,,,
347000,345,7249.692157466704,4372.009601600509,1.69,1121.67,253.9543780517578,257.6755221557617,-540.9991528320312,0.6231270432472229,0.5520935848355293,,,,,,,,
348000,346,7310.419740749091,4406.768330286546,1.7,1128.12,150.4371314239502,148.42545860290528,-542.1160824584961,0.6530061960220337,0.5371066173911094,,,,,,,,
349000,347,7374.440027652474,4442.603314002215,1.71,1135.17,166.86747138977051,171.06011070251463,-538.2488858032226,0.6173766255378723,0.555819862484932,,,,,,,,
350000,347,7374.440027652474,4442.603314002215,1.71,1135.17,208.6591812133789,200.8274144744873,-544.5539974975586,0.6393778324127197,0.5534819439053535,,,,,,,,
351000,348,7343.307014321013,4429.092455766887,1.71,1130.56,174.9059782409668,178.3932962036133,-540.8775119018554,0.650497555732727,0.5392172452807427,,,,,,,,
352000,349,7344.950975591573,4430.119589088553,1.71,1130.36,207.7128279876709,200.91457069396972,-536.4952633666992,0.6257190704345703,0.5622680565714836,,,,,,,,
353000,350,7321.066930392502,4417.372913698243,1.71,1126.14,166.4163864517212,167.80395896911622,-538.8688159179687,0.6225029826164246,0.5496752414107323,,,,,,,,
354000,352,7228.930858614502,4367.77433027201,1.69,1113.55,151.65546478271483,144.943473739624,-541.2651348876954,0.6463777422904968,0.5459167772531509,,,,,,,,
355000,352,7228.930858614502,4367.77433027201,1.69,1113.55,145.96926727294922,146.30462852478027,-539.2408352661133,0.6392962336540222,0.542719931602478,,,,,,,,
356000,354,7149.5267605062345,4321.57862784342,1.68,1108.14,211.05488334655763,196.94364852905272,-537.2517584228516,0.6367192268371582,0.5532358595728875,,,,,,,,
357000,354,7149.5267605062345,4321.57862784342,1.68,1108.14,215.49783264160158,208.47947792053222,-540.89796875,0.6307114958763123,0.5459831807017327,,,,,,,,
358000,356,7134.618480079142,4312.227643790072,1.68,1104.23,221.52168170928954,225.50020832061767,-539.2373767089844,0.6411494016647339,0.5498121097683907,,,,,,,,
359000,356,7134.618480079142,4312.227643790072,1.68,1104.23,183.80201522827147,185.18928787231445,-543.4355200195313,0.6576361656188965,0.5438336026668549,,,,,,,,
360000,357,7167.795264250374,4330.740891522139,1.68,1108.77,199.9048622894287,197.02208179473877,-542.4376049804688,0.6446840763092041,0.5515743103623391,,,,,,,,
361000,357,7167.795264250374,4330.740891522139,1.68,1108.77,179.57415481567384,180.35554779052734,-539.0756756591796,0.6528124809265137,0.5445876666903495,,,,,,,,
362000,358,7254.461139839786,4381.5244108397,1.69,1119.78,149.52094985961915,147.24665313720703,-540.0426742553711,0.6367334723472595,0.5697032564878464,,,,,,,,
363000,359,7218.712188785704,4359.891818401793,1.69,1113.24,169.7575188064575,169.1192607116699,-537.3137582397461,0.6428248286247253,0.548194600045681,,,,,,,,
364000,360,7207.850908213149,4353.466603452875,1.69,1111.26,194.18436046600343,191.80311454772948,-539.1405621337891,0.6332566738128662,0.5484324923157692,,,,,,,,
365000,361,7222.8040246629935,4359.565392330256,1.69,1112.95,292.25372138977053,290.5806845092773,-538.8611474609374,0.6340317726135254,0.5546785792708397,,,,,,,,
366000,362,7225.785602919046,4363.230689825564,1.69,1112.66,134.51102195739747,134.60706615447998,-544.5978460693359,0.634390115737915,0.5407993388175965,,,,,,,,
367000,362,7225.785602919046,4363.230689825564,1.69,1112.66,289.03021980285644,283.08710411071775,-540.4676373291015,0.6292679905891418,0.5443851518630981,,,,,,,,
368000,363,7240.184900991711,4371.582642839607,1.69,1113.6,136.76769134521484,137.74809562683106,-540.8002502441407,0.629591703414917,0.5625579595565796,,,,,,,,
369000,364,7275.991688995381,4390.22042445433,1.7,1117.1,249.71805656433105,248.15965511322023,-538.4376165771484,0.6324968338012695,0.5406628718972206,,,,,,,,
370000,365,7345.993169044397,4427.433518733317,1.71,1127.33,189.73922534942628,181.3384176635742,-538.684094543457,0.6401547193527222,0.5483483064174652,,,,,,,,
371000,366,7350.109464909411,4430.880705551831,1.71,1127.25,176.24667869567872,182.51903953552247,-538.0485662841797,0.6341261863708496,0.5498698553442956,,,,,,,,
372000,367,7382.398888747194,4449.982639559674,1.72,1130.45,254.52162200927734,258.7729136657715,-538.31654296875,0.6335319876670837,0.5545393231511117,,,,,,,,
373000,367,7382.398888747194,4449.982639559674,1.72,1130.45,183.82470161437988,182.36688606262206,-536.9712976074219,0.6442478895187378,0.5374929395318031,,,,,,,,
374000,368,7437.4623427367005,4476.342851720492,1.73,1135.63,188.2472946166992,190.57888000488282,-535.8802545166016,0.6310771107673645,0.5392112571001053,,,,,,,,
375000,369,7509.334206634008,4514.641002984368,1.74,1144.45,255.60399497985838,259.7806700134277,-535.8012576293945,0.6252425312995911,0.5566688346862793,,,,,,,,
376000,370,7504.192068489357,4515.21823054161,1.74,1144.46,175.5518717956543,166.1970654296875,-537.2860406494141,0.6329236030578613,0.5263764131069183,,,,,,,,
377000,371,7471.178444244027,4498.020505264648,1.73,1142.57,194.23093772888183,195.9513917541504,-537.108133239746,0.6225042939186096,0.5597270488739013,,,,,,,,
378000,372,7455.543279262379,4491.575539335838,1.73,1140.68,242.1100754547119,242.4396139526367,-536.8569732666016,0.6383351683616638,0.546498683989048,,,,,,,,
379000,372,7455.543279262379,4491.575539335838,1.73,1140.68,299.12835571289065,298.1975447845459,-536.5161651611328,0.6151450276374817,0.5598603913187981,,,,,,,,
380000,373,7453.038302407635,4490.126290965445,1.73,1140.88,259.78657600402835,244.24847854614256,-533.7540051269531,0.6314041614532471,0.5480210733413696,,,,,,,,
381000,374,7500.3433449038885,4517.823778752154,1.74,1146.72,152.81257614135743,151.83940284729005,-534.9327450561524,0.6284646987915039,0.5371218734979629,,,,,,,,
382000,375,7477.222655883158,4503.783148900256,1.74,1143.29,231.97666862487793,239.4634780883789,-534.2028311157227,0.6263588070869446,0.5470438870787621,,,,,,,,
383000,376,7471.632482348227,4503.121182241764,1.74,1143.23,214.60563743591308,203.06699699401855,-533.2974768066406,0.6248390078544617,0.5348021459579467,,,,,,,,
384000,377,7365.32303629175,4438.280469145271,1.73,1131.88,143.40302005767822,143.37411727905274,-534.7562777709961,0.6210259199142456,0.5405050498247147,,,,,,,,
385000,378,7425.679794739209,4472.13359511638,1.74,1139.01,212.47910331726075,207.85187088012697,-530.8989376831055,0.6281545162200928,0.5463865831494331,,,,,,,,
386000,379,7334.186554062173,4419.098196702886,1.73,1129.82,247.38658798217773,252.22940979003906,-534.4360757446289,0.6027228832244873,0.5575591489672661,,,,,,,,
387000,381,7175.325386453932,4327.31671153813,1.71,1113.03,155.10003128051758,162.9329814147949,-532.6351000976563,0.6238263845443726,0.5599178060889244,,,,,,,,
388000,382,7193.602489113143,4337.8906960238255,1.71,1115.59,172.857000579834,169.70611358642577,-534.5148056030273,0.6213693022727966,0.5531583648920059,,,,,,,,
389000,383,7198.496551413171,4340.8267578577725,1.71,1116.38,158.5286920928955,166.47192329406738,-533.0149560546874,0.6376227736473083,0.5583061617612839,,,,,,,,
390000,384,7174.162915807048,4325.173431998515,1.71,1111.61,294.41134628295896,289.53992126464846,-530.4773104858399,0.6336157321929932,0.5403877168893814,,,,,,,,
391000,384,7174.162915807048,4325.173431998515,1.71,1111.61,257.5252247619629,257.99242881774904,-529.0534292602539,0.6378476619720459,0.5430960595607758,,,,,,,,
392000,385,7212.345889694574,4345.071314536836,1.72,1115.51,158.79260612487792,155.09999877929687,-532.5144290161132,0.6334453821182251,0.548829794228077,,,,,,,,
393000,387,7191.6741344420125,4333.018115369776,1.72,1112.03,136.4497457885742,134.02280097961426,-528.2874105834961,0.6402642130851746,0.54781335324049,,,,,,,,
394000,387,7191.6741344420125,4333.018115369776,1.72,1112.03,165.54112167358397,169.05677947998046,-528.5899603271484,0.6357658505439758,0.5586011162400246,,,,,,,,
395000,388,7323.879925770039,4410.166496748049,1.74,1125.39,278.7443874359131,281.2481716156006,-530.8369464111328,0.6208375692367554,0.5490863847732544,,,,,,,,
396000,388,7323.879925770039,4410.166496748049,1.74,1125.39,178.25245803833008,181.94103843688964,-526.5465255737305,0.6240641474723816,0.5466154786944389,,,,,,,,
397000,389,7465.604080369365,4491.75688103748,1.76,1140.43,184.4312650680542,181.18423927307128,-526.7834469604492,0.634698748588562,0.5425903806090355,,,,,,,,
398000,390,7402.162750980742,4460.917227854887,1.75,1133.11,204.81547798156737,206.11895393371583,-529.7899722290039,0.6278131008148193,0.5490954855084419,,,,,,,,
399000,391,7315.806552327582,4410.107782634983,1.74,1120.0,296.5493408203125,296.1416816711426,-526.2194967651367,0.6231464147567749,0.5512705597281456,,,,,,,,
400000,392,7382.44517489808,4445.45776197457,1.75,1128.22,181.1695792388916,182.0125473022461,-531.5928262329102,0.6449302434921265,0.5566684132814408,,,,,,,,
401000,393,7381.397362900292,4445.842892195694,1.75,1126.98,166.1469927597046,169.5448924255371,-528.6896286010742,0.638020396232605,0.5432888597249985,,,,,,,,
402000,393,7381.397362900292,4445.842892195694,1.75,1126.98,160.12756507873536,161.57690910339355,-526.0353659057618,0.6233921051025391,0.5663364624977112,,,,,,,,
403000,395,7286.837429861073,4392.50761713939,1.74,1114.35,185.41769973754882,183.8055905151367,-525.2864221191406,0.6257150173187256,0.5495678576827049,,,,,,,,
404000,395,7286.837429861073,4392.50761713939,1.74,1114.35,315.4898918914795,316.24129035949704,-524.8749890136719,0.6272774934768677,0.5459430611133576,,,,,,,,
405000,396,7275.313972297449,4385.031011921248,1.74,1112.33,184.93934944152832,180.05496192932128,-527.7124966430664,0.634394109249115,0.5531071469187736,,,,,,,,
406000,397,7349.290135714068,4426.827294549222,1.75,1120.57,292.4256455993652,289.3859470367432,-528.599075012207,0.6221855878829956,0.539726694226265,,,,,,,,
407000,399,7298.742565300289,4401.439283716439,1.74,1114.75,236.11647064208984,230.8461374282837,-525.7772177124024,0.6213982701301575,0.5610171717405319,,,,,,,,
408000,399,7298.742565300289,4401.439283716439,1.74,1114.75,303.3686929321289,310.112195892334,-524.6818942260742,0.6047977209091187,0.539915019273758,,,,,,,,
409000,400,7370.096878333354,4441.985192960053,1.75,1125.25,299.21755363464354,296.82190055847167,-522.7470684814454,0.6352127194404602,0.5569590401649475,,,,,,,,
410000,401,7362.193349002686,4439.264065984377,1.75,1124.69,217.62602737426758,216.16328788757323,-527.9049307250976,0.6256673336029053,0.5428921061754227,,,,,,,,
411000,402,7384.48684748524,4452.333720823861,1.75,1127.1,184.42144813537598,184.6927628326416,-523.9152667236328,0.6354610323905945,0.5490268331766128,,,,,,,,
412000,403,7452.72087584843,4490.653127100344,1.76,1135.22,200.07384384155273,202.25082191467285,-524.9109741210938,0.6368016004562378,0.5589738219976426,,,,,,,,
413000,403,7452.72087584843,4490.653127100344,1.76,1135.22,248.996450881958,256.14610961914065,-524.3078182983398,0.6396619081497192,0.547294254899025,,,,,,,,
414000,404,7534.98702424126,4537.6647595360255,1.77,1146.52,273.2085305786133,269.51600685119627,-525.3459460449219,0.6278938055038452,0.5556621521711349,,,,,,,,
415000,405,7277.58144369252,4391.105299880285,1.74,1122.52,206.0073013305664,203.20194869995117,-523.0193637084961,0.627321720123291,0.5473099234700203,,,,,,,,
416000,406,7326.411782038019,4418.817100589184,1.75,1128.81,178.48229461669922,187.1064047241211,-525.127166442871,0.632199764251709,0.5432594537734985,,,,,,,,
417000,407,7387.9486346410495,4450.859638338043,1.76,1134.31,147.9282492828369,148.9317137145996,-525.3533554077148,0.6217169165611267,0.558194888830185,,,,,,,,
418000,407,7387.9486346410495,4450.859638338043,1.76,1134.31,189.1682992553711,191.35078086853028,-524.4333840942382,0.6326820850372314,0.5444025787711143,,,,,,,,
419000,409,7396.132415634111,4455.431855950969,1.76,1136.28,214.42188613891602,215.7155567932129,-524.6961917114257,0.6240238547325134,0.5463809934258461,,,,,,,,
420000,410,7313.709796020341,4405.1025507200875,1.75,1127.97,198.79108863830567,198.40953315734862,-526.1477276611328,0.6234155893325806,0.5428953316807746,,,,,,,,
421000,412,7085.351623021731,4275.855875088655,1.72,1104.41,211.31989852905272,215.77512130737304,-526.430383605957,0.6350221633911133,0.5523514902591705,,,,,,,,
422000,413,6951.966719064691,4197.152952426803,1.7,1091.56,230.35570419311523,232.78819755554198,-526.4102734375,0.6386528611183167,0.5448550626635551,,,,,,,,
423000,414,6993.40531465798,4215.238026823918,1.71,1096.29,240.70789764404296,246.36546920776368,-528.534213256836,0.6245027780532837,0.5413564383983612,,,,,,,,
424000,414,6993.40531465798,4215.238026823918,1.71,1096.29,147.20182899475097,150.16636947631835,-525.2644934082032,0.6340538263320923,0.5429118919372559,,,,,,,,
425000,415,6990.475406832304,4214.36090629951,1.71,1096.24,255.6996753692627,244.36838584899903,-527.2688989257813,0.6342396140098572,0.5410128495097161,,,,,,,,
426000,416,7002.247493325831,4219.547134318542,1.71,1098.04,189.96234199523926,184.47306190490724,-526.3846871948242,0.6337476968765259,0.5615185987949372,,,,,,,,
427000,417,7010.977135024747,4222.182430669247,1.71,1096.86,227.36249954223632,224.73270126342774,-526.8436404418945,0.6234898567199707,0.5478984853625297,,,,,,,,
428000,418,7008.367110453464,4224.225321324027,1.71,1096.65,195.56224670410157,190.34764556884767,-527.4026513671874,0.646156907081604,0.5494744914770127,,,,,,,,
429000,419,7027.532707588436,4233.675045838024,1.71,1098.45,159.13644577026366,158.91230087280275,-525.976286315918,0.6280205249786377,0.5546063062548637,,,,,,,,
430000,421,6963.530917789892,4197.184541202039,1.7,1090.24,193.31596935272216,189.28134674072265,-526.2940335083008,0.6464933156967163,0.5527329182624817,,,,,,,,
431000,421,6963.530917789892,4197.184541202039,1.7,1090.24,192.77350414276123,190.22721183776855,-522.532247619629,0.6202554702758789,0.5570889192819596,,,,,,,,
432000,422,7021.572276460793,4226.954389894046,1.71,1095.94,219.6943096923828,219.15114974975586,-523.3713265991211,0.6170690655708313,0.5528436225652694,,,,,,,,
433000,423,7021.935094323922,4224.839950102407,1.71,1094.36,158.31406063079834,159.62167335510253,-528.1781872558594,0.6337367296218872,0.5434370124340058,,,,,,,,
434000,423,7021.935094323922,4224.839950102407,1.71,1094.36,249.56699981689454,252.81730163574218,-524.9325726318359,0.6279473304748535,0.5476055908203125,,,,,,,,
435000,425,6993.1695928256095,4212.610239617427,1.7,1092.67,296.2730364990234,302.19558685302735,-527.5455142211914,0.6365782022476196,0.5515102663636208,,,,,,,,
436000,426,6910.578630295872,4164.664883428421,1.69,1085.17,209.5576085662842,205.1072506713867,-527.7152529907227,0.6224560737609863,0.5466749405860901,,,,,,,,
437000,426,6910.578630295872,4164.664883428421,1.69,1085.17,268.6546221160889,278.4538198852539,-524.9934820556641,0.618808388710022,0.5572686251997948,,,,,,,,
438000,427,6950.873615807622,4186.015857229141,1.7,1088.87,184.25278610229492,185.9769524383545,-526.9318078613281,0.6349216103553772,0.5405302116274834,,,,,,,,
439000,428,6997.318084374726,4213.390796512309,1.71,1094.98,258.8407669830322,256.7578913879395,-523.5764184570312,0.625488817691803,0.5585860964655877,,,,,,,,
440000,429,7090.045822790238,4265.723231582949,1.72,1107.45,194.12486320495606,195.90695362091066,-528.291235961914,0.6148265600204468,0.5524325835704803,,,,,,,,
441000,430,7073.110963961043,4255.125768330046,1.72,1104.1,189.6672858428955,186.73971282958985,-528.0988232421874,0.6364448070526123,0.548269200026989,,,,,,,,
442000,431,7015.517257456905,4228.205951856767,1.71,1097.37,138.10425163269042,143.6437664794922,-524.1097473144531,0.634127140045166,0.5397978183627129,,,,,,,,
443000,431,7015.517257456905,4228.205951856767,1.71,1097.37,167.39713142395019,170.56091903686524,-522.1661557006836,0.6284959316253662,0.5445836624503135,,,,,,,,
444000,432,7052.10619764736,4251.211786517859,1.71,1102.4,209.85315185546875,212.09536712646485,-523.6286196899414,0.6390273571014404,0.554252213537693,,,,,,,,
445000,433,7134.233332208571,4295.690430976298,1.72,1111.58,240.9387623977661,256.1547063446045,-520.3761306762696,0.6237691640853882,0.5506958988308907,,,,,,,,
446000,433,7134.233332208571,4295.690430976298,1.72,1111.58,165.4561508178711,169.4726343536377,-522.8981967163086,0.6239938735961914,0.5484983378648758,,,,,,,,
447000,434,7206.539939538501,4336.707843256689,1.73,1121.88,210.73051193237305,211.2014754486084,-523.825412902832,0.6270765662193298,0.5520512184500694,,,,,,,,
448000,434,7206.539939538501,4336.707843256689,1.73,1121.88,222.2025846862793,224.43412811279296,-526.0627297973633,0.6188660860061646,0.547227437198162,,,,,,,,
449000,435,7355.633962524594,4423.650691615587,1.75,1136.43,176.3467632293701,179.17616714477538,-523.2002917480469,0.6446056962013245,0.5483874145150185,,,,,,,,
450000,436,7305.29910218326,4398.396781325241,1.74,1130.73,311.5618988800049,313.0397006988525,-521.5530892944336,0.6271799802780151,0.5633637315034866,,,,,,,,
451000,437,7378.581627047597,4437.89785297513,1.75,1139.1,260.37808822631837,251.25041015625,-518.7725119018555,0.6257277131080627,0.5504651054739952,,,,,,,,
452000,438,7305.867688775458,4399.115052931039,1.74,1129.34,179.41419807434082,175.7064242553711,-522.0884191894531,0.6202749013900757,0.5473976555466652,,,,,,,,
453000,439,7294.229609619544,4394.155509351207,1.74,1128.14,177.14936531066894,173.6922706604004,-523.9306860351562,0.6306345462799072,0.5445682346820832,,,,,,,,
454000,440,7299.445354277309,4399.503291491507,1.74,1130.33,259.8577419281006,258.7586968994141,-523.0996112060546,0.6068962216377258,0.5580511158704757,,,,,,,,
455000,440,7299.445354277309,4399.503291491507,1.74,1130.33,294.84913330078126,297.0515283203125,-519.4767755126953,0.6177244782447815,0.5550473853945732,,,,,,,,
456000,441,7324.148827005586,4414.612089056637,1.74,1134.73,205.82869483947755,206.94622200012208,-522.2732998657226,0.6447138786315918,0.5461499989032745,,,,,,,,
457000,442,7326.726643670952,4418.604204030008,1.74,1136.32,175.02743900299072,174.3353234100342,-520.3872149658204,0.6129820346832275,0.5490318936109543,,,,,,,,
458000,443,7337.748004233994,4423.272839550777,1.74,1137.32,261.4014464950562,261.63519248962405,-519.3190216064453,0.612674355506897,0.5492222753167152,,,,,,,,
459000,444,7322.029829951445,4412.322973067791,1.74,1133.87,189.8672309112549,194.03518524169922,-519.0958615112305,0.6308591961860657,0.5524484279751778,,,,,,,,
460000,444,7322.029829951445,4412.322973067791,1.74,1133.87,217.6339752960205,215.6729256439209,-518.9510842895507,0.6206284761428833,0.5627410715818405,,,,,,,,
461000,445,7358.27329954029,4433.745125310759,1.75,1137.92,251.65778686523439,250.56363677978516,-521.3310876464843,0.6401669979095459,0.5481933471560478,,,,,,,,
462000,446,7378.024541694732,4442.828655220563,1.75,1139.77,194.87468208312987,189.7635898590088,-522.442864074707,0.6280837059020996,0.5489616605639458,,,,,,,,
463000,447,7355.338909903683,4428.771183575708,1.75,1136.56,156.45121170043944,155.17107467651368,-520.7993215942383,0.6255859732627869,0.5476473146677017,,,,,,,,
464000,448,7310.01631825381,4400.920259436095,1.74,1133.24,203.91781898498536,206.73614891052247,-519.4367324829102,0.6335423588752747,0.552813112437725,,,,,,,,
465000,449,7301.0074577297455,4395.683138367188,1.74,1132.28,239.99180946350097,229.68033668518066,-519.8580490112305,0.6334406137466431,0.54220293790102,,,,,,,,
466000,450,7322.857732214228,4412.0070473469805,1.74,1134.13,206.65529579162597,215.06446662902832,-519.2349990844726,0.6335048675537109,0.5452942454814911,,,,,,,,
467000,451,7311.382144205991,4407.0718601665185,1.74,1133.53,168.11893272399902,163.62582164764405,-522.8616983032226,0.6274095773696899,0.5318976789712906,,,,,,,,
468000,452,7358.913045834534,4430.651309303558,1.75,1137.98,192.14357749938964,201.34920070648192,-519.0084396362305,0.6515348553657532,0.5286303523182869,,,,,,,,
469000,452,7358.913045834534,4430.651309303558,1.75,1137.98,308.3385208892822,324.2430743408203,-519.0540786743164,0.627721905708313,0.548630881011486,,,,,,,,
470000,454,7372.314324682888,4438.6238153665445,1.75,1137.19,235.43667335510253,236.6670043182373,-516.4489965820312,0.6090679168701172,0.5446687057614327,,,,,,,,
471000,454,7372.314324682888,4438.6238153665445,1.75,1137.19,264.04629013061526,270.3241157531738,-518.9977947998046,0.6207771897315979,0.5536251392960548,,,,,,,,
472000,455,7376.061379396594,4440.639074493172,1.75,1138.83,305.88076934814455,304.12605041503906,-520.4967459106446,0.6345012784004211,0.5513501024246216,,,,,,,,
473000,456,7431.438878089737,4468.743137407,1.76,1145.65,402.07729972839354,401.5768470001221,-518.5332723999023,0.6293136477470398,0.5525793376564979,,,,,,,,
474000,457,7405.795320977473,4457.238235052508,1.76,1142.48,167.95128234863282,167.34658096313476,-514.5002255249024,0.6373640298843384,0.5462171486020089,,,,,,,,
475000,457,7405.795320977473,4457.238235052508,1.76,1142.48,169.45470932006836,166.95068084716797,-517.5469543457032,0.6078066229820251,0.5531970140337944,,,,,,,,
476000,458,7375.583932860342,4435.38647710527,1.76,1137.77,177.51262428283692,179.94227821350097,-517.4928887939453,0.6270028352737427,0.5483827650547027,,,,,,,,
477000,459,7411.631328065909,4454.764470853744,1.76,1142.36,176.88550834655763,171.7659588623047,-516.2258227539063,0.6190215945243835,0.5547330999374389,,,,,,,,
478000,460,7373.758602312674,4434.308044467378,1.75,1138.69,158.89413711547851,160.62546150207518,-517.0244879150391,0.6239973902702332,0.5522859752178192,,,,,,,,
479000,460,7373.758602312674,4434.308044467378,1.75,1138.69,181.7310238647461,162.53566680908204,-519.1162753295898,0.6175801753997803,0.5518906718492508,,,,,,,,
480000,461,7468.421373304723,4489.759115607562,1.76,1149.19,237.97293174743652,236.59564109802247,-514.1974780273438,0.6138778924942017,0.5382147958874702,,,,,,,,
481000,461,7468.421373304723,4489.759115607562,1.76,1149.19,251.74129364013672,240.06517097473144,-517.9014083862305,0.6205939650535583,0.5575744920969009,,,,,,,,
482000,462,7495.426903902916,4506.336182989884,1.76,1152.19,271.02697868347167,278.7225757598877,-519.9913842773437,0.6268083453178406,0.5413015577197074,,,,,,,,
483000,464,7449.551387372348,4482.700452774537,1.75,1147.77,192.6885891342163,192.0183563232422,-518.5068997192383,0.615691065788269,0.5426747626066208,,,,,,,,
484000,465,7373.256778831057,4441.655492637983,1.74,1137.53,198.3225481414795,190.50342391967774,-518.2259362792969,0.6149494051933289,0.5509501761198043,,,,,,,,
485000,466,7371.343081445433,4436.982899929259,1.74,1137.94,282.64698066711424,276.2973571014404,-518.7641006469727,0.6194984912872314,0.5532675918936729,,,,,,,,
486000,466,7371.343081445433,4436.982899929259,1.74,1137.94,263.49073204040525,254.92372421264648,-518.4624841308594,0.6243140697479248,0.5478815290331841,,,,,,,,
487000,467,7405.148084016029,4454.902607958576,1.74,1142.04,169.9122201538086,177.42285980224608,-521.3172225952148,0.6279069185256958,0.5357772508263587,,,,,,,,
488000,468,7410.943271939665,4458.218041458019,1.74,1142.18,301.46594955444334,313.25349746704103,-517.2488888549805,0.6123855710029602,0.5535204243659974,,,,,,,,
489000,469,7418.603181309602,4462.8347595913765,1.74,1142.8,172.32932861328126,174.86615745544432,-516.2633447265625,0.6051598191261292,0.5536743825674058,,,,,,,,
490000,469,7418.603181309602,4462.8347595913765,1.74,1142.8,142.6189877319336,140.09918212890625,-519.381057434082,0.6153508424758911,0.552739188671112,,,,,,,,
491000,470,7428.30582410494,4467.70663201007,1.74,1143.59,149.33829696655275,151.35665885925292,-516.3108807373047,0.6275384426116943,0.5365847522020339,,,,,,,,
492000,471,7466.066882700464,4490.071203214038,1.75,1146.79,219.5527896118164,220.0874024963379,-516.6334429931641,0.6235514283180237,0.5449973160028457,,,,,,,,
493000,472,7477.530309076709,4494.069330724948,1.75,1148.08,191.7228519821167,191.83998252868653,-516.8290017700195,0.6133623123168945,0.5445769453048706,,,,,,,,
494000,472,7477.530309076709,4494.069330724948,1.75,1148.08,239.95375282287597,243.61844360351563,-516.4264059448242,0.6371107697486877,0.5544065389037133,,,,,,,,
495000,473,7490.364309667648,4499.838235328192,1.75,1149.01,209.61672023773193,215.27822174072264,-516.912783203125,0.6264995336532593,0.5562968039512635,,,,,,,,
496000,474,7505.479069928638,4504.324649571147,1.75,1149.27,188.7480122756958,185.82480213165283,-517.2163500976562,0.587892472743988,0.5653411018848419,,,,,,,,
497000,475,7473.349271107835,4488.538702405827,1.74,1146.26,249.98448387145996,243.85412467956542,-516.7936672973633,0.6039945483207703,0.549114091694355,,,,,,,,
498000,476,7548.309170951099,4527.919481700568,1.75,1154.95,172.1996563720703,167.878959274292,-519.5579516601563,0.6183757781982422,0.551248453259468,,,,,,,,
499000,478,7455.083608943234,4477.000485307344,1.73,1145.7,387.4797472381592,381.51520248413084,-513.68396484375,0.6101052761077881,0.5413705518841744,,,,,,,,
500000,478,7455.083608943234,4477.000485307344,1.73,1145.7,233.2786321258545,232.50591217041017,-514.6353393554688,0.6024401187896729,0.5531521946191787,,,,,,,,
501000,480,7474.077754743787,4483.59326124324,1.73,1147.39,162.10283111572267,160.47649139404297,-515.8319479370117,0.6364843845367432,0.5336588850617409,,,,,,,,
502000,481,7496.176051934212,4496.0787168590505,1.74,1148.49,266.39726516723636,265.9072679901123,-516.908426208496,0.6132281422615051,0.5412629327178001,,,,,,,,
503000,482,7526.850581135377,4509.084746513508,1.75,1151.79,217.73473434448243,224.9916212463379,-517.8165890502929,0.6223530173301697,0.5450879099965096,,,,,,,,
504000,482,7526.850581135377,4509.084746513508,1.75,1151.79,390.7970829772949,388.19804359436034,-515.8640710449218,0.6242340803146362,0.5420798760652542,,,,,,,,
505000,483,7622.7195786043385,4565.386512303525,1.76,1161.28,355.2675463867188,361.4339818572998,-517.0769345092773,0.6272604465484619,0.5385962548851967,,,,,,,,
506000,483,7622.7195786043385,4565.386512303525,1.76,1161.28,154.40983032226563,161.9541986846924,-519.2367547607422,0.6004997491836548,0.5524839597940445,,,,,,,,
507000,484,7633.5973528077975,4574.260095891037,1.76,1164.0,226.62239238739014,230.88421134948732,-514.0063107299804,0.6090413331985474,0.5531190553307533,,,,,,,,
508000,485,7633.905407831177,4574.439624753678,1.76,1164.0,285.80732025146483,283.83347694396974,-516.2687890625,0.6193726062774658,0.5488419711589814,,,,,,,,
509000,486,7636.62714053244,4581.469198916136,1.76,1163.78,219.7393603515625,220.39974166870118,-518.9511798095704,0.6238828897476196,0.5482460790872574,,,,,,,,
510000,487,7642.380840347358,4584.857845696118,1.76,1164.16,146.37700691223145,143.92383132934572,-513.8555651855469,0.6292046904563904,0.5528360021114349,,,,,,,,
511000,488,7545.746977461981,4526.141931905916,1.75,1154.06,141.91134422302247,143.47186752319337,-518.6384750366211,0.6212363243103027,0.5461689299345016,,,,,,,,
512000,489,7470.973128618386,4482.940799171673,1.74,1146.97,199.20149185180665,195.63418075561523,-515.9099911499023,0.6177989840507507,0.5562113192677498,,,,,,,,
513000,490,7516.031996599589,4505.06281961737,1.75,1151.56,197.2951431274414,195.80381740570067,-514.9763699340821,0.6320720314979553,0.5582122686505318,,,,,,,,
514000,491,7525.18661572704,4511.275438023754,1.75,1152.44,181.65851104736328,183.00448669433592,-515.3981896972656,0.6175232529640198,0.5518720945715905,,,,,,,,
515000,492,7518.961754390791,4509.5499346253655,1.75,1151.36,355.62423690795896,357.3271267700195,-516.8572259521484,0.6131928563117981,0.5420524492859841,,,,,,,,
516000,493,7523.462531469167,4511.198746833366,1.75,1153.36,270.94817016601564,267.26876388549806,-518.3001046752929,0.6252584457397461,0.5442134264111519,,,,,,,,
517000,493,7523.462531469167,4511.198746833366,1.75,1153.36,246.98502601623534,249.41314468383788,-522.0905859375,0.6364622116088867,0.5485701808333396,,,,,,,,
518000,494,7598.615102462475,4551.563209784868,1.76,1159.54,290.8923181152344,295.17738121032716,-520.3740682983398,0.6239475011825562,0.5404738488793374,,,,,,,,
519000,495,7632.24224488065,4568.890347658047,1.77,1163.04,240.38714790344238,236.9799503326416,-519.2780963134766,0.5970373153686523,0.5438702595233917,,,,,,,,
520000,495,7632.24224488065,4568.890347658047,1.77,1163.04,170.6400302886963,179.9289344024658,-517.4974606323242,0.621315598487854,0.5598651757836342,,,,,,,,
521000,496,7693.054861954185,4603.334550984514,1.78,1167.3,312.9825894165039,320.5503017425537,-516.8271630859375,0.6063485741615295,0.5410019120573998,,,,,,,,
522000,497,7620.459381824113,4561.429526802943,1.77,1160.35,271.74023941040036,279.6532903289795,-517.8412902832031,0.6131727695465088,0.539929321706295,,,,,,,,
523000,498,7678.343111251801,4593.573862913629,1.78,1167.24,159.66252319335936,160.66719017028808,-518.8449676513671,0.6143360733985901,0.5540083661675453,,,,,,,,
524000,499,7674.849567255237,4593.544574625066,1.78,1167.14,178.094208984375,174.10867156982422,-515.5782998657227,0.6123215556144714,0.5511334413290023,,,,,,,,
525000,500,7672.116870913188,4587.203544164525,1.78,1163.55,356.5878189086914,358.1950295257568,-522.7887258911132,0.6069083213806152,0.549810499548912,,,,,,,,
526000,500,7672.116870913188,4587.203544164525,1.78,1163.55,254.44857963562012,256.89526298522946,-514.2355062866211,0.6006848812103271,0.5529676952958107,,,,,,,,
527000,501,7750.804277529638,4629.81877222622,1.79,1172.25,252.3328289413452,249.815004196167,-517.1682656860352,0.6072666645050049,0.5497457319498062,,,,,,,,
528000,502,7756.773099737713,4635.142637530573,1.79,1172.47,253.28804565429687,252.01490570068358,-520.8851724243164,0.6146892309188843,0.5568832689523697,,,,,,,,
529000,503,7730.79979904527,4619.067419295429,1.79,1168.89,224.15799278259277,225.32285118103027,-521.3085516357422,0.6141662001609802,0.5469173616170884,,,,,,,,
530000,503,7730.79979904527,4619.067419295429,1.79,1168.89,240.4476860809326,241.21523880004884,-521.7434622192383,0.6322662830352783,0.5579843175411224,,,,,,,,
531000,504,7723.381039515201,4612.383787233864,1.79,1166.69,268.1722910308838,269.80707542419435,-520.7540621948242,0.6133374571800232,0.5503316861391068,,,,,,,,
532000,505,7765.180570205481,4631.041356023955,1.8,1170.82,185.86217407226562,184.71198013305664,-522.552028503418,0.6219446063041687,0.546818986237049,,,,,,,,
533000,505,7765.180570205481,4631.041356023955,1.8,1170.82,208.35744651794434,210.2595768737793,-521.441081237793,0.6288260817527771,0.5429074543714524,,,,,,,,
534000,507,7748.546537443626,4620.590696951942,1.79,1171.1,153.44941535949707,152.54237770080567,-521.4786111450195,0.6254606246948242,0.5551546090841293,,,,,,,,
535000,508,7728.419616466356,4607.553613553343,1.79,1167.54,235.96359733581542,235.38415130615235,-524.4614630126953,0.647292971611023,0.5483635762333869,,,,,,,,
536000,509,7733.238562555564,4610.532991311828,1.79,1167.71,169.64022994995116,173.4345905303955,-519.450546875,0.6225931644439697,0.5516165429353714,,,,,,,,
537000,510,7733.408350140748,4610.638357955371,1.79,1167.51,166.97206489562987,169.80598838806154,-520.0723941040039,0.6278799772262573,0.5618970608711242,,,,,,,,
538000,510,7733.408350140748,4610.638357955371,1.79,1167.51,185.5272776412964,183.50981559753419,-517.9356689453125,0.6284646987915039,0.5501024109125138,,,,,,,,
539000,511,7819.7204518910885,4654.904160487026,1.8,1177.72,220.56502521514892,224.31480255126954,-522.8709466552734,0.6221219301223755,0.5373998302221298,,,,,,,,
540000,512,7897.167473764031,4699.557107513067,1.81,1186.34,322.6973523712158,325.21882987976073,-522.4769943237304,0.623043417930603,0.5399690067768097,,,,,,,,
541000,513,7944.906855892681,4725.109618649655,1.82,1190.84,308.6248806762695,311.30880592346193,-518.3503890991211,0.6035287380218506,0.5656162679195404,,,,,,,,
542000,514,7911.936813033817,4713.743610768193,1.81,1186.15,270.8907300567627,269.2705308532715,-520.1826025390625,0.626569390296936,0.5532283452153206,,,,,,,,
543000,515,7917.760913039854,4717.18088368037,1.81,1186.59,222.1999147796631,219.50936691284178,-522.0400408935546,0.6200484037399292,0.5473264530301094,,,,,,,,
544000,516,7890.63604049936,4703.15801638104,1.81,1182.54,241.72470741271974,243.33942443847656,-523.3570431518555,0.6276907324790955,0.5432643422484398,,,,,,,,
545000,516,7890.63604049936,4703.15801638104,1.81,1182.54,316.31829132080077,318.2863394927979,-522.2799322509766,0.6246259808540344,0.5435623127222061,,,,,,,,
546000,518,7888.514997513974,4698.278891227256,1.81,1183.77,263.90286209106443,261.50005134582517,-521.8010052490234,0.6228131651878357,0.5598338714241982,,,,,,,,
547000,519,7842.1339220058535,4673.385110940371,1.8,1179.47,191.66657569885254,186.18916564941406,-525.928258972168,0.6226975321769714,0.5491146272420884,,,,,,,,
548000,520,7839.506499770785,4671.935592526074,1.8,1178.72,221.20940162658692,222.6937205505371,-526.0381750488282,0.6276185512542725,0.5459781327843666,,,,,,,,
549000,520,7839.506499770785,4671.935592526074,1.8,1178.72,364.50221588134764,340.51191429138186,-525.492191772461,0.6238835453987122,0.5502389395236968,,,,,,,,
550000,521,7997.384155415345,4760.19258971779,1.82,1196.1,197.93183883666993,199.76133865356445,-521.0222924804688,0.615421712398529,0.5540277081727981,,,,,,,,
551000,522,7927.044507690643,4725.0384525772315,1.81,1189.0,181.3026052093506,184.98334236145018,-524.9129327392578,0.6233140230178833,0.5462422427535057,,,,,,,,
552000,523,7917.640959525842,4723.818707014362,1.81,1188.73,188.33950340270997,188.4205394744873,-522.4497268676757,0.6102527976036072,0.5440656435489655,,,,,,,,
553000,524,7851.88663319467,4687.296557815487,1.8,1180.15,173.09510971069335,183.1263262939453,-523.7216018676758,0.6188329458236694,0.5621167427301407,,,,,,,,
554000,524,7851.88663319467,4687.296557815487,1.8,1180.15,219.64015296936034,215.72779594421388,-527.4330307006836,0.6291284561157227,0.5565628725290298,,,,,,,,
555000,525,7985.513674994444,4761.612006283822,1.82,1194.07,248.77975273132324,246.76313766479493,-525.7151913452149,0.612786054611206,0.5585198497772217,,,,,,,,
556000,526,8011.179776530351,4775.634545236771,1.82,1197.74,211.41232933044432,218.80750144958495,-527.0349322509766,0.6210054159164429,0.5627122271060944,,,,,,,,
557000,527,8009.461241271791,4774.620531908953,1.82,1197.14,231.56821434020995,229.82304580688478,-526.9477795410156,0.6330787539482117,0.550442464351654,,,,,,,,
558000,527,8009.461241271791,4774.620531908953,1.82,1197.14,212.665147895813,208.55893463134765,-527.4735137939454,0.621769368648529,0.5542146277427673,,,,,,,,
559000,528,8026.434779703825,4782.623514194208,1.82,1199.2,218.6498317718506,202.08125999450684,-526.4284481811524,0.6188513040542603,0.5591033494472504,,,,,,,,
560000,529,8000.066075308185,4766.351683663162,1.82,1195.2,170.716283493042,171.49083717346193,-525.2650164794921,0.6275579333305359,0.5509512916207313,,,,,,,,
561000,530,7998.159904029054,4765.380673223462,1.82,1195.0,167.25869567871095,162.40859367370606,-527.9400680541992,0.6315057277679443,0.5356351312994957,,,,,,,,
562000,532,7901.972795024675,4709.17424109277,1.81,1182.48,203.5464942932129,197.71956428527832,-526.8679403686524,0.614393413066864,0.5514311602711678,,,,,,,,
563000,533,7892.686827240673,4706.412503168717,1.81,1181.77,204.17786155700685,197.6770175933838,-525.745708618164,0.6005305647850037,0.5480124491453171,,,,,,,,
564000,534,7862.322574044628,4689.312634782097,1.81,1175.0,172.03410820007323,167.65697921752928,-527.1530944824219,0.6252531409263611,0.5563913297653198,,,,,,,,
565000,534,7862.322574044628,4689.312634782097,1.81,1175.0,295.8968347930908,289.3692151641846,-527.3842257690429,0.6402456164360046,0.5500813120603562,,,,,,,,
566000,535,7793.470020968472,4646.142473055694,1.8,1168.08,208.49819137573243,209.73935905456543,-526.0864343261719,0.6076626181602478,0.556422917842865,,,,,,,,
567000,536,7855.392664441204,4682.400115648928,1.81,1175.75,216.8773794555664,214.61414199829102,-528.2573315429687,0.6266992092132568,0.5438188147544861,,,,,,,,
568000,537,7796.644930654501,4649.435596800627,1.8,1169.23,203.73691123962402,203.22136306762695,-526.0928356933593,0.6309775114059448,0.558424671292305,,,,,,,,
569000,538,7850.718285191136,4678.658369982114,1.81,1174.39,221.59452243804932,226.4676836013794,-527.3461831665039,0.6463998556137085,0.5446377140283585,,,,,,,,
570000,539,7870.0643561331035,4687.980248757467,1.81,1176.19,228.92696510314943,228.35569046020507,-528.0384002685547,0.6184760332107544,0.5570995977520943,,,,,,,,
571000,539,7870.0643561331035,4687.980248757467,1.81,1176.19,230.03311950683593,239.23109107971192,-526.5741940307618,0.6261006593704224,0.5512538945674896,,,,,,,,
572000,540,7879.652382859637,4691.282311786377,1.81,1175.69,181.45330879211426,172.60153778076173,-532.7903924560546,0.6435872316360474,0.5432390213012696,,,,,,,,
573000,541,7877.556898169797,4690.062854615836,1.81,1175.09,266.547010345459,259.0099722290039,-529.2417846679688,0.6309041976928711,0.5619971758127212,,,,,,,,
574000,541,7877.556898169797,4690.062854615836,1.81,1175.09,210.67436935424806,209.35591354370118,-526.8883715820313,0.6362356543540955,0.5550051066279411,,,,,,,,
575000,542,7885.741261085021,4694.769018727441,1.81,1175.69,213.83147415161133,227.96769790649415,-530.7405731201172,0.6438177824020386,0.5584242609143257,,,,,,,,
576000,544,7842.108498435174,4669.06261865901,1.8,1170.13,176.3114892578125,182.30868598937988,-524.6187026977539,0.6293052434921265,0.5463500979542733,,,,,,,,
577000,545,7796.102390443055,4641.780047218,1.79,1165.7,258.4303677368164,255.97933586120607,-526.7378082275391,0.6296463012695312,0.552581592798233,,,,,,,,
578000,546,7725.124816131087,4601.669203278096,1.78,1158.6,188.65454063415527,191.67414619445802,-523.9149713134766,0.6453341245651245,0.5322754845023155,,,,,,,,
579000,547,7750.483430426637,4612.876358093908,1.78,1161.6,258.1219783782959,245.3531315612793,-527.3546566772461,0.6146551966667175,0.5448937147855759,,,,,,,,
580000,547,7750.483430426637,4612.876358093908,1.78,1161.6,310.34647605896,317.47334449768067,-528.6329013061523,0.6197824478149414,0.56863415569067,,,,,,,,
581000,548,7873.090355556615,4685.593227855553,1.8,1173.03,215.11670921325683,217.33297416687012,-530.7579473876954,0.630558431148529,0.5498761895298958,,,,,,,,
582000,549,7889.09637023317,4693.251170464815,1.8,1174.18,181.45393112182617,189.7103416442871,-527.1676821899414,0.6070945262908936,0.550239939391613,,,,,,,,
583000,550,7817.754058430771,4649.5768457495615,1.79,1166.48,227.86941261291503,238.31046241760254,-528.3028228759765,0.6338418126106262,0.5669979935884476,,,,,,,,
584000,551,7813.347863522898,4646.925782950518,1.79,1165.78,349.2094010925293,348.12379707336424,-529.795558166504,0.6282097101211548,0.5478573775291443,,,,,,,,
585000,552,7826.6912686098585,4658.117828341882,1.79,1168.35,219.3288794708252,228.48223709106446,-528.4404840087891,0.6275500059127808,0.5473424312472344,,,,,,,,
586000,553,7808.260681999905,4643.892766320453,1.79,1165.76,278.78865234375,283.2102715301514,-531.8772225952148,0.6239763498306274,0.5497106963396072,,,,,,,,
587000,554,7860.528226866957,4675.54270571448,1.8,1171.72,199.85340759277344,201.82329986572265,-534.1395767211914,0.621971607208252,0.5668468797206878,,,,,,,,
588000,555,7834.556357168147,4659.647038087636,1.8,1167.92,228.69189109802247,230.1245848083496,-531.3876745605469,0.6168885827064514,0.55721633374691,,,,,,,,
589000,555,7834.556357168147,4659.647038087636,1.8,1167.92,338.12000938415525,333.5774882507324,-532.5681671142578,0.6308486461639404,0.5502577909827232,,,,,,,,
590000,556,7812.391958919259,4651.139792953245,1.8,1165.14,204.57221000671387,201.87513229370117,-531.9978552246093,0.6422279477119446,0.5504793256521225,,,,,,,,
591000,557,7820.237529314618,4655.785262604474,1.8,1165.77,149.21124168395997,145.68974143981933,-530.0946295166016,0.6460110545158386,0.5473280721902847,,,,,,,,
592000,557,7820.237529314618,4655.785262604474,1.8,1165.77,147.40131507873537,143.089262008667,-536.5706506347656,0.6332712769508362,0.5469086280465126,,,,,,,,
593000,558,7850.251112624575,4671.992002514855,1.8,1171.17,242.87456001281737,243.96722076416015,-530.6915863037109,0.6352112293243408,0.548861114680767,,,,,,,,
594000,559,7820.080544529392,4653.6397633992565,1.8,1167.72,261.9700789642334,263.8750762176514,-531.5345223999024,0.6548506617546082,0.5431033462285996,,,,,,,,
595000,559,7820.080544529392,4653.6397633992565,1.8,1167.72,278.6286528778076,282.0261643218994,-530.0978457641602,0.6375319957733154,0.548485996723175,,,,,,,,
596000,560,7960.30166440638,4729.245328708381,1.82,1181.93,313.21832580566405,309.1118920135498,-533.2670483398438,0.6344131231307983,0.5587050795555115,,,,,,,,
597000,561,7868.602053359816,4675.457865590661,1.81,1171.63,162.8280805206299,158.15852935791017,-532.1745254516602,0.6389971375465393,0.5494470772147179,,,,,,,,
598000,562,7842.321831002436,4659.574883343335,1.81,1167.43,226.80896865844727,216.44630096435546,-532.9909262084961,0.6334522366523743,0.539933950304985,,,,,,,,
599000,563,7803.202161915784,4636.373469102371,1.8,1163.09,191.6904683303833,194.47620803833007,-532.2867800903321,0.6354221105575562,0.5503297883272171,,,,,,,,
600000,564,7857.874728257772,4665.879475875857,1.81,1169.56,266.23125411987303,268.74782402038574,-535.8655267333984,0.6510521769523621,0.5483095198869705,,,,,,,,
601000,564,7857.874728257772,4665.879475875857,1.81,1169.56,327.98212631225584,331.09881858825685,-530.3283959960937,0.6490383744239807,0.5520507609844207,,,,,,,,
602000,566,7888.986449110571,4686.6021937471605,1.81,1172.7,247.76110816955565,243.73992431640625,-528.4844839477539,0.6610774993896484,0.5473309201002121,,,,,,,,
603000,567,7861.69550678039,4672.633843632713,1.81,1168.63,254.2004314804077,262.83835975646974,-533.9970031738281,0.6257246732711792,0.5452412953972816,,,,,,,,
604000,567,7861.69550678039,4672.633843632713,1.81,1168.63,172.13227935791016,173.2935484313965,-535.5682275390625,0.6491726636886597,0.5481021869182586,,,,,,,,
605000,568,7854.210774028062,4670.226734542575,1.81,1168.61,197.83252296447753,197.47142242431642,-535.0871130371094,0.643175482749939,0.5430107119679451,,,,,,,,
606000,568,7854.210774028062,4670.226734542575,1.81,1168.61,184.50114524841308,191.76510513305664,-531.6124011230469,0.6419925689697266,0.554684539437294,,,,,,,,
607000,570,7867.591463622576,4679.530778369458,1.81,1167.03,279.30227462768556,300.11825942993164,-531.2685153198242,0.6608383655548096,0.5368827652931213,,,,,,,,
608000,570,7867.591463622576,4679.530778369458,1.81,1167.03,229.30134414672852,219.80405403137206,-536.1016970825195,0.6589198708534241,0.5512123003602027,,,,,,,,
609000,572,7806.517583124131,4647.425578010542,1.8,1159.95,208.78319709777833,210.0026877975464,-533.2773934936523,0.6430964469909668,0.5433227899670601,,,,,,,,
610000,573,7798.577604043793,4644.554595142431,1.8,1157.94,190.42293975830077,185.34361946105957,-532.8466253662109,0.6269975900650024,0.5546190837025642,,,,,,,,
611000,573,7798.577604043793,4644.554595142431,1.8,1157.94,261.11018035888674,259.87748863220213,-532.070412902832,0.6580313444137573,0.5499725258350372,,,,,,,,
612000,574,7799.1185701446775,4647.488228613216,1.8,1159.34,180.9954183959961,176.07165031433107,-536.6999462890625,0.647400438785553,0.5527883532643318,,,,,,,,
613000,576,7714.988021331963,4599.169709328115,1.79,1150.3,231.7717000579834,228.19535186767578,-535.7162524414063,0.6274077892303467,0.5398538023233413,,,,,,,,
614000,576,7714.988021331963,4599.169709328115,1.79,1150.3,316.7657487487793,315.86327972412107,-533.2265081787109,0.6549047827720642,0.5480381098389625,,,,,,,,
615000,576,7714.988021331963,4599.169709328115,1.79,1150.3,319.20436920166014,316.85385887146,-537.4598776245117,0.6395605802536011,0.5480128306150437,,,,,,,,
616000,577,7896.865627555502,4704.0683208926985,1.81,1170.51,270.63114692687986,226.2176936340332,-536.4795480346679,0.6426123380661011,0.5511764764785767,,,,,,,,
617000,578,7944.155481119673,4732.227928316089,1.82,1176.04,254.31869415283202,253.6041632080078,-532.6469689941406,0.6306219696998596,0.5501289245486259,,,,,,,,
618000,579,7959.195212340372,4739.266171286613,1.82,1177.84,216.90938995361327,213.19812576293944,-536.4178118896484,0.6405587196350098,0.5509262195229531,,,,,,,,
619000,579,7959.195212340372,4739.266171286613,1.82,1177.84,236.72962631225585,241.11992012023927,-533.9328549194336,0.6361333727836609,0.5481910958886147,,,,,,,,
620000,581,7965.441069692336,4745.522259627939,1.82,1177.99,224.16697227478028,225.9626142883301,-538.3777206420898,0.649559736251831,0.5487008672952652,,,,,,,,
621000,581,7965.441069692336,4745.522259627939,1.82,1177.99,200.8045295715332,195.26156051635743,-534.4268612670899,0.6477706432342529,0.5482391431927681,,,,,,,,
622000,582,8019.020235164647,4782.6005177711595,1.82,1185.03,244.521948928833,238.39966598510742,-537.5105596923828,0.6440228223800659,0.5427842363715172,,,,,,,,
623000,583,7907.9913120050805,4717.51130781902,1.81,1173.38,326.30158088684084,323.4964008331299,-536.3230520629883,0.6592143177986145,0.5475361356139183,,,,,,,,
624000,584,7903.836083703724,4715.085495428955,1.81,1172.58,223.77982696533203,231.37031539916993,-537.7148928833008,0.6540022492408752,0.5490327131748199,,,,,,,,
625000,584,7903.836083703724,4715.085495428955,1.81,1172.58,295.5906215667725,292.78694244384764,-536.9626016235352,0.6532649397850037,0.5372109943628312,,,,,,,,
626000,585,7986.837732341537,4767.775130672646,1.82,1179.82,330.07179862976074,331.26674148559573,-539.2138067626953,0.6569391489028931,0.5385505083203316,,,,,,,,
627000,586,7983.830107653234,4765.960884799791,1.82,1180.06,320.6619035339356,318.9219151306152,-541.9571157836914,0.6467756032943726,0.5359245029091835,,,,,,,,
628000,587,7994.124185954641,4771.728593434632,1.82,1183.0,338.3046337890625,349.53512619018557,-536.1627828979492,0.6437528133392334,0.5664010465145111,,,,,,,,
629000,588,7948.5249816814185,4747.4170828599035,1.81,1178.41,181.41307235717773,182.29269874572753,-536.117534790039,0.635081946849823,0.5530029925704002,,,,,,,,
630000,589,7951.91864703216,4749.452754992476,1.81,1178.41,181.03861358642578,181.77697135925294,-539.6511077880859,0.6683245301246643,0.5478450956940651,,,,,,,,
631000,590,7967.802792894005,4756.812503363932,1.81,1180.74,250.74632675170898,261.6605876541138,-534.4817999267578,0.6449024677276611,0.5547830215096474,,,,,,,,
632000,590,7967.802792894005,4756.812503363932,1.81,1180.74,345.14729064941406,353.2131399536133,-537.4428512573243,0.6533658504486084,0.556939991414547,,,,,,,,
633000,590,7967.802792894005,4756.812503363932,1.81,1180.74,484.1225241088867,489.7298526763916,-537.0676434326172,0.6454814076423645,0.5475572267174721,,,,,,,,
634000,591,8110.8235005262995,4838.343227470355,1.83,1196.17,221.99787017822266,216.48749565124513,-539.4330679321289,0.6338803172111511,0.551213481426239,,,,,,,,
635000,592,8098.770015751564,4828.796038241726,1.83,1193.92,196.22953735351564,200.11890235900879,-537.6783129882813,0.6339215040206909,0.5422184121608734,,,,,,,,
636000,593,8112.966625860429,4832.649074835514,1.83,1194.45,364.6833725357056,381.0657611846924,-538.2156430053711,0.6623156666755676,0.5388069450855255,,,,,,,,
637000,594,8013.650919857788,4778.385663694089,1.82,1185.2,209.8967029571533,214.27702278137207,-538.7168295288086,0.6357058882713318,0.5321969231963157,,,,,,,,
638000,594,8013.650919857788,4778.385663694089,1.82,1185.2,250.06982307434083,251.16596458435058,-538.347380065918,0.6555997133255005,0.5490510323643685,,,,,,,,
639000,595,8135.058101808267,4850.430695885498,1.83,1198.62,257.9212720489502,258.36217056274415,-533.4538446044921,0.6291947960853577,0.5584685543179512,,,,,,,,
640000,595,8135.058101808267,4850.430695885498,1.83,1198.62,258.68551231384276,262.648479385376,-540.7227212524414,0.6504988670349121,0.5407816877961159,,,,,,,,
641000,597,8071.418373725599,4816.460247616895,1.82,1191.66,188.8961972808838,181.58760452270508,-541.1127838134765,0.6485880613327026,0.5436990413069726,,,,,,,,
642000,597,8071.418373725599,4816.460247616895,1.82,1191.66,297.5026898956299,290.1581188964844,-538.7259585571289,0.6364659070968628,0.5553551173210144,,,,,,,,
643000,598,8088.473890163969,4827.900671261772,1.82,1194.64,263.63851654052735,265.5044046020508,-537.5771115112304,0.642488420009613,0.5404385390877724,,,,,,,,
644000,599,8162.373542124809,4871.096091504398,1.83,1202.39,272.4301889038086,276.71438652038574,-536.9843182373047,0.6444603800773621,0.5455744007229805,,,,,,,,
645000,600,8096.337789194473,4838.382276884385,1.82,1195.49,193.8721923828125,194.95258018493652,-540.2266580200195,0.6338210701942444,0.5457745182514191,,,,,,,,
646000,600,8096.337789194473,4838.382276884385,1.82,1195.49,231.43704734802247,229.29778938293458,-539.858056640625,0.6326369047164917,0.5554642614722252,,,,,,,,
647000,601,8157.684698148472,4875.646762116635,1.83,1201.59,291.5084686279297,285.2069221496582,-541.3458871459961,0.6321637034416199,0.5466975265741348,,,,,,,,
648000,603,8055.914721362817,4818.285522522618,1.81,1190.98,173.18556526184082,175.47307586669922,-539.1589212036133,0.6401208639144897,0.5475320333242416,,,,,,,,
649000,603,8055.914721362817,4818.285522522618,1.81,1190.98,229.07616157531737,228.93483688354493,-540.514626159668,0.6471776962280273,0.5412349879741669,,,,,,,,
650000,604,8030.640218270493,4802.881186032022,1.81,1187.07,254.76716064453126,255.69593353271483,-542.3591131591797,0.6398334503173828,0.5640149956941605,,,,,,,,
651000,605,8026.194282223825,4800.403430233151,1.81,1186.47,241.85325225830078,246.54054267883302,-541.6489385986329,0.6221836805343628,0.5526305705308914,,,,,,,,
652000,606,8004.217210705334,4789.283750669828,1.81,1183.67,331.79672637939456,336.02672569274904,-540.0627841186523,0.6423126459121704,0.538406889140606,,,,,,,,
653000,607,8044.721498574472,4810.80903822725,1.82,1187.49,326.47672660827635,322.8216432952881,-542.6182431030273,0.6273267269134521,0.5621160933375359,,,,,,,,
654000,608,8044.04186847499,4810.35928271791,1.82,1187.69,218.12130828857423,216.68780570983887,-543.3396667480469,0.6429708003997803,0.5553842163085938,,,,,,,,
655000,609,8052.048111616211,4813.058475070888,1.82,1188.89,285.0675678253174,281.26741256713865,-544.5173321533204,0.6459848284721375,0.5385471260547638,,,,,,,,
656000,610,8072.277325869443,4825.35903398061,1.82,1192.29,246.53570137023925,252.28127990722658,-545.6392074584961,0.6460649967193604,0.547423685491085,,,,,,,,
657000,611,7994.467906131618,4786.273785591451,1.81,1182.82,200.66888641357423,209.19915519714357,-543.8066381835938,0.6344104409217834,0.554332672059536,,,,,,,,
658000,612,7921.8664521459095,4742.848298773069,1.8,1174.33,307.1779402923584,310.62772499084474,-545.1075534057617,0.6390219330787659,0.5472869753837586,,,,,,,,
659000,613,7950.4969760008935,4763.228657312941,1.8,1177.81,216.26460723876954,218.54120750427245,-542.42685546875,0.6447904706001282,0.5472946867346764,,,,,,,,
660000,614,7951.280116990272,4762.478650614727,1.8,1180.27,317.87437675476076,309.06797492980957,-540.8490628051758,0.629245400428772,0.5407795745134354,,,,,,,,
661000,615,7943.171678160895,4756.991971186764,1.8,1179.67,314.75945335388184,323.0287552261353,-545.8725946044922,0.6309093236923218,0.5429105070233345,,,,,,,,
662000,615,7943.171678160895,4756.991971186764,1.8,1179.67,189.84288223266603,194.4516537475586,-544.7888214111329,0.6595290899276733,0.5405881097912788,,,,,,,,
663000,615,7943.171678160895,4756.991971186764,1.8,1179.67,284.9121084594727,289.032536315918,-541.9008908081055,0.6365953683853149,0.5469183361530304,,,,,,,,
664000,616,8145.181866737414,4876.041247377768,1.82,1200.12,323.7893564605713,341.96052345275876,-544.317590637207,0.6402483582496643,0.5424991354346276,,,,,,,,
665000,617,8108.205767383159,4856.730568287691,1.81,1196.2,239.76288948059081,234.42173896789552,-543.6144732666015,0.6444669961929321,0.5474560531973839,,,,,,,,
666000,618,8108.9008396857,4857.235322523411,1.81,1196.04,271.8007286834717,270.59613624572756,-546.6769067382812,0.6504946351051331,0.546778105199337,,,,,,,,
667000,619,8149.5734542768805,4878.771399553039,1.82,1199.94,180.02395851135253,185.8426064300537,-544.5616470336914,0.6567054390907288,0.5394178751111031,,,,,,,,
668000,620,8142.994870933011,4876.67435842941,1.82,1199.49,151.85117347717286,162.0005744934082,-543.3784149169921,0.6462373733520508,0.5520159277319908,,,,,,,,
669000,621,8052.294679522407,4826.065130814499,1.81,1189.92,220.7161557006836,220.91129119873048,-542.2018130493165,0.6371901035308838,0.5550272071361542,,,,,,,,
670000,623,7993.475782589313,4793.4800783278,1.8,1183.67,322.12290122985837,313.6707102203369,-542.0582879638672,0.6296586990356445,0.5394764703512192,,,,,,,,
671000,624,8019.746070002089,4809.056199796476,1.81,1186.71,221.05147399902344,216.30809326171874,-547.9054608154297,0.6470201015472412,0.5487815764546394,,,,,,,,
672000,625,7891.114514051379,4737.5735501741765,1.79,1173.19,210.67800750732422,219.30789512634277,-544.8760778808594,0.6313250064849854,0.5502505227923393,,,,,,,,
673000,626,7875.804503520159,4727.900464543094,1.79,1170.46,372.9687213897705,384.6835383605957,-546.2437951660156,0.6592024564743042,0.5442025771737099,,,,,,,,
674000,627,7824.15257875997,4701.748872698088,1.78,1165.56,321.56474586486814,326.9728884124756,-546.6091058349609,0.6543248891830444,0.5469342169165611,,,,,,,,
675000,627,7824.15257875997,4701.748872698088,1.78,1165.56,166.52952865600585,169.60505714416504,-543.9753570556641,0.6491560339927673,0.5486141431331635,,,,,,,,
676000,628,7901.911597399747,4748.8756793435605,1.79,1172.08,336.39022537231443,330.92163192749024,-543.9472592163086,0.649775505065918,0.5503623247146606,,,,,,,,
677000,630,7820.851340673898,4707.924471549734,1.77,1164.68,300.27025421142577,298.76818016052243,-543.931056213379,0.6500139832496643,0.5551983958482742,,,,,,,,
678000,631,7822.271931656082,4708.824584303962,1.77,1165.12,175.21818252563477,182.5229734802246,-544.0339660644531,0.638167142868042,0.5456632801890373,,,,,,,,
679000,632,7848.5507031485,4724.943676553691,1.77,1169.27,162.04690467834473,163.61253761291505,-545.8204595947266,0.6416357755661011,0.5515908861160278,,,,,,,,
680000,632,7848.5507031485,4724.943676553691,1.77,1169.27,317.0294383239746,310.1998938369751,-544.9577795410156,0.6522679328918457,0.5518276745080948,,,,,,,,
681000,633,7937.661191165793,4778.384798021518,1.78,1179.05,197.431085357666,194.29574676513673,-549.2373843383789,0.652218759059906,0.5470825460553169,,,,,,,,
682000,634,7904.691617460838,4757.811664495968,1.77,1176.71,381.3934801483154,380.74658096313476,-547.7416995239258,0.6608128547668457,0.5406922769546508,,,,,,,,
683000,635,7873.1470788709885,4741.120992112962,1.77,1173.53,258.50153244018554,255.70638977050783,-549.0161392211915,0.6524564623832703,0.547321842610836,,,,,,,,
684000,636,7815.517803343515,4705.608230555184,1.76,1166.63,216.4297982788086,220.96254943847657,-548.8261697387695,0.6652696132659912,0.5328871244192124,,,,,,,,
685000,637,7855.41076096628,4729.230655064163,1.77,1171.18,309.20061599731446,310.90718620300294,-548.1035330200195,0.6661728620529175,0.5389346122741699,,,,,,,,
686000,639,7753.897816960631,4676.474301255901,1.75,1161.66,151.78164039611818,159.55152328491212,-545.2537719726563,0.6792469620704651,0.5428902104496955,,,,,,,,
687000,639,7753.897816960631,4676.474301255901,1.75,1161.66,239.71526947021485,251.05227699279786,-547.8686279296875,0.6424075365066528,0.5558443501591682,,,,,,,,
688000,640,7734.087665672888,4664.896313814347,1.75,1159.16,233.17243476867677,234.73981674194337,-545.6124172973633,0.6284748315811157,0.5484668812155724,,,,,,,,
689000,642,7627.772120318485,4602.198518247605,1.73,1148.27,211.58191719055176,211.05154319763184,-545.5043408203124,0.6507135629653931,0.5431821051239968,,,,,,,,
690000,643,7607.470987748409,4592.314812334358,1.73,1145.97,198.63036796569824,199.06730781555177,-544.5045321655274,0.6480370759963989,0.5638819807767868,,,,,,,,
691000,644,7642.605335020988,4610.760958463977,1.74,1149.43,230.81181678771972,233.692339553833,-543.4510824584961,0.6483026146888733,0.5472881549596786,,,,,,,,
692000,645,7646.102696033303,4614.741277547666,1.74,1149.26,178.62234771728515,180.9715998840332,-549.2994659423828,0.6433326601982117,0.547520701289177,,,,,,,,
693000,646,7706.914084478744,4651.487563622015,1.75,1155.95,340.7729797363281,327.63600860595704,-544.9702532958985,0.6296088695526123,0.5475384122133256,,,,,,,,
694000,646,7706.914084478744,4651.487563622015,1.75,1155.95,279.00847229003904,267.61936248779296,-546.3576910400391,0.6615383625030518,0.5368074861168861,,,,,,,,
695000,647,7729.044585971363,4665.14525226169,1.75,1159.02,240.9106930541992,236.5542414855957,-546.2504595947265,0.643123984336853,0.5497136119008065,,,,,,,,
696000,647,7729.044585971363,4665.14525226169,1.75,1159.02,238.3195584869385,242.65433647155763,-543.8098599243164,0.6435744762420654,0.5555395549535751,,,,,,,,
697000,648,7671.307120131736,4629.123538261638,1.74,1153.94,226.98142227172852,231.05992256164552,-543.7374917602539,0.653291642665863,0.570870720744133,,,,,,,,
698000,650,7652.24998626173,4622.241408928935,1.74,1152.92,178.9783058166504,180.16225814819336,-545.2118341064453,0.6439976096153259,0.5479085639119148,,,,,,,,
699000,651,7711.79944042894,4655.691792393153,1.75,1159.34,463.62357192993164,467.34663246154787,-543.9143246459961,0.6590379476547241,0.5360537165403366,,,,,,,,
700000,652,7652.459545296273,4619.0394838066395,1.74,1152.26,242.74426483154298,239.58293037414552,-543.7506912231445,0.6582141518592834,0.5554382479190827,,,,,,,,
701000,652,7652.459545296273,4619.0394838066395,1.74,1152.26,361.4230349731445,362.03495162963867,-543.3710470581054,0.6518924236297607,0.5507970660924911,,,,,,,,
702000,653,7681.267671586888,4636.6136961426555,1.74,1156.47,444.10096099853513,441.8995048522949,-545.8632260131836,0.674490749835968,0.536372118294239,,,,,,,,
703000,655,7622.469764263769,4606.36195281394,1.73,1150.12,290.01537704467773,297.8382955932617,-545.2572177124024,0.6536153554916382,0.5435382303595543,,,,,,,,
704000,655,7622.469764263769,4606.36195281394,1.73,1150.12,396.7676155090332,395.89087028503417,-549.4722784423828,0.6615047454833984,0.5377918365597725,,,,,,,,
705000,656,7661.092380376623,4627.245564871058,1.73,1154.55,250.53360984802245,251.40009017944337,-549.1955151367188,0.6566537618637085,0.5494412893056869,,,,,,,,
706000,658,7531.1189652314715,4554.739621047616,1.71,1137.69,233.76936752319335,229.49327507019044,-544.944599609375,0.6705344319343567,0.5467628908157348,,,,,,,,
707000,658,7531.1189652314715,4554.739621047616,1.71,1137.69,357.4792859649658,357.7053609466553,-549.9939080810547,0.6600966453552246,0.5501792851090431,,,,,,,,
708000,659,7535.373739155838,4557.060262352297,1.71,1137.89,312.6914022827148,316.36494720458984,-552.3122869873047,0.6738590002059937,0.542251993715763,,,,,,,,
709000,661,7382.197495875645,4473.902385612123,1.69,1121.88,241.11334411621092,250.52333488464356,-554.6331390380859,0.6707614064216614,0.5473625719547272,,,,,,,,
710000,662,7338.72935375441,4446.195380383532,1.68,1117.57,183.60184059143066,178.37599426269531,-549.6620587158203,0.6549822092056274,0.5514986237883568,,,,,,,,
711000,663,7375.842905727648,4468.33002442812,1.69,1121.34,222.29087211608888,220.7375580596924,-550.5414144897461,0.6743254065513611,0.544680224955082,,,,,,,,
712000,664,7326.535224313458,4439.202694134494,1.68,1115.51,222.0119994354248,222.77781074523926,-549.2642602539063,0.6816215515136719,0.5539847698807716,,,,,,,,
713000,664,7326.535224313458,4439.202694134494,1.68,1115.51,307.865923614502,309.6701608276367,-551.6984042358398,0.6466367244720459,0.5407930186390877,,,,,,,,
714000,665,7395.090862627452,4478.997819676469,1.69,1122.41,210.724174118042,204.45431648254396,-550.8594000244141,0.670906662940979,0.5459641265869141,,,,,,,,
715000,666,7441.857284032097,4502.135234114841,1.7,1128.11,226.5108671569824,227.12955711364745,-550.5972259521484,0.6580367088317871,0.5441469669342041,,,,,,,,
716000,667,7435.673599810315,4498.472023674621,1.7,1128.38,337.7405437469482,314.2624047088623,-547.7775994873047,0.6500434875488281,0.5427224558591842,,,,,,,,
717000,667,7435.673599810315,4498.472023674621,1.7,1128.38,303.5160229492187,295.55601852416993,-549.324694519043,0.6897776126861572,0.5486566859483719,,,,,,,,
718000,668,7429.5919010093485,4497.46723467626,1.7,1128.51,299.3665315246582,303.2421354675293,-549.652120666504,0.6585550308227539,0.5500871419906617,,,,,,,,
719000,670,7325.339261669218,4438.356354322844,1.69,1119.67,194.37248428344728,197.20467979431152,-551.8706103515625,0.6526991724967957,0.5421008497476578,,,,,,,,
720000,670,7325.339261669218,4438.356354322844,1.69,1119.67,471.72320915222167,468.1187766265869,-551.3165609741211,0.6652607321739197,0.5586422723531723,,,,,,,,
721000,671,7347.541348135597,4447.6109467256765,1.69,1122.95,322.22037185668944,324.2700436401367,-550.5532147216796,0.6453209519386292,0.5522696173191071,,,,,,,,
722000,672,7396.841209447839,4475.679653284858,1.7,1127.93,390.84534370422364,378.3842469787598,-548.5063314819336,0.667391300201416,0.5486307191848755,,,,,,,,
723000,673,7360.718587141105,4461.123698787318,1.69,1125.36,181.0172265625,195.3199513244629,-548.510380859375,0.66355299949646,0.5372985064983368,,,,,,,,
724000,674,7299.798357433069,4429.805107250359,1.68,1117.83,239.24163749694824,242.80047752380372,-551.3545065307617,0.6509695649147034,0.5667129862308502,,,,,,,,
725000,675,7360.99918485936,4466.664208395217,1.69,1125.3,231.83801025390625,232.43631660461426,-551.0214123535156,0.6640874147415161,0.540930332839489,,,,,,,,
726000,676,7369.507010646758,4472.568150366012,1.69,1125.21,313.4776232147217,312.3028621673584,-550.3262866210938,0.6623197197914124,0.5522249081730842,,,,,,,,
727000,677,7245.238801298643,4397.079489488664,1.68,1110.91,295.3154608154297,293.25926177978516,-549.4613259887695,0.6581112146377563,0.5309620004892349,,,,,,,,
728000,677,7245.238801298643,4397.079489488664,1.68,1110.91,189.82184280395506,190.41277671813964,-548.0703656005859,0.6621987223625183,0.5572853562235832,,,,,,,,
729000,678,7323.111810451423,4442.370838135121,1.69,1116.62,326.89536796569826,320.38280433654785,-551.995224609375,0.6620447635650635,0.5584056940674782,,,,,,,,
730000,679,7311.469614313386,4441.846741092979,1.69,1114.96,192.59183776855468,182.45955223083496,-552.9991668701172,0.6504600644111633,0.5537726697325707,,,,,,,,
731000,681,7275.250924978797,4420.410047430897,1.68,1111.37,281.1161541748047,253.89310287475587,-548.3793301391602,0.646470308303833,0.5456994712352753,,,,,,,,
732000,682,7222.035738234278,4386.184338578899,1.68,1104.46,208.36530738830567,216.79287521362303,-553.5826379394531,0.6643575429916382,0.5542902526259422,,,,,,,,
733000,683,7234.440824112518,4393.286616792151,1.68,1106.43,201.68151725769042,199.39619491577147,-552.3751916503907,0.6668618321418762,0.5532383865118027,,,,,,,,
734000,684,7224.460945969459,4385.101349351565,1.68,1103.46,262.8368890380859,261.31309898376463,-554.0482220458985,0.6541892290115356,0.5381464037299156,,,,,,,,
735000,685,7098.479079120502,4312.414331127747,1.66,1091.05,182.7049998474121,180.11949592590332,-548.6129580688477,0.651475727558136,0.5504508692026139,,,,,,,,
736000,686,7093.35115975993,4305.984765969228,1.66,1090.11,184.9555054473877,183.5157551574707,-551.501996459961,0.6734000444412231,0.5321540400385857,,,,,,,,
737000,686,7093.35115975993,4305.984765969228,1.66,1090.11,223.45090026855468,226.76434288024902,-555.3287249755859,0.6334235072135925,0.547684352695942,,,,,,,,
738000,687,7154.742269195933,4340.468782848314,1.67,1096.5,228.93428550720216,226.43275588989258,-551.4226589965821,0.6529256105422974,0.5296161019802094,,,,,,,,
739000,688,7202.293869219272,4365.7340359923355,1.68,1101.49,162.8731438446045,162.34147735595704,-551.8237457275391,0.6423528790473938,0.5433136206865311,,,,,,,,
740000,689,7173.920795677358,4348.508012292584,1.68,1097.69,274.25342781066894,268.1345588684082,-557.7342767333985,0.6859769821166992,0.5458381333947182,,,,,,,,
741000,690,7162.085100230212,4346.098082823799,1.68,1096.6,246.1709008026123,240.62072158813476,-555.0409088134766,0.6514947414398193,0.5555985006690025,,,,,,,,
742000,691,7072.149890332362,4293.149966471678,1.67,1088.01,283.5487219238281,294.03956024169923,-554.5142770385742,0.6667707562446594,0.5633209630846977,,,,,,,,
743000,691,7072.149890332362,4293.149966471678,1.67,1088.01,227.58821296691895,228.24999992370604,-551.220980834961,0.6478193402290344,0.5429180750250816,,,,,,,,
744000,693,7026.636760672807,4274.378039609378,1.66,1084.49,282.7393111419678,284.48593170166015,-551.4481799316407,0.6682509183883667,0.5564498007297516,,,,,,,,
745000,694,6995.38929511762,4255.6386001576675,1.65,1081.46,324.52790546417236,330.5824341583252,-552.8616281127929,0.6649647951126099,0.55572485268116,,,,,,,,
746000,695,6833.985427407847,4162.438876754493,1.63,1064.31,227.05256439208983,223.83695671081543,-552.1796990966797,0.647134006023407,0.5411848682165146,,,,,,,,
747000,696,6784.867252606735,4130.84355153656,1.62,1059.48,215.464140625,206.6067000579834,-552.3564184570313,0.6729255318641663,0.5492878293991089,,,,,,,,
748000,697,6830.660186597833,4153.364397526198,1.63,1064.38,195.1510739135742,214.6894337463379,-551.3321429443359,0.6416229605674744,0.5454654216766357,,,,,,,,
749000,698,6812.158208675873,4140.9227242250845,1.63,1061.41,213.58576484680177,216.89217948913574,-555.4626107788085,0.6775058507919312,0.5327921068668365,,,,,,,,
750000,699,6749.111544729352,4102.170294321473,1.62,1054.65,214.60823661804199,214.64166221618652,-552.7078390502929,0.6627097129821777,0.5590690419077873,,,,,,,,
751000,701,6653.3513045336695,4047.6976132730256,1.61,1044.63,200.95886901855468,196.60594245910644,-555.1177868652344,0.6604290008544922,0.5411130702495575,,,,,,,,
752000,701,6653.3513045336695,4047.6976132730256,1.61,1044.63,276.80639083862303,278.2200993347168,-554.3430773925782,0.6650819182395935,0.5444634836912156,,,,,,,,
753000,702,6713.160889845513,4082.8564589177795,1.62,1050.33,211.9029615020752,205.82017028808593,-555.3600170898437,0.6739489436149597,0.5466328677535057,,,,,,,,
754000,703,6715.407598156694,4082.443082877743,1.62,1051.0,184.94217262268066,186.2422679901123,-553.4386535644531,0.6444721221923828,0.5393094807863236,,,,,,,,
755000,703,6715.407598156694,4082.443082877743,1.62,1051.0,194.54094329833984,182.40547676086425,-553.6793603515625,0.6833203434944153,0.5469936624169349,,,,,,,,
756000,704,6812.442953633388,4143.216909372577,1.63,1060.51,241.9268416595459,237.9974570465088,-555.1332366943359,0.6799278259277344,0.5510446840524673,,,,,,,,
757000,705,6819.542806298859,4145.353449683121,1.63,1061.45,398.90535247802734,392.0644334411621,-552.9660220336914,0.6518933773040771,0.5552420502901078,,,,,,,,
758000,706,6832.667944803797,4154.073881837114,1.63,1062.52,334.798148727417,336.0746942901611,-554.8152081298828,0.676164448261261,0.5490029907226562,,,,,,,,
759000,707,6785.213052053803,4131.123824514511,1.62,1057.71,210.1716616821289,209.83774223327637,-551.216337890625,0.6791077256202698,0.5436627429723739,,,,,,,,
760000,708,6792.29790436578,4133.397997626419,1.62,1058.31,226.190072555542,233.44675674438477,-557.7576971435547,0.6755340099334717,0.5497564774751663,,,,,,,,
761000,710,6715.598052241246,4094.398704413464,1.61,1048.06,257.73616539001466,247.42334945678712,-554.8096490478515,0.6595174074172974,0.5624746948480606,,,,,,,,
762000,711,6776.24497905273,4125.336955623873,1.62,1055.73,284.698459854126,274.0674732208252,-550.2600988769532,0.6683273315429688,0.5500072705745697,,,,,,,,
763000,712,6781.494425251301,4130.809345445512,1.62,1057.42,398.2497122192383,387.80130020141604,-554.7559741210938,0.6569622755050659,0.5478354179859162,,,,,,,,
764000,713,6751.296458527671,4109.641617843313,1.62,1053.74,353.80041816711423,331.8043644714355,-551.2782159423828,0.6776525974273682,0.5544070982933045,,,,,,,,
765000,713,6751.296458527671,4109.641617843313,1.62,1053.74,341.80390281677245,350.3330509185791,-553.8963610839844,0.6405372619628906,0.566755943596363,,,,,,,,
766000,714,6792.0248819885255,4128.41831925853,1.63,1056.74,244.81062965393068,230.64649909973144,-556.7788452148437,0.6472017765045166,0.5533996242284774,,,,,,,,
767000,716,6519.0894929447,3969.7603960784095,1.6,1028.08,215.48249908447266,218.46925941467285,-551.4629449462891,0.6751139163970947,0.5434214621782303,,,,,,,,
768000,717,6547.009533435797,3986.423529991396,1.61,1031.35,186.44347633361815,192.4161934661865,-553.8465713500976,0.6686720252037048,0.5463499590754509,,,,,,,,
769000,718,6539.97380342076,3984.1560567122096,1.61,1030.11,173.4541529083252,173.40018798828126,-552.0459823608398,0.6332566738128662,0.5522140085697174,,,,,,,,
770000,719,6550.54221508356,3992.752700714688,1.61,1032.31,260.33148056030274,266.261103515625,-550.8417764282226,0.6609470844268799,0.5517522275447846,,,,,,,,
771000,719,6550.54221508356,3992.752700714688,1.61,1032.31,247.66190551757813,249.1780290222168,-549.1961260986328,0.6719443202018738,0.5408130231499672,,,,,,,,
772000,720,6621.124971657118,4033.2683773846184,1.62,1040.65,227.8224875640869,243.59805591583253,-551.2649371337891,0.6676722764968872,0.5502716627717018,,,,,,,,
773000,721,6627.590649836409,4032.571788087043,1.62,1041.64,200.75893035888672,208.52387756347656,-549.7650445556641,0.6699682474136353,0.5484373471140862,,,,,,,,
774000,722,6628.211618039953,4032.78560482801,1.62,1041.46,181.89839347839356,184.56859039306642,-547.8781924438476,0.6542601585388184,0.5599472752213478,,,,,,,,
775000,723,6701.401731908732,4069.6033714252803,1.63,1049.18,188.99855667114258,191.58376174926758,-546.221865234375,0.6655402183532715,0.5476678788661957,,,,,,,,
776000,725,6660.054765242214,4047.675205068571,1.62,1044.08,267.4917709350586,267.8860585784912,-551.1232635498047,0.6669352054595947,0.5627219301462173,,,,,,,,
777000,726,6636.178600360062,4038.356537095111,1.62,1041.0,244.39720573425294,243.93342132568358,-550.0382165527344,0.6647727489471436,0.5354403191804886,,,,,,,,
778000,727,6632.070689058943,4035.784504646755,1.62,1041.0,198.37745429992677,198.90422908782958,-549.8021646118164,0.6577838659286499,0.5608970808982849,,,,,,,,
779000,728,6550.225593774108,3983.765948997275,1.61,1032.99,210.73934761047363,202.41547561645507,-553.8609460449219,0.6864540576934814,0.531912402510643,,,,,,,,
780000,728,6550.225593774108,3983.765948997275,1.61,1032.99,298.63014823913574,299.7497911071777,-553.7853045654297,0.6717340350151062,0.5539797827601433,,,,,,,,
781000,729,6614.1416117900835,4019.5001977321544,1.62,1040.49,256.46674240112304,261.1623843383789,-551.0899740600586,0.6863729357719421,0.5414139485359192,,,,,,,,
782000,730,6658.0829017409005,4041.005521203603,1.63,1044.54,186.6342288208008,202.03599632263183,-551.7508505249024,0.676172137260437,0.5551413658261299,,,,,,,,
783000,731,6718.2185321031475,4074.5735414876417,1.64,1051.29,226.78358261108397,222.73437171936035,-553.2608749389649,0.6892063617706299,0.5417461073398591,,,,,,,,
784000,732,6718.961813297396,4072.4461816167272,1.64,1051.12,182.60707801818847,180.1424932861328,-549.8893463134766,0.6696802973747253,0.5524837628006936,,,,,,,,
785000,733,6623.350223191814,4014.3701563190716,1.63,1040.96,270.864507522583,270.5876540374756,-550.6483526611328,0.6701048612594604,0.5473193329572678,,,,,,,,
786000,734,6655.965903764787,4033.720410458729,1.64,1044.24,240.11955375671386,239.4627584075928,-547.1732174682617,0.6718786358833313,0.5658795809745789,,,,,,,,
787000,734,6655.965903764787,4033.720410458729,1.64,1044.24,298.38972839355466,295.25866355895994,-549.0331072998047,0.6808958053588867,0.5360377296805382,,,,,,,,
788000,735,6669.557819633107,4041.637757115927,1.64,1046.75,170.17374053955078,178.19803649902343,-550.4501187133789,0.671650767326355,0.5447275358438491,,,,,,,,
789000,736,6730.7042901228115,4073.190537112417,1.65,1053.28,308.52439308166504,308.02369995117186,-550.8628372192383,0.6826268434524536,0.551226689517498,,,,,,,,
790000,737,6736.771875226713,4074.1872175611356,1.65,1053.16,180.08415390014648,183.42391174316407,-552.7310247802734,0.6923962235450745,0.5458664578199387,,,,,,,,
791000,738,6759.490221695895,4087.9737718490055,1.66,1054.13,224.43143112182617,221.1983200073242,-549.1310296630859,0.6760243773460388,0.5379565301537513,,,,,,,,
792000,739,6760.104688472615,4088.0930472917207,1.66,1054.25,203.39759857177734,207.38706481933593,-553.4353283691406,0.6857830882072449,0.5476801693439484,,,,,,,,
793000,740,6749.493916991991,4081.219904384948,1.66,1052.75,223.856658782959,217.83956565856934,-552.6618188476563,0.6736354231834412,0.5458435478806496,,,,,,,,
794000,741,6797.347786013553,4107.076603940913,1.67,1056.05,228.8953298187256,229.5101904296875,-551.4289233398438,0.6856175065040588,0.5411797201633454,,,,,,,,
795000,741,6797.347786013553,4107.076603940913,1.67,1056.05,224.71508140563964,225.4614808654785,-555.2260101318359,0.6817898154258728,0.5424528822302819,,,,,,,,
796000,742,6949.900682927172,4194.420471845501,1.69,1070.91,194.76841217041016,187.23714836120607,-554.2698028564453,0.6711233258247375,0.5577629911899566,,,,,,,,
797000,742,6949.900682927172,4194.420471845501,1.69,1070.91,266.2344905090332,263.6476676940918,-556.6774401855469,0.6673363447189331,0.5557403668761254,,,,,,,,
798000,743,6967.394017045125,4202.733462400568,1.69,1073.61,159.58963409423828,160.83805130004882,-555.7456042480469,0.6965224146842957,0.5385905957221985,,,,,,,,
799000,743,6967.394017045125,4202.733462400568,1.69,1073.61,246.42419898986816,241.40526039123534,-553.4062103271484,0.6747990250587463,0.5523711335659027,,,,,,,,
800000,744,7077.128882295427,4267.062112843625,1.7,1085.98,315.51277534484865,319.6364790344238,-554.6101837158203,0.683331310749054,0.5454980704188347,,,,,,,,
801000,745,7128.902078868741,4296.685431143658,1.71,1091.79,157.7475708770752,160.38780578613282,-557.088056640625,0.6723706126213074,0.5538466334342956,,,,,,,,
802000,745,7128.902078868741,4296.685431143658,1.71,1091.79,182.81981735229493,184.06725486755371,-554.5623135375977,0.6824991703033447,0.5506305178999901,,,,,,,,
803000,746,7115.792462799497,4287.777406126913,1.71,1091.4,249.22895500183105,240.55503311157227,-554.3196484375,0.6832160949707031,0.5589151638746261,,,,,,,,
804000,747,7099.311434591224,4277.528067160565,1.71,1088.43,239.33506843566894,229.70342529296875,-551.7643029785156,0.6814765930175781,0.5547677055001259,,,,,,,,
805000,748,7027.46758496883,4238.701526944088,1.7,1080.28,256.85651473999025,253.6241283416748,-554.5110650634765,0.6718937754631042,0.5537512677907944,,,,,,,,
806000,749,7044.380296357553,4248.503705486205,1.7,1082.45,181.51372535705568,180.47164237976074,-554.2619976806641,0.6646562218666077,0.5448905089497567,,,,,,,,
807000,749,7044.380296357553,4248.503705486205,1.7,1082.45,198.91105537414552,206.22205024719239,-554.0059432983398,0.6725963950157166,0.5497397941350937,,,,,,,,
808000,750,7202.61577294841,4339.94041905062,1.72,1098.17,303.18229080200194,310.52532958984375,-550.3567431640626,0.6656600832939148,0.555014243721962,,,,,,,,
809000,751,7143.2350813210915,4306.6095960062175,1.71,1091.85,218.3533324432373,230.92585830688478,-553.3966937255859,0.6771214008331299,0.5510709914565086,,,,,,,,
810000,752,7178.620779352994,4329.523311459678,1.72,1095.4,242.88199882507325,238.83757545471192,-552.2339019775391,0.6637997031211853,0.5489577040076256,,,,,,,,
811000,752,7178.620779352994,4329.523311459678,1.72,1095.4,258.3825340270996,257.3789422607422,-552.3147207641601,0.6715654134750366,0.5490463408827781,,,,,,,,
812000,753,7272.503055145524,4382.40046667873,1.73,1103.5,224.1740003967285,220.00645812988282,-553.812275390625,0.6674700379371643,0.5536366292834282,,,,,,,,
813000,754,7263.917409234863,4375.794898605987,1.73,1102.14,285.9241881561279,277.2735688018799,-549.0166711425782,0.6808855533599854,0.5448049560189248,,,,,,,,
814000,755,7325.565103385789,4410.33904409547,1.74,1108.82,200.09830291748048,202.60502136230468,-552.2635388183594,0.659326434135437,0.5445250597596168,,,,,,,,
815000,755,7325.565103385789,4410.33904409547,1.74,1108.82,224.63211280822753,223.90856788635253,-550.7400439453126,0.6653477549552917,0.5476539772748947,,,,,,,,
816000,757,7302.377435429729,4398.445632380888,1.74,1106.37,199.78519149780274,202.77406898498535,-550.234535522461,0.6601709127426147,0.5561019381880761,,,,,,,,
817000,757,7302.377435429729,4398.445632380888,1.74,1106.37,197.35239418029786,204.20169334411622,-552.3509771728516,0.6649857759475708,0.5513012680411339,,,,,,,,
818000,758,7350.3846690702285,4422.2901559763595,1.75,1111.6,295.54512908935544,293.49555725097656,-554.2244714355469,0.6704527139663696,0.546933890581131,,,,,,,,
819000,760,7300.177147203878,4397.084453622232,1.74,1107.3,211.82042762756348,210.24629150390626,-554.6914544677734,0.6623303294181824,0.5525726738572121,,,,,,,,
820000,760,7300.177147203878,4397.084453622232,1.74,1107.3,171.70600936889647,178.52470352172853,-552.831396484375,0.661473274230957,0.5383334109187126,,,,,,,,
821000,761,7377.790267093154,4439.153012040124,1.75,1116.09,171.72364265441894,186.17328201293947,-553.297458190918,0.6863759160041809,0.5537497225403786,,,,,,,,
822000,762,7449.574165142615,4479.763170934486,1.76,1124.25,265.66215202331546,266.4806356048584,-551.8402865600586,0.6773310899734497,0.5435183796286583,,,,,,,,
823000,762,7449.574165142615,4479.763170934486,1.76,1124.25,172.88848800659179,173.0594960784912,-551.6371835327149,0.6705573201179504,0.5387221321463584,,,,,,,,
824000,763,7453.749520162619,4482.9182961366405,1.76,1124.5,354.04572639465334,348.7263417053223,-552.8411590576172,0.6668010950088501,0.5529900085926056,,,,,,,,
825000,764,7502.757568700912,4507.466389717113,1.77,1129.48,151.5612713623047,153.1714705657959,-554.6584350585938,0.685410737991333,0.5443353101611137,,,,,,,,
826000,764,7502.757568700912,4507.466389717113,1.77,1129.48,304.0421252441406,296.02075744628905,-554.525397644043,0.6597504615783691,0.5449345505237579,,,,,,,,
827000,765,7504.190242464894,4509.07218761051,1.77,1129.33,235.83619453430177,225.53582107543946,-553.081689453125,0.662675678730011,0.5457014814019203,,,,,,,,
828000,766,7463.361614675449,4487.551388538974,1.76,1124.25,237.20537033081055,246.20457252502442,-552.6716390991211,0.6681641936302185,0.5465544480085373,,,,,,,,
829000,767,7472.421040549792,4492.689093754484,1.76,1125.42,229.22843437194825,226.39271293640138,-554.4966174316406,0.6579148769378662,0.5488027980923653,,,,,,,,
830000,768,7483.658132502164,4497.391278241232,1.76,1126.85,153.5772932434082,153.58243671417236,-553.8960595703124,0.6668962240219116,0.5467853939533234,,,,,,,,
831000,769,7448.247621948495,4476.464704114137,1.75,1123.27,178.98322799682617,171.9476640319824,-554.7708767700195,0.6692075133323669,0.549918532371521,,,,,,,,
832000,771,7362.695413404364,4432.025673929926,1.74,1111.95,244.4338491821289,242.87983764648436,-557.9415014648438,0.6567939519882202,0.5486009642481804,,,,,,,,
833000,772,7352.123659709327,4424.242987238421,1.74,1110.67,226.49072013854982,222.50029487609862,-550.7724020385742,0.6579393148422241,0.5432959169149398,,,,,,,,
834000,772,7352.123659709327,4424.242987238421,1.74,1110.67,178.55057441711426,166.38747817993163,-556.3520776367187,0.6617550849914551,0.5442149981856346,,,,,,,,
835000,773,7411.64268292899,4453.2142513120525,1.75,1117.92,169.96903984069823,175.40779983520508,-555.1010580444336,0.6571688652038574,0.5441537204384804,,,,,,,,
836000,774,7467.393478931339,4484.307831884217,1.76,1123.97,252.0593531036377,256.72045333862303,-557.4775848388672,0.661144495010376,0.5470501181483268,,,,,,,,
837000,775,7459.520746844742,4479.759354316577,1.76,1123.49,206.83347618103028,217.80287620544433,-554.9728015136719,0.6470842361450195,0.5359369972348214,,,,,,,,
838000,775,7459.520746844742,4479.759354316577,1.76,1123.49,229.04381134033204,224.70663009643556,-556.5430786132813,0.6526756286621094,0.5427716222405433,,,,,,,,
839000,775,7459.520746844742,4479.759354316577,1.76,1123.49,222.00641441345215,224.79142379760742,-554.6208532714844,0.6678299903869629,0.5526590266823769,,,,,,,,
840000,775,7459.520746844742,4479.759354316577,1.76,1123.49,201.90371646881104,207.95195434570311,-553.8450762939453,0.6587767601013184,0.5479557195305824,,,,,,,,
841000,776,7727.308526491714,4635.553081549337,1.79,1151.34,194.17868049621583,197.922670211792,-554.6555279541016,0.6440026164054871,0.5485307532548904,,,,,,,,
842000,777,7715.239734198478,4630.365998832229,1.79,1150.34,273.5001495361328,282.62855644226073,-556.9965252685547,0.6716016530990601,0.5526897621154785,,,,,,,,
843000,778,7662.032794243613,4600.223377950316,1.78,1146.81,234.60271430969237,228.45466873168945,-553.5076803588868,0.6490764617919922,0.5409131661057472,,,,,,,,
844000,778,7662.032794243613,4600.223377950316,1.78,1146.81,204.03412185668947,204.9204172515869,-554.9829913330078,0.6541596055030823,0.5431897965073585,,,,,,,,
845000,779,7682.364879423353,4608.256701683597,1.78,1150.13,345.8949165344238,345.18650291442873,-555.8764190673828,0.6513257026672363,0.5614167147874832,,,,,,,,
846000,780,7713.834105952018,4624.2293174619435,1.79,1152.57,167.57277435302734,166.65179664611816,-559.6737591552734,0.6486576795578003,0.5555441829562188,,,,,,,,
847000,781,7761.753193807455,4648.218660250598,1.8,1157.67,231.04071563720703,222.14172592163087,-557.2866329956055,0.6427621245384216,0.5563259375095367,,,,,,,,
848000,781,7761.753193807455,4648.218660250598,1.8,1157.67,292.75482345581054,293.4250705718994,-557.3933996582032,0.659518837928772,0.5616196343302726,,,,,,,,
849000,782,7852.258650944927,4701.592134367536,1.81,1165.47,202.41444038391114,202.59719665527345,-558.0753619384766,0.6653441190719604,0.5399861475825309,,,,,,,,
850000,783,7881.099942611705,4719.89620677426,1.81,1169.86,301.73230659484864,305.67711059570314,-558.129751586914,0.6451411843299866,0.5572495663166046,,,,,,,,
851000,784,7844.0897310329865,4700.342165573361,1.8,1167.07,233.43375228881837,248.4875210571289,-557.4954681396484,0.6553723812103271,0.5527154833078385,,,,,,,,
852000,784,7844.0897310329865,4700.342165573361,1.8,1167.07,218.95818161010743,222.48391624450684,-555.5032382202148,0.6409308910369873,0.5596194469928741,,,,,,,,
853000,785,7908.81923069385,4737.479250353728,1.81,1174.72,178.14766471862794,191.03374465942383,-553.7023333740234,0.6515398025512695,0.5472345703840256,,,,,,,,
854000,786,7907.8831579557045,4736.89919049454,1.81,1174.56,254.45410438537598,254.60540580749512,-557.4257830810546,0.6568713784217834,0.5467180073261261,,,,,,,,
855000,786,7907.8831579557045,4736.89919049454,1.81,1174.56,255.2801877593994,265.3609059143066,-557.0248193359375,0.6528337597846985,0.5561749458312988,,,,,,,,
856000,788,7937.912388016698,4756.469304364889,1.81,1176.93,165.5965549468994,158.84891098022462,-557.6687835693359,0.6679700613021851,0.5573415160179138,,,,,,,,
857000,788,7937.912388016698,4756.469304364889,1.81,1176.93,221.4148680114746,222.41015216827392,-560.5322570800781,0.6470173597335815,0.537893925011158,,,,,,,,
858000,788,7937.912388016698,4756.469304364889,1.81,1176.93,222.68918670654296,225.06252967834473,-560.6897601318359,0.6563223600387573,0.5396088042855263,,,,,,,,
859000,789,8040.954227233788,4814.924753327285,1.82,1189.19,264.1538776397705,266.09296272277834,-556.6707647705078,0.6602694988250732,0.548856973350048,,,,,,,,
860000,790,8055.934691217629,4823.66576310865,1.82,1190.88,163.25804336547853,163.70134231567383,-562.2636895751953,0.6664642095565796,0.5463903778791428,,,,,,,,
861000,791,8049.1841451180235,4817.214869013261,1.82,1188.88,249.43454177856447,247.2626171875,-559.2028466796875,0.6442398428916931,0.5566161751747132,,,,,,,,
862000,791,8049.1841451180235,4817.214869013261,1.82,1188.88,225.70079612731934,227.0563437652588,-560.8340716552734,0.6571831703186035,0.5510106208920479,,,,,,,,
863000,792,8058.105144373782,4820.653388044359,1.82,1189.88,318.3101692199707,315.43075271606443,-556.9855688476563,0.6597764492034912,0.5488180851936341,,,,,,,,
864000,793,8119.4078602058835,4851.608560317353,1.83,1195.76,175.01252487182617,172.20626762390137,-563.092866821289,0.6473946571350098,0.5552850848436356,,,,,,,,
865000,794,8182.9991690192755,4887.204850284754,1.84,1202.92,201.55247848510743,199.58632369995118,-560.5124151611328,0.6539933681488037,0.5546511900424957,,,,,,,,
866000,795,8193.829030608525,4891.642157961355,1.84,1203.65,189.02361915588378,192.9710794830322,-561.5250146484375,0.663252592086792,0.5494144144654274,,,,,,,,
867000,796,8235.666711722746,4914.623526543081,1.85,1207.64,195.0623641204834,196.8676030731201,-562.2712951660156,0.6445198655128479,0.553247332572937,,,,,,,,
868000,796,8235.666711722746,4914.623526543081,1.85,1207.64,171.13870330810548,171.1965202331543,-564.9085037231446,0.6522433161735535,0.5591895055770874,,,,,,,,
869000,798,8204.424993589486,4898.771093778359,1.84,1204.34,256.1765682220459,276.8628087615967,-564.6953045654296,0.6773309707641602,0.5476900854706764,,,,,,,,
870000,799,8236.19425719625,4918.44778675761,1.85,1207.01,146.96618690490723,150.1062525177002,-562.4065417480468,0.649817705154419,0.5613941013813019,,,,,,,,
871000,799,8236.19425719625,4918.44778675761,1.85,1207.01,222.50255714416505,222.5283406829834,-565.0023516845703,0.6683963537216187,0.5551190963387489,,,,,,,,
872000,801,8254.845037493888,4923.871232703548,1.85,1209.53,354.4516719818115,357.7865771102905,-562.9933569335938,0.6493566632270813,0.5504334616661072,,,,,,,,
873000,802,8187.932486479807,4886.408030502963,1.84,1202.03,338.8981051635742,306.98399742126463,-564.1397088623047,0.6591794490814209,0.5407754692435265,,,,,,,,
874000,802,8187.932486479807,4886.408030502963,1.84,1202.03,219.58063278198242,218.35053352355956,-565.652377319336,0.6682108640670776,0.5475665691494942,,,,,,,,
875000,803,8247.89563880556,4919.600623434419,1.85,1210.66,172.2674909210205,163.84199104309081,-560.5254827880859,0.6641954183578491,0.5512600740790368,,,,,,,,
876000,804,8160.0235181455,4866.784298577611,1.84,1202.93,306.8170787811279,307.8466672515869,-566.409673461914,0.644888162612915,0.548646057844162,,,,,,,,
877000,805,8158.046213543659,4870.103172605016,1.84,1203.35,175.71314781188966,174.1111730194092,-563.2912750244141,0.6525189876556396,0.5490515255928039,,,,,,,,
878000,806,8145.151349842323,4859.052442848099,1.84,1201.08,200.9337678527832,205.35857467651368,-563.9415576171875,0.6503369212150574,0.5469148150086403,,,,,,,,
879000,807,8187.323481362142,4878.956772118378,1.85,1205.32,204.65324882507323,212.39760620117187,-566.0269445800782,0.6690062284469604,0.5396139714121818,,,,,,,,
880000,807,8187.323481362142,4878.956772118378,1.85,1205.32,211.92237503051757,218.58598167419433,-567.7576721191406,0.6558758020401001,0.5393497759103775,,,,,,,,
881000,808,8222.7902047497,4902.934067894756,1.85,1210.11,224.5136476135254,226.87939109802247,-565.2281628417969,0.6586693525314331,0.5601211279630661,,,,,,,,
882000,809,8278.75261829463,4931.292201431003,1.86,1215.81,188.96281616210936,184.345997467041,-565.8311309814453,0.6488169431686401,0.5573710358142853,,,,,,,,
883000,809,8278.75261829463,4931.292201431003,1.86,1215.81,200.33666831970214,197.9785775756836,-565.259375,0.6405205130577087,0.5383927869796753,,,,,,,,
884000,810,8346.838828487662,4967.5678868232235,1.87,1223.6,214.75415657043456,208.8473927307129,-567.6132214355468,0.6360361576080322,0.5487898182868958,,,,,,,,
885000,811,8354.927621262266,4974.988862313126,1.87,1224.8,263.3815299987793,270.73579277038573,-567.2563677978516,0.6679438352584839,0.5506555160880089,,,,,,,,
886000,812,8403.548064134044,4999.137994937182,1.88,1230.83,241.05432426452637,240.49625778198242,-562.8164416503906,0.6559250354766846,0.5393588829040528,,,,,,,,
887000,812,8403.548064134044,4999.137994937182,1.88,1230.83,218.9889136505127,224.00411437988282,-567.2121435546875,0.6310794353485107,0.5517925244569778,,,,,,,,
888000,813,8485.87207206282,5049.5435481014465,1.89,1239.13,322.10718627929685,320.69259506225586,-567.1657348632813,0.6588152050971985,0.5585621786117554,,,,,,,,
889000,814,8472.241382412205,5043.68013506599,1.89,1237.33,340.84126556396484,333.7094426727295,-569.0495935058593,0.6342164278030396,0.5600740659236908,,,,,,,,
890000,814,8472.241382412205,5043.68013506599,1.89,1237.33,225.36365577697754,222.85408462524413,-565.7970715332032,0.6389376521110535,0.5582328185439109,,,,,,,,
891000,815,8575.006548698877,5103.126314673873,1.9,1248.19,222.288570022583,224.3631457519531,-566.4201770019531,0.6454541087150574,0.5500704032182694,,,,,,,,
892000,815,8575.006548698877,5103.126314673873,1.9,1248.19,171.4391047668457,174.2354485321045,-563.1919311523437,0.6466882228851318,0.5628496676683425,,,,,,,,
893000,816,8710.253060267225,5181.344849450464,1.92,1260.16,220.7907799911499,223.9400030517578,-566.3978750610352,0.6554660201072693,0.5546947392821312,,,,,,,,
894000,817,8669.119142275,5158.775060867485,1.91,1255.17,221.71217567443847,224.8673992919922,-568.3065667724609,0.6424386501312256,0.5488053882122039,,,,,,,,
895000,818,8711.5983624539,5179.46176552674,1.92,1258.96,238.41304092407228,238.49666168212892,-568.2297436523437,0.6647971868515015,0.5521113064885139,,,,,,,,
896000,819,8725.386859662749,5185.819709735177,1.92,1260.16,330.970054397583,341.0263548278809,-564.9714770507812,0.6398607492446899,0.5429919907450675,,,,,,,,
897000,819,8725.386859662749,5185.819709735177,1.92,1260.16,305.80117835998533,309.96179351806643,-563.8593365478515,0.638136625289917,0.546795261502266,,,,,,,,
898000,820,8719.26551138878,5177.108966870831,1.92,1258.15,357.42710891723635,368.3104203796387,-567.8916146850586,0.6622585654258728,0.5610978999733924,,,,,,,,
899000,821,8712.772253182799,5178.62786357767,1.92,1257.06,277.05171699523925,279.67393142700195,-563.9404016113281,0.6407811045646667,0.5533171871304512,,,,,,,,
900000,822,8777.380510264768,5214.950006391582,1.93,1264.02,281.9662937927246,290.2722457885742,-564.5310546875,0.6392090916633606,0.552763477563858,,,,,,,,
901000,822,8777.380510264768,5214.950006391582,1.93,1264.02,187.35538841247558,188.3222974395752,-563.1823583984375,0.6587893962860107,0.5529550749063492,,,,,,,,
902000,823,8772.381282938339,5216.224995966229,1.93,1263.82,234.618897857666,229.18043045043945,-565.6983276367188,0.6513293385505676,0.5545751738548279,,,,,,,,
903000,824,8839.341302860346,5255.486280897674,1.94,1271.6,310.4423392486572,299.7782154846191,-566.550376586914,0.6397656202316284,0.5513331168889999,,,,,,,,
904000,824,8839.341302860346,5255.486280897674,1.94,1271.6,178.79654495239257,185.3351374053955,-564.2556408691406,0.6639463901519775,0.5316549691557885,,,,,,,,
905000,825,9008.28653590722,5350.524140984643,1.96,1289.76,260.6908885192871,268.62899772644045,-562.9829913330078,0.6343174576759338,0.5569103446602821,,,,,,,,
906000,826,9016.90017902207,5352.910080136474,1.96,1290.38,242.3797834777832,247.48800186157226,-564.6696856689454,0.6452799439430237,0.5591757863759994,,,,,,,,
907000,827,9032.172140932362,5360.146213914963,1.96,1291.19,373.24653106689453,372.9829977416992,-566.7943139648437,0.6512147188186646,0.5505820301175117,,,,,,,,
908000,828,9032.263286925849,5362.856412691215,1.96,1291.91,161.87563423156737,163.07643379211424,-564.5350006103515,0.6526596546173096,0.5453600412607194,,,,,,,,
909000,828,9032.263286925849,5362.856412691215,1.96,1291.91,342.29224838256835,345.9501931762695,-566.9333337402344,0.661923348903656,0.5591329309344292,,,,,,,,
910000,829,9030.660868465005,5362.013211125137,1.96,1291.71,157.01500190734862,164.602119140625,-570.698158569336,0.6341016292572021,0.5486297994852066,,,,,,,,
911000,830,9040.409912926412,5367.721848325704,1.96,1292.43,265.56209213256835,264.9443546295166,-564.6788458251954,0.6572659015655518,0.5465037196874618,,,,,,,,
912000,831,9035.243267116835,5366.462826512674,1.96,1292.18,255.95283432006835,258.74845916748046,-570.5772302246094,0.6584723591804504,0.5505781185626983,,,,,,,,
913000,831,9035.243267116835,5366.462826512674,1.96,1292.18,202.63011070251466,204.48021568298338,-569.6118444824219,0.6337533593177795,0.5457547914981842,,,,,,,,
914000,832,9081.974790308124,5393.8229402401785,1.97,1298.48,182.12027244567872,187.12101860046386,-565.2132653808594,0.6520474553108215,0.5680236339569091,,,,,,,,
915000,833,9079.967338550945,5392.623400757085,1.97,1298.68,343.9936390686035,346.84784553527834,-566.0770324707031,0.6556975245475769,0.5471960353851318,,,,,,,,
916000,834,9040.615808297262,5371.210511080052,1.96,1294.21,226.2423313522339,228.81122634887694,-565.8490441894531,0.6367274522781372,0.5519188728928566,,,,,,,,
917000,835,9039.28775156759,5367.8418772444975,1.96,1292.55,265.985703125,267.42991203308105,-565.3868029785157,0.6556032299995422,0.5524879711866378,,,,,,,,
918000,835,9039.28775156759,5367.8418772444975,1.96,1292.55,200.94021965026855,201.32047996520996,-565.7902996826172,0.6529135704040527,0.5372180014848709,,,,,,,,
919000,836,9045.905268280905,5374.343020145778,1.96,1294.35,219.05205924987794,220.2961811065674,-568.7889416503906,0.6445841193199158,0.5470479935407638,,,,,,,,
920000,837,9040.211271725255,5369.226757131721,1.96,1293.61,178.8164026260376,182.25970512390137,-564.8765826416015,0.6555652618408203,0.5392956852912902,,,,,,,,
921000,837,9040.211271725255,5369.226757131721,1.96,1293.61,241.74873962402344,224.90833450317382,-565.9774798583984,0.660920262336731,0.5449145314097404,,,,,,,,
922000,838,9157.572599707692,5438.249785872266,1.97,1306.5,224.49737548828125,219.89483085632324,-564.4860568237305,0.64629065990448,0.5523011165857316,,,,,,,,
923000,840,9113.474410901528,5417.115450153571,1.96,1302.96,228.64936531066894,238.21033782958983,-565.9191119384766,0.6415689587593079,0.5464897134900093,,,,,,,,
924000,840,9113.474410901528,5417.115450153571,1.96,1302.96,264.66585273742675,265.3416522598267,-568.6710821533203,0.6550440788269043,0.5380182483792305,,,,,,,,
925000,841,9117.507521924868,5422.770407635831,1.96,1305.03,211.04763214111327,194.79230033874512,-566.6430346679688,0.6586676836013794,0.5627498120069504,,,,,,,,
926000,842,9002.299741996272,5354.974076593565,1.95,1293.76,268.5512152862549,268.93097023010256,-564.2545013427734,0.6384276747703552,0.5558514094352722,,,,,,,,
927000,843,8999.973879191,5357.856710460179,1.95,1294.76,292.87509132385253,298.6181037902832,-566.5633374023438,0.6536373496055603,0.5606261393427849,,,,,,,,
928000,844,8895.787793359223,5296.580324965241,1.94,1283.46,355.19496101379394,355.413092880249,-570.0002423095704,0.6728566884994507,0.5435665187239647,,,,,,,,
929000,845,8887.932037450784,5288.4692944045655,1.94,1281.4,275.27540145874025,266.34894844055174,-567.9651251220703,0.6543133854866028,0.5555664992332459,,,,,,,,
930000,846,8833.47273000465,5258.522594845132,1.93,1273.9,275.4510079956055,286.2984156799316,-568.8071643066406,0.6517724990844727,0.5419333228468894,,,,,,,,
931000,847,8821.240321030338,5253.160851920327,1.93,1272.6,269.4384400177002,257.288970413208,-569.9939199829101,0.64252769947052,0.5558604097366333,,,,,,,,
932000,848,8866.953806747648,5275.654455474008,1.94,1277.5,245.3854973602295,248.75328735351562,-569.6086669921875,0.6551613807678223,0.5458030462265014,,,,,,,,
933000,848,8866.953806747648,5275.654455474008,1.94,1277.5,148.7198030090332,155.36459426879884,-565.8067578125,0.6467862725257874,0.5380107608437538,,,,,,,,
934000,849,8890.154132766282,5287.511837454325,1.94,1279.2,307.6838554382324,305.6459189605713,-566.0700323486328,0.6659258604049683,0.5502457737922668,,,,,,,,
935000,850,8788.31660064231,5227.354494108451,1.93,1270.02,249.88482795715333,249.9008218383789,-569.1941003417969,0.6546997427940369,0.5702611333131791,,,,,,,,
936000,850,8788.31660064231,5227.354494108451,1.93,1270.02,206.896727142334,212.49779800415038,-567.5617376708984,0.6358433365821838,0.5550237745046616,,,,,,,,
937000,851,8880.663643143089,5276.231937386889,1.94,1279.65,350.63026039123537,340.1069128417969,-568.7297442626954,0.6485692262649536,0.5494782957434654,,,,,,,,
938000,852,8918.922229283304,5294.678748587497,1.94,1284.88,225.71304191589354,227.4152938079834,-567.4431018066406,0.6653811931610107,0.5467181149125099,,,,,,,,
939000,853,8784.485095338205,5219.384796453004,1.93,1270.98,161.16097938537598,157.48976852416993,-568.4754608154296,0.6449242830276489,0.5382512763142586,,,,,,,,
940000,853,8784.485095338205,5219.384796453004,1.93,1270.98,251.40750480651855,253.35388221740723,-568.8139416503906,0.6643685102462769,0.5516499304771423,,,,,,,,
941000,854,8815.228158514974,5233.810549574041,1.93,1273.98,411.9403689575195,416.07202339172363,-566.602445678711,0.6750139594078064,0.5420673650503158,,,,,,,,
942000,855,8817.906972859579,5233.501958918312,1.93,1274.29,347.1912060546875,353.6185417175293,-570.8540759277344,0.664039134979248,0.5519704496860505,,,,,,,,
943000,856,8831.726323878263,5239.965765761311,1.93,1275.97,277.9826547241211,281.4628034210205,-570.5558557128907,0.682438313961029,0.5392641457915306,,,,,,,,
944000,856,8831.726323878263,5239.965765761311,1.93,1275.97,178.84827644348144,179.2735745239258,-569.1128149414062,0.6690163016319275,0.550291291475296,,,,,,,,
945000,857,8948.451809790613,5307.881559994266,1.95,1288.31,194.39294151306152,197.61485916137696,-569.0254309082031,0.6392685770988464,0.555298599600792,,,,,,,,
946000,857,8948.451809790613,5307.881559994266,1.95,1288.31,209.80698135375977,206.94732414245607,-568.5454089355469,0.6425626873970032,0.5474796128273011,,,,,,,,
947000,858,9045.028815960633,5369.327546648258,1.96,1298.5,235.75904724121094,228.05691257476806,-568.0791180419922,0.6363280415534973,0.5520371735095978,,,,,,,,
948000,859,8999.142015183976,5346.786205138048,1.95,1292.8,217.11064918518068,214.2291975402832,-565.7208801269531,0.6403785943984985,0.5493893092870712,,,,,,,,
949000,859,8999.142015183976,5346.786205138048,1.95,1292.8,205.2839503479004,198.00559616088867,-565.596103515625,0.6636552810668945,0.5557338532805443,,,,,,,,
950000,860,9155.622059697846,5434.367847250384,1.97,1308.8,267.8304987335205,267.33426139831545,-567.3187115478515,0.6487736105918884,0.5580941167473793,,,,,,,,
951000,860,9155.622059697846,5434.367847250384,1.97,1308.8,245.01463104248046,242.94102561950683,-564.5132824707031,0.6680544018745422,0.5549276289343834,,,,,,,,
952000,860,9155.622059697846,5434.367847250384,1.97,1308.8,397.8489413452148,395.17633224487304,-568.6219787597656,0.6554713249206543,0.5394992074370384,,,,,,,,
953000,861,9243.331171577973,5485.184449235833,1.98,1317.41,244.6527889251709,245.20817749023436,-566.5440570068359,0.6558147072792053,0.5385911121964455,,,,,,,,
954000,862,9212.197598493138,5467.951801707222,1.98,1313.36,196.93635391235352,200.11004981994628,-568.1077447509765,0.6449828147888184,0.555520172715187,,,,,,,,
955000,863,9211.573984237091,5464.365783679117,1.98,1312.51,253.09777336120607,250.93994705200194,-565.3809130859376,0.6544331908226013,0.5616085547208786,,,,,,,,
956000,864,9210.240897426216,5467.687366200911,1.98,1313.91,237.9742811203003,256.5972061920166,-569.3346533203126,0.6723244786262512,0.5412219700217247,,,,,,,,
957000,865,9085.76818209464,5394.362767373788,1.96,1300.32,236.9449321746826,241.99646446228027,-567.6295715332031,0.647348940372467,0.5437502461671829,,,,,,,,
958000,866,9145.285157574217,5431.244545697367,1.97,1307.09,178.2430739593506,177.25570724487304,-565.8229571533203,0.6523500680923462,0.554748291671276,,,,,,,,
959000,866,9145.285157574217,5431.244545697367,1.97,1307.09,430.18058807373046,422.91850982666017,-565.8463745117188,0.6482986211776733,0.5442321953177452,,,,,,,,
960000,866,9145.285157574217,5431.244545697367,1.97,1307.09,378.47608627319335,377.8136793518066,-566.2118933105469,0.6620969772338867,0.5515398913621903,,,,,,,,
961000,867,9264.36217369342,5502.423511088658,1.98,1319.27,255.3259942626953,253.08534439086915,-567.5113800048828,0.6733081340789795,0.5368995994329453,,,,,,,,
962000,868,9218.493611624186,5477.100397963605,1.97,1313.61,238.60622413635255,234.9123857116699,-567.0206201171875,0.645499587059021,0.5420432975888252,,,,,,,,
963000,869,9280.120336270369,5511.507282789295,1.98,1319.77,335.7473770904541,330.5227404022217,-568.0121905517578,0.6521490216255188,0.5544374659657478,,,,,,,,
964000,869,9280.120336270369,5511.507282789295,1.98,1319.77,362.27056365966797,361.69823223114014,-567.9227380371094,0.6377609968185425,0.5608899858593941,,,,,,,,
965000,870,9363.908558790654,5559.586592101015,1.99,1330.08,285.5976020431519,295.6911854553223,-568.69986328125,0.6592234373092651,0.5499897283315659,,,,,,,,
966000,870,9363.908558790654,5559.586592101015,1.99,1330.08,255.55237854003906,265.8647992706299,-566.9401281738282,0.6637831926345825,0.5500544759631157,,,,,,,,
967000,870,9363.908558790654,5559.586592101015,1.99,1330.08,221.34176437377928,209.44071899414064,-570.6930828857422,0.6520967483520508,0.5534713512659073,,,,,,,,
968000,871,9623.0715843809,5711.593281835406,2.02,1354.73,186.86269966125488,186.50360260009765,-569.8191485595703,0.6463977098464966,0.5368897676467895,,,,,,,,
969000,872,9657.1866547929,5730.560940406681,2.02,1359.37,345.6824885559082,341.66836109161375,-568.8152581787109,0.6429116725921631,0.5583047267794609,,,,,,,,
970000,873,9634.941895144162,5719.330484145961,2.02,1356.6,256.55659713745115,268.3047486114502,-568.7239752197265,0.6462110280990601,0.5460557180643082,,,,,,,,
971000,874,9564.726351611018,5679.078883563535,2.01,1348.84,169.75994384765625,163.40718070983885,-567.7939001464844,0.6572452187538147,0.554767500758171,,,,,,,,
972000,874,9564.726351611018,5679.078883563535,2.01,1348.84,227.3171413421631,221.70475128173828,-568.5436151123047,0.6414629220962524,0.5411120143532753,,,,,,,,
973000,876,9371.428910315235,5562.940369299579,1.99,1326.15,340.4652719116211,339.54990230560304,-572.9193914794922,0.6658484935760498,0.5391327077150345,,,,,,,,
974000,877,9327.894178470999,5539.819858140318,1.98,1321.27,209.49919189453124,207.79867485046387,-567.5868572998047,0.6690355539321899,0.5449327430129052,,,,,,,,
975000,878,9253.445895781198,5495.259751752012,1.97,1312.32,206.35685470581055,209.50963272094725,-569.0641827392578,0.656890332698822,0.5553461533784866,,,,,,,,
976000,879,9245.165006916293,5490.535860044511,1.97,1310.96,279.9212712097168,274.24682723999024,-570.0267498779297,0.649249255657196,0.5444262710213661,,,,,,,,
977000,879,9245.165006916293,5490.535860044511,1.97,1310.96,278.5357978820801,279.7651921081543,-569.0554541015625,0.650995135307312,0.5496241709589959,,,,,,,,
978000,880,9285.372534489798,5515.528822237996,1.97,1316.32,326.2583061218262,322.4851775360107,-569.2686334228515,0.6716369390487671,0.554660068154335,,,,,,,,
979000,881,9374.88979046518,5568.312806397561,1.98,1323.88,272.1623998260498,266.2767879486084,-570.0292572021484,0.6602024435997009,0.5524978083372116,,,,,,,,
980000,881,9374.88979046518,5568.312806397561,1.98,1323.88,290.7144457244873,284.8709006500244,-573.4037786865234,0.6397823095321655,0.5546037766337395,,,,,,,,
981000,882,9315.56492974906,5531.514165257117,1.97,1319.2,218.11032508850099,219.88593460083007,-567.8816320800781,0.6693090796470642,0.5491539451479912,,,,,,,,
982000,883,9307.16840736352,5524.053750585449,1.97,1317.64,282.2457837677002,284.5160241699219,-569.8003967285156,0.6511288285255432,0.5512348037958145,,,,,,,,
983000,884,9346.90536060764,5547.642438139941,1.98,1321.54,308.1751877593994,313.9079870605469,-567.7812042236328,0.6540887951850891,0.5530090260505677,,,,,,,,
984000,884,9346.90536060764,5547.642438139941,1.98,1321.54,349.80806915283205,357.70886947631834,-571.4752893066407,0.6605778336524963,0.5565149557590484,,,,,,,,
985000,885,9349.36657619622,5545.444810991578,1.98,1321.83,306.0562490081787,311.9301220703125,-571.6158654785156,0.6419899463653564,0.5556397297978402,,,,,,,,
986000,886,9351.728681689405,5547.007669090596,1.98,1321.99,214.57232597351074,209.3728243255615,-569.6149096679687,0.6683425307273865,0.5563471800088883,,,,,,,,
987000,886,9351.728681689405,5547.007669090596,1.98,1321.99,251.4870233154297,263.4938161468506,-568.6753601074219,0.6568227410316467,0.5512113589048385,,,,,,,,
988000,887,9349.828915493981,5546.1809680395445,1.98,1320.68,240.06485984802245,239.2288018798828,-568.6181762695312,0.6753982901573181,0.5444857057929039,,,,,,,,
989000,888,9416.020315214966,5580.731987261341,1.99,1327.02,224.78630523681642,223.36181007385255,-570.0575280761718,0.6627085208892822,0.5317678362131119,,,,,,,,
990000,888,9416.020315214966,5580.731987261341,1.99,1327.02,157.77618003845214,156.60724754333495,-571.5015258789062,0.6741768717765808,0.5670181381702423,,,,,,,,
991000,889,9354.857585634581,5546.210866296818,1.98,1320.93,353.8118423461914,349.94193885803224,-570.1942486572266,0.6837494969367981,0.5418106102943421,,,,,,,,
992000,890,9336.416657508116,5533.013805386847,1.98,1318.03,327.2414655303955,315.181996307373,-569.2735357666015,0.6620385646820068,0.5467369782924653,,,,,,,,
993000,891,9351.349175537069,5542.345392308194,1.98,1321.23,346.1507356262207,348.2453842926025,-567.8651873779297,0.6386195421218872,0.5588717117905617,,,,,,,,
994000,891,9351.349175537069,5542.345392308194,1.98,1321.23,250.62308799743653,243.50178688049317,-570.3706121826172,0.6546708941459656,0.5633112293481827,,,,,,,,
995000,892,9342.507548934951,5539.037811711435,1.98,1320.03,229.29752113342286,230.54557174682617,-568.9212670898437,0.6650500297546387,0.5599147948622704,,,,,,,,
996000,893,9323.86509806683,5529.799452079112,1.98,1318.75,297.1941976928711,298.33285598754884,-571.2129864501953,0.6467633247375488,0.5548174372315406,,,,,,,,
997000,893,9323.86509806683,5529.799452079112,1.98,1318.75,339.2026464080811,356.3403495788574,-573.1393280029297,0.6769924163818359,0.5398355501890183,,,,,,,,
998000,894,9387.847820104,5568.547663683782,1.99,1324.51,227.73634048461915,226.58483940124512,-571.4164770507813,0.6553811430931091,0.5322684308886528,,,,,,,,
999000,895,9431.20773352264,5589.806415602752,2.0,1328.91,312.76197235107423,312.95952629089356,-572.090224609375,0.6637724041938782,0.5492970672249794,,,,,,,,
